{"type": "Feature","bbox": [4.5089,60.6712,8.3295,62.2104],"geometry": {"type": "MultiPolygon","coordinates": [[[[4.9422,60.8818,17.2083],[4.9438,60.8812,13.9799],[4.9453,60.8828,5.8645],[4.9438,60.8833,7.6512],[4.9422,60.8818,17.2083]]],
[[[4.9193,60.9005,4.8219],[4.9151,60.9016,10.4211],[4.9188,60.8979,14.0104],[4.9203,60.8984,15.463],[4.9193,60.9005,4.8219]]],
[[[4.9547,60.9078,0.0],[4.9578,60.9089,3.839],[4.9578,60.912,0.0],[4.9547,60.913,8.5613],[4.9536,60.9161,19.7505],[4.9505,60.9172,14.9599],[4.9495,60.9203,9.4475],[4.9443,60.9234,11.938],[4.9432,60.9266,0.0],[4.9224,60.937,39.9667],[4.9083,60.9375,11.9142],[4.9026,60.9349,32.0736],[4.9005,60.9307,0.0],[4.9042,60.9271,0.0],[4.9,60.9229,5.3318],[4.9005,60.9193,0.0],[4.9036,60.9182,13.09],[4.9026,60.9151,0.0],[4.9141,60.9141,0.0],[4.9151,60.9109,3.4301],[4.9224,60.9099,6.794],[4.9234,60.9047,14.0222],[4.9266,60.9036,12.4607],[4.9286,60.8943,0.0],[4.9214,60.8932,2.6775],[4.9208,60.8917,0.0],[4.9245,60.8891,18.5417],[4.9255,60.8859,10.8598],[4.9328,60.8859,32.6545],[4.9339,60.8911,0.0],[4.9354,60.8917,0.0],[4.938,60.888,17.0466],[4.9438,60.8854,0.0],[4.9479,60.8875,15.3],[4.9521,60.8854,0.0],[4.9578,60.8859,0.0],[4.9599,60.8932,15.1076],[4.95,60.8937,32.5235],[4.9443,60.8964,0.0],[4.9458,60.8979,0.0],[4.9557,60.8984,14.8023],[4.9563,60.9042,12.5884],[4.9547,60.9078,0.0]]],
[[[4.8875,60.9271,2.7983],[4.8891,60.9349,0.0],[4.8859,60.9359,0.0],[4.8849,60.9411,0.0],[4.8651,60.9505,20.149],[4.8661,60.9536,0.0],[4.8646,60.9542,0.0],[4.8583,60.9542,8.7384],[4.8526,60.9516,0.0],[4.8526,60.9484,0.0],[4.8557,60.9474,0.0],[4.8568,60.9422,10.8043],[4.8599,60.9411,0.0],[4.8589,60.938,0.0],[4.8646,60.9375,5.2895],[4.8703,60.9349,0.0],[4.8672,60.9328,0.0],[4.8672,60.9297,0.0],[4.8729,60.9271,13.9687],[4.8771,60.9292,9.1002],[4.8854,60.925,1.343],[4.8875,60.9271,2.7983]]],
[[[4.8578,60.9307,10.6958],[4.8505,60.9339,0.0],[4.8495,60.9391,0.0],[4.8464,60.9401,4.2128],[4.8474,60.9432,0.0],[4.8417,60.9458,6.0109],[4.8375,60.9458,2.5399],[4.8188,60.9375,24.9278],[4.8146,60.9396,3.2257],[4.8005,60.9391,22.5656],[4.7995,60.9359,7.8902],[4.7859,60.9328,0.0],[4.7839,60.9234,2.3749],[4.787,60.9224,0.0],[4.788,60.9193,4.9513],[4.8036,60.9161,7.4358],[4.812,60.912,0.0],[4.8146,60.9083,0.0],[4.8229,60.9083,0.0],[4.825,60.9104,0.0],[4.8245,60.912,0.0],[4.8172,60.9151,7.689],[4.8172,60.9182,5.6708],[4.825,60.9208,0.0],[4.8307,60.9182,8.9601],[4.8297,60.913,6.8261],[4.8333,60.9104,0.0],[4.8297,60.9078,0.0],[4.8276,60.9005,0.0],[4.8307,60.8995,4.3256],[4.8318,60.8964,0.0],[4.8401,60.8922,3.933],[4.85,60.8917,2.8186],[4.8583,60.8875,22.7004],[4.8708,60.8896,0.0],[4.8734,60.8859,2.0699],[4.8807,60.8828,0.0],[4.8776,60.8807,3.1755],[4.8786,60.8776,9.1953],[4.8729,60.8771,0.0],[4.8708,60.875,0.0],[4.8714,60.8714,0.0],[4.8786,60.8661,19.8061],[4.8776,60.863,0.0],[4.8958,60.8583,0.0],[4.9083,60.8583,6.8883],[4.9125,60.8563,1.2305],[4.9286,60.8568,13.0546],[4.9255,60.8599,0.0],[4.9286,60.8609,0.0],[4.9307,60.8724,0.0],[4.9234,60.8776,0.0],[4.9224,60.8828,19.4548],[4.9193,60.8839,27.8264],[4.9161,60.8891,0.0],[4.9089,60.8922,8.1068],[4.9078,60.8995,0.0],[4.9047,60.9005,20.1762],[4.9057,60.9057,0.0],[4.8891,60.9141,0.0],[4.8792,60.9167,12.8309],[4.875,60.9125,0.0],[4.8568,60.913,0.0],[4.8583,60.9146,3.5063],[4.8724,60.9151,0.0],[4.8688,60.9188,0.0],[4.8703,60.9245,0.0],[4.8672,60.9255,0.0],[4.8661,60.9286,0.0],[4.8578,60.9307,10.6958]]],
[[[4.8266,60.9516,0.0],[4.8234,60.9526,11.4727],[4.8224,60.9557,8.5046],[4.8167,60.9562,6.6596],[4.8083,60.9604,13.7848],[4.8026,60.9599,3.4561],[4.8016,60.9547,0.0],[4.7984,60.9536,3.323],[4.8042,60.95,0.0],[4.8125,60.95,3.9193],[4.8167,60.9479,0.0],[4.8266,60.9516,0.0]]],
[[[4.8401,60.9724,5.9371],[4.838,60.9693,4.6623],[4.8438,60.9667,2.8144],[4.8516,60.9693,10.1783],[4.8458,60.9729,6.1674],[4.8401,60.9724,5.9371]]],
[[[4.832,60.975,3.6249],[4.8375,60.9729,8.3821],[4.8458,60.9771,2.9614],[4.8599,60.9797,18.6733],[4.8625,60.9833,14.1962],[4.862,60.987,18.4528],[4.8521,60.9917,0.0],[4.8396,60.9917,7.2119],[4.8276,60.987,0.0],[4.8266,60.9839,1.5794],[4.8151,60.9828,9.6067],[4.8151,60.9797,11.8691],[4.8234,60.9755,0.0],[4.832,60.975,3.6249]]],
[[[5.0078,60.9307,0.0],[5.0005,60.9359,84.0245],[5.0036,60.9391,0.0],[5.0016,60.9453,4.6212],[5.0,60.9458,11.6785],[4.9901,60.9453,0.0],[4.987,60.9401,0.0],[4.9813,60.9375,0.0],[4.9755,60.938,22.4505],[4.9646,60.9437,19.4193],[4.9589,60.9432,4.6854],[4.9589,60.938,0.0],[4.9625,60.9354,14.518],[4.962,60.9339,9.156],[4.9568,60.9328,0.0],[4.9563,60.9271,0.0],[4.9599,60.9245,0.0],[4.9589,60.9193,0.0],[4.9661,60.9161,2.6374],[4.963,60.9141,0.0],[4.962,60.9089,14.1147],[4.9589,60.9078,0.0],[4.9604,60.9,0.0],[4.9641,60.8974,4.9589],[4.9651,60.8943,0.0],[4.9724,60.8911,5.7645],[4.9714,60.888,0.0],[4.9745,60.887,0.0],[4.9714,60.8849,0.0],[4.9703,60.8818,0.0],[4.9672,60.8807,0.0],[4.9646,60.875,4.3942],[4.9651,60.8693,0.0],[4.9682,60.8682,0.0],[4.9693,60.863,18.491],[4.9745,60.8599,19.3373],[4.9755,60.8568,0.0],[4.9786,60.8557,2.2726],[4.9797,60.8526,0.0],[4.9828,60.8516,12.0753],[4.9854,60.8479,12.1773],[4.9896,60.8479,22.2229],[4.9938,60.8458,0.0],[4.9979,60.8458,0.0],[5.0021,60.8479,0.0],[5.0146,60.8479,6.2226],[5.0188,60.8458,0.0],[5.0271,60.8458,0.0],[5.037,60.8484,8.7131],[5.0349,60.8557,0.0],[5.0318,60.8568,19.7771],[5.0307,60.8641,0.0],[5.0276,60.8651,24.7012],[5.0286,60.8703,0.0],[5.0214,60.8755,13.751],[5.0245,60.8776,0.0],[5.0271,60.8833,11.9168],[5.0266,60.8891,0.0],[5.0193,60.8943,39.4841],[5.0245,60.8964,0.0],[5.025,60.8979,0.0],[5.0245,60.9016,0.0],[5.0214,60.9026,18.7531],[5.0245,60.9047,0.0],[5.0214,60.9068,23.5408],[5.0224,60.912,0.0],[5.0151,60.9172,27.9545],[5.0146,60.9208,0.0],[5.0161,60.9245,0.0],[5.0089,60.9276,23.7475],[5.0078,60.9307,0.0]]],
[[[4.9734,60.9464,0.0],[4.9849,60.9464,5.6918],[4.9849,60.9516,0.0],[4.9708,60.9521,0.0],[4.9667,60.95,2.6846],[4.9609,60.9516,0.0],[4.9609,60.9484,8.2566],[4.9708,60.9479,0.0],[4.9734,60.9464,0.0]]],
[[[5.0563,60.9583,34.3289],[5.0599,60.9589,7.0725],[5.0599,60.9599,0.0],[5.0563,60.9604,8.5149],[5.0563,60.9583,34.3289]]],
[[[5.012,61.0068,0.0],[5.0078,61.0099,0.0],[4.9979,61.0125,0.0],[4.9833,61.0125,6.92],[4.975,61.0083,0.0],[4.9667,61.0083,0.0],[4.9583,61.0125,9.8656],[4.9542,61.0125,5.1664],[4.95,61.0104,0.9795],[4.9417,61.0104,17.3155],[4.9375,61.0083,61.5457],[4.9333,61.0104,12.0278],[4.9297,61.0078,20.7973],[4.9286,61.0047,18.5549],[4.9255,61.0036,0.0],[4.9229,60.9938,0.0],[4.9266,60.9911,6.6474],[4.9276,60.988,0.0],[4.9307,60.987,7.4898],[4.9297,60.9776,7.3142],[4.9328,60.9766,14.2868],[4.9339,60.9734,30.5101],[4.9438,60.9708,0.0],[4.9495,60.9714,18.5669],[4.9521,60.975,0.0],[4.9563,60.9729,0.0],[4.9875,60.9729,0.0],[5.0,60.9771,13.0398],[5.0042,60.975,0.0],[5.0208,60.975,0.0],[5.025,60.9729,0.0],[5.037,60.9734,0.0],[5.037,60.9766,0.0],[5.0339,60.9776,0.0],[5.0328,60.9807,0.0],[5.0255,60.9839,0.0],[5.0245,60.987,0.0],[5.0161,60.9911,0.0],[4.988,60.9922,0.0],[4.9938,60.9958,10.1805],[5.0042,60.9958,0.0],[5.0083,60.9938,0.0],[5.0182,60.9943,0.0],[5.0151,60.9964,23.1649],[5.0141,61.0016,7.9981],[5.0109,61.0026,0.0],[5.012,61.0068,0.0]]],
[[[4.912,60.9505,16.4304],[4.913,60.9536,5.5488],[4.9161,60.9547,0.0],[4.9182,60.9578,0.0],[4.9083,60.9625,18.421],[4.9042,60.9625,20.2547],[4.9,60.9604,6.8866],[4.8839,60.9599,0.0],[4.9036,60.9516,4.7821],[4.9063,60.9479,44.7155],[4.912,60.9505,16.4304]]],
[[[4.8688,60.9604,9.7635],[4.8672,60.9599,8.2114],[4.8672,60.9568,8.6343],[4.8729,60.9542,19.585],[4.8786,60.9547,15.215],[4.8786,60.9578,18.5749],[4.8729,60.9604,25.1669],[4.8688,60.9604,9.7635]]],
[[[4.9688,60.9646,0.0],[4.9646,60.9646,2.3407],[4.9521,60.9688,0.0],[4.9479,60.9667,27.6082],[4.9438,60.9688,0.0],[4.9396,60.9667,21.385],[4.9318,60.9661,0.0],[4.9313,60.9625,0.0],[4.9333,60.9604,0.0],[4.9391,60.9599,3.6601],[4.9401,60.9526,13.6654],[4.95,60.9521,0.0],[4.9542,60.9542,0.0],[4.9625,60.9542,0.0],[4.9724,60.9568,4.7807],[4.9745,60.9589,22.7914],[4.9745,60.962,10.6425],[4.9688,60.9646,0.0]]],
[[[4.9078,61.0557,0.0],[4.9047,61.0568,0.0],[4.9036,61.0661,20.6178],[4.8964,61.0693,36.4423],[4.8943,61.0714,0.0],[4.8932,61.0766,0.0],[4.8917,61.0771,0.0],[4.8714,61.0766,0.0],[4.8745,61.0734,0.0],[4.8672,61.0682,0.0],[4.8688,61.0667,20.0358],[4.8786,61.0661,0.0],[4.8734,61.062,36.4711],[4.8724,61.0589,15.7826],[4.8693,61.0578,0.0],[4.8724,61.0557,13.0407],[4.8745,61.0474,26.0259],[4.8714,61.0443,5.3822],[4.8771,61.0417,11.6414],[4.8896,61.0417,13.846],[4.8938,61.0438,10.1734],[4.9016,61.0443,0.0],[4.9057,61.0464,7.1012],[4.9078,61.0557,0.0]]],
[[[4.8432,60.862,18.0801],[4.8375,60.8625,23.4373],[4.8354,60.8604,46.1192],[4.8375,60.8583,8.0068],[4.8432,60.862,18.0801]]],
[[[4.863,60.8693,19.6357],[4.8578,60.8724,0.0],[4.8479,60.875,2.1856],[4.8422,60.8745,8.2905],[4.85,60.8688,2.8847],[4.8542,60.8688,17.2437],[4.8583,60.8667,3.666],[4.8661,60.8672,0.0],[4.863,60.8693,19.6357]]],
[[[4.8172,60.8776,8.3005],[4.8203,60.8776,0.0],[4.8203,60.8786,0.0],[4.8188,60.8792,0.0],[4.8172,60.8776,8.3005]]],
[[[4.8161,60.8797,12.6651],[4.8146,60.8812,22.0126],[4.8089,60.8807,11.3272],[4.8104,60.8792,11.4319],[4.8161,60.8797,12.6651]]],
[[[4.8151,60.8651,8.3371],[4.7958,60.8729,9.2117],[4.7875,60.8729,21.9167],[4.7854,60.8708,14.3294],[4.7938,60.8646,19.5152],[4.8,60.8667,17.7543],[4.8125,60.8625,12.0418],[4.8182,60.863,13.0433],[4.8151,60.8651,8.3371]]],
[[[4.7568,60.8797,2.8549],[4.7599,60.8797,2.5395],[4.7599,60.8807,0.0],[4.7583,60.8812,1.3838],[4.7568,60.8797,2.8549]]],
[[[4.7234,60.8818,6.881],[4.725,60.8812,12.3567],[4.7266,60.8828,0.0],[4.725,60.8833,12.5695],[4.7234,60.8818,6.881]]],
[[[4.8036,60.9089,11.3405],[4.8021,60.9104,14.3218],[4.7964,60.9099,13.9971],[4.7979,60.9083,4.349],[4.8036,60.9089,11.3405]]],
[[[4.538,61.0318,12.4126],[4.5411,61.0318,3.3916],[4.5411,61.0328,3.136],[4.5396,61.0333,14.5556],[4.538,61.0318,12.4126]]],
[[[4.7141,61.0547,10.8219],[4.7141,61.062,12.3972],[4.7068,61.063,7.0382],[4.7057,61.0661,0.0],[4.7026,61.0672,25.2747],[4.7026,61.0703,42.8248],[4.7078,61.0745,15.8398],[4.7047,61.0755,42.5917],[4.7036,61.0807,20.8537],[4.7021,61.0812,30.7313],[4.6938,61.0812,0.0],[4.6776,61.0766,0.0],[4.6766,61.0693,33.4634],[4.663,61.0641,30.8751],[4.662,61.0609,25.354],[4.6547,61.0599,39.0997],[4.6521,61.0521,3.4086],[4.6521,61.0458,22.4728],[4.6526,61.0443,20.1091],[4.6583,61.0438,15.6113],[4.6604,61.0417,0.0],[4.6583,61.0396,0.0],[4.6505,61.0391,6.1318],[4.65,61.0292,19.4721],[4.6536,61.0266,17.6492],[4.6526,61.0214,3.8367],[4.6641,61.0161,15.6708],[4.6651,61.013,6.6074],[4.6682,61.012,4.6695],[4.6682,61.0068,4.9247],[4.663,61.0047,10.4497],[4.6688,61.0021,0.0],[4.6745,61.0016,0.0],[4.6786,60.9995,11.2027],[4.6813,60.9958,7.0652],[4.6911,60.9964,0.0],[4.6922,60.9995,0.0],[4.6958,61.0021,0.0],[4.6995,60.9995,0.0],[4.6964,60.9964,0.0],[4.7104,60.9896,13.3862],[4.7203,60.9901,0.0],[4.7214,60.9953,24.8858],[4.7292,60.9958,0.0],[4.7349,60.9984,0.0],[4.7354,61.0042,0.0],[4.738,61.0099,0.0],[4.7438,61.0104,0.0],[4.7458,61.0125,23.6383],[4.7453,61.0161,24.7586],[4.7422,61.0172,15.6117],[4.7438,61.0208,4.3187],[4.7432,61.0245,0.0],[4.7401,61.0255,0.0],[4.7391,61.0307,71.4812],[4.7266,61.037,27.1881],[4.7193,61.038,8.0826],[4.7203,61.0411,0.0],[4.713,61.0443,36.9513],[4.712,61.0474,0.0],[4.7047,61.0505,45.4843],[4.7089,61.0536,0.0],[4.7141,61.0547,10.8219]]],
[[[4.5161,61.0359,6.9239],[4.5146,61.0375,1.6753],[4.5089,61.037,-0.2469],[4.5104,61.0354,0.0],[4.5161,61.0359,6.9239]]],
[[[4.7708,61.0292,23.5684],[4.7693,61.0255,13.6239],[4.775,61.0229,0.0],[4.7807,61.0234,5.9144],[4.7792,61.0313,0.0],[4.7828,61.0339,4.7427],[4.7854,61.0417,3.6656],[4.7849,61.0453,15.2384],[4.7776,61.0484,61.121],[4.7766,61.0536,11.2715],[4.7724,61.0557,7.0],[4.7609,61.0557,0.0],[4.7599,61.0526,0.0],[4.7563,61.05,0.0],[4.7604,61.0458,38.4319],[4.7589,61.0422,26.056],[4.762,61.0411,40.4644],[4.763,61.0359,8.1524],[4.7661,61.0349,19.4213],[4.7672,61.0318,17.4208],[4.7708,61.0292,23.5684]]],
[[[4.8083,61.0938,0.0],[4.8068,61.0922,0.0],[4.8141,61.0901,28.8727],[4.8141,61.0932,0.0],[4.8083,61.0938,0.0]]],
[[[4.8104,61.0979,5.94],[4.8083,61.1,34.8737],[4.8063,61.0979,4.2399],[4.8083,61.0958,10.4722],[4.8104,61.0979,5.94]]],
[[[4.8243,61.1025,21.0366],[4.8245,61.1036,0.0],[4.8214,61.1036,62.9735],[4.8214,61.1026,35.1383],[4.8243,61.1025,21.0366]]],
[[[4.8208,61.1063,24.3395],[4.8188,61.1083,7.0913],[4.8167,61.1063,112.1326],[4.8188,61.1042,103.805],[4.8208,61.1063,24.3395]]],
[[[4.9167,61.2104,17.716],[4.8958,61.2146,1.8789],[4.8932,61.2109,16.3318],[4.8839,61.2099,0.0],[4.8833,61.2021,0.0],[4.8818,61.1995,0.0],[4.8849,61.1974,0.0],[4.8859,61.1943,0.0],[4.8891,61.1932,33.4733],[4.8901,61.1901,0.0],[4.8932,61.1891,22.7669],[4.8943,61.1859,0.0],[4.9016,61.1828,35.9758],[4.8995,61.1755,24.9644],[4.8922,61.1724,0.0],[4.8901,61.1693,0.0],[4.8938,61.1667,32.7023],[4.8943,61.1568,0.0],[4.9036,61.1516,0.0],[4.9036,61.1484,75.6219],[4.9005,61.1464,0.0],[4.9078,61.1432,0.0],[4.9083,61.1396,11.0269],[4.9063,61.1333,0.0],[4.9099,61.1307,11.8502],[4.9099,61.1276,0.0],[4.9042,61.1271,0.0],[4.9,61.1292,8.9727],[4.8943,61.1276,17.5219],[4.8943,61.1328,3.0],[4.9016,61.137,0.0],[4.8943,61.1401,0.5],[4.8958,61.1437,21.5736],[4.8953,61.1474,20.8984],[4.888,61.1484,0.0],[4.8891,61.162,0.0],[4.8859,61.163,56.3439],[4.8849,61.1661,21.5952],[4.8776,61.1693,13.0],[4.8828,61.1714,11.2615],[4.8828,61.1745,0.0],[4.8792,61.1771,89.2389],[4.8828,61.1807,0.0],[4.8729,61.1854,37.1539],[4.8688,61.1854,43.1847],[4.8646,61.1875,17.117],[4.8589,61.187,4.4653],[4.8589,61.1818,9.1193],[4.8661,61.1776,0.0],[4.8609,61.1766,2.7475],[4.8609,61.1714,0.0],[4.8641,61.1703,27.6393],[4.8646,61.1667,32.5186],[4.8578,61.1609,40.4866],[4.8521,61.1583,0.0],[4.8479,61.1625,4.823],[4.8396,61.1625,0.148],[4.8313,61.1583,33.8223],[4.825,61.1583,47.8769],[4.8179,61.1546,0.0],[4.8109,61.1536,0.0],[4.8125,61.1521,0.0],[4.8182,61.1516,18.4467],[4.8188,61.1479,27.786],[4.8182,61.1464,0.0],[4.813,61.1453,22.8089],[4.8104,61.1417,12.7074],[4.7979,61.1417,13.3117],[4.7938,61.1396,0.0],[4.7828,61.1453,5.9237],[4.7797,61.1453,2.9828],[4.7797,61.1422,3.9731],[4.7828,61.1411,0.0],[4.7807,61.1359,0.0],[4.7693,61.1307,10.2406],[4.775,61.1271,12.2716],[4.7875,61.1271,0.0],[4.7932,61.1297,0.0],[4.7901,61.1318,2.2818],[4.7901,61.1349,9.1454],[4.7958,61.1354,0.0],[4.8016,61.1328,0.0],[4.8026,61.1297,0.0],[4.8057,61.1286,0.0],[4.8068,61.1214,18.1104],[4.8167,61.1208,16.4177],[4.8182,61.1224,12.836],[4.8151,61.1245,11.8765],[4.8182,61.1266,17.8274],[4.8151,61.1286,26.1173],[4.8182,61.1297,16.8943],[4.8208,61.1333,0.0],[4.8203,61.137,0.0],[4.8172,61.138,11.1976],[4.8172,61.1411,5.2208],[4.8245,61.1411,0.0],[4.8255,61.1339,0.0],[4.8292,61.1312,0.0],[4.8276,61.1276,0.0],[4.8313,61.125,25.1516],[4.8234,61.1193,0.0],[4.8266,61.1182,10.3893],[4.8292,61.1125,6.375],[4.8297,61.1068,0.0],[4.8328,61.1057,84.7783],[4.8339,61.1005,35.271],[4.837,61.0995,45.8226],[4.8318,61.0974,0.0],[4.8313,61.0958,13.1566],[4.8318,61.0901,4.3631],[4.8354,61.0875,6.204],[4.8333,61.0833,0.0],[4.8333,61.0771,20.2946],[4.8411,61.0714,30.7632],[4.8292,61.0667,38.7145],[4.825,61.0667,0.0],[4.8234,61.0682,0.0],[4.8266,61.0703,4.394],[4.8214,61.0734,4.3246],[4.8203,61.0786,0.0],[4.813,61.0797,0.0],[4.812,61.0849,23.1117],[4.8063,61.0854,31.6316],[4.8021,61.0833,37.3279],[4.7922,61.0839,28.432],[4.7917,61.0917,7.1189],[4.7938,61.0979,4.1238],[4.7917,61.1,3.9543],[4.7792,61.0979,75.8079],[4.775,61.1,8.1047],[4.7646,61.0958,157.1726],[4.7604,61.0979,7.9201],[4.7583,61.0958,6.1699],[4.7578,61.0901,113.3698],[4.7526,61.0891,35.0372],[4.7516,61.0859,0.0],[4.7458,61.0854,54.6802],[4.7417,61.0875,38.7943],[4.7375,61.0875,24.4507],[4.7359,61.087,23.4203],[4.7349,61.0818,106.5194],[4.7297,61.0786,0.0],[4.737,61.0745,23.6005],[4.738,61.0693,49.0391],[4.7411,61.0682,52.6453],[4.7411,61.0651,128.1132],[4.7359,61.063,60.3209],[4.7391,61.062,65.6933],[4.7396,61.0521,3.5017],[4.7432,61.0495,34.8958],[4.7422,61.0464,14.3724],[4.7516,61.0464,0.0],[4.7526,61.0516,3.2546],[4.7563,61.0542,0.0],[4.7521,61.0583,51.4309],[4.7542,61.0604,36.5064],[4.7604,61.0583,23.3865],[4.7672,61.062,13.1657],[4.7729,61.0625,7.0],[4.7745,61.062,7.0],[4.7755,61.0568,7.0],[4.7813,61.0563,0.0],[4.7911,61.0589,13.2464],[4.788,61.062,34.632],[4.7938,61.0625,0.0],[4.7964,61.0589,11.7554],[4.7995,61.0578,12.9977],[4.8005,61.0547,11.6974],[4.8104,61.05,20.0216],[4.8161,61.0526,0.0],[4.8167,61.0542,0.0],[4.813,61.0568,23.2248],[4.813,61.0599,47.3154],[4.8208,61.0604,21.582],[4.8245,61.0578,16.4502],[4.8255,61.0547,0.0],[4.8286,61.0536,20.6672],[4.8297,61.0505,0.0],[4.8479,61.0458,14.4227],[4.8536,61.0484,0.0],[4.8547,61.0516,0.0],[4.8599,61.0526,4.505],[4.8599,61.0578,0.0],[4.8568,61.0589,20.1687],[4.8563,61.0625,0.0],[4.8568,61.0641,8.1566],[4.862,61.0651,0.0],[4.8589,61.0672,50.2305],[4.862,61.0703,15.245],[4.8589,61.0724,57.7408],[4.862,61.0734,7.2428],[4.863,61.0786,3.3528],[4.8682,61.0797,12.0656],[4.8953,61.0922,0.0],[4.8964,61.0953,38.1095],[4.9042,61.1,0.0],[4.9083,61.1,25.461],[4.9141,61.0974,5.1757],[4.913,61.0943,0.0],[4.9161,61.0932,0.0],[4.9172,61.088,11.7562],[4.9203,61.087,47.3313],[4.9208,61.0812,0.0],[4.9188,61.0771,0.0],[4.9188,61.0708,0.0],[4.9224,61.0682,0.0],[4.9255,61.063,0.0],[4.9286,61.062,5.0871],[4.9286,61.0589,13.3665],[4.9255,61.0568,17.7251],[4.9354,61.0563,6.2238],[4.937,61.0568,6.2424],[4.9396,61.0646,24.4594],[4.9401,61.0724,24.7954],[4.9495,61.0755,0.0],[4.9547,61.0828,19.0638],[4.9792,61.0875,0.0],[4.9859,61.0911,10.0406],[4.9938,61.0917,0.0],[5.0047,61.0974,79.8187],[5.0182,61.1005,0.0],[5.0182,61.1036,0.0],[5.0151,61.1057,55.912],[5.0224,61.1089,0.0],[5.025,61.1146,0.0],[5.0208,61.1188,33.684],[5.025,61.1229,0.0],[5.0224,61.1307,0.0],[5.0188,61.1333,7.8327],[5.0208,61.1437,0.0],[5.0167,61.1479,61.3273],[5.0182,61.1557,0.0],[5.0109,61.1589,50.0666],[5.0099,61.1682,56.75],[5.0036,61.1724,0.0],[4.9979,61.1729,0.0],[4.9922,61.1755,49.0639],[4.9953,61.1776,32.5319],[4.9964,61.1807,0.0],[4.9995,61.1818,0.0],[4.9984,61.187,0.0],[5.0016,61.188,0.0],[5.0016,61.1953,98.9978],[4.9917,61.2,187.7663],[4.9833,61.2,172.7281],[4.9708,61.2042,107.9922],[4.9583,61.2042,28.6802],[4.9557,61.2005,64.6239],[4.9505,61.1974,19.2551],[4.9578,61.1932,25.8744],[4.9589,61.188,0.0],[4.9661,61.187,11.7494],[4.9729,61.1833,0.0],[4.9813,61.1833,12.4535],[4.9833,61.1813,0.0],[4.9828,61.1797,0.0],[4.9755,61.1786,38.0668],[4.9708,61.175,0.0],[4.9625,61.175,26.6108],[4.9599,61.1786,22.5961],[4.9568,61.1797,25.7209],[4.9578,61.1849,19.9694],[4.9495,61.1891,38.5168],[4.9464,61.1891,16.9122],[4.9443,61.1818,0.0],[4.9516,61.1766,20.4592],[4.9521,61.1729,12.16],[4.9516,61.1714,0.0],[4.9464,61.1703,0.0],[4.95,61.1667,54.5857],[4.9458,61.1625,21.3492],[4.9542,61.1563,88.6348],[4.9516,61.1526,21.9329],[4.9484,61.1516,0.0],[4.9479,61.1479,0.0],[4.9484,61.1464,0.0],[4.9557,61.1432,41.3105],[4.9505,61.1411,0.0],[4.95,61.1333,27.9921],[4.9479,61.1312,0.0],[4.9458,61.1333,0.0],[4.9458,61.1417,0.0],[4.9432,61.1516,0.0],[4.9359,61.1568,52.1477],[4.9375,61.1625,39.2023],[4.9333,61.1667,37.198],[4.9349,61.1766,2.5281],[4.9276,61.1797,11.7811],[4.9271,61.1813,6.3791],[4.9276,61.1891,9.818],[4.937,61.1922,0.0],[4.937,61.1974,13.0077],[4.9297,61.2005,32.1931],[4.9234,61.2047,22.1634],[4.9224,61.2078,10.9527],[4.9167,61.2104,17.716]]],
[[[4.8771,61.2,3.8006],[4.8792,61.2021,0.0],[4.8755,61.2047,14.6232],[4.8745,61.2099,0.0],[4.8604,61.2167,17.0645],[4.8547,61.2141,0.0],[4.8547,61.2089,18.6438],[4.862,61.2078,0.0],[4.863,61.2047,16.4021],[4.8703,61.2036,26.5178],[4.8693,61.2005,0.0],[4.8771,61.2,3.8006]]],
[[[4.8766,61.2776,17.842],[4.8766,61.2807,44.6531],[4.8734,61.2807,25.9704],[4.8734,61.2776,13.3749],[4.8766,61.2776,17.842]]],
[[[4.9161,61.3036,0.0],[4.9083,61.3042,11.2456],[4.9068,61.3026,13.64],[4.9146,61.3021,15.6894],[4.9161,61.3036,0.0]]],
[[[5.0479,61.1625,373.209],[5.0438,61.1646,282.9294],[5.0354,61.1646,400.0604],[5.0313,61.1667,274.9868],[5.0234,61.1661,38.5958],[5.0234,61.163,0.0],[5.0266,61.162,29.34],[5.0276,61.1589,0.0],[5.0313,61.1563,89.5689],[5.0255,61.1516,25.533],[5.0245,61.1484,18.4001],[5.0214,61.1474,0.0],[5.0292,61.1417,0.0],[5.0271,61.1354,0.0],[5.0313,61.1312,19.3571],[5.0297,61.1214,0.0],[5.0396,61.1188,0.0],[5.0521,61.1188,13.0277],[5.0563,61.1167,0.0],[5.0646,61.1167,12.9301],[5.0688,61.1146,0.0],[5.0792,61.1167,7.5404],[5.0833,61.1146,0.0],[5.0875,61.1146,0.0],[5.0974,61.1193,0.0],[5.0995,61.1266,0.0],[5.0922,61.1318,0.0],[5.0911,61.1349,0.0],[5.0839,61.138,92.9185],[5.0807,61.1432,0.0],[5.0651,61.1505,71.7902],[5.0641,61.1557,34.9658],[5.0609,61.1568,203.5485],[5.062,61.1599,30.186],[5.0479,61.1625,373.209]]],
[[[5.0458,61.1958,356.5513],[5.0313,61.1958,348.334],[5.0271,61.1979,170.7122],[5.0255,61.1974,112.4942],[5.0229,61.1896,25.6885],[5.0234,61.188,0.0],[5.0307,61.1849,66.3142],[5.0318,61.1797,7.1125],[5.038,61.1755,0.0],[5.0479,61.1729,0.0],[5.0682,61.1734,0.0],[5.0682,61.1786,0.0],[5.0646,61.1813,21.0372],[5.0667,61.1854,0.0],[5.0661,61.1932,35.3268],[5.0563,61.1958,306.7176],[5.0458,61.1958,356.5513]]],
[[[4.9849,61.2286,1.7187],[4.9792,61.2292,7.9392],[4.9776,61.2276,10.9289],[4.9833,61.2271,7.1772],[4.9849,61.2286,1.7187]]],
[[[4.9755,61.3818,0.0],[4.9833,61.3812,0.0],[4.9849,61.3828,0.0],[4.975,61.3875,9.1649],[4.9651,61.387,20.1969],[4.9672,61.3839,0.0],[4.9755,61.3818,0.0]]],
[[[5.0146,61.375,0.0],[5.0141,61.3766,0.0],[5.0083,61.3792,12.3302],[4.9958,61.3812,17.1164],[4.9932,61.3776,39.2462],[4.988,61.3766,0.0],[4.987,61.3714,32.0162],[4.9828,61.3693,11.6111],[4.9667,61.3688,0.0],[4.9583,61.3729,29.975],[4.9443,61.3734,4.1554],[4.9401,61.3755,13.2938],[4.9375,61.3792,16.5426],[4.9125,61.3792,0.0],[4.9109,61.3786,4.0022],[4.9104,61.375,3.1592],[4.913,61.3714,0.0],[4.9161,61.3703,0.0],[4.9161,61.3672,12.3159],[4.9089,61.3641,4.2702],[4.9078,61.3609,11.8499],[4.9026,61.3599,3.2125],[4.8932,61.3547,0.0],[4.8797,61.3536,0.0],[4.8792,61.3479,0.0],[4.8828,61.3453,19.2772],[4.8839,61.3422,0.0],[4.8938,61.3375,0.0],[4.9313,61.3333,9.428],[4.9453,61.3266,22.5292],[4.9464,61.3234,0.0],[4.9495,61.3214,0.0],[4.9474,61.3193,16.3257],[4.9417,61.3187,23.6367],[4.9401,61.3172,11.3289],[4.9474,61.3161,10.7118],[4.95,61.3125,6.4709],[4.9557,61.313,25.6444],[4.9625,61.3167,0.0],[4.9688,61.3167,0.0],[4.9771,61.3208,0.0],[4.9813,61.3208,0.0],[4.9854,61.3187,0.0],[4.9896,61.3208,1.2758],[4.9938,61.3187,0.0],[5.0021,61.3187,0.0],[5.0083,61.3208,13.2983],[5.0125,61.3187,0.0],[5.0146,61.3208,0.0],[5.0109,61.3234,0.0],[5.0125,61.325,0.0],[5.0333,61.325,0.0],[5.0391,61.3234,0.0],[5.0417,61.3271,0.0],[5.0411,61.3307,7.148],[5.0297,61.3318,3.7263],[5.0255,61.3339,0.0],[5.0245,61.337,0.0],[5.0214,61.338,0.0],[5.0208,61.3417,0.0],[5.0229,61.3458,0.0],[5.0193,61.3495,0.0],[5.0266,61.3505,0.0],[5.0286,61.3557,0.0],[5.0214,61.3609,76.1979],[5.0203,61.3661,20.86],[5.0167,61.3688,0.0],[5.0182,61.3724,0.0],[5.0146,61.375,0.0]]],
[[[4.8833,61.3688,0.0],[4.875,61.3688,0.0],[4.8734,61.3672,9.8899],[4.887,61.3672,14.0296],[4.8833,61.3688,0.0]]],
[[[4.9214,61.3932,0.0],[4.913,61.3901,28.1761],[4.9328,61.3901,0.0],[4.9271,61.3937,14.2885],[4.9214,61.3932,0.0]]],
[[[4.9214,61.4964,9.561],[4.9229,61.4958,11.5791],[4.9245,61.4974,1.9197],[4.9214,61.4974,17.5368],[4.9214,61.4964,9.561]]],
[[[4.9505,61.5255,14.7711],[4.9474,61.5307,0.0],[4.9401,61.5318,70.1399],[4.9333,61.5354,75.4486],[4.9292,61.5354,72.2846],[4.9214,61.5328,5.5013],[4.9214,61.5297,6.89],[4.9245,61.5286,127.5175],[4.925,61.525,9.4876],[4.9245,61.5234,0.0],[4.9193,61.5224,8.5546],[4.9188,61.5208,6.7796],[4.9208,61.5187,0.0],[4.9266,61.5203,0.0],[4.9276,61.5151,3.9573],[4.9366,61.5107,0.0],[4.9432,61.5099,20.2348],[4.9443,61.5068,0.0],[4.9542,61.5062,7.5834],[4.9641,61.5016,0.0],[4.9641,61.4984,16.3016],[4.9625,61.4979,29.7325],[4.938,61.4995,3.1259],[4.9422,61.4964,0.0],[4.9604,61.4917,4.9607],[4.9682,61.4943,4.1903],[4.9693,61.4995,0.0],[4.9911,61.5089,3.7213],[4.9917,61.5125,8.9846],[4.9891,61.5161,11.4781],[4.9771,61.5167,4.5353],[4.9729,61.5146,0.0],[4.9703,61.5182,8.4157],[4.9578,61.5245,0.0],[4.9505,61.5255,14.7711]]],
[[[4.937,61.5755,13.515],[4.9354,61.5771,6.6508],[4.9297,61.5766,6.296],[4.9313,61.575,11.2578],[4.937,61.5755,13.515]]],
[[[4.9354,61.5854,7.1412],[4.9339,61.5849,7.1412],[4.9339,61.5818,0.0],[4.9411,61.5797,11.5598],[4.9411,61.5828,11.2282],[4.9354,61.5854,7.1412]]],
[[[4.9292,61.5979,10.8633],[4.9208,61.5979,5.3743],[4.9193,61.5964,7.9043],[4.9307,61.5964,3.7751],[4.9292,61.5979,10.8633]]],
[[[4.6901,61.1016,19.7147],[4.6901,61.0964,5.0069],[4.6958,61.0938,9.964],[4.7016,61.0964,0.0],[4.7036,61.1005,13.8177],[4.7021,61.1021,5.5554],[4.6901,61.1016,19.7147]]],
[[[4.7255,61.1047,45.921],[4.7271,61.1042,43.7871],[4.7286,61.1057,12.8607],[4.7271,61.1063,8.6876],[4.7255,61.1047,45.921]]],
[[[4.7188,61.1104,50.9562],[4.7292,61.1083,4.441],[4.7313,61.1104,10.9034],[4.7307,61.112,9.0377],[4.7224,61.1161,18.5228],[4.7167,61.1167,42.3405],[4.7109,61.1141,15.6884],[4.7083,61.1104,27.4131],[4.7104,61.1083,6.6448],[4.7146,61.1083,26.5831],[4.7188,61.1104,50.9562]]],
[[[4.7953,61.1141,7.6169],[4.7979,61.1125,0.0],[4.8036,61.113,0.0],[4.8005,61.1151,18.1699],[4.7995,61.1203,22.3992],[4.7974,61.1224,42.4618],[4.7901,61.1245,26.5386],[4.7875,61.1208,47.7782],[4.788,61.1151,14.5715],[4.7953,61.1141,7.6169]]],
[[[4.7234,61.1245,18.6617],[4.7224,61.1214,40.5463],[4.7193,61.1193,0.0],[4.7292,61.1188,21.1875],[4.7328,61.1234,0.0],[4.7313,61.125,10.6782],[4.7234,61.1245,18.6617]]],
[[[4.7651,61.1964,7.1397],[4.7682,61.1964,19.6402],[4.7682,61.1974,16.513],[4.7651,61.1974,4.65],[4.7651,61.1964,7.1397]]],
[[[4.7641,61.2161,0.0],[4.7583,61.2188,4.2969],[4.7526,61.2193,5.0992],[4.7458,61.2229,0.0],[4.7354,61.2229,14.7769],[4.7297,61.2203,4.1674],[4.7411,61.2141,3.1986],[4.7422,61.2089,7.0357],[4.7453,61.2078,31.4451],[4.7443,61.2047,6.3089],[4.7484,61.2026,0.0],[4.7604,61.2021,0.0],[4.7646,61.2042,0.0],[4.7745,61.1995,11.1087],[4.7734,61.1964,16.7465],[4.787,61.1964,17.3837],[4.787,61.1995,16.2023],[4.7797,61.2047,2.8098],[4.7786,61.2078,15.9755],[4.7688,61.2125,32.4439],[4.763,61.213,0.0],[4.7641,61.2161,0.0]]],
[[[4.6453,61.2911,12.0785],[4.6422,61.2922,11.8495],[4.6411,61.2953,4.284],[4.6313,61.2979,5.6577],[4.6271,61.2938,4.7185],[4.6167,61.2958,3.4421],[4.6109,61.2932,0.0],[4.6182,61.2891,0.0],[4.6188,61.2854,4.8239],[4.6172,61.2818,0.0],[4.6229,61.2792,1.3491],[4.6307,61.2797,0.0],[4.6318,61.2891,0.0],[4.6375,61.2875,7.0949],[4.6453,61.2911,12.0785]]],
[[[4.5943,61.2922,1.0001],[4.5958,61.2917,0.0],[4.5974,61.2932,0.7822],[4.5958,61.2938,4.9363],[4.5943,61.2922,1.0001]]],
[[[4.6755,61.288,3.2999],[4.6854,61.2875,0.0],[4.6911,61.2911,0.0],[4.6891,61.2953,0.0],[4.6818,61.2984,0.0],[4.6807,61.3036,0.0],[4.6708,61.3042,9.1403],[4.6651,61.3016,3.7258],[4.6625,61.2979,0.0],[4.6661,61.2953,2.9021],[4.6672,61.2901,0.0],[4.6755,61.288,3.2999]]],
[[[4.7359,61.3109,8.6023],[4.7307,61.3141,15.8411],[4.7208,61.3167,9.4714],[4.7063,61.3146,4.9321],[4.7005,61.312,9.459],[4.7,61.3104,6.199],[4.7036,61.3078,0.0],[4.7036,61.3047,0.0],[4.6943,61.3036,35.9328],[4.6901,61.3016,34.3808],[4.6896,61.2979,4.4603],[4.6932,61.2953,10.8262],[4.6943,61.2922,0.0],[4.7021,61.2875,1.8151],[4.7167,61.2875,6.2991],[4.7208,61.2896,3.1861],[4.725,61.2875,0.0],[4.7292,61.2896,0.0],[4.7333,61.2875,1.7201],[4.7417,61.2875,4.2941],[4.7458,61.2896,6.2617],[4.75,61.2896,9.0043],[4.7526,61.2859,5.9412],[4.7625,61.2854,5.5505],[4.7667,61.2833,0.0],[4.7786,61.288,6.7274],[4.7786,61.2911,9.9722],[4.7745,61.2932,11.9797],[4.7646,61.2958,15.1552],[4.7521,61.2958,14.6881],[4.738,61.3026,4.5167],[4.7375,61.3063,15.4529],[4.7391,61.3099,3.9506],[4.7359,61.3109,8.6023]]],
[[[4.7547,61.3193,75.6926],[4.7578,61.3182,106.067],[4.7568,61.3151,6.8459],[4.7583,61.3146,6.8459],[4.7813,61.3146,0.0],[4.7911,61.3193,31.705],[4.7932,61.3224,6.5252],[4.7875,61.325,7.3138],[4.7563,61.325,329.3303],[4.7542,61.3229,104.4022],[4.7547,61.3193,75.6926]]],
[[[4.812,61.1151,46.8686],[4.8089,61.113,0.0],[4.8161,61.1109,22.1485],[4.8161,61.1161,27.1846],[4.812,61.1151,46.8686]]],
[[[4.8276,61.2047,0.0],[4.8375,61.2,12.0122],[4.8432,61.2005,8.5557],[4.8443,61.2036,0.0],[4.8474,61.2047,0.0],[4.8495,61.2089,0.0],[4.8495,61.2141,0.0],[4.8396,61.2188,16.9097],[4.8297,61.2182,6.7912],[4.8193,61.212,0.0],[4.8224,61.2099,14.3939],[4.8234,61.2068,0.0],[4.8276,61.2047,0.0]]],
[[[4.8276,61.3443,8.2992],[4.8375,61.3396,18.0259],[4.85,61.3396,16.4288],[4.8557,61.3422,0.0],[4.8568,61.3453,3.3221],[4.862,61.3464,0.0],[4.8625,61.3521,23.9647],[4.8589,61.3547,21.1746],[4.8578,61.3578,8.4797],[4.8521,61.3583,0.0],[4.8276,61.3516,3.7972],[4.8307,61.3484,19.1322],[4.8276,61.3474,2.8345],[4.8276,61.3443,8.2992]]],
[[[4.8516,61.563,2.5516],[4.8542,61.5646,10.5282],[4.8583,61.5625,0.0],[4.8708,61.5667,5.032],[4.8813,61.5667,0.0],[4.8833,61.5687,33.7132],[4.8828,61.5703,12.9021],[4.8729,61.575,0.0],[4.8646,61.575,5.0128],[4.8604,61.5729,140.0809],[4.825,61.5729,6.307],[4.8167,61.5687,3.8033],[4.8021,61.5687,5.5152],[4.7979,61.5667,30.7197],[4.7938,61.5667,5.8091],[4.7911,61.563,3.4121],[4.7859,61.5609,2.561],[4.7958,61.5604,0.0],[4.8,61.5583,13.8077],[4.8104,61.5583,0.0],[4.8229,61.5625,8.8453],[4.8271,61.5604,0.0],[4.8354,61.5604,0.0],[4.8396,61.5625,6.2179],[4.8516,61.563,2.5516]]],
[[[7.7508,60.8309,1446.0791],[7.7474,60.8397,1515.9635],[7.7565,60.8405,1508.6387],[7.7548,60.8449,1521.1344],[7.7638,60.8457,1544.1686],[7.7604,60.8545,1572.2849],[7.7695,60.8554,1614.3491],[7.7678,60.8598,1525.3331],[7.7769,60.8606,1516.7988],[7.7752,60.865,1490.7],[7.7842,60.8658,1487.0436],[7.7825,60.8703,1500.579],[7.7916,60.8711,1524.5472],[7.7899,60.8755,1524.4297],[7.799,60.8763,1534.6871],[7.7973,60.8807,1522.916],[7.8155,60.8824,1601.1996],[7.8138,60.8868,1619.3309],[7.8228,60.8876,1619.4879],[7.8211,60.892,1530.9613],[7.8302,60.8928,1497.0779],[7.8285,60.8973,1579.0829],[7.8467,60.8989,1571.7701],[7.845,60.9033,1595.6993],[7.8541,60.9041,1665.4539],[7.8524,60.9085,1669.0184],[7.8706,60.9102,1618.2828],[7.8689,60.9146,1585.186],[7.9053,60.9179,1578.6991],[7.907,60.9135,1636.264],[7.9161,60.9143,1635.8145],[7.9177,60.9099,1667.8258],[7.9268,60.9107,1562.561],[7.9285,60.9063,1542.2526],[7.9467,60.9079,1567.2053],[7.9484,60.9035,1529.3907],[7.9575,60.9043,1665.4792],[7.9592,60.8999,1629.1249],[7.9683,60.9007,1662.558],[7.97,60.8963,1621.616],[7.9881,60.8979,1759.6388],[7.9898,60.8935,1722.2068],[7.9989,60.8943,1618.7737],[8.0006,60.8899,1634.6279],[8.0188,60.8916,1673.098],[8.0171,60.896,1718.0557],[8.0535,60.8992,1675.6661],[8.0518,60.9036,1639.5603],[8.0609,60.9044,1569.994],[8.0576,60.9133,1563.9314],[8.0667,60.9141,1472.2256],[8.065,60.9185,1438.9871],[8.0741,60.9193,1375.8959],[8.0724,60.9237,1420.333],[8.0815,60.9245,1452.95],[8.0799,60.9289,1487.6995],[8.089,60.9297,1364.443],[8.0873,60.9341,1385.9871],[8.0964,60.9349,1326.5],[8.0947,60.9394,1329.3333],[8.1038,60.9402,1326.5],[8.1022,60.9446,1326.5],[8.1113,60.9454,1326.5],[8.1096,60.9498,1326.5],[8.1187,60.9506,1326.5],[8.1171,60.955,1326.5],[8.1262,60.9558,1326.5],[8.1245,60.9602,1349.9357],[8.1336,60.961,1409.3668],[8.132,60.9654,1426.9449],[8.1411,60.9663,1463.1968],[8.1377,60.9751,1508.186],[8.1469,60.9759,1190.5129],[8.1452,60.9803,1181.7972],[8.1634,60.9819,1158.3239],[8.1651,60.9775,1186.938],[8.1833,60.9791,1365.6487],[8.185,60.9747,1488.7443],[8.1941,60.9755,1432.3236],[8.1958,60.9711,1534.272],[8.214,60.9727,1527.6143],[8.2157,60.9682,1556.1722],[8.2248,60.969,1494.708],[8.2215,60.9779,1358.3594],[8.2306,60.9787,1392.8931],[8.229,60.9831,1328.2155],[8.2381,60.9839,1322.6874],[8.2348,60.9927,1578.3936],[8.2439,60.9935,1525.951],[8.2406,61.0023,1437.9347],[8.2497,61.0031,1427.052],[8.2481,61.0075,1544.808],[8.2572,61.0083,1603.2897],[8.2539,61.0172,1604.2766],[8.263,61.018,1516.7592],[8.2614,61.0224,1282.2242],[8.2705,61.0232,1283.5621],[8.2639,61.0408,1469.6324],[8.2548,61.04,1553.5919],[8.2531,61.0444,1565.7593],[8.244,61.0437,1561.1023],[8.2423,61.0481,1780.733],[8.2332,61.0473,1730.3668],[8.2282,61.0605,1697.0665],[8.2374,61.0613,1664.509],[8.2357,61.0657,1636.6222],[8.2449,61.0665,1596.8833],[8.2432,61.0709,1491.9008],[8.2523,61.0717,1430.1139],[8.2507,61.0761,1416.3607],[8.2415,61.0754,1426.7385],[8.2382,61.0842,1459.8237],[8.2291,61.0834,1414.6285],[8.2274,61.0878,1415.0013],[8.2183,61.087,1454.1931],[8.2166,61.0914,1415.3134],[8.2075,61.0906,1414.4673],[8.2058,61.095,1415.3693],[8.1966,61.0942,1496.4338],[8.195,61.0986,1580.4005],[8.1858,61.0978,1670.4998],[8.1842,61.1023,1545.0688],[8.175,61.1015,1695.9515],[8.1733,61.1059,1592.7299],[8.1642,61.1051,1721.2208],[8.1608,61.1139,1513.3873],[8.1517,61.1131,1655.856],[8.15,61.1175,1484.2872],[8.1408,61.1167,1454.6853],[8.1392,61.1211,1482.1101],[8.13,61.1203,1633.5667],[8.1283,61.1247,1583.1652],[8.1192,61.1239,1602.4854],[8.1158,61.1327,1369.896],[8.1067,61.1319,1377.881],[8.1016,61.1452,1265.9021],[8.0925,61.1444,1303.5656],[8.0891,61.1532,1209.705],[8.0799,61.1524,1215.809],[8.0766,61.1612,1207.3411],[8.0674,61.1604,1144.0939],[8.0623,61.1736,977.4595],[8.0532,61.1728,934.798],[8.0464,61.1905,1182.5435],[8.0372,61.1897,1092.5146],[8.0304,61.2073,1140.0931],[8.0396,61.2081,1183.7891],[8.0362,61.2169,1326.2992],[8.0454,61.2178,1313.2988],[8.0403,61.231,1435.6599],[8.0495,61.2318,1421.8856],[8.0461,61.2406,1386.1455],[8.0553,61.2414,1340.152],[8.0536,61.2458,1370.7355],[8.0628,61.2467,1326.1381],[8.0611,61.2511,1290.1619],[8.0887,61.2535,1266.1932],[8.087,61.2579,1174.0488],[8.1146,61.2603,1168.401],[8.113,61.2647,1117.7809],[8.1314,61.2663,1337.2871],[8.1297,61.2708,1108.4614],[8.1389,61.2716,1105.0789],[8.1338,61.2848,1330.9692],[8.143,61.2856,1205.5211],[8.1413,61.29,1330.2175],[8.1506,61.2908,1285.1105],[8.1489,61.2952,1351.9202],[8.1581,61.296,1187.4536],[8.1564,61.3004,1181.1162],[8.1656,61.3013,1093.8044],[8.1639,61.3057,1114.2972],[8.2284,61.3113,1079.5],[8.2268,61.3157,1091.9048],[8.236,61.3165,1080.8816],[8.2343,61.3209,1088.9001],[8.2435,61.3217,1085.6995],[8.2402,61.3305,1134.5402],[8.2494,61.3313,1079.5],[8.2461,61.3401,1079.5],[8.2368,61.3393,1100.5178],[8.2352,61.3438,1079.5],[8.2167,61.3422,1123.6252],[8.2117,61.3554,1095.3608],[8.1748,61.3522,1309.843],[8.1714,61.361,1178.1511],[8.1622,61.3602,1225.6423],[8.1588,61.3691,1177.0],[8.1496,61.3683,1300.7096],[8.1462,61.3771,1177.0],[8.1554,61.3779,1177.0],[8.1368,61.4264,1521.2389],[8.1553,61.428,1893.4142],[8.1536,61.4324,1854.5973],[8.1814,61.4349,1733.4695],[8.1831,61.4304,1743.1938],[8.3125,61.4416,2035.639],[8.311,61.446,1851.3121],[8.3295,61.4476,1532.0786],[8.3195,61.4741,1536.4523],[8.3102,61.4733,1562.7869],[8.3068,61.4821,1714.2494],[8.2976,61.4813,1656.1033],[8.2942,61.4902,1589.0145],[8.285,61.4894,1592.6733],[8.2816,61.4982,1543.5519],[8.2723,61.4974,1680.2887],[8.269,61.5062,1889.5789],[8.2597,61.5054,2050.1279],[8.2546,61.5187,1692.0098],[8.2454,61.5179,1714.8854],[8.2352,61.5444,1543.2146],[8.2167,61.5428,1750.9501],[8.215,61.5472,1617.3524],[8.1871,61.5448,1726.4703],[8.1854,61.5492,1524.2317],[8.1576,61.5468,1486.9237],[8.1559,61.5512,1472.7578],[8.0909,61.5456,1795.2239],[8.0892,61.55,1778.1971],[8.0335,61.5451,1427.6766],[8.0318,61.5495,1381.424],[8.0132,61.5479,1473.8822],[8.0115,61.5523,1473.5859],[8.0022,61.5515,1453.8997],[8.0005,61.5559,1419.9198],[7.9912,61.5551,1383.8062],[7.9895,61.5595,1397.6892],[7.9616,61.5571,1367.244],[7.9599,61.5615,1415.6907],[7.9413,61.5598,1407.1185],[7.9361,61.5731,1403.0186],[7.9454,61.5739,1399.0493],[7.9315,61.6092,1265.6301],[7.9222,61.6083,1238.7435],[7.9153,61.626,1597.8591],[7.906,61.6252,1659.5763],[7.8938,61.656,1396.6709],[7.9031,61.6569,1415.9379],[7.8979,61.6701,1543.2346],[7.9072,61.6709,1540.89],[7.9037,61.6797,1626.094],[7.913,61.6805,1668.8263],[7.9043,61.7026,1372.1974],[7.9136,61.7034,1395.6868],[7.9049,61.7255,1427.4746],[7.8956,61.7246,1429.0524],[7.8938,61.729,1470.7692],[7.8845,61.7282,1535.3291],[7.8827,61.7326,1570.0928],[7.8641,61.731,1704.7145],[7.8623,61.7354,1744.1327],[7.853,61.7346,1694.6962],[7.8512,61.739,1815.597],[7.8419,61.7382,1938.0333],[7.8401,61.7426,1981.3038],[7.8215,61.7409,1661.2321],[7.8197,61.7453,1800.1772],[7.801,61.7437,1585.5273],[7.7993,61.7481,1613.2749],[7.7806,61.7464,1393.673],[7.7788,61.7508,1427.6001],[7.7601,61.7492,1902.5626],[7.7584,61.7536,1814.2104],[7.7397,61.7519,1549.0343],[7.7415,61.7475,1554.548],[7.6855,61.7425,2009.7026],[7.6873,61.7381,1793.6996],[7.6861,61.738,1874.7469],[7.6779,61.7373,1825.8986],[7.6761,61.7417,1597.2961],[7.6015,61.735,1425.625],[7.5997,61.7394,1476.2196],[7.4971,61.7301,1645.5083],[7.4917,61.7433,1312.0244],[7.501,61.7441,1320.7954],[7.4938,61.7617,1564.6431],[7.5031,61.7626,1575.7341],[7.4995,61.7714,1373.0389],[7.4902,61.7706,1290.4247],[7.4793,61.797,1728.1193],[7.47,61.7961,1584.6827],[7.4591,61.8226,1414.4969],[7.4497,61.8217,1378.0276],[7.4443,61.8349,1706.9856],[7.4349,61.8341,1624.3168],[7.4295,61.8473,1332.8391],[7.4201,61.8464,1310.3566],[7.3981,61.8993,1407.8098],[7.4075,61.9001,1437.5945],[7.4002,61.9177,1583.4675],[7.4096,61.9186,1462.4484],[7.4022,61.9362,1660.3927],[7.4116,61.937,1529.5922],[7.4043,61.9546,1229.5164],[7.4137,61.9555,1367.939],[7.4082,61.9687,1128.5579],[7.4176,61.9696,1123.0721],[7.412,61.9828,1613.8513],[7.4027,61.9819,1597.1481],[7.399,61.9907,1234.0017],[7.3896,61.9899,1161.6567],[7.3877,61.9943,1146.3796],[7.3783,61.9934,1182.9977],[7.3765,61.9978,1382.7133],[7.3671,61.997,1204.5535],[7.3634,62.0058,1362.0623],[7.354,62.0049,1518.5625],[7.3522,62.0093,1208.298],[7.3427,62.0085,1500.988],[7.3409,62.0129,1181.3386],[7.3221,62.0111,1359.6687],[7.3202,62.0155,1359.7786],[7.2544,62.0095,1639.1108],[7.247,62.0271,1384.5862],[7.2376,62.0262,1593.718],[7.2338,62.035,1471.4321],[7.1962,62.0316,1617.4501],[7.2018,62.0184,1403.8831],[7.1642,62.0149,1346.6326],[7.1623,62.0193,1409.5079],[7.1529,62.0184,1268.254],[7.1548,62.014,1474.136],[7.0984,62.0088,1432.4437],[7.1003,62.0044,1658.8264],[7.0815,62.0026,1638.2032],[7.0834,61.9982,1407.1461],[7.074,61.9973,1345.8486],[7.0759,61.9929,1211.0773],[7.0665,61.9921,1233.1094],[7.0684,61.9877,1032.1846],[7.059,61.9868,974.9747],[7.0609,61.9824,859.1899],[7.0139,61.978,959.1041],[7.0121,61.9824,1197.431],[6.9839,61.9797,1559.6508],[6.982,61.9841,1451.4891],[6.9445,61.9806,891.8562],[6.9425,61.985,1156.8467],[6.9332,61.9841,1296.2118],[6.9351,61.9797,1181.1796],[6.8694,61.9735,1048.199],[6.8713,61.9691,904.1212],[6.8526,61.9673,1156.119],[6.8545,61.9629,1034.9229],[6.817,61.9593,787.1413],[6.815,61.9637,883.931],[6.7963,61.962,869.6727],[6.7924,61.9707,1440.5616],[6.7831,61.9698,983.0],[6.7754,61.9874,1072.2284],[6.766,61.9865,899.272],[6.7582,62.0041,710.3062],[6.7489,62.0032,1075.4045],[6.7431,62.0164,507.938],[6.7337,62.0155,506.9153],[6.7259,62.033,495.346],[6.7165,62.0321,628.3373],[6.7107,62.0453,1037.0933],[6.7013,62.0444,1034.7571],[6.6935,62.062,917.1499],[6.6841,62.0611,1206.0896],[6.6802,62.0699,1024.1113],[6.6614,62.0681,1223.1694],[6.6595,62.0725,1453.3347],[6.6407,62.0706,633.0],[6.6426,62.0663,705.7863],[6.6332,62.0653,675.2483],[6.6352,62.061,1024.2866],[6.6258,62.06,837.0164],[6.6277,62.0557,1248.7332],[6.5901,62.052,1311.9104],[6.5882,62.056399999999996,1328.8392],[6.5318,62.0509,1040.9407],[6.5338,62.0466,1038.2522],[6.515,62.0447,833.9158],[6.5189,62.0359,911.9282],[6.5095,62.035,1125.2625],[6.5135,62.0262,836.8375],[6.4384,62.0189,814.9011],[6.4404,62.0145,777.3042],[6.431,62.0136,716.3821],[6.433,62.0092,582.8353],[6.4236,62.0083,767.3448],[6.4275,61.9995,666.0247],[6.4182,61.9986,860.0056],[6.4202,61.9942,853.6824],[6.4108,61.9933,1032.8005],[6.4128,61.9889,1022.708],[6.4034,61.988,1062.4172],[6.4054,61.9836,1040.1058],[6.3866,61.9817,892.1267],[6.3886,61.9774,662.7407],[6.3699,61.9755,811.9102],[6.3719,61.9711,593.5338],[6.3531,61.9693,705.6118],[6.3551,61.9649,876.8768],[6.3364,61.963,640.4161],[6.3344,61.9674,536.597],[6.3157,61.9656,719.011],[6.3137,61.97,710.3826],[6.3043,61.969,755.5001],[6.2983,61.9822,420.5685],[6.289,61.9813,420.0917],[6.287,61.9856,455.8708],[6.2776,61.9847,446.4172],[6.2756,61.9891,484.2744],[6.2662,61.9882,600.6071],[6.2642,61.9925,618.4454],[6.2549,61.9916,767.3431],[6.2529,61.996,867.391],[6.2341,61.9941,973.8877],[6.2261,62.0117,783.5755],[6.2167,62.0107,592.9889],[6.2127,62.0195,717.8776],[6.1846,62.0167,660.4985],[6.1866,62.0123,640.3879],[6.1772,62.0114,651.7167],[6.1812,62.0026,450.1962],[6.1719,62.0017,436.7268],[6.1759,61.9929,481.8871],[6.1665,61.992,612.3771],[6.1686,61.9876,554.6846],[6.1405,61.9848,851.1437],[6.1465,61.9716,714.3564],[6.1372,61.9707,553.5223],[6.1412,61.9619,307.965],[6.0383,61.9515,773.5722],[6.0363,61.9559,782.4667],[6.0269,61.955,535.8073],[6.0188,61.9725,475.9651],[6.0094,61.9716,565.7863],[6.0013,61.9891,732.3309],[5.9825,61.9872,853.6496],[5.9805,61.9916,877.5308],[5.9711,61.9906,1020.9118],[5.9691,61.995,1183.7936],[5.8849,61.9864,748.4674],[5.8869,61.982,782.43],[5.8776,61.9811,733.0],[5.8796,61.9767,690.4525],[5.8609,61.9748,812.0],[5.863,61.9704,767.6652],[5.8069,61.9646,658.0882],[5.8048,61.969,463.6866],[5.7861,61.9671,555.5669],[5.7841,61.9715,756.676],[5.7747,61.9705,775.3755],[5.7726,61.9749,861.1766],[5.7539,61.973,818.034],[5.7519,61.9773,828.9667],[5.7425,61.9764,679.5],[5.7404,61.9807,687.2463],[5.7217,61.9788,838.2295],[5.7238,61.9744,697.6884],[5.7145,61.9735,801.7253],[5.7165,61.9691,656.5644],[5.7072,61.9681,857.8876],[5.7093,61.9637,635.737],[5.6999,61.9628,663.5],[5.6978,61.9671,880.1135],[5.6885,61.9662,803.3047],[5.6843,61.9749,806.5991],[5.6563,61.972,713.0985],[5.6584,61.9676,453.886],[5.565,61.9579,659.5368],[5.5629,61.9623,659.0283],[5.5535,61.9613,401.5],[5.5493,61.97,336.0],[5.54,61.9691,363.2535],[5.5379,61.9734,372.082],[5.5285,61.9724,314.0795],[5.5264,61.9768,299.599],[5.5171,61.9758,204.6939],[5.515,61.9802,204.0],[5.4683,61.9753,505.1153],[5.4598,61.9928,420.9334],[5.4972,61.9967,422.2285],[5.4951,62.0011,245.401],[5.5138,62.0031,325.2456],[5.5117,62.0074,455.8711],[5.5023,62.0065,184.3729],[5.4942,62.0229,3.5357],[5.4901,62.0224,0.0],[5.4875,62.0187,0.0],[5.4911,62.0161,0.0],[5.4911,62.0109,42.3047],[5.4854,62.0083,31.8032],[5.4734,62.0089,0.0],[5.4776,62.012,0.0],[5.4828,62.013,0.0],[5.4797,62.0161,0.0],[5.4828,62.0182,0.0],[5.4755,62.0224,41.0803],[5.4807,62.0234,0.0],[5.4818,62.0286,0.0],[5.4911,62.0318,0.0],[5.4911,62.0411,4.1162],[5.4854,62.0417,0.0],[5.4755,62.0464,29.7861],[5.4745,62.0495,0.0],[5.4714,62.0505,10.7378],[5.4724,62.0557,27.3031],[5.4682,62.0578,0.0],[5.4583,62.0583,6.8126],[5.4484,62.0609,0.0],[5.4443,62.063,0.0],[5.4432,62.0682,0.0],[5.4375,62.0708,23.2328],[5.4276,62.0714,0.0],[5.4266,62.0745,0.0],[5.4208,62.0771,9.3698],[5.4068,62.0776,2.9234],[5.4026,62.0797,16.133],[5.3974,62.087,0.0],[5.3891,62.0911,4.0785],[5.375,62.0938,1.1037],[5.3641,62.0995,0.0],[5.3583,62.1,0.0],[5.3526,62.1026,14.4066],[5.3521,62.1063,0.0],[5.3536,62.1099,0.0],[5.3458,62.1104,10.2463],[5.3375,62.1146,0.0],[5.3318,62.1151,1.1972],[5.3172,62.1234,0.0],[5.3161,62.1266,0.0],[5.313,62.1276,0.0],[5.3125,62.1354,0.0],[5.3151,62.1391,0.0],[5.3182,62.1401,0.0],[5.3182,62.1432,0.0],[5.3068,62.1484,12.9982],[5.3062,62.15,0.0],[5.3083,62.1521,0.0],[5.3188,62.1521,0.0],[5.3307,62.1568,0.0],[5.3276,62.1589,27.2338],[5.3266,62.162,68.6528],[5.3,62.1688,7.7345],[5.2938,62.1688,17.4288],[5.2896,62.1708,0.0],[5.2854,62.1688,0.0],[5.2813,62.1729,5.2807],[5.2547,62.1776,9.137],[5.2536,62.1807,0.0],[5.2464,62.1818,18.5838],[5.2453,62.1849,0.0],[5.238,62.188,0.0],[5.237,62.1911,0.0],[5.2297,62.1943,68.4451],[5.2313,62.1979,0.0],[5.2276,62.2005,45.2642],[5.2266,62.2036,42.6205],[5.2208,62.2062,121.3022],[5.2083,62.2062,142.3632],[5.2042,62.2083,55.9166],[5.1937,62.2083,155.5679],[5.1896,62.2104,103.4744],[5.1839,62.2078,67.2169],[5.1828,62.2047,30.4169],[5.1776,62.2016,29.2192],[5.1776,62.1984,5.521],[5.1833,62.1979,0.0],[5.1849,62.1964,0.0],[5.1729,62.1917,235.1941],[5.1604,62.1917,0.0],[5.1563,62.1896,0.0],[5.1521,62.1917,0.0],[5.1443,62.1922,163.0787],[5.1453,62.1953,0.0],[5.1438,62.1958,0.0],[5.1333,62.1958,379.1913],[5.1292,62.1979,247.1029],[5.125,62.1937,440.0824],[5.1021,62.1917,95.5801],[5.0943,62.187,5.042],[5.0943,62.1839,0.0],[5.1057,62.1786,0.0],[5.1068,62.1755,0.0],[5.1099,62.1745,0.0],[5.1109,62.1693,0.0],[5.1141,62.1682,0.0],[5.1125,62.1667,0.0],[5.0964,62.1641,56.8444],[5.0995,62.162,0.0],[5.0984,62.1589,0.0],[5.1057,62.1557,0.0],[5.1083,62.1521,41.5671],[5.1208,62.15,21.9825],[5.125,62.1479,0.0],[5.1313,62.1479,26.2277],[5.1453,62.1432,38.7467],[5.1401,62.1411,0.0],[5.1401,62.138,0.0],[5.1474,62.1349,38.3461],[5.1484,62.1318,0.0],[5.1557,62.1307,52.4225],[5.1568,62.1276,0.0],[5.1599,62.1266,0.0],[5.1521,62.1208,4.3955],[5.1479,62.1229,0.0],[5.1438,62.1229,0.0],[5.1396,62.1208,234.7549],[5.1354,62.1208,227.5867],[5.1271,62.125,16.3469],[5.1193,62.1245,124.3895],[5.1172,62.1109,0.0],[5.1203,62.1089,76.4812],[5.1172,62.1078,0.0],[5.1172,62.1026,71.1826],[5.1229,62.1,0.0],[5.1271,62.1021,101.9704],[5.1313,62.1,0.0],[5.1458,62.1021,55.0697],[5.15,62.1,0.0],[5.1542,62.1,0.0],[5.1583,62.1021,66.592],[5.1854,62.1021,48.1466],[5.1896,62.1,0.0],[5.1937,62.1021,99.2495],[5.1979,62.1,0.0],[5.2021,62.1021,23.0247],[5.2208,62.1021,0.0],[5.225,62.1042,26.6634],[5.2375,62.1021,1.5756],[5.2474,62.0974,0.0],[5.2484,62.0943,0.0],[5.2557,62.0932,4.4023],[5.2609,62.0859,0.0463],[5.2651,62.0839,0.0],[5.275,62.0812,0.0],[5.2833,62.0812,11.3681],[5.2875,62.0792,0.0],[5.2958,62.0792,13.9548],[5.3,62.0771,0.0],[5.3104,62.0771,50.1632],[5.3203,62.0724,41.2776],[5.3193,62.0693,0.0],[5.3359,62.0609,0.0],[5.3432,62.0599,48.7322],[5.3443,62.0505,0.0],[5.3474,62.0484,0.0],[5.3375,62.0417,2.5602],[5.338,62.0401,0.0],[5.3464,62.0359,1.7534],[5.3688,62.0354,0.0],[5.3729,62.0333,0.0],[5.3958,62.0333,0.0],[5.4141,62.0286,0.0],[5.4151,62.0234,0.0],[5.4224,62.0224,3.2597],[5.4214,62.0193,0.0],[5.4245,62.0182,0.0],[5.4188,62.0125,5.8602],[5.4146,62.0146,0.0],[5.4047,62.0151,0.0],[5.4036,62.0182,0.0],[5.3896,62.025,0.0],[5.3542,62.025,0.0],[5.3526,62.0255,0.0],[5.3516,62.0307,20.5834],[5.3458,62.0313,16.6671],[5.3443,62.0307,0.0],[5.3411,62.0193,75.2686],[5.338,62.0182,18.1062],[5.3359,62.0141,0.0],[5.3349,62.0068,45.0755],[5.3318,62.0057,0.0],[5.3292,62.0021,0.0],[5.3328,61.9995,17.5109],[5.3339,61.9943,0.0],[5.337,61.9932,79.8027],[5.337,61.9901,363.6505],[5.3234,61.9891,183.4254],[5.3193,61.987,31.6764],[5.3161,61.9797,0.0],[5.3089,61.9818,0.0],[5.3062,61.9854,0.0],[5.2896,61.9854,8.0581],[5.2792,61.9813,0.0],[5.275,61.9813,4.7584],[5.2651,61.9839,41.6935],[5.2641,61.9891,28.0929],[5.2568,61.9891,74.3127],[5.2568,61.9859,39.9266],[5.2599,61.9849,52.4348],[5.2609,61.9818,0.0],[5.2682,61.9807,87.973],[5.2932,61.9682,0.0],[5.2922,61.9651,0.0],[5.2995,61.962,0.0],[5.3,61.9604,0.0],[5.2995,61.9568,0.0],[5.2964,61.9557,0.0],[5.2938,61.9521,4.6938],[5.2859,61.9526,0.0],[5.2849,61.9557,0.0],[5.2792,61.9583,0.0],[5.2734,61.9589,0.0],[5.2651,61.963,0.0],[5.2661,61.9661,0.0],[5.263,61.9672,1.9365],[5.262,61.9724,0.0],[5.2438,61.9813,24.0632],[5.2354,61.9771,0.0],[5.1964,61.9766,0.0],[5.2036,61.9724,0.0],[5.2047,61.963,0.0],[5.2078,61.962,105.7899],[5.2057,61.9568,0.0],[5.2,61.9542,0.0],[5.1979,61.9562,0.0],[5.1995,61.9641,0.0],[5.1964,61.9651,35.8821],[5.1953,61.9724,0.0],[5.188,61.9776,73.2861],[5.1901,61.9807,0.0],[5.1932,61.9818,0.0],[5.1932,61.9849,16.3213],[5.1729,61.9854,71.6476],[5.163,61.9828,0.0],[5.162,61.9797,101.9497],[5.1568,61.9786,0.0],[5.1563,61.9771,0.0],[5.1563,61.9688,0.0],[5.1542,61.9646,0.0],[5.1578,61.962,0.0],[5.1578,61.9568,17.3547],[5.1484,61.9536,0.0],[5.1474,61.9464,0.0],[5.1422,61.9432,0.0],[5.1411,61.938,0.0],[5.138,61.937,9.7661],[5.1349,61.9318,0.0],[5.1276,61.9307,21.0984],[5.125,61.9208,34.201],[5.1297,61.9172,0.0],[5.137,61.9161,0.0],[5.1396,61.9125,3.008],[5.1438,61.9167,5.28],[5.1625,61.9167,1.6029],[5.1667,61.9146,0.0],[5.1708,61.9146,0.0],[5.175,61.9167,4.9048],[5.1807,61.9162,0.0],[5.1849,61.913,0.0],[5.1667,61.9125,0.0],[5.1625,61.9104,37.0335],[5.1563,61.9125,0.0],[5.15,61.9104,21.1904],[5.1505,61.9089,0.0],[5.1578,61.9057,8.0417],[5.1589,61.9026,11.4532],[5.1646,61.9,13.9545],[5.1745,61.8995,106.5872],[5.1771,61.8958,5.3109],[5.1854,61.8958,0.0],[5.1896,61.8979,0.0],[5.1974,61.8984,0.0],[5.2016,61.9005,7.1896],[5.2026,61.9036,63.8507],[5.212,61.9068,0.0],[5.213,61.9099,41.4935],[5.2188,61.9125,0.0],[5.2417,61.9104,0.0],[5.2458,61.9083,0.0],[5.25,61.9104,0.0],[5.2542,61.9083,0.0],[5.2583,61.9104,0.0],[5.2667,61.9104,0.0],[5.2708,61.9083,0.0],[5.2854,61.9125,14.4077],[5.2896,61.9125,0.0],[5.2938,61.9104,0.0],[5.2979,61.9125,0.0],[5.3083,61.9125,20.1811],[5.3208,61.9083,0.0],[5.325,61.9083,0.0],[5.3438,61.9146,0.0],[5.3578,61.9151,0.0],[5.3609,61.9182,0.0],[5.3734,61.9245,0.0],[5.387,61.9255,0.0],[5.3911,61.9276,0.0],[5.3938,61.9313,0.0],[5.4,61.9292,26.1726],[5.4083,61.9292,0.0],[5.4099,61.9307,0.0],[5.4068,61.9318,0.0],[5.4083,61.9333,0.0],[5.4125,61.9333,0.0],[5.4167,61.9354,0.0],[5.4271,61.9354,13.2869],[5.4313,61.9375,0.0],[5.4417,61.9375,0.0],[5.4458,61.9396,14.9459],[5.4557,61.937,0.0],[5.4505,61.9349,0.0],[5.4505,61.9318,6.7054],[5.4589,61.9276,25.5954],[5.4687,61.925,0.0],[5.4729,61.9271,0.0],[5.4875,61.9271,0.0],[5.5021,61.9313,0.0],[5.5089,61.9276,0.0],[5.5188,61.925,0.0],[5.5313,61.9271,0.0],[5.5354,61.925,0.0],[5.5437,61.925,17.7843],[5.5521,61.9208,0.0],[5.5563,61.9229,0.0],[5.5667,61.9229,0.0],[5.5708,61.9208,0.0],[5.5937,61.9208,0.0],[5.5979,61.9229,0.0],[5.6062,61.9229,0.0],[5.6312,61.9146,0.0],[5.6396,61.9146,8.443],[5.6438,61.9125,0.0],[5.6479,61.9125,0.0],[5.6521,61.9146,27.9028],[5.6583,61.9146,30.5928],[5.6625,61.9125,0.0],[5.6708,61.9125,0.0],[5.675,61.9104,0.0],[5.7146,61.9104,0.0],[5.7271,61.9146,17.9011],[5.7417,61.9146,0.0],[5.7458,61.9167,0.0],[5.7771,61.9167,0.0],[5.7813,61.9188,11.2921],[5.8042,61.9188,24.488],[5.8167,61.9146,0.0],[5.8208,61.9167,10.1354],[5.8354,61.9146,0.0],[5.8396,61.9167,0.0],[5.8437,61.9167,0.0],[5.8521,61.9125,0.0],[5.8708,61.9125,0.0],[5.875,61.9146,15.3562],[5.8833,61.9146,0.0],[5.8979,61.9188,11.978],[5.9021,61.9167,0.0],[5.9063,61.9167,0.0],[5.9104,61.9188,9.3479],[5.9146,61.9188,26.6975],[5.9187,61.9167,0.0],[5.9333,61.9167,19.2829],[5.9375,61.9146,0.0],[5.975,61.9125,0.0],[5.9891,61.9057,5.4897],[5.9896,61.9042,5.6921],[5.9812,61.8979,81.3962],[5.9771,61.9,0.0],[5.9729,61.8979,65.3487],[5.9688,61.8979,64.05],[5.9646,61.9,0.0],[5.9604,61.8979,61.9958],[5.9563,61.9,0.0],[5.8979,61.9,95.4487],[5.8938,61.9021,0.0],[5.8854,61.9021,0.0],[5.8812,61.9,39.0743],[5.8771,61.9021,0.0],[5.8667,61.8979,31.3509],[5.8583,61.8979,0.0],[5.8542,61.8958,137.1965],[5.8313,61.8958,238.4903],[5.8271,61.8979,146.7157],[5.8187,61.8979,191.618],[5.8146,61.9,35.3467],[5.8,61.8979,117.1502],[5.7958,61.9,0.0],[5.7917,61.9,0.0],[5.7792,61.8958,189.2003],[5.7458,61.8958,0.0],[5.7359,61.8922,8.6427],[5.7458,61.8875,0.0],[5.7542,61.8875,44.7313],[5.7568,61.8839,0.0],[5.7641,61.8828,0.0],[5.7651,61.8797,0.0],[5.7724,61.8766,44.0721],[5.7714,61.8734,7.0515],[5.7729,61.8729,0.0],[5.7771,61.8729,22.7278],[5.7813,61.8708,0.0],[5.8016,61.8703,0.0],[5.8099,61.8661,0.0],[5.8083,61.8604,74.0446],[5.8104,61.8583,66.8496],[5.8208,61.8583,0.0],[5.8276,61.862,0.0],[5.8411,61.8651,0.0],[5.8422,61.8682,29.5432],[5.8479,61.8708,0.0],[5.8557,61.8714,0.0],[5.8583,61.875,0.0],[5.8625,61.875,0.0],[5.8667,61.8729,0.0],[5.875,61.8771,109.2864],[5.8812,61.875,0.0],[5.8938,61.8792,124.4692],[5.9083,61.8792,0.0],[5.9125,61.8812,0.0],[5.9167,61.8812,0.0],[5.9208,61.8792,0.0],[5.9333,61.8792,149.4084],[5.9542,61.8729,0.0],[5.9729,61.8729,0.0],[5.9771,61.875,0.0],[5.9812,61.8729,0.0],[5.9958,61.8771,90.5993],[6.0,61.875,0.0],[6.0313,61.875,0.0],[6.0354,61.8771,96.2918],[6.0396,61.875,0.0],[6.0521,61.875,38.1104],[6.0563,61.8729,0.0],[6.0646,61.8729,0.0],[6.0703,61.8703,0.0],[6.0714,61.8672,0.0],[6.0786,61.8661,0.0],[6.0854,61.8625,0.0],[6.1146,61.8563,27.0357],[6.1172,61.8526,0.0],[6.1229,61.8521,75.9566],[6.1297,61.8484,0.0],[6.1396,61.8458,0.0],[6.1438,61.8458,0.0],[6.1479,61.8479,0.0],[6.1625,61.8479,0.0],[6.1667,61.85,36.1631],[6.1708,61.8479,0.0],[6.175,61.8479,0.0],[6.1896,61.8521,0.0],[6.2167,61.8542,0.0],[6.2312,61.8604,0.0],[6.2938,61.8604,0.0],[6.2979,61.8625,17.4751],[6.3229,61.8625,0.0],[6.3271,61.8604,0.0],[6.3375,61.8604,38.1373],[6.3474,61.8578,109.3992],[6.3464,61.8547,0.0],[6.3536,61.8536,0.0],[6.3714,61.8443,0.0],[6.3786,61.8432,123.618],[6.3854,61.8396,0.0],[6.3953,61.8391,130.1446],[6.3995,61.837,80.8728],[6.4021,61.8333,0.0],[6.4146,61.8333,24.6235],[6.4229,61.8292,0.0],[6.4542,61.8292,0.0],[6.4583,61.8312,0.0],[6.5208,61.8312,0.0],[6.5286,61.8359,0.0],[6.5297,61.8453,0.0],[6.5349,61.8484,0.0],[6.5318,61.8516,0.0],[6.537,61.8547,0.0],[6.5339,61.8578,12.3761],[6.537,61.8589,0.0],[6.538,61.8641,0.0],[6.5474,61.8693,0.0],[6.5505,61.8745,15.1459],[6.5693,61.8828,97.7929],[6.5854,61.8833,0.0],[6.5896,61.8854,0.0],[6.6125,61.8854,0.0],[6.6208,61.8896,37.407],[6.6354,61.8896,50.6595],[6.6396,61.8875,0.0],[6.6521,61.8875,31.6785],[6.6563,61.8854,0.0],[6.6604,61.8854,0.0],[6.6646,61.8875,69.7539],[6.6688,61.8854,0.0],[6.6792,61.8854,0.0],[6.6859,61.8891,47.8125],[6.6932,61.8901,0.0],[6.6953,61.8922,0.0],[6.6964,61.8995,44.6693],[6.7042,61.9021,0.9633],[6.7057,61.9016,0.0],[6.7047,61.8964,0.0],[6.7078,61.8953,55.5328],[6.7047,61.8932,0.0],[6.7083,61.8896,64.1592],[6.7068,61.8859,0.0],[6.7141,61.8828,142.0642],[6.7167,61.8792,0.0],[6.725,61.8792,0.0],[6.7292,61.8812,91.7551],[6.7333,61.8792,0.0],[6.7604,61.8792,10.0645],[6.7703,61.8766,0.0],[6.7771,61.8729,0.0],[6.7828,61.8724,31.4183],[6.7896,61.8688,0.0],[6.7938,61.8688,0.0],[6.7979,61.8708,46.6829],[6.8125,61.8708,0.0],[6.8208,61.875,0.0],[6.8354,61.875,0.0],[6.8453,61.8724,7.1205],[6.8432,61.8672,0.0],[6.8417,61.8667,30.6594],[6.8214,61.8661,0.0],[6.8245,61.863,0.0],[6.8151,61.8578,0.0],[6.8151,61.8547,0.0],[6.8182,61.8526,19.615],[6.813,61.8495,0.0],[6.812,61.8401,7.5695],[6.8042,61.8375,0.0],[6.8021,61.8396,0.0],[6.8036,61.8453,0.0],[6.7964,61.8484,10.3345],[6.7953,61.8516,0.0],[6.788,61.8526,34.413],[6.7854,61.8563,0.0],[6.7771,61.8563,21.1852],[6.7688,61.8604,0.0],[6.763,61.8609,28.4934],[6.7562,61.8646,0.0],[6.7354,61.8646,54.7879],[6.7313,61.8667,0.0],[6.7229,61.8667,50.7824],[6.7188,61.8688,0.0],[6.7063,61.8688,67.8016],[6.7021,61.8708,23.7389],[6.6917,61.8708,98.6201],[6.6875,61.8729,20.5581],[6.6734,61.8703,72.0022],[6.675,61.8688,185.6834],[6.6807,61.8682,292.1782],[6.6807,61.8651,566.8633],[6.6792,61.8646,567.157],[6.6646,61.8646,469.7079],[6.6589,61.8672,339.2983],[6.6563,61.8708,141.9415],[6.6438,61.8708,274.9957],[6.6354,61.8667,483.1774],[6.6292,61.8667,431.8846],[6.625,61.8646,486.6665],[6.6109,61.8651,332.4526],[6.6141,61.8672,144.8272],[6.6125,61.8688,35.7861],[6.5896,61.8688,0.0],[6.5839,61.8661,157.1151],[6.5839,61.863,84.6422],[6.5896,61.8604,0.0],[6.5953,61.8599,13.3055],[6.6,61.8563,0.0],[6.612,61.8557,9.7116],[6.6099,61.8484,0.0],[6.6026,61.8495,0.0],[6.6005,61.8453,0.0],[6.5964,61.8432,0.0],[6.5953,61.8401,10.7478],[6.5859,61.8391,0.0],[6.5818,61.837,0.0],[6.5807,61.8339,32.282],[6.5755,61.8328,27.9121],[6.5745,61.8297,123.2922],[6.5687,61.8312,17.9596],[6.563,61.8286,8.2145],[6.5568,61.8245,55.5121],[6.5557,61.8193,317.761],[6.538,61.8161,0.0],[6.537,61.813,0.0],[6.525,61.8083,0.0],[6.5063,61.8063,0.0],[6.5021,61.8042,36.4209],[6.4979,61.8063,0.0],[6.4875,61.8042,26.0059],[6.4833,61.8063,0.0],[6.475,61.8063,0.0],[6.4708,61.8042,38.6586],[6.4667,61.8063,0.0],[6.4438,61.8063,86.624],[6.4396,61.8083,42.3309],[6.4313,61.8083,111.2771],[6.4271,61.8104,30.2074],[6.4104,61.8104,159.1786],[6.4021,61.8146,0.0],[6.3938,61.8146,36.0335],[6.3839,61.8172,5.0106],[6.3688,61.825,0.0],[6.3547,61.8276,49.7137],[6.3505,61.8297,51.9036],[6.3516,61.8349,0.0],[6.35,61.8354,0.0],[6.3458,61.8354,19.0894],[6.3417,61.8375,0.0],[6.3188,61.8375,427.7753],[6.3063,61.8438,90.1926],[6.2542,61.8438,208.0682],[6.25,61.8417,281.7],[6.2396,61.8417,270.6851],[6.2313,61.8375,441.9439],[6.2125,61.8375,89.1074],[6.2042,61.8333,217.6182],[6.1979,61.8333,116.4119],[6.1938,61.8354,0.0],[6.1896,61.8333,18.1864],[6.1854,61.8333,11.0221],[6.1813,61.8354,0.0],[6.1771,61.8333,37.3285],[6.1583,61.8333,45.321],[6.15,61.8292,219.8556],[6.1229,61.8292,74.3774],[6.1047,61.8339,46.3189],[6.1036,61.837,42.3101],[6.0979,61.8375,121.2132],[6.0896,61.8417,57.1512],[6.0839,61.8411,68.7483],[6.0839,61.8359,110.5364],[6.0974,61.8286,0.0],[6.0984,61.8255,0.0],[6.1151,61.8172,0.0],[6.1292,61.8146,35.6032],[6.1318,61.8109,0.0],[6.1375,61.8104,19.5997],[6.1432,61.8078,0.0],[6.1495,61.8036,0.0],[6.1505,61.8005,0.0],[6.1578,61.7995,35.4401],[6.1547,61.7964,0.0],[6.1604,61.7958,27.0309],[6.1661,61.7932,19.9372],[6.1672,61.7901,0.0],[6.1734,61.7859,0.0],[6.1833,61.7833,0.0],[6.1938,61.7833,4.1026],[6.1979,61.7813,0.0],[6.212,61.7807,44.3267],[6.212,61.7776,0.0],[6.2099,61.7755,0.0],[6.2042,61.7729,3.0441],[6.1984,61.7724,11.9677],[6.1974,61.7693,1.3982],[6.1896,61.7667,1.4931],[6.1771,61.7667,0.0],[6.1672,61.7693,6.5002],[6.1604,61.7729,0.0],[6.1521,61.7729,0.0],[6.1479,61.775,0.0],[6.1396,61.775,1.8704],[6.1354,61.7771,0.0],[6.1313,61.7771,0.0],[6.1286,61.7807,0.0],[6.1214,61.7818,0.0],[6.1203,61.7849,0.0],[6.113,61.7859,4.9058],[6.112,61.7911,0.0],[6.1047,61.7943,107.0738],[6.1057,61.7974,0.0],[6.0901,61.8047,0.0],[6.0891,61.8078,0.0],[6.0818,61.8089,54.8603],[6.0776,61.8109,175.3164],[6.075,61.8146,185.1253],[6.0667,61.8146,428.8843],[6.0568,61.8172,620.197],[6.0568,61.8203,340.3819],[6.062,61.8224,50.7908],[6.0589,61.8234,79.8354],[6.0578,61.8286,0.0],[6.0505,61.8297,157.9651],[6.0516,61.8349,0.0],[6.025,61.8438,32.3447],[6.0188,61.8417,43.3191],[6.0104,61.8417,14.2199],[6.0063,61.8396,15.2234],[5.9943,61.8391,0.0],[5.9938,61.8354,0.0],[5.9974,61.8328,14.345],[5.9974,61.8276,239.7241],[5.9953,61.8234,141.5225],[5.9922,61.8224,-0.1125],[5.9891,61.813,35.0549],[5.9797,61.8099,0.0],[5.987,61.8026,71.994],[5.9839,61.8016,0.0],[5.9807,61.7943,0.0],[5.9776,61.7932,0.0],[5.975,61.7896,0.0],[5.9693,61.7922,0.0],[5.9682,61.7953,0.0],[5.9651,61.7974,0.0],[5.9682,61.7984,0.0],[5.9714,61.8078,0.0],[5.9745,61.8089,0.0],[5.9714,61.8109,0.0],[5.9724,61.8161,0.0],[5.9693,61.8182,0.0],[5.9724,61.8193,0.0],[5.9734,61.8224,0.0],[5.9786,61.8234,0.0],[5.9797,61.8328,0.0],[5.9849,61.8359,0.0],[5.9813,61.8396,3.3436],[5.9818,61.8411,27.2275],[5.987,61.8432,0.0],[5.9813,61.8458,55.1663],[5.9667,61.8479,189.8026],[5.9651,61.8474,228.2165],[5.9641,61.8422,559.2532],[5.9479,61.8375,818.579],[5.9438,61.8396,892.529],[5.9271,61.8396,1212.944],[5.9161,61.8453,937.7827],[5.9089,61.8464,930.3963],[5.9266,61.8526,128.0847],[5.9208,61.8563,34.4168],[5.9125,61.8563,145.3424],[5.9063,61.8542,373.0273],[5.9021,61.8563,234.1376],[5.8938,61.8563,194.1075],[5.8896,61.8583,0.0],[5.8854,61.8583,0.0],[5.8792,61.8563,0.0],[5.8792,61.8542,87.5907],[5.8625,61.8542,169.9183],[5.8604,61.8563,0.0],[5.862,61.8599,0.0],[5.8583,61.8604,0.0],[5.8484,61.8578,0.0],[5.8474,61.8547,0.0],[5.8422,61.8516,0.0],[5.8422,61.8484,33.1935],[5.8479,61.8458,422.5829],[5.8536,61.8453,654.3171],[5.8479,61.8417,847.0349],[5.8438,61.8438,552.7141],[5.8396,61.8417,701.8],[5.8208,61.8417,173.2879],[5.8167,61.8396,244.8631],[5.8125,61.8396,184.2563],[5.8083,61.8417,17.1497],[5.7937,61.8417,130.635],[5.7896,61.8438,23.8623],[5.7854,61.8438,9.7144],[5.7771,61.8396,323.9336],[5.7625,61.8396,176.8257],[5.7583,61.8375,409.8881],[5.7542,61.8375,385.5724],[5.75,61.8396,71.4644],[5.7417,61.8396,18.2382],[5.7375,61.8417,0.0],[5.7333,61.8417,0.0],[5.7318,61.8432,0.0],[5.75,61.8438,0.0],[5.7536,61.8464,0.0],[5.7547,61.8495,0.0],[5.7688,61.85,0.0],[5.7703,61.8516,35.5904],[5.7667,61.8542,0.0],[5.7521,61.8563,76.0274],[5.7479,61.8542,333.4702],[5.7411,61.8578,116.0691],[5.7339,61.8589,258.7329],[5.7333,61.8625,26.4478],[5.7349,61.8661,0.0],[5.7318,61.8672,0.0],[5.7307,61.8703,0.0],[5.7193,61.8755,15.8535],[5.7182,61.8786,0.0],[5.7,61.8833,157.5101],[5.6875,61.8833,260.6756],[5.6833,61.8854,148.3044],[5.675,61.8854,194.1808],[5.6708,61.8875,20.7925],[5.6521,61.8875,39.3706],[5.6438,61.8917,0.0],[5.6396,61.8917,6.0606],[5.6354,61.8937,0.0],[5.6271,61.8937,95.7884],[5.6146,61.8979,79.1454],[5.6021,61.8979,148.7509],[5.5875,61.8937,423.7323],[5.5729,61.8937,227.1155],[5.5688,61.8917,175.181],[5.5479,61.8896,0.0],[5.5438,61.8917,0.0],[5.5359,61.8922,0.9355],[5.537,61.8974,0.0],[5.5229,61.9042,163.8281],[5.5104,61.9042,159.3799],[5.5063,61.9063,0.0],[5.5,61.9063,0.0],[5.4958,61.9042,91.7619],[5.4917,61.9063,0.0],[5.4667,61.9063,0.0],[5.4484,61.9109,172.9932],[5.4417,61.9146,82.5288],[5.4271,61.9167,0.0],[5.4146,61.9125,146.0355],[5.4104,61.9146,0.0],[5.4063,61.9125,7.9735],[5.4,61.9125,0.0],[5.3917,61.9083,18.5987],[5.3875,61.9104,0.0],[5.3797,61.9078,0.0],[5.3786,61.9026,102.6771],[5.3495,61.8901,15.853],[5.3422,61.8891,0.0],[5.3396,61.8854,2.8425],[5.3359,61.8859,0.0],[5.3369,61.8891,0.0],[5.3313,61.8917,5.455],[5.3271,61.8896,30.492],[5.3125,61.8896,0.0],[5.3083,61.8917,18.3947],[5.3,61.8917,3.6785],[5.2958,61.8896,53.6312],[5.288,61.8891,55.0268],[5.2839,61.887,95.1845],[5.2813,61.8833,314.1824],[5.2771,61.8875,24.5327],[5.2667,61.8875,115.1007],[5.2625,61.8854,188.8033],[5.2542,61.8854,215.6898],[5.25,61.8833,307.9175],[5.2188,61.8833,48.4682],[5.2146,61.8812,181.1791],[5.2104,61.8833,27.9453],[5.2026,61.8828,6.9096],[5.1984,61.8807,22.9418],[5.1984,61.8776,0.0],[5.2167,61.8771,10.7162],[5.225,61.8729,0.0],[5.2646,61.8729,0.0],[5.2688,61.8688,0.0],[5.2833,61.8688,30.6087],[5.2875,61.8667,0.0],[5.2917,61.8688,49.1852],[5.3042,61.8688,0.0],[5.3062,61.8667,0.0],[5.3047,61.8589,8.0717],[5.3104,61.8563,0.0],[5.3333,61.8542,64.7284],[5.3542,61.8479,0.0],[5.3583,61.85,74.5058],[5.3625,61.8479,0.0],[5.3813,61.8479,0.0],[5.3828,61.8474,0.0],[5.3818,61.8443,197.8013],[5.3833,61.8438,189.9852],[5.3938,61.8438,185.8822],[5.3979,61.8458,33.1819],[5.4021,61.8458,68.9223],[5.4063,61.8438,218.8351],[5.4146,61.8438,168.2327],[5.4161,61.8422,228.5],[5.4104,61.8396,667.3968],[5.3833,61.8396,643.0112],[5.3792,61.8375,692.0482],[5.375,61.8396,752.3672],[5.3646,61.8354,582.0471],[5.3604,61.8375,740.8824],[5.3521,61.8375,676.6646],[5.3396,61.8417,561.8187],[5.325,61.8396,482.2442],[5.3208,61.8375,496.246],[5.3042,61.8375,118.9853],[5.2964,61.8349,22.0639],[5.2964,61.8318,3.8842],[5.3062,61.8292,0.0],[5.3167,61.8292,0.0],[5.3208,61.8312,0.0],[5.325,61.8312,102.5447],[5.3266,61.8297,112.505],[5.3214,61.8286,53.7819],[5.3245,61.8255,339.1373],[5.3188,61.8229,452.2338],[5.3104,61.8229,357.7559],[5.3042,61.8208,369.4736],[5.3,61.8229,165.8315],[5.2917,61.8229,83.6672],[5.2875,61.8187,336.5536],[5.2646,61.8187,172.1016],[5.2604,61.8167,213.6405],[5.2292,61.8167,0.0],[5.225,61.8146,0.0],[5.2208,61.8167,83.1985],[5.1979,61.8167,4.7588],[5.1958,61.8146,0.0],[5.1979,61.8125,0.0],[5.2161,61.812,0.0],[5.2146,61.8104,11.7654],[5.2063,61.8104,0.0],[5.2047,61.8089,10.7398],[5.2161,61.8078,67.0334],[5.2161,61.8047,326.4076],[5.1958,61.8063,241.0138],[5.1917,61.8042,584.3707],[5.1875,61.8063,362.1367],[5.1708,61.8063,263.6284],[5.1563,61.8,502.5728],[5.1401,61.7974,232.4992],[5.1391,61.7943,450.1339],[5.1255,61.7911,321.2921],[5.1172,61.787,172.1782],[5.1161,61.7839,95.3267],[5.1109,61.7828,81.289],[5.1099,61.7797,288.8344],[5.0964,61.7745,55.841],[5.0964,61.763,27.2017],[5.1,61.7604,0.0],[5.1063,61.7604,0.0],[5.1104,61.7625,0.0],[5.1229,61.7625,0.0],[5.1313,61.7583,3.8084],[5.1474,61.7672,0.0],[5.1484,61.7703,24.8916],[5.1563,61.7729,10.7932],[5.1604,61.7708,0.0],[5.1646,61.7729,0.0],[5.1771,61.7729,0.0],[5.1813,61.7708,0.0],[5.2,61.7708,0.0],[5.2042,61.7729,32.6406],[5.2229,61.7729,0.0],[5.2271,61.7771,138.8451],[5.2313,61.775,0.0],[5.2396,61.775,0.0],[5.2438,61.7771,25.6647],[5.2667,61.7771,14.397],[5.2708,61.775,0.0],[5.2833,61.775,38.8244],[5.2932,61.7714,0.0],[5.2729,61.7625,17.9441],[5.2672,61.763,0.0],[5.2604,61.7667,24.0949],[5.2563,61.7667,44.6116],[5.2458,61.7625,0.0],[5.2375,61.7625,10.3792],[5.2333,61.7646,0.0],[5.2208,61.7604,42.0555],[5.213,61.7599,6.0263],[5.212,61.7547,282.6208],[5.2021,61.7521,458.6312],[5.1901,61.7526,331.4327],[5.1943,61.7557,77.7938],[5.1995,61.7568,23.9673],[5.1979,61.7583,0.0],[5.1937,61.7583,20.9369],[5.1896,61.7604,0.0],[5.1792,61.7604,5.5931],[5.175,61.7583,0.0],[5.1682,61.762,11.6353],[5.1651,61.762,0.0],[5.1641,61.7589,9.3642],[5.1609,61.7578,0.0],[5.1609,61.7547,58.6753],[5.1667,61.7542,279.9573],[5.1682,61.7526,424.2379],[5.1505,61.7536,0.0],[5.1484,61.7443,5.2936],[5.1516,61.7432,0.0],[5.1526,61.7401,8.8115],[5.1625,61.7375,8.2201],[5.1708,61.7375,0.0],[5.175,61.7354,0.0],[5.1854,61.7375,18.7324],[5.212,61.7307,1.7551],[5.2203,61.7266,0.0],[5.2203,61.7234,32.2567],[5.2125,61.7208,28.7253],[5.2083,61.7208,53.076],[5.2042,61.7229,0.0],[5.2,61.7208,19.1527],[5.1958,61.7208,4.0349],[5.1917,61.7229,6.6295],[5.1771,61.7229,0.0],[5.1714,61.7203,0.0],[5.1688,61.7167,0.0],[5.1661,61.7203,0.0],[5.162,61.7224,0.0],[5.1547,61.7234,7.9829],[5.1464,61.7276,42.468],[5.1453,61.7328,34.1166],[5.138,61.7339,48.9871],[5.1292,61.7396,14.9812],[5.1188,61.7396,25.0226],[5.1167,61.7375,15.0134],[5.1151,61.7276,0.0],[5.1182,61.7266,0.0],[5.1193,61.7193,0.0],[5.1229,61.7167,81.953],[5.1203,61.7109,0.0],[5.1188,61.7104,0.0],[5.1089,61.7109,0.0],[5.1083,61.7167,0.0],[5.1099,61.7203,0.0],[5.1068,61.7214,0.0],[5.1057,61.7286,0.0],[5.1026,61.7297,0.0],[5.1078,61.7339,0.0],[5.1078,61.737,15.2125],[5.1047,61.738,11.7738],[5.1036,61.7411,5.7296],[5.0964,61.7443,18.4176],[5.0953,61.7474,15.1244],[5.0896,61.7479,143.5869],[5.0813,61.7521,29.4715],[5.0729,61.7521,76.714],[5.0688,61.7542,28.4832],[5.0646,61.7521,265.9732],[5.0604,61.7521,272.2509],[5.0563,61.7562,53.492],[5.0375,61.7562,43.3115],[5.0307,61.7526,64.8676],[5.0234,61.7516,0.0],[5.0224,61.7484,75.9686],[5.0089,61.7432,31.1086],[5.0057,61.738,249.2563],[5.0,61.7375,197.5125],[4.9943,61.7391,9.2555],[4.9932,61.7359,67.8106],[4.9839,61.7328,0.0],[4.9833,61.7313,0.0],[4.9839,61.7276,0.0],[4.9896,61.7271,12.4227],[4.9911,61.7255,2.7737],[4.9813,61.725,0.5004],[4.975,61.7229,16.1705],[4.9724,61.7193,12.3553],[4.9693,61.7182,1.4848],[4.9724,61.7161,1.5731],[4.9734,61.713,8.9635],[4.9766,61.712,17.8981],[4.9755,61.7089,0.0],[4.9828,61.7036,0.0],[4.9839,61.6984,0.0],[4.987,61.6974,38.7742],[4.9854,61.6958,12.2305],[4.9776,61.6953,9.623],[4.9766,61.6922,5.443],[4.9734,61.6911,0.0],[4.9708,61.6813,10.6358],[4.9714,61.6734,0.0],[4.9745,61.6724,15.0648],[4.9776,61.6672,6.9728],[4.9891,61.662,13.3589],[4.9901,61.6589,0.0],[4.9974,61.6578,34.3603],[5.0016,61.6557,0.0],[5.0026,61.6526,2.5362],[5.0099,61.6495,7.0371],[5.0042,61.6458,0.0],[4.9964,61.6453,0.0],[4.9995,61.6432,0.0],[5.0005,61.6359,0.0],[5.0036,61.6349,0.0],[4.9984,61.6328,10.1726],[4.9979,61.6292,18.8218],[5.0104,61.6292,17.3481],[5.0146,61.6333,16.8991],[5.0188,61.6312,0.0],[5.0354,61.6312,0.0],[5.0396,61.6333,13.3011],[5.0438,61.6312,0.0],[5.05,61.6312,0.0],[5.0625,61.6354,13.3248],[5.0667,61.6354,7.266],[5.0708,61.6333,0.0],[5.0854,61.6375,12.9069],[5.0979,61.6375,0.0],[5.1021,61.6396,49.2584],[5.1271,61.6312,0.0],[5.15,61.6312,36.3304],[5.1542,61.6292,0.0],[5.1583,61.6292,0.0],[5.1625,61.6312,19.3491],[5.1813,61.6312,0.0],[5.1854,61.6333,65.9807],[5.2021,61.6333,0.0],[5.2063,61.6354,18.2423],[5.2125,61.6354,29.063],[5.2167,61.6333,0.0],[5.2349,61.6328,15.1354],[5.2292,61.6292,65.784],[5.2214,61.6286,0.0],[5.2229,61.6271,13.5849],[5.25,61.6271,0.0],[5.2542,61.6292,21.4979],[5.2688,61.6292,85.4326],[5.2813,61.625,0.0],[5.2896,61.625,0.0],[5.2938,61.6271,0.0],[5.2958,61.625,68.9289],[5.2953,61.6214,62.3008],[5.2875,61.6208,45.9817],[5.275,61.6167,86.3546],[5.2646,61.6167,129.0479],[5.2604,61.6146,215.6925],[5.2563,61.6146,118.9139],[5.2521,61.6167,0.0],[5.2479,61.6146,61.0654],[5.2438,61.6167,55.1026],[5.2396,61.6167,95.9804],[5.2354,61.6146,155.6307],[5.225,61.6146,34.5893],[5.2208,61.6167,0.0],[5.2167,61.6146,0.0],[5.2125,61.6146,9.8059],[5.2083,61.6167,0.0],[5.2,61.6167,15.5929],[5.1958,61.6125,76.9571],[5.1896,61.6125,35.6241],[5.1771,61.6083,111.1044],[5.1667,61.6083,10.7101],[5.1625,61.6063,54.9558],[5.1375,61.6063,0.0],[5.1333,61.6104,6.2817],[5.1146,61.6104,31.2724],[5.1104,61.6083,203.0181],[5.1021,61.6083,175.3426],[5.0979,61.6104,15.2798],[5.075,61.6104,4.3235],[5.0693,61.6078,12.241],[5.0682,61.6047,11.9064],[5.0583,61.6021,8.4967],[5.0438,61.6021,7.5654],[5.0396,61.6,9.7111],[5.0109,61.5995,9.3715],[5.0005,61.5932,2.3851],[5.0005,61.5859,5.3595],[5.0036,61.5849,11.4294],[5.0047,61.5818,3.4871],[5.0104,61.5792,9.9421],[5.0188,61.5792,0.0],[5.0271,61.5833,3.3203],[5.0391,61.5839,0.0],[5.0432,61.5859,1.9042],[5.0458,61.5896,2.739],[5.0646,61.5917,0.8164],[5.0688,61.5938,54.7174],[5.0875,61.5938,0.0],[5.0917,61.5958,17.0783],[5.1,61.5958,0.0],[5.1146,61.6,15.4052],[5.1188,61.5979,0.0],[5.1229,61.5979,0.0],[5.1271,61.6,3.7267],[5.1396,61.6,0.0],[5.1438,61.6021,17.5076],[5.1542,61.6021,0.0],[5.1583,61.6042,19.6125],[5.1771,61.6042,0.0],[5.1813,61.6063,117.9097],[5.1896,61.6063,0.0],[5.1937,61.6083,36.3755],[5.2083,61.6083,0.0],[5.2125,61.6104,26.7122],[5.2167,61.6083,0.0],[5.2208,61.6104,13.0955],[5.2333,61.6104,0.0],[5.2375,61.6083,0.0],[5.2479,61.6083,0.0],[5.2604,61.6125,178.7853],[5.2729,61.6125,89.7485],[5.2771,61.6104,0.0],[5.2833,61.6104,0.0],[5.2875,61.6125,89.7975],[5.2917,61.6104,0.0],[5.3125,61.6083,0.0],[5.3167,61.6104,0.0],[5.3479,61.6125,4.9622],[5.3521,61.6104,0.0],[5.3646,61.6104,0.0],[5.3688,61.6083,0.0],[5.3917,61.6083,99.6411],[5.4125,61.6,0.0],[5.4224,61.5995,38.386],[5.4208,61.5938,0.0],[5.4229,61.5917,0.0],[5.4271,61.5917,8.6246],[5.4313,61.5896,0.0],[5.4599,61.5891,0.0],[5.4599,61.5859,3.3874],[5.4505,61.5828,3.7805],[5.4505,61.5755,6.2743],[5.4536,61.5745,0.0],[5.4516,61.5714,0.0],[5.4401,61.5703,64.2543],[5.4557,61.5651,215.6393],[5.4188,61.5646,580.8716],[5.413,61.5672,297.386],[5.4161,61.5703,209.252],[5.412,61.5724,80.1825],[5.4021,61.575,25.7916],[5.3938,61.575,40.7295],[5.3896,61.5771,0.0],[5.3542,61.5771,10.739],[5.35,61.575,0.0],[5.3458,61.575,8.0904],[5.3401,61.5776,23.1793],[5.3391,61.5807,0.0],[5.3359,61.5818,0.0],[5.338,61.5849,0.0],[5.3438,61.5875,40.8777],[5.3521,61.5833,0.0],[5.3646,61.5833,0.0],[5.375,61.5896,46.557],[5.3875,61.5896,13.6483],[5.3953,61.5932,54.003],[5.3854,61.5938,120.9089],[5.3771,61.5979,0.0],[5.3667,61.5979,91.7548],[5.3542,61.6021,0.0],[5.3333,61.6021,116.7024],[5.3292,61.6042,0.0],[5.3167,61.6042,169.7844],[5.3125,61.6063,0.0],[5.3083,61.6042,198.3315],[5.3042,61.6063,0.0],[5.2979,61.6063,14.3446],[5.2854,61.6021,369.8751],[5.2771,61.6063,18.4926],[5.2729,61.6063,22.1019],[5.2688,61.6042,274.8786],[5.2646,61.6063,12.4657],[5.2583,61.6063,15.6615],[5.2542,61.6042,168.8296],[5.2359,61.6036,4.2364],[5.2359,61.6005,0.0],[5.2411,61.5974,0.0],[5.2396,61.5958,87.2884],[5.2271,61.5958,135.144],[5.2229,61.5979,70.809],[5.2104,61.6,0.0],[5.2063,61.5979,22.9793],[5.1958,61.5979,20.4022],[5.1859,61.5953,33.6581],[5.1854,61.5938,21.4928],[5.1937,61.5854,0.0],[5.2125,61.5833,5.9923],[5.2167,61.5854,40.0262],[5.2292,61.5854,0.0],[5.25,61.5792,0.0],[5.2583,61.5792,22.1591],[5.2625,61.5771,0.0],[5.2667,61.5771,0.0],[5.2682,61.5755,0.0],[5.2651,61.5734,5.1842],[5.275,61.5708,11.9414],[5.2833,61.5708,31.5636],[5.2875,61.5687,0.0],[5.2958,61.5687,12.406],[5.3,61.5667,0.0],[5.3104,61.5667,31.3189],[5.3172,61.563,0.0],[5.3245,61.562,10.4707],[5.3292,61.5583,0.0],[5.3354,61.5583,0.0],[5.3396,61.5604,10.5176],[5.3521,61.5604,0.0],[5.3646,61.5542,0.0],[5.3896,61.5542,27.0651],[5.3938,61.5521,0.0],[5.3979,61.5521,0.0],[5.3995,61.5516,12.8662],[5.3995,61.5484,96.9751],[5.3896,61.5479,60.8098],[5.3813,61.5521,0.0],[5.3604,61.5521,87.0829],[5.3563,61.5542,33.3343],[5.3458,61.5542,206.6986],[5.3391,61.5505,51.7976],[5.3333,61.55,29.2879],[5.3229,61.5458,9.4453],[5.2958,61.5479,25.7804],[5.2958,61.5458,0.0],[5.2995,61.5453,0.0],[5.2995,61.5422,8.1505],[5.2979,61.5417,11.4736],[5.2708,61.5417,0.0],[5.2667,61.5396,12.4227],[5.2479,61.5396,52.618899999999996],[5.2396,61.5438,0.0],[5.2297,61.5443,52.8542],[5.2214,61.5484,32.4245],[5.2203,61.5516,15.3574],[5.2104,61.5521,29.5285],[5.2063,61.5542,18.1507],[5.1813,61.5542,36.6128],[5.1708,61.55,0.0],[5.1609,61.5526,41.3959],[5.1599,61.5557,0.0],[5.1557,61.5578,0.0],[5.1458,61.5583,63.9422],[5.1432,61.562,23.8042],[5.1359,61.563,35.2253],[5.1292,61.5667,0.0],[5.1167,61.5667,72.5088],[5.1057,61.5724,0.0],[5.0958,61.575,7.4311],[5.0917,61.5729,64.1618],[5.0792,61.5729,25.3591],[5.0688,61.5687,22.9889],[5.0479,61.5687,12.3612],[5.0464,61.5672,14.082],[5.0547,61.563,0.0],[5.0604,61.5625,8.6908],[5.0688,61.5583,0.0],[5.0813,61.5563,12.8686],[5.0854,61.5542,0.0],[5.1021,61.5542,6.4678],[5.1229,61.5479,0.0],[5.1313,61.5479,0.0],[5.1438,61.5438,4.5111],[5.1667,61.5438,33.8366],[5.1734,61.5474,0.0],[5.1766,61.5474,0.0],[5.1807,61.5453,9.8592],[5.1807,61.538,15.1451],[5.1786,61.5359,0.0],[5.1714,61.5349,4.925],[5.1714,61.5318,25.7778],[5.187,61.5234,20.0426],[5.1734,61.5224,11.971],[5.1766,61.5193,13.7295],[5.1734,61.5172,1.2803],[5.1875,61.5125,4.1869],[5.2,61.5125,49.7967],[5.2042,61.5104,0.0],[5.2083,61.5125,75.6848],[5.2125,61.5104,0.0],[5.2167,61.5104,0.0],[5.2276,61.5047,0.0],[5.2333,61.5042,0.0],[5.2443,61.4984,0.0],[5.2542,61.4958,0.0],[5.2667,61.4979,17.7197],[5.2708,61.4958,0.0],[5.2854,61.4958,0.0],[5.2896,61.4979,0.0],[5.2938,61.4979,7.3336],[5.3146,61.4917,0.0],[5.3271,61.4917,34.3233],[5.3313,61.4896,0.0],[5.3479,61.4896,99.2859],[5.3521,61.4875,0.0],[5.3792,61.4875,0.0],[5.3833,61.4896,19.9499],[5.3917,61.4896,1.9861],[5.3958,61.4875,0.0],[5.4,61.4896,0.0],[5.4271,61.4896,0.0],[5.4313,61.4875,0.0],[5.4625,61.4875,0.0],[5.4682,61.4901,0.0],[5.4708,61.4938,42.5366],[5.4854,61.4938,12.9838],[5.4875,61.4917,0.0],[5.4859,61.488,0.0],[5.4917,61.4875,0.0],[5.4932,61.4859,0.0],[5.4875,61.4833,37.505],[5.475,61.4833,93.7528],[5.4714,61.4807,76.405],[5.4828,61.4724,86.422],[5.4797,61.4703,110.3531],[5.4786,61.4672,111.6684],[5.4708,61.4646,119.9578],[5.4583,61.4708,95.4886],[5.45,61.4708,125.9945],[5.4479,61.4688,65.6375],[5.4484,61.4651,10.0383],[5.4526,61.463,21.3552],[5.4667,61.4625,0.0],[5.4693,61.4589,0.0],[5.475,61.4583,51.9518],[5.4833,61.4542,0.0],[5.4875,61.4542,0.0],[5.4917,61.4562,0.0],[5.5271,61.4562,58.4667],[5.5313,61.4542,0.0],[5.537,61.4568,0.0],[5.538,61.4599,4.2863],[5.5438,61.4625,0.0],[5.5625,61.4625,23.1698],[5.5667,61.4604,0.0],[5.5792,61.4646,23.5792],[5.5938,61.4646,0.0],[5.5979,61.4667,35.6973],[5.6021,61.4646,0.0],[5.6146,61.4688,0.0],[5.6208,61.4688,0.0],[5.6276,61.4724,0.0],[5.6349,61.4734,0.0],[5.637,61.4766,0.0],[5.6339,61.4776,0.0],[5.6333,61.4813,0.0],[5.638,61.4849,0.0],[5.65,61.4854,0.0],[5.6542,61.4875,8.3874],[5.6583,61.4875,0.0],[5.6859,61.4995,0.0],[5.6932,61.5005,0.0],[5.7,61.5042,0.0],[5.7104,61.5042,0.0],[5.7146,61.5062,0.0],[5.7188,61.5062,0.0],[5.7271,61.5021,0.0],[5.7396,61.5021,0.0],[5.7438,61.5042,18.7609],[5.7521,61.5042,0.0],[5.7563,61.5021,0.0],[5.7667,61.5021,68.064],[5.7729,61.4979,0.0],[5.7833,61.4979,0.0],[5.7896,61.4938,0.0],[5.8016,61.4932,0.0],[5.8125,61.4854,0.0],[5.812,61.4797,19.8078],[5.8068,61.4786,0.0],[5.8057,61.4755,0.0],[5.8,61.475,0.0],[5.7974,61.4786,12.5388],[5.7891,61.4828,30.8721],[5.775,61.4833,140.2288],[5.7708,61.4854,0.0],[5.7667,61.4854,21.9503],[5.7542,61.4917,33.6253],[5.7208,61.4917,0.0],[5.7167,61.4938,0.0],[5.7063,61.4938,0.0],[5.7036,61.4901,0.0],[5.6979,61.4896,0.0],[5.6922,61.487,44.4216],[5.6953,61.4849,114.1929],[5.6938,61.4813,0.0],[5.6974,61.4776,389.111],[5.6875,61.475,475.3475],[5.6833,61.475,384.1235],[5.6792,61.4771,7.3402],[5.663,61.4766,29.9053],[5.663,61.4714,120.417],[5.6661,61.4703,288.6145],[5.6661,61.4672,397.0898],[5.6583,61.4646,98.7175],[5.65,61.4646,0.0],[5.638,61.4599,0.0],[5.6411,61.4568,75.0151],[5.637,61.4547,48.3556],[5.6271,61.4542,9.0806],[5.6146,61.4583,0.0],[5.5958,61.4583,0.0],[5.5932,61.4547,0.0],[5.5901,61.4536,0.0],[5.5891,61.4505,67.8301],[5.5813,61.4479,230.2716],[5.5729,61.4479,196.9882],[5.5688,61.45,193.2446],[5.5646,61.45,185.9437],[5.5609,61.4453,0.0],[5.5625,61.4437,0.0],[5.5771,61.4437,0.0],[5.5786,61.4422,0.0],[5.5583,61.4417,11.3536],[5.5484,61.4391,73.9073],[5.5464,61.437,312.3944],[5.5479,61.4354,290.7014],[5.5583,61.4354,297.7466],[5.5625,61.4333,311.0267],[5.5708,61.4333,305.6842],[5.575,61.4313,365.362],[5.5833,61.4313,348.7948],[5.5875,61.4292,472.7883],[5.6099,61.4266,441.6836],[5.6,61.4229,1039.1774],[5.5896,61.4229,1050.5253],[5.5854,61.425,980.3511],[5.5771,61.425,1106.2706],[5.5729,61.4271,914.5944],[5.5521,61.4271,1163.5718],[5.5438,61.4313,712.6531],[5.5354,61.4313,663.2382],[5.5229,61.4354,617.9597],[5.5063,61.4354,683.2828],[5.5021,61.4375,206.7099],[5.4875,61.4375,392.6314],[5.4833,61.4396,69.1012],[5.4792,61.4396,89.3824],[5.4776,61.4411,67.0672],[5.4854,61.4417,20.6189],[5.4896,61.4396,47.6646],[5.4937,61.4396,32.9671],[5.4958,61.4417,18.2082],[5.4937,61.4437,0.0],[5.4771,61.4437,15.0747],[5.4729,61.4458,0.0],[5.4568,61.4464,36.5903],[5.4583,61.4479,0.0],[5.4661,61.4484,0.0],[5.4661,61.4557,0.0],[5.4563,61.4562,87.297],[5.4521,61.4583,40.0978],[5.438,61.4568,102.0124],[5.4339,61.4589,0.0],[5.4328,61.462,0.0],[5.4255,61.463,16.2631],[5.4245,61.4661,0.0],[5.4214,61.4672,43.3307],[5.4229,61.4729,17.9347],[5.4208,61.475,11.4715],[5.3771,61.475,272.8752],[5.3729,61.4771,25.1552],[5.3604,61.4771,42.2337],[5.3563,61.4792,0.0],[5.3521,61.4771,12.5339],[5.3375,61.4771,22.8966],[5.3359,61.4755,6.0127],[5.3458,61.4708,0.0],[5.3667,61.4667,0.0],[5.3708,61.4646,0.0],[5.3792,61.4646,14.7758],[5.3807,61.463,0.0],[5.3604,61.4625,11.6094],[5.3563,61.4583,154.5013],[5.3354,61.4583,244.2766],[5.3255,61.4609,118.5339],[5.3188,61.4646,0.0],[5.3062,61.4646,80.4066],[5.2938,61.4688,0.0],[5.2896,61.4688,26.7288],[5.2828,61.4724,0.0],[5.2755,61.4734,0.0],[5.2604,61.4813,19.7635],[5.2417,61.4813,7.0257],[5.2396,61.4792,6.6878],[5.2401,61.4755,14.129],[5.2516,61.4714,0.0],[5.2443,61.4703,5.4137],[5.2411,61.4651,5.4314],[5.2339,61.462,3.7501],[5.2375,61.4583,0.0],[5.2354,61.4562,0.0],[5.2208,61.4562,9.9869],[5.2167,61.4542,16.286],[5.2125,61.4562,5.7655],[5.2083,61.4562,0.0],[5.2042,61.4542,99.157],[5.2,61.4542,102.8619],[5.1958,61.4562,15.4252],[5.1729,61.4562,15.8588],[5.1646,61.4521,67.5586],[5.1583,61.4521,74.6994],[5.1458,61.4479,501.4175],[5.1375,61.4521,62.3232],[5.125,61.4521,66.1024],[5.1208,61.45,253.7738],[5.075,61.45,0.0],[5.0625,61.4437,11.9918],[5.0505,61.4432,0.0],[5.0495,61.4401,2.6546],[5.0438,61.4375,16.164],[5.0396,61.4375,0.0],[5.0354,61.4354,24.3627],[5.025,61.4354,0.0],[5.0167,61.4313,18.153],[5.0068,61.4307,5.0747],[5.0036,61.4276,23.9728],[4.9979,61.425,24.0689],[4.9922,61.4245,0.0],[4.9911,61.4214,10.388],[4.9818,61.4182,85.1202],[4.9818,61.413,4.1642],[4.9943,61.4068,0.0],[5.0125,61.4042,0.0],[5.0167,61.4063,11.1214],[5.025,61.4063,0.0],[5.0438,61.4125,17.6797],[5.0479,61.4104,0.0],[5.0609,61.4161,0.0],[5.0682,61.4172,0.0],[5.0693,61.4203,0.0],[5.075,61.4229,24.0011],[5.0813,61.4208,0.0],[5.0896,61.425,9.3997],[5.1333,61.425,0.0],[5.1563,61.4313,12.8206],[5.162,61.4307,0.0],[5.162,61.4255,31.7583],[5.15,61.4271,0.0],[5.1474,61.4234,0.0],[5.1359,61.4224,0.0],[5.1328,61.4151,157.4703],[5.1146,61.4146,0.0],[5.1068,61.4099,4.6962],[5.1063,61.4021,11.6732],[5.1083,61.3979,0.0],[5.1083,61.3937,0.0],[5.1042,61.3896,0.0],[5.1063,61.3854,0.0],[5.1063,61.3812,0.0],[5.1042,61.3792,0.0],[5.0984,61.3818,19.7154],[5.0979,61.3875,3.8525],[5.0995,61.3911,0.0],[5.0964,61.3932,0.0],[5.0995,61.3953,0.0],[5.0964,61.3964,0.0],[5.0938,61.4,48.9562],[5.0854,61.4,149.1249],[5.0813,61.4021,0.0],[5.0542,61.4021,0.0],[5.0526,61.4016,0.0],[5.0516,61.3943,51.7299],[5.0339,61.3932,0.0],[5.0328,61.3839,0.0],[5.0276,61.3807,0.0],[5.0271,61.3729,0.0],[5.0276,61.3714,0.0],[5.0349,61.3682,38.426],[5.0333,61.3646,0.0],[5.0339,61.3609,0.0],[5.0453,61.3557,3.7425],[5.0464,61.3526,0.0],[5.0495,61.3516,3.7369],[5.0484,61.3484,0.0],[5.0542,61.3458,0.0],[5.0813,61.3458,12.1096],[5.0854,61.3438,0.0],[5.0953,61.3432,0.0],[5.0896,61.3396,0.0],[5.0792,61.3396,0.0],[5.0708,61.3354,9.6772],[5.0568,61.3349,22.2038],[5.0589,61.3318,0.0],[5.0661,61.3307,0.0],[5.0745,61.3266,3.2561],[5.0755,61.3234,0.0],[5.0854,61.3208,0.0],[5.0938,61.3208,0.0],[5.1125,61.3292,4.2844],[5.1167,61.3271,0.0],[5.1208,61.3271,0.0],[5.125,61.3292,19.6212],[5.1396,61.3292,0.0],[5.1479,61.3333,6.6313],[5.1724,61.3339,0.0],[5.1734,61.3411,5.9803],[5.1786,61.3422,0.0],[5.1792,61.3438,0.0],[5.1786,61.3495,0.0],[5.1755,61.3516,9.1976],[5.1828,61.3526,0.0],[5.1917,61.3583,0.0],[5.1958,61.3563,0.0],[5.2083,61.3542,0.0],[5.2229,61.3604,0.0],[5.2271,61.3604,0.0],[5.2313,61.3583,0.0],[5.2396,61.3583,0.0],[5.2438,61.3604,13.2053],[5.275,61.3604,0.0],[5.2833,61.3646,16.4713],[5.2979,61.3667,0.0],[5.3062,61.3708,0.0],[5.3688,61.3708,0.0],[5.3729,61.3729,0.0],[5.3896,61.3729,0.0],[5.3922,61.3766,34.7364],[5.3974,61.3776,0.0],[5.3984,61.3807,0.0],[5.4125,61.3854,39.1357],[5.4437,61.3833,0.0],[5.4505,61.3797,23.1478],[5.4604,61.3771,0.0],[5.4646,61.3771,0.0],[5.4687,61.3792,0.0],[5.525,61.3792,0.0],[5.5307,61.3766,0.0],[5.525,61.3708,20.3641],[5.5063,61.3708,0.0],[5.5021,61.3729,0.0],[5.4854,61.3729,9.8856],[5.4813,61.375,0.0],[5.4771,61.375,0.0],[5.4682,61.3693,180.0182],[5.4583,61.3667,414.1215],[5.4526,61.3672,258.6976],[5.4557,61.3703,74.5465],[5.4516,61.3724,0.0],[5.4417,61.3729,88.7047],[5.4292,61.3792,0.0],[5.4234,61.3766,11.4016],[5.4208,61.3729,183.9706],[5.4167,61.3729,180.9325],[5.4125,61.375,0.0],[5.4021,61.375,0.0],[5.4005,61.3745,0.0],[5.4,61.3708,0.0],[5.4036,61.3672,0.0],[5.3979,61.3646,0.0],[5.3792,61.3646,0.0],[5.3693,61.362,0.0],[5.3661,61.3547,0.0],[5.363,61.3536,0.0],[5.362,61.3505,54.9537],[5.3542,61.35,33.5868],[5.35,61.3479,320.3506],[5.3458,61.35,121.6802],[5.3375,61.35,200.9465],[5.3333,61.3521,6.9559],[5.3167,61.3521,15.4229],[5.3104,61.3542,0.0],[5.3075,61.3579,22.8259],[5.3042,61.3583,24.3993],[5.3,61.3563,114.9907],[5.2958,61.3583,0.0],[5.2901,61.3557,0.0],[5.2932,61.3536,88.3519],[5.2922,61.3505,34.4775],[5.3036,61.3453,5.9094],[5.3036,61.3422,0.0],[5.3021,61.3417,0.0],[5.2964,61.3422,0.0],[5.2854,61.3479,0.0],[5.2417,61.3479,92.9627],[5.2375,61.35,0.0],[5.225,61.3438,20.598],[5.2208,61.3458,0.0],[5.2021,61.3458,0.0],[5.2,61.3438,18.8098],[5.1984,61.3339,0.0],[5.2125,61.3312,0.0],[5.2146,61.3292,0.0],[5.2141,61.3214,87.6566],[5.2089,61.3182,140.7505],[5.2089,61.3151,97.3209],[5.2245,61.3099,42.6966],[5.2245,61.3068,0.0],[5.2083,61.3021,6.5029],[5.2042,61.3021,15.646],[5.2,61.3042,7.4936],[5.1688,61.3042,0.0],[5.1646,61.3021,23.0405],[5.1589,61.3047,0.0],[5.1599,61.3078,0.0],[5.1568,61.3089,0.0],[5.1557,61.3141,0.0],[5.15,61.3167,21.3258],[5.1417,61.3167,39.846],[5.1297,61.3099,0.0],[5.1297,61.3068,3.3253],[5.1328,61.3047,0.0],[5.1297,61.3026,0.0],[5.1354,61.3,0.0],[5.1479,61.3,0.0],[5.1495,61.2995,0.0],[5.1495,61.2964,0.0],[5.1417,61.2958,1.059],[5.1375,61.2979,4.6237],[5.1333,61.2958,0.0],[5.125,61.2958,0.0],[5.1193,61.2984,7.5376],[5.1224,61.3016,3.4967],[5.1125,61.3021,14.5845],[5.1109,61.3005,0.0],[5.1141,61.2984,0.0],[5.1083,61.2958,4.0485],[5.1,61.2958,11.4768],[5.0958,61.2979,4.6917],[5.0729,61.3,0.0],[5.0646,61.3042,24.1387],[5.062,61.3005,0.0],[5.0563,61.2979,21.2426],[5.0417,61.2979,0.0],[5.0359,61.2953,20.2373],[5.0359,61.2901,0.0],[5.0474,61.2891,0.9138],[5.0458,61.2875,0.0],[5.0188,61.2875,0.0],[5.0146,61.2854,7.7965],[4.9979,61.2854,6.2384],[4.9938,61.2833,16.1156],[4.9833,61.2833,13.7019],[4.9818,61.2828,6.6283],[4.9807,61.2776,0.0],[4.975,61.275,0.0],[4.9646,61.275,17.5239],[4.9604,61.2729,80.4506],[4.9563,61.275,7.3276],[4.9464,61.2724,3.2439],[4.9464,61.2693,0.0],[4.9563,61.2646,0.0],[4.9771,61.2646,2.9339],[4.9828,61.262,3.7326],[4.9828,61.2589,25.1055],[4.9813,61.2583,19.2534],[4.9734,61.2589,13.4914],[4.9688,61.2625,0.0],[4.9625,61.2604,14.9129],[4.9526,61.2599,0.0],[4.9526,61.2568,6.6803],[4.9557,61.2557,5.0363],[4.9526,61.2526,3.0012],[4.9557,61.2516,0.0],[4.9542,61.2479,20.6747],[4.9563,61.2458,26.3655],[4.9875,61.2458,0.0],[4.9891,61.2464,0.0],[4.9901,61.2516,4.2923],[5.0036,61.2547,0.0],[5.0047,61.2578,7.0442],[5.0078,61.2589,0.0],[5.0089,61.2641,0.0],[5.0109,61.2661,0.0],[5.025,61.2687,0.0],[5.0266,61.2672,0.0],[5.0193,61.2641,0.0],[5.0214,61.2609,0.0],[5.0245,61.2599,0.0],[5.0245,61.2547,1.6364],[5.0172,61.2536,0.0],[5.0161,61.2505,0.0],[5.0109,61.2495,0.0],[5.0109,61.2443,0.0],[5.0167,61.2417,0.0],[5.025,61.2417,14.5662],[5.0292,61.2396,4.0559],[5.0745,61.2391,0.0],[5.0729,61.2375,13.6139],[5.0333,61.2375,16.5211],[5.0286,61.2318,12.3575],[5.0203,61.2276,0.0],[5.0104,61.2271,0.0],[5.0068,61.2245,4.9901],[5.0125,61.2208,7.3908],[5.0354,61.2208,14.0879],[5.0396,61.2188,0.0],[5.0438,61.2208,25.2259],[5.0479,61.2208,26.2019],[5.0521,61.2188,0.0],[5.0563,61.2208,30.9704],[5.0604,61.2208,32.1497],[5.0646,61.2188,12.3777],[5.0729,61.2188,0.0],[5.0771,61.2208,21.1189],[5.0833,61.2188,0.0],[5.0917,61.2229,5.7772],[5.0958,61.2208,0.0],[5.1,61.2229,0.0],[5.1438,61.2229,0.0],[5.1479,61.225,17.9835],[5.1521,61.2229,0.0],[5.1563,61.225,7.2619],[5.175,61.225,0.0],[5.1792,61.2271,5.9067],[5.1891,61.2245,7.0991],[5.1958,61.2208,0.0],[5.2167,61.2188,14.4389],[5.2193,61.2151,6.7014],[5.2313,61.2104,0.0],[5.2417,61.2104,0.0],[5.2458,61.2083,0.0],[5.2667,61.2042,0.0],[5.2714,61.2005,0.0],[5.2786,61.1995,0.0],[5.2964,61.1901,0.0],[5.312,61.187,0.0],[5.312,61.1839,6.3222],[5.3104,61.1833,23.3092],[5.2979,61.1833,0.0],[5.2911,61.187,49.4445],[5.2813,61.1896,-0.0719],[5.2729,61.1896,165.0564],[5.2688,61.1917,89.0794],[5.2568,61.1911,65.4376],[5.2568,61.188,0.0],[5.2641,61.1849,39.0359],[5.2651,61.1818,29.3119],[5.2974,61.1766,0.0],[5.2943,61.1745,0.0],[5.2932,61.1714,13.6017],[5.2854,61.1688,108.5921],[5.2813,61.1708,42.7958],[5.2688,61.1667,189.4735],[5.2604,61.1708,0.0],[5.238,61.1755,7.3532],[5.2339,61.1776,48.0641],[5.2328,61.1807,0.0],[5.2245,61.1849,0.0],[5.2146,61.1854,480.3654],[5.2104,61.1875,394.573],[5.1896,61.1917,413.6766],[5.1813,61.1958,242.6645],[5.1729,61.1958,536.6285],[5.1604,61.2,173.86],[5.1521,61.2,484.4175],[5.1479,61.2021,230.6314],[5.1438,61.2021,300.9439],[5.1396,61.2,397.539],[5.1354,61.2021,249.0865],[5.1313,61.2,335.7262],[5.1271,61.2021,202.9187],[5.1042,61.2021,42.0107],[5.0943,61.1995,0.0],[5.0932,61.1943,24.0012],[5.088,61.1911,28.1601],[5.087,61.1859,0.0],[5.0797,61.1828,11.117],[5.0766,61.1776,45.1782],[5.0734,61.1766,0.0],[5.0766,61.1734,88.7768],[5.0734,61.1714,5.7634],[5.0792,61.1688,11.5508],[5.0917,61.1667,29.944],[5.0958,61.1646,0.0],[5.1,61.1667,0.0],[5.1083,61.1667,56.9579],[5.1167,61.1625,0.0],[5.1391,61.1578,44.6283],[5.1401,61.1547,0.0],[5.1474,61.1536,18.8488],[5.1542,61.15,0.0],[5.1641,61.1495,5.6888],[5.163,61.1464,0.0],[5.1771,61.1396,2.5131],[5.1979,61.1354,6.0161],[5.2063,61.1312,0.0],[5.2146,61.1312,5.1389],[5.2214,61.1276,0.0],[5.2286,61.1266,4.1493],[5.2271,61.1104,22.2032],[5.2297,61.1047,0.0],[5.25,61.1042,0.0],[5.2557,61.1068,20.8509],[5.2568,61.1099,0.0],[5.2609,61.112,0.0],[5.2703,61.113,0.0],[5.2714,61.1182,46.8702],[5.2729,61.1188,40.109],[5.2771,61.1188,0.0],[5.2828,61.1161,0.0],[5.2854,61.1125,21.6198],[5.2979,61.1125,0.0],[5.3021,61.1146,12.026],[5.3104,61.1146,0.0],[5.3307,61.1234,0.0],[5.3297,61.1286,0.0],[5.3354,61.1312,7.4131],[5.3438,61.1312,0.0],[5.3495,61.1276,0.0],[5.3464,61.1266,0.0],[5.3453,61.1234,36.134],[5.3401,61.1214,33.975],[5.3432,61.1203,24.3121],[5.3443,61.113,0.0],[5.3516,61.1099,111.7735],[5.35,61.1063,104.7216],[5.3505,61.1005,8.7898],[5.363,61.0943,0.0],[5.3786,61.0911,0.0],[5.3818,61.0859,0.0],[5.3891,61.0828,85.396],[5.3901,61.0797,18.9486],[5.3974,61.0766,157.1849],[5.3964,61.0714,118.1263],[5.4125,61.0708,0.0],[5.4167,61.0729,8.0846],[5.425,61.0729,0.0],[5.4375,61.0771,9.1537],[5.4453,61.0776,0.0],[5.4547,61.0849,0.0],[5.4682,61.0859,0.0],[5.4693,61.0891,0.0],[5.4776,61.0932,0.0],[5.4896,61.0979,0.0],[5.4953,61.0984,0.0],[5.5083,61.1042,0.0],[5.5125,61.1021,5.0083],[5.5292,61.1021,0.0],[5.5391,61.1047,0.0],[5.5422,61.1078,0.0],[5.5495,61.1089,10.5485],[5.5604,61.1146,0.0],[5.5682,61.1151,0.0],[5.5724,61.1172,0.0],[5.5776,61.1245,3.2773],[5.5911,61.1276,0.0],[5.5922,61.1307,0.0],[5.5984,61.1349,0.0],[5.6057,61.1359,0.0],[5.6068,61.1411,0.0],[5.6161,61.1422,0.0],[5.6161,61.1453,0.0],[5.613,61.1474,21.1697],[5.6188,61.15,0.0],[5.6245,61.1474,0.0],[5.6255,61.1443,0.0],[5.6313,61.1417,0.0],[5.6396,61.1417,17.5868],[5.6542,61.1479,0.0],[5.6583,61.1458,0.0],[5.6625,61.1458,0.0],[5.6667,61.1479,0.0],[5.6708,61.1479,0.0],[5.7042,61.1375,0.0],[5.7141,61.1401,0.0],[5.7151,61.1453,159.0017],[5.7245,61.1484,0.0],[5.7266,61.1578,0.0],[5.7208,61.1583,9.0161],[5.7193,61.1599,14.8594],[5.7224,61.1609,0.0],[5.7234,61.1661,9.035],[5.725,61.1667,19.0286],[5.7396,61.1646,12.1396],[5.7438,61.1667,12.9234],[5.7604,61.1667,16.1055],[5.7729,61.1625,0.0],[5.7854,61.1625,25.9516],[5.7896,61.1604,0.0],[5.8036,61.1609,0.0],[5.8057,61.163,0.0],[5.8063,61.1667,0.0],[5.8021,61.1708,9.139],[5.8036,61.1766,0.0],[5.8005,61.1776,12.8407],[5.7995,61.1849,0.0],[5.7964,61.187,88.0067],[5.7984,61.1953,14.658],[5.812,61.2005,0.0],[5.8125,61.2062,0.0],[5.8146,61.2083,76.7549],[5.8208,61.2062,0.0],[5.825,61.2083,0.7117],[5.8349,61.2057,28.3643],[5.8328,61.2005,155.8564],[5.8255,61.1974,0.0],[5.8224,61.1922,86.3155],[5.8167,61.1917,0.0],[5.8146,61.1896,5.0179],[5.8151,61.1859,0.0],[5.8203,61.1828,9.8894],[5.8214,61.1755,0.0],[5.825,61.1729,123.8694],[5.8224,61.1693,51.5452],[5.8193,61.1682,0.0],[5.8193,61.1651,0.0],[5.8276,61.1609,3.444],[5.8333,61.1604,0.0],[5.8521,61.1667,19.5209],[5.8604,61.1667,19.1865],[5.8661,61.1641,8.8683],[5.8651,61.1609,0.0],[5.8667,61.1604,0.0],[5.8854,61.1604,0.0],[5.8896,61.1625,14.3611],[5.8938,61.1604,0.0],[5.8979,61.1625,7.5658],[5.9229,61.1625,0.0],[5.9271,61.1604,0.0],[5.9375,61.1604,0.0],[5.9458,61.1646,21.6841],[5.9625,61.1646,0.0],[5.9688,61.1688,63.2156],[5.9729,61.1667,0.0],[5.9828,61.1693,0.0],[5.9839,61.1724,12.3306],[5.9932,61.1755,0.0],[5.9943,61.1807,60.2135],[5.9958,61.1813,79.5106],[6.0104,61.1833,0.0],[6.0188,61.1875,0.0],[6.0292,61.1875,0.0],[6.0375,61.1917,54.8505],[6.0516,61.1922,0.0],[6.0536,61.1943,0.0],[6.0547,61.1995,48.4912],[6.0578,61.2005,0.0],[6.0599,61.2047,0.0],[6.0609,61.2141,0.0],[6.0646,61.2167,0.0],[6.0745,61.2161,4.3644],[6.0734,61.2109,0.0],[6.0807,61.2078,0.0],[6.0813,61.2062,0.0],[6.0807,61.2026,0.0],[6.0755,61.1995,0.0],[6.075,61.1917,0.0],[6.0724,61.1859,27.8233],[6.0589,61.1786,146.6905],[6.0661,61.1755,543.6579],[6.0604,61.1729,663.2903],[6.0375,61.1729,466.7578],[6.0276,61.1703,492.9551],[6.0266,61.1672,660.1343],[6.0188,61.1646,558.5687],[6.0089,61.1641,79.867],[6.012,61.162,176.2772],[6.013,61.1589,0.0],[6.037,61.1557,29.309],[6.0453,61.1516,17.3018],[6.05,61.1458,0.0],[6.0854,61.1479,0.0],[6.0896,61.15,16.571],[6.0979,61.15,0.0],[6.1042,61.1542,53.3801],[6.1083,61.1521,0.0],[6.1208,61.1563,66.3826],[6.1266,61.1557,70.8011],[6.1333,61.1521,0.0],[6.1563,61.1583,0.0],[6.1833,61.1583,0.0],[6.1859,61.162,11.4662],[6.1891,61.163,0.0],[6.1859,61.1661,92.4599],[6.1911,61.1672,0.0],[6.1922,61.1724,33.0396],[6.2099,61.1818,0.0],[6.2109,61.1849,34.2605],[6.2229,61.1854,0.0],[6.2245,61.1839,29.7226],[6.2151,61.1807,0.0],[6.2141,61.1755,8.9812],[6.2089,61.1745,0.0],[6.2078,61.1672,71.3892],[6.2047,61.1651,0.0],[6.2068,61.163,0.0],[6.2125,61.1625,0.0],[6.2193,61.1589,0.0],[6.2266,61.1578,0.0],[6.2432,61.1495,0.0],[6.2422,61.1464,0.0],[6.2505,61.1422,0.0],[6.2578,61.1411,0.0],[6.2589,61.138,0.0],[6.2661,61.137,0.0],[6.2688,61.1333,0.0],[6.2896,61.1333,0.0],[6.2937,61.1354,0.0],[6.2979,61.1333,0.0],[6.3078,61.1328,0.0],[6.3104,61.1292,11.9355],[6.3187,61.1292,29.3697],[6.3229,61.1271,0.0],[6.3354,61.1271,33.3628],[6.338,61.1234,17.399],[6.3422,61.1214,38.4987],[6.3479,61.1208,0.0],[6.3536,61.1182,70.0987],[6.3568,61.113,0.0],[6.3667,61.1125,33.469],[6.3708,61.1104,0.0],[6.3938,61.1104,0.0],[6.4146,61.1167,17.6587],[6.4229,61.1125,0.0],[6.4542,61.1125,0.0],[6.4583,61.1146,26.7151],[6.4708,61.1146,0.0],[6.475,61.1188,0.0],[6.4708,61.1229,0.0],[6.4714,61.1266,0.0],[6.4729,61.1271,5.5127],[6.4875,61.1271,0.0],[6.4891,61.1286,0.0],[6.4859,61.1307,0.0],[6.4875,61.1312,0.0],[6.5104,61.1312,0.0],[6.5188,61.1354,9.1701],[6.5313,61.1354,0.0],[6.5474,61.1401,0.0],[6.5437,61.1437,6.5327],[6.5453,61.1474,0.0],[6.5417,61.15,0.0],[6.5422,61.1557,16.5253],[6.5474,61.1568,0.0],[6.5479,61.1583,0.0],[6.5437,61.1625,5.4975],[6.5458,61.1688,0.0],[6.5453,61.1703,0.0],[6.538,61.1734,0.0],[6.537,61.1766,0.0],[6.5339,61.1776,7.9703],[6.5396,61.1833,0.0],[6.5391,61.1849,0.0],[6.5318,61.1859,15.9343],[6.5333,61.1917,0.0],[6.5297,61.1943,0.0],[6.5328,61.1964,0.0],[6.5354,61.2021,0.0],[6.5359,61.2078,3.2913],[6.5391,61.2099,0.0],[6.5313,61.2125,0.0],[6.5208,61.2104,137.4835],[6.5083,61.2146,0.0],[6.5,61.2146,0.0],[6.4943,61.2172,0.0],[6.4922,61.2203,0.0],[6.5146,61.2188,42.5507],[6.5188,61.2167,0.0],[6.5354,61.2167,6.1122],[6.5396,61.2125,0.0],[6.5437,61.2125,0.0],[6.5479,61.2146,21.5069],[6.5604,61.2146,0.0],[6.5646,61.2125,25.2248],[6.5682,61.2151,0.0],[6.5667,61.2167,0.0],[6.5609,61.2172,13.6278],[6.5599,61.2224,0.0],[6.5484,61.2276,5.5172],[6.5505,61.237,99.0088],[6.5557,61.238,0.0],[6.5563,61.2438,0.0],[6.5557,61.2453,0.0],[6.5484,61.2484,99.1045],[6.5495,61.2516,0.0],[6.5464,61.2526,0.0],[6.5453,61.2578,0.0],[6.5422,61.2589,0.0],[6.5432,61.262,0.0],[6.5313,61.2625,46.9436],[6.5234,61.2651,25.917],[6.5068,61.2734,0.0],[6.5068,61.2766,0.0],[6.525,61.2708,0.0],[6.5453,61.2714,0.0],[6.55,61.275,0.0],[6.5495,61.2786,0.0],[6.5464,61.2807,58.0912],[6.5516,61.2818,0.0],[6.5521,61.2833,0.0],[6.5516,61.2891,0.0],[6.5484,61.2911,33.7342],[6.5536,61.2943,0.0],[6.5547,61.2995,0.0],[6.5661,61.2974,37.1263],[6.5661,61.288,40.7823],[6.5609,61.2859,0.0],[6.5682,61.2818,75.8757],[6.5651,61.2807,0.0],[6.5625,61.275,0.0],[6.5625,61.2708,0.0],[6.5661,61.2682,27.5711],[6.5651,61.263,0.0],[6.5682,61.262,0.0],[6.5693,61.2568,0.0],[6.5729,61.2521,0.0],[6.5771,61.2542,17.2227],[6.5849,61.2547,0.0],[6.5917,61.2583,0.0],[6.5974,61.2589,0.0],[6.6047,61.2641,14.5834],[6.612,61.2651,0.0],[6.6151,61.2703,0.0],[6.6328,61.2776,0.0],[6.6339,61.2807,142.0042],[6.6438,61.2833,88.4158],[6.65,61.2813,0.0],[6.6557,61.2839,0.0],[6.6578,61.2932,6.4529],[6.6547,61.2953,31.4121],[6.6578,61.2964,0.0],[6.6609,61.3036,0.0],[6.6641,61.3047,0.0],[6.6651,61.3099,0.0],[6.6703,61.3109,0.0],[6.6714,61.3182,0.0],[6.6849,61.3234,0.0],[6.6818,61.3266,14.1736],[6.6911,61.3297,0.0],[6.6922,61.3349,0.0],[6.6974,61.3359,0.0],[6.6984,61.3391,0.0],[6.7026,61.3411,0.0],[6.7078,61.3422,0.0],[6.7089,61.3453,17.4083],[6.7188,61.3479,0.0],[6.7307,61.3484,0.0],[6.7234,61.3526,0.0],[6.7271,61.3563,0.0],[6.725,61.3604,0.0],[6.725,61.3667,0.0],[6.7255,61.3682,15.0183],[6.7307,61.3693,0.0],[6.7318,61.3766,9.1595],[6.737,61.3776,0.0],[6.738,61.3807,0.0],[6.7411,61.3818,0.0],[6.738,61.3849,37.533],[6.7432,61.3859,0.0],[6.7438,61.3875,0.0],[6.7432,61.3911,0.0],[6.7396,61.3937,35.656],[6.7417,61.3979,0.0],[6.7417,61.4042,0.0],[6.7443,61.4099,0.0],[6.7474,61.4109,0.0],[6.7505,61.4182,0.0],[6.7521,61.4188,0.0],[6.762,61.413,25.0646],[6.7568,61.4099,0.0],[6.7599,61.4068,32.5638],[6.7568,61.4057,0.0],[6.7542,61.4021,0.0],[6.7578,61.3984,46.7346],[6.7547,61.3974,0.0],[6.7516,61.388,0.0],[6.7484,61.387,0.0],[6.7458,61.3833,0.0],[6.7464,61.3776,0.0],[6.7495,61.3755,6.789],[6.7438,61.3708,0.0],[6.7479,61.3667,25.8662],[6.7417,61.3604,0.0],[6.7458,61.3563,0.0],[6.7432,61.3464,48.7582],[6.7339,61.3453,0.0],[6.7328,61.3401,47.1298],[6.7234,61.3391,0.0],[6.7109,61.3328,0.0],[6.7078,61.3276,0.0],[6.7047,61.3266,0.0],[6.7078,61.3234,124.291],[6.6984,61.3224,0.0],[6.6974,61.3193,0.0],[6.6943,61.3182,0.0],[6.6974,61.3151,24.8081],[6.6839,61.312,0.0],[6.6833,61.3083,0.0],[6.6854,61.3042,0.0],[6.6818,61.3016,0.0],[6.6792,61.2938,0.0],[6.6797,61.2901,0.0],[6.6833,61.2875,0.0],[6.6807,61.2776,205.4051],[6.6729,61.2771,0.0],[6.6708,61.275,68.5881],[6.6755,61.2714,316.0004],[6.6854,61.2708,657.607],[6.687,61.2692,956.572],[6.6771,61.2667,814.6683],[6.6583,61.2667,358.9857],[6.6542,61.2646,359.2714],[6.65,61.2667,31.4402],[6.6474,61.263,77.8306],[6.638,61.262,0.0],[6.638,61.2589,0.0],[6.6411,61.2578,136.9202],[6.6411,61.2526,597.3978],[6.6375,61.2521,518.1771],[6.6333,61.2542,16.6389],[6.6266,61.2505,48.7573],[6.6193,61.2495,15.7499],[6.6167,61.2458,210.082],[6.6203,61.2422,512.6117],[6.5958,61.2417,101.7276],[6.5859,61.237,0.0],[6.5833,61.2313,0.0],[6.5839,61.2234,0.0],[6.5901,61.2227,49.3898],[6.5932,61.2203,0.0],[6.5943,61.213,0.0],[6.5974,61.212,15.0282],[6.5964,61.2068,0.0],[6.6208,61.2062,0.0],[6.625,61.2083,0.0],[6.6417,61.2083,40.4483],[6.6625,61.2021,0.0],[6.6667,61.2021,0.0],[6.6708,61.2042,41.7283],[6.675,61.2021,0.0],[6.6833,61.2021,0.0],[6.6875,61.2,0.0],[6.6958,61.2,29.4971],[6.6984,61.1964,0.0],[6.7016,61.1953,0.0],[6.7005,61.1901,0.0],[6.7078,61.1891,61.4797],[6.7047,61.1859,0.0],[6.712,61.1849,44.0556],[6.7146,61.1813,0.0],[6.7438,61.1813,0.0],[6.7479,61.1833,36.406],[6.7521,61.1813,0.0],[6.7917,61.1813,0.0],[6.7958,61.1833,5.3151],[6.8063,61.1833,0.0],[6.8104,61.1854,0.0],[6.8146,61.1833,0.0],[6.8188,61.1833,0.0],[6.8229,61.1854,0.0],[6.8438,61.1854,0.0],[6.8687,61.1729,0.0],[6.8729,61.1729,0.0],[6.8771,61.175,60.8092],[6.8911,61.1745,78.1468],[6.8922,61.1714,0.0],[6.8964,61.1693,0.0],[6.9021,61.1667,0.0],[6.9078,61.1661,202.906],[6.9125,61.1604,0.0],[6.9333,61.1604,7.3443],[6.9375,61.1583,0.0],[6.9438,61.1583,0.0],[6.9521,61.1625,0.0],[6.9563,61.1625,12.5198],[6.9688,61.1583,0.0],[6.9813,61.1583,0.0],[6.9854,61.1563,0.0],[6.9953,61.1589,21.6937],[6.9974,61.1609,0.0],[6.9984,61.1703,0.0],[7.0036,61.1714,0.0],[7.0167,61.1792,0.0],[7.0224,61.1776,0.0],[7.0255,61.1911,0.0],[7.0391,61.1922,0.0],[7.0359,61.1953,0.0],[7.0458,61.1958,0.0],[7.0578,61.2005,0.0],[7.0589,61.2036,0.0],[7.062,61.2047,0.0],[7.0646,61.2083,18.591],[7.0833,61.2083,0.0],[7.0953,61.213,0.0],[7.0995,61.2151,0.0],[7.1005,61.2203,0.0],[7.1057,61.2214,0.0],[7.1068,61.2286,0.0],[7.1104,61.2313,0.0],[7.1203,61.2307,0.0],[7.1245,61.2286,0.0],[7.1266,61.2245,11.0465],[7.1229,61.2208,0.0],[7.1266,61.2172,39.1784],[7.1214,61.2161,0.0],[7.1203,61.213,0.0],[7.1172,61.212,0.0],[7.1214,61.2089,0.0],[7.1521,61.2083,43.1282],[7.1604,61.2042,0.0],[7.1703,61.2036,18.0875],[7.1703,61.2005,0.0],[7.1667,61.1979,162.4503],[7.1625,61.1979,122.4082],[7.1583,61.2,0.0],[7.0979,61.2,0.0],[7.0938,61.1979,71.1438],[7.0896,61.1979,89.5447],[7.0854,61.2,0.0],[7.0734,61.1953,0.0],[7.0708,61.1917,22.9506],[7.0479,61.1917,0.0],[7.0438,61.1896,0.0],[7.0396,61.1896,0.0],[7.038,61.188,0.0],[7.0411,61.1859,54.3866],[7.0318,61.1828,0.0],[7.0313,61.1813,0.0],[7.0349,61.1786,14.1855],[7.0349,61.1734,145.9186],[7.0172,61.1724,0.0],[7.0203,61.1703,0.0],[7.0203,61.1672,59.2257],[7.0182,61.1651,163.766],[7.0109,61.1641,0.0],[7.0099,61.1589,48.3255],[7.0005,61.1557,0.0],[6.9995,61.1526,12.9225],[6.9917,61.1521,0.0],[6.9875,61.15,0.0],[6.9792,61.15,0.0],[6.975,61.1521,0.0],[6.9583,61.1521,35.599],[6.9526,61.1484,162.9718],[6.9625,61.1479,184.1068],[6.9641,61.1464,266.7899],[6.9563,61.1437,571.9454],[6.9479,61.1437,494.6429],[6.9438,61.1417,521.046],[6.9318,61.1411,144.18],[6.9432,61.1328,145.1355],[6.9422,61.1297,48.3005],[6.9495,61.1286,176.4169],[6.9464,61.1255,126.7915],[6.9495,61.1245,253.317],[6.9495,61.1214,237.6197],[6.9443,61.1203,86.1114],[6.9474,61.1172,218.0023],[6.9443,61.1161,133.4768],[6.9443,61.113,12.1233],[6.9542,61.1125,0.0],[6.9583,61.1146,71.6739],[6.9625,61.1146,192.5563],[6.975,61.1104,0.0],[6.9792,61.1104,26.0023],[6.9875,61.1063,28.383],[6.9958,61.1063,0.0],[6.9974,61.1068,0.0],[7.0,61.1125,0.0],[7.0005,61.1203,0.0],[7.0099,61.1234,0.0],[7.0125,61.1271,60.6622],[7.0328,61.1297,0.0],[7.0417,61.1354,35.7796],[7.0458,61.1333,0.0],[7.0583,61.1375,37.2793],[7.0625,61.1375,10.6485],[7.0667,61.1354,0.0],[7.0792,61.1354,17.8747],[7.0833,61.1333,0.0],[7.0875,61.1333,0.0],[7.0917,61.1354,0.0],[7.1063,61.1354,0.0],[7.1146,61.1396,95.4087],[7.1333,61.1396,0.0],[7.1458,61.1437,0.0],[7.1542,61.1437,0.0],[7.1583,61.1417,0.0],[7.1729,61.1417,0.0],[7.1786,61.1443,0.0],[7.1755,61.1464,28.3371],[7.1766,61.1516,0.0],[7.1734,61.1526,14.251],[7.1734,61.1578,11.0481],[7.1828,61.1609,0.0],[7.1839,61.1641,12.9355],[7.188,61.1661,0.0],[7.1958,61.1667,0.0],[7.2,61.1688,49.5822],[7.2042,61.1667,0.0],[7.2167,61.1667,0.0],[7.2208,61.1688,32.4888],[7.2411,61.1693,0.0],[7.2458,61.1729,81.4708],[7.2432,61.1807,0.0],[7.2401,61.1818,3.0542],[7.2417,61.1833,0.0],[7.2599,61.1807,21.6445],[7.2589,61.1693,56.8369],[7.2854,61.1625,21.2883],[7.3063,61.1604,12.2529],[7.3104,61.1583,0.0],[7.3313,61.1583,53.5053],[7.3401,61.1641,130.9134],[7.3583,61.1667,44.071],[7.3714,61.1724,93.0838],[7.3786,61.1734,0.0],[7.3849,61.1776,29.4285],[7.3792,61.1813,369.0249],[7.3651,61.1839,414.6699],[7.3703,61.187,70.0581],[7.363,61.188,186.4436],[7.3589,61.1901,305.953],[7.3578,61.1932,64.1708],[7.3505,61.1964,138.4825],[7.3557,61.2016,0.0],[7.3484,61.2047,93.4921],[7.3495,61.2078,0.0],[7.3464,61.2089,31.7445],[7.3453,61.2141,0.0],[7.3422,61.2151,117.9748],[7.3474,61.2182,0.0],[7.3443,61.2193,74.5729],[7.3432,61.2245,21.8839],[7.3401,61.2255,95.3541],[7.3411,61.2307,0.0],[7.338,61.2318,88.6405],[7.3411,61.2339,0.0],[7.338,61.237,76.0573],[7.3417,61.2479,0.0],[7.3411,61.2495,0.0],[7.3339,61.2526,309.3503],[7.3349,61.2578,0.0],[7.3276,61.2589,187.5116],[7.325,61.2625,233.8885],[7.3167,61.2625,537.6698],[7.3125,61.2646,437.5275],[7.3,61.2646,659.2645],[7.2932,61.2682,230.514],[7.2859,61.2693,541.4851],[7.2776,61.2734,481.7016],[7.2786,61.2786,83.0241],[7.2672,61.2839,124.0423],[7.2682,61.287,7.4051],[7.2651,61.288,0.0],[7.2641,61.2911,58.0563],[7.2526,61.2964,29.7435],[7.2547,61.3016,0.0],[7.2604,61.3042,30.5362],[7.2724,61.3047,0.0],[7.2734,61.3078,0.0],[7.287,61.313,0.0],[7.288,61.3161,0.0],[7.2922,61.3182,0.0],[7.2974,61.3193,0.0],[7.3083,61.325,0.0],[7.3229,61.3271,0.0],[7.3318,61.3328,0.0],[7.3391,61.3339,0.0],[7.3422,61.3391,0.0],[7.3453,61.3401,0.0],[7.3464,61.3453,6.6876],[7.3516,61.3464,0.0],[7.3443,61.3505,97.534],[7.3438,61.3542,104.0695],[7.3453,61.3578,0.0],[7.3417,61.3604,78.1961],[7.3432,61.3682,0.0],[7.3359,61.3693,52.3669],[7.3266,61.3745,0.0],[7.3193,61.3755,17.2168],[7.3125,61.3792,7.2531],[7.3068,61.3797,30.5046],[7.2995,61.3849,0.0],[7.288,61.3901,0.0],[7.288,61.3932,0.0],[7.2917,61.3958,2.4222],[7.3,61.3958,0.0],[7.3083,61.3917,0.0],[7.3167,61.3917,118.5582],[7.3208,61.3896,0.0],[7.325,61.3917,100.7398],[7.3292,61.3917,62.82],[7.3333,61.3896,0.0],[7.3417,61.3896,114.6078],[7.3526,61.3839,24.9254],[7.3667,61.3812,0.0],[7.3724,61.3839,0.0],[7.3755,61.3932,15.9328],[7.3797,61.3953,18.8527],[7.3917,61.3979,0.0],[7.4,61.4021,1.9739],[7.4063,61.4021,0.0],[7.4188,61.4063,27.9703],[7.4292,61.4063,0.0],[7.4391,61.4109,5.7799],[7.4411,61.413,0.0],[7.4417,61.4188,20.354],[7.4443,61.4245,0.0],[7.4474,61.4255,0.0],[7.4495,61.4297,18.3146],[7.4505,61.437,0.0],[7.4557,61.438,0.0],[7.4568,61.4411,0.0],[7.4667,61.4437,0.0],[7.4771,61.4437,0.0],[7.4813,61.4458,0.0],[7.4958,61.4458,0.0],[7.5016,61.4484,0.0],[7.5026,61.4516,0.0],[7.5104,61.4521,0.0],[7.5146,61.4542,0.0],[7.5182,61.4505,0.0],[7.5125,61.45,0.0],[7.5109,61.4484,0.0],[7.5224,61.4422,562.3085],[7.5146,61.4396,438.6465],[7.5104,61.4396,121.6348],[7.5063,61.4417,0.0],[7.5036,61.438,67.8347],[7.4984,61.437,11.0798],[7.4979,61.4313,135.4164],[7.4953,61.4255,38.6395],[7.4922,61.4245,15.889099999999999],[7.4911,61.4214,18.8677],[7.4859,61.4203,0.0],[7.4896,61.4167,35.9435],[7.487,61.4089,41.9133],[7.4776,61.4036,105.5557],[7.4766,61.3964,366.4105],[7.4604,61.3958,287.97],[7.4563,61.3979,52.9419],[7.4542,61.3958,126.8055],[7.4578,61.3922,442.3029],[7.4375,61.3917,144.8314],[7.4349,61.388,106.8904],[7.4255,61.387,0.0],[7.4271,61.3854,18.9862],[7.437,61.3849,262.7933],[7.437,61.3818,177.1238],[7.4339,61.3807,199.2909],[7.4307,61.3755,700.7781],[7.4151,61.3745,159.2609],[7.413,61.3693,122.9528],[7.4161,61.3672,390.7698],[7.4083,61.3646,209.8139],[7.4083,61.3625,282.9668],[7.4042,61.3625,122.4075],[7.3984,61.3599,0.0],[7.3974,61.3568,116.6774],[7.3922,61.3557,0.0],[7.4,61.35,82.8989],[7.3995,61.3484,72.5589],[7.3943,61.3474,0.0],[7.3938,61.3458,0.0],[7.3974,61.3432,67.2726],[7.3943,61.3411,0.0],[7.3974,61.338,47.1511],[7.3938,61.3271,276.5199],[7.3974,61.3245,646.1179],[7.3974,61.3214,830.0625],[7.3875,61.3229,400.8073],[7.3797,61.3203,171.2499],[7.3786,61.3172,362.5672],[7.3745,61.3151,409.8331],[7.3609,61.3141,0.0],[7.3599,61.3089,259.7314],[7.3505,61.3078,233.778],[7.3578,61.3047,585.4008],[7.3479,61.3,829.3734],[7.3401,61.3005,466.1281],[7.3411,61.3036,335.2748],[7.3396,61.3042,230.7688],[7.325,61.3042,0.0],[7.3151,61.2995,31.3759],[7.3146,61.2979,42.1406],[7.3172,61.2943,0.0],[7.3245,61.2932,51.015],[7.3255,61.2901,0.0],[7.3297,61.288,33.037],[7.3536,61.2828,71.8463],[7.3589,61.2797,64.4051],[7.3609,61.2755,51.937],[7.3693,61.2714,0.0],[7.3807,61.2703,102.1509],[7.3818,61.2672,79.15],[7.387,61.2641,287.2929],[7.3875,61.2583,218.0561],[7.3833,61.2458,0.0],[7.3833,61.2417,0.0],[7.3891,61.237,149.4183],[7.3901,61.2339,111.8807],[7.3932,61.2328,173.1511],[7.3943,61.2276,93.1228],[7.3995,61.2245,314.1268],[7.3995,61.2214,275.0572],[7.3943,61.2182,89.6072],[7.3979,61.2146,275.1432],[7.3964,61.2068,38.751],[7.4146,61.2021,0.0],[7.4229,61.2021,152.2508],[7.4271,61.2,12.1019],[7.4625,61.2,0.0],[7.4667,61.2021,70.1363],[7.475,61.2021,28.3539],[7.4792,61.2042,116.2486],[7.4938,61.2042,0.0],[7.4964,61.2078,0.0],[7.5062,61.2104,22.1639],[7.5125,61.2083,0.0],[7.5167,61.2104,0.0],[7.525,61.2104,0.0],[7.5292,61.2083,0.0],[7.5458,61.2083,33.298],[7.55,61.2062,0.0],[7.5542,61.2083,0.0],[7.5687,61.2083,0.0],[7.5729,61.2104,0.0],[7.5786,61.2099,0.0],[7.5792,61.2083,0.0],[7.575,61.2042,0.0],[7.5354,61.2042,0.0],[7.5312,61.2,0.0],[7.5125,61.2,0.0],[7.5104,61.1979,0.0],[7.5141,61.1953,0.0],[7.5125,61.1937,0.0],[7.4922,61.1932,0.0],[7.4911,61.1859,0.0],[7.4859,61.1828,0.0],[7.4849,61.1797,85.1367],[7.4792,61.1813,0.0],[7.475,61.1792,41.3828],[7.4708,61.1813,0.0],[7.4667,61.1792,0.0],[7.4589,61.1786,0.0],[7.4578,61.1755,25.2802],[7.4547,61.1745,42.098],[7.4516,61.1693,174.8734],[7.4484,61.1682,103.6127],[7.4474,61.1651,157.6262],[7.4422,61.1641,106.2884],[7.4411,61.1609,136.7223],[7.4328,61.1568,175.1902],[7.4276,61.1557,103.0252],[7.4307,61.1526,317.2699],[7.4208,61.15,201.5456],[7.4063,61.15,65.9919],[7.3818,61.1432,0.0],[7.3833,61.1417,0.0],[7.3958,61.1417,0.0],[7.4057,61.1391,27.0674],[7.4068,61.1359,0.0],[7.412,61.1328,0.0],[7.413,61.1297,0.0],[7.4161,61.1286,0.0],[7.4193,61.1172,0.0],[7.4224,61.1161,0.0],[7.4255,61.1109,0.0],[7.4375,61.1104,0.0],[7.4417,61.1125,0.0],[7.4458,61.1104,0.0],[7.45,61.1104,0.0],[7.4542,61.1125,0.0],[7.4583,61.1125,158.2154],[7.4609,61.1089,0.0],[7.4682,61.1078,59.9089],[7.4703,61.1057,0.0],[7.4646,61.1021,0.0],[7.4521,61.1083,0.0],[7.4479,61.1063,0.0],[7.4354,61.1063,0.0],[7.425,61.1021,0.0],[7.4234,61.1026,0.0],[7.4245,61.1057,0.0],[7.4146,61.1063,0.0],[7.3922,61.1151,0.0],[7.3932,61.1182,0.0],[7.3901,61.1193,0.0],[7.3891,61.1224,0.0],[7.3792,61.125,0.0],[7.3734,61.1224,69.3077],[7.3688,61.1167,678.6403],[7.3646,61.1188,532.8679],[7.3458,61.1188,461.0327],[7.3458,61.1208,320.2347],[7.3354,61.1208,32.2887],[7.3313,61.1229,0.0],[7.3188,61.1229,65.8672],[7.3146,61.125,0.0],[7.3063,61.125,132.4292],[7.3021,61.1292,0.0],[7.288,61.1297,386.1977],[7.2839,61.1318,365.696],[7.2849,61.1349,109.8002],[7.2833,61.1354,147.3551],[7.2609,61.138,492.9473],[7.2526,61.1422,340.4118],[7.2516,61.1453,118.5713],[7.2417,61.1479,0.0],[7.2359,61.1453,0.0],[7.2328,61.1359,0.0],[7.2297,61.1349,0.0],[7.2266,61.1297,0.0],[7.2234,61.1286,0.0],[7.2224,61.1255,0.0],[7.2193,61.1255,0.0],[7.2188,61.1292,0.0],[7.2245,61.1339,0.0],[7.2245,61.137,0.0],[7.2229,61.1375,0.0],[7.2172,61.137,0.0],[7.2151,61.1349,0.0],[7.2141,61.1297,0.0],[7.2125,61.1292,0.0],[7.2083,61.1312,0.0],[7.2021,61.1312,0.0],[7.2021,61.1292,0.0],[7.2057,61.1286,0.0],[7.2036,61.1234,0.0],[7.2005,61.1224,0.0],[7.1974,61.1172,0.0],[7.1917,61.1146,120.8222],[7.1813,61.1167,19.2429],[7.1813,61.1188,0.0],[7.1625,61.1188,0.0],[7.1583,61.1167,91.8923],[7.1542,61.1188,0.0],[7.1505,61.1161,0.0],[7.1495,61.113,108.3296],[7.1422,61.112,36.3638],[7.1391,61.1068,361.4502],[7.1333,61.1042,454.9938],[7.1193,61.1089,20.345],[7.1245,61.112,0.0],[7.1146,61.1167,0.0],[7.112,61.113,0.0],[7.1026,61.1099,0.0],[7.1063,61.1063,147.3071],[7.1042,61.1042,363.8581],[7.0688,61.1063,343.0222],[7.0672,61.1078,266.508],[7.0703,61.1089,98.3996],[7.0724,61.112,0.0],[7.0667,61.1125,0.0],[7.0401,61.1016,16.4575],[7.037,61.0901,228.8943],[7.0276,61.0859,0.0],[7.0333,61.0833,0.0],[7.0391,61.0828,95.0447],[7.038,61.0734,0.0],[7.0411,61.0724,86.2964],[7.0422,61.0672,0.0],[7.0453,61.0661,31.7861],[7.0443,61.063,0.0],[7.0516,61.0599,152.9299],[7.0536,61.0526,562.9726],[7.0505,61.0516,348.5986],[7.0479,61.0479,537.1542],[7.0359,61.0474,0.0],[7.0359,61.0443,0.0],[7.0432,61.0411,95.5699],[7.0422,61.0318,0.0],[7.0536,61.0266,64.2539],[7.0599,61.0224,164.872],[7.0609,61.0193,64.1527],[7.0667,61.0187,313.3709],[7.0724,61.0203,546.9571],[7.0724,61.0172,760.6671],[7.0609,61.0161,177.099],[7.0547,61.0109,0.0],[7.062,61.0099,0.0],[7.0703,61.0057,57.075],[7.0682,61.0026,0.0],[7.0651,61.0016,0.0],[7.0651,60.9984,0.0],[7.0766,60.9974,216.1682],[7.0766,60.9943,286.7955],[7.0714,60.9932,0.0],[7.0708,60.9917,0.0],[7.0714,60.9901,0.0],[7.0786,60.987,35.5585],[7.0818,60.9776,0.0],[7.0943,60.9714,53.4471],[7.1078,60.9682,0.0],[7.112,60.9661,49.3561],[7.113,60.963,16.766],[7.125,60.9562,0.0],[7.1375,60.9562,31.3482],[7.1417,60.9542,0.0],[7.1646,60.9542,110.7557],[7.1687,60.9521,53.6774],[7.1786,60.9516,97.2313],[7.1818,60.9484,0.0],[7.1891,60.9453,64.6829],[7.1924,60.9395,0.0],[7.1965,60.9237,5.8377],[7.1929,60.9163,7.604],[7.1888,60.9155,0.0],[7.1884,60.908,0.0],[7.182,60.9047,0.0],[7.1716,60.9044,0.0],[7.1677,60.898,0.0],[7.1599,60.8922,0.0],[7.1484,60.8911,0.0],[7.1516,60.888,0.0],[7.1495,60.8818,0.0],[7.1443,60.8786,0.0],[7.1432,60.8734,0.0],[7.1401,60.8724,0.0],[7.1432,60.8693,1.6761],[7.1339,60.8703,0.0],[7.1339,60.8672,0.0],[7.137,60.8651,34.9794],[7.1271,60.8625,56.9818],[7.1214,60.863,0.0],[7.1214,60.8682,0.0],[7.1307,60.8734,0.0],[7.1318,60.8807,34.0989],[7.1411,60.8839,0.0],[7.1443,60.8932,0.0],[7.1474,60.8943,0.0],[7.1495,60.8984,0.0],[7.1505,60.9036,0.0],[7.1578,60.9026,0.0],[7.1563,60.9125,0.0],[7.1568,60.9141,0.0],[7.162,60.9161,0.0],[7.1547,60.9214,0.0],[7.1557,60.9266,0.0],[7.1526,60.9286,0.0],[7.1557,60.9297,0.0],[7.1563,60.9333,0.0],[7.1547,60.937,0.0],[7.1578,60.9391,0.0],[7.1479,60.9417,0.0],[7.1396,60.9417,160.7655],[7.1354,60.9437,165.9322],[7.1271,60.9437,340.5517],[7.1188,60.9479,92.7309],[7.1089,60.9484,284.616],[7.1099,60.9516,0.0],[7.1026,60.9526,0.0],[7.1016,60.9557,0.0],[7.0943,60.9568,0.0],[7.0745,60.9682,0.0],[7.0672,60.9693,209.9321],[7.0661,60.9724,29.876],[7.063,60.9734,285.4659],[7.0641,60.9766,0.0],[7.05,60.9813,672.6805],[7.0443,60.9807,211.1086],[7.0396,60.9771,211.2985],[7.0333,60.9771,0.0],[7.0339,60.9755,0.0],[7.0396,60.975,316.9511],[7.0411,60.9734,591.0892],[7.0292,60.9667,930.914],[7.0068,60.9714,0.0],[7.0089,60.9766,0.0],[7.0203,60.9776,0.0],[7.0172,60.9807,67.2749],[7.0224,60.9818,0.0],[7.0234,60.9849,0.0],[7.0266,60.9859,0.0],[7.0297,60.9953,0.0],[7.0391,60.9995,0.0],[7.0359,61.0005,0.0],[7.0307,61.0078,0.0],[7.0276,61.0089,61.4791],[7.0292,61.0125,0.0],[7.0286,61.0182,0.0],[7.0193,61.0214,298.7382],[7.0224,61.0245,7.5233],[7.0151,61.0255,374.8023],[7.0182,61.0286,0.0],[7.0109,61.0297,504.5282],[7.0167,61.0354,18.9009],[7.0161,61.037,60.7623],[7.0089,61.0401,325.5622],[7.0125,61.0563,0.0],[7.0089,61.0589,59.7994],[7.0099,61.0641,0.0],[7.0,61.0687,98.1125],[6.9943,61.0672,257.9814],[6.9943,61.0703,47.3422],[6.9974,61.0724,0.0],[6.9917,61.0729,0.0],[6.9859,61.0714,149.3352],[6.987,61.0766,0.0],[6.9771,61.0812,113.2345],[6.9479,61.0833,135.3725],[6.9443,61.0807,39.2543],[6.9432,61.0755,18.4031],[6.9333,61.075,5.1704],[6.9234,61.0776,0.0],[6.9125,61.0833,42.774],[6.9,61.0833,207.7312],[6.8917,61.0875,27.8402],[6.8818,61.088,22.0344],[6.8828,61.0932,0.0],[6.8755,61.0964,78.6043],[6.875,61.1,0.0],[6.8776,61.1036,0.0],[6.8807,61.1047,0.0],[6.8833,61.1125,0.0],[6.8797,61.1151,53.389],[6.8786,61.1203,9.185],[6.8734,61.1234,125.1031],[6.8724,61.1286,76.5967],[6.8693,61.1297,313.3298],[6.8703,61.1328,189.4353],[6.863,61.1339,355.675],[6.862,61.137,183.3075],[6.8578,61.1391,263.1797],[6.8505,61.1401,359.5284],[6.8495,61.1432,150.0222],[6.8417,61.1479,0.0],[6.8354,61.1458,53.5414],[6.8313,61.1458,26.1323],[6.8271,61.1479,0.0],[6.813,61.1474,0.0],[6.8089,61.1453,0.0],[6.8104,61.1375,572.1476],[6.8083,61.1354,779.0578],[6.8057,61.1391,401.1665],[6.7917,61.1437,20.3272],[6.7818,61.1411,233.6707],[6.775,61.1375,500.359],[6.7729,61.1396,301.8665],[6.7766,61.1422,58.3645],[6.7766,61.1453,0.0],[6.7708,61.1479,10.7277],[6.7651,61.1484,18.949],[6.7604,61.1521,0.0],[6.7562,61.15,0.0],[6.7417,61.1521,0.0],[6.7375,61.15,99.0587],[6.7188,61.15,96.0025],[6.7188,61.1479,305.4831],[6.7104,61.1479,279.3274],[6.7063,61.15,63.9418],[6.7021,61.1479,359.9164],[6.6932,61.1536,18.4993],[6.6776,61.1568,121.2309],[6.6766,61.1599,0.0],[6.6693,61.1609,43.2002],[6.6568,61.1672,0.0],[6.6578,61.1703,0.0],[6.6495,61.1745,0.0],[6.6354,61.175,2.5478],[6.6318,61.1724,0.0],[6.6313,61.1646,12.4644],[6.6286,61.1589,0.0],[6.6255,61.1578,0.0],[6.6234,61.1536,0.0],[6.6266,61.1516,17.771],[6.6266,61.1484,32.9546],[6.6234,61.1474,0.0],[6.6224,61.1443,17.7285],[6.6172,61.1432,0.0],[6.6161,61.1359,12.2884],[6.6109,61.1349,0.0],[6.6099,61.1297,9.363],[6.6068,61.1286,0.0],[6.6057,61.1255,6.3182],[6.6005,61.1245,0.0],[6.6078,61.1214,78.025],[6.6005,61.1203,0.0],[6.5984,61.1151,0.0],[6.6016,61.113,160.5491],[6.5943,61.112,0.0],[6.5917,61.1,0.0],[6.5953,61.0964,80.8805],[6.5901,61.0953,0.0],[6.5875,61.0917,0.0],[6.5833,61.0938,0.0],[6.5792,61.0917,0.0],[6.5776,61.0922,0.0],[6.5766,61.0974,0.0],[6.5708,61.1,54.1223],[6.5667,61.1,96.7193],[6.5625,61.0979,378.9387],[6.5542,61.0979,364.4351],[6.5526,61.0995,209.4825],[6.5583,61.1,141.0508],[6.5599,61.1016,11.6815],[6.5417,61.1042,0.0],[6.5318,61.0995,12.0395],[6.5307,61.0964,47.0442],[6.5172,61.0911,0.0],[6.5109,61.087,0.0],[6.5083,61.0833,51.9728],[6.5,61.0833,0.0],[6.4958,61.0812,133.7704],[6.4917,61.0833,0.0],[6.4854,61.0833,0.0],[6.4755,61.0807,35.9136],[6.4786,61.0786,314.3527],[6.4771,61.0771,387.8649],[6.4688,61.0771,342.735],[6.4646,61.0812,23.4728],[6.4484,61.0786,0.0],[6.4484,61.0734,278.3244],[6.4516,61.0714,491.2889],[6.4339,61.0682,28.2043],[6.4328,61.063,0.0],[6.4234,61.0599,0.0],[6.425,61.0583,0.0],[6.4307,61.0578,0.0],[6.4276,61.0557,0.0],[6.4266,61.0505,0.0],[6.4214,61.0495,0.0],[6.4203,61.0443,0.0],[6.4151,61.0411,0.0],[6.4141,61.0359,0.0],[6.4047,61.0328,0.0],[6.4036,61.0297,0.0],[6.4005,61.0286,0.0],[6.3979,61.0208,0.0],[6.3984,61.0172,0.0],[6.4042,61.0167,0.0],[6.4068,61.013,0.0],[6.4141,61.012,0.0],[6.412,61.0068,0.0],[6.4104,61.0062,5.7858],[6.3979,61.0062,113.9081],[6.3938,61.0083,75.568],[6.3896,61.0083,181.9442],[6.3854,61.0062,374.5897],[6.3813,61.0083,33.6491],[6.3771,61.0083,8.9993],[6.3729,61.0062,169.1503],[6.3688,61.0083,0.0],[6.3625,61.0042,0.0],[6.3542,61.0042,37.5492],[6.3521,61.0062,0.0],[6.3547,61.0099,0.0],[6.3604,61.0104,0.0],[6.3688,61.0146,46.0542],[6.3833,61.0146,0.0],[6.3891,61.0172,0.0],[6.3891,61.0203,0.0],[6.3854,61.0229,26.7729],[6.387,61.0286,0.0],[6.3839,61.0307,123.1247],[6.4016,61.0359,0.0],[6.4016,61.0411,0.0],[6.3984,61.0432,85.2948],[6.4036,61.0443,0.0],[6.4047,61.0516,136.8485],[6.4146,61.0583,0.0],[6.4141,61.062,0.0],[6.4109,61.063,21.2648],[6.412,61.0682,24.4441],[6.4063,61.0708,0.0],[6.3958,61.0646,308.8302],[6.3901,61.0651,225.0244],[6.3911,61.0682,0.0],[6.3854,61.0708,0.0],[6.3813,61.0687,86.6258],[6.375,61.0708,0.0],[6.3708,61.0687,78.5344],[6.3667,61.0708,0.0],[6.3625,61.0708,0.0],[6.3583,61.0667,328.5195],[6.3557,61.0703,0.0],[6.35,61.0729,0.0],[6.3458,61.0708,0.0],[6.3401,61.0714,0.0],[6.3411,61.0766,0.0],[6.3255,61.0797,0.0],[6.3229,61.0833,0.0],[6.313,61.0839,5.3993],[6.3047,61.088,0.0],[6.3057,61.0932,0.0],[6.3,61.0938,22.4768],[6.2932,61.0974,0.0],[6.2833,61.1,13.5717],[6.2604,61.1,102.7407],[6.2563,61.0979,342.6893],[6.2521,61.0979,347.6838],[6.2438,61.1021,0.0],[6.2313,61.1021,0.0],[6.2214,61.0995,70.8593],[6.2203,61.0964,287.5567],[6.2167,61.0958,399.9443],[6.2151,61.0964,333.485],[6.2167,61.1,61.1186],[6.2161,61.1036,0.0],[6.2104,61.1063,0.0],[6.2047,61.1068,58.8669],[6.1932,61.1141,0.0],[6.1833,61.1146,73.7071],[6.175,61.1188,0.0],[6.1708,61.1167,62.4861],[6.1589,61.1161,186.4358],[6.1563,61.1125,435.9102],[6.1521,61.1167,90.0217],[6.1464,61.1161,0.0],[6.1438,61.1125,43.951],[6.1354,61.1167,0.0],[6.1229,61.1167,0.0],[6.1151,61.1141,0.0],[6.1125,61.1104,287.2346],[6.0938,61.1083,0.0],[6.0896,61.1042,296.4568],[6.0854,61.1063,58.1077],[6.0813,61.1063,36.6722],[6.0786,61.1026,291.8118],[6.0667,61.1021,395.7834],[6.0625,61.1,559.2793],[6.0609,61.1016,418.8092],[6.063,61.1036,361.2178],[6.0688,61.1063,129.6089],[6.0745,61.1068,66.4863],[6.0745,61.1099,0.0],[6.0688,61.1125,13.2301],[6.0604,61.1125,103.6495],[6.0547,61.1099,51.808],[6.0521,61.1063,133.623],[6.0396,61.1063,0.0],[6.0297,61.1109,64.8419],[6.0271,61.1146,31.8969],[6.0229,61.1125,301.7085],[6.0188,61.1167,6.0092],[6.0146,61.1167,14.1919],[6.0104,61.1188,0.0],[6.0047,61.1172,138.2037],[6.0036,61.1203,0.0],[6.0005,61.1214,0.0],[5.9974,61.1266,0.0],[5.9917,61.1292,0.0],[5.9813,61.1292,0.0],[5.9771,61.125,377.9374],[5.9688,61.125,388.8471],[5.9646,61.1271,91.6534],[5.9604,61.125,309.7466],[5.9521,61.125,368.5548],[5.9438,61.1292,0.0],[5.9271,61.1292,88.9312],[5.9229,61.1312,0.0],[5.9188,61.1292,74.2667],[5.9125,61.1312,0.0],[5.9,61.1271,229.4447],[5.8958,61.1271,150.9077],[5.8901,61.1245,49.3575],[5.887,61.1193,0.0],[5.8839,61.1172,19.5457],[5.8995,61.1141,388.5514],[5.8995,61.1109,753.4473],[5.8875,61.1104,627.3452],[5.8833,61.1125,396.3232],[5.8667,61.1125,490.9357],[5.8568,61.1099,110.6171],[5.8568,61.1068,0.0],[5.8625,61.1063,169.2692],[5.8672,61.1026,0.0],[5.8745,61.1016,0.0],[5.8745,61.0943,0.0],[5.85,61.0938,501.1221],[5.8443,61.0953,55.8217],[5.8401,61.0932,0.0],[5.8391,61.0859,0.0],[5.837,61.0818,11.457],[5.8339,61.0807,0.0],[5.8328,61.0776,6.1607],[5.8234,61.0766,0.0],[5.8125,61.0708,16.3457],[5.8083,61.0708,0.0],[5.8068,61.0724,0.0],[5.8099,61.0734,0.0],[5.8109,61.0786,0.0],[5.813,61.0807,0.0],[5.8203,61.0839,0.0],[5.8229,61.0917,0.0],[5.8224,61.0953,0.0],[5.8193,61.0964,62.0862],[5.8224,61.0995,0.0],[5.8193,61.1016,142.9999],[5.8245,61.1026,0.0],[5.825,61.1042,0.0],[5.8208,61.1083,0.0],[5.8224,61.1141,0.0],[5.8193,61.1151,43.4677],[5.8224,61.1182,14.9437],[5.8,61.125,15.5229],[5.7901,61.1224,70.1254],[5.7833,61.1188,64.7872],[5.7755,61.1182,15.4361],[5.7755,61.113,0.0],[5.7786,61.112,11.7205],[5.7807,61.1068,231.3962],[5.7693,61.1057,124.5894],[5.7724,61.1026,357.5253],[5.7667,61.1,381.1742],[5.7625,61.1042,138.5731],[5.7396,61.0979,154.3504],[5.7167,61.0979,0.0],[5.7151,61.0974,0.0],[5.7141,61.0922,305.908],[5.7125,61.0917,337.4225],[5.7083,61.0917,270.0052],[5.7042,61.0938,0.0],[5.7,61.0917,50.4139],[5.6917,61.0917,4.2233],[5.6792,61.0958,18.7267],[5.6734,61.0943,31.8858],[5.6651,61.0984,76.767],[5.6625,61.1021,28.6905],[5.6438,61.1,0.0],[5.6422,61.0995,0.0],[5.6422,61.0964,49.9438],[5.6479,61.0958,239.857],[5.6495,61.0943,403.7527],[5.6396,61.0896,510.2823],[5.6318,61.0891,288.8163],[5.6234,61.0839,36.8246],[5.6292,61.0812,0.0],[5.6349,61.0807,53.6378],[5.6443,61.0755,0.0],[5.6516,61.0745,32.904],[5.663,61.0672,0.0],[5.6786,61.0641,2.4688],[5.6786,61.0589,9.8983],[5.6625,61.0583,14.4754],[5.6563,61.0625,0.0],[5.6354,61.0667,186.3071],[5.6297,61.0693,9.9653],[5.6286,61.0724,0.0],[5.6214,61.0734,147.9492],[5.6062,61.0812,108.2671],[5.6005,61.0786,86.0397],[5.5995,61.0755,82.8408],[5.5818,61.0724,20.4713],[5.5807,61.0693,6.2487],[5.5776,61.0682,42.408],[5.5807,61.0651,319.6129],[5.575,61.0625,422.6932],[5.5688,61.0646,0.0],[5.5479,61.0646,0.0],[5.5438,61.0625,104.3969],[5.5396,61.0646,6.9167],[5.5354,61.0625,180.9626],[5.5151,61.062,57.9941],[5.5141,61.0589,24.4299],[5.5057,61.0547,0.0],[5.4979,61.0542,18.3122],[5.4922,61.0516,78.175],[5.4911,61.0484,145.9314],[5.488,61.0474,97.9664],[5.4859,61.0432,125.3975],[5.4859,61.0401,0.0],[5.4896,61.0375,132.4235],[5.4896,61.0333,76.6544],[5.4875,61.0292,0.0],[5.4911,61.0266,0.0],[5.4917,61.0208,0.0],[5.4891,61.0172,0.0],[5.4859,61.0161,0.0],[5.4849,61.0109,0.0],[5.4818,61.0099,0.0],[5.4849,61.0078,0.0],[5.4833,61.0042,0.0],[5.4839,60.9964,0.0],[5.487,60.9953,77.2674],[5.4849,60.988,0.0],[5.4833,60.9875,0.0],[5.4776,60.9901,0.0],[5.4745,61.0016,0.0],[5.4708,61.0042,29.6576],[5.4724,61.0099,0.0],[5.4651,61.013,1.0866],[5.4641,61.0161,0.0],[5.4609,61.0172,0.0],[5.4604,61.0208,0.0],[5.462,61.0245,0.0],[5.4578,61.0266,9.7252],[5.4458,61.0271,0.0],[5.4375,61.0229,97.9204],[5.4333,61.025,27.5559],[5.4292,61.025,68.1781],[5.4276,61.0234,168.1855],[5.4307,61.0214,270.5729],[5.4208,61.0208,400.6086],[5.4167,61.0229,268.6929],[5.4042,61.0229,16.4148],[5.4,61.025,0.0],[5.3875,61.0271,0.0],[5.3833,61.0292,0.0],[5.375,61.0292,30.6887],[5.3708,61.0313,9.63],[5.3542,61.0313,9.4299],[5.35,61.0333,0.0],[5.3458,61.0313,15.7194],[5.3229,61.0313,0.0],[5.3208,61.0333,0.0],[5.3214,61.037,0.0],[5.3266,61.0391,8.4004],[5.3099,61.0474,0.0],[5.3042,61.0479,0.0],[5.2984,61.0505,0.0],[5.3,61.0563,0.0],[5.2964,61.0589,115.4713],[5.2953,61.062,74.788],[5.2813,61.0667,0.0],[5.2771,61.0667,0.0],[5.2729,61.0646,28.7071],[5.2604,61.0646,18.1999],[5.2563,61.0667,0.0],[5.2292,61.0667,50.0351],[5.2203,61.0724,3.5505],[5.2146,61.0729,74.3438],[5.2063,61.0771,10.7181],[5.1979,61.0771,10.1233],[5.1833,61.0708,0.0],[5.175,61.075,8.5921],[5.1708,61.0708,0.0],[5.1688,61.0729,0.0],[5.1693,61.0766,0.1595],[5.175,61.0771,2.3177],[5.1786,61.0797,8.2178],[5.1729,61.0833,0.0],[5.1625,61.0792,4.5418],[5.1583,61.0812,23.5747],[5.1526,61.0807,19.4182],[5.1526,61.0776,0.0],[5.1557,61.0755,2.8587],[5.15,61.075,10.1488],[5.1396,61.0708,0.0],[5.0979,61.0708,51.7889],[5.0917,61.0687,127.7657],[5.0875,61.0708,11.9377],[5.075,61.0646,23.1985],[5.0708,61.0646,0.0],[5.0667,61.0625,86.8865],[5.0563,61.0625,30.5354],[5.0464,61.0578,41.8779],[5.0438,61.0521,10.7365],[5.0432,61.0464,16.7741],[5.0401,61.0453,22.8469],[5.037,61.038,11.8667],[5.0297,61.0349,5.1289],[5.0328,61.0328,15.6157],[5.0339,61.0297,12.2021],[5.0438,61.0292,0.0],[5.0495,61.0266,0.0],[5.0479,61.025,6.831],[5.0318,61.0245,23.0411],[5.0396,61.0167,15.7865],[5.037,61.013,3.2317],[5.0313,61.0125,16.3739],[5.0292,61.0104,25.3784],[5.0297,61.0068,0.0],[5.0333,61.0042,43.9115],[5.0318,61.0005,8.5922],[5.0391,60.9974,46.8564],[5.0354,60.9938,0.0],[5.038,60.9797,0.0],[5.0453,60.9786,0.0],[5.0422,60.9755,7.1737],[5.0495,60.9724,22.7385],[5.0526,60.9693,0.0],[5.0625,60.9688,45.2334],[5.0667,60.9667,0.0],[5.0813,60.9667,0.0],[5.087,60.9693,0.0],[5.087,60.9745,0.0],[5.0839,60.9755,0.0],[5.0854,60.9771,0.0],[5.0911,60.9766,3.9599],[5.0922,60.9714,0.0],[5.1063,60.9708,0.0],[5.1146,60.9667,40.0784],[5.1229,60.9667,0.0],[5.1271,60.9688,8.506],[5.1417,60.9688,0.0],[5.1661,60.9755,0.0],[5.1667,60.9875,9.5099],[5.1693,60.9932,0.0],[5.1724,60.9943,0.0],[5.1734,60.9974,0.0],[5.1792,60.9979,0.0],[5.1849,60.9953,0.0],[5.1854,60.9917,0.0],[5.1849,60.9901,36.0149],[5.1755,60.9859,0.0],[5.187,60.9807,42.9413],[5.187,60.9734,84.538],[5.1818,60.9714,6.844],[5.1891,60.9672,13.0636],[5.1833,60.9667,67.7531],[5.1792,60.9688,0.0],[5.1708,60.9688,0.0],[5.1667,60.9667,40.6711],[5.1583,60.9667,69.9784],[5.1542,60.9646,194.2688],[5.1479,60.9667,0.0],[5.138,60.9641,0.0],[5.1297,60.9599,16.6028],[5.1307,60.9547,0.0],[5.1292,60.9542,0.0],[5.125,60.9562,0.0],[5.1042,60.9562,46.6999],[5.1,60.9583,0.0],[5.0792,60.9583,6.1573],[5.075,60.9562,11.3997],[5.0708,60.9562,23.1666],[5.0667,60.9583,9.5834],[5.0641,60.9547,217.0268],[5.0563,60.9542,217.0363],[5.0547,60.9557,55.0743],[5.0563,60.9562,121.2902],[5.0563,60.9583,34.3289],[5.0484,60.9589,0.0],[5.0375,60.9646,0.0],[5.0208,60.9646,12.4494],[5.0167,60.9667,0.0],[5.0104,60.9625,5.5645],[4.9964,60.962,22.9759],[4.9964,60.9589,12.101],[4.9979,60.9583,12.6398],[5.0146,60.9583,7.4871],[5.0203,60.9557,61.2917],[5.0188,60.9542,212.2969],[5.0146,60.9542,168.4187],[5.0104,60.9562,0.0],[5.0047,60.9536,19.4145],[5.0068,60.9443,0.0],[5.0104,60.9417,0.0],[5.0089,60.9359,0.0],[5.0229,60.9292,15.9655],[5.0313,60.9292,0.0],[5.0396,60.925,16.8581],[5.0495,60.9245,10.0965],[5.0495,60.9214,34.113],[5.0396,60.9208,29.4568],[5.0318,60.9182,0.0],[5.0318,60.913,17.0728],[5.0354,60.9104,0.0],[5.0333,60.9042,0.0],[5.0333,60.8979,17.57],[5.0375,60.8937,0.0],[5.0359,60.888,0.0],[5.0474,60.887,0.0],[5.0516,60.8849,21.2669],[5.0526,60.8797,0.0],[5.0557,60.8786,14.1184],[5.0557,60.8755,12.1126],[5.0464,60.8745,5.0088],[5.0479,60.8729,0.0],[5.0536,60.8724,0.0],[5.0505,60.8703,24.5994],[5.0505,60.8672,5.1704],[5.0604,60.8667,0.0],[5.0661,60.8641,0.0],[5.0661,60.8609,10.2245],[5.0583,60.8604,0.0],[5.0563,60.8583,0.0],[5.0568,60.8568,0.0],[5.0625,60.8563,15.4688],[5.0724,60.8516,11.1625],[5.0724,60.8464,3.3482],[5.0672,60.8443,6.232],[5.0896,60.8354,0.0],[5.0995,60.8349,0.0],[5.1021,60.8312,0.0],[5.1063,60.8312,0.0],[5.1104,60.8333,0.0],[5.1146,60.8312,7.2382],[5.1271,60.8312,0.0],[5.1313,60.8333,0.0],[5.1396,60.8333,8.3543],[5.1438,60.8312,5.4167],[5.1516,60.8339,0.0],[5.1479,60.8375,8.379],[5.1525,60.8411,0.0],[5.1479,60.851,107.0516],[5.1569,60.852,6.6058],[5.1548,60.8563,45.4919],[5.1638,60.8573,33.8169],[5.1617,60.8617,66.3871],[5.1708,60.8627,62.47],[5.1687,60.8671,161.9197],[5.1777,60.8681,236.832],[5.1736,60.8768,139.5025],[5.1826,60.8778,100.45],[5.1764,60.8909,149.4397],[5.1854,60.8919,217.0349],[5.1813,60.9007,392.3357],[5.2083,60.9037,166.0978],[5.2063,60.908,381.4208],[5.2243,60.91,273.6939],[5.2222,60.9144,207.5658],[5.2403,60.9164,555.2592],[5.2382,60.9208,359.7722],[5.2473,60.9218,522.8388],[5.2452,60.9261,493.2018],[5.2542,60.9271,457.3226],[5.2563,60.9227,302.1352],[5.3014,60.9277,274.0419],[5.2994,60.9321,349.0044],[5.3084,60.9331,374.6116],[5.3043,60.9418,564.0647],[5.3224,60.9438,296.03],[5.3244,60.9394,259.5439],[5.3335,60.9404,559.4679],[5.3437,60.9186,389.6582],[5.3527,60.9196,528.5004],[5.3548,60.9152,647.773],[5.3729,60.9172,449.7979],[5.3749,60.9128,517.0862],[5.4201,60.9177,652.9781],[5.418,60.9221,520.5],[5.4361,60.9241,641.1416],[5.434,60.9284,574.8057],[5.4792,60.9334,578.857],[5.4772,60.9377,624.6412],[5.4953,60.9397,251.1824],[5.5034,60.9222,517.6958],[5.5124,60.9232,644.1423],[5.5104,60.9276,668.6476],[5.5285,60.9295,695.0634],[5.5265,60.9339,712.6123],[5.5355,60.9349,735.1705],[5.5335,60.9392,606.2172],[5.5516,60.9412,723.358],[5.5495,60.9456,725.3624],[5.5676,60.9475,766.227],[5.5656,60.9519,719.9235],[5.5837,60.9538,727.9915],[5.5817,60.9582,697.5],[5.5998,60.9602,697.5],[5.5978,60.9645,728.6495],[5.6159,60.9665,750.7002],[5.6138,60.9709,744.1011],[5.632,60.9728,694.7894],[5.6299,60.9772,683.246],[5.6662,60.9811,822.3851],[5.6742,60.9636,684.5725],[5.6923,60.9655,732.4506],[5.6943,60.9611,586.5495],[5.7215,60.964,570.7463],[5.7235,60.9596,661.7077],[5.7325,60.9606,553.0009],[5.7305,60.965,663.0641],[5.7396,60.966,634.0872],[5.7356,60.9747,809.6567],[5.7537,60.9766,711.5255],[5.7517,60.981,727.5284],[5.8061,60.9868,958.3948],[5.808,60.9824,904.6574],[5.8171,60.9834,817.4875],[5.8231,60.9702,954.3842],[5.8321,60.9712,898.6273],[5.8361,60.9624,872.1379],[5.8451,60.9634,1013.0034],[5.8491,60.9546,1007.007],[5.8582,60.9556,965.8436],[5.8601,60.9512,917.4324],[5.8964,60.955,987.5435],[5.8924,60.9638,986.4988],[5.9015,60.9647,1121.0531],[5.8975,60.9735,1022.4819],[5.9066,60.9744,1110.6134],[5.9026,60.9832,1170.6969],[5.9117,60.9842,1025.4082],[5.9097,60.9885,1095.5459],[5.9188,60.9895,983.5001],[5.9168,60.993899999999996,1073.4171],[5.9259,60.9948,1159.4402],[5.9239,60.9992,1201.2511],[5.933,61.0002,1215.9691],[5.931,61.0045,1223.9316],[5.9491,61.0064,1133.6368],[5.9472,61.0108,1155.3331],[5.9835,61.0146,1049.517],[5.9815,61.019,1107.9042],[5.9997,61.0209,1046.7782],[5.9977,61.0253,1050.786],[6.0249,61.0281,1108.905],[6.023,61.0325,1033.1405],[6.0321,61.0334,1187.9971],[6.034,61.0291,1179.7051],[6.0431,61.03,1211.5062],[6.0451,61.0256,1244.8044],[6.0541,61.0266,1253.8656],[6.058,61.0178,1177.2671],[6.0671,61.0187,1161.1227],[6.0749,61.0012,1004.975],[6.084,61.0022,963.8675],[6.0899,60.989,992.285],[6.0989,60.9899,941.1845],[6.1009,60.9856,776.0663],[6.11,60.9865,699.614],[6.1119,60.9821,594.1395],[6.121,60.9831,604.7202],[6.1229,60.9787,873.2123],[6.1411,60.9805,836.2841],[6.1488,60.963,895.6229],[6.1398,60.9621,909.4432],[6.1456,60.9489,841.6597],[6.1365,60.948,926.9164],[6.1481,60.9217,1138.3784],[6.1572,60.9226,1133.3376],[6.1591,60.9182,1116.3605],[6.1682,60.9192,994.2676],[6.1701,60.9148,1133.4775],[6.1882,60.9166,1043.2896],[6.1901,60.9123,1093.0574],[6.2083,60.9141,1076.4556],[6.2102,60.9097,1011.2265],[6.2192,60.9107,970.1047],[6.2212,60.9063,971.6288],[6.2302,60.9072,930.7731],[6.2341,60.8984,831.3675],[6.2431,60.8994,863.313],[6.245,60.895,902.2939],[6.2541,60.8959,984.5046],[6.256,60.8915,1084.9935],[6.265,60.8925,1179.0759],[6.267,60.8881,1106.7694],[6.276,60.889,1098.7794],[6.2779,60.8846,1069.8599],[6.287,60.8856,1059.1156],[6.2889,60.8812,1128.6749],[6.2979,60.8821,1105.3615],[6.2998,60.8777,1089.4486],[6.3089,60.8786,1096.3708],[6.307,60.883,1128.3857],[6.316,60.8839,1100.8241],[6.3141,60.8883,1098.6936],[6.3232,60.8893,1096.1796],[6.3212,60.8936,1171.0315],[6.3303,60.8946,1232.3278],[6.3284,60.899,1221.5559],[6.3465,60.9008,1240.8889],[6.3446,60.9052,1170.8546],[6.3536,60.9061,1280.0977],[6.3517,60.9105,1095.5867],[6.3608,60.9114,1235.7922],[6.3589,60.9158,1100.5148],[6.377,60.9177,1251.6094],[6.3751,60.922,1232.1266],[6.3842,60.923,1258.5487],[6.3822,60.9274,1227.1569],[6.4094,60.9301,1090.79],[6.4113,60.9257,1167.9092],[6.4385,60.9285,970.4996],[6.4404,60.9241,1024.8525],[6.4495,60.925,977.0422],[6.4476,60.9294,1003.1086],[6.4566,60.9303,1035.3568],[6.4548,60.9347,991.4623],[6.4638,60.9356,1058.1558],[6.4619,60.94,1022.4111],[6.471,60.9409,1091.7551],[6.4691,60.9453,1059.187],[6.4963,60.9481,1034.7329],[6.5133,60.9085,1108.0564],[6.5224,60.9095,1033.3301],[6.5261,60.9007,1280.095],[6.5352,60.9016,1262.6848],[6.5389,60.8928,1337.788],[6.5661,60.8955,1249.8213],[6.5642,60.8999,1146.9347],[6.5824,60.9017,1292.0369],[6.5805,60.9061,1213.9037],[6.5895,60.907,1196.5482],[6.5877,60.9114,1103.8519],[6.5967,60.9123,1269.5432],[6.5949,60.9167,1219.8831],[6.6039,60.9176,1328.5182],[6.602,60.922,1103.2903],[6.6655,60.9284,1404.4683],[6.6599,60.9415,1164.8911],[6.669,60.9424,1167.2367],[6.6597,60.9644,1361.1235],[6.6687,60.9653,1422.9945],[6.6706,60.9609,1346.771],[6.6797,60.9618,1230.0601],[6.6815,60.9574,1398.5397],[6.6906,60.9583,1357.2158],[6.6962,60.9451,1011.8257],[6.7053,60.946,1077.9122],[6.7127,60.9285,831.333],[6.749,60.9321,719.6886],[6.7527,60.9233,751.3742],[6.7436,60.9224,726.6317],[6.7474,60.9136,705.8441],[6.7564,60.9145,715.0232],[6.7583,60.9101,710.0427],[6.7764,60.9119,996.8484],[6.7746,60.9163,1089.0594],[6.7836,60.9172,1077.5916],[6.7818,60.9216,1295.7643],[6.809,60.9243,1420.1414],[6.8237,60.8891,1066.2946],[6.7513,60.8819,1088.031],[6.7531,60.8775,1201.2708],[6.744,60.8767,1064.5785],[6.7459,60.8723,1243.4813],[6.7368,60.8714,897.562],[6.7405,60.8626,959.2787],[6.7315,60.8617,672.4717],[6.7333,60.8573,799.1431],[6.7243,60.8564,407.7206],[6.7261,60.852,704.6658],[6.7171,60.8511,448.4696],[6.7226,60.8379,925.3021],[6.7317,60.8388,977.0071],[6.7335,60.8344,1097.3174],[6.7607,60.8371,1138.1104],[6.7625,60.8327,1105.4464],[6.7987,60.8363,1159.9518],[6.8005,60.8319,1088.7821],[6.8096,60.8328,1221.9408],[6.8151,60.8196,1321.1583],[6.8784,60.8258,1338.1326],[6.8821,60.817,1212.5747],[6.8911,60.8179,1271.0752],[6.8966,60.8047,1265.9973],[6.8875,60.8039,1296.0344],[6.8912,60.7951,1234.3875],[6.8822,60.7942,1276.0725],[6.8858,60.7854,1244.1908],[6.8768,60.7845,1195.9838],[6.8804,60.7757,1206.5267],[6.8714,60.7748,1098.1183],[6.8732,60.7704,1190.6133],[6.9274,60.7757,938.6096],[6.9292,60.7714,956.1292],[6.9563,60.774,983.7908],[6.9581,60.7696,1018.3011],[6.9762,60.7714,1249.7905],[6.9834,60.7538,1311.5948],[6.9744,60.7529,1326.9603],[6.9907,60.7133,820.7507],[7.0087,60.7151,917.6036],[7.0105,60.7107,1050.9508],[7.0195,60.7116,1176.5145],[7.0213,60.7072,1270.6802],[7.0935,60.7142,1465.0001],[7.0971,60.7054,1372.1696],[7.1061,60.7062,1412.5079],[7.1097,60.6974,1461.1104],[7.1187,60.6983,1253.6951],[7.1205,60.6939,1587.6802],[7.1385,60.6957,1607.4233],[7.1403,60.6913,1572.8885],[7.1763,60.6947,1532.2477],[7.1746,60.6991,1494.4795],[7.2106,60.7026,960.4016],[7.2124,60.6982,1088.9431],[7.2395,60.7008,1329.4772],[7.2412,60.6964,1356.8761],[7.2683,60.699,1348.2573],[7.2701,60.6946,1415.6725],[7.2881,60.6963,1420.6733],[7.2899,60.6919,1536.2698],[7.3169,60.6945,1492.0911],[7.3187,60.6901,1559.5164],[7.3277,60.6909,1469.007],[7.3312,60.6821,1549.5775],[7.3583,60.6847,1493.1198],[7.36,60.6803,1486.1095],[7.3781,60.682,1483.2072],[7.3798,60.6776,1452.5001],[7.4069,60.6802,1482.8527],[7.4086,60.6758,1519.6633],[7.4266,60.6775,1499.6808],[7.4284,60.6731,1580.1135],[7.4554,60.6756,1702.1389],[7.4572,60.6712,1556.6377],[7.4662,60.6721,1632.2948],[7.4645,60.6765,1717.6821],[7.4825,60.6782,1694.3761],[7.4808,60.6826,1697.2628],[7.4898,60.6834,1712.9835],[7.488,60.6878,1661.813],[7.5061,60.6895,1582.8888],[7.5044,60.6939,1523.2133],[7.5224,60.6956,1564.4353],[7.5207,60.7,1455.5503],[7.5297,60.7008,1468.6459],[7.528,60.7052,1483.9707],[7.546,60.7069,1497.4958],[7.5443,60.7113,1426.856],[7.5533,60.7122,1411.9103],[7.5516,60.7166,1375.2882],[7.5697,60.7183,1195.549],[7.5679,60.7227,1209.026],[7.586,60.7244,1181.1859],[7.5843,60.7288,1198.5574],[7.5933,60.7296,1290.7377],[7.5916,60.734,1240.608],[7.6097,60.7357,1320.5972],[7.608,60.7401,1321.6725],[7.617,60.7409,1356.7549],[7.6153,60.7453,1489.6],[7.6243,60.7462,1426.515],[7.626,60.7418,1387.1559],[7.6441,60.7434,1466.9589],[7.6458,60.739,1385.8065],[7.6639,60.7407,1518.7615],[7.6656,60.7363,1478.083],[7.7018,60.7396,1714.6208],[7.7001,60.744,1687.0663],[7.7091,60.7449,1633.5582],[7.7074,60.7493,1600.2273],[7.7165,60.7501,1526.7046],[7.7148,60.7545,1447.5],[7.7238,60.7554,1542.2],[7.7204,60.7642,1595.5507],[7.7294,60.765,1569.8333],[7.726,60.7738,1490.6422],[7.7351,60.7746,1483.079],[7.7282,60.7923,1456.6664],[7.7373,60.7931,1435.0],[7.7339,60.8019,1435.0],[7.7429,60.8027,1435.0],[7.7378,60.816,1435.0],[7.7469,60.8168,1435.0],[7.7435,60.8256,1435.0],[7.7525,60.8264,1435.0],[7.7508,60.8309,1446.0791]]],
[[[7.0333,60.9771,0.0],[7.0328,60.9786,0.0],[7.0297,60.9786,0.0],[7.0297,60.9776,0.0],[7.0333,60.9771,0.0]]],
[[[7.0318,60.9839,0.0],[7.0333,60.9833,0.0],[7.0349,60.9849,0.0],[7.0333,60.9854,0.0],[7.0318,60.9839,0.0]]],
[[[7.0396,61.0417,0.0],[7.0359,61.0411,0.0],[7.0359,61.0401,0.0],[7.0396,61.0396,0.0],[7.0396,61.0417,0.0]]],
[[[6.4292,61.0708,0.0],[6.4307,61.0724,0.0],[6.4255,61.0724,0.0],[6.4255,61.0714,0.0],[6.4292,61.0708,0.0]]],
[[[6.5493,61.1067,0.0],[6.5495,61.1078,0.0],[6.5464,61.1078,0.0],[6.5464,61.1068,0.0],[6.5493,61.1067,0.0]]],
[[[7.0417,61.05,142.1374],[7.0453,61.0505,266.6036],[7.0479,61.0604,22.199],[7.0417,61.0604,0.0],[7.0339,61.0578,0.0],[7.0354,61.0563,0.0],[7.0411,61.0557,0.0],[7.0411,61.0526,0.0],[7.038,61.0505,0.0],[7.0417,61.05,142.1374]]],
[[[7.1438,61.1146,0.0],[7.1453,61.1151,0.0],[7.1453,61.1161,0.0],[7.1422,61.1161,0.0],[7.1438,61.1146,0.0]]],
[[[7.1833,61.1208,0.0],[7.1813,61.1208,0.0],[7.1813,61.1188,0.0],[7.1849,61.1193,0.0],[7.1833,61.1208,0.0]]],
[[[7.3479,61.1229,213.3151],[7.3458,61.1229,179.3839],[7.3458,61.1208,320.2347],[7.3495,61.1214,304.8309],[7.3479,61.1229,213.3151]]],
[[[7.3625,61.1208,431.8629],[7.3641,61.1224,233.5549],[7.3589,61.1224,337.2184],[7.3589,61.1214,405.4702],[7.3625,61.1208,431.8629]]],
[[[7.3526,61.1234,159.5668],[7.3542,61.1229,307.2567],[7.3557,61.1245,160.0844],[7.3526,61.1245,93.4921],[7.3526,61.1234,159.5668]]],
[[[7.3651,61.1234,148.2961],[7.3667,61.1229,177.453],[7.3682,61.1245,0.0],[7.3651,61.1245,54.1433],[7.3651,61.1234,148.2961]]],
[[[5.3122,61.3583,15.2366],[5.3125,61.3563,23.637],[5.3201,61.3563,0.0],[5.3228,61.358,12.691],[5.3521,61.3583,0.0],[5.3557,61.362,0.0],[5.35,61.3646,0.0],[5.3313,61.3646,10.9721],[5.3187,61.3583,28.6399],[5.3146,61.3583,38.5935],[5.3133,61.3597,0.0],[5.3122,61.3583,15.2366]]],
[[[6.5505,61.1109,0.0],[6.5536,61.1109,0.0],[6.5536,61.112,0.0],[6.5505,61.112,0.0],[6.5505,61.1109,0.0]]],
[[[5.9547,61.1276,48.9245],[5.9578,61.1276,51.8405],[5.9578,61.1286,11.7927],[5.9563,61.1292,0.0],[5.9547,61.1276,48.9245]]],
[[[6.7151,61.1505,32.6057],[6.7188,61.15,96.0025],[6.7188,61.1521,0.0],[6.7151,61.1516,0.0],[6.7151,61.1505,32.6057]]],
[[[5.5158,61.4482,0.0],[5.525,61.4458,0.0],[5.5307,61.4464,0.0],[5.525,61.45,0.0],[5.5167,61.45,23.4494],[5.5151,61.4495,26.9736],[5.5158,61.4482,0.0]]],
[[[7.1911,61.1234,0.0],[7.1911,61.1266,0.0],[7.188,61.1266,0.0],[7.188,61.1234,0.0],[7.1911,61.1234,0.0]]],
[[[7.1964,61.1411,0.0],[7.1984,61.1318,0.0],[7.2021,61.1312,0.0],[7.2021,61.1333,0.0],[7.2057,61.1339,0.0],[7.2026,61.1359,0.0],[7.2036,61.1411,0.0],[7.1964,61.1411,0.0]]],
[[[7.0297,61.188,0.0],[7.0328,61.188,0.0],[7.0328,61.1891,0.0],[7.0312,61.1896,0.0],[7.0297,61.188,0.0]]],
[[[7.4083,61.3646,209.8139],[7.4078,61.3682,63.3894],[7.4047,61.3682,0.0],[7.4047,61.3651,94.5084],[7.4083,61.3646,209.8139]]],
[[[7.4786,61.4109,0.0],[7.4779,61.4122,0.0],[7.4755,61.412,0.0],[7.4771,61.4104,0.0],[7.4786,61.4109,0.0]]],
[[[7.4833,61.4146,0.0],[7.4849,61.4151,0.0],[7.4849,61.4161,0.0],[7.4818,61.4161,0.0],[7.4833,61.4146,0.0]]],
[[[5.8792,61.8583,0.0],[5.8755,61.8578,0.0],[5.8755,61.8568,0.0],[5.8792,61.8563,0.0],[5.8792,61.8583,0.0]]],
[[[5.8729,61.8604,0.0],[5.8688,61.8604,0.0],[5.8672,61.8589,0.0],[5.8745,61.8589,0.0],[5.8729,61.8604,0.0]]],
[[[4.675,61.3521,0.0],[4.6714,61.3516,7.0099],[4.6714,61.3505,0.0],[4.6786,61.3505,0.0],[4.675,61.3521,0.0]]],
[[[4.7729,61.5625,1.7044],[4.7724,61.5641,4.3933],[4.7625,61.5667,48.6736],[4.7568,61.5641,149.7133],[4.7557,61.5609,270.5303],[4.7464,61.5599,11.9748],[4.7417,61.5563,49.0597],[4.7438,61.5542,34.4687],[4.7563,61.5542,0.0],[4.7604,61.5521,0.0],[4.7646,61.5542,4.1898],[4.7724,61.5547,0.0],[4.7729,61.5625,1.7044]]],
[[[4.8057,61.637,4.712],[4.8125,61.6354,0.0],[4.8146,61.6375,0.0],[4.8109,61.6401,10.7777],[4.812,61.6432,0.0],[4.8021,61.6479,96.5487],[4.7979,61.6479,237.922],[4.7938,61.6458,353.9044],[4.7833,61.6458,311.5231],[4.7813,61.6437,169.0294],[4.7818,61.6401,14.8887],[4.7875,61.6375,20.1306],[4.8057,61.637,4.712]]],
[[[4.8766,61.6099,3.6094],[4.8667,61.6104,23.962],[4.8625,61.6125,2.8197],[4.8479,61.6125,7.3173],[4.8458,61.6104,0.0],[4.8495,61.6068,2.3673],[4.8453,61.6047,5.3161],[4.8276,61.6036,4.3266],[4.8224,61.5964,59.9024],[4.8146,61.5938,5.6547],[4.8063,61.5938,13.0592],[4.8036,61.5901,46.0774],[4.7958,61.5896,4.3894],[4.7938,61.5875,17.2302],[4.7958,61.5854,0.0],[4.8146,61.5854,0.0],[4.8188,61.5833,0.0],[4.8271,61.5875,20.1081],[4.8417,61.5875,0.0],[4.8458,61.5896,113.185],[4.85,61.5896,104.5863],[4.8542,61.5875,0.0],[4.8583,61.5875,0.0],[4.8625,61.5896,29.4614],[4.8708,61.5896,0.0],[4.875,61.5917,0.0],[4.8854,61.5917,1.7069],[4.8911,61.5943,2.2507],[4.8911,61.5995,9.5337],[4.888,61.6005,9.3518],[4.8891,61.6036,0.0],[4.8766,61.6099,3.6094]]],
[[[4.8396,61.6083,0.0],[4.8411,61.6089,2.1525],[4.8411,61.6099,0.0],[4.838,61.6099,11.8212],[4.8396,61.6083,0.0]]],
[[[4.8667,61.6188,7.2599],[4.8682,61.6203,10.4216],[4.8651,61.6203,3.6018],[4.8651,61.6193,0.0],[4.8667,61.6188,7.2599]]],
[[[4.8224,61.6234,0.0],[4.8208,61.625,3.5087],[4.813,61.6255,8.5713],[4.8083,61.6292,9.6982],[4.8047,61.6286,11.1779],[4.8042,61.6271,9.1118],[4.8042,61.6229,20.2526],[4.8063,61.6208,0.0],[4.8188,61.6208,2.6141],[4.8224,61.6234,0.0]]],
[[[4.8354,61.625,2.2074],[4.8359,61.6234,0.0],[4.8417,61.6208,2.82],[4.85,61.6208,11.3885],[4.8526,61.6245,6.2313],[4.8578,61.6255,0.0],[4.8583,61.6312,0.0],[4.8578,61.6328,0.0],[4.8495,61.637,5.553],[4.8438,61.6375,6.8608],[4.838,61.6349,0.0],[4.8411,61.6318,0.0],[4.8391,61.6276,4.5738],[4.8354,61.625,2.2074]]],
[[[4.8745,61.7057,74.6267],[4.8813,61.7042,0.0],[4.8833,61.7062,2.7066],[4.8828,61.7078,11.0455],[4.8771,61.7104,132.4875],[4.8646,61.7104,128.4048],[4.8568,61.7078,4.409],[4.8583,61.7062,0.0],[4.8641,61.7057,3.6281],[4.8641,61.7005,12.1359],[4.8583,61.6979,189.6363],[4.8464,61.6995,43.681399999999996],[4.8453,61.6964,273.9364],[4.838,61.6953,145.3484],[4.837,61.6922,106.397],[4.8339,61.6911,9.7126],[4.8307,61.6859,20.5258],[4.8276,61.6839,6.2711],[4.8307,61.6828,17.5285],[4.8318,61.6797,4.4504],[4.8391,61.6745,4.8209],[4.838,61.6714,3.3052],[4.8411,61.6703,6.3776],[4.8422,61.6672,5.7143],[4.8521,61.6625,2.3735],[4.8578,61.662,0.0],[4.8688,61.6563,0.9783],[4.8703,61.6568,0.0],[4.8714,61.662,3.6076],[4.8792,61.6646,0.0],[4.8875,61.6646,0.0],[4.8958,61.6604,3.9051],[4.9016,61.6609,0.0],[4.9036,61.6682,0.0],[4.9005,61.6693,3.967],[4.8995,61.6807,0.0],[4.8859,61.688,7.1155],[4.8859,61.6911,0.0],[4.8891,61.6932,0.0],[4.8859,61.6943,7.2565],[4.8849,61.6974,2.9346],[4.8792,61.6979,24.0294],[4.8693,61.7026,0.0],[4.8714,61.7057,0.0],[4.8745,61.7057,74.6267]]],
[[[4.862,61.8036,98.9545],[4.8563,61.8063,0.0],[4.8438,61.8083,23.0659],[4.8339,61.8057,25.0011],[4.8328,61.8026,171.4723],[4.8276,61.8016,9.4561],[4.8266,61.7984,216.4531],[4.8224,61.7964,272.8574],[4.8089,61.7953,170.9935],[4.8078,61.7922,261.8911],[4.8042,61.7896,136.8597],[4.8047,61.788,35.813],[4.812,61.787,5.1867],[4.8214,61.7818,0.0],[4.8354,61.7792,26.7251],[4.8411,61.7766,94.2927],[4.8422,61.7714,54.0345],[4.8479,61.7708,39.7533],[4.8536,61.7682,5.3484],[4.8484,61.7661,1.891],[4.8479,61.7646,7.9783],[4.8484,61.7568,0.0],[4.8516,61.7557,71.0815],[4.8505,61.7526,16.875],[4.8667,61.7521,0.0],[4.8693,61.7557,10.1617],[4.8786,61.7609,1.7981],[4.8797,61.7682,26.9738],[4.8974,61.7714,0.0],[4.9016,61.7734,0.0],[4.9042,61.7792,0.0],[4.9036,61.7807,0.0],[4.8964,61.7818,4.6595],[4.9,61.7854,0.0],[4.8964,61.788,14.8904],[4.8953,61.7911,24.5945],[4.8896,61.7917,0.0],[4.8813,61.7958,41.6934],[4.8771,61.7958,0.0],[4.8729,61.7938,159.5313],[4.8672,61.7943,205.5732],[4.8661,61.8016,0.0],[4.862,61.8036,98.9545]]],
[[[4.9609,61.5828,6.3987],[4.9667,61.5792,5.168],[4.9724,61.5797,4.8412],[4.9667,61.5833,9.8934],[4.9609,61.5828,6.3987]]],
[[[5.0271,61.6104,19.1803],[5.0229,61.6104,22.1894],[5.0214,61.6089,30.9253],[5.0286,61.6089,23.3835],[5.0271,61.6104,19.1803]]],
[[[5.1644,61.6125,0.0],[5.1771,61.6146,3.9124],[5.1786,61.6161,0.0],[5.1729,61.6188,5.5622],[5.1688,61.6167,43.0712],[5.1276,61.6161,10.5243],[5.1292,61.6146,6.2556],[5.1417,61.6125,60.6533],[5.1458,61.6104,0.0],[5.15,61.6125,16.7495],[5.1644,61.6125,0.0]]],
[[[5.1167,61.6229,5.7314],[5.1125,61.6229,9.6608],[5.1109,61.6214,12.8113],[5.1182,61.6214,13.9271],[5.1167,61.6229,5.7314]]],
[[[4.9578,61.6276,10.816],[4.9547,61.6266,16.1697],[4.9547,61.6234,7.3592],[4.9688,61.6229,0.0],[4.9745,61.6255,1.9527],[4.9771,61.6292,0.0],[4.9734,61.6328,0.0],[4.9766,61.6339,2.9349],[4.9766,61.637,5.0171],[4.9708,61.6396,7.6831],[4.9651,61.6391,10.0735],[4.9646,61.6333,2.1921],[4.9661,61.6297,0.0],[4.9578,61.6276,10.816]]],
[[[4.9104,61.7771,2.2643],[4.9068,61.7745,0.0],[4.9068,61.7714,0.0],[4.9125,61.7708,3.2962],[4.9161,61.7734,0.0],[4.9104,61.7771,2.2643]]],
[[[4.9063,61.7917,5.4757999999999996],[4.9005,61.7911,0.0],[4.9005,61.788,0.0],[4.9099,61.788,0.0],[4.9099,61.7911,0.0],[4.9063,61.7917,5.4757999999999996]]],
[[[4.9958,61.6292,15.8093],[4.9943,61.6276,0.0],[4.9979,61.6271,3.8624],[4.9979,61.6292,18.8218],[4.9958,61.6292,15.8093]]],
[[[5.1061,61.6258,4.082],[5.1078,61.6286,24.6529],[5.1021,61.6292,19.5721],[5.0938,61.6333,26.2021],[5.0776,61.6328,0.0],[5.0807,61.6297,35.8814],[5.0776,61.6276,6.4997],[5.0875,61.6229,0.0],[5.0958,61.6229,0.0],[5.1061,61.6258,4.082]]],
[[[5.1396,61.75,2.5686],[5.1411,61.7505,7.2001],[5.1411,61.7516,9.4249],[5.138,61.7516,0.0],[5.1396,61.75,2.5686]]],
[[[4.9708,61.9021,197.554],[4.9563,61.9063,109.1563],[4.9354,61.9063,97.5895],[4.9276,61.9036,123.7544],[4.9193,61.8995,208.4975],[4.9182,61.8964,236.7781],[4.9063,61.8937,111.0992],[4.9047,61.8922,41.1611],[4.9188,61.8896,31.2954],[4.9286,61.8849,0.0],[4.9255,61.8818,0.0],[4.9396,61.8812,210.9167],[4.9411,61.8797,312.0025],[4.9354,61.8771,527.2996],[4.9313,61.8792,108.2738],[4.9271,61.8771,283.8752],[4.9167,61.8771,341.5128],[4.9125,61.875,484.0362],[4.9083,61.8771,114.7275],[4.8896,61.8771,76.7027],[4.8854,61.875,137.4986],[4.8771,61.875,0.0],[4.8745,61.8714,287.9951],[4.8625,61.8708,357.0581],[4.8516,61.8651,400.9396],[4.8276,61.8578,125.5675],[4.8266,61.8547,323.8743],[4.8234,61.8526,100.2039],[4.8292,61.85,48.2471],[4.8349,61.8495,74.2013],[4.8417,61.8458,0.0],[4.8688,61.8458,0.0],[4.8729,61.8479,0.0],[4.8854,61.8479,0.0],[4.8953,61.8453,0.0],[4.8964,61.8401,0.0],[4.8995,61.8391,0.0],[4.9021,61.8354,0.0],[4.9271,61.8354,0.0],[4.9333,61.8333,0.0],[4.9417,61.8375,0.0],[4.95,61.8375,4.8255],[4.9542,61.8354,0.0],[4.9646,61.8396,0.0],[4.9688,61.8396,0.0],[4.9729,61.8375,0.0],[4.9854,61.8375,3.9651],[4.9896,61.8354,0.0],[4.9953,61.837,0.0],[4.9953,61.8339,0.0],[4.9938,61.8333,0.0],[4.9896,61.8333,0.0],[4.9854,61.8312,16.3827],[4.9708,61.8312,0.0],[4.9667,61.8271,56.8764],[4.9563,61.8271,0.0],[4.9505,61.8245,7.6609],[4.962,61.8182,0.4698],[4.962,61.8151,0.0],[4.9563,61.8125,0.0],[4.9417,61.8146,0.0],[4.9391,61.8182,0.0],[4.9292,61.8208,15.659],[4.9047,61.8141,14.8835],[4.9047,61.8089,0.0],[4.912,61.8057,13.3195],[4.913,61.8026,17.2396],[4.9161,61.8016,37.2665],[4.9151,61.7984,0.0],[4.9182,61.7974,0.0],[4.9234,61.7901,0.0],[4.9266,61.7891,0.0],[4.9276,61.7839,0.0],[4.9307,61.7828,0.0],[4.9255,61.7807,0.0],[4.925,61.7729,15.3177],[4.9255,61.7714,19.8203],[4.9313,61.7687,0.0],[4.9396,61.7687,11.2568],[4.9422,61.7724,8.9944],[4.9516,61.7755,2.9872],[4.9484,61.7786,0.0],[4.9516,61.7797,0.0],[4.9516,61.7828,0.0],[4.9443,61.788,0.0],[4.9453,61.7911,0.0],[4.9422,61.7922,0.0],[4.9417,61.7958,0.0],[4.9438,61.7979,0.0],[4.9536,61.7932,0.0],[4.9536,61.7901,0.0],[4.9505,61.788,0.0],[4.9563,61.7854,0.0],[4.962,61.7849,34.8009],[4.9568,61.7828,9.1215],[4.9604,61.7792,43.3048],[4.9568,61.7755,4.4469],[4.9625,61.775,0.0],[4.9708,61.7792,13.6437],[4.9854,61.7792,0.0],[4.9938,61.7833,25.1934],[5.0042,61.7833,0.0],[5.0083,61.7854,0.0],[5.0125,61.7854,0.0],[5.0151,61.7891,11.0898],[5.0271,61.7938,4.9906],[5.037,61.7943,0.0],[5.0443,61.7995,0.0],[5.05,61.8,0.0],[5.0557,61.8026,3.3457],[5.0589,61.8057,2.8752],[5.0688,61.8063,0.0],[5.0875,61.8146,6.619],[5.0995,61.8151,0.0],[5.113,61.8224,0.0],[5.1182,61.8234,0.0],[5.1208,61.8271,0.0],[5.1292,61.8229,0.0],[5.1333,61.8229,0.0],[5.1375,61.825,5.8892],[5.1646,61.8271,0.0],[5.1688,61.8292,9.7587],[5.1875,61.8292,0.0],[5.1958,61.8333,10.8255],[5.2021,61.8312,0.0],[5.2063,61.8333,0.0],[5.25,61.8333,0.0],[5.2578,61.838,0.0],[5.2547,61.8411,0.0],[5.2578,61.8422,0.0],[5.2578,61.8453,0.0],[5.2547,61.8464,0.0],[5.2536,61.8516,15.7257],[5.2505,61.8526,86.0345],[5.2516,61.8557,455.0345],[5.2354,61.8563,767.9902],[5.2313,61.8583,666.2711],[5.2255,61.8568,716.4685],[5.2255,61.8599,578.8104],[5.2307,61.8609,446.7775],[5.2318,61.8641,180.5346],[5.2349,61.8651,92.9857],[5.2333,61.8667,4.3808],[5.2063,61.8667,527.6161],[5.2021,61.8688,266.9386],[5.1937,61.8688,321.3617],[5.1896,61.8708,195.0777],[5.1771,61.8708,146.6812],[5.1729,61.8729,107.3165],[5.125,61.8729,437.5438],[5.1208,61.875,329.1112],[5.1104,61.875,397.037],[5.1063,61.8729,471.1026],[5.0938,61.8729,392.095],[5.0911,61.8766,13.8858],[5.0839,61.8776,4.9194],[5.0771,61.8812,0.0],[5.0688,61.8812,123.9579],[5.0646,61.8833,151.0535],[5.0458,61.8833,377.588],[5.0333,61.8875,162.6438],[5.025,61.8875,322.6931],[5.0208,61.8854,458.88869999999997],[5.0083,61.8896,148.2066],[5.0021,61.8896,344.2856],[4.9974,61.8932,94.1569],[4.988,61.8943,288.6609],[4.9766,61.9016,136.3913],[4.9708,61.9021,197.554]]],
[[[5.125,61.4958,0.0],[5.1146,61.4958,26.0481],[5.1089,61.4984,5.8127],[5.1078,61.5057,15.3733],[5.1021,61.5083,12.6534],[5.0979,61.5083,14.4889],[5.0958,61.5062,6.7759],[5.0964,61.5047,0.0],[5.1036,61.5016,17.1],[5.1036,61.4964,6.0],[5.0958,61.4938,6.0],[5.0901,61.4943,21.0266],[5.0792,61.5,3.3233],[5.0667,61.5,11.9358],[5.0568,61.4974,14.8893],[5.0599,61.4953,46.0694],[5.0583,61.4896,55.9553],[5.062,61.487,24.1846],[5.0625,61.4813,36.8167],[5.0609,61.4776,20.9107],[5.0625,61.4771,32.4788],[5.1021,61.4771,8.1564],[5.1063,61.475,0.0],[5.1224,61.4797,4.6553],[5.1234,61.4891,0.0],[5.1271,61.4917,11.9087],[5.1313,61.4896,0.0],[5.1578,61.4901,13.0269],[5.1563,61.4917,3.9036],[5.1505,61.4922,0.0],[5.1516,61.4953,0.0],[5.1417,61.4979,15.8448],[5.1313,61.4979,24.6253],[5.125,61.4958,0.0]]],
[[[5.1958,61.5687,0.0],[5.1974,61.5693,31.4238],[5.1974,61.5703,47.4483],[5.1943,61.5703,29.376],[5.1958,61.5687,0.0]]],
[[[5.15,61.5729,0.0],[5.1557,61.5766,19.3272],[5.1458,61.5812,9.4781],[5.1229,61.5812,23.7755],[5.113,61.5786,76.3387],[5.1125,61.5771,56.7619],[5.1146,61.575,0.0],[5.1188,61.5771,89.1984],[5.1229,61.575,0.0],[5.1438,61.575,20.5237],[5.15,61.5729,0.0]]],
[[[4.9875,61.5771,18.4822],[4.9891,61.5776,19.7291],[4.9891,61.5786,23.2455],[4.9859,61.5786,15.8766],[4.9875,61.5771,18.4822]]],
[[[5.2958,61.549,47.5473],[5.2938,61.55,30.4191],[5.2922,61.5484,30.5638],[5.2958,61.5479,25.7804],[5.2958,61.549,47.5473]]],
[[[5.2854,61.8375,18.9536],[5.2911,61.838,0.0],[5.2932,61.8401,0.0],[5.2932,61.8432,0.0],[5.2875,61.8417,79.0954],[5.2833,61.8438,140.5165],[5.2755,61.8432,27.6857],[5.2755,61.838,0.0],[5.2854,61.8375,18.9536]]],
[[[5.3042,62.0187,336.7699],[5.3016,62.0224,86.4678],[5.2917,62.025,0.0],[5.2771,62.0229,156.2236],[5.2729,62.025,67.5937],[5.2714,62.0245,57.9961],[5.2703,62.0193,111.0914],[5.2568,62.0141,115.8244],[5.2568,62.0109,69.9056],[5.2599,62.0089,157.9011],[5.2568,62.0078,38.8277],[5.2547,62.0047,0.0],[5.2578,62.0036,7.2287],[5.2589,62.0005,0.0],[5.2687,61.9958,0.0],[5.2875,61.9958,0.0],[5.2917,61.9979,0.0],[5.2958,61.9958,0.0],[5.3042,61.9958,0.0],[5.3057,61.9964,0.0],[5.3089,62.0036,14.1896],[5.3182,62.0089,0.0],[5.3187,62.0125,0.0],[5.3182,62.0141,31.1178],[5.3099,62.0182,284.8982],[5.3042,62.0187,336.7699]]],
[[[5.1854,62.0125,19.1228],[5.1901,62.0089,10.6798],[5.1958,62.0083,1.3053],[5.2078,62.0151,0.0],[5.2083,62.0167,0.0],[5.2078,62.0182,1.6139],[5.2021,62.0187,0.0],[5.1979,62.0167,3.2732],[5.1875,62.0167,2.2939],[5.1859,62.0161,0.0],[5.1854,62.0125,19.1228]]],
[[[5.0421,61.9172,0.0],[5.0313,61.9208,0.0],[5.0167,61.9208,67.2565],[5.0151,61.9203,57.6326],[5.013,61.9109,4.4651],[5.0203,61.9099,11.1815],[5.0214,61.9068,0.0],[5.0255,61.9047,13.7607],[5.0328,61.9036,11.177],[5.0422,61.8984,0.0],[5.0521,61.8958,0.0],[5.0563,61.8979,0.0],[5.0625,61.8979,0.0],[5.075,61.8937,0.0],[5.0792,61.8958,3.2446],[5.0979,61.8958,6.1419],[5.1021,61.8937,0.0],[5.1146,61.8937,0.0],[5.1255,61.888,41.4957],[5.1354,61.8875,64.9779],[5.1396,61.8854,0.0],[5.1521,61.8854,11.6299],[5.1563,61.8833,25.7576],[5.1599,61.8859,27.7948],[5.1542,61.8896,0.0],[5.1438,61.8896,35.5776],[5.1339,61.8922,0.0],[5.1328,61.8953,0.0],[5.1255,61.8964,0.0],[5.1146,61.9021,0.0],[5.1089,61.9026,39.6242],[5.1,61.9083,0.0],[5.0938,61.9083,10.3882],[5.0813,61.9125,11.9852],[5.0729,61.9125,6.7404],[5.0688,61.9104,53.7499],[5.0646,61.9104,111.4252],[5.0563,61.9146,90.1126],[5.0421,61.9172,0.0]]],
[[[5.1495,61.912,0.0],[5.1479,61.9125,0.0],[5.1464,61.9109,0.0],[5.15,61.9104,21.1904],[5.1495,61.912,0.0]]],
[[[5.0099,62.0307,0.0],[5.0,62.0313,28.3715],[4.9958,62.0333,0.0],[4.9901,62.0328,65.7049],[4.9932,62.0307,24.4909],[4.9917,62.0271,0.0],[4.9917,62.0187,240.7336],[4.9911,62.0172,308.6202],[4.9859,62.0161,211.8389],[4.9854,62.0104,118.3013],[4.9891,62.0078,53.126],[4.9901,62.0047,43.8742],[4.9932,62.0036,148.6288],[4.9922,62.0005,0.0],[4.9953,61.9995,84.0224],[4.9953,61.9964,171.43],[4.9922,61.9943,134.4348],[4.9953,61.9932,261.5329],[4.9964,61.9901,0.0],[5.0005,61.988,0.0],[5.0104,61.9854,0.0],[5.0146,61.9875,84.7805],[5.0271,61.9875,25.6999],[5.0313,61.9854,0.0],[5.0458,61.9854,0.0],[5.0557,61.9828,12.3462],[5.0563,61.9792,5.4476],[5.0547,61.9755,0.0],[5.0578,61.9745,169.7556],[5.0589,61.9714,0.0],[5.0646,61.9708,0.0],[5.0667,61.9688,0.0],[5.0661,61.963,0.0],[5.0609,61.962,16.561],[5.0557,61.9547,32.5942],[5.0479,61.95,0.0],[5.0458,61.9521,0.0],[5.0474,61.9578,0.0],[5.0443,61.9589,10.6183],[5.0417,61.9625,9.4612],[5.0375,61.9604,227.3484],[5.0297,61.9599,102.0485],[5.0214,61.9557,154.7748],[5.0203,61.9526,229.2607],[5.0146,61.9479,174.0882],[5.0151,61.9443,61.5567],[5.0182,61.9432,194.0775],[5.0193,61.9401,9.8914],[5.0349,61.937,15.0307],[5.0375,61.9333,29.4499],[5.0417,61.9354,0.0],[5.05,61.9313,2.075],[5.0583,61.9313,0.0],[5.0667,61.9271,21.6546],[5.0708,61.9271,0.0],[5.075,61.9292,0.0],[5.0792,61.925,0.0],[5.0938,61.9229,0.0],[5.1021,61.9271,104.2212],[5.1182,61.9276,4.8849],[5.1182,61.9307,0.0],[5.1151,61.9318,0.0],[5.1151,61.9349,1.2766],[5.1182,61.9359,0.0],[5.1193,61.9391,4.0908],[5.1286,61.9401,0.0],[5.1339,61.9474,0.0],[5.1391,61.9484,0.0],[5.1401,61.9557,68.7743],[5.1453,61.9568,0.0],[5.1453,61.9641,0.0],[5.1417,61.9667,0.0],[5.1432,61.9724,2.1509],[5.1359,61.9776,0.0],[5.1354,61.9833,1.9589],[5.1375,61.9854,4.6623],[5.1438,61.9833,0.0],[5.1536,61.9859,0.0],[5.1563,61.9979,0.0],[5.1557,61.9995,0.0],[5.1443,62.0047,0.0],[5.1432,62.0099,0.0],[5.138,62.013,0.0],[5.137,62.0203,0.0],[5.1255,62.0255,10.594],[5.1245,62.0286,88.0142],[5.1214,62.0286,55.1075],[5.1203,62.0255,131.9811],[5.113,62.0245,8.7508],[5.1109,62.0224,0.0],[5.1099,62.0172,0.0],[5.1083,62.0167,0.0],[5.0839,62.0161,6.621],[5.087,62.0141,16.2185],[5.088,62.0109,0.0],[5.0938,62.0104,0.0],[5.0953,62.0089,25.8211],[5.0922,62.0078,7.6963],[5.0896,62.0042,0.0],[5.0792,62.0042,0.0],[5.0693,62.0068,8.8167],[5.0682,62.0099,0.0],[5.0599,62.0141,0.0],[5.0484,62.0151,145.5881],[5.0474,62.0182,0.0],[5.0349,62.0245,122.4943],[5.0208,62.025,35.83],[5.0167,62.0271,0.0],[5.0125,62.0271,24.2966],[5.0099,62.0307,0.0]]],
[[[6.6276,61.8727,12.8204],[6.6255,61.8724,10.771],[6.6255,61.8714,19.5565],[6.6286,61.8714,28.9021],[6.6276,61.8727,12.8204]]],
[[[5.5,62.025,0.0],[5.4984,62.0245,0.0],[5.5032,62.0249,6.3345],[5.5025,62.0264,0.0],[5.5,62.025,0.0]]],
[[[5.3214,62.0464,0.0],[5.3203,62.0516,4.2947],[5.3104,62.0542,7.88],[5.2943,62.0516,6.7063],[5.2974,62.0495,158.5887],[5.2984,62.0464,24.278199999999998],[5.3167,62.0417,15.5447],[5.3245,62.0443,0.0],[5.3214,62.0464,0.0]]]]}
,"properties": {"GID_1": "NOR.14_1","GID_0": "NOR","country": "Norway","province": "SognogFjordane","VARNAME_1": "SognogFjordanefyl|NordreBerg","NL_NAME_1": "NA","TYPE_1": "Fylke","ENGTYPE_1": "County","CC_1": "NA","HASC_1": "NO.SF","ISO_1": "NA","name": "Sognog_Fjordane.province","area_km2": 18536.06,"hist_schema_id": "Elevation0-9000","hist_area_km2": {"0": 437.23,"25": 446.34,"50": 376.39,"75": 247.35,"100": 240.25,"125": 259.51,"150": 255.84,"175": 280.11,"200": 288.68,"225": 256.23,"250": 256.12,"275": 259.01,"300": 282.32,"325": 277.27,"350": 287.71,"375": 286.62,"400": 299.13,"425": 297.47,"450": 295.06,"475": 314.72,"500": 307.46,"525": 295.46,"550": 303.61,"575": 297.27,"600": 305.98,"625": 291.39,"650": 291.86,"675": 292.03,"700": 286.27,"725": 277.01,"750": 266.67,"775": 265.65,"800": 253.93,"825": 256.86,"850": 258.46,"875": 257.64,"900": 262.01,"925": 267.87,"950": 267.86,"975": 262.18,"1000": 263.15,"1025": 265.49,"1050": 276.42,"1075": 279.3,"1100": 271.75,"1125": 274.72,"1150": 267.49,"1175": 268.99,"1200": 264.94,"1225": 265.83,"1250": 264.99,"1275": 265.02,"1300": 263.59,"1325": 268.1,"1350": 283.3,"1375": 275.66,"1400": 271.36,"1425": 284.78,"1450": 284.0,"1475": 270.76,"1500": 242.39,"1525": 222.33,"1550": 199.69,"1575": 175.25,"1600": 151.29,"1625": 125.04,"1650": 102.35,"1675": 85.01,"1700": 66.82,"1725": 50.85,"1750": 40.15,"1775": 36.2,"1800": 27.15,"1825": 20.91,"1850": 17.48,"1875": 11.88,"1900": 7.48,"1925": 4.67,"1950": 2.62,"1975": 1.6,"2000": 1.22,"2025": 0.78,"2050": 0.7,"2075": 0.37,"2100": 0.28,"2125": 0.27,"2150": 0.16,"2200": 0.15}}}