{"type": "Feature","bbox": [10.4589,74.3396,36.8078,82.5375],"geometry": {"type": "MultiPolygon","coordinates": [[[[19.0854,74.3604,308.3427],[19.0891,74.362,335.4097],[19.0818,74.362,326.6156],[19.0818,74.3609,322.687],[19.0854,74.3604,308.3427]]],
[[[19.1104,74.5104,30.0716],[19.0875,74.5146,0.0],[19.0729,74.5104,26.8679],[19.0583,74.5104,0.0],[19.0521,74.5062,29.5415],[19.0464,74.5068,22.7493],[19.0474,74.5099,0.0],[19.0438,74.5104,0.0],[19.0354,74.5062,21.1522],[19.0292,74.5083,0.0],[19.0167,74.5083,0.0],[19.0125,74.5062,0.0],[19.0083,74.5062,0.0],[19.0021,74.5083,0.0],[18.9938,74.5042,0.0],[18.9875,74.5062,0.0],[18.9625,74.5062,0.0],[18.9583,74.5083,0.0],[18.9542,74.5083,0.0],[18.9495,74.5047,0.0],[18.9438,74.5042,0.0],[18.9396,74.5062,0.0],[18.9313,74.5062,0.0],[18.9271,74.5083,0.0],[18.9229,74.5083,0.0],[18.9182,74.5047,0.0],[18.9089,74.5036,0.0],[18.9141,74.5016,0.0],[18.9125,74.5,9.6786],[18.9063,74.5,0.0],[18.9021,74.4979,14.8713],[18.8729,74.4979,0.0],[18.8688,74.4958,18.6239],[18.8563,74.4958,21.3712],[18.8521,74.4979,20.1647],[18.8292,74.5,0.0],[18.8229,74.5021,0.0],[18.8125,74.4958,25.3004],[18.8063,74.4958,0.0],[18.8021,74.4938,29.0756],[18.7896,74.4938,0.0],[18.7849,74.4901,30.6786],[18.7755,74.4891,0.0],[18.7714,74.487,0.0],[18.7766,74.4849,5.8392],[18.7724,74.4797,27.6961],[18.763,74.4786,12.3644],[18.7609,74.4755,0.0],[18.7641,74.4734,0.0],[18.7563,74.4729,0.0],[18.7547,74.4714,2.7439],[18.7641,74.4682,0.0],[18.763,74.4651,0.0],[18.7734,74.4609,20.3106],[18.7813,74.4583,0.0],[18.7911,74.4578,25.3664],[18.7859,74.4505,0.0],[18.7953,74.4474,0.0],[18.7943,74.4443,0.0],[18.8063,74.4396,0.0],[18.8161,74.4391,0.0],[18.8151,74.4359,0.0],[18.8182,74.4339,16.6124],[18.8161,74.4318,2.9825],[18.8083,74.4313,0.0],[18.8068,74.4297,0.0],[18.825,74.4229,0.0],[18.8349,74.4224,7.4766],[18.8339,74.4193,0.0],[18.8453,74.4182,3.6904],[18.8443,74.4151,0.0],[18.8458,74.4146,0.0],[18.8625,74.4146,10.8284],[18.8703,74.412,0.0],[18.8745,74.4099,4.933],[18.8714,74.4057,2.4468],[18.8729,74.4042,0.0],[18.8958,74.4042,19.6362],[18.8974,74.4036,14.3368],[18.8964,74.4005,0.0],[18.9083,74.3958,3.7483],[18.9266,74.3953,0.0],[18.9255,74.3922,0.0],[18.9307,74.3901,22.5028],[18.9276,74.3891,0.0],[18.9255,74.3859,0.0],[18.9354,74.3854,0.0],[18.9458,74.3812,0.0],[18.9542,74.3812,0.0],[18.9583,74.3792,0.0],[18.9703,74.3786,0.0],[18.9672,74.3755,0.0],[18.9807,74.3745,0.0],[18.9849,74.3724,13.8429],[18.9839,74.3693,0.0],[18.988,74.3672,0.0],[19.012,74.362,0.0],[19.0536,74.3453,159.0546],[19.0526,74.3422,2.2013],[19.0583,74.3396,0.0],[19.0708,74.3396,0.0],[19.0953,74.3464,0.0],[19.0901,74.3484,0.0],[19.0932,74.3536,143.2687],[19.0755,74.3547,221.82],[19.0786,74.3599,319.6846],[19.0734,74.362,319.7291],[19.0792,74.3646,333.0507],[19.0896,74.3646,323.9544],[19.0938,74.3625,334.2957],[19.1104,74.3625,248.9875],[19.1188,74.3583,200.0646],[19.1437,74.3562,0.0],[19.1474,74.3589,109.8265],[19.1443,74.362,0.0],[19.1484,74.3662,0.0],[19.1661,74.3672,0.0],[19.1682,74.3703,22.3896],[19.163,74.3724,25.479],[19.1703,74.3776,0.0],[19.1672,74.3807,0.0],[19.1714,74.3849,17.5219],[19.1891,74.3859,0.0],[19.1786,74.3912,17.9103],[19.1672,74.3943,64.4713],[19.1703,74.3974,68.8867],[19.1651,74.3984,72.0743],[19.1672,74.4016,120.798],[19.1917,74.4021,0.0],[19.1964,74.4057,45.1542],[19.2057,74.4068,0.0],[19.2109,74.412,75.4163],[19.2188,74.4125,0.0],[19.2276,74.4182,52.5331],[19.237,74.4193,0.0],[19.2464,74.4287,42.7013],[19.2495,74.4297,0.0],[19.238,74.4349,236.7458],[19.2557,74.4359,0.0],[19.2526,74.4391,0.0],[19.2661,74.4516,0.0],[19.2563,74.4521,8.0544],[19.2547,74.4537,15.5494],[19.2641,74.4547,0.0],[19.2724,74.463,0.0],[19.2708,74.4646,0.0],[19.2609,74.4651,14.075],[19.2568,74.4672,0.0],[19.2578,74.4703,0.0],[19.25,74.4729,0.0],[19.2417,74.4729,0.0],[19.2375,74.475,0.0],[19.2151,74.4776,18.7652],[19.2182,74.4818,0.0],[19.2167,74.4833,0.0],[19.1938,74.4854,0.0],[19.1896,74.4875,0.0],[19.1714,74.488,23.7951],[19.1672,74.4912,0.0],[19.1766,74.4995,0.0],[19.1688,74.5021,0.0],[19.1583,74.5,0.0],[19.1505,74.5026,24.6732],[19.1521,74.5042,24.565],[19.1599,74.5047,0.0],[19.1583,74.5062,0.0],[19.1333,74.5062,31.0161],[19.1188,74.5125,15.4067],[19.1146,74.5125,19.8621],[19.1104,74.5104,30.0716]]],
[[[18.4604,77.9625,1.7861],[18.462,77.9641,2.0331],[18.4526,77.9641,7.367],[18.4542,77.9625,3.2005],[18.4604,77.9625,1.7861]]],
[[[18.5271,78.0437,0.0],[18.5146,78.0437,0.0],[18.513,78.0422,0.0],[18.5328,78.0422,0.0],[18.5313,78.0437,0.0],[18.5271,78.0437,0.0]]],
[[[18.9417,78.0521,0.0],[18.9339,78.0495,0.0],[18.9318,78.0463,0.0],[18.9396,78.0458,0.0],[18.9474,78.0505,0.0],[18.9458,78.0521,0.0],[18.9417,78.0521,0.0]]],
[[[19.0292,78.0813,0.0],[19.0354,78.0792,0.0],[19.0417,78.0792,0.0],[19.0474,78.0828,0.0],[19.0276,78.0828,0.0],[19.0292,78.0813,0.0]]],
[[[19.0771,78.3771,0.0],[19.0875,78.3771,0.0],[19.0891,78.3786,0.0],[19.0812,78.3812,0.0],[19.075,78.3812,0.0],[19.0714,78.3786,0.0],[19.0729,78.3771,0.0],[19.0771,78.3771,0.0]]],
[[[18.9375,78.45,155.5033],[18.9391,78.4516,169.8955],[18.9297,78.4516,196.5236],[18.9313,78.45,188.6589],[18.9375,78.45,155.5033]]],
[[[20.7245,78.213,0.0],[20.7193,78.2151,0.0],[20.7203,78.2182,0.0],[20.7125,78.2208,0.0],[20.6958,78.2208,4.4203],[20.6922,78.2182,0.0],[20.6974,78.2161,2.7686],[20.6943,78.213,0.0],[20.7062,78.2104,7.0256],[20.7078,78.2089,6.2439],[20.7021,78.2063,3.3331],[20.6901,78.2057,0.0],[20.6953,78.2037,1.7857],[20.6917,78.2,4.0072],[20.675,78.2,4.647],[20.6708,78.2021,2.3408],[20.6583,78.2021,6.1626],[20.6542,78.2042,3.9364],[20.6167,78.2042,4.1128],[20.6151,78.2026,4.4651],[20.6229,78.2,0.0],[20.6396,78.2021,7.4645],[20.6437,78.2,12.1319],[20.6667,78.2,7.0094],[20.6708,78.1979,0.0],[20.7083,78.1979,0.0],[20.712,78.2016,7.2551],[20.7068,78.2037,6.5642],[20.7203,78.2047,0.0],[20.7151,78.2078,10.6662],[20.7245,78.213,0.0]]],
[[[20.4875,78.2125,0.0],[20.4891,78.2141,18.04],[20.4646,78.2167,0.9778],[20.4568,78.2109,8.2232],[20.4646,78.2104,0.0],[20.4688,78.2125,2.7103],[20.4875,78.2125,0.0]]],
[[[20.3771,78.4583,0.0],[20.3786,78.4599,0.0],[20.3693,78.4599,0.0],[20.3708,78.4583,0.0],[20.3771,78.4583,0.0]]],
[[[20.1563,78.4812,19.1792],[20.1578,78.4828,0.0],[20.1484,78.4828,5.3079],[20.15,78.4812,0.0],[20.1563,78.4812,19.1792]]],
[[[20.3854,78.5229,0.0],[20.387,78.5245,0.0],[20.3776,78.5245,0.0],[20.3792,78.5229,0.0],[20.3854,78.5229,0.0]]],
[[[19.9917,78.6208,13.2703],[19.9901,78.6224,12.9493],[19.9932,78.6245,0.4784],[19.988,78.6255,18.21],[19.9891,78.6286,29.6025],[19.9875,78.6292,22.5979],[19.9813,78.6292,22.5003],[19.9771,78.6271,30.5368],[19.9604,78.6271,11.0658],[19.9562,78.6292,26.5444],[19.95,78.6292,39.4612],[19.9484,78.6276,29.6647],[19.9542,78.6271,17.0902],[19.9557,78.6255,15.9082],[19.9438,78.625,28.1144],[19.9396,78.6229,16.8046],[19.9292,78.6229,27.6053],[19.9234,78.6193,9.628],[19.9307,78.6182,6.2717],[19.9276,78.6151,0.0],[19.9354,78.6125,3.9197],[19.9604,78.6125,7.6314],[19.9708,78.6083,7.9404],[19.9833,78.6083,14.7951],[19.9875,78.6062,6.1321],[20.0042,78.6062,13.5512],[20.0083,78.6083,16.0867],[20.0187,78.6083,11.1287],[20.0286,78.613,17.0651],[20.0271,78.6146,8.9905],[20.0125,78.6146,20.4747],[19.9958,78.6208,13.1424],[19.9917,78.6208,13.2703]]],
[[[20.6557,78.8755,45.3977],[20.6583,78.8771,42.4631],[20.6688,78.8771,38.964],[20.6771,78.8812,34.3317],[20.6875,78.8812,28.2095],[20.6932,78.8849,20.8646],[20.6854,78.8854,12.9502],[20.6813,78.8833,21.6273],[20.65,78.8833,39.6577],[20.6443,78.8807,42.7756],[20.6495,78.8786,42.605],[20.6479,78.8771,43.5931],[20.6312,78.8792,39.2636],[20.6271,78.8771,37.9375],[20.6151,78.8766,32.5909],[20.6229,78.8729,46.3386],[20.6396,78.8729,48.0486],[20.6437,78.875,48.1481],[20.6557,78.8755,45.3977]]],
[[[20.1125,78.9646,69.4745],[20.1141,78.9661,75.8071],[20.1047,78.9661,42.2969],[20.1063,78.9646,42.6358],[20.1125,78.9646,69.4745]]],
[[[17.3646,77.2542,0.0],[17.3661,77.2557,0.0],[17.3568,77.2557,0.0],[17.3583,77.2542,0.0],[17.3646,77.2542,0.0]]],
[[[17.4021,77.2604,0.0],[17.4036,77.262,0.0],[17.3943,77.262,0.0],[17.3958,77.2604,0.0],[17.4021,77.2604,0.0]]],
[[[17.3583,77.2708,0.0],[17.3599,77.2724,0.0],[17.3458,77.2729,0.0],[17.3417,77.275,0.0],[17.3359,77.2745,0.0],[17.3438,77.2708,0.0],[17.3583,77.2708,0.0]]],
[[[17.4313,77.2729,0.0],[17.4391,77.2734,0.0],[17.4411,77.2766,0.0],[17.4333,77.2792,0.0],[17.4083,77.2792,0.0],[17.4042,77.2771,0.0],[17.3943,77.2766,0.0],[17.4016,77.2734,0.0],[17.3917,77.2729,0.0],[17.3901,77.2714,0.0],[17.4063,77.2708,0.0],[17.4104,77.2729,0.0],[17.4313,77.2729,0.0]]],
[[[17.6167,77.3562,0.0],[17.6182,77.3578,0.0],[17.6089,77.3578,0.0],[17.6104,77.3562,0.0],[17.6167,77.3562,0.0]]],
[[[17.4729,77.3854,0.0],[17.4766,77.387,0.0],[17.4693,77.387,0.0],[17.4693,77.3859,0.0],[17.4729,77.3854,0.0]]],
[[[17.4562,77.3875,0.0],[17.4599,77.388,0.0],[17.4599,77.3891,0.0],[17.4526,77.3891,0.0],[17.4562,77.3875,0.0]]],
[[[17.55,77.3958,0.0],[17.5625,77.3938,0.0],[17.5682,77.3964,0.0],[17.5703,77.3995,0.0],[17.5646,77.4,0.0],[17.5604,77.3979,0.0],[17.475,77.3979,0.0],[17.4672,77.3932,0.0],[17.4651,77.3901,0.0],[17.5104,77.3896,0.0],[17.5172,77.3953,0.0],[17.525,77.3958,0.0],[17.5266,77.3953,0.0],[17.5255,77.3922,0.0],[17.5333,77.3896,0.0],[17.5479,77.3896,0.0],[17.5495,77.3912,0.0],[17.5443,77.3932,0.0],[17.5464,77.3953,0.0],[17.55,77.3958,0.0]]],
[[[17.5417,77.4021,0.0],[17.5292,77.4021,0.0],[17.5276,77.4005,0.0],[17.5453,77.4005,0.0],[17.5417,77.4021,0.0]]],
[[[17.5995,77.4401,0.0],[17.5979,77.4417,0.0],[17.5901,77.4411,0.0],[17.5917,77.4396,0.0],[17.5995,77.4401,0.0]]],
[[[17.6958,77.4938,0.0],[17.6833,77.4938,0.0],[17.6818,77.4922,0.0],[17.7083,77.4917,0.0],[17.712,77.4953,0.0],[17.7062,77.4958,0.0],[17.7021,77.4938,0.0],[17.6958,77.4938,0.0]]],
[[[17.7813,77.5021,0.0],[17.7828,77.5036,0.0],[17.7734,77.5036,0.0],[17.775,77.5021,0.0],[17.7813,77.5021,0.0]]],
[[[17.7708,77.5125,0.0],[17.7771,77.5104,0.0],[17.7833,77.5104,0.0],[17.787,77.5141,0.0],[17.7693,77.5141,0.0],[17.7708,77.5125,0.0]]],
[[[17.8625,77.5125,0.0],[17.8641,77.5141,0.0],[17.8547,77.5141,0.0],[17.8563,77.5125,0.0],[17.8625,77.5125,0.0]]],
[[[18.3083,77.5542,0.0],[18.3099,77.5557,0.0],[18.3005,77.5557,0.0],[18.3021,77.5542,0.0],[18.3083,77.5542,0.0]]],
[[[17.6146,77.5625,0.0],[17.6161,77.5641,0.0],[17.6068,77.5641,0.0],[17.6083,77.5625,0.0],[17.6146,77.5625,0.0]]],
[[[21.9417,76.9979,3.1741],[21.9354,77.0,2.2225],[21.925,77.0,3.1532],[21.9208,77.0021,6.0154],[21.9047,77.0016,2.7059],[21.9063,77.0,3.1612],[21.9182,76.9995,4.1564],[21.9172,76.9964,0.0],[21.9188,76.9958,0.0],[21.9432,76.9964,6.0607],[21.9417,76.9979,3.1741]]],
[[[21.8599,77.0078,0.0],[21.8521,77.0083,0.0],[21.8505,77.0068,0.0],[21.8583,77.0062,0.0],[21.8599,77.0078,0.0]]],
[[[22.0021,77.2188,10.0721],[22.0167,77.2188,11.1371],[22.0224,77.2224,4.5463],[22.0062,77.2229,24.5538],[22.0021,77.2208,12.3302],[21.9958,77.2208,11.167],[21.9917,77.2229,15.7101],[21.9875,77.2229,15.957],[21.9833,77.2208,10.282],[21.9771,77.2208,7.2211],[21.9729,77.2229,7.2239],[21.9672,77.2224,3.0818],[21.9729,77.2188,4.9008],[22.0021,77.2188,10.0721]]],
[[[22.0333,77.2229,3.8256],[22.0349,77.2245,5.4441],[22.0255,77.2245,8.1235],[22.0271,77.2229,4.3761],[22.0333,77.2229,3.8256]]],
[[[21.65,77.275,0.0],[21.6516,77.2766,0.1104],[21.6422,77.2766,1.7372],[21.6437,77.275,0.0],[21.65,77.275,0.0]]],
[[[21.4042,77.2771,4.8557],[21.4078,77.2786,3.466],[21.3958,77.2792,10.7049],[21.3917,77.2813,0.0],[21.3651,77.2807,1.0644],[21.3792,77.275,0.0],[21.3833,77.275,0.0],[21.3875,77.2771,1.2713],[21.4042,77.2771,4.8557]]],
[[[21.6167,77.2854,0.0],[21.6203,77.287,3.1986],[21.613,77.287,0.0],[21.613,77.2859,0.0],[21.6167,77.2854,0.0]]],
[[[21.4833,77.4938,0.0],[21.4849,77.4953,0.0],[21.4755,77.4953,0.0],[21.4771,77.4938,0.0],[21.4833,77.4938,0.0]]],
[[[22.1521,77.5521,0.0],[22.1536,77.5537,0.0],[22.1443,77.5537,0.0],[22.1458,77.5521,0.0],[22.1521,77.5521,0.0]]],
[[[22.2521,77.5646,0.0],[22.2422,77.5589,0.0],[22.25,77.5583,0.0],[22.2599,77.563,0.0],[22.2583,77.5646,0.0],[22.2521,77.5646,0.0]]],
[[[22.2563,77.5687,0.0],[22.2599,77.5703,0.0],[22.2526,77.5703,0.0],[22.2526,77.5693,0.0],[22.2563,77.5687,0.0]]],
[[[22.1729,78.2042,0.0],[22.1766,78.2047,0.0],[22.1766,78.2057,0.0],[22.1693,78.2057,0.0],[22.1729,78.2042,0.0]]],
[[[20.8521,77.5604,0.0],[20.8536,77.562,0.0],[20.8443,77.562,0.0],[20.8458,77.5604,0.0],[20.8521,77.5604,0.0]]],
[[[20.9083,77.5833,0.0],[20.9099,77.5849,7.4409],[20.9005,77.5849,20.4408],[20.9021,77.5833,5.3033],[20.9083,77.5833,0.0]]],
[[[21.2224,77.7464,75.4453],[21.2208,77.7479,61.4215],[21.213,77.7474,0.0],[21.2146,77.7458,0.0],[21.2224,77.7464,75.4453]]],
[[[21.3063,78.6292,33.3221],[21.2896,78.6354,28.4191],[21.2729,78.6354,26.7436],[21.2646,78.6312,11.8321],[21.225,78.6312,36.9489],[21.2208,78.6333,7.721],[21.1979,78.6333,36.7311],[21.1938,78.6354,35.3492],[21.1875,78.6354,33.6099],[21.1792,78.6312,34.9137],[21.1672,78.6307,11.4483],[21.1583,78.625,11.7051],[21.1333,78.6229,37.2852],[21.1292,78.6208,40.8771],[21.0979,78.6208,0.0],[21.0964,78.6193,0.0],[21.1016,78.6172,28.1239],[21.0896,78.6167,0.0],[21.0839,78.6141,0.0],[21.0911,78.6109,0.0],[21.0776,78.6099,0.0],[21.0828,78.6068,0.0],[21.0708,78.6062,0.0],[21.0667,78.6042,0.0],[21.0563,78.6042,0.0],[21.0521,78.6021,0.0],[21.0417,78.6021,0.0],[21.0359,78.5984,0.0],[21.0542,78.5979,0.0],[21.0583,78.6,0.0],[21.0771,78.6,0.0],[21.1,78.5917,0.0],[21.1057,78.5911,0.0],[21.1026,78.588,0.0],[21.1167,78.5875,5.7706],[21.1182,78.5859,5.7385],[21.1047,78.5849,0.0],[21.1099,78.5818,5.0466],[21.1021,78.5771,7.0274],[21.0958,78.5771,0.0],[21.0917,78.5792,0.0],[21.0734,78.5787,0.0],[21.0693,78.5755,0.0],[21.0807,78.5714,0.1552],[21.075,78.5687,1.1824],[21.0688,78.5687,0.4604],[21.0646,78.5708,0.0],[21.0568,78.5703,0.0],[21.062,78.5682,0.0],[21.0609,78.5651,1.0092],[21.0661,78.563,3.4536],[21.0542,78.5625,0.7761],[21.05,78.5604,1.0622],[21.0333,78.5625,0.0],[21.0292,78.5604,0.0],[21.0187,78.5604,0.0],[21.0146,78.5583,0.0],[20.925,78.5583,0.0],[20.9234,78.5599,0.0],[20.9266,78.562,0.0],[20.9167,78.5625,0.0],[20.9104,78.5583,0.0],[20.8776,78.5578,0.0],[20.8828,78.5557,0.0],[20.8813,78.5542,0.0159],[20.875,78.5542,0.3144],[20.8646,78.5583,0.0],[20.8375,78.5583,0.0],[20.825,78.5521,0.0],[20.8042,78.5521,0.0],[20.8,78.55,0.0],[20.7583,78.55,0.0],[20.7542,78.5479,0.0],[20.7375,78.5479,0.0],[20.7271,78.5521,0.0],[20.7104,78.5521,0.0],[20.6979,78.5458,0.0],[20.6875,78.5458,0.0],[20.6833,78.5437,0.0],[20.6542,78.5437,0.6053],[20.6417,78.5375,2.6427],[20.6312,78.5375,0.0],[20.6271,78.5354,9.645],[20.6104,78.5375,0.0],[20.6063,78.5354,0.0],[20.5958,78.5354,1.0061],[20.5917,78.5333,9.4558],[20.575,78.5333,0.0],[20.5708,78.5354,0.0],[20.5646,78.5354,0.0],[20.563,78.5339,0.0],[20.5682,78.5318,0.0],[20.5646,78.5292,5.9545],[20.5479,78.5292,2.0599],[20.5464,78.5297,0.0],[20.5474,78.5328,0.0],[20.5458,78.5333,0.0],[20.5333,78.5333,0.0],[20.5292,78.5354,0.0],[20.5229,78.5354,0.0],[20.5146,78.5313,0.0],[20.4938,78.5313,0.0],[20.4896,78.5292,0.0],[20.4813,78.5292,0.0],[20.4688,78.5229,0.0],[20.4521,78.5229,0.0],[20.4479,78.525,0.0],[20.4417,78.525,0.0],[20.4375,78.5229,4.4388],[20.4271,78.5229,14.3318],[20.4229,78.5208,29.3026],[20.4042,78.5208,5.8405],[20.4,78.5188,73.7347],[20.3813,78.5188,39.1646],[20.3771,78.5208,0.0],[20.3708,78.5208,0.0],[20.3646,78.5167,90.4236],[20.3229,78.5167,11.6362],[20.3188,78.5146,59.0593],[20.3021,78.5146,17.7026],[20.2979,78.5167,0.0],[20.2917,78.5167,0.0],[20.2792,78.5104,76.0205],[20.2375,78.5104,0.0],[20.2313,78.5062,39.5474],[20.2193,78.5057,13.5404],[20.2245,78.5036,65.2837],[20.2229,78.5021,99.0717],[20.2042,78.5021,35.5071],[20.1755,78.487,0.0],[20.1693,78.4818,14.7534],[20.1745,78.4807,16.2162],[20.1714,78.4786,21.9291],[20.1729,78.4771,14.2789],[20.2188,78.4771,9.5074],[20.2292,78.4729,0.0],[20.2604,78.4708,0.0801],[20.2646,78.4688,0.0],[20.2813,78.4688,9.9666],[20.2854,78.4708,15.3352],[20.2917,78.4708,4.1068],[20.2958,78.4688,0.8812],[20.3083,78.4688,4.1697],[20.3125,78.4667,0.0],[20.325,78.4667,5.9248],[20.3292,78.4646,4.4623],[20.3813,78.4625,1.449],[20.3917,78.4583,0.0],[20.4146,78.4583,0.0],[20.425,78.4542,0.0],[20.4396,78.4542,0.0],[20.4437,78.4521,0.0],[20.4667,78.4521,5.7898],[20.4682,78.4505,0.0],[20.4651,78.4484,0.0],[20.4667,78.4479,1.3053],[20.4833,78.45,4.3635],[20.4875,78.4479,0.0],[20.5104,78.4479,2.3779],[20.5146,78.4458,0.0],[20.5396,78.4458,6.9726],[20.5438,78.4437,0.0],[20.5578,78.4432,8.2906],[20.5641,78.4411,5.2536],[20.5609,78.438,0.0],[20.5708,78.4354,0.0],[20.5833,78.4354,0.0],[20.5974,78.4307,37.4141],[20.5943,78.4276,0.0],[20.6016,78.4266,7.3833],[20.5984,78.4234,8.5547],[20.6036,78.4213,46.2688],[20.6005,78.4203,5.0822],[20.5984,78.4172,0.0],[20.6036,78.4161,0.0],[20.6005,78.413,0.0],[20.6057,78.412,4.0708],[20.6047,78.4089,0.0],[20.6188,78.4083,2.239],[20.6391,78.4016,1.619],[20.638,78.3984,0.0],[20.6396,78.3979,0.0],[20.6536,78.3974,4.475],[20.6505,78.3943,0.0],[20.6557,78.3932,0.0],[20.6547,78.3901,0.0],[20.6661,78.387,19.8903],[20.6568,78.3807,5.3231],[20.662,78.3776,31.683],[20.6547,78.3734,0.0],[20.6604,78.3729,5.3085],[20.662,78.3714,13.83],[20.6547,78.3682,0.0],[20.6599,78.3662,21.5137],[20.6547,78.3609,7.7581],[20.6599,78.3588,19.9432],[20.6568,78.3578,20.4679],[20.6547,78.3547,0.0],[20.6724,78.3484,4.2332],[20.6625,78.3479,8.2012],[20.6609,78.3464,25.0807],[20.6854,78.3458,18.2403],[20.7021,78.3396,0.0],[20.725,78.3396,0.0],[20.7328,78.3359,0.0],[20.7292,78.3333,0.0],[20.7188,78.3333,0.0],[20.7172,78.3318,0.0],[20.7349,78.3266,0.0],[20.7333,78.325,0.0],[20.7234,78.3245,0.0],[20.7286,78.3214,0.0],[20.7188,78.3167,39.7954],[20.7125,78.3167,25.7802],[20.7083,78.3187,25.3152],[20.6938,78.3187,1.8827],[20.6922,78.3172,3.8242],[20.6974,78.3151,11.139],[20.6896,78.3146,21.7877],[20.6854,78.3167,9.9759],[20.6792,78.3167,6.4993],[20.675,78.3146,25.9042],[20.6583,78.3146,21.3527],[20.6542,78.3167,8.8514],[20.6167,78.3167,11.9397],[20.6151,78.3151,3.578],[20.6208,78.3146,9.0841],[20.6312,78.3104,0.0],[20.675,78.3104,3.2258],[20.6792,78.3083,0.0],[20.7229,78.3083,2.1278],[20.7271,78.3063,1.9454],[20.7396,78.3063,3.1173],[20.7411,78.3047,1.6127],[20.738,78.3026,0.8272],[20.7458,78.3,0.0],[20.7583,78.3,0.5323],[20.7687,78.2958,0.4974],[20.7729,78.2958,0.6024],[20.7745,78.2943,0.846],[20.7714,78.2922,0.0],[20.7828,78.2891,34.2251],[20.7771,78.2854,37.9698],[20.7672,78.2849,14.1787],[20.7724,78.2828,23.1453],[20.7693,78.2797,0.0],[20.7828,78.2766,6.1152],[20.7693,78.2682,1.598],[20.7745,78.2651,4.1522],[20.7625,78.2646,1.63],[20.7521,78.2583,4.199],[20.7313,78.2583,0.0],[20.7271,78.2562,3.0578],[20.7047,78.2557,0.0],[20.7062,78.2542,0.8478],[20.7104,78.2542,7.1718],[20.7245,78.2495,5.0001],[20.7214,78.2464,0.0],[20.7266,78.2453,3.5428],[20.7255,78.2422,0.0],[20.7307,78.2401,8.3934],[20.7208,78.2354,7.3645],[20.6917,78.2354,0.0],[20.6901,78.2338,5.6],[20.7057,78.2328,12.917],[20.7042,78.2312,7.7286],[20.6938,78.2312,6.5268],[20.6922,78.2297,5.4999],[20.7167,78.2271,0.0],[20.7208,78.2292,0.0],[20.7521,78.2292,0.0],[20.7563,78.2312,0.0],[20.8167,78.2312,0.0],[20.8208,78.2333,1.6086],[20.8271,78.2333,2.2425],[20.8312,78.2312,0.0],[20.8937,78.2312,1.0584],[20.8979,78.2292,0.0],[20.9417,78.2292,3.4995],[20.9458,78.2271,1.8614],[20.9688,78.2271,6.1086],[20.9854,78.2208,0.0],[20.9911,78.2203,0.0],[20.9896,78.2188,0.0],[20.9776,78.2182,0.0],[20.9828,78.2161,24.8798],[20.9797,78.213,9.2268],[20.9849,78.212,12.5596],[20.9839,78.2089,3.8027],[20.9917,78.2063,4.411],[21.0042,78.2063,8.3172],[21.0083,78.2042,0.0],[21.0313,78.2042,4.211],[21.0354,78.2021,3.0407],[21.0521,78.2021,13.1575],[21.0563,78.2042,23.8804],[21.0646,78.2042,0.0],[21.0729,78.2083,0.0],[21.0833,78.2083,0.0],[21.0875,78.2104,0.0],[21.0958,78.2104,0.0],[21.1,78.2125,21.165],[21.1437,78.2146,7.4634],[21.1563,78.2208,6.899],[21.1766,78.2214,0.0],[21.175,78.2229,0.0],[21.1609,78.2234,5.3228],[21.1625,78.225,14.7137],[21.1729,78.225,3.1255],[21.1771,78.2271,35.9345],[21.1979,78.2271,0.0],[21.2042,78.2312,37.4305],[21.2354,78.2312,0.0],[21.2396,78.2333,9.2098],[21.2458,78.2333,6.4438],[21.25,78.2312,0.0],[21.2625,78.2312,0.0],[21.2667,78.2292,0.0],[21.2729,78.2292,0.0],[21.2745,78.2307,0.0],[21.2693,78.2318,0.0],[21.2714,78.2349,4.6349],[21.2896,78.2354,0.0],[21.3,78.2312,0.0],[21.3167,78.2312,0.0],[21.3208,78.2333,0.0],[21.3271,78.2333,0.0],[21.3286,78.2318,0.0],[21.3255,78.2297,0.0],[21.3333,78.2292,0.0],[21.3375,78.2312,0.0],[21.3479,78.2312,0.0],[21.3563,78.2354,0.0],[21.375,78.2354,0.0],[21.3792,78.2375,0.0],[21.3896,78.2375,0.0],[21.3937,78.2396,0.0],[21.4016,78.2391,0.0],[21.3984,78.237,0.0],[21.4,78.2354,0.0],[21.4271,78.2354,0.0],[21.4313,78.2375,0.0],[21.4417,78.2375,0.0],[21.4479,78.2417,0.0],[21.475,78.2417,0.0],[21.4792,78.2396,0.0],[21.4854,78.2396,0.0],[21.4911,78.2422,0.0],[21.4797,78.2464,6.0593],[21.4813,78.2479,18.58],[21.5063,78.2479,0.0],[21.5104,78.2458,0.0],[21.5245,78.2453,0.0],[21.5229,78.2438,0.0],[21.513,78.2432,0.0],[21.5146,78.2417,0.0],[21.5292,78.2417,0.0],[21.5333,78.2438,0.0],[21.5646,78.2438,0.0],[21.5703,78.2464,0.0],[21.5651,78.2484,0.0],[21.5688,78.2521,0.0],[21.5854,78.2521,0.0],[21.5896,78.25,0.0],[21.5958,78.25,0.0],[21.5974,78.2516,0.0],[21.5922,78.2536,0.0],[21.6042,78.2542,0.0],[21.6083,78.2562,0.0],[21.6188,78.2562,0.0],[21.6229,78.2583,0.0],[21.6271,78.2583,0.0],[21.6396,78.2542,0.0],[21.6521,78.2542,0.0],[21.6536,78.2526,0.0],[21.6505,78.2505,0.0],[21.6583,78.25,0.0],[21.6688,78.2562,0.0],[21.6854,78.2542,0.0],[21.687,78.2557,0.0],[21.6818,78.2578,1.2782],[21.6938,78.2583,0.0],[21.6979,78.2604,0.7203],[21.7333,78.2583,0.0],[21.7391,78.2609,0.0],[21.7339,78.2641,0.0],[21.7438,78.2688,0.0],[21.7604,78.2688,0.0],[21.7646,78.2667,0.0],[21.7708,78.2667,0.0],[21.775,78.2688,30.8717],[21.7896,78.2688,0.0],[21.7938,78.2667,0.0],[21.8167,78.2667,1.291],[21.8208,78.2646,0.0],[21.8375,78.2667,5.7561],[21.8479,78.2625,0.0],[21.8646,78.2646,10.166],[21.8661,78.263,5.6789],[21.8589,78.2589,0.0],[21.8641,78.2578,0.0],[21.863,78.2547,0.0],[21.8646,78.2542,0.0],[21.8792,78.2542,0.0],[21.8833,78.2562,0.0],[21.8953,78.2568,0.0],[21.8901,78.2589,0.0],[21.8917,78.2604,0.0],[21.9083,78.2604,0.0],[21.9125,78.2583,0.0],[21.9188,78.2583,0.0],[21.9271,78.2625,0.8446],[21.9333,78.2625,1.6155],[21.9375,78.2604,0.0],[21.95,78.2604,0.0],[21.9604,78.2562,0.0],[21.975,78.2583,0.0],[21.9792,78.2562,0.0],[21.9917,78.2562,0.0],[22.0042,78.2521,0.0],[22.0083,78.2521,0.0],[22.0125,78.2542,0.0],[22.0333,78.2542,0.0],[22.0375,78.2562,0.0],[22.0495,78.2568,0.0],[22.0536,78.2599,1.5248],[22.0484,78.262,9.7597],[22.0583,78.2625,2.7883],[22.0625,78.2646,10.0963],[22.0792,78.2625,0.0],[22.0833,78.2646,0.0],[22.0938,78.2646,0.0],[22.0979,78.2667,0.0],[22.1307,78.2672,0.0],[22.1292,78.2688,0.0],[22.1167,78.2688,0.0],[22.1151,78.2703,0.0],[22.1208,78.2729,0.0],[22.1453,78.2755,0.0],[22.1339,78.2807,0.0],[22.1396,78.2833,0.0],[22.1516,78.2839,0.0],[22.1437,78.2875,0.0],[22.138,78.288,0.0],[22.1411,78.2911,0.0],[22.1359,78.2932,3.8831],[22.1479,78.2937,0.0],[22.1563,78.2979,0.0],[22.1625,78.2979,0.0],[22.1729,78.2937,0.0],[22.1792,78.2937,0.0],[22.1849,78.2963,0.0],[22.1797,78.2984,0.0],[22.1828,78.3005,0.0],[22.1813,78.3021,0.0],[22.1688,78.3021,0.0],[22.1646,78.3042,0.0],[22.1505,78.3047,1.3188],[22.1516,78.3078,1.9632],[22.1464,78.3099,6.0501],[22.1599,78.3109,0.0],[22.1547,78.3141,2.0018],[22.162,78.3182,0.0],[22.1568,78.3203,3.6215],[22.1792,78.3208,0.0],[22.1839,78.3245,0.0],[22.1958,78.325,0.0],[22.2083,78.3313,0.0],[22.2203,78.3318,0.0],[22.2188,78.3333,0.0],[22.1854,78.3333,0.0],[22.1776,78.3359,1.285],[22.1792,78.3375,5.1176],[22.1896,78.3375,0.0],[22.1953,78.3401,0.0],[22.188,78.3432,0.0],[22.2016,78.3443,0.0],[22.1839,78.3505,1.4942],[22.1911,78.3547,0.0],[22.1859,78.3578,0.0],[22.1891,78.3588,0.0],[22.1911,78.362,0.0],[22.1859,78.363,1.3689],[22.1891,78.3662,0.8663],[22.1839,78.3682,1.0016],[22.2036,78.3786,0.0],[22.1896,78.3792,0.8244],[22.188,78.3797,0.8174],[22.1891,78.3828,1.1641],[22.1526,78.3943,6.2167],[22.1542,78.3958,4.1991],[22.1661,78.3964,2.3113],[22.1484,78.4036,5.9964],[22.1661,78.4141,0.0],[22.1396,78.4229,0.0],[22.1339,78.4234,0.0],[22.1411,78.4287,0.0],[22.1333,78.4313,0.0],[22.1193,78.4318,6.3156],[22.1307,78.438,0.0],[22.1255,78.4401,2.2701],[22.1286,78.4432,0.0],[22.1229,78.4437,3.9507],[22.1214,78.4453,14.8793],[22.1349,78.4464,0.0],[22.1297,78.4484,0.0],[22.1328,78.4516,0.0],[22.1276,78.4537,1.4926],[22.1432,78.4609,0.0],[22.1417,78.4625,0.0],[22.1271,78.4625,1.9243],[22.1255,78.4641,1.861],[22.1375,78.4646,0.0],[22.1391,78.4661,0.0],[22.125,78.4667,1.2726],[22.1047,78.4734,5.4448],[22.1161,78.4797,0.0],[22.1182,78.4828,0.0],[22.1026,78.4838,0.0],[22.1057,78.4859,0.0],[22.1042,78.4875,0.0],[22.0917,78.4875,0.0],[22.0812,78.4917,0.0],[22.0672,78.4922,0.0],[22.0703,78.4943,0.0],[22.0688,78.4958,0.0],[22.0375,78.4979,5.1794],[22.0297,78.5005,5.3457],[22.0495,78.512,0.0],[22.0354,78.5167,0.0],[22.0104,78.5167,2.2635],[22.0089,78.5182,0.0],[22.012,78.5203,0.0],[22.0104,78.5208,0.0],[21.9859,78.5214,36.5599],[22.0057,78.5318,0.0],[22.0042,78.5333,1.046],[21.9984,78.5339,2.6416],[22.0016,78.537,0.0],[21.9964,78.538,3.4235],[22.0078,78.5443,0.0],[22.0026,78.5474,0.0],[22.0146,78.5479,0.0],[22.0266,78.5547,0.0],[22.025,78.5563,0.0],[22.0187,78.5563,0.0],[22.0146,78.5542,0.0],[22.0083,78.5542,0.0],[22.0005,78.5578,0.0],[22.0062,78.5604,0.0],[22.0125,78.5604,0.0],[22.0167,78.5583,0.0],[22.0333,78.5583,0.0],[22.0391,78.562,0.0],[22.025,78.5625,0.0],[22.0234,78.5641,0.0],[22.0458,78.5646,0.0],[22.0557,78.5693,0.0],[22.0542,78.5708,0.0],[22.0375,78.5708,0.0],[22.0359,78.5693,0.0],[22.0411,78.5672,0.0],[22.0333,78.5667,0.0],[22.0292,78.5687,0.0],[22.0146,78.5687,0.0],[22.0068,78.5714,0.0],[22.0208,78.5792,0.0],[22.0375,78.5792,0.0],[22.0417,78.5771,0.0],[22.0479,78.5771,0.0],[22.0536,78.5807,0.0],[22.0458,78.5833,0.0],[22.0292,78.5833,0.0],[22.025,78.5813,0.0],[22.0187,78.5813,0.0],[22.0172,78.5828,0.0],[22.0214,78.5849,0.0],[22.0333,78.5854,0.0],[22.0349,78.587,0.0],[22.0214,78.5901,0.0],[22.0245,78.5922,0.0],[22.0229,78.5938,0.0],[21.9938,78.5958,0.0],[21.9859,78.5984,0.0],[21.9917,78.6021,0.0],[22.0021,78.6021,0.0],[22.0036,78.6036,0.0],[21.9875,78.6042,0.0],[21.9859,78.6057,0.0],[21.9979,78.6062,0.0],[22.0104,78.6125,0.0],[22.0224,78.613,0.0],[22.0208,78.6146,0.0],[22.0042,78.6146,0.0],[21.9958,78.6104,0.0],[21.9854,78.6104,0.0],[21.9771,78.6062,0.0],[21.9708,78.6062,0.0],[21.9604,78.6104,0.0],[21.9359,78.6109,0.0],[21.9464,78.6182,0.0],[21.9599,78.6193,0.0],[21.9583,78.6208,0.0],[21.9417,78.6208,0.0],[21.9292,78.6146,0.0],[21.9125,78.6146,0.0],[21.9109,78.6162,0.0],[21.9141,78.6182,0.0],[21.9125,78.6188,0.0],[21.8896,78.6188,0.0],[21.8792,78.6229,0.0],[21.8729,78.6229,0.0],[21.8714,78.6214,0.0],[21.8766,78.6203,0.0],[21.8734,78.6182,0.0],[21.875,78.6167,0.0],[21.8875,78.6167,0.0],[21.8917,78.6146,0.0],[21.9229,78.6125,0.0],[21.9245,78.6109,0.0],[21.9021,78.6104,0.0],[21.8979,78.6083,0.0],[21.8896,78.6083,0.0],[21.8854,78.6104,0.0],[21.8729,78.6104,0.0],[21.8688,78.6125,0.0],[21.8625,78.6125,0.0],[21.8583,78.6104,0.0],[21.8464,78.6099,0.0],[21.8516,78.6068,0.0],[21.8438,78.6062,0.0],[21.8271,78.6125,0.0],[21.8,78.6125,0.0],[21.7943,78.6088,0.0],[21.7995,78.6078,0.0],[21.7964,78.6047,0.0],[21.8016,78.6036,0.0],[21.8,78.6021,0.0],[21.7896,78.6021,0.0],[21.7854,78.6,0.0],[21.775,78.6,0.0],[21.7708,78.5979,0.0],[21.7542,78.5979,0.0],[21.7313,78.6062,0.0],[21.7,78.6083,0.0],[21.6958,78.6104,0.0],[21.6792,78.6083,0.0],[21.675,78.6104,0.0],[21.6458,78.6125,0.0],[21.6443,78.6141,0.0],[21.6474,78.6151,0.0],[21.6458,78.6167,0.0],[21.5375,78.6167,0.0],[21.5333,78.6188,0.0],[21.3188,78.6188,89.4822],[21.3109,78.6224,36.8019],[21.3224,78.6286,54.9595],[21.3063,78.6292,33.3221]]],
[[[18.8667,78.4729,393.1306],[18.8604,78.4729,400.1476],[18.8547,78.4693,412.1566],[18.8625,78.4688,378.3303],[18.8682,78.4714,348.968],[18.8667,78.4729,393.1306]]],
[[[19.3625,78.5625,28.8018],[19.3641,78.5641,31.4305],[19.3479,78.5687,38.8508],[19.3312,78.5687,38.85],[19.3193,78.5609,27.4321],[19.3458,78.5604,28.9817],[19.35,78.5583,23.9856],[19.3563,78.5583,0.0],[19.3625,78.5625,28.8018]]],
[[[19.3625,78.5687,33.0953],[19.3641,78.5703,30.2386],[19.3547,78.5703,37.8378],[19.3563,78.5687,37.0483],[19.3625,78.5687,33.0953]]],
[[[18.7354,79.2292,391.7832],[18.7396,79.2271,408.6185],[18.7479,79.2271,396.3876],[18.7542,79.2312,338.9023],[18.7646,79.2312,327.645],[18.7661,79.2328,305.748],[18.7479,79.2333,311.9569],[18.7438,79.2312,346.5701],[18.7318,79.2307,355.025],[18.7354,79.2292,391.7832]]],
[[[19.9396,78.9792,74.6935],[19.9333,78.9792,71.8755],[19.9276,78.9755,87.3129],[19.9354,78.975,93.6881],[19.9411,78.9776,81.0226],[19.9396,78.9792,74.6935]]],
[[[19.8078,78.988,169.9918],[19.8063,78.9896,173.0881],[19.7964,78.9891,165.0007],[19.7979,78.9875,166.6952],[19.8078,78.988,169.9918]]],
[[[20.1437,79.0,31.2815],[20.1453,79.0016,23.8974],[20.1359,79.0016,20.671],[20.1375,79.0,27.0673],[20.1437,79.0,31.2815]]],
[[[19.8688,79.0417,9.7646],[19.8745,79.0453,13.7393],[19.8693,79.0463,17.3297],[19.8703,79.0495,35.4552],[19.8688,79.05,39.0781],[19.8521,79.0479,10.9707],[19.8479,79.05,30.4939],[19.8417,79.05,17.8172],[19.8375,79.0479,12.014],[19.8234,79.0474,14.8638],[19.825,79.0458,16.5064],[19.8307,79.0453,16.4303],[19.8292,79.0437,16.0831],[19.8229,79.0437,18.4262],[19.8188,79.0458,20.6048],[19.7792,79.0458,67.3388],[19.775,79.0437,75.078],[19.763,79.0432,95.6705],[19.7646,79.0417,79.2087],[19.7771,79.0417,57.0574],[19.787,79.0391,34.4116],[19.7797,79.0349,55.556],[19.7813,79.0333,57.7407],[19.8078,79.0328,25.5044],[19.8063,79.0313,26.4584],[19.7958,79.0313,32.9034],[19.7943,79.0297,39.1206],[19.8,79.0292,30.324],[19.8104,79.025,30.1531],[19.825,79.025,26.2422],[19.8292,79.0229,26.9756],[19.8438,79.0229,27.8837],[19.8479,79.0208,23.4377],[19.8646,79.0208,33.8134],[19.8661,79.0224,48.2374],[19.8609,79.0234,43.2424],[19.862,79.0266,32.6652],[19.8604,79.0271,31.3447],[19.8438,79.025,29.3122],[19.8422,79.0266,27.8121],[19.8453,79.0276,26.9047],[19.8438,79.0292,25.5623],[19.8292,79.0292,25.3392],[19.8214,79.0318,23.1753],[19.8224,79.0349,20.0547],[19.8172,79.037,20.5887],[19.825,79.0375,17.5669],[19.8292,79.0354,19.538],[19.8354,79.0354,15.4041],[19.8479,79.0417,10.6868],[19.8646,79.0396,14.0049],[19.8688,79.0417,9.7646]]],
[[[20.2089,79.113,31.1338],[20.2062,79.1146,45.5173],[20.1917,79.1146,110.6826],[20.1875,79.1167,161.8365],[20.1464,79.1162,45.6525],[20.1479,79.1146,30.1529],[20.1625,79.1146,45.4999],[20.1729,79.1104,0.0],[20.1875,79.1104,18.8204],[20.1891,79.1088,11.0853],[20.1859,79.1068,0.0],[20.1917,79.1062,9.9038],[20.1995,79.1026,20.1224],[20.1891,79.0964,17.1833],[20.1771,79.0958,7.0289],[20.1604,79.0875,54.4753],[20.1437,79.0875,27.3967],[20.1396,79.0896,0.0],[20.1297,79.0891,0.0],[20.1234,79.0849,0.0],[20.1286,79.0818,27.8054],[20.1193,79.0766,0.0],[20.1245,79.0734,58.0449],[20.1125,79.0729,12.1861],[20.1068,79.0703,16.4168],[20.1141,79.0672,39.2783],[20.1068,79.063,0.0],[20.1125,79.0625,7.8728],[20.1292,79.0563,0.0],[20.1437,79.0563,2.436],[20.1453,79.0547,2.0841],[20.1422,79.0537,0.2663],[20.1437,79.0521,0.3176],[20.1599,79.0516,4.6977],[20.1526,79.0463,0.0],[20.1583,79.0458,9.972],[20.1599,79.0443,23.9318],[20.15,79.0396,12.1174],[20.138,79.0391,0.8085],[20.1453,79.0359,17.4193],[20.1297,79.0349,19.026],[20.1313,79.0333,32.4737],[20.1458,79.0333,65.2159],[20.1729,79.025,48.1478],[20.2083,79.025,10.6731],[20.2126,79.0229,0.0],[20.2479,79.0229,19.8479],[20.2521,79.0208,0.0],[20.2875,79.0208,79.3796],[20.2891,79.0193,46.7958],[20.2859,79.0182,31.6445],[20.2875,79.0167,17.6102],[20.3021,79.0167,33.8036],[20.3099,79.0141,5.2031],[20.3089,79.0109,4.7415],[20.3141,79.0099,7.9739],[20.3109,79.0078,10.686],[20.3125,79.0062,18.2254],[20.3521,79.0083,35.59],[20.3563,79.0062,17.741],[20.375,79.0062,0.0],[20.3792,79.0083,37.2534],[20.3896,79.0083,37.2951],[20.3937,79.0104,30.8382],[20.4188,79.0125,6.5871],[20.4245,79.0162,8.2718],[20.4188,79.0167,9.134],[20.4172,79.0182,10.2754],[20.4271,79.0229,9.4911],[20.4437,79.0208,1.9664],[20.4479,79.0229,6.7624],[20.4813,79.0229,0.6577],[20.4854,79.025,2.0022],[20.5063,79.025,0.6172],[20.5104,79.0271,3.0085],[20.5208,79.0271,1.5934],[20.525,79.0292,3.3772],[20.5479,79.0292,1.1945],[20.5521,79.0313,3.9723],[20.5688,79.0313,13.2644],[20.5729,79.0292,0.0],[20.6083,79.0292,12.9826],[20.6125,79.0271,14.9693],[20.6271,79.0271,12.0643],[20.6312,79.025,0.0],[20.6375,79.025,10.5427],[20.6417,79.0271,5.0518],[20.6688,79.0292,0.2412],[20.675,79.0333,2.2024],[20.6875,79.0333,0.3036],[20.6953,79.038,2.6149],[20.6901,79.0401,3.8872],[20.6917,79.0417,5.1232],[20.7021,79.0417,3.9892],[20.7104,79.0458,8.1702],[20.7208,79.0458,5.6396],[20.725,79.0479,11.198],[20.737,79.0484,20.3278],[20.7208,79.0542,162.8475],[20.7146,79.0542,161.5139],[20.7104,79.0521,99.5489],[20.6938,79.0521,104.5192],[20.6839,79.0547,210.9236],[20.6854,79.0563,300.0874],[20.7042,79.0542,156.3164],[20.7083,79.0563,247.5096],[20.7396,79.0563,267.1337],[20.7453,79.0589,372.4825],[20.7437,79.0604,398.7356],[20.7313,79.0604,369.075],[20.7188,79.0646,552.9616],[20.6875,79.0667,423.7456],[20.6776,79.0693,424.7821],[20.6792,79.0708,434.1563],[20.6932,79.0714,423.0556],[20.6917,79.0729,423.1505],[20.6771,79.0729,450.6982],[20.6729,79.075,384.7705],[20.6667,79.075,444.7066],[20.6625,79.0729,459.215],[20.6542,79.0729,462.4043],[20.6437,79.0771,493.4587],[20.6188,79.0771,467.3665],[20.6083,79.0813,400.1639],[20.5938,79.0813,403.7408],[20.5896,79.0833,393.098],[20.5583,79.0854,363.8148],[20.5542,79.0875,294.205],[20.5396,79.0875,272.8618],[20.538,79.0891,229.4051],[20.5422,79.0911,204.7405],[20.5542,79.0917,184.0687],[20.5557,79.0932,164.0025],[20.55,79.0938,160.9404],[20.5396,79.0979,151.6904],[20.5042,79.0979,95.6633],[20.4771,79.1062,34.568],[20.4479,79.1062,6.8811],[20.4437,79.1042,7.1161],[20.4333,79.1042,4.8013],[20.4292,79.1021,6.5097],[20.4083,79.1021,2.9763],[20.4042,79.1,3.0996],[20.3604,79.1,0.9065],[20.3563,79.0979,5.8976],[20.3375,79.0979,5.3293],[20.3333,79.1,1.8512],[20.275,79.1,5.5081],[20.2708,79.1021,1.9893],[20.2458,79.1021,37.7086],[20.2417,79.1042,48.6029],[20.2276,79.1047,41.567],[20.2307,79.1068,17.8004],[20.2292,79.1083,13.0495],[20.2146,79.1083,30.2415],[20.213,79.1099,28.5063],[20.2161,79.112,23.5852],[20.2089,79.113,31.1338]]],
[[[19.6313,79.0625,210.6602],[19.6328,79.0641,310.5221],[19.6234,79.0641,301.4592],[19.625,79.0625,197.2534],[19.6313,79.0625,210.6602]]],
[[[20.0646,79.0833,0.0],[20.0661,79.0849,0.0],[20.0568,79.0849,0.0],[20.0583,79.0833,0.0],[20.0646,79.0833,0.0]]],
[[[20.0526,79.2818,18.1524],[20.05,79.2833,18.4078],[20.0354,79.2833,25.9604],[20.0313,79.2854,23.8796],[20.025,79.2854,12.6601],[20.0167,79.2813,6.0539],[20.0047,79.2807,6.9238],[20.0125,79.2771,9.8555],[20.0182,79.2766,12.7037],[20.0151,79.2734,0.0],[20.0224,79.2724,3.5146],[20.0193,79.2693,1.451],[20.0245,79.2682,11.3575],[20.0214,79.2651,0.0],[20.0271,79.2646,7.763],[20.0286,79.263,4.1156],[20.0125,79.2542,37.52],[20.0042,79.2542,32.2256],[20.0,79.2562,31.6985],[19.9922,79.2557,17.2487],[20.0,79.2521,6.315],[20.0057,79.2516,12.356],[20.0,79.2479,44.7029],[19.9562,79.2479,46.8881],[19.9521,79.2458,57.7472],[19.9292,79.2458,8.2173],[19.9234,79.2432,14.957],[19.9214,79.2401,52.8979],[19.9266,79.2391,54.0445],[19.9234,79.2359,38.4529],[19.9292,79.2354,47.3641],[19.9396,79.2312,35.5666],[19.9599,79.2318,52.5167],[19.9724,79.238,48.073],[19.9708,79.2396,39.1812],[19.9651,79.2401,41.8046],[19.9667,79.2417,42.7998],[20.0,79.2417,31.1191],[20.0042,79.2438,39.1345],[20.0229,79.2438,31.8987],[20.0333,79.2396,33.4111],[20.0521,79.2396,29.4238],[20.0536,79.2412,29.3649],[20.0479,79.2417,31.0203],[20.0464,79.2432,16.2051],[20.0536,79.2474,17.9861],[20.0484,79.2484,12.3875],[20.0495,79.2516,4.3439],[20.0443,79.2536,5.2121],[20.05,79.2562,8.1253],[20.0604,79.2562,5.1725],[20.0688,79.2604,3.4011],[20.0792,79.2604,0.118],[20.0833,79.2625,8.8942],[20.0938,79.2625,14.2914],[20.0953,79.2641,13.6489],[20.0901,79.2651,15.1267],[20.0911,79.2682,14.6102],[20.0896,79.2688,11.4212],[20.0755,79.2693,24.8297],[20.0766,79.2724,8.2314],[20.075,79.2729,8.9758],[20.05,79.2729,41.8734],[20.0484,79.2745,52.3027],[20.0604,79.275,31.2208],[20.0688,79.2792,17.8046],[20.0771,79.2792,17.1528],[20.0786,79.2776,14.2988],[20.0755,79.2755,13.2242],[20.0833,79.275,13.0493],[20.0875,79.2771,17.1138],[20.0979,79.2771,4.3601],[20.1036,79.2797,14.2398],[20.1021,79.2813,25.0203],[20.0526,79.2818,18.1524]]],
[[[18.8354,79.2333,38.7389],[18.837,79.2349,25.8035],[18.8276,79.2349,31.498],[18.8292,79.2333,102.4074],[18.8354,79.2333,38.7389]]],
[[[18.8167,79.2354,91.8734],[18.8182,79.237,27.8931],[18.8089,79.237,42.9586],[18.8104,79.2354,115.1307],[18.8167,79.2354,91.8734]]],
[[[18.7854,79.3,33.6602],[18.7818,79.2995,39.1785],[18.7755,79.2943,30.8243],[18.7833,79.2937,12.9106],[18.7875,79.2958,16.9367],[18.7979,79.2958,2.0752],[18.8036,79.2984,22.2211],[18.8021,79.3,22.5773],[18.7854,79.3,33.6602]]],
[[[18.7896,79.3479,319.4637],[18.7771,79.3479,336.5003],[18.7755,79.3464,347.993],[18.7974,79.3464,307.6287],[18.7958,79.3479,322.0297],[18.7896,79.3479,319.4637]]],
[[[22.4484,77.0693,0.0],[22.4604,77.0667,5.7139],[22.4661,77.0693,18.9635],[22.4682,77.0724,6.0629],[22.4625,77.0729,19.4754],[22.4583,77.0708,19.4273],[22.45,77.0708,6.6791],[22.4484,77.0693,0.0]]],
[[[22.8604,77.1542,2.202],[22.8542,77.1563,3.0892],[22.8438,77.1563,5.53],[22.8396,77.1583,1.1772],[22.8318,77.1578,10.1841],[22.8521,77.15,0.0],[22.8563,77.15,0.0],[22.862,77.1526,0.0],[22.8604,77.1542,2.202]]],
[[[22.8667,77.1563,6.0271],[22.8682,77.1578,4.3826],[22.8609,77.1578,6.0767],[22.8625,77.1563,3.4916],[22.8667,77.1563,6.0271]]],
[[[23.1917,77.275,4.4392],[23.1932,77.2766,3.1541],[23.1792,77.2771,5.3207],[23.175,77.2792,0.0],[23.1604,77.2792,7.8683],[23.1563,77.2771,11.2305],[23.1333,77.2771,10.6523],[23.1292,77.2792,3.0345],[23.1229,77.2792,4.2905],[23.1188,77.2771,8.432],[23.1104,77.2771,8.4684],[23.1063,77.275,13.1247],[23.0875,77.275,15.838],[23.0833,77.2729,15.0785],[23.0771,77.2729,14.7528],[23.0729,77.275,16.9816],[23.0583,77.275,0.0],[23.0526,77.2714,8.6509],[23.0667,77.2708,17.5884],[23.0682,77.2693,15.2736],[23.0464,77.2682,7.028],[23.0516,77.2651,2.383],[23.0443,77.2609,4.2109],[23.0604,77.2604,2.1219],[23.062,77.262,4.6071],[23.0568,77.2641,1.5171],[23.0625,77.2667,7.6158],[23.0974,77.2662,6.9401],[23.0958,77.2646,5.6974],[23.0859,77.2641,-0.1666],[23.0938,77.2604,0.0],[23.1083,77.2604,0.0],[23.1125,77.2625,4.7957],[23.1313,77.2625,0.0],[23.1354,77.2646,0.0],[23.1453,77.2651,0.0],[23.1563,77.2708,8.699],[23.1729,77.2708,0.0],[23.1771,77.2729,2.2031],[23.1875,77.2729,0.0],[23.1917,77.275,4.4392]]],
[[[22.4214,77.3828,3.9667],[22.4245,77.3849,3.5068],[22.4125,77.3854,6.0911],[22.4083,77.3875,5.0945],[22.3833,77.3875,15.4163],[22.375,77.3833,12.5641],[22.3667,77.3833,8.7281],[22.3651,77.3818,7.0438],[22.3729,77.3792,6.049],[22.4063,77.3792,1.4375],[22.4104,77.3812,8.7568],[22.4188,77.3812,0.1609],[22.4214,77.3828,3.9667]]],
[[[22.5187,77.3854,20.3456],[22.5125,77.3875,0.0],[22.5021,77.3875,8.9641],[22.4979,77.3896,0.0],[22.4729,77.3896,10.4032],[22.4688,77.3875,7.3947],[22.4484,77.387,0.0],[22.4562,77.3833,4.0354],[22.4813,77.3833,10.6725],[22.4854,77.3854,7.6716],[22.5,77.3854,0.0],[22.5078,77.3828,15.6899],[22.5047,77.3797,4.5275],[22.5125,77.3771,6.9037],[22.5182,77.3776,7.3949],[22.5307,77.3839,13.8215],[22.5292,77.3854,0.0],[22.5187,77.3854,20.3456]]],
[[[22.4292,77.3896,7.1193],[22.4167,77.3896,9.3982],[22.4151,77.388,5.4682],[22.4411,77.388,0.0],[22.4396,77.3896,2.2444],[22.4292,77.3896,7.1193]]],
[[[22.4375,77.3917,5.9246],[22.4432,77.3943,4.4174],[22.438,77.3964,5.916],[22.4411,77.3995,0.0],[22.4146,77.4,2.805],[22.413,77.3984,2.2598],[22.4182,77.3964,10.4729],[22.4109,77.3932,2.8671],[22.4125,77.3917,6.5456],[22.4375,77.3917,5.9246]]],
[[[22.7375,77.4417,0.0],[22.7391,77.4432,0.0],[22.7297,77.4432,0.0],[22.7313,77.4417,0.0],[22.7375,77.4417,0.0]]],
[[[22.6896,77.4583,0.0],[22.6911,77.4599,0.0],[22.6818,77.4599,0.0],[22.6833,77.4583,0.0],[22.6896,77.4583,0.0]]],
[[[22.8563,77.5208,0.0],[22.8599,77.5224,0.0],[22.8526,77.5224,0.0],[22.8526,77.5214,0.0],[22.8563,77.5208,0.0]]],
[[[22.8604,77.55,0.0],[22.8542,77.55,0.0],[22.8484,77.5463,0.0],[22.8563,77.5458,0.0],[22.862,77.5484,0.0],[22.8604,77.55,0.0]]],
[[[25.4714,76.6932,0.0],[25.4724,76.6953,0.0],[25.4693,76.6974,133.2913],[25.4792,76.7021,155.578],[25.4891,76.7026,0.0],[25.4932,76.7057,130.5863],[25.45,76.7063,118.9215],[25.4458,76.7042,155.8498],[25.4359,76.7037,139.1085],[25.4391,76.7016,175.731],[25.4375,76.7,196.2449],[25.425,76.7021,0.0],[25.4099,76.6943,250.8262],[25.3984,76.6932,28.7854],[25.3943,76.6911,116.1157],[25.3974,76.688,267.7215],[25.3859,76.687,164.0866],[25.3953,76.6818,250.8863],[25.3771,76.6813,128.9166],[25.3755,76.6797,203.616],[25.3786,76.6776,222.6545],[25.3771,76.6771,219.3512],[25.3568,76.6766,0.0],[25.3547,76.6734,0.0],[25.3578,76.6713,6.8364],[25.3464,76.6661,7.5201],[25.3391,76.6609,154.4839],[25.3292,76.6604,34.3018],[25.3234,76.6578,15.6979],[25.3266,76.6547,173.1135],[25.3167,76.6542,84.0752],[25.3057,76.6484,177.0973],[25.2958,76.6479,0.0],[25.2901,76.6453,12.3705],[25.2953,76.6432,162.8546],[25.2938,76.6417,227.8224],[25.2818,76.6412,12.8793],[25.2833,76.6396,30.3994],[25.2938,76.6396,259.1036],[25.2953,76.638,263.7142],[25.2755,76.637,0.0],[25.2786,76.6339,178.8267],[25.2729,76.6312,100.8088],[25.2646,76.6312,0.0],[25.2589,76.6286,0.0],[25.2641,76.6255,194.629],[25.2542,76.625,65.8455],[25.2417,76.6188,155.4077],[25.2333,76.6188,0.0],[25.2318,76.6172,47.5712],[25.2349,76.6151,170.3894],[25.225,76.6146,0.0],[25.2193,76.612,0.0],[25.2245,76.6088,140.3586],[25.2026,76.6078,0.0],[25.1922,76.6016,1.9214],[25.1953,76.5984,163.5069],[25.1755,76.5974,0.0],[25.1714,76.5953,13.3568],[25.1745,76.5922,154.9968],[25.1703,76.5901,161.1511],[25.1604,76.5896,0.0],[25.1521,76.5854,5.4932],[25.1422,76.5849,0.0],[25.1318,76.5787,0.0],[25.1349,76.5755,25.2576],[25.125,76.575,2.0678],[25.1151,76.5703,21.3758],[25.1167,76.5687,89.1715],[25.1271,76.5687,120.8976],[25.1286,76.5672,144.3533],[25.1188,76.5667,216.1419],[25.1104,76.5625,268.3564],[25.1005,76.562,131.6581],[25.1057,76.5599,299.8464],[25.1042,76.5583,295.3293],[25.0938,76.5583,255.2693],[25.0896,76.5563,216.1033],[25.0729,76.5563,96.567],[25.0688,76.5542,150.3286],[25.0604,76.5542,142.5372],[25.0521,76.55,225.9544],[25.0422,76.5495,87.8429],[25.0339,76.5453,117.523],[25.0391,76.5422,250.3796],[25.0333,76.5396,259.0342],[25.0234,76.5391,156.6854],[25.0266,76.537,268.8475],[25.025,76.5354,274.8267],[25.0151,76.5349,74.9266],[25.0245,76.5307,270.0792],[25.0214,76.5276,288.3746],[25.0266,76.5255,280.6787],[25.0187,76.525,286.9467],[25.0146,76.5271,299.7449],[24.9922,76.5266,15.3505],[24.9839,76.5224,0.0],[24.987,76.5203,21.7385],[24.9849,76.5172,17.3082],[24.9464,76.4974,76.3067],[24.9443,76.4943,99.6729],[24.9474,76.4922,151.2048],[24.9339,76.4849,0.0],[24.937,76.4818,98.1952],[24.9339,76.4807,26.0141],[24.9318,76.4776,152.3275],[24.9349,76.4755,163.8713],[24.925,76.475,128.9019],[24.9167,76.4708,113.2718],[24.9,76.4708,0.0],[24.8943,76.4682,0.0],[24.9036,76.4641,0.0],[24.8964,76.4599,0.0],[24.9016,76.4578,94.0266],[24.8984,76.4547,40.2232],[24.9036,76.4526,177.2306],[24.8964,76.4484,0.0],[24.9125,76.4417,0.0],[24.9188,76.4417,0.0],[24.9229,76.4437,0.0],[24.9328,76.4443,30.9685],[24.9417,76.45,217.8961],[24.9562,76.4479,0.0],[24.9578,76.4495,0.0],[24.9526,76.4516,117.6381],[24.9745,76.4526,0.0],[24.9807,76.4578,0.0],[24.975,76.4604,0.0],[24.963,76.4609,0.0],[24.9661,76.463,0.0],[24.9646,76.4646,0.0],[24.9526,76.4651,41.5283],[24.9484,76.4672,63.2929],[24.9516,76.4703,64.9652],[24.9464,76.4724,133.4694],[24.975,76.4729,0.0],[24.9792,76.475,0.0],[24.9974,76.4755,0.0],[25.0203,76.488,0.0],[25.0151,76.4912,0.0],[25.0396,76.4938,0.0],[25.0516,76.5005,0.0],[25.0474,76.5036,0.0],[25.0396,76.5062,0.0],[25.0292,76.5062,0.0],[25.0276,76.5078,0.0],[25.0396,76.5083,0.0],[25.0458,76.5125,0.0],[25.0563,76.5125,0.0],[25.0625,76.5167,0.0],[25.0708,76.5167,0.0],[25.0792,76.5208,0.0],[25.0891,76.5214,0.0],[25.0875,76.5229,0.0],[25.0792,76.5229,0.0],[25.0776,76.5245,0.0],[25.0995,76.5359,26.5368],[25.1026,76.5391,141.6693],[25.1229,76.5396,0.0],[25.1286,76.5422,0.0],[25.1234,76.5453,78.423],[25.1307,76.5495,160.6598],[25.1255,76.5516,272.3197],[25.1828,76.5818,0.0],[25.1797,76.5849,24.1849],[25.1911,76.5859,5.379],[25.2,76.5917,7.4195],[25.212,76.5922,0.0],[25.2141,76.5953,0.0],[25.2109,76.5974,0.0],[25.2208,76.6021,0.0],[25.2307,76.6026,0.0],[25.2255,76.6047,32.0651],[25.2271,76.6062,39.4631],[25.2458,76.6062,0.0],[25.2516,76.6088,0.0],[25.2464,76.6109,42.0071],[25.2479,76.6125,139.3235],[25.2625,76.6104,0.0],[25.2667,76.6125,0.0],[25.275,76.6125,0.0],[25.2807,76.6151,0.0],[25.2755,76.6182,139.8112],[25.2875,76.6188,27.7505],[25.2938,76.6229,142.5127],[25.3042,76.6229,0.0],[25.3057,76.6245,78.1079],[25.3005,76.6266,209.6867],[25.3104,76.6271,212.4614],[25.3187,76.6312,196.4091],[25.3286,76.6318,33.5175],[25.3495,76.6422,70.7863],[25.3526,76.6453,86.7932],[25.3646,76.6458,0.0],[25.3703,76.6484,0.0],[25.3766,76.6526,0.0],[25.3734,76.6557,0.0],[25.3818,76.6599,0.0],[25.4016,76.6609,0.0],[25.4057,76.663,0.0],[25.4026,76.6651,0.0],[25.4047,76.6682,1.3831],[25.4172,76.6745,5.8106],[25.4271,76.675,0.0],[25.4396,76.6813,5.4374],[25.4495,76.6818,0.0],[25.462,76.688,0.0],[25.4568,76.6911,91.3094],[25.4688,76.6917,0.0],[25.4714,76.6932,0.0]]],
[[[26.5729,78.8292,11.9098],[26.5833,78.8292,3.1532],[26.5849,78.8307,0.9918],[26.5771,78.8333,0.0],[26.4958,78.8333,0.0],[26.4943,78.8318,1.2421],[26.4995,78.8297,24.4903],[26.4854,78.8292,0.0],[26.4708,78.8229,44.6595],[26.4396,78.8229,0.0],[26.4292,78.8187,4.1513],[26.4021,78.8167,0.0],[26.3979,78.8146,0.0],[26.3771,78.8146,0.0],[26.3729,78.8125,0.0],[26.3604,78.8125,0.0],[26.3589,78.8109,0.0],[26.3641,78.8099,0.0],[26.3609,78.8068,0.0],[26.3703,78.8037,1.7053],[26.3672,78.8005,0.1993],[26.3724,78.7984,0.4061],[26.3672,78.7963,0.0619],[26.3875,78.7958,1.4533],[26.3891,78.7974,1.345],[26.3839,78.7995,1.3389],[26.3917,78.8,2.6349],[26.412,78.7932,2.8666],[26.4104,78.7917,3.175],[26.3667,78.7917,0.0],[26.3651,78.7901,0.0],[26.3807,78.7849,-0.0547],[26.3776,78.7818,0.0],[26.4349,78.762,0.0],[26.4318,78.7589,0.0],[26.4474,78.7536,0.0],[26.4443,78.7505,0.0],[26.4495,78.7484,0.0],[26.4401,78.7453,0.0],[26.4453,78.7422,0.0],[26.4401,78.7401,0.0],[26.4542,78.7354,0.0],[26.4604,78.7354,0.0],[26.4646,78.7375,0.0],[26.4828,78.737,1.6233],[26.4813,78.7354,0.0],[26.4708,78.7354,0.0],[26.4625,78.7312,0.0],[26.45,78.7312,0.0],[26.4484,78.7297,0.0],[26.4562,78.7271,0.0],[26.4625,78.7271,0.0],[26.4667,78.7292,0.0],[26.4833,78.7292,0.0],[26.4849,78.7276,0.0],[26.4818,78.7255,0.0],[26.487,78.7234,5.0249],[26.4818,78.7214,0.0],[26.4896,78.7188,0.0],[26.5021,78.7188,18.6455],[26.5125,78.7146,0.0],[26.525,78.7146,7.9296],[26.5292,78.7125,0.0],[26.5417,78.7125,3.3383],[26.5432,78.7109,0.0],[26.538,78.7089,0.0],[26.5521,78.7083,0.0],[26.5688,78.7021,0.0],[26.5979,78.7,6.2737],[26.6021,78.6979,0.0],[26.6146,78.6979,17.5608],[26.6214,78.6943,0.0],[26.6328,78.6911,0.0],[26.6297,78.6891,0.0],[26.6313,78.6875,0.0],[26.6958,78.6875,5.2737],[26.6974,78.6859,3.5794],[26.6943,78.6839,0.734],[26.6984,78.6818,0.1535],[26.7125,78.6813,-0.2404],[26.7203,78.6776,0.0],[26.6958,78.6771,0.0],[26.6943,78.6755,0.0],[26.7083,78.675,0.0],[26.7099,78.6734,0.0],[26.6979,78.6729,0.0],[26.6818,78.6651,0.0],[26.7141,78.662,0.0],[26.7089,78.6589,0.0],[26.7203,78.6547,8.021],[26.7151,78.6536,0.0],[26.7109,78.6505,0.0],[26.725,78.6458,3.5547],[26.7313,78.6458,6.8261],[26.7396,78.65,9.4924],[26.75,78.65,0.0],[26.7646,78.6563,7.2313],[26.7875,78.6563,1.3905],[26.7917,78.6583,5.6007999999999996],[26.8083,78.6583,1.0438],[26.8125,78.6563,0.0],[26.8188,78.6563,0.0],[26.8229,78.6583,0.0],[26.8292,78.6583,0.0],[26.8307,78.6568,0.0],[26.8276,78.6557,0.0],[26.8292,78.6542,0.0],[26.8458,78.6542,0.0],[26.85,78.6563,0.0],[26.8771,78.6583,0.0],[26.8812,78.6604,8.6141],[26.9021,78.6604,0.0],[26.9063,78.6625,46.7825],[26.9125,78.6625,43.1373],[26.9167,78.6604,0.0],[26.9333,78.6604,0.0],[26.9438,78.6646,31.0516],[26.9542,78.6646,0.0],[26.962,78.6672,0.0],[26.9568,78.6693,80.4996],[26.9583,78.6708,172.4407],[26.9688,78.6708,22.9771],[26.9792,78.675,59.4294],[26.9911,78.6755,0.0],[26.9896,78.6771,0.0],[26.9667,78.6771,177.1137],[26.9651,78.6787,175.7758],[26.9682,78.6807,164.686],[26.9562,78.6813,136.7698],[26.9547,78.6828,94.7542],[26.9786,78.6839,32.153],[26.9734,78.687,27.8372],[26.9875,78.6875,16.0048],[26.9891,78.6891,0.0],[26.975,78.6896,20.5916],[26.9734,78.6911,19.9438],[26.987,78.6922,0.0],[26.9839,78.6953,6.2483],[26.9922,78.6995,3.0678],[27.0063,78.7,0.0],[27.0078,78.7016,0.0],[27.0026,78.7037,5.1769],[27.0167,78.7042,0.0],[27.037,78.713,10.1914],[27.0354,78.7146,7.4176],[27.0187,78.7146,4.539],[27.0172,78.713,7.6636],[27.0224,78.7109,14.5911],[27.0146,78.7104,12.8538],[27.0104,78.7125,6.6262],[27.0021,78.7125,4.7315],[26.9937,78.7083,7.0422],[26.9875,78.7083,6.2467],[26.9797,78.712,2.861],[26.9849,78.713,0.8602],[26.9891,78.7161,0.0],[26.963,78.7172,0.0],[26.9672,78.7203,0.0],[26.9724,78.7214,0.0],[26.9708,78.7229,0.0],[26.9646,78.7229,0.0],[26.9604,78.7208,0.0],[26.9104,78.7208,0.1657],[26.9,78.725,0.0],[26.8563,78.725,0.6948],[26.8547,78.7266,0.2441],[26.8641,78.7297,0.0],[26.8682,78.7328,0.0],[26.8526,78.7338,0.0],[26.8578,78.737,0.0],[26.85,78.7396,0.0],[26.8422,78.7391,0.3396],[26.8453,78.7359,0.1826],[26.8375,78.7354,0.2207],[26.8318,78.738,0.1757],[26.8349,78.7412,0.4115],[26.8193,78.7422,1.6808],[26.8224,78.7453,0.1889],[26.8167,78.7479,0.0],[26.8042,78.7479,0.3127],[26.7938,78.7521,0.179],[26.7875,78.7521,0.2579],[26.7833,78.75,1.6172],[26.7755,78.7505,2.6626],[26.7828,78.7557,-0.0123],[26.7609,78.763,0.7407],[26.7661,78.7662,0.0],[26.7583,78.7688,0.0],[26.7458,78.7688,0.0],[26.7318,78.7734,0.0],[26.737,78.7766,0.0],[26.7214,78.7776,0.0],[26.7286,78.7828,0.0],[26.7068,78.7901,0.0],[26.712,78.7932,0.0],[26.6875,78.7937,0.0],[26.6797,78.7963,0.0],[26.687,78.8005,0.0],[26.6828,78.8037,0.0],[26.675,78.8063,0.0],[26.6625,78.8063,0.0],[26.6521,78.8104,0.0],[26.638,78.8109,0.5454],[26.6396,78.8125,0.0],[26.6563,78.8125,0.0],[26.6604,78.8104,0.0],[26.6792,78.8104,0.0],[26.6807,78.812,0.0],[26.6667,78.8125,0.0],[26.6563,78.8167,0.0],[26.6271,78.8187,2.2832],[26.6193,78.8214,5.5968],[26.6245,78.8245,0.9327],[26.6167,78.8271,0.0],[26.5979,78.825,6.0466],[26.5938,78.8271,3.2268],[26.5589,78.8276,96.8117],[26.5604,78.8292,78.618],[26.5729,78.8292,11.9098]]],
[[[26.8057,78.7547,0.0],[26.8042,78.7562,0.0],[26.7943,78.7557,0.206],[26.7958,78.7542,0.067],[26.8057,78.7547,0.0]]],
[[[26.7828,78.7599,0.1347],[26.7854,78.7583,0.0883],[26.7932,78.7589,0.0],[26.7854,78.7625,0.0],[26.7776,78.762,0.2027],[26.7828,78.7599,0.1347]]],
[[[22.5745,77.5984,0.0662],[22.5729,77.6,0.1104],[22.5651,77.5995,0.05],[22.5667,77.5979,0.0038],[22.5745,77.5984,0.0662]]],
[[[22.4375,77.6125,-0.0709],[22.425,77.6125,-0.0593],[22.4234,77.6109,-0.0491],[22.4411,77.6109,-0.1515],[22.4375,77.6125,-0.0709]]],
[[[22.45,77.6125,-0.1421],[22.4536,77.6141,0.0521],[22.4464,77.6141,-0.1264],[22.4464,77.613,-0.0891],[22.45,77.6125,-0.1421]]],
[[[22.8375,78.25,5.9883],[22.8333,78.2521,2.3892],[22.8208,78.2521,4.9978],[22.8167,78.2542,3.049],[22.7917,78.2542,2.7758],[22.7875,78.2521,9.0648],[22.7563,78.2521,1.3678],[22.7521,78.25,8.5038],[22.7313,78.25,1.874],[22.7271,78.2479,11.6567],[22.6979,78.2479,3.5542],[22.6938,78.2458,4.8674],[22.6625,78.2458,1.9956],[22.6542,78.2417,5.4062],[22.6104,78.2396,0.2495],[22.6063,78.2375,2.9067],[22.5958,78.2375,2.2455],[22.5917,78.2354,4.2838],[22.5604,78.2354,1.1131],[22.5563,78.2333,1.1002],[22.5479,78.2333,0.3912],[22.5438,78.2312,1.6867],[22.5063,78.2312,1.001],[22.5021,78.2333,0.3534],[22.4542,78.2333,1.3988],[22.4411,78.2255,1.4029],[22.4276,78.2245,0.1903],[22.4328,78.2214,0.2078],[22.4083,78.2083,2.6512],[22.3875,78.2083,0.1442],[22.3833,78.2063,0.5879],[22.3563,78.2063,0.0],[22.3521,78.2083,0.0],[22.3271,78.2083,-0.2651],[22.3229,78.2063,-0.159],[22.3167,78.2063,-0.4027],[22.3125,78.2083,-0.4605],[22.275,78.2083,0.2049],[22.2734,78.2068,-0.4761],[22.2786,78.2047,0.0833],[22.2625,78.2042,0.3324],[22.2521,78.2083,0.0],[22.2458,78.2083,0.0],[22.2417,78.2063,0.0],[22.2313,78.2063,0.0],[22.2271,78.2042,0.0],[22.2104,78.2063,0.0],[22.2062,78.2042,0.0],[22.1958,78.2042,0.0],[22.1901,78.2005,-0.2062],[22.1974,78.1995,-0.0047],[22.1958,78.1979,0.1476],[22.1792,78.2,0.0],[22.175,78.1979,0.3824],[22.1646,78.1979,-0.1332],[22.1604,78.1958,0.5882],[22.1422,78.1964,0.6983],[22.1437,78.1979,0.0],[22.1557,78.1984,0.0],[22.1542,78.2,0.0],[22.1167,78.1979,0.0],[22.1151,78.1995,0.0],[22.1182,78.2005,0.0],[22.1167,78.2021,0.0],[22.1,78.2021,0.0],[22.0953,78.1984,0.0],[22.0875,78.1979,0.0],[22.0734,78.2037,0.0],[22.0833,78.2042,0.0],[22.0917,78.2083,0.0],[22.1021,78.2083,0.0],[22.1036,78.2099,0.0],[22.075,78.2104,0.0],[22.0708,78.2083,0.0],[22.0146,78.2083,0.0],[22.0068,78.2109,0.0],[22.0141,78.2151,0.0],[22.0125,78.2167,0.0],[21.9901,78.2141,0.0],[21.9953,78.2109,0.0],[21.9896,78.2083,0.0],[21.95,78.2083,0.0],[21.9417,78.2042,4.9815],[21.9354,78.2042,8.3882],[21.9339,78.2057,1.0363],[21.937,78.2068,0.0],[21.9354,78.2083,0.0],[21.9021,78.2083,0.0],[21.8979,78.2104,0.0],[21.8458,78.2104,13.3021],[21.8417,78.2125,0.0],[21.825,78.2104,37.1145],[21.8172,78.213,0.5299],[21.8188,78.2146,0.0],[21.8286,78.2151,0.0],[21.8271,78.2167,0.0],[21.8125,78.2167,0.0],[21.8083,78.2146,0.0],[21.7979,78.2146,0.0],[21.7938,78.2125,11.3359],[21.7875,78.2125,12.2635],[21.7771,78.2167,0.0],[21.7396,78.2146,1.5555],[21.7292,78.2188,0.0],[21.7229,78.2188,0.0],[21.7188,78.2167,0.0],[21.6833,78.2167,0.0],[21.6792,78.2188,0.0],[21.6729,78.2188,0.0],[21.6542,78.2083,0.0],[21.6375,78.2083,0.0],[21.6271,78.2125,0.0],[21.5896,78.2125,0.0],[21.588,78.2109,0.0],[21.5932,78.2099,0.0],[21.5901,78.2068,0.0],[21.5974,78.2057,0.0],[21.5943,78.2026,0.0],[21.5995,78.2005,0.0],[21.5875,78.2,0.0],[21.5792,78.1958,0.0],[21.55,78.1958,0.0],[21.5458,78.1937,4.4688],[21.5396,78.1937,4.104],[21.538,78.1953,0.4969],[21.5453,78.1995,0.0],[21.5167,78.2,0.0],[21.5083,78.1958,0.4587],[21.4896,78.1958,0.0],[21.4729,78.1875,99.9855],[21.4562,78.1896,0.0],[21.4521,78.1875,57.2039],[21.4318,78.187,40.0185],[21.437,78.1849,107.8355],[21.4354,78.1833,103.3408],[21.4292,78.1833,105.504],[21.4151,78.188,0.0],[21.4182,78.1901,0.0],[21.4167,78.1917,0.0],[21.3729,78.1917,0.0],[21.3688,78.1937,0.0],[21.3625,78.1937,0.0],[21.3568,78.1901,0.0],[21.3688,78.1875,0.0],[21.3703,78.1859,0.0],[21.3625,78.1854,0.0],[21.3583,78.1875,0.0],[21.3521,78.1875,0.0],[21.3422,78.1828,0.0],[21.3474,78.1797,14.1898],[21.3375,78.1792,4.1899],[21.3333,78.1771,16.9702],[21.3229,78.1771,0.0],[21.3188,78.175,20.9486],[21.3083,78.175,0.0],[21.2938,78.1667,267.224],[21.2833,78.1667,251.4144],[21.2792,78.1646,320.7935],[21.2396,78.1646,116.2912],[21.2354,78.1625,158.7751],[21.2167,78.1625,107.4764],[21.2125,78.1604,84.9913],[21.175,78.1625,0.0],[21.1667,78.1583,24.3977],[21.1521,78.1604,2.2915],[21.1437,78.1563,26.2713],[21.1229,78.1563,4.8357],[21.1188,78.1542,28.0238],[21.0896,78.1542,8.0508],[21.0812,78.15,130.4444],[21.0583,78.1479,169.4223],[21.0542,78.1458,213.6281],[21.0438,78.1458,111.1157],[21.0396,78.1438,158.323],[21.0313,78.1438,80.6286],[21.0271,78.1417,157.694],[21.0167,78.1417,39.8185],[21.0125,78.1396,86.9786],[21.0021,78.1396,20.5744],[20.9958,78.1354,142.4776],[20.975,78.1354,15.7478],[20.9708,78.1333,32.3981],[20.9625,78.1333,6.2175],[20.9542,78.1292,121.6611],[20.9422,78.1286,104.3282],[20.9375,78.125,101.2229],[20.8937,78.1229,172.734],[20.8854,78.1188,242.4489],[20.875,78.1188,205.976],[20.8708,78.1167,229.4328],[20.8625,78.1167,217.2281],[20.8583,78.1146,262.6234],[20.8417,78.1167,32.8937],[20.8375,78.1146,63.3084],[20.8255,78.1141,21.1557],[20.8271,78.1125,28.1478],[20.8328,78.112,108.247],[20.8297,78.1088,87.1216],[20.8349,78.1068,191.2079],[20.8271,78.1021,112.7141],[20.8151,78.1016,0.0],[20.8167,78.1,0.0],[20.8307,78.0995,139.0983],[20.8234,78.0943,78.6521],[20.8292,78.0938,114.1297],[20.8307,78.0922,112.8553],[20.8193,78.087,0.0],[20.8266,78.0839,21.5033],[20.813,78.0828,5.3191],[20.8182,78.0807,12.176],[20.8151,78.0787,1.2843],[20.8167,78.0771,0.0],[20.8208,78.0771,5.6994],[20.825,78.075,0.0],[20.8354,78.075,0.0],[20.8396,78.0729,0.0],[20.8625,78.0729,5.1417],[20.8667,78.0708,0.0],[20.8792,78.0708,4.8758],[20.8833,78.0687,0.9487],[20.8958,78.0687,10.7327],[20.9161,78.062,33.0373],[20.9151,78.0589,6.7789],[20.9203,78.0578,20.275],[20.9172,78.0547,0.0],[20.9375,78.0479,0.0],[20.9417,78.0479,6.1107],[20.9708,78.0375,0.0],[20.9833,78.0375,1.4357],[20.9938,78.0333,0.0],[21.0104,78.0354,1.3556],[21.0208,78.0313,0.0],[21.0417,78.0313,9.0666],[21.0542,78.0271,1.7887],[21.0661,78.0266,3.0318],[21.0651,78.0234,0.0],[21.0667,78.0229,0.0],[21.0958,78.0208,2.6895],[21.1063,78.0167,1.0582],[21.1167,78.0167,6.8919],[21.1208,78.0146,3.2898],[21.125,78.0146,6.6098],[21.1766,77.9974,11.4676],[21.1734,77.9943,1.4794],[21.187,77.9912,18.9596],[21.1839,77.9891,9.6632],[21.1891,77.987,7.0047],[21.1859,77.9838,0.0],[21.2188,77.9729,0.0],[21.2313,77.9729,0.0],[21.2354,77.9708,0.0],[21.2583,77.9708,75.3298],[21.2599,77.9693,35.0606],[21.2568,77.9672,0.0],[21.2583,77.9667,0.0],[21.2917,77.9667,7.861],[21.2958,77.9646,0.0],[21.3271,77.9646,3.9473],[21.3312,77.9625,0.0],[21.3792,77.9604,0.902],[21.3833,77.9583,0.0],[21.3958,77.9583,0.196],[21.4,77.9563,0.0],[21.4229,77.9563,1.3927],[21.4333,77.9521,0.0],[21.4562,77.9521,0.3705],[21.4604,77.95,0.6376],[21.4708,77.95,0.3872],[21.4786,77.9474,0.8886],[21.4776,77.9443,0.0],[21.4854,77.9417,0.0],[21.4958,77.9417,1.0477],[21.5,77.9396,0.6049],[21.5167,77.9396,0.1909],[21.5208,77.9417,-0.0176],[21.5458,77.9417,-0.2195],[21.5474,77.9401,-0.1083],[21.5375,77.9396,-0.1793],[21.5292,77.9354,0.6781],[21.5208,77.9354,-0.0666],[21.5193,77.9339,0.357],[21.5432,77.9266,0.7195],[21.5401,77.9245,0.2048],[21.5417,77.9229,-0.1517],[21.5557,77.9224,1.2643],[21.5542,77.9208,1.4249],[21.5438,77.9208,0.3121],[21.5422,77.9193,0.7578],[21.5474,77.9182,-0.0236],[21.5443,77.9151,0.435],[21.5495,77.9141,-0.1075],[21.5484,77.9109,0.655],[21.5536,77.9099,0.7326],[21.5505,77.9068,4.9137],[21.5557,77.9047,23.7127],[21.5354,77.9042,5.9163],[21.5313,77.9021,11.1941],[21.5083,77.9,0.549],[21.4943,77.8932,0.4396],[21.4995,77.8912,2.2854],[21.4984,77.888,1.8693],[21.5161,77.8818,5.4278],[21.4875,77.8833,0.8131],[21.4839,77.8797,0.6072],[21.4891,77.8776,0.7457],[21.4755,77.8766,0.0],[21.4995,77.8672,2.2664],[21.4891,77.8609,2.7972],[21.4792,77.8604,0.0],[21.4734,77.8568,0.0],[21.4813,77.8562,11.011],[21.4854,77.8583,6.0064],[21.4896,77.8583,9.9381],[21.4911,77.8568,15.0375],[21.4859,77.8526,32.9604],[21.5,77.8521,74.2584],[21.5016,77.8505,171.2505],[21.4958,77.8479,302.683],[21.4896,77.8479,292.5404],[21.4792,77.8521,17.3373],[21.4729,77.8521,8.9048],[21.4714,77.8505,11.7677],[21.4766,77.8484,123.1425],[21.4729,77.8458,204.8613],[21.4609,77.8453,79.4354],[21.4661,77.8432,197.2087],[21.4646,77.8417,177.6835],[21.4292,77.8375,20.8573],[21.4276,77.8359,41.9315],[21.4328,77.8339,59.8513],[21.4104,77.8333,7.8695],[21.4068,77.8307,35.121],[21.4146,77.8271,124.1745],[21.4432,77.8245,227.2967],[21.4417,77.8229,282.1102],[21.4167,77.8229,286.4139],[21.4125,77.825,239.8129],[21.3958,77.825,167.9745],[21.3896,77.8208,222.0704],[21.3693,77.8203,129.1048],[21.3651,77.8182,132.8817],[21.3703,77.8161,184.9135],[21.3688,77.8146,242.3457],[21.3583,77.8146,240.908],[21.3521,77.8104,266.7044],[21.3401,77.8099,69.4571],[21.3255,77.8016,96.2247],[21.3307,77.7984,220.6082],[21.3193,77.7974,157.4249],[21.3245,77.7943,81.3017],[21.3172,77.7901,54.4198],[21.3286,77.7859,159.9924],[21.3229,77.7854,155.1542],[21.3188,77.7875,59.6351],[21.3125,77.7875,43.6431],[21.2953,77.7776,130.1801],[21.2839,77.7766,0.0],[21.2891,77.7734,77.4663],[21.2755,77.7724,0.0],[21.2807,77.7693,90.6828],[21.2755,77.7651,12.847],[21.2911,77.7641,88.4143],[21.288,77.7609,197.8741],[21.2932,77.7589,312.3347],[21.2667,77.7604,156.7346],[21.2542,77.7542,255.4975],[21.2354,77.7542,13.7212],[21.2297,77.7505,53.0374],[21.2542,77.75,59.3849],[21.2557,77.7484,176.8136],[21.2313,77.7458,287.2748],[21.2224,77.7401,302.2011],[21.2104,77.7396,71.7045],[21.2047,77.737,51.8924],[21.2026,77.7338,24.4183],[21.2078,77.7318,96.8179],[21.1901,77.7224,0.0],[21.1953,77.7203,92.6312],[21.1932,77.7172,82.5165],[21.1813,77.7167,0.0],[21.1797,77.7151,0.0],[21.1849,77.7141,31.9979],[21.1839,77.7109,18.6001],[21.1979,77.7063,104.9568],[21.2021,77.7063,110.7253],[21.2062,77.7083,51.9159],[21.2141,77.7078,86.6355],[21.2109,77.7047,179.5949],[21.2161,77.7026,233.9284],[21.2,77.7021,330.5667],[21.1896,77.7063,24.7422],[21.1833,77.7063,2.7382],[21.1776,77.7037,0.0],[21.1828,77.7016,44.9327],[21.1818,77.6984,87.1116],[21.187,77.6964,188.0469],[21.1693,77.687,5.8638],[21.1745,77.6839,88.8679],[21.1693,77.6797,2.3063],[21.1807,77.6766,64.1939],[21.1776,77.6734,0.0],[21.1828,77.6713,24.6378],[21.1797,77.6703,0.0],[21.1776,77.6672,0.0],[21.1891,77.6641,2.1521],[21.1859,77.6609,1.7439],[21.1911,77.6589,1.7498],[21.188,77.6568,1.3849],[21.1932,77.6557,2.2038],[21.1911,77.6526,1.1808],[21.1839,77.6484,1.4032],[21.1953,77.6443,2.6],[21.175,77.6438,1.0521],[21.1672,77.6391,0.9677],[21.1688,77.6375,0.6734],[21.1792,77.6375,1.518],[21.1807,77.6359,1.1397],[21.1693,77.6286,1.5625],[21.1745,77.6255,1.4051],[21.1688,77.6229,0.7284],[21.1589,77.6224,0.8368],[21.1703,77.6182,2.6555],[21.1688,77.6167,2.2655],[21.1583,77.6167,0.2894],[21.1547,77.6141,0.0917],[21.1599,77.6109,2.3177],[21.15,77.6062,2.0337],[21.1417,77.6062,0.6312],[21.1333,77.6021,0.4419],[21.1234,77.6016,0.631],[21.1146,77.5958,3.1881],[21.1042,77.5958,1.7503],[21.1,77.5938,2.0326],[21.0812,77.5938,-0.079],[21.0771,77.5917,0.9811],[21.0688,77.5917,1.5589],[21.0646,77.5896,1.9925],[21.0354,77.5896,-0.0058],[21.0292,77.5854,4.1069],[21.0229,77.5854,2.8457],[21.0187,77.5875,0.1386],[21.0042,77.5875,0.9118],[21.0,77.5854,10.9792],[20.9938,77.5854,7.254],[20.9922,77.587,4.7553],[20.9953,77.588,4.6208],[20.9938,77.5896,1.542],[20.9542,77.5875,0.8111],[20.95,77.5854,-0.1198],[20.9443,77.5859,0.0],[20.9453,77.5891,0.0],[20.9438,77.5896,10.332],[20.9396,77.5896,10.3721],[20.9354,77.5875,8.1924],[20.925,77.5875,20.2497],[20.8953,77.5693,0.4871],[20.875,77.5687,0.6645],[20.8714,77.5661,6.297],[20.8766,77.5641,4.9961],[20.8734,77.5609,0.8276],[20.8786,77.5599,6.6811],[20.8755,77.5568,0.9288],[20.8807,77.5557,2.2872],[20.8797,77.5526,1.4872],[20.8911,77.5484,0.4716],[20.8792,77.5479,0.0],[20.875,77.5458,0.2146],[20.8667,77.5458,0.0],[20.8625,77.5437,13.3663],[20.813,77.5432,3.3115],[20.8146,77.5417,5.8211],[20.8286,77.5411,10.4418],[20.8255,77.5391,2.4733],[20.8271,77.5375,0.0],[20.8333,77.5375,0.0],[20.8375,77.5396,12.738],[20.8417,77.5396,12.5878],[20.8458,77.5375,0.0],[20.8521,77.5375,0.0],[20.8563,77.5396,0.0],[20.8724,77.5391,3.5149],[20.8703,77.5359,3.4221],[20.8646,77.5333,10.546],[20.8583,77.5333,12.2025],[20.8542,77.5354,8.7225],[20.8484,77.5349,8.8773],[20.8536,77.5328,13.7946],[20.8521,77.5313,12.4801],[20.8458,77.5313,11.5602],[20.8417,77.5333,11.7132],[20.8167,77.5333,3.1319],[20.8151,77.5318,6.2803],[20.8203,77.5307,6.7893],[20.8193,77.5276,0.0],[20.8208,77.5271,0.0],[20.8312,77.5271,8.1083],[20.8417,77.5229,0.0],[20.8542,77.5229,12.5657],[20.8557,77.5214,6.1001],[20.8526,77.5193,0.0],[20.8667,77.5188,12.1044],[20.8682,77.5172,4.897],[20.8651,77.5151,0.0],[20.8766,77.512,48.0849],[20.875,77.5104,38.0112],[20.8464,77.5099,0.0],[20.8479,77.5083,0.0],[20.8891,77.5078,258.8062],[20.8875,77.5062,266.2541],[20.8776,77.5057,71.1563],[20.8828,77.5036,191.7854],[20.8813,77.5021,197.6821],[20.8693,77.5016,0.0],[20.8745,77.4995,51.4254],[20.8734,77.4964,129.3493],[20.8854,77.4958,366.5219],[20.887,77.4943,357.4013],[20.8708,77.4938,137.7879],[20.8667,77.4958,44.6819],[20.8609,77.4953,0.0],[20.8766,77.488,198.6528],[20.8729,77.4854,240.8692],[20.8484,77.4828,79.6712],[20.8464,77.4797,94.773],[20.8521,77.4792,171.5367],[20.8563,77.4812,293.3868],[20.8625,77.4812,363.8144],[20.8641,77.4797,370.0742],[20.8583,77.4771,338.539],[20.8484,77.4766,259.5864],[20.8339,77.4682,18.8869],[20.8391,77.4651,136.984],[20.8339,77.462,60.9621],[20.8318,77.4589,46.0998],[20.8411,77.4557,188.1439],[20.8401,77.4526,106.7096],[20.8453,77.4516,231.9216],[20.8401,77.4464,0.0],[20.8521,77.4458,62.0527],[20.8625,77.4417,0.0],[20.8875,77.4417,0.0],[20.8958,77.4458,156.6445],[20.9042,77.4458,0.0],[20.9083,77.4479,202.5796],[20.9396,77.4437,0.0],[20.9438,77.4458,0.0],[20.9521,77.4458,0.0],[20.9562,77.4479,20.3618],[20.9708,77.4479,0.0],[20.975,77.4458,0.0],[21.0146,77.4458,16.9547],[21.0187,77.4437,0.0],[21.0396,77.4437,19.6806],[21.0438,77.4417,0.0],[21.05,77.4417,0.0],[21.0583,77.4458,61.9073],[21.0729,77.4437,0.0],[21.0771,77.4458,24.5521],[21.1146,77.4458,0.0],[21.1229,77.45,191.6126],[21.1396,77.45,0.0],[21.1437,77.4521,178.9666],[21.1729,77.4521,0.0],[21.1813,77.4563,97.5042],[21.1896,77.4563,0.0],[21.1979,77.4604,0.0],[21.2062,77.4604,0.0],[21.2104,77.4625,125.6036],[21.2313,77.4646,20.1748],[21.2396,77.4688,21.1891],[21.2687,77.4688,0.0],[21.2729,77.4708,1.5679],[21.2828,77.4714,0.0],[21.2875,77.475,3.9194],[21.2979,77.475,2.0883],[21.3021,77.4771,4.1115],[21.3167,77.475,0.0],[21.3208,77.4771,2.2787],[21.3292,77.4771,1.937],[21.3333,77.4792,2.5806],[21.3708,77.4792,0.0],[21.375,77.4812,1.2112],[21.3979,77.4833,1.8787],[21.4021,77.4854,3.1501],[21.4167,77.4833,0.0],[21.4208,77.4854,1.0844],[21.4354,77.4854,0.0],[21.4458,77.4812,0.0],[21.4521,77.4812,0.0],[21.4562,77.4833,0.0],[21.4646,77.4833,0.0],[21.4661,77.4849,0.0],[21.4547,77.488,0.0],[21.4505,77.4912,0.0],[21.462,77.4922,0.0],[21.4708,77.4979,2.9822],[21.5,77.4979,0.0],[21.5042,77.5,0.9108],[21.5125,77.5,0.0],[21.5167,77.5021,0.95009999999999994],[21.5833,77.5021,-0.375],[21.5917,77.5062,6.5624],[21.6167,77.5062,-0.0422],[21.6208,77.5042,-0.374],[21.65,77.5042,-0.3922],[21.6542,77.5021,-0.2584],[21.6667,77.5021,0.0845],[21.6708,77.5,0.0],[21.7313,77.5,6.1525],[21.7354,77.4979,0.0],[21.7583,77.4979,0.0],[21.7625,77.5,13.9729],[21.7687,77.5,26.3062],[21.7729,77.4979,0.0],[21.7792,77.4979,0.0],[21.7833,77.5,30.4132],[21.7875,77.5,25.0853],[21.7917,77.4979,0.0],[21.7979,77.4979,0.0],[21.8021,77.5,13.8231],[21.8208,77.5,0.0],[21.825,77.5021,4.0133],[21.8333,77.5021,0.0],[21.8375,77.5042,6.6089],[21.8521,77.5021,0.0],[21.8604,77.5062,0.0],[21.8708,77.5062,0.0],[21.875,77.5083,2.106],[21.8896,77.5062,0.0],[21.9,77.5125,0.5462],[21.9167,77.5104,0.0],[21.9203,77.5141,0.4928],[21.9151,77.5151,0.2855],[21.9167,77.5167,0.9954],[21.9229,77.5167,0.4683],[21.9271,77.5146,-0.3306],[21.9432,77.5151,-0.5006],[21.9354,77.5188,0.9652],[21.9234,77.5193,0.9641],[21.925,77.5208,2.0281],[21.9333,77.5208,1.3616],[21.9375,77.5229,1.2832],[21.9521,77.5229,0.4879],[21.9536,77.5224,0.2069],[21.9526,77.5193,-0.4075],[21.9604,77.5167,-0.1319],[21.9708,77.5167,-0.2103],[21.975,77.5146,0.0],[21.9813,77.5146,0.0],[21.9859,77.5182,-0.3012],[21.9979,77.5188,-0.267],[22.0057,77.5234,-0.177],[21.9943,77.5286,-0.0088],[22.0146,77.5292,-0.0109],[22.0187,77.5313,-0.5137],[22.0307,77.5318,0.5262],[22.0292,77.5333,0.0],[22.0146,77.5333,-0.3434],[22.0104,77.5313,-0.3878],[22.0042,77.5313,-0.6023],[22.0026,77.5328,-0.4036],[22.0083,77.5354,-0.0829],[22.0167,77.5354,-0.2455],[22.0224,77.538,-0.5121],[22.0172,77.5401,0.3003],[22.0187,77.5417,1.0502],[22.0333,77.5396,0.0],[22.0391,77.5422,0.0],[22.0339,77.5443,2.2279],[22.0354,77.5458,2.3341],[22.0417,77.5458,2.1905],[22.0521,77.5417,0.0],[22.075,77.5417,0.0],[22.0792,77.5437,0.0],[22.0896,77.5437,0.0],[22.0984,77.5495,0.0],[22.1104,77.55,0.0],[22.1167,77.5542,0.0],[22.1391,77.5547,0.0],[22.1339,77.5568,0.0],[22.1354,77.5583,1.8117],[22.1729,77.5583,0.0],[22.1771,77.5604,0.0],[22.1833,77.5604,0.0],[22.1875,77.5583,0.0],[22.2021,77.5583,0.0],[22.2125,77.5646,0.0],[22.2245,77.5651,0.0],[22.2229,77.5667,0.0],[22.2104,77.5667,0.0],[22.2089,77.5682,0.0],[22.2208,77.5687,0.0],[22.2271,77.5729,2.1865],[22.2375,77.5729,0.0],[22.2417,77.575,1.5006],[22.25,77.575,0.0],[22.2542,77.5771,0.0],[22.2646,77.5771,0.0],[22.2708,77.5813,2.0127],[22.2813,77.5813,0.0],[22.2854,77.5833,0.7997],[22.3271,77.5854,1.0053],[22.3312,77.5875,2.8236],[22.3604,77.5875,0.3924],[22.3708,77.5938,1.0455],[22.3937,77.5958,0.0],[22.3995,77.5984,0.0],[22.3943,77.6016,0.0],[22.4042,77.6062,0.0095],[22.4125,77.6062,0.0],[22.4182,77.6088,-0.1921],[22.413,77.6109,0.0566],[22.4161,77.6141,-0.0238],[22.3984,77.6193,0.163],[22.4042,77.6229,0.4361],[22.4099,77.6224,0.3662],[22.4089,77.6193,0.1206],[22.4104,77.6188,0.1206],[22.4208,77.6188,0.3769],[22.425,77.6167,0.0778],[22.4328,77.6172,0.0282],[22.4276,77.6193,0.3759],[22.4292,77.6208,0.0818],[22.4438,77.6208,0.2605],[22.4479,77.6188,0.156],[22.4708,77.6188,0.0974],[22.475,77.6167,0.0148],[22.4854,77.6167,0.0333],[22.4896,77.6146,-0.0584],[22.55,77.6146,0.0112],[22.5516,77.613,0.2346],[22.5396,77.6125,0.366],[22.538,77.6109,-0.0427],[22.5458,77.6083,0.1602],[22.5729,77.6062,-0.3898],[22.5958,77.5979,0.3556],[22.6104,77.5979,0.2006],[22.612,77.5995,0.2038],[22.6068,77.6005,0.2273],[22.6099,77.6026,0.4089],[22.6083,77.6042,0.0616],[22.5875,77.6042,0.2903],[22.5859,77.6057,-0.2884],[22.5917,77.6083,-0.1199],[22.5979,77.6083,-0.0136],[22.6021,77.6062,-0.0595],[22.6125,77.6062,0.1971],[22.6167,77.6042,0.2212],[22.6229,77.6042,0.2766],[22.6271,77.6062,-0.0324],[22.6474,77.6068,0.0212],[22.6422,77.6088,0.0036],[22.6437,77.6104,0.1079],[22.6583,77.6104,-0.1071],[22.6661,77.6078,0.7227],[22.6557,77.6005,0.3706],[22.6422,77.5995,0.3079],[22.6474,77.5974,0.1983],[22.6458,77.5958,0.4741],[22.6396,77.5958,0.7143],[22.6313,77.6,0.4423],[22.625,77.6,0.5439],[22.6167,77.5958,0.3632],[22.5964,77.5953,0.1626],[22.5979,77.5938,0.2439],[22.6104,77.5938,0.1654],[22.6146,77.5917,0.2854],[22.6354,77.5917,0.1141],[22.6432,77.5891,0.5329],[22.6375,77.5854,0.5022],[22.6271,77.5854,0.0],[22.6255,77.5839,0.0],[22.6411,77.5828,0.6379],[22.638,77.5797,0.0],[22.6495,77.5766,13.081],[22.6464,77.5734,0.6493],[22.6516,77.5724,5.5603],[22.6401,77.5661,0.678],[22.6453,77.563,18.9721],[22.6401,77.5589,3.2957],[22.6453,77.5568,15.3421],[22.638,77.5526,0.0],[22.6557,77.5474,16.7943],[22.6401,77.5391,0.0],[22.6453,77.537,12.7299],[22.6422,77.5349,0.0],[22.6437,77.5333,0.0],[22.65,77.5333,5.1734],[22.6557,77.5359,2.1037],[22.6505,77.538,5.0928],[22.6547,77.5411,6.8335],[22.6646,77.5417,2.2281],[22.6786,77.5484,1.1856],[22.6807,77.5516,0.2169],[22.6776,77.5537,2.4778],[22.6891,77.5547,1.1724],[22.6776,77.5589,10.5645],[22.6807,77.562,2.3804],[22.6755,77.5641,0.2454],[22.6854,77.5687,1.3538],[22.6953,77.5693,1.3065],[22.7104,77.5771,0.0],[22.7188,77.5771,0.0],[22.7229,77.5792,0.0],[22.7375,77.5792,0.0],[22.7417,77.5771,0.0],[22.7479,77.5771,0.0],[22.7521,77.5792,0.3851],[22.7583,77.5792,3.4354],[22.7625,77.5771,0.0],[22.7667,77.5771,0.0],[22.7708,77.5792,1.6407],[22.7875,77.5792,5.2806],[22.7979,77.575,0.0],[22.8021,77.575,0.0],[22.8063,77.5771,2.5899],[22.8208,77.575,0.2785],[22.825,77.5771,0.7327],[22.8312,77.5771,1.481],[22.8354,77.575,0.3996],[22.8563,77.575,0.4406],[22.8604,77.5729,0.0775],[22.8667,77.5729,0.8111],[22.8708,77.575,0.5911],[22.8854,77.575,0.8083],[22.8958,77.5708,0.0],[22.9083,77.5708,0.0399],[22.9203,77.5651,0.0],[22.9146,77.5625,0.0],[22.9063,77.5625,0.0],[22.9047,77.5609,0.0],[22.9271,77.5604,0.0],[22.9349,77.5578,0.0],[22.9318,77.5547,0.0],[22.9432,77.5505,0.0],[22.9313,77.55,0.0],[22.9271,77.5479,0.0],[22.9083,77.5479,0.0],[22.9026,77.5443,0.0],[22.925,77.5437,0.0],[22.9292,77.5417,0.0],[22.9417,77.5417,0.0],[22.9458,77.5396,0.0],[22.9521,77.5396,0.0],[22.9562,77.5417,0.0],[22.9792,77.5417,0.0],[22.9807,77.5411,0.0],[22.9797,77.538,0.0],[22.9828,77.537,0.0],[22.9818,77.5339,0.2332],[22.9953,77.5328,15.3414],[22.9896,77.5292,16.21],[22.9854,77.5292,24.78],[22.9813,77.5313,12.2693],[22.9646,77.5313,11.1077],[22.9604,77.5292,28.4585],[22.9562,77.5292,22.3282],[22.9547,77.5307,6.0197],[22.9578,77.5328,3.2602],[22.95,77.5333,0.0],[22.9458,77.5313,3.2132],[22.9339,77.5307,4.8156],[22.925,77.525,14.8647],[22.8875,77.525,1.0198],[22.8833,77.5229,8.9627],[22.8729,77.5229,7.3065],[22.8646,77.5188,9.9873],[22.8271,77.5188,0.0],[22.8229,77.5167,4.6332],[22.8042,77.5167,0.0],[22.8,77.5146,4.3343],[22.7896,77.5146,0.0],[22.7854,77.5125,13.9397],[22.7708,77.5125,2.7066],[22.7667,77.5146,0.0],[22.7625,77.5146,0.0],[22.7583,77.5125,5.0601],[22.7521,77.5125,5.979],[22.7479,77.5146,0.0],[22.7333,77.5146,0.4399],[22.7292,77.5125,2.972],[22.7229,77.5125,6.4045],[22.7188,77.5146,1.2845],[22.7083,77.5146,1.9037],[22.6917,77.5208,0.0],[22.6813,77.5208,7.059],[22.6771,77.5229,2.2759],[22.6604,77.5229,14.0143],[22.6547,77.5203,0.0],[22.6563,77.5188,0.0],[22.6688,77.5188,16.8537],[22.6766,77.5162,19.4704],[22.6734,77.513,7.944],[22.6875,77.5083,0.0],[22.6979,77.5083,7.561],[22.7182,77.5016,8.0566],[22.7151,77.4984,0.0],[22.7292,77.4938,0.0],[22.7411,77.4932,4.3711],[22.738,77.4912,0.1201],[22.7396,77.4896,0.2734],[22.7521,77.4896,2.5118],[22.7563,77.4875,0.7593],[22.7807,77.4891,7.9992],[22.7786,77.4859,4.6244],[22.7667,77.4854,0.0],[22.7651,77.4838,0.0],[22.7828,77.4786,7.5246],[22.7797,77.4755,14.331],[22.7911,77.4714,19.7334],[22.7755,77.4641,0.0],[22.7734,77.4609,0.0],[22.7766,77.4589,7.5816],[22.7651,77.4578,0.0],[22.7703,77.4557,16.2182],[22.7672,77.4526,40.1436],[22.7724,77.4505,83.2595],[22.7401,77.4495,0.0],[22.738,77.4464,0.0],[22.7536,77.4411,29.0717],[22.7521,77.4396,21.5344],[22.7422,77.4391,1.6576],[22.7464,77.4359,19.2946],[22.7516,77.4349,29.5746],[22.75,77.4333,38.4054],[22.7146,77.4292,0.0],[22.7062,77.425,2.6413],[22.6875,77.425,0.2794],[22.6833,77.4229,5.6406],[22.65,77.4229,10.6765],[22.6458,77.425,0.0],[22.6396,77.425,0.0],[22.6354,77.4229,9.9645],[22.6167,77.4229,11.8037],[22.6104,77.4187,13.1671],[22.5984,77.4182,0.0],[22.6036,77.4161,7.5391],[22.6005,77.413,0.0],[22.612,77.4099,0.8865],[22.6089,77.4068,0.0],[22.6229,77.4063,2.3236],[22.6286,77.4026,2.493],[22.625,77.4,1.3696],[22.6063,77.4,1.4321],[22.5964,77.3943,1.5081],[22.6188,77.3938,1.7434],[22.6229,77.3917,0.0],[22.6354,77.3917,0.0],[22.6396,77.3896,0.0],[22.6542,77.3917,4.196],[22.6661,77.387,0.0],[22.6609,77.3818,0.0],[22.6854,77.3729,0.0],[22.7167,77.3729,15.1771],[22.7182,77.3714,15.1835],[22.6979,77.3708,0.0],[22.6922,77.3682,0.0],[22.6974,77.3662,0.0],[22.6901,77.362,0.0],[22.6953,77.3588,11.6305],[22.6875,77.3542,0.0],[22.6755,77.3536,0.0],[22.6807,77.3516,0.0],[22.6776,77.3484,0.0],[22.6828,77.3464,3.0332],[22.6729,77.3458,0.0],[22.6646,77.3417,0.0],[22.6401,77.3391,0.0],[22.6453,77.337,0.0],[22.6422,77.3339,0.0],[22.6599,77.3276,57.9089],[22.6333,77.3292,0.0],[22.6318,77.3276,0.0],[22.6432,77.3234,1.7914],[22.6271,77.3229,0.0],[22.6229,77.325,0.0],[22.6151,77.3245,0.0],[22.6109,77.3214,0.0],[22.625,77.3208,0.0],[22.6266,77.3193,0.0],[22.6146,77.3187,0.0],[22.6104,77.3167,0.0],[22.6021,77.3167,0.0],[22.6005,77.3151,0.0],[22.6083,77.3125,129.6078],[22.6188,77.3125,90.6746],[22.6203,77.3109,111.0102],[22.6146,77.3083,183.1996],[22.6,77.3104,200.09],[22.5984,77.3089,187.3579],[22.6036,77.3068,352.8788],[22.5979,77.3042,355.7222],[22.5771,77.3021,196.4823],[22.5688,77.2979,312.6112],[22.5589,77.2974,155.0261],[22.5479,77.2917,144.2238],[22.5396,77.2917,0.0],[22.538,77.2901,0.0],[22.5432,77.288,51.4358],[22.5318,77.2818,0.0],[22.537,77.2807,13.1751],[22.5359,77.2776,0.0],[22.5453,77.2745,28.3096],[22.5422,77.2714,0.0],[22.5661,77.2703,260.2012],[22.5646,77.2688,266.7329],[22.5563,77.2688,152.5392],[22.5505,77.2662,0.0],[22.5557,77.2641,16.6781],[22.5526,77.2609,0.0],[22.5682,77.2599,109.3651],[22.5786,77.2557,123.535],[22.5755,77.2526,0.0],[22.5833,77.25,0.0],[22.5974,77.2495,0.0],[22.5943,77.2474,0.0],[22.5958,77.2458,0.0],[22.6063,77.2458,0.0],[22.6104,77.2438,0.0],[22.625,77.2438,0.0],[22.6292,77.2458,0.0],[22.6354,77.2458,71.3679],[22.6563,77.2375,0.0],[22.6625,77.2375,0.0],[22.6667,77.2396,0.0],[22.7021,77.2396,0.0],[22.7062,77.2417,0.0],[22.7182,77.2422,0.0],[22.7214,77.2453,0.0],[22.7313,77.25,0.0],[22.7516,77.2505,0.0],[22.7401,77.2547,0.0],[22.7417,77.2562,0.0],[22.7521,77.2562,0.0],[22.7557,77.2589,0.0],[22.7516,77.262,0.0],[22.7464,77.263,0.0],[22.7484,77.2662,0.0],[22.7604,77.2667,0.0],[22.762,77.2682,0.0],[22.7568,77.2703,0.0],[22.7667,77.2708,0.0],[22.775,77.275,0.0],[22.7833,77.275,0.0],[22.7917,77.2792,0.0],[22.8,77.2792,0.0],[22.8083,77.2833,0.0],[22.8188,77.2833,0.0],[22.8229,77.2854,0.0],[22.8438,77.2875,0.0],[22.8479,77.2896,0.1959],[22.8625,77.2896,0.8268],[22.8667,77.2875,0.0],[22.8729,77.2875,0.0],[22.8813,77.2917,0.9678],[22.9167,77.2917,0.0],[22.925,77.2958,1.2501],[22.9396,77.2937,0.0],[22.9438,77.2958,0.0],[22.9625,77.2958,0.0],[22.9667,77.2979,0.0],[22.9958,77.2979,0.0],[23.0,77.3,0.0],[23.0083,77.3,0.0],[23.0125,77.3021,0.0],[23.0208,77.3021,0.0],[23.0224,77.3037,0.0],[23.0193,77.3057,0.0],[23.0292,77.3063,0.0],[23.037,77.3109,0.0],[23.0354,77.3125,0.0],[23.0313,77.3125,0.0],[23.0271,77.3104,0.0],[23.0208,77.3104,2.1488],[23.0193,77.312,9.5484],[23.0224,77.3141,0.0],[23.0172,77.3151,41.546],[23.0187,77.3167,44.618],[23.0307,77.3172,0.0],[23.0328,77.3193,0.0],[23.0297,77.3214,0.0],[23.0313,77.3229,0.0],[23.0458,77.3208,0.0],[23.0542,77.325,0.0],[23.0625,77.325,0.0],[23.0667,77.3271,0.0],[23.0729,77.3271,0.0],[23.0771,77.325,0.0],[23.0917,77.325,0.0],[23.1036,77.3318,0.0],[23.0984,77.3339,0.0],[23.1,77.3354,0.0],[23.1104,77.3354,0.0],[23.1146,77.3375,0.0],[23.1188,77.3375,0.0],[23.1229,77.3354,0.0],[23.1292,77.3354,0.0],[23.1349,77.338,0.0],[23.1271,77.3417,0.0],[23.1146,77.3417,0.0],[23.1104,77.3438,0.0],[23.1,77.3438,0.0],[23.0922,77.3464,0.0],[23.0964,77.3495,0.0],[23.1125,77.35,0.0],[23.1167,77.3479,0.0],[23.1313,77.3479,0.0],[23.1354,77.35,0.0],[23.1646,77.35,0.0],[23.1661,77.3516,0.0],[23.1547,77.3557,0.0],[23.1667,77.3562,0.0],[23.1682,77.3578,0.0],[23.1526,77.3588,0.0],[23.1599,77.3641,0.0],[23.1464,77.3651,0.0],[23.1484,77.3682,0.0],[23.1542,77.3708,0.0],[23.1646,77.3708,0.0],[23.1688,77.3729,0.0],[23.1729,77.3729,0.0],[23.1771,77.3708,0.0],[23.2021,77.3708,4.7207],[23.238,77.3912,0.0],[23.25,77.3917,0.0],[23.2563,77.3958,0.5539],[23.2667,77.3958,0.0],[23.2708,77.3979,0.4212],[23.3375,77.3979,0.0],[23.3432,77.4005,0.0],[23.338,77.4036,0.0],[23.3479,77.4042,0.0],[23.3563,77.4083,0.0],[23.3646,77.4083,0.0],[23.3688,77.4104,0.0],[23.3937,77.4104,0.0],[23.4042,77.4063,0.0],[23.4104,77.4063,0.0],[23.4146,77.4083,0.0],[23.4229,77.4083,0.0],[23.4313,77.4125,0.0],[23.4396,77.4125,0.0],[23.4453,77.4151,0.0],[23.4438,77.4167,0.0],[23.4333,77.4167,0.0],[23.4318,77.4182,0.0],[23.4438,77.425,0.0],[23.4557,77.4255,0.0],[23.4505,77.4287,0.0],[23.4604,77.4333,0.0],[23.475,77.4333,0.0],[23.4792,77.4313,0.0],[23.4833,77.4313,0.0],[23.4917,77.4354,0.0],[23.5063,77.4354,0.0],[23.5104,77.4333,0.0],[23.5167,77.4333,0.0],[23.5224,77.4359,0.0],[23.5172,77.4391,0.0],[23.5229,77.4417,0.0],[23.5286,77.4411,0.0],[23.5276,77.438,0.0],[23.5333,77.4375,0.0],[23.5375,77.4396,0.0],[23.5479,77.4396,0.0],[23.5563,77.4437,0.0],[23.5646,77.4437,0.0],[23.5661,77.4453,0.0],[23.55,77.4458,0.0],[23.5417,77.4417,0.0],[23.5339,77.4422,0.0],[23.5521,77.4521,0.0],[23.5854,77.45,0.0],[23.5953,77.4547,0.0],[23.5938,77.4563,0.0],[23.5812,77.4563,0.0],[23.5771,77.4583,0.0],[23.5547,77.4589,0.0],[23.5578,77.4609,0.0],[23.5547,77.463,0.0],[23.5568,77.4661,0.0],[23.5625,77.4688,0.0],[23.5745,77.4693,0.0],[23.5693,77.4714,0.0],[23.5708,77.4729,0.0],[23.5792,77.4729,0.0],[23.5833,77.475,0.0],[23.6125,77.475,0.0],[23.6167,77.4771,0.0],[23.6354,77.4771,0.0],[23.6479,77.4833,0.0],[23.687,77.4838,0.0],[23.6953,77.4891,0.0],[23.6839,77.4932,0.0],[23.7078,77.4943,0.0],[23.7,77.4979,0.0],[23.6859,77.4984,0.0],[23.6891,77.5005,0.0],[23.6859,77.5026,0.0],[23.688,77.5057,0.0],[23.7062,77.5062,0.0],[23.7104,77.5042,0.0],[23.7146,77.5042,0.0],[23.7203,77.5068,0.0],[23.7125,77.5104,0.0],[23.7021,77.5104,0.0],[23.6901,77.5151,0.0],[23.6917,77.5167,2.5623],[23.7016,77.5172,0.0],[23.6964,77.5203,1.9662],[23.7167,77.5208,0.0],[23.7182,77.5224,0.0],[23.7151,77.5245,0.0],[23.7188,77.5271,0.0],[23.7354,77.5271,0.0],[23.7396,77.525,0.0],[23.7438,77.525,0.0],[23.7479,77.5271,0.0],[23.7542,77.5271,0.0],[23.7583,77.525,0.0],[23.7646,77.525,0.0],[23.7703,77.5276,0.0],[23.7651,77.5307,0.0],[23.7682,77.5318,0.0],[23.7703,77.5349,0.0],[23.7583,77.5354,0.0],[23.7568,77.537,0.0],[23.7703,77.538,0.0],[23.7766,77.5422,0.0],[23.7734,77.5443,0.0],[23.7755,77.5474,0.0],[23.7875,77.5479,0.0],[23.7917,77.55,0.0],[23.8208,77.55,0.0],[23.825,77.5521,0.0],[23.8333,77.5521,0.0],[23.8391,77.5547,0.0],[23.8339,77.5578,0.0],[23.8396,77.5604,0.0],[23.8604,77.5604,0.0],[23.8667,77.5646,0.0],[23.8786,77.5651,0.0],[23.8828,77.5682,0.0],[23.8776,77.5703,0.0],[23.8849,77.5734,0.0],[23.8797,77.5766,0.0],[23.887,77.5807,0.0],[23.8651,77.588,0.0],[23.8682,77.5911,0.0],[23.863,77.5932,2.6399],[23.8729,77.5979,0.0],[23.8813,77.5979,0.0],[23.8854,77.6,0.0],[23.9078,77.6005,0.0],[23.9026,77.6026,0.0],[23.9057,77.6057,0.0],[23.9005,77.6068,0.0],[23.9036,77.6099,0.0],[23.8984,77.6109,0.0],[23.9,77.6125,0.0],[23.9104,77.6125,0.0],[23.9146,77.6146,0.0],[23.9188,77.6146,0.0],[23.9229,77.6125,0.0],[23.9354,77.6125,0.0],[23.9396,77.6104,0.0],[23.9542,77.6104,0.0],[23.9557,77.612,0.0],[23.9505,77.613,0.0],[23.9464,77.6162,0.0],[23.9562,77.6167,0.0],[23.9604,77.6188,0.0],[23.9708,77.6188,0.0],[23.9766,77.6214,0.0],[23.9828,77.6255,0.0],[23.9797,77.6286,0.0],[23.9828,77.6307,0.0],[23.9776,77.6318,0.0],[23.9807,77.6349,0.0],[23.9729,77.6375,0.0],[23.9589,77.638,0.0],[23.962,77.6412,0.0],[23.9589,77.6432,0.0],[23.9734,77.6516,1.5402],[23.9854,77.6521,0.0],[23.9953,77.6568,0.0],[23.9901,77.6599,0.0],[23.9974,77.6641,0.0],[23.9922,77.6651,0.0],[23.9953,77.6682,0.0],[23.9901,77.6703,0.0],[24.0057,77.6776,0.0],[24.0005,77.6807,0.0],[24.0229,77.6917,0.0],[24.0375,77.6896,0.0],[24.0458,77.6937,0.0],[24.075,77.6937,0.0],[24.0792,77.6958,0.0],[24.0979,77.6958,0.0],[24.1021,77.6979,0.0],[24.1125,77.6979,0.0],[24.1786,77.7318,0.0],[24.1734,77.7349,0.0],[24.1854,77.7354,0.0],[24.1911,77.738,0.0],[24.1859,77.7401,0.0],[24.1875,77.7417,0.0],[24.1995,77.7422,0.0],[24.1979,77.7438,0.0],[24.1854,77.7438,0.0],[24.1776,77.7464,0.0],[24.1807,77.7495,0.0],[24.1755,77.7505,0.0],[24.1786,77.7536,0.0],[24.1755,77.7557,0.0],[24.1828,77.7599,0.0],[24.1542,77.7625,0.0],[24.1526,77.763,0.0],[24.1536,77.7662,0.0],[24.1479,77.7688,0.0],[24.125,77.7688,41.5086],[24.1234,77.7703,43.1022],[24.1266,77.7724,0.0],[24.1224,77.7745,0.0],[24.1146,77.7771,0.0],[24.1005,77.7776,0.0],[24.1036,77.7807,0.0],[24.1005,77.7818,0.0],[24.1016,77.7849,0.0],[24.0974,77.787,0.0],[24.0833,77.7875,0.0],[24.0755,77.7911,0.0],[24.0812,77.7937,0.0],[24.0917,77.7937,0.0],[24.1,77.7979,0.0],[24.1104,77.7979,0.0],[24.1161,77.8005,0.0],[24.1109,77.8026,0.0],[24.1141,77.8057,0.0],[24.1089,77.8068,0.0],[24.112,77.8099,0.0],[24.1068,77.8109,0.0],[24.1141,77.8161,0.0],[24.1089,77.8172,48.234],[24.112,77.8203,48.2966],[24.1068,77.8224,57.1557],[24.1182,77.8276,33.159],[24.113,77.8307,54.3916],[24.1245,77.8359,0.0],[24.1193,77.838,44.5972],[24.1224,77.8411,0.0],[24.1193,77.8432,28.7872],[24.137,77.8526,0.0],[24.1339,77.8557,0.0],[24.1609,77.8703,0.0],[24.1729,77.8708,0.0],[24.1786,77.8734,0.0],[24.1734,77.8755,0.0],[24.1776,77.8786,0.0],[24.1911,77.8797,0.0],[24.2104,77.8896,0.0],[24.2292,77.8896,0.0],[24.2307,77.8912,0.0],[24.2214,77.8953,0.0],[24.2313,77.8958,0.0],[24.2354,77.8979,0.0],[24.2458,77.8979,0.0],[24.2557,77.9026,0.0],[24.2464,77.9068,0.0],[24.2495,77.9099,0.0],[24.2354,77.9104,0.0],[24.2339,77.912,0.0],[24.2474,77.913,0.0],[24.2422,77.9161,0.0],[24.2578,77.9234,0.0],[24.2526,77.9266,0.0],[24.2682,77.9339,0.0],[24.2667,77.9354,0.0],[24.2604,77.9354,0.0],[24.2563,77.9333,0.0],[24.2208,77.9333,0.0],[24.2167,77.9354,0.0],[24.1958,77.9354,0.0],[24.1729,77.9437,0.0],[24.1583,77.9417,0.0],[24.1568,77.9432,0.0],[24.1599,77.9453,0.0],[24.1458,77.9458,0.0],[24.1417,77.9479,0.0],[24.1167,77.9479,0.0],[24.1151,77.9464,0.0],[24.1182,77.9443,0.0],[24.1167,77.9437,0.0],[24.1021,77.9437,0.0],[24.0979,77.9458,0.0],[24.0521,77.9458,0.0],[24.0479,77.9437,0.0],[24.0417,77.9437,0.0],[24.0375,77.9458,0.0],[24.0313,77.9458,0.0],[24.0271,77.9437,0.0],[24.0229,77.9437,0.0],[24.0187,77.9458,0.0],[24.0063,77.9458,0.0],[24.0047,77.9474,0.0],[24.0167,77.9479,0.0],[24.0266,77.9537,0.0],[24.0109,77.9547,0.0],[24.0141,77.9578,0.0],[24.0063,77.9604,0.0],[23.9646,77.9604,0.0],[23.9568,77.963,0.0],[23.9641,77.9672,0.0],[23.9625,77.9688,0.0],[23.9375,77.9688,0.0],[23.9333,77.9667,0.0],[23.9229,77.9667,0.0],[23.9104,77.9604,0.0],[23.9,77.9604,0.0],[23.8917,77.9563,0.0],[23.8771,77.9563,0.0],[23.8693,77.9599,0.0],[23.8813,77.9604,0.0],[23.8896,77.9646,0.0],[23.9,77.9646,0.0],[23.9036,77.9682,0.0],[23.8771,77.9688,0.0],[23.8687,77.9646,0.0],[23.8583,77.9646,0.0],[23.8542,77.9625,0.0],[23.8292,77.9625,0.0],[23.8214,77.9651,0.0],[23.8245,77.9682,0.0],[23.8167,77.9688,0.0],[23.8057,77.963,0.0],[23.7958,77.9625,0.0],[23.7917,77.9604,0.0],[23.7854,77.9604,0.0],[23.7776,77.963,0.0],[23.7807,77.9661,0.0],[23.7729,77.9667,0.0],[23.7687,77.9646,0.0],[23.75,77.9646,0.0],[23.7458,77.9625,0.0],[23.7354,77.9625,0.0],[23.7313,77.9604,0.0],[23.7104,77.9604,0.0],[23.7047,77.9578,0.0],[23.7125,77.9542,0.0],[23.7411,77.9557,0.0],[23.738,77.9526,0.0],[23.7432,77.9516,0.0],[23.7417,77.95,0.0],[23.7313,77.95,0.0],[23.7271,77.9479,0.0],[23.7151,77.9474,0.0],[23.7167,77.9458,0.0],[23.7307,77.9453,0.0],[23.7193,77.9391,0.0],[23.7245,77.937,0.0],[23.7229,77.9354,0.0],[23.7021,77.9354,0.0],[23.6979,77.9333,0.0],[23.6896,77.9333,0.0],[23.6854,77.9313,0.0],[23.6583,77.9313,0.0],[23.6505,77.9349,0.0],[23.6625,77.9354,0.0],[23.6667,77.9375,0.0],[23.6771,77.9375,0.0],[23.6828,77.9411,0.0],[23.6458,77.9417,0.0],[23.6417,77.9396,0.0],[23.6313,77.9396,0.0],[23.6271,77.9375,0.0],[23.6167,77.9375,0.0],[23.6068,77.9328,0.0],[23.6083,77.9313,0.0],[23.6328,77.9307,0.0],[23.6172,77.9224,0.0],[23.6188,77.9208,0.0],[23.6396,77.9208,0.0],[23.6437,77.9187,0.0],[23.65,77.9187,0.0],[23.6542,77.9208,0.0],[23.6661,77.9213,0.0],[23.6646,77.9229,0.0],[23.6505,77.9234,0.0],[23.6521,77.925,0.0],[23.6688,77.925,0.0],[23.6766,77.9224,0.0],[23.6708,77.9187,0.0],[23.6604,77.9187,0.0],[23.6547,77.9161,0.0],[23.6599,77.9141,0.0],[23.6583,77.9125,0.0],[23.6521,77.9125,0.0],[23.6479,77.9146,0.0],[23.6167,77.9146,0.0],[23.5964,77.9213,0.0],[23.5995,77.9245,0.0],[23.5891,77.9287,0.0],[23.575,77.9292,0.0],[23.5708,77.9313,0.0],[23.5458,77.9313,0.0],[23.5417,77.9292,0.0],[23.5208,77.9292,0.0],[23.5167,77.9271,0.5846],[23.5104,77.9271,0.3993],[23.4958,77.9333,0.5242],[23.4729,77.9333,1.0459],[23.4714,77.9349,0.8522],[23.4833,77.9354,0.6976],[23.4891,77.9391,0.0],[23.4562,77.95,0.0],[23.4234,77.9505,1.2741],[23.425,77.9521,0.7665],[23.437,77.9526,0.509],[23.4411,77.9547,0.0],[23.4396,77.9563,0.0],[23.4229,77.9542,0.8065],[23.4125,77.9583,0.8819],[23.3901,77.9589,1.1777],[23.3917,77.9604,0.8988],[23.4104,77.9604,0.5195],[23.4203,77.9651,0.0],[23.4125,77.9688,0.0],[23.4083,77.9688,0.0],[23.4042,77.9667,0.0],[23.3964,77.9672,0.3273],[23.4036,77.9714,0.0],[23.3984,77.9734,0.0],[23.4016,77.9766,0.0],[23.3729,77.975,0.0],[23.3688,77.9771,0.0],[23.3625,77.9771,0.0],[23.3583,77.975,1.3009],[23.3542,77.975,0.9055],[23.35,77.9771,0.8818],[23.3333,77.9771,0.5607],[23.3292,77.975,0.6246],[23.3229,77.975,0.7066],[23.3214,77.9766,0.6456],[23.3245,77.9786,0.4645],[23.3229,77.9792,0.3886],[23.3083,77.9771,0.6191],[23.3068,77.9776,0.4224],[23.3078,77.9807,0.2662],[23.3021,77.9833,0.2518],[23.2729,77.9854,3.003],[23.2714,77.987,3.1329],[23.2833,77.9875,1.0797],[23.2932,77.9922,0.3971],[23.288,77.9953,0.4929],[23.2953,77.9995,0.0],[23.2776,78.0047,1.3593],[23.2807,78.0078,0.0],[23.2568,78.0151,0.4627],[23.2599,78.0182,0.0],[23.2422,78.0234,0.7358],[23.2453,78.0266,0.0],[23.2146,78.0375,0.0],[23.2021,78.0375,0.1448],[23.1755,78.0463,0.5771],[23.1688,78.05,0.5867],[23.1563,78.05,0.4022],[23.1547,78.0516,0.5141],[23.1578,78.0526,0.5635],[23.1563,78.0542,0.6338],[23.1276,78.0526,3.027],[23.1432,78.0609,0.5169],[23.138,78.063,0.6817],[23.1411,78.0661,1.2879],[23.1359,78.0672,0.3556],[23.1391,78.0703,0.0],[23.1089,78.0797,1.9917],[23.1161,78.0849,0.0],[23.1005,78.0859,2.1259],[23.1036,78.0891,1.3344],[23.0984,78.0901,1.9581],[23.1016,78.0932,1.0243],[23.0964,78.0953,1.0247],[23.1083,78.0958,0.0],[23.1099,78.0974,0.0],[23.1021,78.1,0.0],[23.0896,78.1,2.1401],[23.0693,78.1078,4.1345],[23.075,78.1104,3.3996],[23.087,78.1109,2.0614],[23.112,78.1234,0.0],[23.1151,78.1266,0.0],[23.1286,78.1276,0.0],[23.1172,78.1328,0.0],[23.1396,78.1333,0.0],[23.1661,78.1464,0.0],[23.1609,78.1484,0.0],[23.1661,78.1536,0.0],[23.163,78.1547,0.0],[23.1641,78.1578,0.0],[23.1609,78.1599,107.1026],[23.1661,78.1641,56.5142],[23.1609,78.1651,152.6212],[23.1641,78.1682,32.0332],[23.0984,78.1901,80.9105],[23.1057,78.1943,61.4129],[23.1005,78.1964,101.7567],[23.1036,78.1995,80.2626],[23.0922,78.2026,106.0637],[23.0995,78.2078,33.0912],[23.0917,78.2104,31.3273],[23.075,78.2083,57.8451],[23.0734,78.2099,48.027],[23.0766,78.212,33.6744],[23.0688,78.2146,8.5003],[23.0563,78.2146,10.2987],[23.0521,78.2167,5.9428],[23.0354,78.2146,16.4636],[23.0313,78.2167,6.7136],[23.0083,78.2167,14.6977],[23.0042,78.2188,4.4723],[22.9833,78.2188,16.5718],[22.9792,78.2208,12.5674],[22.9521,78.2208,28.9318],[22.9479,78.2188,38.1772],[22.9375,78.2188,64.8965],[22.9318,78.2151,83.2142],[22.9396,78.2125,62.9891],[22.9521,78.2125,58.1504],[22.9536,78.2109,53.9024],[22.9354,78.2104,64.4082],[22.9214,78.2161,147.0659],[22.9536,78.2328,0.0],[22.9396,78.2333,0.0],[22.9354,78.2354,0.0],[22.9021,78.2354,12.0772],[22.8792,78.2438,4.0348],[22.8667,78.2438,6.8537],[22.85,78.25,3.0402],[22.8375,78.25,5.9883]]],
[[[24.2479,77.8938,0.0],[24.2495,77.8953,0.0],[24.2401,77.8953,0.0],[24.2417,77.8938,0.0],[24.2479,77.8938,0.0]]],
[[[23.7,77.9396,0.0],[23.7016,77.9411,0.0],[23.6922,77.9411,0.0],[23.6938,77.9396,0.0],[23.7,77.9396,0.0]]],
[[[23.8438,77.9667,0.0],[23.8453,77.9682,0.0],[23.8359,77.9682,0.0],[23.8375,77.9667,0.0],[23.8438,77.9667,0.0]]],
[[[22.9667,78.2229,12.1408],[22.9682,78.2245,5.8799],[22.9589,78.2245,11.6768],[22.9604,78.2229,18.2682],[22.9667,78.2229,12.1408]]],
[[[28.0729,78.8271,0.0],[28.0745,78.8287,0.0],[28.0651,78.8287,0.0],[28.0667,78.8271,0.0],[28.0729,78.8271,0.0]]],
[[[26.4896,78.8396,0.0],[26.4911,78.8411,0.0],[26.4818,78.8411,0.0],[26.4833,78.8396,0.0],[26.4896,78.8396,0.0]]],
[[[29.2563,78.8479,13.8877],[29.2578,78.8495,13.2542],[29.2484,78.8495,12.2441],[29.25,78.8479,12.5635],[29.2563,78.8479,13.8877]]],
[[[28.6708,78.9667,0.0],[28.6547,78.9672,0.0],[28.6599,78.9693,0.0],[28.6583,78.9708,0.0],[28.6063,78.9708,0.0],[28.6047,78.9693,0.0],[28.6161,78.9661,0.0],[28.6203,78.963,0.0],[28.6125,78.9625,0.0],[28.6083,78.9646,0.0],[28.5854,78.9646,0.0],[28.5812,78.9667,0.0],[28.5646,78.9667,0.0],[28.563,78.9651,0.0],[28.5724,78.962,0.0],[28.5672,78.9589,0.0],[28.5724,78.9568,32.8121],[28.55,78.9479,48.5507],[28.5422,78.9484,45.2017],[28.5453,78.9516,50.6673],[28.5396,78.9542,53.6756],[28.5042,78.95,8.7586],[28.5,78.9521,7.5411],[28.4859,78.9526,7.3132],[28.4911,78.9547,2.3448],[28.4896,78.9563,0.3723],[28.4667,78.9563,0.8417],[28.4625,78.9583,1.4604],[28.4396,78.9583,0.3243],[28.4354,78.9604,0.3039],[28.4167,78.9604,0.6945],[28.4151,78.9589,3.082],[28.4474,78.9474,1.4003],[28.4443,78.9443,-0.4759],[28.4495,78.9422,-0.1386],[28.4443,78.9401,-0.2027],[28.4495,78.938,0.0124],[28.4172,78.9266,-0.4771],[28.4224,78.9234,-0.2081],[28.4167,78.9208,0.2176],[28.3813,78.925,-0.2794],[28.3771,78.9229,-0.4842],[28.3667,78.9229,-0.1772],[28.3458,78.9146,1.4726],[28.3396,78.9146,1.3919],[28.338,78.9161,0.9243],[28.3474,78.9193,-0.0604],[28.3458,78.9208,-0.1086],[28.3271,78.9208,0.0057],[28.3229,78.9187,-0.0892],[28.3,78.9187,-0.1077],[28.2958,78.9167,0.7908],[28.2625,78.9167,0.1115],[28.2583,78.9146,1.5298],[28.2146,78.9146,9.5873],[28.2062,78.9104,98.1064],[28.1938,78.9104,167.156],[28.1896,78.9083,183.5995],[28.1833,78.9083,249.8836],[28.1729,78.9125,201.5448],[28.1604,78.9125,122.8466],[28.1563,78.9146,51.5464],[28.1396,78.9146,6.4966],[28.1292,78.9104,38.0085],[28.1151,78.9099,0.0],[28.1203,78.9068,31.4826],[28.1146,78.9042,44.8282],[28.1005,78.9036,0.0],[28.1021,78.9021,7.8198],[28.1146,78.9021,68.3036],[28.1224,78.8995,104.9402],[28.1104,78.8938,316.2339],[28.0875,78.8938,117.2842],[28.0833,78.8917,153.6974],[28.0708,78.8917,41.0315],[28.0667,78.8896,14.9489],[28.0542,78.8896,0.0],[28.0422,78.8849,0.0],[28.0474,78.8818,7.3181],[28.0333,78.8812,1.1724],[28.0276,78.8786,3.1751],[28.0307,78.8755,14.2137],[28.0187,78.875,8.4703],[28.0083,78.8708,17.6275],[27.9979,78.8708,13.4312],[27.9875,78.8667,23.9061],[27.9526,78.8662,13.0061],[27.9578,78.8641,21.0928],[27.9562,78.8625,28.8586],[27.9271,78.8625,17.0505],[27.9229,78.8646,3.0481],[27.9167,78.8646,0.7024],[27.9125,78.8625,12.5427],[27.8792,78.8625,0.3361],[27.875,78.8604,4.9072],[27.8688,78.8604,3.6088],[27.8646,78.8625,0.2088],[27.8354,78.8625,-1.0],[27.8312,78.8604,0.0461],[27.8193,78.8599,0.2258],[27.8245,78.8568,4.775],[27.8193,78.8547,0.0],[27.8375,78.8542,8.3891],[27.8391,78.8557,32.6937],[27.8359,78.8578,7.1474],[27.8375,78.8583,1.8872],[27.8542,78.8562,45.833],[27.8583,78.8583,15.341],[27.8875,78.8583,26.5528],[27.8891,78.8568,49.5258],[27.8646,78.8562,65.8174],[27.8568,78.8536,40.8594],[27.8526,78.8505,11.8379],[27.8646,78.8458,0.0],[27.8771,78.8458,1.843],[27.8875,78.8417,0.0],[27.9042,78.8438,38.61],[27.9083,78.8417,0.0],[27.9646,78.8417,1.4937],[27.9688,78.8396,0.0],[27.9854,78.8396,0.0],[27.9896,78.8417,3.4563],[27.9958,78.8417,4.802],[28.0,78.8396,0.6989],[28.0125,78.8396,0.9427],[28.0167,78.8375,0.0],[28.0396,78.8375,0.3845],[28.0438,78.8354,0.0],[28.0563,78.8354,0.0],[28.0604,78.8333,0.0],[28.0833,78.8333,2.4169],[28.0938,78.8292,6.3188],[28.1,78.8292,0.0],[28.1042,78.8313,6.3018],[28.1146,78.8313,0.0],[28.125,78.8354,0.0],[28.1417,78.8333,0.0],[28.1458,78.8354,0.0],[28.1583,78.8354,0.0],[28.1599,78.837,0.0],[28.1547,78.8391,0.0],[28.1625,78.8417,0.0],[28.1688,78.8417,0.0],[28.1792,78.8375,0.0],[28.1958,78.8375,0.0],[28.2078,78.8422,0.0],[28.2026,78.8453,0.0],[28.2146,78.85,0.0],[28.2208,78.85,0.0],[28.2313,78.8458,0.0],[28.2375,78.8458,0.0],[28.2391,78.8474,0.0],[28.2339,78.8495,0.0],[28.2479,78.8542,0.0],[28.2646,78.8521,0.0],[28.2661,78.8536,0.0],[28.2609,78.8557,0.0],[28.2766,78.8568,0.0],[28.2714,78.8588,0.0],[28.2729,78.8604,0.0],[28.2958,78.8604,0.0],[28.2974,78.862,0.0],[28.2922,78.8641,0.0],[28.3063,78.8646,0.0],[28.3104,78.8667,0.0],[28.3333,78.8667,0.0],[28.3521,78.875,0.0],[28.3708,78.8729,0.0],[28.375,78.875,0.0],[28.3875,78.875,0.0],[28.4167,78.8875,0.2459],[28.4458,78.8896,0.0],[28.45,78.8917,0.0532],[28.4938,78.8917,0.0],[28.4979,78.8938,0.1187],[28.5146,78.8938,-0.0602],[28.5187,78.8917,0.0],[28.5417,78.8917,0.0],[28.5458,78.8896,0.0],[28.5521,78.8896,0.0],[28.5562,78.8917,0.0],[28.5646,78.8917,1.9028],[28.5703,78.8891,4.7803],[28.5672,78.887,0.0],[28.5688,78.8854,0.0],[28.5812,78.8854,1.4087],[28.5854,78.8833,0.0],[28.6125,78.8833,0.0],[28.6141,78.8849,0.0],[28.6109,78.887,0.3151],[28.6333,78.8875,0.1437],[28.6516,78.8943,0.0],[28.6464,78.8974,-0.0461],[28.6542,78.9,0.0],[28.6708,78.8979,0.0],[28.6724,78.8995,0.0],[28.6693,78.9016,3.1427],[28.6708,78.9021,7.0903],[28.6771,78.9021,7.5961],[28.6813,78.9,0.0],[28.6938,78.9,0.0],[28.6979,78.8979,0.0],[28.712,78.8974,0.0],[28.7068,78.8953,0.0],[28.7083,78.8938,0.0],[28.725,78.8938,0.0],[28.7292,78.8958,4.5286],[28.775,78.8958,0.0],[28.7792,78.8979,0.0],[28.7917,78.8979,0.0],[28.8063,78.9042,0.0],[28.8229,78.9042,0.0],[28.8245,78.9026,0.0],[28.8089,78.9016,0.0],[28.8141,78.8984,0.0],[28.8089,78.8964,0.0],[28.9146,78.8958,0.0],[28.9188,78.8979,0.0],[28.925,78.8979,0.0],[28.9292,78.8958,0.0],[28.9479,78.8958,0.0],[28.9521,78.8979,0.0],[28.9583,78.8979,0.0],[28.9625,78.8958,0.0],[28.9854,78.8958,0.0],[28.9932,78.8932,0.0],[28.988,78.8912,0.0],[28.9896,78.8896,0.0],[29.0021,78.8896,0.0],[29.0063,78.8875,0.0],[29.0333,78.8854,33.1176],[29.0349,78.8839,37.8161],[29.0318,78.8828,0.0],[29.0333,78.8812,0.0],[29.0458,78.8812,35.9066],[29.0604,78.875,0.0],[29.0875,78.8729,7.247],[29.0891,78.8714,0.0],[29.0859,78.8693,0.0],[29.0917,78.8667,0.0],[29.1208,78.8646,14.7834],[29.1286,78.862,14.3959],[29.1172,78.8578,0.0],[29.1188,78.8562,0.0],[29.1375,78.8583,8.9825],[29.1391,78.8568,2.61],[29.1339,78.8547,0.0],[29.1583,78.8542,0.0],[29.1661,78.8516,0.0],[29.1505,78.8453,0.0],[29.1557,78.8422,0.0],[29.1401,78.8411,0.0],[29.1443,78.838,0.0],[29.1521,78.8354,0.0],[29.1583,78.8354,0.0],[29.1688,78.8396,0.0],[29.1932,78.8401,0.0],[29.2036,78.8453,0.0],[29.1896,78.8458,0.0],[29.1839,78.8495,0.0],[29.2062,78.85,0.0],[29.2078,78.8516,0.0],[29.2047,78.8526,0.0],[29.2062,78.8542,0.0],[29.2229,78.8542,0.7469],[29.2333,78.85,0.0],[29.2396,78.85,12.0686],[29.2438,78.8521,19.9653],[29.2578,78.8526,21.4864],[29.2526,78.8557,22.3327],[29.2604,78.8583,26.9374],[29.2729,78.8583,23.7379],[29.2771,78.8604,22.6625],[29.2875,78.8604,10.1732],[29.2917,78.8625,0.0],[29.3208,78.8646,0.0],[29.3292,78.8688,0.0],[29.3583,78.8708,0.0],[29.3688,78.875,0.0],[29.3958,78.8771,0.0],[29.4,78.8792,0.0],[29.4125,78.8792,0.0],[29.4167,78.8812,0.0],[29.4292,78.8812,0.0],[29.4375,78.8854,0.0],[29.4729,78.8854,0.0],[29.4771,78.8875,0.0],[29.4875,78.8875,0.0],[29.4979,78.8917,8.1237],[29.5271,78.8917,0.0],[29.5313,78.8896,0.0],[29.5479,78.8896,0.0],[29.5521,78.8917,0.0],[29.5812,78.8938,59.5795],[29.5854,78.8958,59.4948],[29.5958,78.8958,58.8778],[29.6,78.8979,57.6444],[29.6292,78.9,34.3808],[29.6307,78.9016,18.1685],[29.6276,78.9036,33.6806],[29.6411,78.9047,0.0],[29.637,78.9078,2.9479],[29.6318,78.9089,16.2],[29.637,78.912,0.0],[29.625,78.9167,0.0],[29.6125,78.9167,26.6072],[29.6083,78.9187,17.8305],[29.5958,78.9187,20.2463],[29.5917,78.9208,6.8545],[29.5854,78.9208,0.0],[29.5812,78.9187,16.8838],[29.5583,78.9187,3.48],[29.5479,78.9146,14.8246],[29.5375,78.9146,9.5666],[29.5271,78.9104,23.7212],[29.4979,78.9104,11.4543],[29.4964,78.912,0.0],[29.5016,78.9141,0.0],[29.4813,78.9146,0.0],[29.4797,78.913,0.0],[29.4849,78.9109,0.0],[29.4771,78.9104,2.1797],[29.4729,78.9125,0.0],[29.4667,78.9125,0.0],[29.4625,78.9104,0.0],[29.45,78.9104,0.0],[29.4458,78.9083,0.0],[29.4229,78.9083,0.0],[29.4125,78.9042,5.5687],[29.4,78.9042,1.769],[29.3958,78.9021,7.8278],[29.3521,78.9021,0.0],[29.3479,78.9,9.0338],[29.3312,78.9,6.6069],[29.3271,78.9021,0.0],[29.3188,78.9021,0.0],[29.3146,78.9,4.7239],[29.2875,78.9,1.2567],[29.2833,78.9021,0.0],[29.2771,78.9021,0.0],[29.2729,78.9,0.6469],[29.2646,78.9,0.9592],[29.263,78.9016,0.0],[29.2745,78.9057,0.0],[29.25,78.9063,0.0],[29.2458,78.9083,0.0],[29.2229,78.9083,0.0],[29.2188,78.9104,0.0],[29.2,78.9104,0.0],[29.1958,78.9083,0.0],[29.1146,78.9083,0.0],[29.1042,78.9125,0.0],[29.0901,78.913,0.0],[29.0859,78.9151,0.0],[29.0891,78.9172,0.0],[29.0875,78.9187,0.0],[29.0708,78.9167,0.0],[29.0667,78.9187,0.0],[29.0438,78.9187,0.0],[29.0292,78.925,0.0],[29.0151,78.9255,0.0],[29.0182,78.9276,0.0],[29.0167,78.9292,0.0],[28.9896,78.9313,0.0],[28.9792,78.9354,0.0],[28.9562,78.9354,7.9604],[28.9547,78.937,9.3158],[28.9688,78.9375,0.0],[28.9745,78.9411,0.0],[28.9688,78.9437,0.0],[28.9625,78.9437,0.0],[28.9583,78.9417,0.0],[28.9396,78.9417,0.0],[28.938,78.9432,0.0],[28.9521,78.9437,0.0],[28.9536,78.9453,0.0],[28.9396,78.9458,0.0],[28.9354,78.9479,0.0],[28.9125,78.9479,21.1783],[28.8979,78.9542,14.4537],[28.8854,78.9542,12.3651],[28.8813,78.9563,0.0],[28.8625,78.9563,0.0],[28.8609,78.9547,6.191],[28.8766,78.9537,9.0409],[28.875,78.9521,9.9505],[28.8646,78.9521,11.3924],[28.863,78.9505,9.2925],[28.875,78.95,11.8715],[28.8766,78.9484,13.8899],[28.8479,78.9479,15.0704],[28.8464,78.9495,11.5317],[28.8495,78.9516,12.3504],[28.8464,78.9537,13.289],[28.8495,78.9557,8.4807],[28.8438,78.9583,0.0],[28.8339,78.9578,8.8213],[28.8391,78.9557,12.6234],[28.8375,78.9542,16.4357],[28.8208,78.9542,20.9232],[28.8104,78.9583,0.0],[28.7938,78.9583,0.0],[28.7896,78.9563,15.7881],[28.7813,78.9563,13.5568],[28.7771,78.9583,3.5258],[28.7604,78.9583,3.535],[28.7589,78.9568,19.7762],[28.7641,78.9547,22.1963],[28.7542,78.9542,22.6285],[28.7458,78.9583,0.0],[28.7271,78.9563,12.8692],[28.7214,78.9589,1.7398],[28.7255,78.962,0.0],[28.7349,78.9651,0.0],[28.7333,78.9667,0.0],[28.6708,78.9667,0.0]]],
[[[22.3375,78.4896,0.0],[22.3312,78.4896,0.0],[22.3255,78.4859,0.0],[22.3333,78.4854,0.0],[22.3391,78.488,0.0],[22.3375,78.4896,0.0]]],
[[[22.5792,78.5792,0.0],[22.5807,78.5807,0.0],[22.5714,78.5807,0.0],[22.5729,78.5792,0.0],[22.5792,78.5792,0.0]]],
[[[22.4375,79.1625,0.0],[22.4391,79.1641,0.0],[22.4297,79.1641,0.0],[22.4313,79.1625,0.0],[22.4375,79.1625,0.0]]],
[[[24.5786,79.3214,0.0],[24.5771,79.3229,0.0],[24.5672,79.3224,0.0],[24.5688,79.3208,0.0],[24.5786,79.3214,0.0]]],
[[[22.1937,78.2083,0.0],[22.2042,78.2083,0.0],[22.2057,78.2099,0.0],[22.1979,78.2125,0.0],[22.1917,78.2125,0.0],[22.1875,78.2104,0.0],[22.1755,78.2099,0.0],[22.1771,78.2083,0.0],[22.1937,78.2083,0.0]]],
[[[21.7625,78.2625,0.0],[21.7641,78.2641,0.0],[21.7547,78.2641,0.0],[21.7563,78.2625,0.0],[21.7625,78.2625,0.0]]],
[[[22.1604,78.2896,0.0],[22.162,78.2911,0.0],[22.1526,78.2911,0.0],[22.1542,78.2896,0.0],[22.1604,78.2896,0.0]]],
[[[22.2146,78.3271,0.0],[22.2208,78.325,0.0],[22.2271,78.325,0.0],[22.2328,78.3287,0.0],[22.213,78.3287,0.0],[22.2146,78.3271,0.0]]],
[[[22.2479,78.3521,0.0],[22.2495,78.3536,0.0],[22.2401,78.3536,0.0],[22.2417,78.3521,0.0],[22.2479,78.3521,0.0]]],
[[[22.2161,78.3641,0.0],[22.2188,78.3625,0.0],[22.2266,78.363,0.0],[22.2188,78.3667,0.0],[22.2109,78.3662,0.0],[22.2161,78.3641,0.0]]],
[[[22.212,78.3724,0.0],[22.2146,78.3708,0.0],[22.2224,78.3714,0.0],[22.2146,78.375,0.0],[22.2068,78.3745,0.0],[22.212,78.3724,0.0]]],
[[[22.1313,78.5437,0.0],[22.1328,78.5453,0.0],[22.1234,78.5453,0.0],[22.125,78.5437,0.0],[22.1313,78.5437,0.0]]],
[[[20.75,78.5563,0.0],[20.7375,78.5563,0.0],[20.7359,78.5547,0.0],[20.7578,78.5547,0.0],[20.7563,78.5563,0.0],[20.75,78.5563,0.0]]],
[[[20.825,78.5583,0.0],[20.8266,78.5599,0.0],[20.8172,78.5599,0.0],[20.8188,78.5583,0.0],[20.825,78.5583,0.0]]],
[[[21.2583,78.6542,54.0866],[21.2396,78.6604,27.528199999999998],[21.2333,78.6604,23.847],[21.2318,78.6589,17.4103],[21.2438,78.6563,3.5025],[21.2516,78.6526,13.5087],[21.2458,78.65,-1.0],[21.2396,78.65,-1.0],[21.2354,78.6521,-0.3266],[21.2188,78.6521,2.6171],[21.2146,78.65,8.5764],[21.2042,78.65,13.0328],[21.2,78.6479,17.4863],[21.1896,78.6479,6.6201],[21.188,78.6464,3.0643],[21.2021,78.6458,21.4415],[21.2208,78.6396,15.4527],[21.2583,78.6396,9.1817],[21.2599,78.6412,13.6562],[21.2547,78.6432,14.4913],[21.2682,78.6516,27.8844],[21.2583,78.6542,54.0866]]],
[[[21.2042,78.6563,2.2718],[21.2057,78.6578,3.3978],[21.1964,78.6578,8.0365],[21.1979,78.6563,4.3811],[21.2042,78.6563,2.2718]]],
[[[21.7875,78.6062,0.0],[21.7891,78.6078,0.0],[21.7797,78.6078,0.0],[21.7813,78.6062,0.0],[21.7875,78.6062,0.0]]],
[[[21.8458,78.6146,0.0],[21.8474,78.6162,0.0],[21.838,78.6162,0.0],[21.8396,78.6146,0.0],[21.8458,78.6146,0.0]]],
[[[21.9833,78.6146,0.0],[21.9849,78.6162,0.0],[21.9755,78.6162,0.0],[21.9771,78.6146,0.0],[21.9833,78.6146,0.0]]],
[[[21.6667,78.6146,0.0],[21.6682,78.6162,0.0],[21.6589,78.6162,0.0],[21.6604,78.6146,0.0],[21.6667,78.6146,0.0]]],
[[[21.7375,78.6229,0.0],[21.7458,78.6229,0.0],[21.7474,78.6245,0.0],[21.7313,78.6271,0.0],[21.7208,78.6208,0.0],[21.7104,78.6208,0.0],[21.7021,78.6167,0.0],[21.6917,78.6167,0.0],[21.6901,78.6151,0.0],[21.7188,78.6146,0.0],[21.7229,78.6167,0.0],[21.7396,78.6167,0.0],[21.7438,78.6146,0.0],[21.7563,78.6146,0.0],[21.7604,78.6125,0.0],[21.7792,78.6125,0.0],[21.7828,78.6151,0.0],[21.775,78.6188,0.0],[21.7625,78.6188,0.0],[21.7583,78.6208,0.0],[21.7339,78.6214,0.0],[21.7375,78.6229,0.0]]],
[[[21.7125,78.6229,0.0],[21.7141,78.6245,0.0],[21.7047,78.6245,0.0],[21.7062,78.6229,0.0],[21.7125,78.6229,0.0]]],
[[[21.9729,78.625,0.0],[21.9604,78.625,0.0],[21.9589,78.6234,0.0],[21.9786,78.6234,0.0],[21.9771,78.625,0.0],[21.9729,78.625,0.0]]],
[[[22.0083,78.6229,0.0],[22.0099,78.6245,0.0],[22.0005,78.6245,0.0],[22.0021,78.6229,0.0],[22.0083,78.6229,0.0]]],
[[[21.2854,78.6833,3.3173],[21.287,78.6849,2.16],[21.2776,78.6849,2.8298],[21.2792,78.6833,3.0939],[21.2854,78.6833,3.3173]]],
[[[21.3521,78.6875,3.8772],[21.3583,78.6875,11.998],[21.3599,78.6891,14.6844],[21.3547,78.6901,3.5063],[21.3557,78.6932,3.731],[21.3542,78.6937,3.0082],[21.3359,78.6932,1.3113],[21.3411,78.6911,2.2735],[21.3401,78.688,2.727],[21.3521,78.6875,3.8772]]],
[[[21.2958,78.6937,0.8159],[21.2974,78.6953,0.921],[21.288,78.6953,0.7845],[21.2896,78.6937,1.1659],[21.2958,78.6937,0.8159]]],
[[[21.3312,78.6979,1.3083],[21.325,78.6979,1.1278],[21.3193,78.6943,1.4655],[21.3271,78.6937,1.6966],[21.3328,78.6964,1.6042],[21.3312,78.6979,1.3083]]],
[[[21.5083,78.6417,0.0],[21.4958,78.6417,0.0],[21.4943,78.6401,0.0],[21.5141,78.6401,0.0],[21.5125,78.6417,0.0],[21.5083,78.6417,0.0]]],
[[[21.3875,78.7771,21.8474],[21.3891,78.7786,25.6291],[21.3797,78.7786,29.7808],[21.3813,78.7771,25.5186],[21.3875,78.7771,21.8474]]],
[[[21.4646,78.8333,19.9927],[21.4604,78.8354,21.658],[21.4479,78.8354,19.7939],[21.4438,78.8375,14.3063],[21.4271,78.8375,11.1954],[21.4229,78.8354,12.991],[21.3937,78.8354,8.3086],[21.3896,78.8375,3.6515],[21.3833,78.8375,3.3003],[21.3734,78.8328,16.9816],[21.3786,78.8307,22.5617],[21.3755,78.8276,49.0639],[21.3828,78.8266,26.3715],[21.3755,78.8224,43.2301],[21.3807,78.8203,26.4616],[21.3766,78.8172,35.3083],[21.3646,78.8167,49.635],[21.3604,78.8146,47.4615],[21.3292,78.8146,53.3545],[21.3276,78.813,82.4733],[21.3354,78.8104,101.3533],[21.3542,78.8125,58.6576],[21.3557,78.8109,81.1915],[21.3443,78.8047,126.3669],[21.3521,78.8021,125.804],[21.3682,78.8016,98.6762],[21.3667,78.8,68.2432],[21.3563,78.8,125.0119],[21.3422,78.7932,81.1515],[21.3474,78.7911,66.7025],[21.3443,78.788,59.3433],[21.3604,78.7875,41.6458],[21.3646,78.7854,79.7166],[21.3771,78.7854,61.3893],[21.3813,78.7833,65.8845],[21.3958,78.7833,55.6991],[21.4,78.7813,39.6451],[21.4063,78.7813,42.6988],[21.4266,78.7922,16.4124],[21.4214,78.7953,22.3096],[21.4484,78.8099,29.08],[21.4604,78.8104,20.8363],[21.4688,78.8146,20.8259],[21.4792,78.8146,12.8369],[21.4849,78.8172,9.9593],[21.4797,78.8203,14.1842],[21.4917,78.8208,9.0839],[21.4974,78.8234,0.0],[21.4958,78.825,8.633],[21.4901,78.8255,11.9904],[21.4932,78.8287,9.7431],[21.4792,78.8333,16.2784],[21.4646,78.8333,19.9927]]],
[[[21.3667,78.8292,44.7142],[21.3682,78.8307,42.4228],[21.3589,78.8307,33.8472],[21.3604,78.8292,28.1606],[21.3667,78.8292,44.7142]]],
[[[21.3641,78.7818,64.233],[21.3521,78.7813,74.6989],[21.3505,78.7797,47.0767],[21.3688,78.7792,32.4396],[21.3745,78.7828,59.8449],[21.3667,78.7833,81.8463],[21.3641,78.7818,64.233]]],
[[[21.3458,78.7854,96.6184],[21.3396,78.7854,93.2188],[21.3339,78.7818,84.8991],[21.3417,78.7813,84.3013],[21.3458,78.7833,98.1286],[21.3578,78.7839,91.2725],[21.3563,78.7854,86.8169],[21.3458,78.7854,96.6184]]],
[[[21.1667,78.8313,295.5315],[21.1682,78.8328,292.9349],[21.1589,78.8328,300.9513],[21.1604,78.8313,305.3646],[21.1667,78.8313,295.5315]]],
[[[21.1521,78.8354,296.5069],[21.1536,78.837,284.7167],[21.1443,78.837,289.5593],[21.1458,78.8354,304.8646],[21.1521,78.8354,296.5069]]],
[[[21.0187,78.85,55.7466],[21.0292,78.85,54.8418],[21.0307,78.8516,57.9454],[21.0229,78.8542,45.6124],[21.0167,78.8542,48.0287],[21.0109,78.8516,52.2187],[21.0125,78.85,53.0178],[21.0187,78.85,55.7466]]],
[[[20.9833,78.8729,49.5603],[20.9776,78.8734,52.8014],[20.9807,78.8766,43.7475],[20.9729,78.8792,40.009],[20.9646,78.8792,35.5922],[20.9568,78.8745,54.6192],[20.9708,78.8688,49.1353],[20.9854,78.8667,43.1293],[20.9938,78.8708,46.8516],[21.0057,78.8714,38.3687],[21.0099,78.8734,40.722],[21.012,78.8766,42.7594],[21.0042,78.8771,40.0933],[21.0,78.875,43.5036],[20.9896,78.875,49.4349],[20.9833,78.8729,49.5603]]],
[[[20.9891,78.8797,41.5938],[20.9875,78.8812,40.9412],[20.9776,78.8807,39.1211],[20.9792,78.8792,41.0285],[20.9891,78.8797,41.5938]]],
[[[20.8625,78.8917,26.2548],[20.8521,78.8917,29.875],[20.8417,78.8958,15.2058],[20.8172,78.8932,25.5448],[20.8271,78.8896,31.8965],[20.8396,78.8896,32.953],[20.8766,78.8786,31.0236],[20.8734,78.8755,24.8405],[20.887,78.8724,55.3515],[20.8839,78.8703,59.4963],[20.8854,78.8688,76.2565],[20.8932,78.8693,86.0783],[20.9104,78.8792,48.3823],[20.9292,78.8771,49.509],[20.9349,78.8797,46.0012],[20.9333,78.8812,44.6486],[20.9276,78.8818,44.3447],[20.9307,78.8849,33.0768],[20.9255,78.8859,37.7907],[20.9286,78.888,33.5562],[20.9271,78.8896,26.8205],[20.9125,78.8896,27.7648],[20.9083,78.8917,21.7375],[20.9021,78.8917,16.2531],[20.8979,78.8896,8.3157],[20.8688,78.8896,26.9108],[20.8625,78.8917,26.2548]]],
[[[20.9521,78.8896,34.0845],[20.9536,78.8912,33.768],[20.9458,78.8938,25.6577],[20.9417,78.8938,26.6129],[20.9375,78.8958,26.5816],[20.9297,78.8953,23.1589],[20.9349,78.8932,28.5241],[20.9339,78.8901,20.8107],[20.9354,78.8896,21.3826],[20.9521,78.8896,34.0845]]],
[[[20.7687,78.8958,28.0325],[20.7703,78.8974,23.9451],[20.7609,78.8974,27.3787],[20.7625,78.8958,25.8017],[20.7687,78.8958,28.0325]]],
[[[21.1042,79.5521,0.0],[21.1057,79.5537,0.0],[21.0964,79.5537,0.0],[21.0979,79.5521,0.0],[21.1042,79.5521,0.0]]],
[[[20.7938,79.5813,0.0],[20.7953,79.5828,0.0],[20.7859,79.5828,0.0],[20.7875,79.5813,0.0],[20.7938,79.5813,0.0]]],
[[[21.6896,79.3396,0.0],[21.6797,79.3339,0.0],[21.6896,79.3333,0.0],[21.7036,79.3411,0.0],[21.6958,79.3417,0.0],[21.6896,79.3396,0.0]]],
[[[22.1021,79.3396,0.0],[22.1063,79.3375,0.0],[22.1146,79.3375,0.0],[22.1203,79.3411,0.0],[22.0984,79.3411,0.0],[22.1021,79.3396,0.0]]],
[[[22.1703,79.3422,0.0],[22.1688,79.3438,0.0],[22.1526,79.3443,0.0],[22.1557,79.3464,0.0],[22.1542,79.3479,0.0],[22.1354,79.3479,0.0],[22.1297,79.3453,0.0],[22.1375,79.3417,0.0],[22.1703,79.3422,0.0]]],
[[[22.0646,79.3562,0.0],[22.0521,79.3562,0.0],[22.0505,79.3547,0.0],[22.0703,79.3547,0.0],[22.0688,79.3562,0.0],[22.0646,79.3562,0.0]]],
[[[21.6286,79.3588,0.0],[21.6271,79.3604,0.0],[21.6172,79.3599,0.0],[21.6188,79.3583,0.0],[21.6286,79.3588,0.0]]],
[[[22.1745,79.3609,0.0],[22.1729,79.3625,0.0],[22.163,79.362,0.0],[22.1646,79.3604,0.0],[22.1745,79.3609,0.0]]],
[[[22.1875,79.3625,0.0],[22.1891,79.3641,0.0],[22.1797,79.3641,0.0],[22.1813,79.3625,0.0],[22.1875,79.3625,0.0]]],
[[[21.475,79.7167,0.0],[21.4625,79.7167,0.0],[21.4609,79.7151,0.0],[21.4828,79.7151,0.0],[21.4813,79.7167,0.0],[21.475,79.7167,0.0]]],
[[[19.9792,79.2792,11.1088],[19.9807,79.2807,3.3055],[19.9714,79.2807,11.1191],[19.9729,79.2792,7.8376],[19.9792,79.2792,11.1088]]],
[[[19.6792,79.3979,2.7347],[19.6604,79.3979,0.0],[19.6563,79.4,4.0288],[19.65,79.4,2.0952],[19.6417,79.3958,0.0],[19.6313,79.3958,0.0],[19.6214,79.3912,0.0],[19.6229,79.3896,0.0],[19.6391,79.3891,7.0759],[19.6359,79.3859,0.0],[19.6432,79.3849,0.0],[19.6401,79.3818,0.0],[19.6474,79.3807,2.2007],[19.6359,79.3734,0.0],[19.6578,79.3745,4.2214],[19.6505,79.3693,0.0],[19.6563,79.3688,1.5219],[19.6578,79.3672,1.4751],[19.6443,79.3662,0.0],[19.6495,79.3641,0.0],[19.6474,79.3609,0.0],[19.6375,79.3562,1.7232],[19.6271,79.3562,24.2666],[19.6255,79.3547,39.8962],[19.6453,79.3495,6.3839],[19.6443,79.3464,28.7953],[19.6521,79.3438,8.6194],[19.6682,79.3432,44.4817],[19.6651,79.3401,29.3942],[19.6724,79.3391,21.4318],[19.6693,79.337,10.1678],[19.6708,79.3354,0.0],[19.6896,79.3354,2.5081],[19.6938,79.3375,8.7787],[19.7,79.3375,6.5012],[19.7042,79.3354,0.0],[19.7229,79.3354,0.0],[19.7271,79.3375,0.4825],[19.75,79.3375,0.0],[19.7583,79.3417,2.8249],[19.775,79.3396,0.0],[19.7792,79.3417,0.5051],[19.8708,79.3417,0.0],[19.875,79.3438,2.6982],[19.8813,79.3438,2.664],[19.8854,79.3417,0.0],[19.8917,79.3417,0.0],[19.8958,79.3438,0.0],[19.9229,79.3458,0.0],[19.9313,79.35,0.9419],[19.9417,79.35,0.0],[19.9458,79.3521,0.5084],[19.9646,79.3521,3.0435],[19.9688,79.35,0.0],[19.9833,79.35,7.4012],[20.0083,79.3417,0.0],[20.0354,79.3417,13.1078],[20.0396,79.3396,1.7371],[20.0542,79.3396,14.3999],[20.0557,79.338,9.7707],[20.0526,79.3359,0.0],[20.0688,79.3354,7.967],[20.0766,79.3328,10.4636],[20.0755,79.3297,0.0],[20.0833,79.3271,16.027],[20.1125,79.3271,48.0437],[20.1307,79.3359,39.9831],[20.1208,79.3396,22.0522],[20.1063,79.3396,9.1386],[20.1047,79.3411,7.43],[20.1078,79.3422,5.825],[20.1063,79.3438,3.0857],[20.0688,79.3438,19.1798],[20.0464,79.3505,45.3424],[20.0495,79.3536,70.1661],[20.0313,79.3583,62.3278],[20.0063,79.3583,31.803],[20.0021,79.3604,39.5371],[19.9729,79.3604,30.9214],[19.9688,79.3583,21.9035],[19.95,79.3583,26.6372],[19.9484,79.3599,87.599],[19.9604,79.3604,41.3061],[19.9703,79.3662,165.3646],[19.9646,79.3667,158.5841],[19.9542,79.3708,91.1273],[19.9396,79.3708,84.769],[19.9354,79.3729,72.8411],[19.9083,79.3729,76.8867],[19.9068,79.3745,64.38],[19.9141,79.3786,73.0033],[19.8979,79.3792,61.4934],[19.8792,79.3854,62.9819],[19.8646,79.3854,40.1931],[19.863,79.387,37.6778],[19.8661,79.3891,0.0],[19.8604,79.3896,0.0],[19.85,79.3938,0.0],[19.8401,79.3932,0.0],[19.8474,79.3901,12.3032],[19.8417,79.3875,37.0679],[19.8354,79.3875,36.3849],[19.8339,79.388,32.7072],[19.8349,79.3912,26.9304],[19.8188,79.3958,14.9592],[19.7854,79.3917,42.3277],[19.7813,79.3938,14.2686],[19.7563,79.3938,23.9466],[19.7521,79.3958,8.2705],[19.725,79.3958,11.3963],[19.7208,79.3979,9.5975],[19.7021,79.3979,5.712],[19.6979,79.3958,6.931],[19.6917,79.3958,4.0627],[19.6875,79.3979,4.2973],[19.6792,79.3979,2.7347]]],
[[[20.6917,79.3708,0.0],[20.6818,79.3651,0.0],[20.6917,79.3646,0.0],[20.7016,79.3693,0.0],[20.7,79.3708,0.0],[20.6917,79.3708,0.0]]],
[[[19.6125,79.425,9.4413],[19.6042,79.425,9.5965],[19.6026,79.4234,16.5362],[19.6141,79.4234,12.929],[19.6125,79.425,9.4413]]],
[[[19.5542,79.4271,15.8238],[19.5438,79.4271,38.104],[19.5333,79.4313,34.8797],[19.525,79.4313,29.7418],[19.513,79.4234,9.443],[19.5208,79.4208,7.2977],[19.5521,79.4208,15.1231],[19.5563,79.4229,17.7117],[19.5911,79.4234,17.1809],[19.5896,79.425,13.6549],[19.5625,79.425,14.6213],[19.5583,79.4271,12.4548],[19.5542,79.4271,15.8238]]],
[[[20.2438,79.6125,70.6633],[20.2313,79.6125,106.3174],[20.2297,79.6109,198.0409],[20.2641,79.6109,15.2075],[20.2625,79.6125,25.6959],[20.2438,79.6125,70.6633]]],
[[[20.2167,79.6167,60.1131],[20.2182,79.6182,40.4634],[20.2089,79.6182,58.063],[20.2104,79.6167,72.6196],[20.2167,79.6167,60.1131]]],
[[[19.7484,79.6797,16.9963],[19.7292,79.6854,7.4586],[19.7214,79.6849,7.1384],[19.7266,79.6828,18.2692],[19.7234,79.6807,15.7206],[19.725,79.6792,4.6758],[19.7536,79.6776,10.0687],[19.7484,79.6797,16.9963]]],
[[[19.775,79.6833,9.4949],[19.7766,79.6849,14.9267],[19.7672,79.6849,4.4756],[19.7687,79.6833,4.1061],[19.775,79.6833,9.4949]]],
[[[20.4208,79.6979,0.0],[20.4224,79.6995,0.0],[20.413,79.6995,0.0],[20.4146,79.6979,0.0],[20.4208,79.6979,0.0]]],
[[[20.7396,79.7,0.0],[20.7411,79.7016,0.0],[20.7318,79.7016,0.0],[20.7333,79.7,0.0],[20.7396,79.7,0.0]]],
[[[19.4417,79.7104,0.0],[19.4432,79.712,0.0],[19.4339,79.712,0.0],[19.4354,79.7104,0.0],[19.4417,79.7104,0.0]]],
[[[19.375,79.6896,0.0],[19.3687,79.6896,0.0],[19.363,79.6859,0.0],[19.3729,79.6854,0.0],[19.3786,79.688,0.0],[19.375,79.6896,0.0]]],
[[[19.4286,79.7089,0.0],[19.4271,79.7104,0.0],[19.4172,79.7099,0.0],[19.4188,79.7083,0.0],[19.4286,79.7089,0.0]]],
[[[19.3292,79.725,0.0],[19.3307,79.7266,0.0],[19.3214,79.7266,0.0],[19.3229,79.725,0.0],[19.3292,79.725,0.0]]],
[[[18.838,79.7359,18.2495],[18.8188,79.7417,2.6772],[18.8104,79.7417,-0.0435],[18.8042,79.7375,16.872],[18.7833,79.7375,14.7593],[18.7792,79.7396,3.1999],[18.7729,79.7396,2.773],[18.7714,79.738,8.316],[18.7771,79.7375,11.4486],[18.7786,79.7359,13.5761],[18.7661,79.7297,33.6074],[18.7542,79.7292,39.2266],[18.75,79.7271,39.4769],[18.7271,79.7271,33.2639],[18.713,79.7193,0.0],[18.7229,79.7167,14.0241],[18.7375,79.7167,14.5976],[18.7417,79.7146,11.5879],[18.7729,79.7146,9.3853],[18.7771,79.7167,20.0853],[18.825,79.7167,8.1242],[18.8292,79.7188,13.0096],[18.8396,79.7188,6.7773],[18.8495,79.7234,11.4308],[18.8479,79.725,10.6202],[18.8339,79.7276,14.4127],[18.8354,79.7292,14.924],[18.8458,79.7292,13.3129],[18.85,79.7312,12.5205],[18.8583,79.7312,8.1212],[18.8625,79.7292,7.9229],[18.8828,79.7297,8.0488],[18.8812,79.7312,8.5619],[18.8667,79.7312,8.9862],[18.8542,79.7354,15.3677],[18.838,79.7359,18.2495]]],
[[[20.7667,79.5854,0.0],[20.7682,79.587,0.0],[20.7589,79.587,0.0],[20.7604,79.5854,0.0],[20.7667,79.5854,0.0]]],
[[[20.7932,79.5859,0.0],[20.7917,79.5875,0.0],[20.7818,79.587,0.0],[20.7833,79.5854,0.0],[20.7932,79.5859,0.0]]],
[[[20.862,79.6964,0.0],[20.8604,79.6979,0.0],[20.8479,79.7,0.0],[20.8438,79.7021,0.0],[20.8359,79.7016,0.0],[20.8411,79.6995,0.0],[20.838,79.6974,0.0],[20.8396,79.6958,0.0],[20.862,79.6964,0.0]]],
[[[21.3042,79.7083,0.0],[21.3057,79.7099,0.0],[21.2964,79.7099,0.0],[21.2979,79.7083,0.0],[21.3042,79.7083,0.0]]],
[[[21.3521,79.7146,0.0],[21.3536,79.7161,0.0],[21.3443,79.7161,0.0],[21.3458,79.7146,0.0],[21.3521,79.7146,0.0]]],
[[[21.312,79.7172,0.0],[21.3104,79.7188,0.0],[21.3005,79.7182,0.0],[21.3021,79.7167,0.0],[21.312,79.7172,0.0]]],
[[[21.0911,79.7234,0.0],[21.0896,79.725,0.0],[21.0797,79.7245,0.0],[21.0812,79.7229,0.0],[21.0911,79.7234,0.0]]],
[[[21.337,79.7245,0.0],[21.3396,79.7229,0.0],[21.3474,79.7234,0.0],[21.3396,79.7271,0.0],[21.3297,79.7266,0.0],[21.3312,79.725,0.0],[21.337,79.7245,0.0]]],
[[[20.9432,79.7255,0.0],[20.9417,79.7271,0.0],[20.9318,79.7266,0.0],[20.9333,79.725,0.0],[20.9432,79.7255,0.0]]],
[[[20.9245,79.7276,0.0],[20.9229,79.7292,0.0],[20.913,79.7286,0.0],[20.9146,79.7271,0.0],[20.9245,79.7276,0.0]]],
[[[21.2771,79.7312,0.0],[21.2813,79.7292,0.0],[21.2896,79.7292,0.0],[21.2938,79.7312,0.0],[21.3042,79.7312,0.0],[21.3057,79.7328,0.0],[21.2734,79.7328,0.0],[21.2771,79.7312,0.0]]],
[[[21.3641,79.7318,0.0],[21.3625,79.7333,0.0],[21.3479,79.7333,0.0],[21.3438,79.7354,0.0],[21.3193,79.7328,0.0],[21.3292,79.7292,0.0],[21.3354,79.7292,0.0],[21.3396,79.7312,0.0],[21.3641,79.7318,0.0]]],
[[[21.4521,79.7375,0.0],[21.4458,79.7375,0.0],[21.4401,79.7338,0.0],[21.45,79.7333,0.0],[21.4542,79.7354,0.0],[21.4661,79.7359,0.0],[21.4646,79.7375,0.0],[21.4521,79.7375,0.0]]],
[[[21.4266,79.7443,0.0],[21.425,79.7458,0.0],[21.4151,79.7453,0.0],[21.4167,79.7438,0.0],[21.4266,79.7443,0.0]]],
[[[21.6396,79.7708,0.0],[21.6333,79.7708,0.0],[21.6276,79.7672,0.0],[21.6354,79.7667,0.0],[21.6396,79.7688,0.0],[21.6536,79.7693,0.0],[21.6521,79.7708,0.0],[21.6396,79.7708,0.0]]],
[[[22.1583,80.025,175.4431],[22.1667,80.025,145.1305],[22.1682,80.0266,113.8424],[22.1609,80.0276,138.6933],[22.1641,80.0297,141.6383],[22.1625,80.0313,134.1191],[22.138,80.0286,185.8577],[22.1396,80.0271,189.2393],[22.1542,80.0271,174.0087],[22.1583,80.025,175.4431]]],
[[[20.7391,79.7109,0.0],[20.7375,79.7125,0.0],[20.7276,79.712,0.0],[20.7292,79.7104,0.0],[20.7391,79.7109,0.0]]],
[[[20.6979,79.7146,0.0],[20.6995,79.7161,0.0],[20.6901,79.7161,0.0],[20.6917,79.7146,0.0],[20.6979,79.7146,0.0]]],
[[[19.4604,79.7229,0.0],[19.4458,79.7229,0.0],[19.4443,79.7245,0.0],[19.4474,79.7266,0.0],[19.4458,79.7271,0.0],[19.4271,79.725,0.0],[19.4229,79.7271,0.0],[19.3917,79.7271,0.0],[19.3859,79.7245,0.0],[19.3875,79.7229,0.0],[19.4146,79.7229,0.0],[19.4188,79.7208,0.0],[19.4474,79.7203,0.0],[19.4458,79.7188,0.0],[19.3984,79.7182,0.0],[19.4,79.7167,0.0],[19.4271,79.7167,0.0],[19.4313,79.7146,0.0],[19.45,79.7146,0.0],[19.4583,79.7188,0.0],[19.4724,79.7193,0.0],[19.4708,79.7208,0.0],[19.4604,79.7229,0.0]]],
[[[20.1641,79.763,0.0],[20.1625,79.7646,0.0],[20.1526,79.7641,0.0],[20.1542,79.7625,0.0],[20.1641,79.763,0.0]]],
[[[18.9271,79.7417,0.0],[18.9286,79.7432,0.0],[18.9193,79.7432,0.0],[18.9208,79.7417,0.0],[18.9271,79.7417,0.0]]],
[[[18.9453,79.7443,0.0],[18.9438,79.7458,0.0],[18.9339,79.7453,0.0],[18.9354,79.7438,0.0],[18.9453,79.7443,0.0]]],
[[[18.8167,79.7479,-0.3913],[18.8104,79.7479,1.9688],[18.8047,79.7443,10.899],[18.8146,79.7438,0.1678],[18.8203,79.7464,-0.8461],[18.8167,79.7479,-0.3913]]],
[[[19.2891,79.7589,29.7028],[19.2875,79.7604,39.8805],[19.2776,79.7599,29.9469],[19.2792,79.7583,8.0491],[19.2891,79.7589,29.7028]]],
[[[18.7818,79.763,51.8007],[18.7896,79.7625,56.4625],[18.7911,79.7641,58.498],[18.7813,79.7667,68.6074],[18.7609,79.7662,47.1074],[18.7625,79.7646,49.0539],[18.7792,79.7646,47.0668],[18.7818,79.763,51.8007]]],
[[[18.5682,79.7818,12.1008],[18.5667,79.7833,0.0],[18.5568,79.7828,0.0],[18.5583,79.7813,0.0],[18.5682,79.7818,12.1008]]],
[[[18.5187,79.9583,0.0],[18.5203,79.9599,0.0],[18.5109,79.9599,0.0],[18.5125,79.9583,0.0],[18.5187,79.9583,0.0]]],
[[[18.4979,79.9604,0.0],[18.5016,79.9609,0.0],[18.5057,79.9641,0.0],[18.4958,79.9667,0.0],[18.4875,79.9667,0.0],[18.4833,79.9646,0.0],[18.4521,79.9646,0.0],[18.4479,79.9667,0.0],[18.4255,79.9661,0.0],[18.4271,79.9646,0.0],[18.4438,79.9646,0.0],[18.4479,79.9625,0.0],[18.4625,79.9625,0.0],[18.4641,79.962,0.0],[18.463,79.9589,0.0],[18.4646,79.9583,0.0],[18.4833,79.9583,0.0],[18.4875,79.9604,0.0],[18.4979,79.9604,0.0]]],
[[[18.5722,79.9833,35.2556],[18.5646,79.9833,0.0],[18.5609,79.9797,0.0],[18.5812,79.9792,0.0],[18.587,79.9818,20.4924],[18.5854,79.9833,49.2078],[18.5722,79.9833,35.2556]]],
[[[18.5266,79.9818,0.0],[18.525,79.9833,0.0],[18.5151,79.9828,0.0],[18.5167,79.9812,0.0],[18.5266,79.9818,0.0]]],
[[[18.4813,79.9896,0.0],[18.4688,79.9896,0.0],[18.4672,79.988,0.0],[18.4911,79.988,0.0],[18.4896,79.9896,0.0],[18.4813,79.9896,0.0]]],
[[[18.6271,80.0,0.0],[18.6208,80.0,0.0],[18.6151,79.9964,0.0],[18.6833,79.9958,0.0],[18.6875,79.9979,0.0],[18.7141,79.9984,0.0],[18.7125,80.0,0.0],[18.6271,80.0,0.0]]],
[[[29.2563,78.9104,0.0],[29.2578,78.912,0.0],[29.2484,78.912,0.0],[29.25,78.9104,0.0],[29.2563,78.9104,0.0]]],
[[[28.562,78.9703,0.0],[28.5464,78.9714,0.0],[28.5495,78.9734,0.0],[28.5479,78.975,0.0],[28.5193,78.9745,0.0],[28.5208,78.9729,0.0],[28.5313,78.9729,0.0],[28.5479,78.9667,0.0],[28.5542,78.9667,0.0],[28.562,78.9703,0.0]]],
[[[30.0974,78.9905,0.0],[30.0958,78.9917,0.0],[30.088,78.9912,0.0],[30.0896,78.9896,0.0],[30.0974,78.9905,0.0]]],
[[[30.3937,79.0146,0.0],[30.3953,79.0162,0.0],[30.3813,79.0167,0.8459],[30.3771,79.0188,0.0],[30.3604,79.0188,0.0],[30.3563,79.0167,0.0],[30.3422,79.0162,0.0],[30.3453,79.0141,5.3794],[30.3438,79.0125,1.3305],[30.3271,79.0125,10.6132],[30.3229,79.0146,0.0],[30.3167,79.0146,0.0],[30.3151,79.013,5.0421],[30.3182,79.012,11.3082],[30.3167,79.0104,8.2869],[30.3,79.0125,2.391],[30.2958,79.0104,8.0009],[30.2771,79.0104,9.8853],[30.2729,79.0125,0.0],[30.2667,79.0125,0.0],[30.2625,79.0104,9.9567],[30.1896,79.0104,3.8908],[30.1813,79.0146,0.0],[30.1729,79.0146,0.0],[30.1688,79.0125,6.8599],[30.1521,79.0125,8.628],[30.1479,79.0146,0.0],[30.0979,79.0146,0.0],[30.0938,79.0125,9.4643],[30.0812,79.0125,7.9852],[30.0734,79.0089,3.5331],[30.0875,79.0083,4.8942],[30.1099,78.9995,9.0756],[30.1047,78.9974,0.0],[30.1063,78.9958,3.8797],[30.1125,78.9958,8.6523],[30.1167,78.9979,8.8928],[30.1266,78.9974,7.1293],[30.1187,78.9938,7.5418],[30.1047,78.9932,2.1015],[30.1099,78.9901,3.8228],[30.1047,78.988,1.6585],[30.1104,78.9854,0.0],[30.1229,78.9854,0.5567],[30.1307,78.9828,0.0697],[30.1255,78.9797,0.0],[30.1375,78.975,0.0],[30.15,78.975,0.0],[30.1542,78.9729,0.0],[30.2042,78.9729,0.0],[30.2161,78.9776,0.0],[30.213,78.9807,0.0],[30.2286,78.9818,0.0],[30.2234,78.9838,0.0],[30.225,78.9854,0.0],[30.2313,78.9854,0.0],[30.2354,78.9833,0.0],[30.2542,78.9833,0.0],[30.262,78.9859,0.0],[30.2568,78.9891,0.0],[30.262,78.9912,0.0],[30.2464,78.9922,0.0],[30.2479,78.9938,0.0],[30.2833,78.9938,0.0],[30.2891,78.9964,0.0],[30.2875,78.9979,0.0],[30.2734,78.9984,0.0],[30.275,79.0,0.0],[30.3042,79.0,0.0],[30.3083,78.9979,0.0],[30.3708,78.9979,0.0],[30.3724,78.9995,0.0],[30.3646,79.0021,0.0],[30.3521,79.0021,1.0552],[30.3505,79.0036,1.9626],[30.3646,79.0083,0.0],[30.3937,79.0083,0.5965],[30.3953,79.0068,0.331],[30.3901,79.0047,0.0],[30.3958,79.0021,0.0],[30.4042,79.0021,0.0],[30.4057,79.0036,0.0],[30.4005,79.0057,2.6357],[30.4057,79.0078,0.7428],[30.4005,79.0099,-0.0078],[30.4161,79.0109,0.0],[30.4104,79.0146,0.0],[30.4042,79.0146,0.0],[30.4,79.0125,0.0],[30.3901,79.013,0.124],[30.3937,79.0146,0.0]]],
[[[30.425,79.0062,0.0],[30.4266,79.0078,0.0],[30.4172,79.0078,0.0],[30.4188,79.0062,0.0],[30.425,79.0062,0.0]]],
[[[24.5979,79.3208,0.0],[24.5995,79.3224,0.0],[24.5901,79.3224,0.0],[24.5917,79.3208,0.0],[24.5979,79.3208,0.0]]],
[[[26.3453,79.663,0.0],[26.3438,79.6646,0.0],[26.3339,79.6641,0.0],[26.3354,79.6625,0.0],[26.3453,79.663,0.0]]],
[[[26.6161,79.6964,0.0],[26.6146,79.6979,0.0],[26.6047,79.6974,0.0],[26.6063,79.6958,0.0],[26.6161,79.6964,0.0]]],
[[[26.6266,79.7005,0.0],[26.625,79.7021,0.0],[26.6151,79.7016,0.0],[26.6167,79.7,0.0],[26.6266,79.7005,0.0]]],
[[[26.6599,79.7047,2.8035],[26.6583,79.7063,0.0],[26.6484,79.7057,6.4605],[26.65,79.7042,0.0],[26.6599,79.7047,2.8035]]],
[[[26.7516,79.763,0.0],[26.75,79.7646,0.0],[26.7401,79.7641,0.0],[26.7417,79.7625,0.0],[26.7516,79.763,0.0]]],
[[[26.7313,79.7646,0.0],[26.7328,79.7662,0.0],[26.7234,79.7662,0.0],[26.725,79.7646,0.0],[26.7313,79.7646,0.0]]],
[[[22.6917,79.3604,0.0],[22.6932,79.362,0.0],[22.6839,79.362,0.0],[22.6854,79.3604,0.0],[22.6917,79.3604,0.0]]],
[[[22.7875,80.5,244.8994],[22.7687,80.5062,25.6648],[22.7604,80.5062,0.0],[22.7401,80.4974,0.0],[22.7453,80.4943,67.0142],[22.7313,80.4938,24.3273],[22.7234,80.4901,0.0],[22.7333,80.4896,0.0],[22.7375,80.4917,40.3777],[22.7479,80.4917,49.9423],[22.7583,80.4875,11.3139],[22.7724,80.4849,134.9234],[22.7568,80.4776,0.0],[22.7786,80.4724,7.0799],[22.7755,80.4693,0.0],[22.7891,80.4661,10.8164],[22.7875,80.4646,10.961],[22.7734,80.4641,0.0],[22.775,80.4625,0.0],[22.7807,80.462,0.0],[22.7755,80.4589,0.0],[22.7911,80.4557,0.0],[22.7859,80.4537,0.0],[22.7875,80.4521,0.0],[22.8245,80.4432,16.3774],[22.8151,80.438,0.0],[22.8349,80.437,6.7895],[22.8271,80.4333,0.0],[22.813,80.4328,0.0],[22.8146,80.4313,0.0],[22.8307,80.4307,0.0],[22.8234,80.4266,0.0],[22.8286,80.4234,4.1979],[22.8146,80.4229,0.0],[22.8089,80.4203,0.0],[22.8141,80.4172,5.6474],[22.8,80.4167,0.0],[22.7984,80.4151,0.0],[22.8167,80.4146,8.0189],[22.8245,80.412,0.0],[22.8214,80.4089,0.0],[22.8271,80.4083,0.0],[22.8349,80.4047,2.3135],[22.8214,80.3995,0.0],[22.8286,80.3964,3.3645],[22.8125,80.3958,0.0],[22.8068,80.3932,0.0],[22.8141,80.3901,1.1544],[22.8021,80.3854,0.9741],[22.7896,80.3854,0.0],[22.775,80.3792,0.8298],[22.7625,80.3792,0.0],[22.7521,80.375,0.5824],[22.7255,80.3745,0.0],[22.7328,80.3714,0.0],[22.7167,80.3708,0.0],[22.7151,80.3693,0.0],[22.7292,80.3667,0.0],[22.7307,80.3651,0.0],[22.7229,80.3625,0.0],[22.7104,80.3625,0.0],[22.6984,80.3578,0.0],[22.6943,80.3547,0.0],[22.7,80.3542,0.0],[22.7016,80.3526,0.0],[22.6964,80.3505,0.0],[22.7021,80.35,0.0],[22.7036,80.3484,2.7284],[22.6917,80.3438,0.0],[22.6792,80.3438,0.0],[22.6734,80.3411,0.0],[22.6813,80.3375,0.0],[22.7167,80.3354,0.0],[22.7292,80.3313,0.0],[22.7333,80.3313,0.0],[22.7349,80.3297,0.0],[22.7297,80.3276,0.0],[22.7453,80.3245,0.0],[22.7401,80.3214,0.0],[22.75,80.3187,0.0],[22.7646,80.3187,1.8816],[22.7661,80.3172,0.0],[22.763,80.3151,0.0],[22.7703,80.3141,0.0],[22.7687,80.3125,0.0],[22.7354,80.3125,0.0],[22.7255,80.3151,5.103],[22.7307,80.3182,0.0],[22.7208,80.3208,0.0],[22.7042,80.3208,3.5009],[22.6708,80.3313,0.0],[22.6417,80.3313,11.2226],[22.6339,80.3339,12.6471],[22.637,80.3359,0.0],[22.6354,80.3375,0.0],[22.6146,80.3354,85.3803],[22.613,80.337,101.8812],[22.6161,80.3391,44.9469],[22.6026,80.3422,91.0592],[22.6042,80.3438,66.9163],[22.6167,80.3438,8.5611],[22.6245,80.3464,0.0],[22.6172,80.3495,5.0062],[22.6266,80.3526,0.0],[22.6307,80.3557,0.0],[22.6125,80.3562,0.7152],[22.6047,80.3588,8.1583],[22.6224,80.3682,0.0],[22.6125,80.3708,11.1283],[22.5979,80.3708,33.1816],[22.5964,80.3724,40.9293],[22.6104,80.3729,15.8663],[22.612,80.3745,10.2933],[22.5833,80.375,81.7015],[22.5818,80.3766,84.8041],[22.6333,80.3771,0.0],[22.6432,80.3818,0.0],[22.638,80.3839,0.0],[22.6411,80.387,0.0],[22.6339,80.388,0.0],[22.6391,80.3912,0.0],[22.6318,80.3922,4.2676],[22.6411,80.3974,0.0],[22.6276,80.4005,4.9936],[22.6307,80.4036,0.75],[22.625,80.4042,2.8325],[22.6234,80.4057,5.3787],[22.6286,80.4078,0.0],[22.6214,80.4089,4.2714],[22.6229,80.4104,6.0573],[22.637,80.4109,0.0],[22.6292,80.4146,0.0],[22.6125,80.4146,5.5323],[22.5938,80.4208,0.0],[22.5333,80.4208,0.0],[22.5292,80.4187,134.5577],[22.475,80.4167,26.5202],[22.4708,80.4146,79.2584],[22.45,80.4167,0.0],[22.4396,80.4125,42.9787],[22.4146,80.4125,24.8349],[22.3729,80.3938,314.9933],[22.3333,80.3938,0.0],[22.3276,80.3912,0.0],[22.3349,80.388,0.0],[22.3297,80.387,0.0],[22.3214,80.3818,0.0],[22.3286,80.3807,0.0],[22.3234,80.3776,0.0],[22.3307,80.3766,17.1018],[22.3276,80.3734,0.0],[22.3328,80.3714,21.1057],[22.3193,80.3651,0.0],[22.3266,80.3641,0.0],[22.3234,80.3609,0.0],[22.3354,80.3583,17.6305],[22.337,80.3568,24.2737],[22.3229,80.3562,0.0],[22.3214,80.3547,0.0],[22.3411,80.3536,25.0446],[22.3359,80.3505,0.0],[22.35,80.3479,25.1604],[22.3516,80.3464,19.6337],[22.3464,80.3453,0.0],[22.338,80.3401,0.0],[22.3458,80.3375,0.0],[22.3641,80.337,2.3221],[22.3609,80.3339,0.0],[22.3745,80.3307,2.4243],[22.3714,80.3276,0.0],[22.3849,80.3245,0.0],[22.3818,80.3214,0.0],[22.3979,80.3208,0.0],[22.4104,80.3167,0.0],[22.4271,80.3167,17.7809],[22.4542,80.3083,0.0],[22.4813,80.3083,1.8261],[22.4854,80.3063,0.0],[22.5146,80.3063,0.0],[22.5187,80.3042,0.0],[22.5583,80.3042,10.8356],[22.5745,80.2995,1.8527],[22.5672,80.2943,0.0],[22.5833,80.2937,0.0],[22.5849,80.2922,1.3485],[22.5818,80.2901,1.2832],[22.5875,80.2896,0.6403],[22.5891,80.288,2.2807],[22.5812,80.2854,1.2362],[22.5271,80.2833,0.0],[22.5229,80.2813,10.2946],[22.4854,80.2813,0.0],[22.4708,80.275,9.1308],[22.4583,80.275,0.0],[22.4542,80.2729,0.0],[22.4401,80.2724,0.0],[22.4417,80.2708,0.0],[22.4474,80.2703,0.0],[22.4422,80.2672,0.0],[22.4479,80.2667,8.8669],[22.4495,80.2651,10.2307],[22.4401,80.262,2.6067],[22.4359,80.2589,0.0],[22.4495,80.2557,7.7115],[22.4464,80.2526,0.0],[22.4536,80.2516,5.9186],[22.4484,80.2495,0.0],[22.45,80.2479,0.0],[22.4557,80.2474,0.0],[22.4526,80.2443,0.0],[22.4661,80.2412,3.8905],[22.463,80.2391,0.0],[22.4646,80.2375,0.0],[22.4792,80.2375,19.7377],[22.4833,80.2354,22.9422],[22.5,80.2354,152.013],[22.5016,80.2338,150.2279],[22.4672,80.2307,0.0],[22.4828,80.2255,5.4054],[22.4776,80.2245,0.0],[22.4562,80.2146,0.0],[22.4422,80.2141,0.0],[22.4495,80.2109,0.0],[22.4443,80.2099,0.0],[22.4401,80.2068,0.0],[22.462,80.2016,11.1622],[22.4589,80.1984,0.0],[22.4708,80.1958,0.712],[22.4724,80.1943,0.0],[22.4562,80.1875,0.9421],[22.4438,80.1875,0.0],[22.4396,80.1854,2.4518],[22.4255,80.1849,0.0],[22.4214,80.1818,0.0],[22.4266,80.1797,9.7112],[22.4109,80.1787,0.0],[22.4182,80.1755,8.9933],[22.4042,80.175,0.0],[22.3964,80.1724,0.0],[22.3979,80.1708,2.1745],[22.4036,80.1703,11.795],[22.4021,80.1687,26.2549],[22.3771,80.1687,0.0],[22.3651,80.1641,0.0],[22.3667,80.1625,0.0],[22.3724,80.162,0.0],[22.3693,80.1589,0.0],[22.3828,80.1557,13.9674],[22.3797,80.1526,0.0],[22.3849,80.1516,0.0],[22.3833,80.15,0.0],[22.3708,80.15,0.0],[22.3693,80.1484,0.0],[22.3828,80.1453,0.0],[22.3797,80.1422,0.0],[22.3854,80.1417,0.0],[22.387,80.1401,0.0],[22.3818,80.138,0.0],[22.3974,80.1349,29.3498],[22.3958,80.1333,22.7026],[22.3818,80.1328,0.0],[22.3896,80.1292,0.0],[22.3953,80.1286,0.0],[22.3859,80.1234,0.0],[22.4057,80.1224,6.9482],[22.3964,80.1172,0.0],[22.4146,80.1167,14.6915],[22.4161,80.1151,6.227],[22.4109,80.113,0.0],[22.4167,80.1125,5.8569],[22.4182,80.1109,16.9188],[22.4042,80.1104,0.0],[22.4026,80.1088,0.0],[22.4188,80.1083,8.0806],[22.4203,80.1068,5.1171],[22.4172,80.1047,0.0],[22.4229,80.1042,5.6469],[22.4245,80.1026,4.0125],[22.4104,80.1021,0.0],[22.4063,80.1,0.0],[22.3729,80.1,33.5666],[22.3688,80.1021,0.0],[22.3542,80.1021,0.0],[22.35,80.1042,0.0],[22.3417,80.1042,0.0],[22.3297,80.0995,0.0],[22.3312,80.0979,0.0],[22.3479,80.0979,0.0],[22.3521,80.0958,0.0],[22.3917,80.0958,15.903],[22.3958,80.0938,0.0],[22.4229,80.0938,6.7538],[22.4417,80.0875,0.0],[22.4583,80.0875,0.0],[22.4661,80.0849,1.9628],[22.4646,80.0833,0.0],[22.4521,80.0833,0.0],[22.4479,80.0813,0.0],[22.4167,80.0813,0.0],[22.4125,80.0833,0.0],[22.4042,80.0833,0.0],[22.3922,80.0787,0.0],[22.4021,80.075,0.0],[22.4229,80.075,0.0],[22.4271,80.0771,0.0],[22.4333,80.0771,0.0],[22.4375,80.075,0.0],[22.4729,80.0729,0.0],[22.4891,80.0672,3.1753],[22.475,80.0667,0.0],[22.4708,80.0646,45.736],[22.4229,80.0646,0.0],[22.4125,80.0604,0.0],[22.4,80.0604,0.0],[22.3984,80.0589,0.0],[22.4167,80.0583,0.0],[22.4182,80.0568,0.0],[22.4063,80.0521,0.0],[22.3922,80.0516,0.0],[22.388,80.0484,0.0],[22.3937,80.0479,0.0],[22.4016,80.0443,0.0],[22.3917,80.0396,9.9601],[22.3792,80.0396,0.0],[22.3776,80.038,0.0],[22.3854,80.0354,0.0],[22.4125,80.0354,5.1765],[22.4333,80.0292,0.0],[22.4479,80.0292,5.0982],[22.4667,80.0229,0.0],[22.4813,80.0229,0.0],[22.4911,80.0193,14.7239],[22.4792,80.0146,0.0],[22.4651,80.0141,0.0],[22.4667,80.0125,0.0],[22.4724,80.012,0.0],[22.4708,80.0104,0.0],[22.45,80.0104,0.0],[22.4458,80.0125,0.0],[22.4313,80.0125,0.0],[22.4271,80.0146,0.0],[22.4083,80.0125,0.0],[22.4042,80.0146,0.0],[22.3875,80.0146,16.0247],[22.3688,80.0208,0.0],[22.3542,80.0208,12.1977],[22.35,80.0229,8.6792],[22.3318,80.0234,88.8006],[22.3411,80.0276,0.0],[22.3396,80.0292,0.0],[22.3125,80.0292,0.0],[22.3083,80.0313,0.0],[22.3,80.0313,0.0],[22.2797,80.0214,0.0],[22.2958,80.0208,3.7946],[22.3083,80.0167,16.6032],[22.3125,80.0167,31.3386],[22.3203,80.013,19.9643],[22.3062,80.0125,0.0],[22.3047,80.0109,0.0],[22.3104,80.0104,0.0],[22.312,80.0089,5.0136],[22.2979,80.0083,0.0],[22.2922,80.0057,0.0],[22.2938,80.0042,0.0],[22.3099,80.0036,0.0],[22.3042,80.0,0.0],[22.2776,79.9995,0.0],[22.2792,79.9979,0.0],[22.3078,79.9974,2.2153],[22.2979,79.9917,4.1771],[22.2896,79.9917,2.1912],[22.2854,79.9938,0.0],[22.2771,79.9938,0.0],[22.2729,79.9917,0.0],[22.2542,79.9938,0.0],[22.25,79.9917,0.0],[22.2417,79.9917,0.0],[22.2375,79.9938,0.0],[22.1979,79.9938,0.0],[22.1964,79.9953,0.0],[22.2104,79.9958,0.0],[22.2146,79.9979,0.0],[22.2271,79.9979,0.0],[22.2286,79.9995,0.0],[22.2109,80.0005,0.0834],[22.2125,80.0021,0.6259],[22.225,80.0021,0.0],[22.2266,80.0036,0.0],[22.2083,80.0083,0.0],[22.1937,80.0083,10.0604],[22.1896,80.0104,19.1711],[22.1813,80.0104,53.8004],[22.1771,80.0083,50.3918],[22.1708,80.0083,62.8861],[22.1693,80.0099,80.5769],[22.1807,80.0162,109.8257],[22.1646,80.0208,153.6874],[22.1437,80.0188,166.1545],[22.1214,80.0255,180.5829],[22.1245,80.0286,143.6294],[22.1172,80.0297,78.4176],[22.1188,80.0313,60.0435],[22.1313,80.0313,141.4329],[22.1354,80.0333,149.5498],[22.1495,80.0339,169.6782],[22.1417,80.0375,1.6272],[22.1146,80.0375,6.7083],[22.0755,80.0484,161.2972],[22.0771,80.05,170.5683],[22.0833,80.05,160.2224],[22.0958,80.0458,58.2554],[22.1229,80.0458,18.3114],[22.1271,80.0437,3.3016],[22.1354,80.0437,0.0],[22.1411,80.0474,0.0],[22.125,80.0479,25.7082],[22.1234,80.0495,53.4739],[22.15,80.05,0.0],[22.1516,80.0516,0.0],[22.1359,80.0547,0.0],[22.1411,80.0568,0.0],[22.1396,80.0583,0.0],[22.1188,80.0563,0.0],[22.1063,80.0604,12.8939],[22.0901,80.0609,156.6991],[22.0932,80.0641,99.9653],[22.088,80.0651,158.6376],[22.0896,80.0667,132.4789],[22.0958,80.0667,83.8822],[22.1,80.0646,33.4804],[22.1099,80.0651,0.0],[22.1047,80.0672,0.0],[22.1078,80.0693,0.0],[22.1063,80.0708,0.0],[22.0776,80.0714,189.089],[22.0833,80.075,104.2983],[22.0958,80.075,34.6175],[22.1016,80.0776,0.0],[22.1,80.0792,11.8787],[22.0943,80.0797,41.5176],[22.0995,80.0828,0.0],[22.0812,80.0833,147.9886],[22.0708,80.0875,175.2979],[22.0568,80.0901,198.3491],[22.062,80.0922,82.5705],[22.0604,80.0938,54.262],[22.0422,80.0943,187.857],[22.0453,80.0974,171.9329],[22.0401,80.0995,173.5462],[22.0474,80.1036,153.6734],[22.0255,80.1088,95.0476],[22.0333,80.1125,12.5688],[22.0458,80.1125,2.0617],[22.0516,80.1151,0.0],[22.05,80.1167,0.0],[22.0292,80.1167,0.1249],[22.0208,80.1125,2.2696],[22.0,80.1146,0.0],[21.9958,80.1125,0.0],[21.9042,80.1125,8.7045],[21.9026,80.1141,2.1168],[21.9057,80.1162,0.0],[21.8984,80.1172,3.6981],[21.9036,80.1193,0.0],[21.9021,80.1208,0.0],[21.8896,80.1229,2.108],[21.8792,80.1271,0.0],[21.8625,80.1271,0.0],[21.8609,80.1286,0.0],[21.8641,80.1307,0.0],[21.8625,80.1312,0.0],[21.8542,80.1312,6.0468],[21.85,80.1292,11.0099],[21.8422,80.1297,35.7387],[21.8495,80.1349,16.4086],[21.8318,80.1359,110.6092],[21.8391,80.1401,0.0],[21.8375,80.1417,0.0],[21.8167,80.1417,0.0],[21.8083,80.1375,43.4312],[21.8,80.1375,16.3568],[21.7958,80.1396,0.0],[21.7771,80.1396,0.0],[21.7729,80.1375,0.0],[21.7146,80.1375,0.0],[21.7104,80.1396,0.0],[21.7042,80.1396,0.0],[21.7,80.1375,0.0],[21.675,80.1375,0.0],[21.6708,80.1354,0.0],[21.65,80.1354,0.0],[21.6401,80.138,0.0],[21.6417,80.1396,0.0],[21.6682,80.1401,0.0],[21.6604,80.1438,0.0],[21.6547,80.1443,0.0],[21.6563,80.1458,0.0],[21.6646,80.1458,0.0],[21.675,80.1417,0.0],[21.6974,80.1422,0.0],[21.6813,80.1479,0.0],[21.6755,80.1484,0.0],[21.6786,80.1516,0.0],[21.6734,80.1526,6.2727],[21.6943,80.1641,131.2572],[21.6995,80.1651,118.8104],[21.6979,80.1667,128.6102],[21.6922,80.1672,131.9387],[21.6938,80.1687,121.2318],[21.7062,80.1687,78.6535],[21.7104,80.1708,136.8756],[21.7188,80.1708,69.4356],[21.7313,80.1667,0.0],[21.7375,80.1667,0.0],[21.7391,80.1682,0.0],[21.7271,80.1708,16.0013],[21.7255,80.1724,86.9191],[21.7313,80.175,89.8627],[21.7813,80.175,0.0],[21.7828,80.1766,0.0],[21.7771,80.1771,0.0],[21.7755,80.1787,0.0],[21.7813,80.1813,1.1376],[21.7938,80.1813,0.0],[21.8016,80.1839,0.0],[21.8,80.1854,0.0],[21.7917,80.1854,0.0],[21.7875,80.1833,0.0],[21.7776,80.1839,12.1634],[21.7859,80.1891,45.7814],[21.7938,80.1917,52.3061],[21.8063,80.1917,24.4734],[21.8104,80.1937,32.2519],[21.8292,80.1917,0.0],[21.837,80.1943,1.3018],[21.8354,80.1958,5.0443],[21.8297,80.1964,6.8191],[21.8328,80.1984,0.0],[21.8312,80.2,0.0],[21.8229,80.2,6.4643],[21.8146,80.1958,43.9799],[21.8047,80.1964,79.0449],[21.8182,80.2037,28.3599],[21.8109,80.2047,101.4278],[21.8141,80.2078,95.1016],[21.8005,80.2109,123.5473],[21.8089,80.2161,127.5206],[21.8141,80.2172,144.3791],[21.8068,80.2203,167.7676],[21.8208,80.2208,115.4668],[21.8266,80.2234,29.3356],[21.8214,80.2266,58.4109],[21.8286,80.2307,86.6392],[21.8229,80.2312,191.1384],[21.8151,80.2349,260.3244],[21.8307,80.2359,187.9966],[21.8292,80.2375,235.1925],[21.8234,80.238,263.4696],[21.8307,80.2422,202.3555],[21.8255,80.2443,312.6149],[21.8286,80.2474,184.0476],[21.8068,80.2526,324.075],[21.8099,80.2557,286.2797],[21.8042,80.2562,275.6233],[21.7938,80.2604,175.8446],[21.7896,80.2604,195.6866],[21.7854,80.2625,194.4136],[21.7687,80.2625,202.8194],[21.7609,80.2651,166.8125],[21.7641,80.2672,123.1174],[21.7625,80.2688,0.0],[21.7417,80.2688,0.0],[21.7375,80.2667,7.1348],[21.7125,80.2667,0.8455],[21.7109,80.2651,4.148],[21.7417,80.2646,26.4909],[21.7432,80.263,58.6243],[21.7104,80.2604,25.3965],[21.7062,80.2583,25.5655],[21.6875,80.2604,17.0675],[21.6833,80.2583,21.6421],[21.675,80.2583,8.1802],[21.6651,80.2609,5.6034],[21.6682,80.263,3.6161],[21.6667,80.2646,0.0],[21.6583,80.2646,0.0],[21.6526,80.262,0.7662],[21.6688,80.2562,0.0477],[21.6745,80.2557,3.645],[21.6729,80.2542,1.9298],[21.6589,80.2536,0.0],[21.6604,80.2521,0.0],[21.6724,80.2495,4.3531],[21.6651,80.2443,0.0],[21.6786,80.2412,16.3595],[21.6714,80.2359,-0.1211],[21.6911,80.2349,18.4964],[21.6859,80.2318,0.0],[21.6932,80.2307,5.4081],[21.6901,80.2276,0.0],[21.6974,80.2266,0.0],[21.6854,80.2208,-0.1938],[21.6729,80.2208,0.0],[21.6688,80.2188,0.1036],[21.6604,80.2188,-0.0338],[21.6563,80.2208,0.0],[21.6417,80.2208,0.0],[21.6292,80.225,0.0],[21.6109,80.2255,-0.1952],[21.6161,80.2276,0.0],[21.6146,80.2292,0.0],[21.5854,80.2292,10.6707],[21.5755,80.2318,111.1787],[21.5807,80.2338,0.0],[21.5792,80.2354,0.0],[21.5583,80.2333,83.6466],[21.5568,80.2349,52.4534],[21.5641,80.2391,26.6968],[21.5479,80.2396,28.6529],[21.538,80.2422,135.2265],[21.5453,80.2474,0.0],[21.5292,80.2479,142.2017],[21.5,80.2562,107.517],[21.4646,80.2583,61.6152],[21.4604,80.2604,4.2162],[21.4396,80.2604,0.0],[21.4255,80.2536,3.0064],[21.4391,80.2484,159.7589],[21.4333,80.2458,149.1491],[21.4208,80.2458,7.9353],[21.4099,80.2401,98.1263],[21.4047,80.2391,18.5136],[21.4203,80.2338,171.0762],[21.4146,80.2312,122.4852],[21.4021,80.2312,71.8527],[21.3937,80.2271,40.2633],[21.3776,80.2266,0.0],[21.3792,80.225,0.0],[21.3849,80.2245,7.3747],[21.3818,80.2214,0.0],[21.3891,80.2203,0.0],[21.3859,80.2172,0.0],[21.4021,80.2167,20.5034],[21.4036,80.2151,26.2429],[21.388,80.2141,0.0],[21.3953,80.2109,21.7376],[21.3854,80.2063,29.6106],[21.3604,80.2063,0.0],[21.35,80.2021,4.6606],[21.3063,80.2021,0.0],[21.2964,80.2047,6.7586],[21.2979,80.2063,7.05],[21.312,80.2068,0.0],[21.3068,80.2099,5.6646],[21.3224,80.2172,2.8399],[21.3208,80.2188,1.1839],[21.3047,80.2193,18.5953],[21.3104,80.2229,6.725],[21.3354,80.2229,0.0],[21.3396,80.225,0.0],[21.3661,80.2255,0.0],[21.3646,80.2271,0.0],[21.3479,80.2271,0.0],[21.3438,80.2292,0.0],[21.3354,80.2292,0.0],[21.3312,80.2271,0.0],[21.3104,80.2271,17.6042],[21.3089,80.2286,18.4581],[21.3182,80.2328,30.7626],[21.3083,80.2333,18.9223],[21.3042,80.2312,13.5326],[21.2917,80.2312,0.0],[21.2839,80.2286,0.0],[21.2854,80.2271,0.0],[21.3036,80.2266,11.3589],[21.2979,80.2229,2.992],[21.2771,80.225,0.0],[21.2687,80.2208,109.6463],[21.2438,80.2208,60.8448],[21.2354,80.2167,60.5192],[21.2229,80.2167,68.6608],[21.2104,80.2104,22.0127],[21.1854,80.2104,0.0],[21.1797,80.2078,0.0],[21.1813,80.2063,0.0],[21.1974,80.2057,0.2245],[21.1958,80.2042,-0.0898],[21.1708,80.2042,0.0],[21.1667,80.2021,0.0],[21.1354,80.2021,0.0],[21.1313,80.2042,0.0],[21.1229,80.2042,0.0],[21.1188,80.2021,7.6814],[21.0979,80.2021,0.0],[21.0938,80.2042,0.0],[21.0667,80.2042,0.0],[21.0625,80.2063,0.0],[21.0333,80.2063,0.0],[21.0292,80.2083,0.0],[21.0083,80.2063,0.0],[21.0068,80.2078,0.0],[21.0203,80.213,0.1056],[21.0286,80.2182,0.0],[21.0187,80.2188,0.8101],[21.0146,80.2167,8.2065],[21.0063,80.2167,1.6431],[21.0021,80.2188,0.0],[20.9938,80.2188,0.0],[20.9839,80.213,0.0],[21.0021,80.2125,0.0],[21.0036,80.2109,0.6848],[20.9896,80.2104,0.0],[20.9792,80.2063,-0.0169],[20.9667,80.2063,0.0],[20.9625,80.2042,0.0],[20.9562,80.2042,0.0],[20.9521,80.2063,0.0],[20.9312,80.2042,0.0],[20.9271,80.2063,0.0],[20.9063,80.2063,0.0],[20.9047,80.2047,0.0],[20.9104,80.2042,0.0],[20.912,80.2026,0.0],[20.8964,80.2016,0.0],[20.8979,80.2,0.0],[20.9036,80.1995,0.0],[20.9021,80.1979,0.0],[20.8438,80.1979,54.2162],[20.8396,80.2,0.0],[20.8234,80.2005,4.0176],[20.8266,80.2037,0.0],[20.8193,80.2047,0.0],[20.8224,80.2078,0.0],[20.8089,80.2109,0.0],[20.812,80.2141,0.0],[20.7964,80.2172,0.0],[20.8021,80.2208,38.8885],[20.8146,80.2208,4.6501],[20.8161,80.2224,0.0],[20.7943,80.2276,0.0],[20.7974,80.2307,0.0],[20.7818,80.2338,0.0],[20.8021,80.2438,3.032],[20.8161,80.2443,0.0],[20.8146,80.2458,0.0],[20.8005,80.2484,6.732],[20.8036,80.2505,5.2968],[20.7984,80.2526,5.0439],[20.8016,80.2557,0.0],[20.7859,80.2589,2.9541],[20.7891,80.262,0.0],[20.7818,80.263,8.7008],[20.7859,80.2662,3.7347],[20.7911,80.2672,0.0],[20.8036,80.2734,0.0],[20.8021,80.275,18.38],[20.7964,80.2755,37.8517],[20.8005,80.2786,48.1782],[20.8161,80.2797,0.0],[20.8146,80.2813,0.0],[20.7984,80.2818,91.0978],[20.8057,80.287,77.8196],[20.8,80.2875,145.6602],[20.7984,80.2891,168.8757],[20.8307,80.2922,0.0],[20.8292,80.2937,0.0],[20.8,80.2937,73.988],[20.7896,80.2979,179.875],[20.7839,80.2984,193.2188],[20.7854,80.3,210.4847],[20.7995,80.3005,0.0],[20.7979,80.3021,0.0],[20.7813,80.3021,210.4008],[20.7771,80.3042,112.4406],[20.7563,80.3042,40.7984],[20.7521,80.3021,114.1257],[20.7437,80.3021,25.9233],[20.7396,80.3042,0.0],[20.7313,80.3042,0.0],[20.7297,80.3026,0.0],[20.7354,80.3021,0.0],[20.737,80.3005,19.7535],[20.7229,80.3,0.0],[20.7062,80.2917,5.9993],[20.6813,80.2917,0.0],[20.6646,80.2833,0.0],[20.65,80.2833,0.0],[20.6458,80.2813,0.0],[20.6333,80.2813,0.0],[20.6292,80.2792,0.0],[20.6167,80.2792,0.0],[20.6125,80.2771,0.0],[20.5938,80.2771,0.0],[20.5896,80.2792,0.0],[20.5604,80.2792,0.0],[20.5589,80.2807,0.0],[20.5661,80.2849,0.0],[20.5505,80.288,0.0],[20.5599,80.2932,4.6439],[20.55,80.2958,0.0],[20.5318,80.2963,0.0],[20.5391,80.3005,0.0],[20.5375,80.3021,0.0],[20.5208,80.3021,0.0],[20.4938,80.3104,0.0],[20.4854,80.3104,1.7145],[20.4813,80.3083,2.3509],[20.4589,80.3089,98.7102],[20.4729,80.3167,205.2287],[20.4854,80.3167,116.1911],[20.4958,80.3208,164.4591],[20.5099,80.3214,49.4305],[20.5141,80.3245,18.1599],[20.5083,80.325,68.7713],[20.5068,80.3266,122.7372],[20.5208,80.3271,1.8813],[20.5224,80.3287,2.9165],[20.5,80.3333,272.0673],[20.4984,80.3349,257.0075],[20.5125,80.3354,134.8815],[20.5245,80.3401,4.3438],[20.5286,80.3432,0.8885],[20.4938,80.3521,0.0],[20.4771,80.3521,0.0],[20.4729,80.3542,0.0],[20.4583,80.3542,0.0546],[20.4542,80.3562,0.0],[20.4375,80.3562,4.5177],[20.4359,80.3578,2.6633],[20.4391,80.3599,0.0],[20.4375,80.3604,0.0],[20.4333,80.3604,0.0],[20.4292,80.3625,0.0],[20.4109,80.363,1.1998],[20.4167,80.3667,0.0],[20.4292,80.3667,0.0],[20.4307,80.3682,0.0],[20.4109,80.3693,0.0],[20.4245,80.3766,0.0],[20.4005,80.3818,3.7631],[20.4021,80.3833,1.1175],[20.4146,80.3833,0.0],[20.4161,80.3849,0.0],[20.3943,80.3901,1.5862],[20.3974,80.3932,0.0],[20.3901,80.3943,2.7012],[20.3932,80.3974,0.0],[20.3833,80.4,0.0],[20.3667,80.4,3.8089],[20.3625,80.4021,0.0],[20.3542,80.4021,0.0],[20.35,80.4,3.9784],[20.3417,80.4,6.7004],[20.3401,80.4016,2.6061],[20.3432,80.4026,0.0],[20.3417,80.4042,0.0],[20.325,80.4042,3.1067],[20.3068,80.4089,2.5777],[20.312,80.4109,0.0],[20.3104,80.4125,0.0],[20.2771,80.4125,0.0],[20.2667,80.4083,5.0152],[20.2583,80.4083,5.4754],[20.2542,80.4104,0.0],[20.1958,80.4104,0.0],[20.1917,80.4083,2.779],[20.1417,80.4083,0.0],[20.1359,80.4047,0.0],[20.1417,80.4042,0.0],[20.1432,80.4026,0.0],[20.1333,80.3979,1.2101],[20.1193,80.3974,0.0],[20.1208,80.3958,0.0],[20.1266,80.3953,0.0],[20.1208,80.3917,2.9493],[20.1083,80.3917,0.0],[20.1042,80.3896,0.0],[20.0833,80.3896,50.307],[20.0708,80.3938,0.0],[20.0542,80.3938,23.5561],[20.0526,80.3953,34.6758],[20.0557,80.3974,33.0572],[20.0318,80.4026,255.332],[20.0333,80.4042,86.2201],[20.0583,80.4042,0.0],[20.0682,80.4089,0.0],[20.0667,80.4104,0.0],[20.0625,80.4104,0.0],[20.0583,80.4125,0.0],[20.0438,80.4125,26.0953],[20.0396,80.4146,0.0],[20.0313,80.4146,7.9614],[20.0297,80.413,84.3139],[20.0349,80.4109,135.8577],[20.0125,80.4104,128.9887],[20.0047,80.4141,275.0616],[20.0187,80.4146,165.242],[20.0245,80.4182,74.5697],[20.0063,80.4187,341.504],[19.9938,80.4229,43.1441],[19.9755,80.4234,31.8928],[19.9771,80.425,25.8092],[20.0104,80.425,10.096],[20.012,80.4234,15.1889],[20.0089,80.4224,31.0528],[20.0104,80.4208,127.4047],[20.0328,80.4213,0.0],[20.0313,80.4229,0.0],[20.0089,80.4276,0.0],[20.012,80.4307,0.0],[20.0047,80.4318,0.0],[20.0078,80.4349,0.0],[19.9922,80.438,1.5622],[19.9953,80.4411,3.2629],[19.9734,80.4464,113.8576],[19.9792,80.45,217.6918],[20.0307,80.4505,0.0],[20.0292,80.4521,0.0],[20.0109,80.4526,45.2575],[20.0182,80.4568,0.0],[20.0167,80.4583,0.0],[20.0109,80.4589,8.5140999999999991],[20.0182,80.463,0.0],[20.0167,80.4646,0.0],[20.0,80.4646,12.2625],[19.9984,80.4661,4.8851],[20.0016,80.4672,0.0],[20.0,80.4688,0.0],[19.9667,80.4688,0.0],[19.9583,80.4646,51.8482],[19.9458,80.4646,17.7552],[19.9333,80.4583,322.2357],[19.8583,80.4583,0.0],[19.8568,80.4568,0.0],[19.8625,80.4563,46.5265],[19.8641,80.4547,54.4665],[19.8563,80.4521,47.9405],[19.8229,80.4521,18.9256],[19.813,80.4557,3.6738],[19.8271,80.4563,0.0],[19.8349,80.4599,0.0],[19.825,80.4604,0.0],[19.8208,80.4583,0.0],[19.8104,80.4583,25.5534],[19.8063,80.4604,43.4707],[19.8021,80.4604,62.6033],[19.8005,80.462,31.0577],[19.8057,80.463,11.115],[19.8099,80.4661,0.0],[19.7917,80.4708,0.0],[19.7833,80.4708,67.0836],[19.7818,80.4693,123.9531],[19.7891,80.4682,90.0684],[19.7859,80.4651,131.3903],[19.7932,80.4641,57.0971],[19.7917,80.4625,53.4816],[19.7687,80.4625,400.4869],[19.7589,80.4651,227.1151],[19.7604,80.4667,150.8767],[19.7766,80.4672,134.331],[19.775,80.4688,135.5571],[19.7313,80.4688,215.5739],[19.7297,80.4703,231.4254],[19.7474,80.4714,251.5011],[19.7599,80.4786,47.6054],[19.7417,80.4833,41.5182],[19.725,80.4833,215.101],[19.7208,80.4854,289.4493],[19.7167,80.4854,317.397],[19.7151,80.487,301.4254],[19.7182,80.488,226.0955],[19.7167,80.4896,203.7621],[19.7,80.4896,315.2552],[19.6958,80.4917,304.5206],[19.6917,80.4917,304.321],[19.6901,80.4932,254.8457],[19.6932,80.4953,160.2083],[19.6833,80.4979,104.904],[19.6458,80.5,166.8295],[19.6333,80.5042,5.8066],[19.6089,80.5036,0.0],[19.6161,80.5005,9.1658],[19.5964,80.4912,0.0],[19.6036,80.488,2.9484],[19.5922,80.4828,0.0],[19.5995,80.4797,8.8524],[19.5922,80.4755,0.0],[19.6078,80.4724,12.2066],[19.6047,80.4693,0.0],[19.612,80.4682,21.7439],[19.6104,80.4667,4.2091],[19.5964,80.4661,0.0],[19.5979,80.4646,0.0],[19.6036,80.4641,0.0],[19.6005,80.4609,0.0],[19.6328,80.4537,0.0],[19.6297,80.4516,0.0],[19.6313,80.45,0.0],[19.6479,80.45,0.0],[19.6495,80.4484,0.0],[19.6464,80.4474,0.0],[19.6479,80.4458,0.0],[19.6646,80.4458,22.3773],[19.6661,80.4443,58.0433],[19.663,80.4432,0.0],[19.6646,80.4417,0.0],[19.6828,80.4411,133.8064],[19.6755,80.4359,0.0],[19.6854,80.4333,0.0],[19.7036,80.4328,59.1596],[19.7005,80.4297,0.0],[19.7161,80.4266,46.1842],[19.713,80.4234,0.0],[19.7203,80.4224,10.2937],[19.7172,80.4193,0.0],[19.7307,80.4161,5.7756],[19.7276,80.413,26.6625],[19.7349,80.412,29.3212],[19.7318,80.4089,99.8888],[19.75,80.4083,50.2263],[19.7516,80.4068,60.3647],[19.7458,80.4042,94.2007],[19.725,80.4042,251.28809999999999],[19.7234,80.4057,253.3161],[19.7266,80.4078,161.0919],[19.7083,80.4125,209.7878],[19.6708,80.4146,370.4182],[19.6667,80.4167,228.855],[19.65,80.4167,406.9745],[19.6401,80.4203,359.1725],[19.6646,80.4208,187.0535],[19.6688,80.4187,171.397],[19.6771,80.4187,138.2747],[19.6786,80.4203,115.8946],[19.6604,80.425,309.1667],[19.6437,80.425,410.7203],[19.6339,80.4276,243.9211],[19.6354,80.4292,170.8733],[19.6495,80.4297,96.739],[19.6479,80.4313,106.1756],[19.6422,80.4318,126.0795],[19.6453,80.4339,32.2786],[19.6437,80.4354,35.5693],[19.6021,80.4354,379.0796],[19.5672,80.4443,206.4646],[19.5688,80.4458,84.5679],[19.5828,80.4464,0.0],[19.5812,80.4479,0.0],[19.5396,80.4479,156.1082],[19.5187,80.4542,228.817],[19.5021,80.4542,270.9354],[19.5005,80.4557,283.1938],[19.5036,80.4578,201.2064],[19.5021,80.4583,173.8176],[19.4839,80.4589,169.7668],[19.4854,80.4604,101.2338],[19.512,80.4609,29.0365],[19.5021,80.4646,0.0],[19.4813,80.4646,0.0],[19.4771,80.4625,4.513],[19.4646,80.4625,0.0],[19.4604,80.4604,0.0],[19.4464,80.4599,0.0],[19.4536,80.4568,3.4077],[19.4318,80.4474,0.0],[19.4391,80.4443,1.3738],[19.4234,80.4432,0.0],[19.425,80.4417,0.0],[19.4307,80.4411,0.0],[19.4276,80.438,0.0],[19.4349,80.437,0.0],[19.4318,80.4339,0.0],[19.4375,80.4333,0.0],[19.4391,80.4318,0.0],[19.4234,80.4245,0.0],[19.4307,80.4213,10.3124],[19.4234,80.4172,0.0],[19.4307,80.4161,0.0],[19.4276,80.413,0.0],[19.4432,80.4099,0.0],[19.4401,80.4068,0.0],[19.4557,80.4036,56.6665],[19.4443,80.3964,0.0],[19.4599,80.3932,0.0],[19.4568,80.3901,0.0],[19.4641,80.3891,0.0],[19.4609,80.3859,0.0],[19.4708,80.3833,0.0],[19.4917,80.3854,6.4728],[19.4958,80.3833,0.0],[19.525,80.3833,22.5647],[19.5292,80.3812,0.0],[19.5375,80.3812,0.0],[19.5417,80.3833,11.8987],[19.5917,80.3833,0.0],[19.5958,80.3854,0.0],[19.6083,80.3854,0.0],[19.6125,80.3875,0.0],[19.6333,80.3854,0.0],[19.6349,80.387,0.0],[19.6292,80.3875,1.32],[19.6276,80.3891,0.5672],[19.6333,80.3917,0.7454],[19.6432,80.3912,2.927],[19.6401,80.3891,0.888],[19.6417,80.3875,0.0],[19.65,80.3875,0.8558],[19.6542,80.3896,12.3511],[19.6667,80.3896,4.9543],[19.6708,80.3917,27.314],[19.6792,80.3917,11.9199],[19.6807,80.3901,0.0],[19.6776,80.3891,0.0],[19.6792,80.3875,0.0],[19.6875,80.3875,0.0],[19.6917,80.3896,0.0],[19.725,80.3896,0.0],[19.7266,80.388,0.0],[19.7193,80.3839,0.0],[19.7375,80.3792,0.0],[19.7542,80.3792,9.4002],[19.7667,80.375,0.0],[19.7891,80.3755,0.0],[19.7875,80.3771,0.0],[19.7818,80.3776,0.0],[19.7833,80.3792,5.2993],[19.7917,80.3792,3.2704],[19.7958,80.3771,0.0],[19.8167,80.3771,0.0],[19.825,80.3812,45.4543],[19.8333,80.3812,35.8136],[19.8375,80.3792,0.0],[19.8667,80.3792,0.0],[19.8708,80.3771,0.0],[19.8917,80.3792,3.5842],[19.9042,80.375,0.0],[19.9125,80.375,0.0],[19.9167,80.3771,2.5472],[19.9245,80.3766,5.3731],[19.9188,80.3729,0.0],[19.9047,80.3724,0.0],[19.9063,80.3708,0.0],[19.912,80.3703,6.9196],[19.9104,80.3688,12.9128],[19.9021,80.3688,0.0],[19.8979,80.3708,0.0],[19.8521,80.3708,0.0],[19.8479,80.3688,0.0],[19.8354,80.3688,0.0],[19.8312,80.3667,0.0],[19.8063,80.3667,0.0],[19.8047,80.3651,0.0],[19.8146,80.3625,0.0],[19.8312,80.3625,14.9088],[19.8438,80.3583,0.0],[19.8479,80.3583,0.0],[19.8495,80.3568,0.0],[19.8438,80.3542,0.0],[19.8229,80.3542,28.5178],[19.8188,80.3562,0.0],[19.8104,80.3562,7.1366],[19.8063,80.3542,31.9538],[19.7438,80.3542,0.0],[19.738,80.3516,0.0],[19.7396,80.35,0.0],[19.7453,80.3495,0.0],[19.7411,80.3464,0.0],[19.7271,80.3458,0.0],[19.7172,80.3411,0.0],[19.7245,80.338,1.1492],[19.7089,80.337,0.0],[19.7104,80.3354,0.0],[19.7313,80.3354,0.0],[19.7438,80.3417,6.4725],[19.7646,80.3417,4.0151],[19.7771,80.3375,0.0],[19.7854,80.3375,0.0],[19.7896,80.3396,0.0],[19.8104,80.3396,7.7693],[19.8146,80.3375,0.0],[19.8229,80.3375,0.0],[19.8271,80.3396,7.5405],[19.8354,80.3396,6.5885],[19.8536,80.3349,0.0],[19.8521,80.3333,1.4637],[19.8188,80.3333,11.5505],[19.8146,80.3354,0.0],[19.8063,80.3354,0.0],[19.8021,80.3333,0.0],[19.7938,80.3333,0.0],[19.7896,80.3354,0.0],[19.7813,80.3354,0.0],[19.7729,80.3313,0.0],[19.7438,80.3292,0.0],[19.7396,80.3271,0.0],[19.7146,80.3271,0.0],[19.7005,80.3203,7.7318],[19.7021,80.3187,11.7126],[19.7078,80.3182,31.1841],[19.7047,80.3161,0.0],[19.7062,80.3146,0.0],[19.7438,80.3125,7.475],[19.7479,80.3104,0.0],[19.7833,80.3083,0.0],[19.7932,80.3057,0.0],[19.7917,80.3042,3.3629],[19.7792,80.3042,0.0],[19.775,80.3021,1.9138],[19.7609,80.3016,0.0],[19.7625,80.3,1.2722],[19.7807,80.2995,0.0],[19.7792,80.2979,0.0],[19.7417,80.2979,0.0],[19.7401,80.2963,0.0],[19.7458,80.2958,0.0],[19.7474,80.2943,14.9337],[19.7333,80.2937,0.0],[19.7318,80.2922,0.0],[19.7474,80.2891,4.9081],[19.7443,80.287,0.0],[19.7458,80.2854,0.0],[19.7833,80.2833,9.0739],[19.7875,80.2813,2.4079],[19.8,80.2792,0.0],[19.8016,80.2776,0.0],[19.7984,80.2755,0.0],[19.8036,80.2734,0.0],[19.7938,80.2688,7.5436],[19.7833,80.2688,0.0],[19.7792,80.2667,1.3558],[19.7417,80.2667,1.1056],[19.7401,80.2651,5.7938],[19.7458,80.2646,11.083],[19.7474,80.263,16.4915],[19.7417,80.2604,23.8554],[19.7167,80.2604,0.0],[19.7042,80.2542,12.0975],[19.6917,80.2542,0.0],[19.6875,80.2521,0.0],[19.675,80.2521,0.0],[19.6734,80.2505,0.0],[19.6891,80.2474,9.3822],[19.6859,80.2443,0.0],[19.6917,80.2438,27.3278],[19.6932,80.2422,6.8946],[19.6859,80.238,0.0],[19.7078,80.2328,0.0],[19.7047,80.2307,0.0],[19.7062,80.2292,0.0],[19.7229,80.2292,64.6258],[19.7271,80.2271,0.0],[19.7438,80.2271,21.7535],[19.7479,80.225,0.0],[19.7771,80.225,0.0],[19.7786,80.2234,0.0],[19.7755,80.2214,0.0],[19.7828,80.2203,0.0],[19.7797,80.2172,0.0],[19.7849,80.2151,0.0],[19.7604,80.2125,5.5826],[19.7589,80.2141,9.0416],[19.762,80.2161,0.0],[19.7604,80.2167,0.0],[19.7271,80.2167,0.0],[19.7229,80.2146,0.0],[19.7104,80.2146,0.0],[19.7062,80.2125,17.0779],[19.6625,80.2125,66.3569],[19.65,80.2167,0.0],[19.6417,80.2167,0.0],[19.6375,80.2146,0.0],[19.6042,80.2146,5.3951],[19.6,80.2167,0.0],[19.5646,80.2188,16.5148],[19.5547,80.2214,16.4896],[19.5578,80.2234,0.0],[19.5563,80.225,0.0],[19.5396,80.225,8.2573],[19.538,80.2266,4.3851],[19.5411,80.2276,0.0],[19.5396,80.2292,0.0],[19.4693,80.2464,5.4757999999999996],[19.4724,80.2484,0.0],[19.4708,80.25,0.0],[19.4667,80.25,0.0],[19.4458,80.2562,0.0],[19.4276,80.2568,1.8143],[19.4307,80.2599,0.0],[19.4151,80.263,0.0],[19.4182,80.2651,0.0],[19.4167,80.2667,0.0],[19.3943,80.2714,0.0],[19.3974,80.2745,0.0],[19.3818,80.2776,1.6009],[19.3849,80.2807,1.0059],[19.3776,80.2818,4.2902],[19.3891,80.2891,0.0],[19.3708,80.2896,20.9562],[19.3693,80.2911,22.7094],[19.3766,80.2953,0.0],[19.3583,80.2958,28.6819],[19.3484,80.2984,35.4211],[19.35,80.3,22.1693],[19.3641,80.3005,0.0],[19.3625,80.3021,0.0],[19.3458,80.3021,10.2798],[19.3417,80.3042,2.3333],[19.3146,80.3042,186.3732],[19.2771,80.3146,210.9172],[19.2604,80.3146,237.4332],[19.2589,80.3161,232.1834],[19.262,80.3182,174.0579],[19.2521,80.3208,195.2505],[19.2354,80.3208,246.4239],[19.2339,80.3224,247.4839],[19.237,80.3245,193.7149],[19.2214,80.3276,182.2018],[19.2229,80.3292,150.454],[19.2438,80.3292,9.7207],[19.2563,80.325,6.5309],[19.2661,80.3255,0.0],[19.2646,80.3271,0.0],[19.2604,80.3271,0.0],[19.2396,80.3333,0.0],[19.2229,80.3333,70.8695],[19.2188,80.3354,94.7157],[19.1521,80.3354,143.4431],[19.1229,80.3438,0.0],[19.0687,80.3438,91.3457],[19.0646,80.3458,48.61],[19.0438,80.3458,38.7157],[19.0422,80.3443,199.2866],[19.0479,80.3438,142.4594],[19.0495,80.3422,173.9475],[19.0396,80.3417,200.0334],[19.0354,80.3438,218.8542],[19.0187,80.3438,190.5122],[19.0146,80.3458,26.2188],[19.0063,80.3458,5.8036],[19.0021,80.3438,0.0],[18.9901,80.3432,0.0],[18.9917,80.3417,0.0],[19.0057,80.3391,24.9377],[18.9943,80.3328,0.0],[18.9958,80.3313,0.0],[19.0016,80.3307,0.0],[18.9984,80.3276,0.0],[19.0224,80.3224,48.4114],[19.0167,80.3187,0.0],[19.0042,80.3187,0.0],[19.0026,80.3172,0.0],[19.0224,80.3161,7.1617],[19.0193,80.313,0.0],[19.0349,80.3099,0.0],[19.0318,80.3068,0.0],[19.0474,80.3037,9.4228],[19.0443,80.3005,0.0],[19.0516,80.2995,0.0],[19.0484,80.2963,0.0],[19.0641,80.2932,8.154],[19.0609,80.2901,0.0],[19.0682,80.2891,6.6498],[19.0526,80.2797,0.0],[19.0599,80.2786,2.9662],[19.0568,80.2755,2.152],[19.0708,80.2729,13.3366],[19.0724,80.2714,12.9199],[19.0464,80.2703,1.2955],[19.0516,80.2682,2.5478],[19.0505,80.2651,0.0],[19.0661,80.262,4.1735],[19.063,80.2589,0.0],[19.0771,80.2562,2.0532],[19.0875,80.2521,2.27],[19.1057,80.2516,28.1076],[19.0984,80.2474,0.0],[19.1,80.2458,0.0],[19.1057,80.2453,4.4211],[19.1005,80.2401,0.0],[19.1182,80.2391,3.1171],[19.1089,80.2318,0.0],[19.1266,80.2307,6.6123],[19.125,80.2292,6.3344],[19.1146,80.2292,0.0],[19.113,80.2276,0.0],[19.1229,80.225,0.0],[19.1375,80.225,3.4861],[19.1474,80.2224,8.5697],[19.1443,80.2193,0.0],[19.1516,80.2182,2.9492],[19.1484,80.2151,0.0],[19.1557,80.2141,0.0],[19.1505,80.2089,0.0],[19.1667,80.2083,6.4573],[19.1682,80.2068,0.0],[19.1651,80.2057,0.0],[19.1667,80.2042,0.0],[19.175,80.2042,0.0],[19.1792,80.2063,4.5836],[19.1891,80.2057,5.5231],[19.1792,80.2,0.3086],[19.1667,80.2,0.0],[19.1651,80.1984,0.0],[19.1724,80.1974,0.0],[19.1693,80.1943,0.0],[19.1932,80.1891,0.0],[19.1901,80.1859,0.0],[19.2083,80.1813,0.0],[19.2167,80.1813,0.0],[19.2208,80.1833,5.4881],[19.2417,80.1833,0.2234],[19.2458,80.1813,0.0],[19.2813,80.1792,3.075],[19.2828,80.1776,4.3276],[19.2708,80.1771,0.0],[19.2693,80.1755,0.0],[19.2745,80.1745,0.0],[19.2734,80.1713,4.7959],[19.2813,80.1687,0.0],[19.2979,80.1687,2.7522],[19.3021,80.1667,0.0],[19.3229,80.1667,0.0],[19.3271,80.1687,19.0611],[19.3833,80.1687,11.3257],[19.3958,80.1646,0.0],[19.4125,80.1646,3.1329],[19.4141,80.163,0.0],[19.4109,80.162,0.0],[19.4125,80.1604,0.0],[19.4208,80.1604,0.0],[19.425,80.1625,0.9234],[19.4438,80.1625,0.0],[19.4479,80.1604,0.0],[19.5021,80.1604,0.0],[19.5146,80.1563,0.0],[19.5292,80.1563,64.9744],[19.5417,80.1521,0.0],[19.5458,80.1521,0.0],[19.5474,80.1505,0.0],[19.5443,80.1484,0.0],[19.5458,80.1479,0.0],[19.5641,80.1474,0.0],[19.5625,80.1458,0.0],[19.5484,80.1453,0.0],[19.55,80.1438,0.0],[19.5911,80.1432,0.0],[19.5875,80.1396,0.0],[19.575,80.1396,0.0],[19.5708,80.1375,0.0],[19.5375,80.1375,7.4819],[19.5333,80.1396,0.0],[19.4938,80.1396,3.2019],[19.4813,80.1438,0.0],[19.4646,80.1438,0.0],[19.4604,80.1458,0.0],[19.4417,80.1438,6.6014],[19.4375,80.1458,0.0],[19.3958,80.1458,0.0],[19.375,80.1521,1.6257],[19.3563,80.1521,0.0],[19.3521,80.15,13.9644],[19.338,80.1495,12.64],[19.3479,80.1458,0.0],[19.3875,80.1458,0.0],[19.3891,80.1443,0.0],[19.375,80.1438,0.0],[19.3693,80.1401,0.0],[19.3875,80.1354,0.0],[19.3958,80.1354,0.0],[19.4,80.1375,0.0],[19.4083,80.1375,0.0],[19.4125,80.1354,0.0],[19.4208,80.1354,0.0],[19.425,80.1375,0.0],[19.4349,80.137,0.0],[19.4292,80.1333,6.6008],[19.4167,80.1333,0.0],[19.4042,80.1271,9.7271],[19.375,80.125,0.0],[19.3693,80.1224,0.0],[19.3708,80.1208,0.0],[19.3766,80.1203,0.0],[19.3734,80.1172,0.0],[19.3792,80.1167,0.6248],[19.3807,80.1151,7.1252],[19.375,80.1125,0.0],[19.3646,80.1125,0.0],[19.363,80.1109,0.0],[19.3792,80.1104,0.0],[19.3807,80.1088,0.0],[19.375,80.1062,6.007],[19.3646,80.1062,0.0],[19.363,80.1047,0.0],[19.3792,80.1042,6.663],[19.3807,80.1026,0.0],[19.3776,80.1005,0.0],[19.3875,80.0979,0.0],[19.4057,80.0974,0.0],[19.3958,80.0917,0.3363],[19.3833,80.0917,11.9121],[19.3792,80.0896,7.6889],[19.3687,80.0896,0.0],[19.3646,80.0875,27.1951],[19.3521,80.0875,3.1426],[19.3479,80.0854,16.1048],[19.3271,80.0875,0.0],[19.3229,80.0854,0.0],[19.2917,80.0854,0.0],[19.2625,80.0938,0.0],[19.2526,80.0932,0.0],[19.2599,80.0901,0.0],[19.25,80.0854,0.0],[19.2417,80.0854,0.0],[19.2375,80.0875,0.0],[19.2229,80.0875,0.629],[19.2188,80.0896,0.0],[19.2021,80.0896,46.1752],[19.1922,80.0932,110.2106],[19.2062,80.0938,0.0],[19.2078,80.0953,0.0],[19.1979,80.0979,0.0],[19.1812,80.0979,15.3073],[19.1714,80.1005,10.9255],[19.1729,80.1021,7.2681],[19.187,80.1026,0.0],[19.1771,80.1062,0.0],[19.1625,80.1062,0.0],[19.1583,80.1083,0.0],[19.15,80.1083,0.0],[19.1458,80.1062,13.9525],[19.1375,80.1062,18.6846],[19.125,80.1104,17.9716],[19.1208,80.1104,21.8901],[19.1193,80.112,18.8154],[19.1224,80.1141,4.5818],[19.1068,80.1172,11.565],[19.1141,80.1224,0.0],[19.1042,80.125,0.0],[19.0833,80.1229,13.5292],[19.0729,80.1271,0.0],[19.0563,80.1271,0.0],[19.0521,80.1292,0.0],[19.0354,80.1292,2.7853],[19.0313,80.1312,0.9667],[19.0271,80.1312,2.6841],[19.0255,80.1328,4.0661],[19.0286,80.1349,0.7257],[19.0063,80.1396,12.7685],[19.0047,80.1412,9.4419],[19.0078,80.1432,0.0],[18.9922,80.1464,8.4172],[18.9995,80.1505,0.0],[18.9979,80.1521,0.0],[18.9771,80.15,11.3815],[18.9562,80.1563,5.7583],[18.95,80.1563,11.655],[18.9484,80.1547,24.6251],[18.9557,80.1536,22.5864],[18.9526,80.1505,46.7244],[18.9583,80.15,32.9446],[18.9599,80.1484,40.8167],[18.95,80.1479,54.8141],[18.9458,80.15,67.8797],[18.9292,80.15,75.2969],[18.9276,80.1516,83.2727],[18.9432,80.1589,13.755],[18.9417,80.1604,6.4832],[18.9359,80.1609,25.1986],[18.9411,80.1661,0.0],[18.925,80.1708,0.0],[18.9083,80.1708,6.0046],[18.9068,80.1724,4.5441],[18.9099,80.1745,0.0],[18.8943,80.1776,3.7708],[18.8958,80.1792,7.3202],[18.9083,80.1792,-0.2741],[18.9125,80.1813,3.083],[18.937,80.1818,0.0],[18.9271,80.1854,2.1926],[18.9063,80.1854,0.3647],[18.9021,80.1833,1.2586],[18.8958,80.1833,0.465],[18.8833,80.1875,0.0],[18.8458,80.1896,0.0],[18.8333,80.1937,0.0],[18.8167,80.1937,4.4753],[18.8042,80.1979,0.0],[18.7875,80.1979,1.1731],[18.7833,80.2,0.0],[18.7438,80.2,2.1074],[18.7396,80.2021,0.0],[18.7229,80.2021,3.5135],[18.7188,80.2042,0.0],[18.7104,80.2042,3.4354],[18.7005,80.1984,0.0],[18.7078,80.1974,0.0],[18.7047,80.1943,0.0],[18.7229,80.1896,0.0],[18.7396,80.1896,6.6661],[18.7438,80.1875,0.0],[18.7521,80.1875,0.0],[18.7563,80.1896,5.8618],[18.7646,80.1896,9.3892],[18.7771,80.1854,0.0],[18.7813,80.1854,0.0],[18.7828,80.1839,4.9379],[18.7729,80.1792,0.0],[18.7375,80.1792,0.0],[18.7333,80.1771,1.5378],[18.7193,80.1766,0.0],[18.7266,80.1734,3.6021],[18.7109,80.1661,0.0],[18.7182,80.163,0.0],[18.7109,80.1589,1.1861],[18.7167,80.1583,4.1753],[18.7182,80.1568,5.4703],[18.6938,80.1542,3.1181],[18.6896,80.1563,0.0],[18.6604,80.1563,0.0],[18.6563,80.1583,0.0],[18.6354,80.1563,3.0213],[18.6172,80.1609,0.9842],[18.6188,80.1625,2.9053],[18.6328,80.163,0.1932],[18.6313,80.1646,1.1005],[18.6271,80.1646,1.475],[18.6229,80.1667,0.996],[18.6063,80.1667,3.0113],[18.6021,80.1687,0.0],[18.5875,80.1687,1.1947],[18.5693,80.1734,0.8708],[18.5703,80.1766,0.0],[18.5547,80.1797,6.3359],[18.5578,80.1818,0.0],[18.5563,80.1833,0.0],[18.5396,80.1833,1.8909],[18.5292,80.1875,0.0],[18.5193,80.187,0.0],[18.5266,80.1839,0.9528],[18.5125,80.1833,0.0],[18.5109,80.1818,0.0],[18.5167,80.1813,0.2755],[18.5182,80.1797,-0.4562],[18.5083,80.1792,0.1704],[18.4958,80.1833,0.0],[18.4542,80.1833,0.9596],[18.425,80.1917,0.0],[18.4188,80.1917,0.0],[18.4172,80.1901,0.0],[18.4229,80.1896,1.1218],[18.4245,80.188,1.699],[18.4172,80.1839,0.0],[18.4229,80.1833,1.3271],[18.4245,80.1818,0.9427],[18.3979,80.1792,1.6647],[18.3771,80.1854,0.0613],[18.3604,80.1854,0.3017],[18.3589,80.187,-0.0986],[18.3661,80.1911,0.0],[18.3563,80.1937,0.0],[18.3479,80.1937,0.9278],[18.338,80.1891,0.0],[18.3359,80.1859,0.0],[18.3542,80.1854,0.9541],[18.3557,80.1839,1.1571],[18.3526,80.1818,0.0],[18.3583,80.1813,1.4023],[18.3599,80.1797,2.8272],[18.3333,80.1792,0.0],[18.3292,80.1771,0.0],[18.3167,80.1771,0.0],[18.3125,80.175,1.3056],[18.2938,80.1771,0.0],[18.2813,80.1708,0.8343],[18.2604,80.1729,0.0],[18.2563,80.1708,0.3043],[18.2479,80.1708,0.1565],[18.2354,80.175,0.0],[18.2292,80.175,0.0],[18.2208,80.1708,2.4986],[18.1875,80.1708,-0.0897],[18.1859,80.1724,0.0],[18.1891,80.1745,0.0],[18.1875,80.175,0.0],[18.1708,80.175,0.0],[18.1583,80.1792,0.0],[18.1292,80.1792,1.3376],[18.1193,80.1818,-0.2715],[18.1224,80.1849,0.0],[18.1125,80.1854,0.0],[18.1042,80.1813,0.0],[18.0938,80.1813,0.0],[18.088,80.1787,0.0],[18.0896,80.1771,0.0],[18.0953,80.1766,0.4735],[18.0938,80.175,0.5698],[18.0729,80.175,0.2146],[18.0714,80.1766,0.0668],[18.0745,80.1787,0.0],[18.0646,80.1813,-0.0948],[18.0563,80.1813,0.0],[18.0547,80.1797,0.0],[18.0604,80.1792,0.4246],[18.062,80.1776,-0.0155],[18.0479,80.1771,0.0],[18.0464,80.1755,0.0],[18.0625,80.1729,0.0],[18.0641,80.1713,0.0],[18.0542,80.1708,0.1638],[18.05,80.1729,0.1762],[18.0417,80.1729,0.3702],[18.0375,80.1708,0.8744],[18.0292,80.1708,0.7714],[18.025,80.1729,0.0],[18.0167,80.1729,0.0],[18.0125,80.1708,0.0341],[18.0042,80.1708,0.717],[18.0,80.1729,0.0],[17.9833,80.1729,0.2716],[17.9792,80.175,0.0827],[17.975,80.175,0.029],[17.9734,80.1766,0.281],[17.9766,80.1787,0.0],[17.9609,80.1818,0.0],[17.9641,80.1849,0.0],[17.9458,80.1896,0.0],[17.925,80.1896,0.0],[17.9193,80.1859,0.0],[17.9349,80.1828,0.0],[17.9318,80.1807,0.0],[17.9333,80.1792,0.0],[17.9495,80.1766,2.5372],[17.9422,80.1713,0.0],[17.9479,80.1708,0.0],[17.9495,80.1693,-0.0975],[17.9438,80.1667,0.6498],[17.9333,80.1667,0.0],[17.9292,80.1646,0.0],[17.9042,80.1646,0.0],[17.9,80.1625,-0.0529],[17.8792,80.1646,0.0],[17.875,80.1625,0.0],[17.8271,80.1625,0.0],[17.8229,80.1604,0.0],[17.7958,80.1583,0.0],[17.7901,80.1547,0.0],[17.8057,80.1516,0.0],[17.8005,80.1464,0.0],[17.8062,80.1458,0.3523],[17.8078,80.1443,-0.4496],[17.7938,80.1438,0.0],[17.7896,80.1417,0.4602],[17.7687,80.1438,0.0],[17.7625,80.1396,0.0],[17.75,80.1396,0.0],[17.7443,80.137,0.0],[17.7458,80.1354,0.0],[17.7516,80.1349,1.2673],[17.75,80.1333,2.683],[17.7271,80.1333,0.0],[17.7229,80.1312,0.0],[17.7104,80.1312,0.0],[17.7047,80.1276,0.0],[17.7245,80.1266,0.2338],[17.7229,80.125,-0.4201],[17.7109,80.1245,0.0],[17.7125,80.1229,0.0],[17.7438,80.1229,0.7683],[17.7479,80.125,4.0551],[17.7604,80.125,1.9562],[17.7646,80.1271,6.4337],[17.775,80.1271,0.0],[17.7792,80.1292,3.9991],[17.8083,80.1312,0.0],[17.8125,80.1333,0.0],[17.8229,80.1333,0.0],[17.8271,80.1354,0.5939],[17.8479,80.1333,0.0],[17.8521,80.1354,0.0],[17.8958,80.1354,1.6876],[17.9057,80.1328,1.1582],[17.9026,80.1297,0.0],[17.9099,80.1286,1.7836],[17.9089,80.1255,0.0],[17.9328,80.1203,1.7389],[17.9255,80.1151,0.0],[17.9411,80.112,1.5802],[17.938,80.1088,0.0],[17.9557,80.1057,0.0],[17.9526,80.1026,0.0],[17.9625,80.1,0.0],[17.9813,80.1,0.0],[17.9828,80.1016,0.0],[17.9755,80.1026,0.0],[17.9786,80.1047,0.0],[17.9771,80.1062,0.0],[17.9589,80.1068,5.0498],[17.9604,80.1083,3.7488],[17.9729,80.1083,0.0],[17.9786,80.112,0.0],[17.9479,80.1188,0.4251],[17.9464,80.1193,0.4251],[17.9474,80.1224,0.0],[17.9417,80.1229,0.4547],[17.9401,80.1245,0.0],[17.9458,80.1271,0.4226],[17.9667,80.1271,0.0],[17.9708,80.125,0.0],[17.9792,80.125,0.0],[17.9833,80.1271,0.0],[18.0021,80.1271,1.655],[18.012,80.1245,0.0],[18.0109,80.1214,0.113],[18.0182,80.1203,0.2739],[18.0151,80.1172,0.0],[18.0224,80.1162,0.0],[18.0193,80.113,0.0],[18.0266,80.112,0.0],[18.0234,80.1088,0.0],[18.0391,80.1057,0.0],[18.0359,80.1026,0.0],[18.0583,80.0979,0.0],[18.0599,80.0974,5.8356],[18.0589,80.0943,0.0],[18.0745,80.0911,7.5868],[18.0714,80.088,0.0],[18.0786,80.087,0.0],[18.0755,80.0839,0.0],[18.0828,80.0828,0.0],[18.0755,80.0776,0.0],[18.0911,80.0745,0.0],[18.0901,80.0714,0.0],[18.0917,80.0708,0.0],[18.1057,80.0682,0.0],[18.1026,80.0651,0.0],[18.1099,80.0641,0.0],[18.1068,80.0609,0.0],[18.1224,80.0578,2.0319],[18.1193,80.0547,0.0],[18.1349,80.0516,2.3896],[18.1297,80.0463,0.5565],[18.1474,80.0453,2.812],[18.1422,80.0401,0.0],[18.1521,80.0375,0.0],[18.1958,80.0375,0.0],[18.2042,80.0417,0.0],[18.2161,80.0422,0.0],[18.2245,80.0474,0.0],[18.1818,80.0484,0.0],[18.1839,80.0516,0.9459],[18.1938,80.0521,-0.1617],[18.1979,80.05,0.0],[18.2375,80.05,1.064],[18.2474,80.0474,0.0],[18.2464,80.0443,0.0],[18.2479,80.0437,0.0],[18.2641,80.0432,17.1077],[18.2625,80.0417,2.8696],[18.2521,80.0417,0.0],[18.2505,80.0401,0.0],[18.2703,80.0391,5.8511],[18.2672,80.0359,0.0],[18.2729,80.0354,0.0],[18.2745,80.0339,1.8218],[18.2672,80.0297,0.0],[18.2854,80.0292,2.0381],[18.287,80.0276,10.609],[18.2839,80.0255,0.0],[18.2854,80.025,0.0],[18.2938,80.025,0.0],[18.3021,80.0292,32.5861],[18.3125,80.0292,8.9943],[18.3208,80.0333,22.5248],[18.3333,80.0333,0.0],[18.3396,80.0375,42.2104],[18.3833,80.0375,0.0],[18.3875,80.0354,0.0],[18.3958,80.0354,0.0],[18.4,80.0375,0.0],[18.425,80.0375,0.0],[18.4292,80.0396,47.4829],[18.4479,80.0396,61.5283],[18.4521,80.0375,0.0],[18.4854,80.0375,0.0],[18.4917,80.0417,58.9867],[18.5125,80.0396,0.0],[18.525,80.0458,98.1248],[18.5354,80.0458,94.2911],[18.5396,80.0479,91.9163],[18.5479,80.0479,93.926],[18.5495,80.0463,89.3695],[18.5438,80.0437,76.8049],[18.5333,80.0437,70.0407],[18.5318,80.0422,32.1513],[18.5604,80.0417,27.6229],[18.5729,80.0375,0.0],[18.5896,80.0375,2.205],[18.5911,80.0359,-0.515],[18.5839,80.0318,0.0],[18.6021,80.0271,0.0],[18.6104,80.0271,0.0],[18.6234,80.0349,3.9571],[18.6375,80.0354,-0.1919],[18.6391,80.037,4.8226],[18.6318,80.038,34.6489],[18.6349,80.0401,97.1185],[18.6333,80.0417,61.8478],[18.5938,80.0417,129.5724],[18.5922,80.0432,133.2617],[18.6042,80.0437,101.4374],[18.6057,80.0453,108.4891],[18.5958,80.0479,142.8365],[18.5792,80.0479,154.5421],[18.5776,80.0495,146.2028],[18.5807,80.0516,154.021],[18.575,80.0521,157.5442],[18.5734,80.0537,171.7427],[18.5833,80.0583,162.2859],[18.6083,80.0583,181.559],[18.6146,80.0625,160.7744],[18.6604,80.0604,156.7607],[18.6651,80.0641,172.5835],[18.6792,80.0646,166.3021],[18.6917,80.0708,249.4947],[18.7146,80.0729,258.1962],[18.7188,80.0708,261.4676],[18.7271,80.0708,278.5775],[18.7328,80.0734,297.6989],[18.7229,80.0771,282.1536],[18.7021,80.075,268.8232],[18.7005,80.0766,276.6994],[18.7036,80.0776,281.2321],[18.7021,80.0792,274.3675],[18.6833,80.0771,271.2206],[18.6792,80.0792,273.058],[18.6625,80.0792,271.4117],[18.6609,80.0807,276.9093],[18.6641,80.0828,284.8704],[18.6583,80.0833,294.8718],[18.6568,80.0849,297.4403],[18.6641,80.0891,316.269],[18.6458,80.0938,335.2853],[18.6276,80.0943,321.9174],[18.6292,80.0958,315.7825],[18.6521,80.0958,347.8482],[18.6536,80.0974,335.334],[18.6151,80.1005,316.3898],[18.6224,80.1047,285.9848],[18.6208,80.1062,281.3668],[18.6151,80.1068,274.4543],[18.6167,80.1083,259.8827],[18.6229,80.1083,258.4671],[18.6271,80.1062,289.3534],[18.6479,80.1062,234.7988],[18.6521,80.1083,165.2588],[18.6661,80.1088,124.67529999999999],[18.6646,80.1104,125.5271],[18.6464,80.1109,134.1663],[18.6479,80.1125,125.8378],[18.6792,80.1125,99.6333],[18.7,80.1062,108.0409],[18.7307,80.1057,100.8616],[18.725,80.1021,109.7823],[18.7125,80.1021,119.3915],[18.7089,80.0995,154.0465],[18.725,80.0938,173.25],[18.7583,80.0938,140.7389],[18.7667,80.0979,118.3344],[18.7854,80.0979,106.0372],[18.7896,80.0958,110.775],[18.8063,80.0958,103.1399],[18.8104,80.0938,106.1246],[18.8396,80.0938,100.6608],[18.8438,80.0917,101.989],[18.8792,80.0896,117.6785],[18.8833,80.0875,117.5155],[18.9042,80.0875,121.2533],[18.9125,80.0917,114.1123],[18.9188,80.0917,108.7161],[18.9229,80.0896,106.6623],[18.9438,80.0854,109.5651],[18.9453,80.0839,107.7918],[18.9313,80.0833,117.4184],[18.9271,80.0813,119.1916],[18.9167,80.0813,122.9158],[18.9125,80.0792,119.5209],[18.9,80.0792,124.8447],[18.8917,80.075,115.9257],[18.8812,80.075,122.6315],[18.8755,80.0714,136.3921],[18.8812,80.0708,131.138],[18.8917,80.0667,136.146],[18.9125,80.0667,114.5346],[18.9167,80.0687,105.6931],[18.925,80.0687,100.7102],[18.9266,80.0672,98.3887],[18.9208,80.0646,108.149],[18.9083,80.0646,120.7701],[18.9068,80.063,120.609],[18.925,80.0625,96.6356],[18.9375,80.0583,20.7106],[18.9583,80.0583,67.9775],[18.9625,80.0604,55.8586],[18.9938,80.0604,116.2112],[19.012,80.0557,162.38],[19.0063,80.0521,148.1659],[18.9938,80.0521,142.6304],[18.9896,80.05,115.4215],[18.9667,80.05,91.9423],[18.9625,80.0479,99.7044],[18.9484,80.0474,24.3604],[18.95,80.0458,31.9531],[18.9813,80.0458,123.8168],[18.9854,80.0479,110.7328],[19.0063,80.0479,136.3914],[19.0104,80.0458,134.8077],[19.0271,80.0458,158.6705],[19.0349,80.0432,156.2798],[19.0333,80.0417,162.4899],[19.0229,80.0417,139.1632],[19.0104,80.0354,131.7625],[18.9979,80.0354,109.937],[18.9938,80.0333,101.9289],[18.975,80.0333,98.2012],[18.9484,80.0401,53.8683],[18.9516,80.0422,31.4574],[18.95,80.0437,25.8451],[18.9458,80.0437,22.4368],[18.9417,80.0458,19.8339],[18.9333,80.0458,0.0],[18.925,80.0417,3.4192],[18.913,80.0411,0.0],[18.9146,80.0396,0.0],[18.9203,80.0391,1.4161],[18.9188,80.0375,15.7483],[18.8896,80.0354,0.0],[18.8839,80.0328,0.0],[18.8818,80.0297,0.0],[18.8891,80.0286,21.9266],[18.8859,80.0255,6.7791],[18.9021,80.025,3.3668],[18.9036,80.0234,0.0],[18.9005,80.0224,0.0],[18.9021,80.0208,0.761],[18.9229,80.0208,2.7934],[18.9271,80.0229,4.7419],[18.9396,80.0229,8.8797],[18.9438,80.025,18.2093],[18.9542,80.025,38.0659],[18.9583,80.0271,90.7374],[18.9682,80.0266,80.9031],[18.9599,80.0214,44.6866],[18.9479,80.0208,14.9466],[18.9354,80.0146,142.846],[18.9214,80.0141,160.1832],[18.9083,80.0062,275.3848],[18.875,80.0062,286.4152],[18.8708,80.0083,273.5179],[18.8563,80.0083,276.907],[18.8521,80.0104,245.6427],[18.8438,80.0104,239.5103],[18.8271,80.0021,180.584],[18.8208,80.0021,159.2318],[18.8167,80.0042,201.1772],[18.7464,80.0036,0.0],[18.7479,80.0021,0.0],[18.7521,80.0021,0.0],[18.7646,79.9979,8.2765],[18.8083,80.0,86.4012],[18.8099,79.9984,65.5],[18.8068,79.9974,65.5],[18.8083,79.9958,67.6946],[18.825,79.9958,88.4516],[18.8266,79.9943,134.1639],[18.8125,79.9938,101.3644],[18.8083,79.9917,151.2803],[18.7854,79.9917,14.1763],[18.7839,79.9901,0.0],[18.7938,79.9875,8.2104],[18.8083,79.9875,54.1762],[18.8125,79.9854,26.0517],[18.8417,79.9854,1.5057],[18.8458,79.9833,0.0],[18.8604,79.9833,8.607],[18.8703,79.9807,41.3696],[18.8672,79.9776,143.2403],[18.8828,79.9745,90.8696],[18.8812,79.9729,80.1164],[18.85,79.9729,85.6626],[18.8458,79.975,113.1377],[18.8292,79.975,98.7697],[18.825,79.9771,164.8195],[18.8167,79.9771,101.142],[18.8151,79.9755,43.8114],[18.8208,79.975,55.3802],[18.8224,79.9734,34.5544],[18.8167,79.9708,3.65],[18.8047,79.9703,4.3791],[18.8063,79.9688,0.0],[18.8104,79.9688,6.0596],[18.8229,79.9646,0.0],[18.8391,79.9641,19.2928],[18.8333,79.9604,66.3115],[18.7938,79.9625,22.0492],[18.7755,79.9672,7.8896],[18.7786,79.9693,4.5857],[18.7771,79.9708,7.5983],[18.7188,79.9729,86.7929],[18.7172,79.9745,98.3748],[18.7224,79.9786,0.0],[18.7062,79.9792,46.8941],[18.7021,79.9812,74.4991],[18.6854,79.9812,76.6975],[18.6813,79.9833,103.816],[18.6729,79.9833,25.2821],[18.6672,79.9807,0.0],[18.6688,79.9792,2.7458],[18.6745,79.9786,37.5367],[18.6693,79.9734,0.0],[18.6854,79.9729,0.0],[18.687,79.9714,18.2805],[18.6625,79.9708,0.0],[18.65,79.9646,61.7172],[18.6417,79.9646,58.0957],[18.6375,79.9667,63.187],[18.5943,79.9661,0.0],[18.6104,79.9604,0.0],[18.6271,79.9604,0.0],[18.637,79.9578,-0.1143],[18.6313,79.9542,25.632],[18.5875,79.9563,0.0],[18.5833,79.9542,33.8272],[18.575,79.9542,40.9427],[18.5651,79.9578,0.0],[18.5917,79.9583,0.0],[18.5932,79.9599,0.0],[18.5859,79.9609,0.0],[18.5891,79.963,0.0],[18.5875,79.9646,0.0],[18.5708,79.9646,0.0],[18.5667,79.9667,0.0],[18.5354,79.9667,0.0],[18.5297,79.963,0.0],[18.55,79.9625,0.0],[18.5542,79.9646,0.0],[18.5625,79.9646,0.0],[18.5641,79.963,0.0],[18.5521,79.9563,0.0],[18.5396,79.9563,0.0],[18.5354,79.9542,35.6194],[18.4917,79.9563,0.0],[18.4833,79.9521,48.1971],[18.4083,79.95,0.0],[18.4042,79.9479,0.0],[18.3813,79.9458,0.0],[18.3688,79.95,0.0],[18.3526,79.9505,0.0],[18.3547,79.9537,8.2356],[18.3578,79.9547,2.7235],[18.3563,79.9563,0.0],[18.3417,79.9563,10.7733],[18.3318,79.9589,34.4461],[18.3354,79.9625,14.2204],[18.3479,79.9625,0.0],[18.3495,79.9641,0.0],[18.3396,79.9667,6.7016],[18.3229,79.9667,15.9611],[18.313,79.9703,6.7635],[18.3188,79.9729,0.0],[18.3271,79.9729,0.0],[18.3312,79.9708,0.0],[18.3479,79.9708,0.0],[18.3604,79.9667,0.0],[18.3667,79.9667,0.0],[18.3682,79.9682,0.0],[18.3609,79.9693,0.0],[18.3641,79.9724,0.0],[18.3583,79.9729,0.0],[18.3568,79.9745,0.0],[18.3667,79.975,0.0],[18.3875,79.9688,0.0],[18.4063,79.9688,0.0],[18.4146,79.9729,0.0],[18.4286,79.9734,0.0],[18.4271,79.975,7.7944],[18.4214,79.9755,38.1007],[18.4229,79.9771,23.1397],[18.4333,79.9771,33.6531],[18.4417,79.9812,23.7996],[18.4557,79.9818,0.0],[18.4542,79.9833,0.0],[18.4484,79.9838,0.0],[18.45,79.9854,0.0],[18.4583,79.9854,0.0],[18.4625,79.9833,0.0],[18.4828,79.9838,0.0],[18.4813,79.9854,0.0],[18.4646,79.9854,0.0],[18.4521,79.9896,0.0],[18.4375,79.9896,0.0],[18.4276,79.9922,0.0],[18.4333,79.9958,0.0],[18.4917,79.9958,0.0],[18.4932,79.9974,0.0],[18.4771,79.9979,0.0],[18.4729,80.0,0.0],[18.3479,80.0,0.0],[18.3438,80.0021,10.3535],[18.3354,80.0021,0.0],[18.3234,79.9943,0.0],[18.3375,79.9917,0.0],[18.3391,79.9901,0.0],[18.3333,79.9875,0.0],[18.3193,79.987,0.0],[18.3161,79.9838,0.0],[18.3063,79.9792,1.222],[18.2938,79.9792,0.0],[18.2896,79.9771,0.0],[18.2792,79.9771,1.7398],[18.275,79.975,10.2596],[18.2479,79.9729,1.0585],[18.2354,79.9667,6.8467],[18.2167,79.9667,2.7763],[18.2125,79.9688,0.0],[18.2042,79.9688,0.0],[18.2,79.9667,13.5901],[18.1771,79.9667,2.0659],[18.1688,79.9625,20.6558],[18.1458,79.9625,0.0],[18.1333,79.9563,15.5366],[18.1208,79.9563,0.0],[18.1146,79.9521,11.3262],[18.1021,79.9521,0.0],[18.0964,79.9495,0.0],[18.0979,79.9479,1.6478],[18.1036,79.9474,5.6711],[18.1026,79.9443,1.4699],[18.1188,79.9417,3.891],[18.1229,79.9437,14.6604],[18.1354,79.9437,7.8905],[18.1484,79.9516,34.295],[18.1625,79.9521,18.7022],[18.1667,79.9542,47.3773],[18.1896,79.9542,0.0],[18.1938,79.9563,18.2731],[18.2521,79.9563,0.0],[18.2604,79.9604,23.1309],[18.2687,79.9604,20.6114],[18.2729,79.9583,0.0],[18.3,79.9583,14.4376],[18.3016,79.9568,0.0],[18.2984,79.9547,0.0],[18.3057,79.9537,0.0],[18.3047,79.9505,0.0],[18.3146,79.9479,0.0],[18.3333,79.9479,0.0],[18.3375,79.95,0.0],[18.3458,79.95,0.0],[18.3474,79.9484,0.0],[18.3443,79.9464,0.0],[18.3542,79.9437,0.0],[18.3625,79.9437,0.0],[18.3667,79.9458,0.0],[18.3745,79.9453,0.0],[18.3724,79.9422,0.0],[18.3667,79.9396,12.8595],[18.2875,79.9396,3.3085],[18.2833,79.9417,0.0],[18.2651,79.9422,0.0],[18.2724,79.9464,0.0],[18.2708,79.9479,0.0],[18.25,79.9479,0.0],[18.238,79.9411,0.0],[18.2453,79.938,0.0],[18.2188,79.9375,4.9796],[18.2146,79.9354,26.6097],[18.2042,79.9354,0.0],[18.187,79.9255,4.8496],[18.1714,79.9245,7.9199],[18.1672,79.9224,0.0],[18.1651,79.9193,1.1319],[18.1708,79.9187,0.3682],[18.1724,79.9172,0.5087],[18.1557,79.9089,1.2552],[18.1437,79.9083,7.5763],[18.138,79.9047,-0.1757],[18.1453,79.9036,4.054],[18.1401,79.8995,0.8906],[18.1417,79.8979,2.5332],[18.1771,79.8958,0.5854],[18.187,79.8932,2.329],[18.1839,79.8901,0.0],[18.2078,79.8849,0.9961],[18.2062,79.8833,2.6687],[18.1938,79.8833,1.3538],[18.1922,79.8818,0.0],[18.2245,79.8745,0.0],[18.2214,79.8714,0.0],[18.2271,79.8708,0.0],[18.2286,79.8693,0.0],[18.2214,79.8651,0.0],[18.2313,79.8646,0.0],[18.2354,79.8667,0.0],[18.2438,79.8667,0.0],[18.2536,79.8641,12.4326],[18.2521,79.8625,4.5272],[18.2396,79.8625,0.0],[18.2339,79.8588,0.0],[18.2578,79.8536,12.9288],[18.2443,79.8443,0.0],[18.2625,79.8438,8.3312],[18.2703,79.8411,19.0795],[18.2651,79.8359,0.0],[18.275,79.8333,0.0],[18.2911,79.8328,2.1552],[18.2901,79.8297,0.0],[18.2953,79.8276,0.5454],[18.2859,79.8214,0.0],[18.2958,79.8187,0.0],[18.3042,79.8187,0.0],[18.3057,79.8203,0.0],[18.3,79.8208,0.0],[18.2984,79.8224,0.0],[18.3042,79.825,3.1983],[18.3104,79.825,5.7013],[18.312,79.8234,0.0],[18.3089,79.8214,0.0],[18.3188,79.8187,0.0],[18.3417,79.8208,0.0],[18.3458,79.8229,0.0],[18.3667,79.8229,1.1118],[18.3708,79.8208,0.0],[18.3854,79.8208,2.0832],[18.3953,79.8182,4.2581],[18.3901,79.813,0.0],[18.3953,79.812,6.1636],[18.3943,79.8089,0.0],[18.4016,79.8078,5.5061],[18.3984,79.8047,0.0],[18.4063,79.8042,0.0],[18.4104,79.8063,7.7291],[18.4188,79.8063,4.4724],[18.4313,79.8021,0.0],[18.4458,79.8021,1.6613],[18.4474,79.8016,0.0],[18.4464,79.7984,0.0],[18.4599,79.7953,1.9813],[18.4589,79.7922,2.7032],[18.4641,79.7911,5.0169],[18.462,79.788,5.5831],[18.4479,79.7875,0.0],[18.4422,79.7849,2.3016],[18.4521,79.7813,23.1789],[18.4833,79.7813,10.0705],[18.4917,79.7854,0.0],[18.5021,79.7854,0.0],[18.5063,79.7875,0.0],[18.5146,79.7875,12.8748],[18.5271,79.7833,0.0],[18.5516,79.7859,0.0],[18.55,79.7875,0.0],[18.5359,79.7901,0.0],[18.5375,79.7917,0.0],[18.5458,79.7917,10.4634],[18.5583,79.7875,0.0],[18.5729,79.7875,0.0],[18.5745,79.7859,0.0],[18.5714,79.7849,0.0],[18.5729,79.7833,6.7899],[18.5896,79.7833,0.0],[18.6104,79.7771,0.0],[18.625,79.7771,0.0],[18.6292,79.775,0.0],[18.6375,79.775,0.0],[18.6417,79.7771,4.5163],[18.6536,79.7776,1.3109],[18.6521,79.7792,-0.1881],[18.6464,79.7797,1.3527],[18.6479,79.7813,0.0],[18.6724,79.7818,0.0],[18.6646,79.7854,0.0],[18.6589,79.7859,0.0],[18.6604,79.7875,0.0],[18.6792,79.7875,0.0],[18.6891,79.7849,0.0],[18.6859,79.7828,0.0],[18.6875,79.7813,0.0],[18.7021,79.7813,0.0],[18.7062,79.7792,25.0954],[18.7245,79.7786,55.0184],[18.713,79.7724,13.3321],[18.7146,79.7708,8.5194],[18.7229,79.7708,15.1966],[18.7271,79.7729,26.3681],[18.7458,79.7729,57.1376],[18.7583,79.7688,64.0678],[18.7854,79.7688,57.7121],[18.7896,79.7667,65.1624],[18.7938,79.7667,62.634],[18.7979,79.7646,62.5492],[18.8104,79.7625,60.714],[18.812,79.7609,58.7259],[18.7979,79.7604,49.5203],[18.7922,79.7568,50.8414],[18.8021,79.7542,42.9162],[18.8188,79.7542,34.0061],[18.8375,79.7479,-0.9806],[18.8583,79.7479,0.0],[18.8625,79.75,0.0],[18.8729,79.75,0.0],[18.8854,79.7562,0.0],[18.9125,79.7583,0.0],[18.9188,79.7625,0.0],[18.9313,79.7625,0.0],[18.9354,79.7646,29.9675],[18.9708,79.7646,6.985],[18.975,79.7667,10.462],[19.0042,79.7667,5.7371],[19.0083,79.7646,0.0],[19.0167,79.7646,0.0],[19.0208,79.7667,0.0],[19.0563,79.7667,0.0],[19.0604,79.7688,0.0],[19.0667,79.7688,0.6259],[19.0708,79.7667,0.0],[19.1333,79.7667,0.0],[19.1375,79.7646,0.0],[19.1458,79.7646,0.0],[19.15,79.7667,1.3126],[19.1917,79.7646,4.7076],[19.1958,79.7667,8.0272],[19.2167,79.7667,27.7443],[19.2208,79.7646,12.1132],[19.2271,79.7646,0.0],[19.2313,79.7667,45.5169],[19.2396,79.7667,52.8433],[19.2521,79.7625,0.0],[19.2583,79.7625,0.0],[19.2625,79.7646,59.0998],[19.2833,79.7646,76.8917],[19.2875,79.7625,64.3334],[19.3021,79.7625,66.4091],[19.3063,79.7604,41.4172],[19.3729,79.7625,0.0],[19.3771,79.7604,0.0],[19.3833,79.7604,0.0],[19.3875,79.7625,0.0],[19.3958,79.7625,0.0],[19.4,79.7604,0.0],[19.4188,79.7604,0.0],[19.4229,79.7625,0.0],[19.4542,79.7625,55.1656],[19.4583,79.7604,20.0262],[19.475,79.7604,28.893],[19.4854,79.7562,0.0],[19.5125,79.7562,41.7722],[19.5141,79.7547,38.6581],[19.5005,79.7536,0.0761],[19.5057,79.7505,37.31],[19.4911,79.7422,0.0],[19.4755,79.7412,0.0],[19.4771,79.7396,0.0],[19.4828,79.7391,0.0],[19.4813,79.7375,0.0],[19.475,79.7375,0.0],[19.4708,79.7396,0.0],[19.4609,79.7391,0.0],[19.4708,79.7354,0.0],[19.487,79.7349,0.0],[19.4854,79.7333,0.0],[19.45,79.7333,0.0],[19.4458,79.7312,0.0],[19.4354,79.7312,0.0],[19.4339,79.7297,0.0],[19.4625,79.7292,0.0],[19.4667,79.7271,0.0],[19.4813,79.7271,0.0],[19.4828,79.7255,0.0],[19.4797,79.7234,0.0],[19.4979,79.7229,1.1662],[19.5057,79.7203,6.7164],[19.5026,79.7172,10.6398],[19.5099,79.7161,10.1166],[19.5068,79.713,7.5384],[19.5167,79.7125,7.6233],[19.5208,79.7146,9.3221],[19.5328,79.7151,3.9265],[19.5536,79.7255,4.6697],[19.5464,79.7286,22.6296],[19.5589,79.7349,-0.2089],[19.5708,79.7354,0.0],[19.5792,79.7396,0.0],[19.5917,79.7396,0.0],[19.5958,79.7417,0.0],[19.6063,79.7417,0.0],[19.6104,79.7438,4.3959],[19.6458,79.7438,0.0],[19.65,79.7458,17.386],[19.7188,79.7458,0.0],[19.7229,79.7479,5.3011],[19.7479,79.7479,0.0],[19.7521,79.75,0.7714],[19.7583,79.75,1.1622],[19.7625,79.7479,0.0],[19.8167,79.7479,0.0],[19.8208,79.75,21.0516],[19.8292,79.75,19.8827],[19.8333,79.7479,0.0],[19.8479,79.7479,0.0],[19.8521,79.7458,0.0],[19.8604,79.7458,0.0],[19.862,79.7474,0.0],[19.8563,79.7479,0.0],[19.8547,79.7495,2.3295],[19.8646,79.75,35.7993],[19.8688,79.7479,0.0],[19.875,79.7479,0.0],[19.8792,79.75,75.3961],[19.9042,79.75,72.8176],[19.9083,79.7521,209.5007],[19.9188,79.7521,212.2995],[19.9271,79.7562,217.4148],[19.9354,79.7562,221.0809],[19.9396,79.7542,217.9337],[19.9583,79.7542,212.5762],[19.9625,79.7562,214.677],[19.9729,79.7562,200.9651],[19.9813,79.7604,223.0839],[20.0125,79.7604,183.0697],[20.0167,79.7583,137.6092],[20.025,79.7583,121.7029],[20.0292,79.7604,183.3641],[20.0396,79.7604,141.9661],[20.0479,79.7646,227.2011],[20.0563,79.7646,215.0562],[20.0578,79.763,198.653],[20.0547,79.7609,144.5093],[20.0708,79.7583,49.5278],[20.0724,79.7599,148.9187],[20.0672,79.7609,174.3336],[20.0703,79.7641,215.9888],[20.0646,79.7646,206.0247],[20.063,79.7662,212.2664],[20.0875,79.7667,246.1422],[20.0932,79.7693,248.1848],[20.0917,79.7708,251.5066],[20.0729,79.7708,248.7003],[20.0688,79.7688,243.7894],[20.0589,79.7693,235.679],[20.0786,79.7797,260.3872],[20.0771,79.7813,265.5557],[20.0714,79.7818,271.6858],[20.0771,79.7854,264.8289],[20.1083,79.7854,224.113],[20.1099,79.7839,213.2934],[20.1068,79.7818,218.0248],[20.1229,79.7813,188.5356],[20.1245,79.7797,177.3844],[20.1125,79.7792,193.1565],[20.1068,79.7755,208.2191],[20.1167,79.775,185.7359],[20.1208,79.7771,183.0207],[20.1271,79.7771,169.2341],[20.1286,79.7755,167.955],[20.1255,79.7734,168.759],[20.1328,79.7724,152.1048],[20.1313,79.7708,154.2491],[20.1172,79.7703,181.9788],[20.1188,79.7688,181.7906],[20.1583,79.7688,33.8326],[20.1708,79.7646,0.0],[20.1896,79.7646,0.0],[20.1938,79.7667,0.0],[20.2,79.7667,0.0],[20.2042,79.7646,0.0],[20.2125,79.7646,0.0],[20.2182,79.7682,0.4778],[20.2109,79.7693,5.2476],[20.2125,79.7708,7.0678],[20.2375,79.7708,0.0],[20.2458,79.775,0.686],[20.2792,79.775,0.0],[20.2833,79.7771,0.0],[20.3083,79.7771,0.0],[20.3125,79.7792,0.0],[20.3479,79.7792,0.0],[20.3542,79.7833,63.5006],[20.3641,79.7828,84.6019],[20.3609,79.7807,77.3601],[20.3625,79.7792,56.5016],[20.3813,79.7792,80.0969],[20.3854,79.7813,87.35],[20.4104,79.7813,49.8084],[20.412,79.7828,48.3549],[20.4063,79.7833,69.1255],[20.4047,79.7849,78.1799],[20.4307,79.7859,44.2001],[20.4255,79.788,70.5464],[20.4271,79.7896,71.1954],[20.4688,79.7875,0.0],[20.4729,79.7896,0.0],[20.4813,79.7896,0.0],[20.4917,79.7854,0.0],[20.5,79.7854,0.0],[20.5083,79.7896,0.0],[20.5167,79.7896,0.0],[20.5245,79.787,11.503],[20.5214,79.7839,0.0],[20.5271,79.7833,6.1426],[20.5286,79.7818,0.0],[20.5146,79.7813,0.0],[20.513,79.7797,0.0],[20.5313,79.7792,0.0],[20.5354,79.7771,3.0646],[20.5417,79.7771,0.9695],[20.5458,79.7792,9.8576],[20.5938,79.7792,0.0],[20.5953,79.7807,0.0],[20.5896,79.7813,0.0],[20.588,79.7828,11.1926],[20.6021,79.7833,0.0],[20.6297,79.7974,47.4177],[20.6437,79.7979,11.2897],[20.6563,79.8042,36.7213],[20.6854,79.8042,16.3346],[20.6979,79.8,0.0],[20.7479,79.8,35.6596],[20.7521,79.7979,32.6418],[20.7687,79.7979,46.8528],[20.7729,79.7958,36.6569],[20.8229,79.7958,64.2177],[20.8245,79.7943,46.1537],[20.8214,79.7922,0.0],[20.8292,79.7917,0.0],[20.8333,79.7937,34.5989],[20.8688,79.7937,0.0],[20.8729,79.7958,31.6089],[20.8854,79.7958,0.0],[20.9005,79.8037,54.4584],[20.9146,79.8042,29.6387],[20.9229,79.8083,31.2281],[20.9417,79.8083,19.0261],[20.9516,79.8057,12.3076],[20.95,79.8042,6.2345],[20.9417,79.8042,2.4599],[20.9375,79.8063,11.485],[20.9276,79.8057,5.4648],[20.9375,79.8021,-0.0353],[20.9661,79.8016,7.2602],[20.9646,79.8,4.8535],[20.9505,79.7995,0.0],[20.9521,79.7979,0.0],[20.9833,79.7979,0.269],[20.9917,79.8021,4.2028],[21.0,79.8021,5.8922],[21.0042,79.8,0.6133],[21.0708,79.8,1.5205],[21.075,79.8021,9.5727],[21.1104,79.8021,0.0],[21.1146,79.8042,10.0764],[21.1375,79.8042,5.7117],[21.1417,79.8063,29.5445],[21.1708,79.8083,37.2904],[21.1724,79.8099,45.6836],[21.1583,79.8125,88.2317],[21.1568,79.8141,93.6883],[21.1708,79.8146,88.6977],[21.175,79.8167,93.5943],[21.2062,79.8167,67.7561],[21.2104,79.8146,42.323],[21.225,79.8146,29.5265],[21.2292,79.8125,22.2274],[21.2474,79.812,17.2724],[21.2458,79.8104,18.8276],[21.2193,79.8099,25.0855],[21.2292,79.8063,9.478],[21.2354,79.8063,5.9651],[21.2396,79.8083,14.1643],[21.2646,79.8083,20.2983],[21.2687,79.8104,34.8697],[21.2917,79.8104,5.2695],[21.2958,79.8125,33.7882],[21.3312,79.8125,0.0],[21.3354,79.8146,5.4073],[21.3479,79.8146,1.2053],[21.3521,79.8167,6.9156],[21.375,79.8167,7.2164],[21.3833,79.8208,21.4356],[21.45,79.8208,60.1682],[21.4625,79.8167,26.9469],[21.4813,79.8187,49.4771],[21.4854,79.8167,36.3484],[21.4938,79.8167,35.9208],[21.4979,79.8187,54.9243],[21.5063,79.8187,50.0362],[21.5104,79.8167,30.39],[21.5167,79.8167,28.816],[21.5182,79.8182,45.0377],[21.513,79.8203,57.8845],[21.5516,79.8214,15.8144],[21.55,79.8229,20.0195],[21.538,79.8255,90.3878],[21.5396,79.8271,100.5615],[21.5625,79.8271,68.0298],[21.5667,79.8292,78.481],[21.575,79.8292,57.1015],[21.5766,79.8276,58.1233],[21.5708,79.825,44.4952],[21.5583,79.825,35.9537],[21.5568,79.8234,29.4117],[21.5646,79.8208,20.5357],[21.5812,79.8208,17.2126],[21.5854,79.8187,0.0],[21.6042,79.8208,28.4505],[21.6313,79.8125,0.0],[21.6646,79.8104,0.0],[21.6771,79.8063,0.0],[21.6917,79.8063,0.1394],[21.6995,79.8026,3.244],[21.6917,79.8021,1.9044],[21.6875,79.8042,6.4282],[21.6792,79.8042,2.1622],[21.6776,79.8026,14.9899],[21.6828,79.8005,3.9874],[21.6521,79.8021,0.0],[21.6479,79.8,28.4533],[21.6125,79.8,0.0],[21.5964,79.7932,0.0],[21.6036,79.7901,56.1866],[21.5693,79.7745,0.0],[21.5766,79.7714,20.4963],[21.5672,79.7682,2.1308],[21.5688,79.7667,0.0],[21.5896,79.7667,0.0711],[21.5953,79.7703,0.4938],[21.588,79.7714,10.8469],[21.5896,79.7729,8.3886],[21.6021,79.7729,1.3027],[21.6146,79.7792,30.5849],[21.6437,79.7813,0.8588],[21.6521,79.7854,0.0],[21.6583,79.7854,0.0],[21.6708,79.7813,0.0],[21.6854,79.7813,0.0],[21.6896,79.7792,0.0],[21.7396,79.7792,0.0],[21.7411,79.7776,1.8359],[21.738,79.7755,0.0],[21.7438,79.775,2.161],[21.7453,79.7734,22.9789],[21.7229,79.7729,44.3597],[21.7188,79.775,0.0],[21.6771,79.775,11.4126],[21.6729,79.7729,13.1789],[21.6604,79.7729,0.0],[21.6589,79.7714,0.0],[21.6661,79.7703,0.0],[21.6609,79.7672,0.0],[21.6792,79.7667,0.0],[21.6807,79.7651,4.6949],[21.675,79.7625,10.0768],[21.6625,79.7625,1.8405],[21.6568,79.7589,16.9441],[21.6875,79.75,0.0],[21.7062,79.75,14.9746],[21.7104,79.7521,26.7284],[21.7333,79.7521,8.687],[21.7375,79.7542,11.8092],[21.7687,79.7542,11.6854],[21.7729,79.7521,18.2609],[21.8,79.7521,0.0],[21.8188,79.7458,0.0],[21.8333,79.7458,0.0],[21.8349,79.7443,0.0],[21.8318,79.7422,0.0],[21.8333,79.7417,0.0],[21.8479,79.7417,0.0],[21.8521,79.7396,0.0],[21.8792,79.7396,29.01],[21.8896,79.7354,0.0],[21.925,79.7333,55.1181],[21.9266,79.7318,41.5657],[21.9234,79.7297,0.0],[21.937,79.7266,66.6697],[21.925,79.7208,71.4225],[21.9146,79.7208,55.3017],[21.9104,79.7188,55.9574],[21.8979,79.7188,39.4419],[21.8937,79.7167,36.0834],[21.8797,79.7161,28.3996],[21.887,79.713,36.9757],[21.8714,79.712,26.7461],[21.8766,79.7089,34.0157],[21.8651,79.7026,36.8717],[21.8708,79.7021,43.4523],[21.8724,79.7005,44.1411],[21.8583,79.7,33.9858],[21.8526,79.6974,26.181],[21.8578,79.6953,42.4116],[21.8563,79.6937,48.5339],[21.8292,79.6917,0.0],[21.825,79.6896,47.1721],[21.7896,79.6896,23.0278],[21.7854,79.6875,73.6021],[21.7729,79.6875,60.8507],[21.7687,79.6854,101.3484],[21.7271,79.6854,111.6297],[21.7229,79.6875,84.2035],[21.7042,79.6875,91.3382],[21.7,79.6854,114.8797],[21.6875,79.6854,116.424],[21.6833,79.6833,134.1196],[21.6771,79.6833,132.4992],[21.6755,79.6849,119.3672],[21.6786,79.6859,111.6729],[21.6771,79.6875,96.6167],[21.6583,79.6854,113.0704],[21.6542,79.6875,88.1439],[21.6458,79.6875,85.4967],[21.6417,79.6854,106.2515],[21.6229,79.6854,98.2685],[21.6188,79.6875,73.7897],[21.5917,79.6875,46.6873],[21.5812,79.6917,0.0],[21.5604,79.6896,19.6327],[21.5563,79.6917,5.5566],[21.5417,79.6917,27.3731],[21.5313,79.6958,0.0],[21.5,79.6958,1.6482],[21.4958,79.6937,42.7284],[21.4833,79.6937,61.3389],[21.4792,79.6917,95.1427],[21.45,79.6917,191.411],[21.4401,79.6943,121.9737],[21.4432,79.6974,1.8781],[21.438,79.6995,0.0],[21.4411,79.7016,0.0],[21.425,79.7021,0.0],[21.4208,79.7042,0.0],[21.4,79.7042,13.4922],[21.3958,79.7021,20.7098],[21.3896,79.7021,25.2139],[21.3854,79.7042,9.4889],[21.3417,79.7042,0.0],[21.3359,79.7005,56.2327],[21.3417,79.7,62.0938],[21.3432,79.6984,80.4511],[21.3375,79.6958,116.1893],[21.3188,79.6958,255.9453],[21.3172,79.6974,267.1228],[21.3203,79.6995,189.252],[21.3188,79.7,138.3042],[21.3,79.6979,258.2357],[21.2958,79.7,136.3047],[21.2333,79.7,13.5813],[21.2292,79.7021,0.4022],[21.1396,79.7021,0.0],[21.1354,79.7,29.837],[21.0984,79.6995,16.6201],[21.1,79.6979,91.4895],[21.1182,79.6974,108.3895],[21.1167,79.6958,221.8719],[21.0958,79.6958,155.0827],[21.0917,79.6979,63.0206],[21.0625,79.6979,14.3438],[21.0583,79.6958,52.4215],[21.0396,79.6958,19.3904],[21.0354,79.6979,1.4418],[20.9917,79.6979,0.5996],[20.9875,79.6958,2.8737],[20.9771,79.6958,1.2672],[20.9729,79.6937,15.7061],[20.9589,79.6932,10.995],[20.9547,79.6901,92.3845],[20.9604,79.6896,94.8439],[20.962,79.688,144.1244],[20.9542,79.6854,322.2937],[20.9354,79.6875,241.1638],[20.9312,79.6854,330.3023],[20.9021,79.6854,300.2728],[20.8896,79.6896,25.5877],[20.875,79.6896,13.4943],[20.8708,79.6917,0.0],[20.8625,79.6917,0.0],[20.8583,79.6896,3.4294],[20.8354,79.6896,0.0],[20.8312,79.6875,7.1718],[20.8125,79.6896,0.0],[20.8083,79.6875,2.1069],[20.7333,79.6854,0.0],[20.725,79.6813,10.3457],[20.7062,79.6813,11.5595],[20.7021,79.6833,0.0],[20.6958,79.6833,0.0],[20.6917,79.6813,14.1913],[20.6646,79.6792,83.383],[20.6604,79.6771,127.0913],[20.6521,79.6771,145.6496],[20.6479,79.6792,67.3599],[20.6063,79.6792,0.0],[20.6021,79.6771,18.2403],[20.5771,79.6771,0.0],[20.5729,79.675,33.9886],[20.5271,79.675,2.4494],[20.5187,79.6708,107.4114],[20.4854,79.6708,16.3192],[20.4813,79.6687,55.6668],[20.4688,79.6687,0.0],[20.463,79.6661,0.0],[20.4646,79.6646,0.0],[20.4792,79.6646,11.4869],[20.4833,79.6625,2.6433],[20.4875,79.6625,19.4539],[20.4891,79.6609,13.9512],[20.4859,79.6589,0.0],[20.5516,79.6412,0.0],[20.5443,79.6359,0.0],[20.5641,79.6349,0.0],[20.5609,79.6318,0.0],[20.5891,79.6245,12.9515],[20.5859,79.6224,0.0],[20.5875,79.6208,0.0],[20.5917,79.6208,0.0],[20.5958,79.6188,0.0],[20.6224,79.6182,67.3253],[20.6151,79.613,0.0],[20.6333,79.6083,0.0],[20.6479,79.6083,0.0],[20.6521,79.6062,0.0],[20.6896,79.6062,0.0],[20.6911,79.6047,0.0],[20.688,79.6026,0.0],[20.6958,79.6,0.0],[20.7057,79.6005,0.0],[20.6984,79.6036,0.0],[20.7083,79.6042,0.0],[20.7125,79.6021,0.0],[20.7271,79.6021,0.0],[20.7313,79.6,0.0],[20.8146,79.6,0.0],[20.8161,79.5984,0.0],[20.813,79.5974,0.0],[20.8146,79.5958,0.0],[20.8229,79.5958,0.0],[20.8271,79.5979,0.0],[20.8688,79.5979,0.0],[20.8729,79.5958,0.0],[20.8875,79.5958,0.0],[20.9,79.5917,0.0],[20.925,79.5917,0.0],[20.9641,79.5807,0.0],[20.9609,79.5787,0.0],[20.9625,79.5771,0.0],[20.9708,79.5771,0.0],[20.9792,79.5813,0.0],[20.9938,79.5792,0.0],[20.9953,79.5776,0.0],[20.9922,79.5755,0.0],[21.0,79.5729,0.0],[21.0042,79.5729,0.0],[21.0146,79.5687,0.0],[21.0292,79.5687,0.0],[21.0391,79.5661,0.0],[21.0375,79.5646,0.0],[21.025,79.5646,0.0],[21.0234,79.563,0.0],[21.0333,79.5604,0.0],[21.0479,79.5604,0.0],[21.0521,79.5583,0.0],[21.0708,79.5583,0.0],[21.075,79.5604,0.0],[21.0812,79.5604,0.0],[21.0828,79.5589,0.0],[21.0797,79.5568,0.0],[21.0896,79.5563,0.0],[21.0979,79.5604,0.0],[21.1063,79.5604,0.0],[21.1104,79.5583,0.0],[21.125,79.5583,0.0],[21.1292,79.5563,0.0],[21.1479,79.5563,0.0],[21.1495,79.5578,0.0],[21.1333,79.5583,0.0],[21.1318,79.5599,0.0],[21.1563,79.5604,0.0],[21.1604,79.5625,0.0],[21.1896,79.5625,0.0],[21.1938,79.5604,0.0],[21.2021,79.5604,0.0],[21.2036,79.562,0.0],[21.1979,79.5625,0.0],[21.1964,79.5641,0.0],[21.2167,79.5646,0.0],[21.2182,79.563,0.0],[21.2151,79.5609,0.0],[21.225,79.5583,0.0],[21.25,79.5583,0.0],[21.2661,79.5537,56.7154],[21.2646,79.5521,50.7921],[21.2542,79.5521,1.358],[21.2458,79.5479,2.1946],[21.2333,79.5479,1.18],[21.225,79.5437,15.4113],[21.2021,79.5437,18.6623],[21.2005,79.5422,25.864],[21.2167,79.5417,41.2227],[21.2182,79.5401,69.1013],[21.2047,79.5391,73.693],[21.1729,79.5229,223.8097],[21.1417,79.5229,277.523],[21.1375,79.525,289.0093],[21.1229,79.525,281.4507],[21.1188,79.5271,271.0676],[21.0938,79.5271,221.1691],[21.0896,79.5292,174.6507],[21.0708,79.5271,151.2649],[21.0583,79.5313,103.6676],[21.0208,79.5313,117.6643],[21.0193,79.5328,112.9872],[21.0224,79.5339,100.6584],[21.0208,79.5354,91.5424],[20.9958,79.5354,103.1079],[20.9917,79.5375,80.6667],[20.9417,79.5375,108.5451],[20.9401,79.5391,93.7716],[20.9521,79.5396,59.6457],[20.962,79.5443,23.7735],[20.9568,79.5463,19.004],[20.9599,79.5495,1.7817],[20.9464,79.5526,0.0],[20.9495,79.5547,0.0],[20.9479,79.5563,0.0],[20.9292,79.5563,0.0],[20.925,79.5542,0.0],[20.9125,79.5542,0.0],[20.9083,79.5521,73.6897],[20.8937,79.5542,87.0284],[20.8922,79.5557,18.8329],[20.8953,79.5578,0.0],[20.8901,79.5599,0.0],[20.9021,79.5604,0.0],[20.9078,79.5641,0.0],[20.9,79.5667,0.0],[20.8854,79.5667,0.0],[20.8813,79.5687,0.0],[20.8646,79.5687,0.0],[20.8568,79.5724,0.0],[20.8688,79.5729,0.0],[20.8703,79.5745,0.0],[20.8625,79.5771,0.0],[20.8292,79.5792,0.0],[20.8276,79.5807,0.0],[20.8307,79.5828,0.0],[20.8292,79.5833,0.0],[20.8208,79.5833,0.0],[20.8109,79.5787,0.0],[20.8125,79.5771,0.0],[20.8245,79.5745,0.0],[20.8229,79.5729,0.0],[20.8167,79.5729,0.0],[20.8125,79.575,0.0],[20.7979,79.575,0.0],[20.7938,79.5771,0.0],[20.7854,79.5771,0.0],[20.7813,79.575,0.0],[20.7583,79.575,0.0],[20.7568,79.5734,0.0],[20.7625,79.5729,0.0],[20.7703,79.5693,0.0],[20.7646,79.5667,0.0],[20.7458,79.5667,0.0],[20.7354,79.5708,0.0],[20.7297,79.5714,0.0],[20.7328,79.5745,0.0],[20.725,79.5771,0.0],[20.7151,79.5766,0.0],[20.7224,79.5734,0.0],[20.7125,79.5729,0.0],[20.7047,79.5755,0.0],[20.7057,79.5787,0.0],[20.6896,79.5833,0.0],[20.6833,79.5833,0.0],[20.6776,79.5807,0.0],[20.6828,79.5776,0.0],[20.6583,79.5771,0.0],[20.6396,79.5667,0.2419],[20.6271,79.5667,0.0],[20.6229,79.5646,0.0159],[20.6042,79.5646,0.0],[20.6,79.5667,0.0],[20.5938,79.5667,0.0],[20.588,79.5641,0.0],[20.5958,79.5604,110.0725],[20.6016,79.5599,101.7792],[20.5958,79.5563,109.3564],[20.5875,79.5563,122.2498],[20.5771,79.5604,154.084],[20.55,79.5604,319.3172],[20.5396,79.5646,271.4574],[20.5187,79.5625,268.6725],[20.5172,79.5641,266.6817],[20.5203,79.5661,263.1333],[20.5042,79.5667,148.4504],[20.5,79.5687,38.5714],[20.4813,79.5687,4.7737],[20.4729,79.5646,98.1993],[20.4437,79.5646,115.6209],[20.4396,79.5667,91.5593],[20.425,79.5667,111.5679],[20.4208,79.5687,100.884],[20.4125,79.5687,113.1092],[20.4083,79.5667,134.6239],[20.3792,79.5667,172.1709],[20.3583,79.5729,159.3952],[20.3438,79.5729,191.2984],[20.3333,79.5771,97.3789],[20.3188,79.5771,133.6817],[20.3089,79.5797,128.2663],[20.312,79.5828,128.9532],[20.3063,79.5833,139.0291],[20.3047,79.5849,162.4237],[20.312,79.5891,122.3905],[20.3042,79.5917,152.3429],[20.2417,79.5917,280.932],[20.2339,79.5943,294.0627],[20.237,79.5974,274.5176],[20.2313,79.5979,288.3039],[20.2297,79.5995,283.7716],[20.2417,79.6,239.7016],[20.2474,79.6036,219.7431],[20.2083,79.6146,140.6848],[20.175,79.6167,238.4245],[20.1708,79.6188,213.1524],[20.1437,79.6188,236.18],[20.1396,79.6208,225.7574],[20.125,79.6208,229.418],[20.1208,79.6229,219.4249],[20.0563,79.6229,113.8983],[20.0521,79.6208,142.8908],[20.0083,79.6208,198.6237],[20.0068,79.6224,192.8437],[20.0099,79.6245,134.3787],[20.0083,79.625,109.4038],[19.9708,79.625,55.1244],[19.9667,79.6271,0.0],[19.9583,79.6271,0.0],[19.9542,79.625,32.1991],[19.9208,79.625,0.0],[19.9193,79.6234,0.0],[19.9599,79.6224,215.1811],[19.9583,79.6208,258.3957],[19.8937,79.6208,40.7221],[19.8896,79.6229,0.0],[19.8708,79.6229,0.0],[19.8667,79.6208,15.6047],[19.8542,79.6208,4.0414],[19.85,79.6188,115.3563],[19.8042,79.6188,89.9338],[19.8,79.6167,226.2423],[19.7542,79.6167,104.204],[19.75,79.6146,184.3884],[19.7167,79.6146,69.0349],[19.7125,79.6125,204.7477],[19.6771,79.6125,0.0],[19.6729,79.6104,87.9848],[19.6609,79.6099,0.0],[19.6401,79.5995,0.0],[19.6474,79.5964,0.0],[19.6354,79.5958,0.0],[19.6297,79.5932,0.0],[19.6313,79.5917,0.0],[19.6458,79.5917,0.0],[19.6474,79.5901,0.0],[19.6443,79.588,0.0],[19.6542,79.5854,0.0],[19.6688,79.5854,0.0],[19.6786,79.5828,0.0],[19.6714,79.5776,0.0],[19.6813,79.575,0.0],[19.6974,79.5745,0.0],[19.7036,79.5724,2.8671],[19.6984,79.5672,0.0],[19.712,79.5641,0.0],[19.7104,79.5625,0.0],[19.7042,79.5625,0.0],[19.7,79.5646,0.0],[19.6917,79.5646,0.0],[19.6901,79.563,0.0],[19.6958,79.5625,0.0],[19.6974,79.5609,0.0],[19.6729,79.5604,0.0],[19.6714,79.5589,0.0],[19.6875,79.5583,0.0],[19.6917,79.5563,0.0],[19.7062,79.5563,0.0],[19.7078,79.5547,0.0],[19.7047,79.5537,0.0],[19.7062,79.5521,0.0],[19.7146,79.5521,0.0],[19.7188,79.5542,0.0],[19.7375,79.5542,0.0],[19.7453,79.5516,0.0],[19.7443,79.5484,0.0],[19.7578,79.5453,0.0],[19.7505,79.5401,0.0],[19.7604,79.5375,0.0],[19.7854,79.5375,0.0],[19.7953,79.5349,0.0],[19.7922,79.5318,0.0],[19.8021,79.5292,0.0],[19.8271,79.5292,0.0],[19.8516,79.5224,0.0],[19.8484,79.5203,0.0],[19.85,79.5188,0.0],[19.8667,79.5188,10.3892],[19.8708,79.5167,0.0],[19.8958,79.5167,0.0],[19.9083,79.5125,0.0],[19.9271,79.5146,0.0],[19.9375,79.5104,0.0],[19.9646,79.5104,23.0472],[19.9661,79.5089,25.6562],[19.963,79.5068,0.0],[19.9703,79.5057,0.0],[19.9672,79.5026,0.0],[19.975,79.5,0.0],[19.9917,79.5,40.9864],[19.9932,79.4984,91.9168],[19.9901,79.4964,41.7259],[19.9979,79.4938,63.6776],[20.0396,79.4958,137.0834],[20.0411,79.4943,143.4479],[20.0354,79.4917,134.1799],[20.0125,79.4917,91.9686],[20.0005,79.4838,0.0],[20.0057,79.4828,0.0],[20.0047,79.4797,0.0],[20.0125,79.4771,1.7044],[20.0167,79.4771,16.3273],[20.0208,79.475,0.0],[20.037,79.4745,50.0134],[20.0354,79.4729,41.8061],[20.0229,79.4729,0.0],[20.0214,79.4714,0.0],[20.0286,79.4703,0.0],[20.0255,79.4682,0.0],[20.0271,79.4667,0.0],[20.0432,79.4661,0.0],[20.0401,79.463,0.0],[20.0458,79.4625,0.0],[20.0563,79.4583,0.0],[20.0875,79.4583,0.0],[20.0917,79.4604,0.0],[20.1104,79.4604,0.0],[20.112,79.4589,0.0],[20.0979,79.4583,0.0],[20.0964,79.4568,0.0],[20.1167,79.4563,0.0],[20.1208,79.4583,0.0],[20.1292,79.4583,0.0],[20.1333,79.4563,0.0],[20.1521,79.4563,0.0],[20.1536,79.4578,0.0],[20.1479,79.4583,0.0],[20.1464,79.4599,0.0],[20.1563,79.4604,0.0],[20.1604,79.4583,0.0],[20.1854,79.4583,6.5489],[20.1896,79.4563,0.0],[20.2167,79.4563,43.3576],[20.2182,79.4547,10.6371],[20.2151,79.4526,0.0],[20.2229,79.45,0.0],[20.2375,79.45,0.0],[20.25,79.4458,0.0],[20.2875,79.4458,0.0],[20.2917,79.4437,0.0],[20.3063,79.4437,0.0],[20.3104,79.4417,0.0],[20.3354,79.4417,0.0],[20.3396,79.4396,0.0],[20.3667,79.4396,4.1445],[20.3708,79.4375,0.0],[20.4083,79.4375,0.0],[20.4125,79.4354,0.0],[20.4375,79.4354,0.4305],[20.45,79.4313,0.0],[20.4646,79.4313,0.2808],[20.475,79.4271,0.0],[20.5167,79.4271,0.0],[20.5208,79.4292,0.8041],[20.5396,79.4292,1.5128],[20.5438,79.4271,0.5825],[20.5812,79.4271,1.1247],[20.5854,79.425,0.0],[20.6,79.425,0.0],[20.6042,79.4229,0.0],[20.6188,79.4229,0.0],[20.6229,79.4208,0.0],[20.6307,79.4213,0.0],[20.6255,79.4245,0.0],[20.6333,79.425,0.3097],[20.6458,79.4208,0.0],[20.6604,79.4208,0.0],[20.6792,79.4146,0.0],[20.6938,79.4146,1.0903],[20.6979,79.4125,0.0],[20.7125,79.4125,0.1169],[20.7167,79.4104,0.0],[20.7521,79.4104,0.527],[20.762,79.4078,14.946],[20.7589,79.4057,0.0],[20.7604,79.4042,0.0],[20.7766,79.4036,47.6665],[20.7734,79.4005,0.0],[20.7786,79.3995,41.686],[20.7776,79.3964,0.0],[20.7896,79.3938,46.8323],[20.7911,79.3922,42.2991],[20.7854,79.3896,4.1596],[20.7729,79.3896,0.4448],[20.7646,79.3854,0.5074],[20.7422,79.3849,0.0],[20.7339,79.3807,0.0],[20.7391,79.3776,0.0],[20.7307,79.3734,0.0],[20.725,79.3708,0.0],[20.713,79.3703,0.0],[20.7146,79.3688,0.0],[20.7203,79.3682,0.0],[20.7172,79.3651,0.0],[20.725,79.3625,0.0],[20.7396,79.3625,0.7803],[20.7437,79.3604,0.0],[20.7625,79.3604,0.0],[20.7667,79.3625,2.0713],[20.7729,79.3625,2.8832],[20.7745,79.3609,0.0],[20.7714,79.3588,0.0],[20.7729,79.3583,0.0],[20.8104,79.3583,0.0],[20.8146,79.3562,0.0],[20.8208,79.3562,0.0],[20.825,79.3583,0.0],[20.8333,79.3583,1.8122],[20.8438,79.3542,0.0],[20.8625,79.3562,1.7357],[20.8667,79.3542,0.0],[20.8917,79.3542,0.7479],[20.8958,79.3521,0.0],[20.9229,79.3521,1.5136],[20.9271,79.35,0.0],[20.9896,79.35,0.0],[20.9938,79.3521,2.2354],[21.0021,79.3521,1.2197],[21.0036,79.3505,0.0],[21.0005,79.3484,0.0],[21.0083,79.3479,0.0],[21.0208,79.3542,2.8806],[21.0542,79.3542,0.0],[21.0583,79.3562,3.1834],[21.0812,79.3562,0.0],[21.0938,79.3625,83.97],[21.1042,79.3625,49.8724],[21.1083,79.3646,102.143],[21.1167,79.3646,77.3676],[21.1208,79.3625,12.1469],[21.1604,79.3625,0.0],[21.1646,79.3646,2.3079],[21.1771,79.3646,1.6538],[21.1813,79.3667,3.3899],[21.2104,79.3667,0.0],[21.2146,79.3646,0.0],[21.2208,79.3646,0.0],[21.225,79.3667,0.0],[21.2375,79.3667,0.0],[21.2417,79.3688,1.9819],[21.2687,79.3708,2.0368],[21.2729,79.3729,1.6462],[21.2792,79.3729,1.1976],[21.2833,79.3708,0.0],[21.3021,79.3708,0.0],[21.3063,79.3729,1.9449],[21.3396,79.3729,0.0],[21.3438,79.375,2.093],[21.3521,79.375,1.9428],[21.3563,79.3729,0.0],[21.3917,79.3729,2.1537],[21.3958,79.3708,0.0],[21.4146,79.3729,0.5675],[21.4188,79.3708,1.387],[21.4333,79.3708,1.4331],[21.4375,79.3688,0.0],[21.5187,79.3688,1.6063],[21.5229,79.3667,0.3407],[21.5604,79.3667,2.3268],[21.5646,79.3646,0.0],[21.5896,79.3646,1.4461],[21.5938,79.3625,0.0],[21.6313,79.3625,0.0657],[21.6417,79.3583,0.0],[21.6688,79.3583,0.0],[21.6854,79.3521,0.0],[21.6911,79.3516,0.0],[21.688,79.3484,0.0],[21.6958,79.3458,0.0],[21.7042,79.3458,0.0],[21.7083,79.3479,0.0],[21.7479,79.3479,1.6058],[21.7521,79.3458,0.0],[21.7667,79.3458,0.0],[21.7771,79.3417,0.0],[21.7958,79.3417,0.0],[21.8,79.3438,0.0],[21.8083,79.3438,0.0],[21.8099,79.3422,0.0],[21.8068,79.3401,0.0],[21.8208,79.3354,0.0],[21.8292,79.3354,0.0],[21.8375,79.3396,0.0],[21.8479,79.3396,0.0],[21.8521,79.3417,0.0],[21.875,79.3417,0.0],[21.8766,79.3432,0.0],[21.8604,79.3438,0.0],[21.8589,79.3453,0.0],[21.8729,79.3458,0.0],[21.8771,79.3479,0.0],[21.9104,79.3479,0.0],[21.9146,79.35,0.0],[21.9604,79.35,0.0],[21.9646,79.3521,0.0],[21.975,79.3521,0.0],[21.9792,79.3542,0.0],[22.0125,79.3542,0.0],[22.0208,79.3583,0.0],[22.0333,79.3583,0.0],[22.0417,79.3625,0.0],[22.0479,79.3625,0.0],[22.0604,79.3583,0.0],[22.0729,79.3583,0.0],[22.0771,79.3562,0.0],[22.0854,79.3562,0.0],[22.0911,79.3588,0.0],[22.0896,79.3604,0.0],[22.0646,79.3604,0.0],[22.0547,79.363,0.0],[22.0563,79.3646,0.0],[22.0646,79.3646,0.0],[22.0688,79.3625,0.0],[22.0875,79.3625,0.0],[22.0958,79.3667,0.0],[22.1146,79.3667,0.0],[22.1161,79.3651,0.0],[22.1083,79.3625,0.0],[22.0979,79.3625,0.0],[22.0964,79.3609,0.0],[22.1042,79.3583,0.0],[22.1313,79.3583,0.0],[22.1417,79.3542,0.0],[22.1479,79.3542,0.0],[22.1495,79.3557,0.0],[22.1354,79.3604,0.0],[22.1208,79.3604,0.0],[22.1193,79.362,0.0],[22.1313,79.3625,0.0],[22.1354,79.3646,0.0],[22.1542,79.3625,0.0],[22.1625,79.3667,0.0],[22.1854,79.3667,0.0],[22.1896,79.3688,0.0],[22.1979,79.3688,0.0],[22.2083,79.3646,0.0],[22.2271,79.3646,0.0],[22.2328,79.3672,0.0],[22.2313,79.3688,0.0],[22.2167,79.3688,0.0],[22.2089,79.3714,0.0],[22.2104,79.3729,0.0],[22.2167,79.3729,0.0],[22.2208,79.3708,0.0],[22.2396,79.3708,0.0],[22.2438,79.3729,0.0],[22.287,79.3724,0.0],[22.2854,79.3708,0.0],[22.2484,79.3703,0.0],[22.25,79.3688,0.0],[22.2661,79.3682,0.0],[22.2589,79.363,0.0],[22.2667,79.3625,0.0],[22.2792,79.3688,0.0],[22.2979,79.3688,0.0],[22.3021,79.3667,0.0],[22.3224,79.3672,0.0],[22.3208,79.3688,0.0],[22.3062,79.3688,0.0],[22.2984,79.3714,0.0],[22.3042,79.375,0.0],[22.3333,79.375,0.0],[22.3458,79.3708,0.0],[22.3854,79.3708,0.0],[22.387,79.3724,0.0],[22.3818,79.3745,0.0],[22.4063,79.3771,0.0],[22.4167,79.3729,0.0],[22.425,79.3729,0.0],[22.4333,79.3771,0.0],[22.4438,79.3771,0.0],[22.4521,79.3812,0.0],[22.5063,79.3812,0.0],[22.5438,79.3688,0.0],[22.5625,79.3688,0.0],[22.5667,79.3708,0.0],[22.5792,79.3708,0.0],[22.5875,79.375,0.0],[22.6063,79.375,0.0],[22.6078,79.3734,0.0],[22.6026,79.3714,0.0],[22.6313,79.3688,0.0],[22.6354,79.3708,0.0],[22.6583,79.3708,0.0],[22.6667,79.375,0.0],[22.7521,79.375,0.0],[22.7563,79.3729,0.0],[22.7625,79.3729,0.0],[22.7641,79.3745,0.0],[22.7589,79.3766,0.0],[22.7687,79.3771,0.0],[22.7766,79.3745,0.0],[22.7693,79.3693,0.0],[22.7958,79.3688,0.0],[22.8,79.3667,0.0],[22.8354,79.3667,0.0],[22.8396,79.3646,0.0],[22.8479,79.3646,0.0],[22.8521,79.3667,0.0],[22.8583,79.3667,0.0],[22.8625,79.3646,0.0],[22.8708,79.3646,0.0],[22.8724,79.3662,0.0],[22.8667,79.3667,0.0],[22.8651,79.3682,0.0],[22.8854,79.3688,0.0],[22.887,79.3672,0.0],[22.8797,79.363,0.0],[22.8911,79.3599,2.2202],[22.888,79.3568,0.0],[22.9042,79.3562,38.9936],[22.9146,79.3521,75.8063],[22.9203,79.3516,83.67],[22.9188,79.35,89.2525],[22.9063,79.35,78.4838],[22.8937,79.3438,89.0278],[22.8813,79.3438,81.0919],[22.8771,79.3417,82.0016],[22.8422,79.3411,60.1645],[22.85,79.3375,69.9311],[22.8557,79.337,73.8672],[22.8542,79.3354,73.6797],[22.8458,79.3354,69.2386],[22.8354,79.3396,55.0926],[22.8271,79.3396,47.8641],[22.8146,79.3333,48.2281],[22.8026,79.3328,40.3724],[22.8078,79.3297,46.1237],[22.7766,79.3151,37.5688],[22.7646,79.3146,28.1445],[22.7526,79.3099,17.4917],[22.7542,79.3083,19.1874],[22.7661,79.3057,27.5872],[22.763,79.3026,26.6851],[22.7682,79.3005,30.7819],[22.7651,79.2984,26.0243],[22.7703,79.2974,27.1884],[22.7672,79.2943,20.6554],[22.7729,79.2937,23.6331],[22.7896,79.2875,29.3054],[22.8057,79.287,35.5609],[22.7984,79.2818,25.8797],[22.8125,79.2771,25.5522],[22.8286,79.2766,30.2841],[22.8255,79.2734,24.8883],[22.8307,79.2714,24.9557],[22.8276,79.2693,21.3062],[22.8391,79.2662,21.9012],[22.8359,79.2641,18.5949],[22.8375,79.2625,15.3939],[22.8536,79.262,0.0],[22.8505,79.2599,0.0],[22.8521,79.2583,0.0],[22.8646,79.2583,11.8747],[22.8688,79.2562,4.8045],[22.9063,79.2562,15.669],[22.9229,79.25,0.0],[22.9375,79.25,14.8262],[22.9417,79.2479,0.0],[22.9896,79.2479,14.1867],[22.9938,79.2458,0.0],[23.0563,79.2479,0.0],[23.0604,79.2458,0.0],[23.1417,79.2458,0.0],[23.1458,79.2438,0.0],[23.1625,79.2438,0.0],[23.1667,79.2458,0.0],[23.175,79.2458,0.0],[23.1766,79.2443,0.0],[23.1714,79.2422,0.0],[23.1875,79.2417,35.2137],[23.1917,79.2396,32.7213],[23.2062,79.2396,36.9506],[23.2167,79.2354,0.0],[23.2292,79.2354,35.4501],[23.2333,79.2333,28.8489],[23.2479,79.2333,31.4159],[23.2495,79.2318,31.1653],[23.2464,79.2297,0.0],[23.2542,79.2271,0.0],[23.2687,79.2271,30.4814],[23.2792,79.2229,22.6945],[23.3042,79.2229,0.0],[23.3083,79.2208,0.0],[23.3146,79.2208,0.0],[23.3188,79.2229,0.0],[23.325,79.2229,0.0],[23.3292,79.2208,0.0],[23.3667,79.2208,0.0],[23.3708,79.2188,0.0],[23.3958,79.2188,45.8801],[23.4,79.2167,0.0],[23.4125,79.2167,16.8222],[23.4229,79.2125,0.0],[23.4521,79.2125,0.0],[23.4562,79.2146,13.5583],[23.4646,79.2146,20.7591],[23.4688,79.2125,0.0],[23.5042,79.2125,0.0],[23.5083,79.2104,0.0],[23.5271,79.2125,0.0],[23.5375,79.2083,0.0],[23.5438,79.2083,0.0],[23.5479,79.2104,0.0],[23.5771,79.2104,0.0],[23.5812,79.2083,0.0],[23.6729,79.2083,0.0],[23.6833,79.2042,0.0],[23.6917,79.2042,0.0],[23.6958,79.2063,0.0],[23.8188,79.2063,0.0],[23.8229,79.2083,0.0],[23.9063,79.2083,0.0],[23.9104,79.2063,0.0],[23.9292,79.2063,0.0],[23.9375,79.2104,0.0],[23.95,79.2104,0.0],[23.9625,79.2167,0.0],[23.9766,79.2172,0.0],[23.9693,79.2203,0.0],[23.9745,79.2214,0.0],[24.0141,79.2401,0.0],[24.0089,79.2432,23.1225],[24.0167,79.2458,0.0],[24.0286,79.2464,0.0],[24.0271,79.2479,0.0],[24.0146,79.2479,0.0],[24.013,79.2495,0.0],[24.0203,79.2526,0.0],[24.0151,79.2557,18.6578],[24.0224,79.2589,13.3814],[24.0172,79.262,27.2279],[24.0292,79.2667,0.0],[24.0396,79.2667,0.0],[24.0542,79.2729,0.0],[24.0646,79.2729,0.0],[24.0688,79.275,0.0],[24.0917,79.275,0.0],[24.0958,79.2771,0.0],[24.1229,79.2792,0.0],[24.1271,79.2813,31.491],[24.15,79.2813,0.0],[24.1542,79.2833,0.0],[24.1667,79.2833,0.0],[24.175,79.2875,32.1651],[24.1875,79.2875,0.0],[24.1958,79.2917,14.3665],[24.2083,79.2917,0.0],[24.2167,79.2958,14.8546],[24.2438,79.2979,0.0],[24.2521,79.3021,28.911],[24.2813,79.3042,0.0],[24.2896,79.3083,0.0],[24.3167,79.3104,0.0],[24.3208,79.3125,0.0],[24.3396,79.3125,0.0],[24.3438,79.3104,0.0],[24.35,79.3104,0.0],[24.3583,79.3146,30.5528],[24.4375,79.3146,0.0],[24.4417,79.3167,0.0],[24.4604,79.3146,0.0],[24.4646,79.3167,0.0],[24.4833,79.3167,0.0],[24.4875,79.3146,0.0],[24.4938,79.3146,0.0],[24.4953,79.3161,0.0],[24.4901,79.3182,0.0],[24.4979,79.3208,0.0],[24.5313,79.3208,0.0],[24.5354,79.3229,0.0],[24.5583,79.3229,0.0],[24.5625,79.325,0.0],[24.575,79.325,0.0],[24.5792,79.3271,0.0],[24.6021,79.3271,0.0],[24.6063,79.3292,0.0],[24.6188,79.3292,0.0],[24.6229,79.3313,0.0],[24.6396,79.3292,0.0],[24.6411,79.3307,0.0],[24.6359,79.3328,0.0],[24.6437,79.3354,27.6439],[24.65,79.3354,21.2598],[24.6542,79.3333,0.0],[24.6729,79.3333,0.0],[24.6854,79.3396,19.3957],[24.6979,79.3396,0.0],[24.7021,79.3417,0.0],[24.7146,79.3417,0.0],[24.7188,79.3438,0.0],[24.7583,79.3438,0.0],[24.7625,79.3417,0.0],[24.7708,79.3417,0.0],[24.7833,79.3479,0.0],[24.8063,79.3479,0.0],[24.8167,79.3521,0.0],[24.8354,79.3521,0.0],[24.8396,79.35,0.0],[24.8458,79.35,0.0],[24.85,79.3521,0.0],[24.8729,79.3521,0.0],[24.8771,79.3542,0.0],[24.9,79.3542,0.0],[24.9104,79.3583,0.0],[24.9182,79.3578,0.0],[24.9151,79.3557,0.0],[24.9167,79.3542,0.0],[24.9917,79.3542,0.0],[24.9958,79.3562,0.0],[25.0125,79.3562,0.0],[25.0167,79.3542,0.0],[25.0646,79.3542,18.3058],[25.0688,79.3521,0.0],[25.1271,79.3521,0.0],[25.1312,79.35,0.0],[25.1396,79.35,0.0],[25.1437,79.3521,0.0],[25.1771,79.3521,0.0],[25.1813,79.3542,0.0],[25.1938,79.3542,0.0],[25.1979,79.3562,19.1327],[25.2104,79.3562,0.0],[25.2146,79.3583,0.0],[25.2271,79.3583,0.0],[25.2354,79.3625,31.2019],[25.2583,79.3625,0.0],[25.2625,79.3646,25.45],[25.2687,79.3646,0.0],[25.2729,79.3625,0.0],[25.2813,79.3625,0.0],[25.3,79.3708,29.7867],[25.3125,79.3708,32.3123],[25.3167,79.3729,29.7113],[25.35,79.3729,0.0],[25.3896,79.3896,23.1743],[25.4021,79.3896,0.0],[25.4146,79.3958,0.0],[25.4396,79.3958,0.0],[25.4479,79.4,0.0],[25.4604,79.4,0.0],[25.4833,79.4104,28.2856],[25.5125,79.4125,0.0],[25.5167,79.4146,0.0],[25.5292,79.4146,0.0],[25.5479,79.4229,0.0],[25.5604,79.4229,0.0],[25.5661,79.4255,0.0],[25.5609,79.4276,24.9234],[25.5625,79.4292,27.8141],[25.5854,79.4292,14.6416],[25.5896,79.4313,28.5315],[25.6187,79.4333,31.5014],[25.6333,79.4396,42.0632],[25.6458,79.4396,39.3794],[25.6474,79.4411,40.0079],[25.6422,79.4432,44.0335],[25.6578,79.4443,37.7726],[25.6661,79.4484,36.5901],[25.6609,79.4516,44.9023],[25.6818,79.4599,47.9071],[25.7078,79.4609,33.1954],[25.7062,79.4625,34.7058],[25.6922,79.463,48.8089],[25.6964,79.4661,45.8665],[25.7104,79.4667,38.3204],[25.725,79.4729,45.4732],[25.7391,79.4734,37.9944],[25.7432,79.4766,35.1153],[25.738,79.4786,38.9165],[25.7432,79.4807,36.1941],[25.7375,79.4812,40.3343],[25.7359,79.4828,40.4907],[25.7453,79.4859,43.6862],[25.7401,79.4891,53.9282],[25.7453,79.4912,55.4517],[25.7339,79.4943,57.8439],[25.737,79.4974,57.724],[25.7318,79.4984,58.0918],[25.7349,79.5016,57.7562],[25.7297,79.5036,50.5161],[25.7349,79.5057,49.7012],[25.7146,79.5125,42.7055],[25.6813,79.5146,43.8935],[25.6708,79.5188,33.726],[25.6583,79.5188,38.6626],[25.6568,79.5203,39.8639],[25.6599,79.5224,37.8406],[25.6583,79.5229,37.8012],[25.6458,79.5229,39.5232],[25.6234,79.5297,32.6499],[25.6286,79.5328,27.3838],[25.6234,79.5349,39.0027],[25.6328,79.538,13.0913],[25.6313,79.5396,14.0066],[25.6255,79.5401,12.8481],[25.6307,79.5432,22.9833],[25.6193,79.5463,24.1806],[25.6224,79.5495,22.105],[25.6109,79.5537,30.9242],[25.625,79.5542,23.5503],[25.6266,79.5557,23.8468],[25.6104,79.5563,30.6752],[25.6089,79.5578,31.8008],[25.6245,79.5589,29.0632],[25.6193,79.5609,27.93],[25.6208,79.5625,35.3053],[25.6458,79.5625,0.0],[25.6516,79.5651,0.0],[25.6464,79.5672,0.0],[25.6505,79.5703,0.0],[25.6661,79.5714,0.0],[25.6609,79.5734,21.2331],[25.6625,79.575,24.8648],[25.6875,79.575,0.0],[25.6917,79.5771,0.0],[25.7042,79.5771,0.0],[25.7057,79.5787,0.0],[25.7005,79.5807,0.0],[25.7146,79.5813,0.0],[25.7188,79.5833,0.0],[25.7313,79.5833,0.0],[25.7396,79.5875,0.0],[25.7687,79.5896,0.0],[25.7771,79.5938,0.0],[25.7896,79.5938,0.0],[25.8,79.5979,0.0],[25.8229,79.5979,0.0],[25.8271,79.6,29.6052],[25.875,79.6,0.0],[25.8833,79.6042,0.0],[25.8917,79.6042,0.0],[25.8958,79.6021,0.0],[25.9271,79.6021,0.0],[25.9328,79.6047,0.0],[25.9276,79.6068,0.0],[25.9292,79.6083,0.0],[25.9604,79.6083,0.0],[25.962,79.6068,0.0],[25.9568,79.6047,0.0],[25.9771,79.6042,0.0],[25.9979,79.6125,0.0],[26.0104,79.6125,0.0],[26.0146,79.6146,0.0],[26.0271,79.6146,0.0],[26.0313,79.6167,0.0],[26.0542,79.6167,0.0],[26.0688,79.6229,0.0],[26.0812,79.6229,0.0],[26.0854,79.625,0.0],[26.1042,79.625,0.0],[26.1083,79.6229,0.0],[26.1167,79.6229,0.0],[26.1182,79.6245,0.0],[26.113,79.6266,0.0],[26.1271,79.6271,0.0],[26.1313,79.6292,0.0],[26.1563,79.6292,0.0],[26.1646,79.6333,0.0],[26.1771,79.6333,0.0],[26.1813,79.6354,0.0],[26.2062,79.6354,0.0],[26.2104,79.6375,0.0],[26.2229,79.6375,0.0],[26.2286,79.6401,0.0],[26.2234,79.6432,0.0],[26.2333,79.6438,0.0],[26.2375,79.6417,0.0],[26.2438,79.6417,0.0],[26.2516,79.6443,0.0],[26.2464,79.6474,0.0],[26.2521,79.65,0.0],[26.2708,79.6479,0.0],[26.2724,79.6495,0.0],[26.2672,79.6516,34.8749],[26.2813,79.6521,0.0],[26.2854,79.6542,0.0],[26.3,79.6542,0.0],[26.3042,79.6563,0.0],[26.3167,79.6563,0.0],[26.3224,79.6589,0.0],[26.3172,79.662,0.0],[26.3292,79.6667,0.0],[26.3417,79.6667,0.0],[26.3458,79.6687,0.0],[26.3646,79.6687,0.0],[26.3688,79.6667,0.0],[26.3771,79.6667,0.0],[26.3786,79.6682,0.0],[26.3672,79.6724,0.0],[26.3729,79.675,0.0],[26.3854,79.675,0.0],[26.3958,79.6792,0.0],[26.4083,79.6792,0.0],[26.4203,79.6839,0.0],[26.4151,79.6859,0.0],[26.4167,79.6875,0.0],[26.4292,79.6875,0.0],[26.4333,79.6896,0.0],[26.4708,79.6896,0.0],[26.4724,79.6911,0.0],[26.4667,79.6917,0.0],[26.4651,79.6932,0.0],[26.475,79.6937,0.0],[26.4792,79.6917,0.0],[26.4875,79.6917,0.0],[26.4958,79.6958,0.0],[26.5146,79.6937,0.0],[26.5187,79.6958,0.0],[26.5333,79.6958,0.0],[26.5495,79.7026,0.0],[26.5443,79.7047,0.0],[26.5458,79.7063,0.0],[26.5938,79.7063,0.0],[26.6057,79.7109,0.0],[26.6005,79.713,0.0],[26.6057,79.7161,0.0],[26.6005,79.7182,0.0],[26.6099,79.7214,0.0],[26.6047,79.7234,0.0],[26.6078,79.7266,0.0],[26.5964,79.7307,0.0],[26.6161,79.738,0.0],[26.6109,79.7412,0.0],[26.6266,79.7464,0.0],[26.6214,79.7495,0.0],[26.6354,79.75,0.0],[26.6458,79.7542,0.0],[26.6708,79.7542,0.0],[26.6766,79.7578,0.0],[26.6625,79.7583,0.0],[26.6609,79.7599,0.0],[26.6729,79.7646,0.0],[26.6979,79.7646,0.0],[26.7062,79.7688,0.0],[26.75,79.7688,31.9434],[26.7604,79.7646,0.0],[26.7667,79.7646,0.0],[26.7771,79.7688,11.2935],[26.7911,79.7693,0.0],[26.7896,79.7708,0.0],[26.7734,79.7714,36.3379],[26.775,79.7729,31.7673],[26.8,79.7729,0.0],[26.8104,79.7771,0.0],[26.8229,79.7771,0.0],[26.8271,79.7792,0.0],[26.8583,79.7792,0.0],[26.8625,79.7771,0.0],[26.8771,79.7771,0.0],[26.8812,79.775,0.0],[26.8875,79.775,0.0],[26.8917,79.7771,9.2825],[26.9229,79.7792,0.0],[26.9245,79.7807,8.025],[26.9193,79.7818,15.0802],[26.9224,79.7849,10.1113],[26.9172,79.787,0.0],[26.9333,79.7875,0.0],[26.9375,79.7896,0.0],[26.9562,79.7896,0.0],[26.9729,79.7833,0.0],[26.9813,79.7833,0.0],[26.9854,79.7854,0.0],[26.9979,79.7854,0.0],[26.9995,79.787,0.0],[26.988,79.7911,0.0],[26.9937,79.7937,13.8239],[27.0083,79.7937,0.0],[27.0125,79.7958,9.567],[27.0203,79.7953,0.0],[27.0172,79.7932,0.0],[27.0187,79.7917,0.0],[27.025,79.7917,0.0],[27.0328,79.7943,0.0],[27.0276,79.7974,0.0],[27.0417,79.7979,0.0],[27.0495,79.8005,0.0],[27.0536,79.8037,0.0],[27.0458,79.8063,0.0],[27.0333,79.8063,0.0],[27.0318,79.8078,0.0],[27.0583,79.8083,0.0],[27.0641,79.8109,0.0],[27.0589,79.8141,0.0],[27.0667,79.8167,24.1476],[27.0917,79.8167,0.0],[27.0932,79.8182,0.0],[27.088,79.8203,0.0],[27.0974,79.8234,0.0],[27.0922,79.8266,0.0],[27.1,79.8292,0.0],[27.1188,79.8271,0.0],[27.1203,79.8287,0.0],[27.1151,79.8307,0.0],[27.1479,79.8292,0.0],[27.1557,79.8318,0.0],[27.1599,79.8349,0.0],[27.1484,79.8391,0.0],[27.175,79.8396,0.0],[27.1766,79.8411,0.0],[27.1604,79.8417,0.0],[27.1464,79.8474,0.0],[27.1563,79.8479,0.0],[27.1604,79.8458,0.0],[27.1807,79.8464,0.0],[27.1568,79.8547,0.0],[27.1682,79.8588,0.0],[27.163,79.862,0.0],[27.1771,79.8625,0.0],[27.1849,79.8651,0.0],[27.1833,79.8667,0.0],[27.1672,79.8672,0.0],[27.1724,79.8703,0.0],[27.1672,79.8714,0.0],[27.1703,79.8745,0.0],[27.1651,79.8766,0.0],[27.1745,79.8797,0.0],[27.163,79.8839,47.4755],[27.1682,79.887,0.0],[27.1521,79.8875,63.0433],[27.1354,79.8938,28.452],[27.1208,79.8938,70.6732],[27.063,79.913,105.4872],[27.0724,79.9182,86.1619],[27.0547,79.9245,84.5857],[27.0661,79.9287,64.1274],[27.0604,79.9292,66.8436],[27.0464,79.9349,80.6348],[27.1016,79.9547,29.7568],[27.0964,79.9578,20.495],[27.1042,79.9604,9.1821],[27.1182,79.9609,0.0],[27.113,79.9641,24.8667],[27.1182,79.9661,16.2015],[27.0984,79.9714,75.0445],[27.1036,79.9745,37.906],[27.0922,79.9776,60.2538],[27.1016,79.9828,40.9478],[27.0938,79.9854,57.4147],[27.0776,79.9859,92.5627],[27.0932,79.9922,68.6561],[27.088,79.9953,66.8234],[27.0932,79.9974,58.2437],[27.088,79.9995,64.547],[27.1036,80.0005,0.0],[27.0922,80.0047,44.8183],[27.0974,80.0078,0.0],[27.0922,80.0099,44.0167],[27.1063,80.0104,0.0],[27.1141,80.013,0.0],[27.1089,80.0151,12.8616],[27.1104,80.0167,4.2835],[27.1245,80.0172,0.0],[27.1193,80.0193,4.5399],[27.1245,80.0224,0.0],[27.1193,80.0245,14.9219],[27.1333,80.025,0.0],[27.1411,80.0276,0.0],[27.1359,80.0297,4.6039],[27.1375,80.0313,8.9709],[27.15,80.0313,0.0],[27.1771,80.0417,79.203],[27.2042,80.0417,0.0],[27.2266,80.0505,18.8235],[27.2151,80.0547,42.6665],[27.2203,80.0578,3.072],[27.2089,80.0609,12.6849],[27.213,80.0641,8.8952],[27.2182,80.0651,0.6459],[27.2068,80.0693,3.3954],[27.212,80.0724,0.0],[27.1979,80.0771,0.0],[27.1833,80.0771,1.7805],[27.1792,80.0792,0.0],[27.1646,80.0792,3.4591],[27.1604,80.0813,0.0],[27.1333,80.0813,3.0723],[27.1292,80.0833,0.0],[27.0667,80.0833,5.7416],[27.0625,80.0854,0.0],[27.0542,80.0854,0.0],[27.05,80.0833,0.0],[27.0125,80.0833,0.0],[27.0083,80.0813,0.0],[26.9708,80.0813,0.0],[26.9667,80.0792,0.0],[26.9458,80.0792,0.0],[26.938,80.0828,0.0],[26.9458,80.0854,0.0],[26.9583,80.0854,0.0],[26.9599,80.087,0.0],[26.9208,80.1,0.0],[26.9063,80.1,11.5457],[26.8958,80.1042,22.7023],[26.8901,80.1047,21.3897],[26.8953,80.1078,0.0],[26.8901,80.1099,7.5474],[26.8953,80.112,0.0],[26.8755,80.1172,26.2318],[26.8807,80.1193,0.0],[26.8792,80.1208,0.0],[26.8646,80.1208,36.63],[26.8271,80.1333,0.0],[26.7938,80.1354,33.9556],[26.7797,80.1401,25.7133],[26.7849,80.1432,24.6052],[26.7625,80.15,17.235],[26.6875,80.15,49.4359],[26.6833,80.1521,0.0],[26.6563,80.1521,35.8672],[26.6521,80.1542,0.0],[26.6375,80.1542,39.7654],[26.6333,80.1563,0.0],[26.6125,80.1542,79.7542],[26.6021,80.1583,0.0],[26.575,80.1583,0.0],[26.5708,80.1604,0.0],[26.4833,80.1604,68.8607],[26.4792,80.1625,0.0],[26.4646,80.1625,34.0464],[26.4604,80.1646,0.0],[26.3854,80.1646,23.4139],[26.375,80.1687,0.0],[26.3417,80.1708,0.0],[26.3375,80.1729,0.0],[26.3292,80.1729,0.0],[26.325,80.1708,0.0],[26.2792,80.1708,44.564],[26.275,80.1729,33.125],[26.2354,80.1729,53.0898],[26.2313,80.175,0.0],[26.225,80.175,0.0],[26.2208,80.1729,50.6916],[26.1875,80.1729,26.62],[26.1833,80.175,0.0],[26.175,80.175,0.0],[26.1708,80.1729,21.1441],[26.1146,80.1729,35.7284],[26.1104,80.175,0.0],[26.0958,80.175,21.2812],[26.0917,80.1771,0.0],[26.0708,80.1771,0.0],[26.0667,80.175,37.6903],[26.0542,80.175,0.0],[26.05,80.1729,17.8338],[26.0104,80.1729,0.0],[26.0063,80.1708,0.0],[25.9984,80.1713,0.0],[26.0016,80.1734,0.0],[26.0,80.175,0.0],[25.9688,80.175,0.0],[25.9609,80.1713,0.0],[25.9896,80.1708,0.0],[25.9911,80.1693,0.0],[25.9833,80.1667,0.0],[25.9583,80.1667,0.0],[25.9479,80.1625,17.8578],[25.9318,80.1651,0.0],[25.937,80.1672,0.0],[25.9354,80.1687,0.0],[25.9271,80.1687,0.0],[25.9229,80.1667,0.0],[25.9021,80.1667,0.0],[25.8917,80.1708,0.0],[25.8646,80.1708,0.0],[25.8604,80.1729,0.0],[25.8396,80.1729,0.0],[25.8339,80.1703,0.0],[25.8354,80.1687,0.0],[25.85,80.1687,0.0],[25.8578,80.1661,0.0],[25.8521,80.1625,0.0],[25.8438,80.1625,0.0],[25.8396,80.1646,0.0],[25.825,80.1646,0.0],[25.8208,80.1667,0.0],[25.8042,80.1667,0.0],[25.8,80.1687,0.0],[25.7854,80.1687,0.0],[25.7813,80.1708,0.0],[25.7667,80.1708,0.0],[25.7589,80.1745,0.0],[25.7667,80.1771,0.0],[25.7729,80.1771,0.0],[25.7771,80.175,0.0],[25.7938,80.175,0.0],[25.7979,80.1729,0.0],[25.8167,80.1729,0.0],[25.8271,80.1771,0.0],[25.8396,80.1771,0.0],[25.8438,80.1792,0.0],[25.8521,80.1792,0.0],[25.8563,80.1771,0.0],[25.8708,80.1771,0.0],[25.875,80.175,0.0],[25.9021,80.175,0.0],[25.9063,80.1729,0.0],[25.9208,80.1729,0.0],[25.925,80.1708,0.0],[25.9333,80.1708,0.0],[25.9349,80.1724,0.0],[25.9271,80.175,0.0],[25.8937,80.1771,0.0],[25.8896,80.1792,0.0],[25.8625,80.1792,0.0],[25.8521,80.1833,0.0],[25.8354,80.1833,0.0],[25.825,80.1875,2.7037],[25.7917,80.1896,51.4006],[25.7901,80.1911,53.2616],[25.7932,80.1932,19.9815],[25.788,80.1943,23.6892],[25.7896,80.1958,16.919],[25.8042,80.1958,0.0],[25.8125,80.2,1.9983],[25.8208,80.2,3.4154],[25.8286,80.1974,0.0],[25.8245,80.1943,0.0],[25.8193,80.1932,0.0],[25.8208,80.1917,0.0],[25.8292,80.1917,0.0],[25.8396,80.1958,0.0],[25.8521,80.1958,0.0],[25.8563,80.1979,0.0],[25.8849,80.1984,0.0],[25.8688,80.2042,0.0],[25.8042,80.2042,35.6932],[25.7938,80.2083,0.0],[25.7604,80.2083,0.0],[25.7563,80.2063,0.0],[25.7125,80.2063,0.0],[25.7047,80.2099,0.0],[25.7167,80.2146,0.0],[25.7292,80.2146,0.0],[25.7307,80.2161,0.0],[25.7104,80.2229,0.0],[25.6896,80.2229,0.0],[25.675,80.2167,0.0],[25.6542,80.2167,0.0],[25.65,80.2188,0.0],[25.6417,80.2188,0.0],[25.6375,80.2167,0.0],[25.6167,80.2167,0.0],[25.6125,80.2188,0.0],[25.6042,80.2188,0.0],[25.5984,80.2151,0.0],[25.6099,80.2109,0.0],[25.5979,80.2063,0.0],[25.5854,80.2063,0.0],[25.5812,80.2042,0.0],[25.5729,80.2042,0.0],[25.5688,80.2063,0.0],[25.5542,80.2063,35.6977],[25.5443,80.2099,154.3733],[25.5521,80.2125,103.6875],[25.5729,80.2125,0.0],[25.5771,80.2104,0.0],[25.5833,80.2104,0.0],[25.5911,80.2141,0.0],[25.575,80.2146,0.0],[25.5708,80.2167,0.0],[25.5563,80.2167,0.0],[25.5521,80.2188,0.0],[25.5354,80.2188,0.0],[25.5313,80.2208,0.0],[25.5125,80.2208,0.0],[25.5083,80.2188,0.0],[25.4813,80.2188,15.8309],[25.4771,80.2167,5.1212],[25.4583,80.2167,17.5486],[25.4542,80.2188,18.0437],[25.4375,80.2188,51.2046],[25.4333,80.2208,2.7346],[25.4146,80.2188,0.0],[25.4104,80.2208,0.0],[25.375,80.2229,0.0],[25.3734,80.2245,0.0],[25.3786,80.2266,0.0],[25.3625,80.2271,0.0],[25.3583,80.2292,0.0],[25.3375,80.2271,0.0],[25.3151,80.2338,0.0],[25.3208,80.2375,0.0],[25.3354,80.2375,0.0],[25.3411,80.2401,0.0],[25.3396,80.2417,0.0],[25.3208,80.2417,0.0],[25.3104,80.2375,0.0],[25.2979,80.2375,0.0],[25.2938,80.2354,0.0],[25.2729,80.2375,0.0],[25.2651,80.2349,0.0],[25.2667,80.2333,0.0],[25.2813,80.2333,0.0],[25.3036,80.2266,0.0],[25.2979,80.2229,42.2437],[25.2646,80.2229,31.5767],[25.2604,80.225,0.0],[25.2521,80.225,0.0],[25.2479,80.2229,0.0],[25.2396,80.2229,3.7853],[25.2318,80.2266,78.8225],[25.2479,80.2271,11.9879],[25.2495,80.2286,17.772],[25.2396,80.2312,98.4442],[25.225,80.2312,127.6871],[25.2234,80.2328,110.8903],[25.2391,80.238,0.0],[25.2432,80.2412,0.0],[25.2271,80.2417,3.6216],[25.2167,80.2458,17.1105],[25.1875,80.2458,64.6854],[25.1833,80.2479,77.3303],[25.1688,80.2479,131.5883],[25.1609,80.2505,192.5887],[25.1625,80.2521,203.3821],[25.175,80.2521,173.571],[25.1792,80.2542,164.6384],[25.1938,80.2542,83.4016],[25.1979,80.2562,85.7172],[25.2062,80.2562,86.8948],[25.2104,80.2542,69.7618],[25.2375,80.2542,3.161],[25.2479,80.25,0.0],[25.2536,80.2495,0.0],[25.2484,80.2464,0.0],[25.2563,80.2438,0.0],[25.2646,80.2438,0.0],[25.275,80.2479,0.0],[25.2875,80.2479,0.0],[25.2917,80.25,0.0],[25.3125,80.25,0.0],[25.3167,80.2479,0.0],[25.3521,80.2458,0.0],[25.3563,80.2438,0.0],[25.375,80.2438,0.0],[25.3828,80.2464,0.0],[25.3813,80.2479,0.0],[25.3667,80.2479,0.0],[25.3625,80.25,0.0],[25.3458,80.25,0.0],[25.3354,80.2542,0.0],[25.3068,80.2547,0.0],[25.3146,80.2583,0.0],[25.3271,80.2583,0.0],[25.3417,80.2646,0.0],[25.3578,80.2651,0.0],[25.3479,80.2688,0.0],[25.2833,80.2688,131.1098],[25.2792,80.2708,15.4312],[25.2729,80.2708,0.0],[25.2687,80.2688,79.1965],[25.2604,80.2688,65.9056],[25.2505,80.2714,0.0],[25.2557,80.2745,0.0],[25.2458,80.275,0.0],[25.2417,80.2729,0.0],[25.2104,80.2708,0.0],[25.2,80.2667,0.0],[25.1875,80.2667,0.0],[25.1771,80.2625,0.0],[25.1458,80.2604,0.0],[25.1375,80.2562,50.1446],[25.1167,80.2562,0.0],[25.1063,80.2604,0.0],[25.0854,80.2583,0.0],[25.0755,80.2609,0.0],[25.0807,80.2641,0.0],[25.0729,80.2667,0.0],[25.0646,80.2667,0.0],[25.0568,80.263,0.0],[25.0625,80.2625,0.0],[25.0703,80.2589,0.0],[25.0625,80.2562,0.0],[25.05,80.2562,0.0],[25.0318,80.2495,0.0],[25.0333,80.2479,0.0],[25.0391,80.2474,0.0],[25.0375,80.2458,0.0],[24.975,80.2458,0.0],[24.9708,80.2438,0.0],[24.9422,80.2432,0.0],[24.9438,80.2417,0.0],[24.9495,80.2412,0.0],[24.9479,80.2396,0.0],[24.9396,80.2396,0.0],[24.9271,80.2438,0.0],[24.9188,80.2438,0.0],[24.9172,80.2422,0.0],[24.9229,80.2417,0.0],[24.9245,80.2401,0.0],[24.8854,80.2396,0.0],[24.8813,80.2375,0.0],[24.8354,80.2375,30.4332],[24.8339,80.2391,26.0884],[24.8417,80.2417,0.0],[24.8667,80.2417,0.0],[24.8682,80.2432,0.0],[24.8609,80.2443,0.0],[24.8661,80.2464,0.0],[24.8646,80.2479,0.0],[24.85,80.2479,0.0],[24.8312,80.2542,0.0],[24.8167,80.2542,0.0],[24.8068,80.2578,64.2421],[24.8146,80.2604,90.6161],[24.8271,80.2604,0.0],[24.8349,80.263,0.0],[24.8276,80.2662,49.0504],[24.838,80.2703,47.5065],[24.8542,80.2708,0.0],[24.8661,80.2755,0.0],[24.8646,80.2771,0.0],[24.85,80.2771,140.4816],[24.8401,80.2797,91.4541],[24.8417,80.2813,8.7626],[24.8563,80.2813,0.0],[24.8578,80.2828,0.0],[24.838,80.2839,8.2972],[24.8396,80.2854,6.5968],[24.8542,80.2854,0.0],[24.8557,80.287,0.0],[24.8422,80.2901,1.3734],[24.8474,80.2922,0.0],[24.8458,80.2937,0.0],[24.8401,80.2943,6.1668],[24.8453,80.2974,6.1518],[24.838,80.2984,29.23],[24.8432,80.3016,40.1523],[24.8359,80.3026,116.5555],[24.862,80.313,85.6262],[24.8484,80.3182,197.6843],[24.8578,80.3214,147.3001],[24.8526,80.3245,168.7579],[24.8578,80.3255,161.9248],[24.862,80.3287,76.6214],[24.8568,80.3297,143.2716],[24.8599,80.3318,180.2757],[24.8583,80.3333,145.1672],[24.8422,80.3339,139.771],[24.8464,80.337,101.7034],[24.8516,80.338,0.0],[24.8438,80.3417,0.0],[24.8083,80.3438,0.0],[24.7958,80.3479,0.0],[24.7875,80.3479,0.0],[24.7833,80.3458,0.0],[24.7734,80.3464,0.0],[24.7786,80.3495,0.0],[24.7734,80.3516,4.9106],[24.7875,80.3521,0.0],[24.7953,80.3547,0.0],[24.7938,80.3562,0.0],[24.7229,80.3562,0.0],[24.7188,80.3542,10.625],[24.6901,80.3536,0.0],[24.7,80.35,0.0],[24.7271,80.35,0.0],[24.7313,80.3479,0.0],[24.7354,80.3479,0.0],[24.7432,80.3453,0.0],[24.738,80.3422,0.0],[24.7453,80.3411,0.0],[24.7401,80.338,0.0],[24.7474,80.337,0.0],[24.7422,80.3339,0.0],[24.7604,80.3333,0.0],[24.7745,80.3287,0.0],[24.7703,80.3255,0.0],[24.7651,80.3245,0.0],[24.7667,80.3229,0.0],[24.7724,80.3224,44.8447],[24.7708,80.3208,24.7551],[24.7563,80.3208,0.0],[24.7521,80.3187,0.0],[24.738,80.3182,0.0],[24.7396,80.3167,0.0],[24.7557,80.3161,13.785],[24.7526,80.313,27.9955],[24.7578,80.3109,39.6325],[24.7443,80.3057,0.0],[24.7495,80.3026,0.0],[24.7443,80.3005,0.0],[24.7516,80.2995,1.7572],[24.7422,80.2953,0.0],[24.7474,80.2922,0.0],[24.725,80.2833,6.2628],[24.7125,80.2833,0.0],[24.7083,80.2813,1.4192],[24.6375,80.2813,75.9903],[24.6297,80.2849,8.5476],[24.6437,80.2854,0.0],[24.6453,80.287,0.0],[24.6104,80.2875,0.0],[24.5734,80.2724,0.0],[24.5786,80.2703,2.0601],[24.5755,80.2672,0.0],[24.5807,80.2662,0.8044],[24.575,80.2625,0.8453],[24.5604,80.2625,0.0],[24.5563,80.2604,0.0],[24.5229,80.2604,7.4977],[24.5187,80.2625,0.0],[24.5,80.2625,0.0],[24.4984,80.2609,0.0],[24.5036,80.2589,0.0],[24.4896,80.2583,0.0],[24.4818,80.2557,0.0],[24.4833,80.2542,0.0],[24.4891,80.2536,0.0],[24.4875,80.2521,0.0],[24.4729,80.2521,0.0],[24.4583,80.2458,0.191],[24.4375,80.2458,2.3464],[24.4297,80.2484,0.0],[24.4328,80.2516,0.0],[24.4276,80.2526,0.0],[24.4328,80.2557,0.0],[24.4146,80.2562,0.0],[24.4068,80.2589,3.3258],[24.4099,80.262,0.0],[24.4047,80.263,0.8413],[24.4078,80.2662,0.0],[24.4026,80.2682,1.7357],[24.4146,80.2729,21.8042],[24.4271,80.2729,0.0],[24.4349,80.2755,0.0],[24.4391,80.2786,0.0],[24.4313,80.2813,0.0],[24.4104,80.2792,1.873],[24.4026,80.2828,0.0],[24.4167,80.2833,0.0],[24.4208,80.2854,0.0],[24.4333,80.2854,0.0],[24.4479,80.2917,16.3729],[24.4688,80.2917,0.3548],[24.4786,80.2891,1.4931],[24.4734,80.287,0.0],[24.475,80.2854,0.0],[24.4958,80.2854,0.0],[24.4974,80.287,0.0],[24.4776,80.2922,0.0],[24.4807,80.2953,0.0],[24.4755,80.2974,0.8181],[24.4896,80.2979,0.0],[24.4974,80.3005,0.0],[24.4958,80.3021,0.0],[24.4901,80.3026,6.1056],[24.4917,80.3042,5.194],[24.5417,80.3042,0.0],[24.5521,80.3083,0.0],[24.5646,80.3083,0.0],[24.575,80.3125,5.2968],[24.5875,80.3125,0.0],[24.5891,80.3141,0.0],[24.5812,80.3167,0.0],[24.5542,80.3167,11.7496],[24.5354,80.3229,24.8925],[24.5313,80.3229,34.3179],[24.5234,80.3266,179.7738],[24.5333,80.3271,178.0607],[24.5375,80.325,73.7817],[24.5458,80.325,10.339],[24.5474,80.3266,57.0472],[24.5417,80.3271,161.1551],[24.5313,80.3313,126.0639],[24.5167,80.3313,125.9879],[24.4979,80.3375,153.7494],[24.4922,80.338,147.1629],[24.5016,80.3422,63.4021],[24.4938,80.3458,0.0],[24.4896,80.3458,0.0],[24.4854,80.3479,0.0],[24.4693,80.3484,18.5542],[24.4708,80.35,0.0],[24.4849,80.3505,0.0],[24.4797,80.3526,0.0],[24.4828,80.3547,0.0],[24.4813,80.3562,0.0],[24.4625,80.3562,0.0],[24.4458,80.35,0.0],[24.4396,80.35,0.0],[24.4354,80.3521,0.0],[24.4063,80.3521,0.0],[24.3958,80.3562,0.0],[24.2917,80.3562,5.5376],[24.2813,80.3604,0.0],[24.2604,80.3604,2.5153],[24.2563,80.3583,12.7553],[24.2104,80.3583,97.98],[24.2062,80.3604,0.0],[24.1979,80.3604,0.0],[24.1938,80.3583,0.0],[24.1813,80.3583,0.0],[24.1563,80.3479,58.7652],[24.1167,80.3479,0.0],[24.1151,80.3464,0.0],[24.1208,80.3458,0.0],[24.1286,80.3422,7.4748],[24.1146,80.3417,0.0],[24.1068,80.3391,0.0],[24.1026,80.3359,0.0],[24.1188,80.3354,27.2748],[24.1313,80.3313,0.0],[24.1771,80.3333,65.8125],[24.1786,80.3318,51.1482],[24.1734,80.3307,38.1458],[24.1693,80.3276,0.0],[24.1979,80.3271,0.0],[24.2021,80.325,0.0],[24.2188,80.325,11.02],[24.2229,80.3229,0.0],[24.25,80.3229,3.4773],[24.2542,80.3208,0.0],[24.2687,80.3208,0.0],[24.2729,80.3187,0.0],[24.3271,80.3187,9.176],[24.3312,80.3167,0.0],[24.3458,80.3167,19.5134],[24.35,80.3146,9.7511],[24.3646,80.3146,12.8881],[24.3688,80.3125,0.0],[24.3979,80.3125,3.5745],[24.4057,80.3089,0.1844],[24.3964,80.3047,0.0],[24.4167,80.3,46.6451],[24.4182,80.2984,131.2073],[24.4083,80.2979,149.6449],[24.3813,80.3063,0.0],[24.3729,80.3063,0.0],[24.3688,80.3042,4.5154],[24.3479,80.3063,2.9085],[24.3438,80.3042,80.8756],[24.3125,80.3042,133.2391],[24.3083,80.3063,104.4563],[24.2901,80.3068,140.9704],[24.2917,80.3083,61.2623],[24.3078,80.3089,21.0674],[24.2979,80.3125,0.0],[24.2646,80.3125,0.0],[24.263,80.3109,0.0],[24.2687,80.3104,0.0],[24.2703,80.3089,0.0],[24.2651,80.3078,0.0],[24.2609,80.3047,0.0],[24.2687,80.3021,0.0],[24.2979,80.3021,55.6995],[24.3083,80.2979,0.0],[24.3438,80.2958,0.0],[24.3542,80.2917,0.0],[24.3599,80.2911,0.0],[24.3505,80.2859,0.0],[24.3667,80.2854,0.0],[24.3766,80.2818,0.0],[24.3688,80.2792,0.0],[24.3563,80.2792,0.0],[24.3417,80.2729,0.0],[24.3333,80.2729,1.4016],[24.3234,80.2755,5.9852],[24.3286,80.2776,0.0],[24.3271,80.2792,0.0],[24.3125,80.2792,1.612],[24.3,80.2833,0.0],[24.2854,80.2833,14.4314],[24.2667,80.2896,0.0],[24.25,80.2896,35.8667],[24.2484,80.2911,31.6966],[24.2536,80.2922,22.7169],[24.2578,80.2953,0.0],[24.25,80.2979,0.0],[24.2401,80.2974,0.0],[24.2453,80.2953,22.5381],[24.2438,80.2937,47.5443],[24.2062,80.2937,144.5603],[24.1979,80.2896,217.2779],[24.1896,80.2896,233.6788],[24.1708,80.2958,26.0692],[24.1625,80.2958,8.1911],[24.1609,80.2943,0.0],[24.1661,80.2922,60.0191],[24.1568,80.288,0.0],[24.1625,80.2875,50.4375],[24.1641,80.2859,147.0778],[24.15,80.2854,0.0],[24.1422,80.2828,0.0],[24.1521,80.2792,0.0],[24.1667,80.2792,0.0],[24.2,80.2688,0.0],[24.2146,80.2688,95.0593],[24.2161,80.2672,41.9399],[24.2021,80.2667,0.0],[24.2005,80.2651,0.0],[24.2167,80.2646,12.5806],[24.2208,80.2625,8.4805],[24.225,80.2625,25.7976],[24.2328,80.2599,18.3484],[24.2297,80.2568,0.0],[24.2411,80.2536,20.0968],[24.2313,80.2479,1.0378],[24.2104,80.25,0.0],[24.1958,80.2438,4.63],[24.1875,80.2438,2.8193],[24.1688,80.25,0.0],[24.1542,80.25,16.4388],[24.1526,80.2516,24.5649],[24.1557,80.2536,11.3204],[24.1333,80.2604,23.8229],[24.1292,80.2604,64.614],[24.1188,80.2646,68.8385],[24.1021,80.2646,189.3409],[24.0854,80.2708,173.9043],[24.0797,80.2714,187.218],[24.0828,80.2734,82.4333],[24.0812,80.275,0.0],[24.0667,80.275,214.82],[24.0479,80.2813,276.5842],[24.0333,80.2813,371.159],[24.0318,80.2828,372.4259],[24.0349,80.2849,318.1902],[24.0187,80.2854,380.1313],[24.0172,80.287,368.1689],[24.0203,80.2891,146.7282],[24.0187,80.2896,148.2348],[23.9833,80.2917,267.2096],[23.9818,80.2932,261.828],[23.987,80.2953,160.5687],[23.9688,80.2958,265.7951],[23.9672,80.2974,246.9288],[23.9724,80.2995,49.2493],[23.9625,80.3021,0.0],[23.9542,80.3021,0.0],[23.9432,80.2963,0.0],[23.938,80.2953,0.0],[23.9453,80.2922,11.7441],[23.9292,80.2917,0.0],[23.9276,80.2901,0.0],[23.9495,80.2849,20.868],[23.9443,80.2818,0.0],[23.9646,80.2771,0.0],[23.9724,80.2734,0.0],[23.9583,80.2729,0.0],[23.9542,80.2708,2.6614],[23.9417,80.2708,0.0],[23.9339,80.2672,0.0],[23.9438,80.2646,0.0],[23.9583,80.2646,0.0],[23.9625,80.2625,0.0],[23.9896,80.2625,0.0],[23.9938,80.2604,0.0],[24.0146,80.2625,12.3446],[24.0271,80.2583,0.0],[24.0417,80.2583,89.8247],[24.0432,80.2568,13.6639],[24.0208,80.2479,0.0],[24.0125,80.2479,0.0],[24.0083,80.25,0.0],[23.9938,80.25,71.6108],[23.9813,80.2542,197.3193],[23.9479,80.2562,298.3763],[23.9438,80.2583,297.6929],[23.9146,80.2583,266.352],[23.9042,80.2625,76.5654],[23.8875,80.2625,193.0696],[23.8833,80.2646,11.7958],[23.8771,80.2646,0.0],[23.8651,80.2599,0.0],[23.8703,80.2578,0.0],[23.8672,80.2547,0.0],[23.8724,80.2526,0.0],[23.8667,80.25,6.2551],[23.8583,80.25,19.6588],[23.8458,80.2542,98.7053],[23.8297,80.2547,194.7614],[23.8328,80.2578,206.3581],[23.8193,80.2609,296.707],[23.8245,80.2641,222.783],[23.8109,80.2672,346.2042],[23.8141,80.2703,321.0232],[23.7917,80.2771,224.0469],[23.7875,80.2771,233.1011],[23.7833,80.2792,150.1846],[23.7687,80.2792,183.0963],[23.7562,80.2833,0.0],[23.7375,80.2833,0.0],[23.7255,80.2786,0.0],[23.7307,80.2755,0.0],[23.7214,80.2714,0.0],[23.7271,80.2708,4.2762],[23.7286,80.2693,9.4575],[23.7193,80.2662,0.0],[23.7208,80.2646,0.0],[23.7328,80.262,10.2697],[23.7286,80.2589,0.0],[23.7234,80.2578,0.0],[23.7307,80.2547,0.0],[23.7146,80.2542,0.0],[23.7089,80.2516,0.0],[23.7104,80.25,0.0],[23.7224,80.2474,0.0],[23.713,80.2422,0.0],[23.7479,80.2438,8.2089],[23.7521,80.2417,0.0],[23.7792,80.2417,0.0],[23.7833,80.2396,0.0],[23.8,80.2396,6.8483],[23.8016,80.238,0.0],[23.7964,80.2359,0.0],[23.8146,80.2354,0.0],[23.8224,80.2318,0.0],[23.8104,80.2271,5.9987],[23.7792,80.2271,115.5738],[23.7693,80.2307,45.0538],[23.7833,80.2312,5.5618],[23.7849,80.2328,0.0],[23.7646,80.2333,0.0],[23.7604,80.2312,25.159],[23.7271,80.2312,40.3837],[23.7229,80.2333,0.0],[23.7146,80.2333,0.0],[23.7104,80.2312,29.088],[23.6979,80.2312,0.0],[23.6901,80.2276,0.0],[23.712,80.2224,29.818],[23.7068,80.2203,0.0],[23.7083,80.2188,0.0],[23.7141,80.2182,0.0],[23.7089,80.2151,0.0],[23.7224,80.212,0.0],[23.7193,80.2089,0.0],[23.7245,80.2068,0.0],[23.7214,80.2047,0.0],[23.7313,80.2021,0.0],[23.7474,80.2016,113.2977],[23.7443,80.1984,0.0],[23.7495,80.1964,39.4637],[23.7464,80.1943,0.0],[23.7599,80.1911,7.9614],[23.7547,80.188,0.0],[23.7708,80.1875,0.0],[23.775,80.1854,0.0],[23.7917,80.1854,29.8883],[23.7932,80.1839,0.0],[23.788,80.1818,0.0],[23.7938,80.1813,0.0],[23.7953,80.1797,0.0],[23.7901,80.1787,0.0],[23.7859,80.1755,0.0],[23.8021,80.175,15.619],[23.8036,80.1734,48.3739],[23.7875,80.1667,56.8769],[23.7625,80.1667,24.7124],[23.7583,80.1646,71.0006],[23.7146,80.1646,236.8656],[23.713,80.1661,247.7647],[23.7203,80.1703,128.1966],[23.7125,80.1729,37.7644],[23.6792,80.1729,0.0],[23.6693,80.1682,0.0],[23.6745,80.1661,103.3222],[23.6703,80.163,100.1696],[23.6583,80.1583,38.5692],[23.6292,80.1563,0.0],[23.6276,80.1547,0.0],[23.6328,80.1526,3.5534],[23.6193,80.1474,0.0],[23.6271,80.1438,0.0],[23.6328,80.1432,0.0],[23.6276,80.1401,0.0],[23.6479,80.1354,2.2747],[23.6495,80.1339,6.5876],[23.6271,80.125,0.0],[23.6021,80.125,0.0],[23.5979,80.1229,29.0783],[23.5854,80.1229,0.0],[23.5839,80.1214,0.0],[23.5896,80.1208,0.0],[23.5911,80.1193,19.7205],[23.5734,80.1182,0.0],[23.575,80.1167,0.0],[23.5807,80.1162,0.0],[23.5792,80.1146,22.6858],[23.5229,80.1146,49.3391],[23.5104,80.1188,11.004],[23.4943,80.1193,0.0],[23.4984,80.1224,3.5807],[23.5036,80.1234,0.0],[23.4964,80.1266,20.9535],[23.5042,80.1292,12.497],[23.5333,80.1312,0.0],[23.5453,80.137,0.0],[23.5271,80.1375,0.6491],[23.5193,80.1401,13.8684],[23.5234,80.1432,9.4113],[23.5286,80.1443,0.0],[23.5271,80.1458,18.0654],[23.5104,80.1458,92.9081],[23.5,80.15,150.3576],[23.4833,80.15,144.094],[23.4609,80.1568,50.6789],[23.4641,80.1599,9.3904],[23.4521,80.1625,70.4206],[23.4505,80.1641,92.0317],[23.4557,80.1651,77.7747],[23.4641,80.1703,53.6261],[23.4464,80.1713,231.9774],[23.4505,80.1745,271.3037],[23.4557,80.1755,277.9269],[23.4484,80.1787,319.9852],[23.4562,80.1813,305.2495],[23.4703,80.1818,203.8667],[23.4745,80.1839,205.5691],[23.4693,80.1859,248.4817],[23.4724,80.1891,135.0357],[23.4562,80.1896,284.7939],[23.4438,80.1937,346.7821],[23.4292,80.1937,352.3345],[23.425,80.1958,201.9083],[23.3901,80.1953,0.0],[23.3917,80.1937,0.0],[23.4036,80.1911,267.1277],[23.3937,80.1854,333.8127],[23.3479,80.1854,0.0],[23.3401,80.188,0.0],[23.3432,80.1901,0.0],[23.3417,80.1917,0.0],[23.3271,80.1917,0.0],[23.3,80.2,0.0],[23.2776,80.1995,0.0],[23.2875,80.1958,0.0],[23.3021,80.1958,0.0],[23.3208,80.1896,0.0],[23.3266,80.1891,0.0],[23.325,80.1875,0.0],[23.3167,80.1875,2.0348],[23.3125,80.1896,0.0],[23.3026,80.1891,0.0],[23.3042,80.1875,0.0],[23.3083,80.1875,3.0609],[23.3333,80.1792,0.0],[23.3479,80.1792,0.0],[23.3521,80.1771,0.0],[23.3563,80.1771,0.0],[23.3667,80.1729,0.0],[23.387,80.1682,7.2593],[23.3839,80.1661,0.0],[23.3854,80.1646,0.0],[23.4016,80.1641,29.828],[23.3974,80.1609,0.0],[23.388,80.1578,0.0],[23.3932,80.1557,0.0],[23.3901,80.1536,0.0],[23.3917,80.1521,0.0],[23.4078,80.1516,56.1142],[23.3995,80.1464,0.0],[23.3943,80.1453,0.0],[23.3958,80.1438,0.0],[23.4016,80.1432,20.9984],[23.3964,80.1401,0.0],[23.4036,80.1391,3.4851],[23.4005,80.1359,0.0],[23.4057,80.1339,10.1549],[23.3922,80.1286,0.0],[23.3995,80.1255,1.1554],[23.3917,80.1229,0.7443],[23.3833,80.1229,5.605],[23.3792,80.125,0.0],[23.3646,80.125,0.7952],[23.3542,80.1292,0.0],[23.3359,80.1297,14.9232],[23.3411,80.1328,0.0],[23.3339,80.1339,14.6484],[23.337,80.137,0.0],[23.3234,80.1401,22.3756],[23.3286,80.1432,0.0],[23.3214,80.1443,11.1725],[23.3266,80.1474,0.0],[23.3193,80.1484,10.9925],[23.3224,80.1516,0.0],[23.3172,80.1526,5.2223],[23.3266,80.1578,0.0],[23.3083,80.1583,17.1544],[23.2979,80.1625,49.4871],[23.2922,80.163,81.5558],[23.2974,80.1651,31.2897],[23.2958,80.1667,15.842],[23.2667,80.1667,141.9881],[23.2625,80.1687,164.3841],[23.2292,80.1708,40.3569],[23.225,80.1729,33.9114],[23.2026,80.1724,0.0],[23.2104,80.1687,0.0],[23.2307,80.1641,2.6014],[23.225,80.1604,17.3746],[23.2104,80.1604,0.0],[23.2089,80.1589,0.0],[23.2271,80.1542,0.0],[23.2417,80.1542,2.8847],[23.2495,80.1516,0.0],[23.2422,80.1464,59.1036],[23.2583,80.1458,39.2362],[23.2625,80.1438,49.4857],[23.2667,80.1438,46.7784],[23.2771,80.1396,56.3156],[23.2813,80.1396,52.7005],[23.3036,80.1328,103.1095],[23.3021,80.1312,143.1891],[23.2813,80.1312,172.19],[23.2797,80.1328,195.9445],[23.2849,80.1349,102.0822],[23.2667,80.1354,246.0199],[23.2479,80.1417,167.2216],[23.2333,80.1417,227.9345],[23.2083,80.15,82.4614],[23.1563,80.15,184.7299],[23.1292,80.1583,0.0],[23.1146,80.1583,12.1582],[23.1104,80.1604,0.0],[23.0896,80.1604,5.5927],[23.0854,80.1583,17.9004],[23.0714,80.1578,0.0],[23.0729,80.1563,0.0],[23.0875,80.1563,10.6918],[23.0974,80.1536,6.6013],[23.0922,80.1516,0.0],[23.0938,80.15,0.0],[23.112,80.1495,15.3831],[23.1068,80.1474,0.0],[23.1083,80.1458,0.0],[23.125,80.1458,6.255],[23.1328,80.1432,10.907],[23.1297,80.1401,0.0],[23.1578,80.1328,4.6455],[23.1547,80.1297,0.0],[23.1682,80.1266,0.0],[23.1589,80.1214,0.0],[23.1807,80.1162,0.0],[23.1729,80.1125,0.0],[23.1589,80.112,11.3249],[23.1604,80.1104,23.6809],[23.1766,80.1099,40.8684],[23.1682,80.1047,107.7631],[23.1417,80.1021,258.9986],[23.1401,80.1036,276.4842],[23.1432,80.1057,274.1417],[23.1271,80.1062,300.5367],[23.1255,80.1078,315.6529],[23.1286,80.1099,285.9994],[23.1234,80.1109,153.0652],[23.125,80.1125,87.6203],[23.1391,80.113,17.1701],[23.1375,80.1146,0.0],[23.0979,80.1167,0.0],[23.0896,80.1125,5.0135],[23.0688,80.1125,0.0],[23.0672,80.1141,6.6058],[23.0703,80.1162,2.7998],[23.0651,80.1182,23.4633],[23.0917,80.1188,3.0375],[23.0932,80.1203,0.0],[23.0734,80.1214,7.6272],[23.0786,80.1234,0.0],[23.0771,80.125,0.0],[23.0438,80.125,29.7772],[23.0396,80.1229,112.0118],[23.0297,80.1234,106.6757],[23.0432,80.1307,0.0],[23.0271,80.1312,28.6745],[23.0255,80.1328,46.1651],[23.0312,80.1354,61.6469],[23.0438,80.1354,0.0],[23.0453,80.137,0.0],[23.0292,80.1375,62.7136],[23.025,80.1396,4.2361],[23.0104,80.1396,137.9454],[22.9714,80.1505,168.1314],[22.9755,80.1536,194.8333],[22.9807,80.1547,112.4387],[22.9734,80.1578,133.8267],[22.9828,80.1609,51.7073],[22.9755,80.1641,126.2545],[22.9891,80.1693,135.6879],[22.9875,80.1708,87.679],[22.9818,80.1713,75.1703],[22.987,80.1745,6.895],[22.9813,80.175,2.1522],[22.9797,80.1766,13.7836],[22.9849,80.1776,13.4968],[22.9891,80.1807,41.5466],[22.9604,80.1813,250.7347],[22.9589,80.1828,255.7642],[22.9729,80.1833,209.0342],[22.9771,80.1854,191.337],[22.9979,80.1854,42.4782],[23.0021,80.1833,26.6187],[23.0083,80.1833,11.4851],[23.0125,80.1854,12.3821],[23.0271,80.1854,0.0],[23.0328,80.188,0.0],[23.0193,80.1932,3.8146],[23.025,80.1958,0.0],[23.0375,80.1958,0.0],[23.0453,80.1984,0.0],[23.0438,80.2,0.0],[23.0271,80.2,0.0],[23.0255,80.2016,0.0],[23.0307,80.2026,0.0],[23.0536,80.213,0.0],[23.0521,80.2146,0.0],[23.0359,80.2151,18.7152],[23.0432,80.2193,0.0],[23.038,80.2224,3.892],[23.0474,80.2255,0.0],[23.0458,80.2271,0.0],[23.0401,80.2276,1.8236],[23.0432,80.2307,0.1521],[23.038,80.2318,-0.2889],[23.0411,80.2349,0.0],[23.0359,80.2359,0.276],[23.0375,80.2375,-0.036],[23.05,80.2375,0.0],[23.0542,80.2396,0.0],[23.0792,80.2396,0.0],[23.0807,80.2412,0.0],[23.075,80.2417,0.0],[23.0734,80.2432,0.0],[23.0812,80.2458,4.9809],[23.1104,80.2479,0.0],[23.1208,80.2521,8.5774],[23.1333,80.2521,0.0],[23.1375,80.2542,8.06],[23.1458,80.2542,4.7357],[23.15,80.2521,0.0],[23.1583,80.2521,0.0],[23.1625,80.2542,1.7939],[23.1938,80.2542,0.0],[23.1979,80.2521,0.0],[23.2062,80.2521,0.0],[23.2167,80.2562,3.3602],[23.2557,80.2568,0.0],[23.2542,80.2583,0.0],[23.2484,80.2589,27.3603],[23.2536,80.262,0.0],[23.2479,80.2625,44.8435],[23.2464,80.2641,108.6542],[23.262,80.2651,0.0],[23.2568,80.2682,99.5246],[23.2641,80.2724,86.9591],[23.2589,80.2745,174.5461],[23.2729,80.275,56.7737],[23.2807,80.2776,0.0],[23.2792,80.2792,20.4882],[23.2625,80.2792,201.7651],[23.2609,80.2807,227.987],[23.275,80.2813,181.3063],[23.2828,80.2839,152.3312],[23.287,80.287,128.9052],[23.2589,80.2943,41.3963],[23.262,80.2974,0.0],[23.2542,80.3,4.9266],[23.2375,80.3,14.0912],[23.2359,80.3016,61.3666],[23.2521,80.3021,67.7852],[23.2563,80.3042,182.4526],[23.2813,80.3042,90.5039],[23.2932,80.3099,168.8397],[23.2833,80.3104,206.5517],[23.2792,80.3083,253.9582],[23.2708,80.3083,243.9904],[23.2547,80.313,139.8964],[23.2578,80.3151,14.8627],[23.2563,80.3167,0.0],[23.2521,80.3167,0.0],[23.2479,80.3187,0.0],[23.2333,80.3187,129.5097],[23.2318,80.3203,91.5634],[23.2833,80.3208,0.0],[23.2849,80.3224,0.0],[23.2651,80.3234,16.5133],[23.2667,80.325,21.3113],[23.2828,80.3255,43.4554],[23.2813,80.3271,50.7758],[23.2755,80.3276,43.6177],[23.2807,80.3307,144.9555],[23.275,80.3313,204.3789],[23.2734,80.3328,220.4373],[23.2828,80.337,182.5265],[23.2729,80.3396,194.2321],[23.2583,80.3396,227.5708],[23.2568,80.3411,135.9412],[23.2599,80.3422,11.3651],[23.2583,80.3438,0.0],[23.25,80.3438,0.0],[23.2458,80.3417,93.3062],[23.2,80.3417,38.1157],[23.1922,80.3443,0.0],[23.1995,80.3495,0.0],[23.1875,80.3521,0.0],[23.1859,80.3536,0.0],[23.2021,80.3542,0.0],[23.2104,80.3583,0.0],[23.2229,80.3583,0.0],[23.2307,80.3609,0.0],[23.2349,80.3641,0.0],[23.2188,80.3646,30.1285],[23.2062,80.3688,149.1369],[23.1771,80.3688,175.5893],[23.1755,80.3703,156.7317],[23.1807,80.3724,24.9874],[23.1625,80.3729,19.874],[23.1609,80.3745,2.3114],[23.1661,80.3755,0.0],[23.1771,80.3812,0.0],[23.1917,80.3812,0.0],[23.1974,80.3839,0.0],[23.1896,80.3875,0.0],[23.1839,80.388,0.0],[23.1854,80.3896,6.5086],[23.1979,80.3896,3.516],[23.2021,80.3917,98.0966],[23.2292,80.3917,36.6491],[23.2333,80.3938,205.0553],[23.2542,80.3917,50.7008],[23.2599,80.3953,105.7581],[23.2479,80.3979,224.6541],[23.2464,80.3995,307.3098],[23.2729,80.4,40.0413],[23.2745,80.4016,53.6658],[23.2693,80.4036,18.1247],[23.2813,80.4083,0.0],[23.3063,80.4083,0.0],[23.312,80.4109,0.0],[23.3104,80.4125,1.5718],[23.2708,80.4125,10.4734],[23.2667,80.4146,48.3187],[23.2583,80.4146,39.6197],[23.2542,80.4125,8.6733],[23.2443,80.413,16.6756],[23.25,80.4167,158.3058],[23.2646,80.4167,143.8057],[23.2687,80.4187,231.1716],[23.2938,80.4187,142.4589],[23.3021,80.4229,18.0354],[23.3167,80.4229,0.0],[23.3182,80.4245,0.0],[23.3047,80.4276,2.5693],[23.3078,80.4297,0.0],[23.3063,80.4313,0.0],[23.2979,80.4313,0.0],[23.2833,80.425,27.4658],[23.25,80.425,197.9576],[23.2422,80.4287,335.0422],[23.2557,80.4349,100.3148],[23.2375,80.4354,357.8022],[23.2359,80.437,265.3689],[23.2411,80.4391,196.1902],[23.2229,80.4396,319.9118],[23.213,80.4422,86.8626],[23.2182,80.4443,7.0386],[23.2167,80.4458,0.0],[23.1875,80.4458,5.6693],[23.1833,80.4479,0.0],[23.1625,80.4479,13.3349],[23.1609,80.4464,70.1171],[23.1792,80.4458,13.6565],[23.1807,80.4443,47.5609],[23.1646,80.4437,180.3133],[23.1604,80.4417,223.3223],[23.1396,80.4417,485.2387],[23.1292,80.4458,318.6023],[23.1089,80.4505,60.0786],[23.112,80.4526,11.8424],[23.1104,80.4542,0.0],[23.0896,80.4542,0.0],[23.0854,80.4521,2.5942],[23.0771,80.4521,2.6551],[23.0729,80.4542,0.0],[23.0438,80.4542,4.0144],[23.0359,80.4568,0.0],[23.0391,80.4599,0.0],[23.0292,80.4625,0.0],[23.0208,80.4625,0.0],[23.0167,80.4604,2.9876],[22.9958,80.4604,0.2228],[22.9943,80.462,0.0],[22.9995,80.4641,0.0],[22.9896,80.4646,0.0],[22.9854,80.4625,0.0],[22.9771,80.4625,0.3135],[22.9526,80.4693,0.0],[22.9557,80.4714,0.0],[22.9542,80.4729,0.0],[22.925,80.4729,2.0837],[22.9146,80.4771,0.0],[22.8937,80.4771,0.0],[22.8922,80.4755,4.8842],[22.9,80.4729,29.2872],[22.9167,80.4729,6.1531],[22.9292,80.4688,6.6138],[22.9438,80.4688,0.3473],[22.9536,80.4661,0.1295],[22.9505,80.463,-0.3816],[22.9557,80.4609,0.6228],[22.95,80.4583,4.5648],[22.9292,80.4583,8.713],[22.9276,80.4599,7.3581],[22.9411,80.4661,0.2854],[22.9188,80.4667,39.7165],[22.9042,80.4604,122.5421],[22.8958,80.4604,254.9314],[22.8943,80.462,288.0847],[22.9036,80.4661,333.6503],[22.8854,80.4708,211.259],[22.8693,80.4714,359.1512],[22.8786,80.4766,61.5555],[22.8568,80.4818,46.6301],[22.8599,80.4849,0.0],[22.85,80.4854,0.0],[22.8396,80.4812,73.1777],[22.8188,80.4812,93.6608],[22.8172,80.4828,157.9007],[22.8333,80.4833,67.2265],[22.8349,80.4849,95.9317],[22.8167,80.4854,307.7877],[22.8068,80.488,318.8356],[22.812,80.4912,196.6149],[22.8047,80.4922,225.1137],[22.8063,80.4938,182.1906],[22.8224,80.4943,26.8148],[22.8208,80.4958,0.0],[22.7917,80.4958,171.6715],[22.7901,80.4974,225.2624],[22.7932,80.4995,188.5039],[22.7875,80.5,244.8994]]],
[[[22.4453,80.0151,0.0],[22.4438,80.0167,0.0],[22.4339,80.0162,0.0],[22.4354,80.0146,0.0],[22.4453,80.0151,0.0]]],
[[[22.3208,80.0563,0.0],[22.3125,80.0563,0.0],[22.3,80.0604,0.0],[22.2917,80.0604,0.0],[22.2875,80.0583,7.6512],[22.275,80.0583,0.0],[22.2693,80.0547,0.0],[22.287,80.0537,0.0],[22.2797,80.0495,0.0],[22.2813,80.0479,0.0],[22.3083,80.0479,47.7279],[22.3125,80.0458,24.9186],[22.3167,80.0458,21.5985],[22.3182,80.0443,0.0],[22.3151,80.0422,0.0],[22.3167,80.0417,0.0],[22.3604,80.0417,0.0],[22.3661,80.0443,0.0],[22.3646,80.0458,0.0],[22.3589,80.0463,18.509],[22.3641,80.0495,0.0],[22.35,80.0521,0.0],[22.3396,80.0563,0.0],[22.3208,80.0563,0.0]]],
[[[26.8203,79.7714,0.0],[26.8188,79.7729,0.0],[26.8089,79.7724,0.0],[26.8104,79.7708,0.0],[26.8203,79.7714,0.0]]],
[[[26.9979,79.7813,0.0],[26.9995,79.7828,0.0],[26.9901,79.7828,0.0],[26.9917,79.7813,0.0],[26.9979,79.7813,0.0]]],
[[[33.9016,79.9984,0.0],[33.9,80.0,0.0],[33.8901,79.9995,0.0],[33.8917,79.9979,0.0],[33.9016,79.9984,0.0]]],
[[[31.3578,79.9984,0.0],[31.3563,80.0,0.0],[31.3464,79.9995,0.0],[31.3479,79.9979,0.0],[31.3578,79.9984,0.0]]],
[[[31.6224,79.9984,0.0],[31.6208,80.0,0.0],[31.6109,79.9995,0.0],[31.6125,79.9979,0.0],[31.6224,79.9984,0.0]]],
[[[27.9688,80.1312,16.557],[27.9786,80.1349,7.5934],[27.9708,80.1375,1.2461],[27.95,80.1354,0.0],[27.9458,80.1375,0.0],[27.9375,80.1375,0.0],[27.9297,80.1349,0.0],[27.9349,80.1328,1.218],[27.9333,80.1312,1.316],[27.9146,80.1333,0.0],[27.9068,80.1307,0.0],[27.912,80.1286,1.781],[27.9104,80.1271,0.0788],[27.8833,80.1271,0.0],[27.8714,80.1214,0.0],[27.8875,80.1208,3.709],[27.8891,80.1193,5.0308],[27.8604,80.1188,0.0],[27.8526,80.1162,0.0],[27.8484,80.113,0.0],[27.875,80.1125,7.6214],[27.8828,80.1099,4.7584],[27.8797,80.1068,0.0],[27.8849,80.1047,0.0],[27.8797,80.1026,0.0],[27.9099,80.0932,6.9916],[27.9083,80.0917,5.691],[27.8922,80.0911,0.0],[27.8974,80.0891,0.0],[27.8943,80.0859,0.0],[27.9083,80.0854,0.0],[27.9161,80.0828,0.0],[27.913,80.0797,0.0],[27.9286,80.0787,31.9309],[27.9271,80.0771,30.7655],[27.913,80.0766,0.0],[27.9307,80.0703,0.0],[27.9255,80.0672,0.0],[27.9396,80.0625,0.0],[27.9542,80.0625,5.905],[27.9646,80.0583,0.0],[27.9917,80.0583,21.6553],[27.9932,80.0568,0.0],[27.988,80.0547,0.0],[28.0057,80.0537,0.0],[28.0005,80.0516,0.0],[28.0021,80.05,0.0],[28.0271,80.05,0.0],[28.0375,80.0458,0.0],[28.0646,80.0458,0.0],[28.0688,80.0437,0.0],[28.0771,80.0437,0.0],[28.0812,80.0458,0.0],[28.1125,80.0479,0.0],[28.1167,80.05,0.0],[28.1542,80.05,0.0],[28.1557,80.0516,0.0],[28.1505,80.0537,22.8853],[28.1646,80.0583,54.7222],[28.1786,80.0589,0.0],[28.1734,80.0609,9.8451],[28.175,80.0625,25.4979],[28.1896,80.0625,0.0],[28.1938,80.0646,31.0769],[28.2062,80.0646,0.0],[28.2141,80.0672,0.0],[28.2089,80.0703,0.0],[28.2203,80.0734,0.0],[28.2151,80.0755,0.0],[28.2203,80.0787,0.0],[28.2151,80.0807,0.0],[28.2229,80.0833,0.1671],[28.2495,80.0839,1.3845],[28.238,80.088,2.1959],[28.2432,80.0901,0.1466],[28.2417,80.0917,0.0397],[28.2271,80.0917,2.4782],[28.2229,80.0938,4.3949],[28.1943,80.0943,9.9796],[28.1995,80.0964,10.9007],[28.1979,80.0979,10.2724],[28.1792,80.0958,17.1863],[28.1776,80.0974,18.4505],[28.1807,80.0984,18.0748],[28.1792,80.1,17.6925],[28.1417,80.1,22.0056],[28.1313,80.1042,16.7754],[28.0979,80.1062,26.6887],[28.0839,80.1109,23.7653],[28.1016,80.1172,1.3498],[28.1,80.1188,0.0],[28.0854,80.1188,1.3355],[28.075,80.1229,0.0],[28.0667,80.1229,1.6588],[28.0625,80.1208,8.4914],[28.0479,80.1208,12.1774],[28.0396,80.1167,29.4693],[28.0313,80.1167,38.7483],[28.0271,80.1188,24.6336],[28.0109,80.1193,35.1611],[28.0161,80.1214,22.3901],[28.0146,80.1229,22.9444],[27.9813,80.125,26.7496],[27.9672,80.1297,13.0579],[27.9688,80.1312,16.557]]],
[[[28.2083,80.1042,15.4248],[28.1958,80.1042,16.3586],[28.1943,80.1026,12.6576],[28.2182,80.1026,7.8246],[28.2167,80.1042,12.1769],[28.2083,80.1042,15.4248]]],
[[[28.0,80.1292,18.1575],[27.9875,80.1292,23.9441],[27.9859,80.1276,26.1317],[28.0099,80.1276,20.8807],[28.0083,80.1292,17.2286],[28.0,80.1292,18.1575]]],
[[[22.3641,80.0818,0.0],[22.3625,80.0833,0.0],[22.3479,80.0833,30.3783],[22.3438,80.0854,0.0],[22.3214,80.0849,0.0],[22.3312,80.0813,0.0],[22.3641,80.0818,0.0]]],
[[[22.3307,80.1432,10.3229],[22.3125,80.1438,56.1004],[22.3109,80.1453,76.0863],[22.325,80.1458,53.4318],[22.3328,80.1484,0.0],[22.3312,80.15,1.3845],[22.2979,80.15,0.0],[22.2854,80.1438,0.0],[22.2729,80.1438,0.0],[22.2714,80.1422,0.0],[22.2875,80.1417,0.0],[22.2917,80.1396,0.0],[22.3125,80.1396,0.0],[22.3167,80.1417,15.6402],[22.3292,80.1417,0.0],[22.3307,80.1432,10.3229]]],
[[[23.1917,80.1625,0.0],[23.1932,80.1641,0.0],[23.1839,80.1641,0.0],[23.1854,80.1625,0.0],[23.1917,80.1625,0.0]]],
[[[23.5807,80.1724,9.059],[23.5833,80.1708,4.0335],[23.5911,80.1713,0.0],[23.5833,80.175,0.0],[23.5734,80.1745,6.583],[23.575,80.1729,4.1216],[23.5807,80.1724,9.059]]],
[[[28.0271,80.1292,9.1603],[28.0375,80.1292,0.0],[28.0391,80.1307,0.0],[28.0313,80.1333,2.0368],[28.0229,80.1333,3.5861],[28.0151,80.1307,12.4148],[28.0167,80.1292,17.3934],[28.0271,80.1292,9.1603]]],
[[[36.7521,80.1542,71.1848],[36.7479,80.1563,53.9139],[36.7354,80.1563,52.8362],[36.7313,80.1583,39.8291],[36.7229,80.1583,36.4124],[36.7104,80.1542,45.7924],[36.6937,80.1542,32.1213],[36.6922,80.1526,32.7182],[36.7016,80.1495,36.4185],[36.6943,80.1464,14.1715],[36.7083,80.1458,35.9066],[36.7167,80.1417,0.0],[36.75,80.1417,45.2137],[36.7542,80.1438,74.1855],[36.7625,80.1438,80.3004],[36.7641,80.1422,71.471],[36.7583,80.1417,64.5506],[36.7568,80.1401,0.0],[36.7792,80.1396,22.8723],[36.7833,80.1417,74.3398],[36.7979,80.1417,70.4216],[36.8078,80.1443,70.5916],[36.7917,80.1521,56.5772],[36.7687,80.1521,79.1978],[36.7646,80.1542,69.4727],[36.7521,80.1542,71.1848]]],
[[[32.9547,80.3109,0.0],[32.9521,80.3125,0.0],[32.9375,80.3125,0.0],[32.9333,80.3146,0.0],[32.925,80.3146,0.0],[32.9208,80.3125,0.0],[32.9,80.3146,0.0],[32.8958,80.3125,42.3657],[32.8875,80.3125,56.5477],[32.8833,80.3146,0.0],[32.7771,80.3146,0.0],[32.7729,80.3125,23.1716],[32.7458,80.3125,0.0],[32.7417,80.3104,39.89],[32.7021,80.3104,0.0],[32.6896,80.3063,13.2949],[32.6375,80.3063,0.0],[32.6271,80.3021,30.5763],[32.6,80.3021,10.8995],[32.5958,80.3,23.2959],[32.575,80.3,11.2508],[32.5708,80.3021,0.0],[32.5625,80.3021,0.0],[32.5609,80.3005,0.0],[32.5641,80.2984,10.9953],[32.5625,80.2979,18.1408],[32.5479,80.2979,5.3334],[32.5438,80.2958,16.0598],[32.5292,80.2958,0.0],[32.525,80.2937,34.0327],[32.4979,80.2937,0.0],[32.4854,80.2896,19.394],[32.4542,80.2896,0.0],[32.45,80.2917,0.0],[32.4417,80.2917,0.0],[32.4375,80.2896,0.0],[32.4208,80.2896,0.0],[32.4167,80.2875,18.6954],[32.3896,80.2875,0.0],[32.3854,80.2854,27.9951],[32.3458,80.2854,0.0],[32.3417,80.2833,16.398],[32.3271,80.2833,9.6535],[32.3229,80.2813,31.8692],[32.2958,80.2813,0.0],[32.2854,80.2771,0.0],[32.2562,80.2771,0.0],[32.2458,80.2729,0.0],[32.2313,80.2729,0.0],[32.2208,80.2688,0.0],[32.1854,80.2667,0.0],[32.175,80.2625,0.0],[32.1479,80.2625,0.0],[32.1104,80.25,33.3248],[32.0984,80.2474,23.9198],[32.1036,80.2453,48.8013],[32.1021,80.2438,57.0215],[32.0875,80.2438,10.6088],[32.0625,80.2354,3.1867],[32.0271,80.2333,0.0],[32.0042,80.225,8.9115],[31.9646,80.225,0.0],[31.9458,80.2188,0.0],[31.9188,80.2188,0.0],[31.9146,80.2167,0.0],[31.9,80.2167,0.0],[31.8896,80.2125,0.0],[31.875,80.2125,0.0],[31.8646,80.2083,0.0],[31.8375,80.2083,0.0],[31.8333,80.2063,0.0],[31.8188,80.2063,0.0],[31.8146,80.2042,0.0],[31.7979,80.2042,0.0],[31.7938,80.2021,0.0],[31.7792,80.2021,0.0],[31.775,80.2,0.0],[31.7604,80.2,0.0],[31.7563,80.1979,0.0],[31.7417,80.1979,0.0],[31.725,80.1917,16.5321],[31.6979,80.1917,0.0],[31.6938,80.1896,0.0],[31.6792,80.1896,0.0],[31.6688,80.1854,25.8765],[31.6417,80.1854,0.0],[31.6401,80.1839,0.0],[31.6432,80.1818,0.0],[31.5958,80.1667,0.0],[31.5812,80.1667,0.0],[31.5646,80.1604,0.0],[31.55,80.1604,0.0],[31.5339,80.1557,0.0],[31.5391,80.1526,0.0],[31.5313,80.15,0.0],[31.5167,80.15,0.0],[31.5089,80.1474,0.0],[31.512,80.1443,0.0],[31.5068,80.1422,0.0],[31.512,80.1401,51.865],[31.4958,80.1396,0.0],[31.4943,80.138,0.0],[31.4974,80.1359,0.0],[31.4922,80.1339,0.0],[31.5083,80.1333,34.8021],[31.5099,80.1318,66.0295],[31.4938,80.1312,0.0],[31.4833,80.1271,0.0],[31.4688,80.1271,0.0],[31.4609,80.1245,0.0],[31.4651,80.1214,0.0],[31.4703,80.1203,0.0],[31.4651,80.1182,0.0],[31.4682,80.1151,0.0],[31.4542,80.1104,0.0],[31.438,80.1099,0.0],[31.4474,80.1047,0.0],[31.4359,80.1005,0.0],[31.4536,80.0995,0.0],[31.4484,80.0974,0.0],[31.4516,80.0943,0.0],[31.4229,80.0938,0.0],[31.4151,80.0901,0.0],[31.4229,80.0875,0.0],[31.437,80.087,0.0],[31.4318,80.0849,0.0],[31.4333,80.0833,0.0],[31.4542,80.0854,0.0],[31.4583,80.0833,0.0],[31.4708,80.0833,0.0],[31.4917,80.075,0.0],[31.5063,80.075,0.0],[31.5141,80.0724,0.0],[31.5068,80.0693,0.0],[31.5375,80.0583,0.0],[31.55,80.0583,0.0],[31.5604,80.0542,0.0],[31.5729,80.0542,0.0],[31.5833,80.05,0.0],[31.5958,80.05,0.0],[31.6063,80.0458,0.0],[31.6375,80.0437,0.0],[31.6417,80.0417,0.0],[31.6604,80.0417,0.0],[31.6646,80.0437,0.0],[31.6729,80.0437,0.0],[31.6771,80.0417,0.0],[31.6854,80.0417,0.0],[31.6958,80.0458,8.9385],[31.7042,80.0458,13.3218],[31.7057,80.0443,0.0],[31.7005,80.0422,0.0],[31.7333,80.0437,0.0],[31.7375,80.0417,0.0],[31.7458,80.0417,0.0],[31.7536,80.0443,0.0],[31.7484,80.0463,0.0],[31.75,80.0479,0.0],[31.7646,80.0479,0.0],[31.7687,80.05,0.0],[31.7833,80.05,0.0],[31.7875,80.0521,31.229],[31.8458,80.0542,0.0],[31.8563,80.0583,66.4422],[31.8937,80.0583,0.0],[31.8979,80.0604,0.0],[31.9125,80.0604,0.0],[31.9167,80.0625,0.0],[31.9688,80.0625,0.0],[31.9792,80.0667,0.0],[32.0125,80.0687,0.0],[32.0167,80.0708,0.0],[32.0438,80.0708,0.0],[32.0667,80.0792,28.7827],[32.0812,80.0792,0.0],[32.0854,80.0813,18.6146],[32.0938,80.0813,0.0],[32.0979,80.0792,0.0],[32.1063,80.0792,0.0],[32.1078,80.0807,0.0],[32.1026,80.0828,0.0],[32.1312,80.0833,0.0],[32.1417,80.0875,31.6839],[32.1563,80.0875,0.0],[32.175,80.0938,0.0],[32.1896,80.0938,0.0],[32.2,80.0979,0.0],[32.2583,80.1,0.0],[32.2625,80.1021,0.0],[32.2896,80.1021,0.0],[32.3063,80.1083,66.2419],[32.3146,80.1083,31.8248],[32.3187,80.1062,0.0],[32.3438,80.1062,0.0],[32.3479,80.1042,0.0],[32.3854,80.1042,0.0],[32.3896,80.1021,0.0],[32.4146,80.1021,0.0],[32.4188,80.1,0.0],[32.4396,80.1021,37.6755],[32.4437,80.1,0.0],[32.4521,80.1,0.0],[32.4562,80.1021,27.8669],[32.4958,80.1021,0.0],[32.5,80.1042,0.0],[32.5062,80.1042,23.8426],[32.5104,80.1021,0.0],[32.5187,80.1021,0.0],[32.5229,80.1042,0.0],[32.55,80.1042,0.0],[32.5542,80.1062,0.0],[32.5687,80.1062,0.0],[32.5729,80.1083,0.0],[32.6,80.1083,0.0],[32.6104,80.1125,47.0697],[32.6688,80.1146,0.0],[32.6792,80.1188,0.0],[32.7146,80.1208,0.0],[32.7188,80.1229,0.0],[32.7625,80.1208,0.0],[32.7667,80.1229,0.0],[32.8063,80.1229,0.0],[32.8104,80.125,0.0],[32.8187,80.125,0.0],[32.8229,80.1229,0.0],[32.8708,80.1229,0.0],[32.875,80.1208,0.0],[32.8833,80.1208,0.0],[32.8958,80.125,0.0],[32.9208,80.125,0.0],[32.925,80.1271,24.7212],[32.9417,80.1271,0.0],[32.9458,80.1292,20.3216],[33.0083,80.1292,0.0],[33.0125,80.1312,29.135],[33.0271,80.1312,0.0],[33.0313,80.1333,44.0777],[33.0833,80.1333,0.0],[33.0938,80.1375,28.2207],[33.1292,80.1396,0.0],[33.1333,80.1417,44.9431],[33.1479,80.1417,0.0],[33.1521,80.1438,57.9596],[33.1958,80.1438,0.0],[33.2,80.1417,0.0],[33.2208,80.1417,0.0],[33.2313,80.1458,0.0],[33.2521,80.1438,0.0],[33.2625,80.1479,0.0],[33.2958,80.1479,0.0],[33.3,80.1458,0.0],[33.3375,80.1458,0.0],[33.3458,80.1417,0.0],[33.3792,80.1417,0.0],[33.3807,80.1432,0.0],[33.3688,80.1479,0.0],[33.3542,80.1479,28.051],[33.3484,80.1516,52.652],[33.3682,80.1568,0.0],[33.363,80.1599,42.4225],[33.3812,80.1604,0.0],[33.3891,80.163,0.0],[33.3859,80.1661,0.0],[33.4083,80.1729,0.0],[33.4229,80.1729,0.0],[33.4271,80.175,0.0],[33.4354,80.175,0.0],[33.4396,80.1729,0.0],[33.4495,80.1734,0.0],[33.4417,80.1771,0.0],[33.4276,80.1776,35.0228],[33.4417,80.1833,17.5701],[33.4536,80.1859,0.0],[33.4443,80.1911,0.0],[33.462,80.1922,0.0],[33.4526,80.1974,23.0805],[33.4599,80.1984,0.0],[33.4547,80.2016,27.2154],[33.4604,80.2021,0.0],[33.462,80.2037,0.0],[33.4542,80.2063,0.0],[33.4401,80.2068,32.3361],[33.4453,80.2089,0.0],[33.4422,80.212,0.0],[33.45,80.2146,0.0],[33.4646,80.2146,0.0],[33.4917,80.2229,0.0],[33.5062,80.2229,0.0],[33.5141,80.2255,0.0],[33.5099,80.2286,1.9612],[33.5021,80.2312,1.6764],[33.4771,80.2312,1.3531],[33.4667,80.2354,0.0],[33.4526,80.2359,0.0],[33.4578,80.238,0.0],[33.4562,80.2396,0.0],[33.4125,80.2396,0.0],[33.4083,80.2375,0.0],[33.4,80.2375,0.0],[33.3896,80.2417,0.0],[33.3521,80.2417,0.0],[33.3479,80.2438,0.0],[33.3354,80.2438,0.0],[33.3312,80.2458,0.0],[33.3167,80.2458,0.0],[33.3125,80.2479,0.0],[33.2875,80.2479,38.0706],[33.2833,80.25,0.0],[33.2708,80.25,0.0],[33.2667,80.2521,0.0],[33.2521,80.2521,22.7686],[33.2505,80.2536,9.7953],[33.2578,80.2547,0.0],[33.2526,80.2578,20.3589],[33.2578,80.2599,0.0],[33.2438,80.2604,40.398],[33.2422,80.262,22.7165],[33.2474,80.2641,0.0],[33.2432,80.2662,0.0],[33.2255,80.2672,34.1558],[33.2328,80.2703,0.0],[33.225,80.2729,0.0],[33.2125,80.2729,25.8434],[33.2047,80.2755,10.9349],[33.212,80.2786,0.0],[33.2042,80.2813,0.0],[33.1917,80.2813,0.0],[33.1875,80.2833,0.0],[33.1563,80.2854,65.9567],[33.1547,80.287,64.7048],[33.1599,80.2891,0.0],[33.1458,80.2896,28.872],[33.1312,80.2958,0.0],[33.1167,80.2958,0.0],[33.1125,80.2979,0.0],[33.0812,80.3,29.6248],[33.0771,80.3021,0.0],[33.0458,80.3042,10.2894],[33.0417,80.3063,0.0],[33.0167,80.3063,13.0937],[33.0125,80.3083,0.0],[32.9854,80.3083,16.1228],[32.9813,80.3104,0.0],[32.9547,80.3109,0.0]]],
[[[25.9313,80.1833,0.0],[25.9208,80.1833,0.0],[25.9104,80.1875,0.0],[25.9005,80.187,0.0],[25.9021,80.1854,5.0233],[25.9078,80.1849,2.8776],[25.9026,80.1828,0.0],[25.9042,80.1813,0.0],[25.9391,80.1818,0.0],[25.9375,80.1833,0.0],[25.9313,80.1833,0.0]]],
[[[20.9896,79.7354,0.0],[20.9979,79.7354,0.0],[20.9995,79.737,0.0],[20.9896,79.7396,0.0],[20.9818,79.7391,0.0],[20.9896,79.7354,0.0]]],
[[[21.1939,80.2199,21.01],[21.188,80.2182,0.0],[21.1839,80.2151,0.0],[21.1938,80.2146,9.367],[21.2021,80.2188,34.1465],[21.2146,80.2188,95.1591],[21.2203,80.2224,74.5909],[21.2125,80.2229,95.5963],[21.2083,80.2208,65.4817],[21.1939,80.2199,21.01]]],
[[[21.2479,80.2229,53.969],[21.2557,80.2266,0.0],[21.2458,80.2292,13.6657],[21.2234,80.2286,4.1546],[21.225,80.2271,9.7624],[21.2417,80.2271,17.3005],[21.2432,80.2255,8.2111],[21.2401,80.2234,45.0183],[21.2479,80.2229,53.969]]],
[[[21.2896,80.3333,-0.2972],[21.2911,80.3349,-0.3503],[21.2818,80.3349,0.0],[21.2833,80.3333,-0.0924],[21.2896,80.3333,-0.2972]]],
[[[22.1958,80.0313,40.1012],[22.1943,80.0328,37.1116],[22.1974,80.0349,34.3046],[22.1922,80.0359,19.6012],[22.1953,80.038,0.0],[22.1937,80.0396,0.0],[22.1609,80.0391,0.0],[22.1688,80.0354,55.1926],[22.187,80.0349,21.0432],[22.1818,80.0318,41.6203],[22.1891,80.0307,35.9205],[22.1859,80.0286,15.135],[22.1875,80.0271,13.6492],[22.1958,80.0271,0.0],[22.2016,80.0297,7.7616],[22.2,80.0313,28.9017],[22.1958,80.0313,40.1012]]],
[[[22.2932,80.1255,2.8811],[22.2917,80.1271,0.0],[22.2818,80.1266,0.0],[22.2833,80.125,0.0],[22.2932,80.1255,2.8811]]],
[[[22.0104,80.1208,0.4449],[22.0146,80.1208,0.5374],[22.0203,80.1234,0.29],[22.0151,80.1266,1.2897],[22.0276,80.1328,0.0],[22.0417,80.1333,0.0],[22.0432,80.1349,2.3326],[22.0104,80.1354,0.0],[21.9755,80.1193,0.0],[22.0104,80.1208,0.4449]]],
[[[21.3958,80.2375,0.0],[21.3896,80.2375,0.0],[21.3839,80.2338,0.0],[21.3937,80.2333,16.994],[21.3995,80.2359,21.9795],[21.3958,80.2375,0.0]]],
[[[21.4271,80.3562,36.1627],[21.4349,80.3588,11.7072],[21.4276,80.362,20.8662],[21.4349,80.3662,0.0],[21.425,80.3667,0.9966],[21.4151,80.362,0.0],[21.4224,80.3588,19.1173],[21.4063,80.3583,0.0],[21.3979,80.3542,10.7626],[21.3771,80.3562,0.0],[21.3729,80.3542,0.0],[21.3604,80.3542,0.0],[21.3563,80.3521,0.0],[21.3438,80.3521,0.0],[21.3312,80.3458,16.0735],[21.3104,80.3479,0.0],[21.3026,80.3443,0.0],[21.3167,80.3417,11.0928],[21.3182,80.3401,6.4795],[21.3042,80.3396,0.0],[21.3026,80.338,0.0],[21.3083,80.3375,-0.1809],[21.3161,80.3339,-0.7213],[21.3021,80.3333,-0.3734],[21.2979,80.3313,0.0093],[21.2854,80.3313,-0.5319],[21.2839,80.3297,0.0597],[21.3563,80.3292,0.0],[21.3578,80.3307,0.0],[21.3521,80.3313,2.2322],[21.3505,80.3328,6.4982],[21.3646,80.3333,0.0],[21.3688,80.3354,0.0],[21.3813,80.3354,0.0],[21.3828,80.337,0.0],[21.3776,80.3391,20.0693],[21.3833,80.3417,26.555],[21.4083,80.3417,0.0],[21.4125,80.3438,4.3132],[21.425,80.3438,0.0],[21.4307,80.3464,0.0],[21.4292,80.3479,21.1423],[21.4208,80.3479,29.3089],[21.4167,80.3458,12.5394],[21.4042,80.3458,24.5615],[21.4,80.3438,31.5305],[21.3792,80.3438,23.2121],[21.3693,80.3474,24.4861],[21.3854,80.3479,25.2824],[21.3896,80.35,27.8428],[21.4146,80.35,23.9174],[21.4188,80.3521,30.0153],[21.4328,80.3526,36.3577],[21.4313,80.3542,34.8934],[21.4255,80.3547,32.9083],[21.4271,80.3562,36.1627]]],
[[[20.8078,80.6422,0.0],[20.8063,80.6438,0.0],[20.7964,80.6432,0.0],[20.7979,80.6417,0.0],[20.8078,80.6422,0.0]]],
[[[21.287,80.6609,0.0],[21.2854,80.6625,0.0],[21.2755,80.662,0.0],[21.2771,80.6604,0.0],[21.287,80.6609,0.0]]],
[[[21.3026,80.6964,231.8634],[21.2833,80.7021,0.0],[21.2625,80.7021,0.0],[21.2526,80.6974,0.0],[21.2578,80.6943,0.0],[21.2479,80.6896,0.0],[21.2271,80.6896,0.0],[21.2146,80.6937,0.0],[21.1583,80.6937,25.8821],[21.1542,80.6958,0.0],[21.1458,80.6958,0.0],[21.1417,80.6937,0.0],[21.1271,80.6937,0.0],[21.1229,80.6917,54.7358],[21.0583,80.6917,0.0],[21.0542,80.6896,0.0],[21.0417,80.6896,0.0],[21.0401,80.688,0.0],[21.0474,80.687,0.0],[21.0443,80.6839,0.0],[21.0495,80.6828,0.0],[21.0422,80.6787,0.0],[21.0438,80.6771,0.0],[21.0495,80.6766,0.0],[21.0464,80.6734,0.0],[21.0563,80.6708,0.0],[21.0745,80.6703,30.8983],[21.0651,80.6651,0.0],[21.075,80.6625,0.0],[21.1042,80.6625,0.0],[21.1141,80.6599,0.0],[21.1109,80.6568,0.0],[21.1208,80.6542,0.0],[21.1292,80.6542,0.0],[21.1333,80.6563,85.0992],[21.162,80.6568,0.0],[21.1604,80.6583,0.0],[21.1464,80.6609,226.462],[21.1479,80.6625,285.8605],[21.1875,80.6625,10.8815],[21.1917,80.6646,166.9585],[21.2292,80.6646,0.0],[21.2333,80.6667,0.0],[21.2563,80.6667,0.0],[21.2578,80.6651,0.0],[21.2417,80.6646,0.0],[21.2401,80.663,0.0],[21.2646,80.6625,0.0],[21.2687,80.6646,0.0],[21.3349,80.6651,0.0],[21.3333,80.6667,0.0],[21.3276,80.6672,0.0],[21.3292,80.6687,3.1487],[21.3375,80.6687,3.6656],[21.3417,80.6667,0.0],[21.3516,80.6672,0.0],[21.35,80.6687,0.0],[21.3443,80.6693,34.7241],[21.3495,80.6724,253.4818],[21.3422,80.6734,252.7122],[21.3453,80.6755,141.9953],[21.3438,80.6771,21.1638],[21.3396,80.6771,33.2627],[21.3271,80.6813,0.0],[21.2979,80.6813,0.0],[21.288,80.6839,0.0],[21.2896,80.6854,0.0],[21.3036,80.6859,0.0],[21.3021,80.6875,0.0],[21.2964,80.688,0.0],[21.2979,80.6896,31.0121],[21.325,80.6896,0.0],[21.3292,80.6917,40.9581],[21.3453,80.6922,11.3824],[21.3438,80.6937,37.4671],[21.3125,80.6937,215.0298],[21.3026,80.6964,231.8634]]],
[[[21.5896,80.6229,0.0],[21.575,80.6229,0.0],[21.5734,80.6245,0.0],[21.5766,80.6255,0.0],[21.575,80.6271,0.0],[21.5542,80.6271,0.0],[21.55,80.625,0.0],[21.5359,80.6245,0.0],[21.5375,80.6229,0.0],[21.5432,80.6224,0.0],[21.538,80.6203,0.0],[21.5396,80.6188,0.0],[21.5563,80.6188,0.0],[21.5854,80.6104,0.0],[21.6203,80.6109,0.0],[21.6188,80.6125,0.0],[21.613,80.613,0.0],[21.6182,80.6162,0.0],[21.5896,80.6229,0.0]]],
[[[26.112,80.1932,0.0],[26.0958,80.1937,22.8411],[26.0917,80.1958,0.0],[26.0229,80.1958,0.0],[26.0187,80.1937,0.0],[26.0026,80.1932,0.0],[26.0042,80.1917,0.0],[26.0203,80.1911,0.0],[26.0161,80.188,0.0],[26.0068,80.1849,0.0],[26.012,80.1828,0.0],[26.0104,80.1813,6.2399],[25.9896,80.1813,0.0],[25.9854,80.1833,0.0],[25.9568,80.1839,0.0],[25.962,80.1859,0.0],[25.9604,80.1875,0.0],[25.9521,80.1875,0.0],[25.9443,80.1839,0.0],[25.9521,80.1813,0.0],[25.9792,80.1813,0.0],[25.9833,80.1792,0.0],[26.0,80.1792,0.0],[26.0042,80.1771,0.0],[26.0354,80.1771,0.0],[26.0396,80.1792,0.0],[26.0646,80.1792,0.0],[26.0688,80.1813,0.0],[26.0896,80.1792,0.0],[26.1078,80.1859,0.0],[26.1026,80.1891,0.0],[26.112,80.1932,0.0]]],
[[[26.1557,80.1901,0.0],[26.1542,80.1917,0.0],[26.1443,80.1911,0.0],[26.1458,80.1896,0.0],[26.1557,80.1901,0.0]]],
[[[25.9458,80.1937,0.0],[25.9578,80.1943,0.0],[25.9526,80.1974,0.0],[25.9682,80.2037,0.0],[25.9583,80.2042,0.0],[25.95,80.2,0.0],[25.9229,80.2,0.0],[25.9188,80.1979,0.0],[25.8922,80.1974,0.0],[25.9,80.1937,0.0],[25.9208,80.1937,0.0],[25.925,80.1958,0.0],[25.9333,80.1958,0.0],[25.9375,80.1937,0.0],[25.9458,80.1937,0.0]]],
[[[25.7693,80.2151,0.0],[25.7667,80.2167,0.0],[25.7521,80.2167,0.0],[25.7479,80.2188,0.0],[25.738,80.2182,0.0],[25.7542,80.2125,0.0],[25.7687,80.2125,0.0],[25.7729,80.2104,0.0],[25.7813,80.2104,0.0],[25.787,80.213,0.0],[25.7854,80.2146,0.0],[25.7693,80.2151,0.0]]],
[[[25.6328,80.2193,0.0],[25.6313,80.2208,0.0],[25.6214,80.2203,0.0],[25.6229,80.2188,0.0],[25.6328,80.2193,0.0]]],
[[[25.8161,80.2193,0.0],[25.8146,80.2208,0.0],[25.8047,80.2203,0.0],[25.8063,80.2188,0.0],[25.8161,80.2193,0.0]]],
[[[25.8151,80.2234,0.0],[25.825,80.2229,0.0],[25.8266,80.2245,0.0],[25.8188,80.2271,0.0],[25.8089,80.2266,0.0],[25.8151,80.2234,0.0]]],
[[[25.537,80.2307,0.0],[25.5187,80.2312,0.0],[25.5146,80.2333,0.0],[25.5068,80.2328,0.0],[25.5271,80.225,0.0],[25.5557,80.2276,0.0],[25.5542,80.2292,0.0],[25.5396,80.2292,0.0],[25.537,80.2307,0.0]]],
[[[25.6,80.2312,0.0],[25.5875,80.2312,0.0],[25.5859,80.2297,0.0],[25.6083,80.2292,0.0],[25.6161,80.2328,0.0],[25.6063,80.2333,0.0],[25.6,80.2312,0.0]]],
[[[25.8292,80.2312,0.0],[25.8333,80.2292,0.0],[25.8417,80.2292,0.0],[25.8495,80.2328,0.0],[25.813,80.2328,0.0],[25.8146,80.2312,0.0],[25.8292,80.2312,0.0]]],
[[[25.4979,80.2292,0.0],[25.4995,80.2307,0.0],[25.4833,80.2354,0.0],[25.475,80.2354,0.0],[25.4693,80.2328,0.0],[25.4708,80.2312,0.0],[25.4854,80.2312,0.0],[25.4896,80.2292,0.0],[25.4979,80.2292,0.0]]],
[[[25.4411,80.2412,0.0],[25.4229,80.2417,0.0],[25.4188,80.2438,0.0],[25.4104,80.2438,0.0],[25.4047,80.2401,0.0],[25.4208,80.2396,0.0],[25.4312,80.2354,0.0],[25.4599,80.238,0.0],[25.4583,80.2396,0.0],[25.4438,80.2396,0.0],[25.4411,80.2412,0.0]]],
[[[23.2896,80.2042,0.0],[23.2974,80.2078,0.0],[23.2875,80.2104,0.0],[23.2792,80.2104,0.0],[23.275,80.2083,2.6655],[23.2609,80.2078,0.7066],[23.2708,80.2042,0.0],[23.2896,80.2042,0.0]]],
[[[23.2953,80.2953,0.0],[23.2854,80.2958,0.0],[23.2839,80.2943,0.0],[23.2938,80.2937,0.0],[23.2953,80.2953,0.0]]],
[[[24.1437,80.2979,0.0],[24.1313,80.2979,0.0],[24.1297,80.2963,0.0],[24.1516,80.2963,0.0],[24.15,80.2979,0.0],[24.1437,80.2979,0.0]]],
[[[23.2932,80.2995,0.0],[23.275,80.3,4.2913],[23.2708,80.3021,42.0736],[23.2609,80.3016,16.8109],[23.2708,80.2979,0.0],[23.2917,80.2979,0.0],[23.2932,80.2995,0.0]]],
[[[14.9339,77.0609,0.0],[14.9349,77.0641,0.0],[14.9333,77.0646,0.0],[14.9229,77.0646,2.0522],[14.9188,77.0667,-0.1627],[14.9026,77.0661,2.5125],[14.9042,77.0646,1.8819],[14.9161,77.0641,2.6392],[14.9151,77.0609,4.483],[14.9167,77.0604,0.0],[14.9458,77.0583,4.599],[14.9474,77.0578,4.8026],[14.9464,77.0547,0.0],[14.9479,77.0542,0.0],[14.9724,77.0547,4.3489],[14.9563,77.0604,0.0],[14.9339,77.0609,0.0]]],
[[[14.9708,77.0667,0.0],[14.9771,77.0646,0.0],[14.9833,77.0646,0.0],[14.9891,77.0703,0.0],[14.9833,77.0708,0.0],[14.9792,77.0687,3.9751],[14.9693,77.0682,4.0826],[14.9708,77.0667,0.0]]],
[[[15.0604,77.1042,2.3125],[15.0479,77.1042,1.4139],[15.0464,77.1026,1.3527],[15.0641,77.1026,1.0787],[15.0604,77.1042,2.3125]]],
[[[15.0521,77.1354,0.0],[15.0557,77.1359,0.0],[15.0557,77.137,0.0],[15.0484,77.137,0.0],[15.0521,77.1354,0.0]]],
[[[14.7875,77.15,4.7116],[14.7911,77.1516,8.0547],[14.7839,77.1516,6.3226],[14.7839,77.1505,5.6034],[14.7875,77.15,4.7116]]],
[[[14.8313,77.1604,0.4417],[14.8328,77.162,0.591],[14.8234,77.162,0.6038],[14.825,77.1604,1.5319],[14.8313,77.1604,0.4417]]],
[[[14.5771,77.1937,11.2151],[14.5687,77.1937,4.1894],[14.5651,77.1901,1.1777],[14.5813,77.1896,2.0315],[14.5849,77.1922,3.6713],[14.5833,77.1937,6.4995],[14.5771,77.1937,11.2151]]],
[[[14.6125,77.1917,1.4905],[14.6141,77.1932,2.9349],[14.6005,77.1964,9.5275],[14.6016,77.1995,-0.159],[14.6,77.2,-0.9719],[14.5943,77.1995,3.5967],[14.588,77.1953,0.5367],[14.5896,77.1937,0.6439],[14.6021,77.1937,2.1225],[14.6063,77.1917,1.2645],[14.6125,77.1917,1.4905]]],
[[[14.5771,77.1979,4.2677],[14.5646,77.1979,3.8677],[14.563,77.1964,3.904],[14.5807,77.1964,2.8524],[14.5771,77.1979,4.2677]]],
[[[14.5542,77.2063,2.1244],[14.55,77.2042,3.3681],[14.5438,77.2042,2.9575],[14.5422,77.2026,0.9159],[14.5583,77.2021,0.9414],[14.562,77.2047,-0.5444],[14.5604,77.2063,0.3656],[14.5542,77.2063,2.1244]]],
[[[14.3458,77.2167,2.3787],[14.3495,77.2182,2.2023],[14.3422,77.2182,1.3432],[14.3422,77.2172,1.1335],[14.3458,77.2167,2.3787]]],
[[[14.7313,77.4792,0.0],[14.7328,77.4807,0.0],[14.7234,77.4807,0.0],[14.725,77.4792,0.0],[14.7313,77.4792,0.0]]],
[[[14.7313,77.4875,0.6077],[14.7328,77.4891,0.9092],[14.7234,77.4891,1.2278],[14.725,77.4875,0.0],[14.7313,77.4875,0.6077]]],
[[[14.6297,77.5068,0.0],[14.6375,77.5062,0.0],[14.6391,77.5078,0.0],[14.6292,77.5104,0.0],[14.6234,77.5099,0.0],[14.6297,77.5068,0.0]]],
[[[14.6417,77.5104,0.0],[14.6432,77.512,0.0],[14.6339,77.512,0.0],[14.6354,77.5104,0.0],[14.6417,77.5104,0.0]]],
[[[14.6208,77.5167,0.0],[14.6224,77.5182,0.0],[14.613,77.5182,0.0],[14.6146,77.5167,0.0],[14.6208,77.5167,0.0]]],
[[[14.6042,77.5188,0.0],[14.6057,77.5203,0.0],[14.5964,77.5203,0.0],[14.5979,77.5188,0.0],[14.6042,77.5188,0.0]]],
[[[14.7479,77.5208,0.0],[14.7516,77.5214,0.0],[14.7516,77.5224,0.0],[14.7443,77.5224,0.0],[14.7479,77.5208,0.0]]],
[[[14.9563,77.5917,0.0],[14.9599,77.5932,0.0],[14.9526,77.5932,0.0],[14.9526,77.5922,0.0],[14.9563,77.5917,0.0]]],
[[[14.9115,77.5979,20.438],[14.9188,77.5979,0.0],[14.9203,77.5995,0.0],[14.913,77.6005,15.7163],[14.9141,77.6036,9.7745],[14.9083,77.6042,0.0],[14.9005,77.5995,0.0],[14.8984,77.5964,0.0],[14.9063,77.5958,22.7531],[14.9115,77.5979,20.438]]],
[[[14.0771,77.3688,0.0],[14.0807,77.3703,0.0],[14.0734,77.3703,0.0],[14.0734,77.3693,0.0],[14.0771,77.3688,0.0]]],
[[[13.7583,77.7312,0.0],[13.7729,77.7312,0.0],[13.7786,77.7349,0.0],[13.7484,77.7349,7.1095],[13.7583,77.7312,0.0]]],
[[[13.75,77.7521,12.1477],[13.7313,77.7521,8.0932],[13.7271,77.7542,2.8217],[13.7214,77.7536,2.5887],[13.7292,77.75,6.1346],[13.7349,77.7495,8.2252],[13.7339,77.7464,5.3564],[13.7354,77.7458,6.8971],[13.7479,77.7458,7.9711],[13.764099999999999,77.7412,6.948],[13.763,77.738,6.0188],[13.7646,77.7375,6.5596],[13.7813,77.7375,2.2565],[13.7854,77.7396,1.8047],[13.7938,77.7396,2.9037],[13.7974,77.7422,0.0],[13.7875,77.7458,4.6935],[13.775,77.7458,4.4129],[13.7563,77.7521,11.5564],[13.75,77.7521,12.1477]]],
[[[13.7771,77.7667,1.9051],[13.7688,77.7667,1.6491],[13.7563,77.7708,2.3686],[13.75,77.7708,2.0644],[13.7484,77.7693,0.0],[13.7557,77.7682,0.9133],[13.7526,77.763,1.4525],[13.7578,77.7609,4.4284],[13.75,77.7604,2.0916],[13.7484,77.7589,1.5632],[13.7563,77.7562,4.7311],[13.7729,77.7562,5.4073],[13.7771,77.7583,6.0223],[13.7813,77.7583,6.0539],[13.7854,77.7562,5.5046],[13.7932,77.7568,4.6127],[13.7917,77.7583,6.1023],[13.7859,77.7589,7.3498],[13.7911,77.7641,4.6211],[13.7771,77.7667,1.9051]]],
[[[14.8583,77.6687,238.5275],[14.8479,77.6687,74.5875],[14.8464,77.6672,103.2],[14.8641,77.6672,332.5613],[14.8625,77.6687,265.5607],[14.8583,77.6687,238.5275]]],
[[[14.8458,77.6708,29.9913],[14.8495,77.6724,17.5447],[14.8422,77.6724,4.4697],[14.8422,77.6713,3.9783],[14.8458,77.6708,29.9913]]],
[[[14.8646,77.6708,133.8965],[14.8703,77.6713,132.9363],[14.8724,77.6745,28.8482],[14.8646,77.6771,0.0],[14.8583,77.6771,0.0],[14.8547,77.6745,13.253],[14.8547,77.6734,23.4272],[14.8646,77.6708,133.8965]]],
[[[14.8104,77.6771,0.0],[14.8182,77.6776,0.0],[14.8203,77.6807,9.1472],[14.8125,77.6833,12.5743],[14.7964,77.6828,6.2573],[14.8016,77.6807,14.6502],[14.8005,77.6776,1.7724],[14.8104,77.6771,0.0]]],
[[[14.9792,77.6813,35.672],[14.9807,77.6828,24.9264],[14.9714,77.6828,24.6149],[14.9729,77.6813,36.5967],[14.9792,77.6813,35.672]]],
[[[14.7167,77.7125,7.758],[14.6979,77.7188,0.0],[14.6917,77.7188,0.0],[14.6875,77.7167,24.0034],[14.6609,77.7182,25.5173],[14.6771,77.7125,0.0],[14.6896,77.7125,38.2511],[14.6938,77.7104,10.9074],[14.6979,77.7104,25.6196],[14.7057,77.7078,34.686],[14.7047,77.7047,0.0],[14.7188,77.7042,28.0653],[14.7203,77.7037,19.349],[14.7193,77.7005,0.0],[14.7396,77.6958,18.9272],[14.75,77.6917,10.2537],[14.7542,77.6917,21.104],[14.7646,77.6875,1.4286],[14.7828,77.688,3.8341],[14.7813,77.6896,6.5733],[14.7625,77.6937,14.839],[14.7521,77.6979,20.646],[14.7464,77.6984,38.7323],[14.7484,77.7016,-0.1166],[14.7583,77.7021,-0.6218],[14.7599,77.7037,1.7385],[14.7375,77.7104,0.0],[14.725,77.7104,14.5088],[14.7208,77.7125,0.0],[14.7167,77.7125,7.758]]],
[[[14.6354,77.7271,17.232],[14.6432,77.7276,32.4597],[14.6453,77.7307,0.0],[14.6375,77.7333,0.0],[14.6313,77.7333,13.5481],[14.6276,77.7307,30.6578],[14.6354,77.7271,17.232]]],
[[[14.6125,77.7354,30.8836],[14.6141,77.737,37.0908],[14.6047,77.737,13.1354],[14.6063,77.7354,0.0],[14.6125,77.7354,30.8836]]],
[[[13.7667,77.7708,1.6146],[13.7708,77.7688,1.6188],[13.7766,77.7693,1.0971],[13.7688,77.7729,1.1814],[13.7609,77.7724,1.6416],[13.7625,77.7708,2.1545],[13.7667,77.7708,1.6146]]],
[[[13.6771,77.8396,2.3799],[13.6786,77.8411,2.2651],[13.6646,77.8417,4.55],[13.6604,77.8438,3.5773],[13.6526,77.8432,3.4061],[13.6604,77.8396,5.3055],[13.6771,77.8396,2.3799]]],
[[[13.7078,77.8484,2.2751],[13.7063,77.85,1.9117],[13.6984,77.8495,1.8232],[13.7,77.8479,1.6082],[13.7078,77.8484,2.2751]]],
[[[13.6958,77.8771,0.5654],[13.6995,77.8786,0.6328],[13.6922,77.8786,0.4553],[13.6922,77.8776,0.57],[13.6958,77.8771,0.5654]]],
[[[14.2693,77.9651,0.0],[14.2771,77.9646,0.0],[14.2786,77.9661,0.0],[14.2688,77.9688,0.0],[14.2609,77.9682,0.0],[14.2693,77.9651,0.0]]],
[[[14.2688,77.975,0.0],[14.2625,77.975,0.0],[14.2521,77.9792,0.0],[14.2443,77.9786,0.0],[14.2495,77.9766,0.0],[14.2464,77.9724,0.0],[14.2479,77.9708,0.0],[14.2646,77.9708,0.0],[14.2688,77.9729,0.0],[14.2729,77.9729,0.0],[14.2771,77.9708,0.0],[14.2849,77.9714,0.0],[14.2771,77.975,0.0],[14.2688,77.975,0.0]]],
[[[14.4167,78.3708,14.9686],[14.4182,78.3724,10.3461],[14.4089,78.3724,11.293],[14.4104,78.3708,12.4545],[14.4167,78.3708,14.9686]]],
[[[14.2021,78.3729,0.0],[14.2036,78.3745,0.0],[14.1943,78.3745,0.0],[14.1958,78.3729,0.0],[14.2021,78.3729,0.0]]],
[[[13.6167,77.9458,2.677],[13.6182,77.9474,2.2024],[13.6089,77.9474,0.0],[13.6104,77.9458,0.0],[13.6167,77.9458,2.677]]],
[[[13.05,78.2104,2.5644],[13.0516,78.212,4.0994],[13.0422,78.212,1.8286],[13.0438,78.2104,3.107],[13.05,78.2104,2.5644]]],
[[[13.05,78.5021,95.8335],[13.0536,78.5026,96.4551],[13.0578,78.5057,53.4976],[13.0479,78.5083,15.6727],[13.0208,78.5083,10.5326],[13.0146,78.5042,23.1747],[13.0026,78.5036,11.9204],[13.0005,78.5005,12.9324],[13.0167,78.5,39.9104],[13.0266,78.4974,85.9498],[13.0255,78.4943,50.408],[13.0417,78.4917,213.362],[13.0458,78.4938,245.9124],[13.0557,78.4943,259.744],[13.0542,78.4958,236.127],[13.0401,78.4984,192.9968],[13.0422,78.5016,88.684],[13.05,78.5021,95.8335]]],
[[[13.2542,78.5042,117.7257],[13.2557,78.5057,107.5785],[13.2464,78.5057,88.7507],[13.2479,78.5042,104.4353],[13.2542,78.5042,117.7257]]],
[[[14.725,78.4437,0.0],[14.7266,78.4453,0.0],[14.7172,78.4453,0.0],[14.7188,78.4437,0.0],[14.725,78.4437,0.0]]],
[[[14.5542,78.4646,0.0],[14.5557,78.4661,0.0],[14.5464,78.4661,0.0],[14.5479,78.4646,0.0],[14.5542,78.4646,0.0]]],
[[[14.4063,78.5375,0.0],[14.3875,78.5375,0.0],[14.3833,78.5396,0.0],[14.3771,78.5396,0.0],[14.3667,78.5333,0.0],[14.3583,78.5333,0.0],[14.3542,78.5313,0.0],[14.3458,78.5313,0.0],[14.3443,78.5297,0.0],[14.3688,78.5292,0.0],[14.3729,78.5271,0.0],[14.3792,78.5271,0.0],[14.3875,78.5313,0.0],[14.4063,78.5313,0.0],[14.412,78.5359,0.0],[14.4104,78.5375,0.0],[14.4063,78.5375,0.0]]],
[[[14.4271,78.5396,0.0],[14.4286,78.5411,0.0],[14.4193,78.5411,0.0],[14.4208,78.5396,0.0],[14.4271,78.5396,0.0]]],
[[[13.025,78.2083,2.1989],[13.0286,78.2099,2.1591],[13.0214,78.2099,2.4351],[13.0214,78.2089,1.6837],[13.025,78.2083,2.1989]]],
[[[12.8521,78.3167,3.8321],[12.8599,78.3172,1.9824],[12.862,78.3203,0.9443],[12.8542,78.3229,8.5493],[12.8464,78.3224,10.6904],[12.8516,78.3203,7.981],[12.8505,78.3172,5.2651],[12.8521,78.3167,3.8321]]],
[[[12.8917,78.3562,0.0062],[12.8932,78.3578,10.3815],[12.8839,78.3578,1.9784],[12.8854,78.3562,0.3353],[12.8917,78.3562,0.0062]]],
[[[12.9104,78.3646,7.9887],[12.912,78.3662,1.3749],[12.9026,78.3662,5.3373],[12.9042,78.3646,5.4982],[12.9104,78.3646,7.9887]]],
[[[12.5271,78.4979,43.6878],[12.5083,78.4979,42.821],[12.5042,78.5,15.5697],[12.4979,78.5,18.5446],[12.4938,78.4979,52.891],[12.475,78.4979,32.9967],[12.4734,78.4964,43.882],[12.4807,78.4953,73.3045],[12.4797,78.4922,107.3402],[12.4896,78.4896,93.0075],[12.5563,78.4896,194.649],[12.5578,78.488,138.3615],[12.5479,78.4875,92.4723],[12.5464,78.4859,69.5749],[12.5646,78.4812,166.3866],[12.5792,78.4812,211.5754],[12.5917,78.4771,303.6789],[12.5995,78.4776,279.9811],[12.5979,78.4792,382.3843],[12.5922,78.4797,395.1587],[12.5932,78.4828,420.3912],[12.5859,78.4838,331.5941],[12.587,78.487,450.6816],[12.5854,78.4875,442.7379],[12.5479,78.4958,279.4844],[12.5438,78.4979,181.9202],[12.5271,78.4979,43.6878]]],
[[[12.9396,78.4917,168.6627],[12.9479,78.4917,213.3395],[12.9495,78.4932,279.5763],[12.9396,78.4958,200.0735],[12.9214,78.4953,102.2267],[12.9312,78.4917,116.8568],[12.9396,78.4917,168.6627]]],
[[[12.8125,78.5396,406.6989],[12.8141,78.5411,434.4467],[12.8047,78.5411,450.9442],[12.8063,78.5396,425.5007],[12.8125,78.5396,406.6989]]],
[[[12.1995,78.5547,19.8202],[12.1979,78.5563,19.5852],[12.1833,78.5563,18.1746],[12.1792,78.5583,10.9802],[12.1609,78.5578,0.0],[12.1625,78.5563,0.0],[12.1766,78.5537,7.1985],[12.1755,78.5505,0.0],[12.1771,78.55,0.0],[12.1995,78.5453,7.7577],[12.1984,78.5422,0.0],[12.2057,78.5411,2.9484],[12.2047,78.538,0.0],[12.2063,78.5375,0.0],[12.2229,78.5375,0.0],[12.2286,78.5422,1.9886],[12.2271,78.5437,2.601],[12.213,78.5463,7.4171],[12.2141,78.5495,0.0],[12.1984,78.5526,22.0803],[12.1995,78.5547,19.8202]]],
[[[11.5839,78.3359,0.0],[11.5917,78.3354,0.0],[11.5932,78.337,0.0],[11.5859,78.338,3.7845],[11.587,78.3411,0.0],[11.5854,78.3417,0.0],[11.5792,78.3417,1.6212],[11.5755,78.3391,4.0661],[11.5839,78.3359,0.0]]],
[[[10.5547,78.8922,3.3162],[10.5354,78.8979,0.0],[10.5167,78.8958,5.6985],[10.5125,78.8979,1.4414],[10.4958,78.8979,0.0],[10.4917,78.8958,6.757],[10.4833,78.8958,7.9946],[10.4792,78.8938,23.4434],[10.4729,78.8938,22.4382],[10.4688,78.8958,8.0402],[10.4589,78.8953,0.0],[10.4589,78.8922,0.0],[10.4661,78.8912,0.0],[10.4651,78.888,0.0],[10.4807,78.8849,0.0],[10.4797,78.8818,0.0],[10.4812,78.8812,0.0],[10.4974,78.8786,16.6001],[10.4964,78.8755,4.9759],[10.5036,78.8745,8.5568],[10.5026,78.8714,0.0],[10.5188,78.8688,10.4188],[10.5203,78.8682,8.4077],[10.5193,78.8651,0.0],[10.5349,78.862,3.9882],[10.5339,78.8568,0.0],[10.5396,78.8562,3.3772],[10.5411,78.8547,5.2506],[10.5297,78.8536,0.0],[10.5255,78.8484,0.0],[10.5396,78.8458,2.6953],[10.5411,78.8443,3.8098],[10.5313,78.8438,3.1454],[10.5276,78.8401,0.0],[10.5438,78.8375,5.7933],[10.5453,78.837,5.9119],[10.5443,78.8339,4.3923],[10.5516,78.8328,5.6581],[10.55,78.8313,5.256],[10.5401,78.8307,2.6039],[10.5339,78.8245,4.6804],[10.5354,78.8229,4.2893],[10.5411,78.8224,6.424],[10.5359,78.813,3.1411],[10.5417,78.8125,2.5859],[10.5432,78.8109,2.8244],[10.5318,78.8099,1.3035],[10.525,78.8042,4.394],[10.5151,78.8037,0.0],[10.5307,78.7984,12.7748],[10.5193,78.7974,8.1896],[10.513,78.7911,31.0901],[10.512,78.788,69.3258],[10.5,78.7875,0.0],[10.4984,78.787,0.0],[10.4984,78.7839,3.2098],[10.5057,78.7828,6.4206],[10.5047,78.7797,0.9836],[10.5063,78.7792,2.2343],[10.5208,78.7792,3.8154],[10.5307,78.7766,18.8364],[10.5297,78.7734,0.0],[10.5313,78.7729,0.0],[10.5495,78.7724,10.68],[10.5479,78.7708,4.4539],[10.5396,78.7708,3.193],[10.538,78.7693,1.8489],[10.5536,78.7662,2.3843],[10.5526,78.763,3.0798],[10.5542,78.7625,3.4102],[10.5724,78.762,5.462],[10.5708,78.7604,4.4749],[10.5589,78.7599,0.0],[10.5604,78.7583,0.0],[10.5771,78.7583,5.9106],[10.5786,78.7578,5.2468],[10.5776,78.7547,2.5282],[10.6042,78.7479,0.0],[10.6104,78.7479,2.4516],[10.6146,78.7458,3.2699],[10.6307,78.7453,7.9067],[10.6292,78.7438,7.0987],[10.6193,78.7432,4.6514],[10.6208,78.7417,4.1962],[10.6266,78.7412,5.9169],[10.6214,78.7338,3.5823],[10.639099999999999,78.7307,4.4422],[10.638,78.7276,4.3806],[10.6479,78.725,4.0798],[10.6625,78.725,6.1738],[10.6724,78.7224,3.5543],[10.6734,78.7193,1.5777],[10.6807,78.7182,7.6917],[10.6776,78.713,6.5767],[10.6849,78.712,7.6587],[10.6839,78.7089,7.0538],[10.6995,78.7057,6.5831],[10.6984,78.7026,0.0],[10.7,78.7021,2.8511],[10.7161,78.6995,4.9744],[10.7146,78.6979,4.1322],[10.7063,78.6979,4.0006],[10.7047,78.6964,2.638],[10.7396,78.6875,0.8671],[10.7474,78.687,1.8887],[10.7443,78.6818,2.3106],[10.7542,78.6792,2.5474],[10.7604,78.6792,2.9612],[10.7646,78.6813,3.0185],[10.7932,78.6807,8.4397],[10.7896,78.6771,5.7261],[10.7797,78.6766,4.4846],[10.7734,78.6693,1.7613],[10.7953,78.6703,3.2346],[10.7943,78.6672,3.5689],[10.8,78.6667,4.9597],[10.8016,78.6651,6.4246],[10.7938,78.6646,4.7716],[10.7896,78.6667,2.91],[10.7833,78.6667,3.0738],[10.7797,78.663,2.0213],[10.7958,78.6625,5.2401],[10.8057,78.6599,7.527],[10.8047,78.6568,4.2581],[10.812,78.6557,6.0853],[10.8089,78.6505,1.8593],[10.8182,78.6495,4.1371],[10.8172,78.6464,2.478],[10.8245,78.6453,3.683],[10.8214,78.6401,2.521],[10.837,78.637,5.681],[10.8318,78.6297,2.331],[10.8391,78.6286,2.0657],[10.8417,78.625,1.5667],[10.8667,78.625,9.3139],[10.8766,78.6224,10.5421],[10.8755,78.6193,7.85],[10.8911,78.6162,10.5923],[10.8896,78.6146,9.157],[10.8813,78.6146,6.9684],[10.8797,78.613,4.2618],[10.887,78.612,7.5435],[10.8859,78.6088,5.995],[10.8875,78.6083,6.9445],[10.9042,78.6083,17.4015],[10.9057,78.6078,16.1151],[10.9047,78.6047,10.4856],[10.9203,78.6016,11.9043],[10.9172,78.5964,4.4413],[10.9245,78.5953,6.4962],[10.9214,78.5901,2.5368],[10.9286,78.5891,3.3366],[10.9255,78.5839,3.1367],[10.9453,78.5828,6.2707],[10.9432,78.5797,3.1615],[10.9333,78.5792,1.1675],[10.9318,78.5776,0.0],[10.9417,78.575,2.2569],[10.9578,78.5745,5.3892],[10.9563,78.5729,5.4102],[10.9479,78.5729,3.6369],[10.9438,78.5708,3.6845],[10.9354,78.5708,3.3895],[10.9318,78.5672,3.0602],[10.9417,78.5646,3.5424],[10.9563,78.5646,0.9262],[10.9604,78.5625,0.3694],[10.975,78.5625,1.9925],[10.9875,78.5583,1.6929],[10.9938,78.5583,4.5021],[11.012,78.5537,9.0367],[11.0104,78.5521,8.9314],[11.0005,78.5516,5.375],[10.9964,78.5474,3.7226],[11.0036,78.5443,10.033],[10.9813,78.5417,3.7689],[10.9776,78.5391,4.2785],[10.9792,78.5375,5.3797],[10.9849,78.537,7.6802],[10.9818,78.5318,3.9194],[10.9891,78.5307,6.1287],[10.9839,78.5245,6.9467],[10.9839,78.5214,3.8764],[10.9911,78.5203,4.019],[10.9901,78.5172,3.5384],[10.9974,78.5162,8.5755],[10.9964,78.513,3.8462],[11.0036,78.512,3.1272],[11.0005,78.5068,2.7955],[11.0078,78.5057,3.1128],[11.0057,78.5026,3.2601],[10.9958,78.5021,0.0],[10.9943,78.5005,0.0],[11.0104,78.5,7.271],[11.012,78.4995,5.4227],[11.0109,78.4964,0.0],[11.0125,78.4958,0.0],[11.0271,78.4958,4.2484],[11.0286,78.4953,3.6338],[11.0276,78.4922,0.0],[11.0349,78.4912,6.4057],[11.0359,78.488,0.0],[11.0516,78.4849,6.6878],[11.0505,78.4818,4.2745],[11.0563,78.4812,5.6567],[11.0578,78.4797,7.4092],[11.0542,78.4771,11.7813],[11.0458,78.4771,5.5045],[11.0443,78.4755,7.3617],[11.0516,78.4745,6.4003],[11.0484,78.4693,0.0],[11.0557,78.4682,7.2803],[11.0526,78.463,1.5537],[11.0682,78.4599,5.5916],[11.0672,78.4568,1.6805],[11.0833,78.4563,3.4168],[11.0849,78.4557,6.3721],[11.0839,78.4526,1.1153],[11.0932,78.4516,1.4111],[11.0922,78.4484,1.8468],[11.1104,78.4437,0.0],[11.125,78.4437,1.0779],[11.1266,78.4432,1.0779],[11.1255,78.4401,0.0],[11.1271,78.4396,0.0],[11.1438,78.4396,6.7961],[11.15,78.4437,3.4418],[11.1599,78.4443,0.0],[11.1646,78.4479,1.2921],[11.1849,78.4484,0.0],[11.1755,78.4516,3.6555],[11.1818,78.4578,0.7075],[11.2021,78.4583,1.2073],[11.2083,78.4625,1.8443],[11.225,78.4625,2.0478],[11.2292,78.4604,0.7902],[11.2542,78.4604,0.9957],[11.2583,78.4583,1.2587],[11.275,78.4604,3.1043],[11.2766,78.4599,3.6335],[11.2755,78.4568,1.9025],[11.2771,78.4563,1.9025],[11.2917,78.4563,4.7958],[11.2958,78.4542,2.2775],[11.3208,78.4542,5.6039],[11.3224,78.4537,4.4578],[11.3214,78.4505,0.0],[11.3229,78.45,0.0],[11.3375,78.45,6.0634],[11.3417,78.4479,9.4306],[11.3542,78.4458,10.7537],[11.3563,78.4437,9.5209],[11.3547,78.4401,3.0037],[11.362,78.4391,6.8624],[11.3609,78.4359,4.0444],[11.3708,78.4333,1.6704],[11.3854,78.4333,7.1307],[11.387,78.4328,5.2291],[11.3859,78.4297,0.0],[11.4292,78.4187,1.4867],[11.4437,78.4187,6.1036],[11.4453,78.4172,6.7395],[11.4354,78.4167,2.351],[11.4339,78.4151,2.0322],[11.4437,78.4125,2.1692],[11.4604,78.4125,2.314],[11.4646,78.4146,3.3949],[11.4729,78.4146,2.1583],[11.4771,78.4167,1.1999],[11.4938,78.4167,2.3999],[11.5063,78.4125,3.0839],[11.5313,78.4125,6.3492],[11.5438,78.4083,5.6137],[11.5583,78.4083,6.8179],[11.5682,78.4057,6.5661],[11.5672,78.4026,4.6793],[11.5745,78.4016,4.5573],[11.5729,78.4,4.434],[11.563,78.3995,3.1931],[11.5646,78.3979,2.4767],[11.5703,78.3974,3.2686],[11.5672,78.3922,1.316],[11.5828,78.3891,2.25],[11.5818,78.3859,2.4833],[11.5917,78.3833,2.1295],[11.6063,78.3833,2.456],[11.6161,78.3807,3.3125],[11.6146,78.3792,3.129],[11.5922,78.3766,2.5301],[11.5901,78.3734,2.2201],[11.5958,78.3729,1.3567],[11.5974,78.3714,1.9958],[11.5938,78.3688,1.5382],[11.5854,78.3688,0.4848],[11.5839,78.3672,0.0],[11.6,78.3646,0.0],[11.613,78.3766,2.6295],[11.6208,78.3771,3.5776],[11.6286,78.3745,2.8234],[11.6266,78.3693,2.5534],[11.6151,78.3682,2.6062],[11.6224,78.3651,2.569],[11.6125,78.3646,1.4442],[11.6089,78.3609,0.0],[11.6161,78.3599,3.5506],[11.613,78.3547,1.5876999999999999],[11.637,78.3495,4.4016],[11.6339,78.3443,1.1922],[11.6479,78.3438,1.4638],[11.6521,78.3417,1.1123],[11.6667,78.3417,2.3279],[11.6849,78.337,3.0463],[11.6839,78.3339,2.091],[11.6854,78.3333,0.8359],[11.7208,78.3313,1.2311],[11.725,78.3333,0.866],[11.7313,78.3333,0.8651],[11.7411,78.3307,1.156],[11.7401,78.3276,0.637],[11.764099999999999,78.3224,0.9186],[11.763,78.3193,0.929],[11.7646,78.3187,1.0129],[11.7688,78.3187,1.4938],[11.7729,78.3167,1.7859],[11.7875,78.3167,2.385],[11.7891,78.3161,2.5393],[11.788,78.313,1.2421],[11.8042,78.3125,2.377],[11.8057,78.312,2.7743],[11.8047,78.3089,1.3787],[11.8182,78.3057,1.9076],[11.8151,78.3005,1.2616],[11.8208,78.3,2.1563],[11.8224,78.2984,2.4562],[11.8172,78.2922,2.0367],[11.8245,78.2911,1.5101],[11.8214,78.2859,2.5281],[11.8271,78.2854,3.1373],[11.8286,78.2839,2.8188],[11.8172,78.2828,3.122],[11.8104,78.2771,2.8802],[11.8005,78.2766,0.0],[11.8021,78.275,5.6224],[11.8078,78.2745,6.3843],[11.8063,78.2729,5.5495],[11.7896,78.2729,10.1644],[11.7854,78.2708,4.8905],[11.7771,78.2708,4.2498],[11.7755,78.2693,2.8002],[11.7896,78.2688,4.2824],[11.7938,78.2667,3.7126],[11.7979,78.2667,1.9083],[11.7995,78.2662,2.6841],[11.7984,78.263,1.1565],[11.8307,78.2557,5.805],[11.8297,78.2526,0.7577],[11.8313,78.2521,3.3484],[11.8474,78.2516,9.3621],[11.8458,78.25,8.2515],[11.8359,78.2495,4.2632],[11.8339,78.2464,2.8741],[11.8411,78.2453,7.4172],[11.8401,78.2422,1.4919],[11.8557,78.2391,5.9121],[11.8547,78.2359,4.2354],[11.8562,78.2354,2.5725],[11.8771,78.2312,1.8781],[11.8875,78.2271,0.0],[11.9042,78.2292,2.2951],[11.9057,78.2286,0.9182],[11.9047,78.2255,0.0],[11.9063,78.225,0.0],[11.9333,78.225,0.2677],[11.9349,78.2266,1.6665],[11.9276,78.2276,2.4734],[11.9297,78.2307,0.73],[11.9479,78.2312,2.2833],[11.9661,78.2266,2.1734],[11.9651,78.2234,0.0],[11.9667,78.2229,0.0],[12.0,78.2229,2.3148],[12.0042,78.2208,1.7101],[12.0188,78.2208,7.0988],[12.0229,78.2188,5.4224],[12.0375,78.2188,5.9953],[12.0417,78.2167,0.0],[12.0667,78.2167,3.4841],[12.0682,78.2161,3.6675],[12.0672,78.213,1.6656],[12.075,78.2104,0.0],[12.0896,78.2104,3.4599],[12.0938,78.2083,0.6084],[12.1313,78.2083,2.5831],[12.1411,78.2172,0.0],[12.1396,78.2188,0.0],[12.1234,78.2193,7.6786],[12.1245,78.2224,-0.062],[12.1172,78.2234,6.7929],[12.1182,78.2266,3.238],[12.1109,78.2276,4.6342],[12.1182,78.237,0.0],[12.1047,78.2401,6.8749],[12.1057,78.2432,4.8784],[12.0734,78.2505,11.4265],[12.075,78.2521,7.7976],[12.0849,78.2526,0.0],[12.0776,78.2557,7.4659],[12.0875,78.2562,3.769],[12.0891,78.2578,0.0],[12.0729,78.2583,10.5837],[12.0547,78.263,7.7867],[12.0557,78.2662,0.0],[12.0484,78.2672,6.3713],[12.0547,78.2745,3.325],[12.0646,78.275,0.0],[12.0682,78.2776,2.4089],[12.0724,78.2828,2.2352],[12.0672,78.2839,1.7101],[12.0682,78.287,0.0],[12.0542,78.2896,2.4563],[12.0526,78.2901,4.0064],[12.0536,78.2932,5.2675],[12.038,78.2963,5.2992],[12.0391,78.2995,4.957],[12.0318,78.3005,6.6301],[12.0328,78.3037,2.4346],[12.0255,78.3047,6.2242],[12.0266,78.3078,2.239],[12.0109,78.3109,9.0529],[12.012,78.3141,2.0998],[12.0104,78.3146,0.0],[11.9958,78.3146,5.4733],[11.9854,78.3187,0.0],[11.9708,78.3187,12.0184],[11.9609,78.3214,5.2725],[11.9625,78.3229,5.0048],[11.9708,78.3229,4.5601],[11.9724,78.3245,0.0],[11.9651,78.3255,3.1843],[11.9661,78.3287,2.0622],[11.9646,78.3292,3.3377],[11.9422,78.3339,3.9781],[11.9438,78.3354,4.0285],[11.9521,78.3354,4.1137],[11.9557,78.338,0.0],[11.9542,78.3396,2.3703],[11.9484,78.3401,3.6599],[11.9495,78.3432,1.9182],[11.9422,78.3443,3.5064],[11.9474,78.3516,0.0],[11.925,78.3562,3.4542],[11.9234,78.3568,3.7352],[11.9245,78.3599,2.368],[11.8938,78.3667,4.5329],[11.8859,78.3693,5.5769],[11.887,78.3724,0.0],[11.8797,78.3734,5.3831],[11.889099999999999,78.3849,2.3263],[11.8729,78.3854,4.3021],[11.8604,78.3896,0.0],[11.8458,78.3896,3.564],[11.8359,78.3922,6.063],[11.837,78.3953,4.6336],[11.8297,78.3964,4.9795],[11.8401,78.4078,2.8075],[11.8516,78.4089,0.0],[11.85,78.4104,0.0],[11.8443,78.4109,1.5308],[11.8578,78.4255,0.0],[11.8505,78.4287,3.9854],[11.862,78.4297,1.597],[11.8703,78.4391,1.6787],[11.8604,78.4417,1.119],[11.8458,78.4417,1.6102],[11.8417,78.4437,1.2076],[11.8146,78.4437,0.5321],[11.8104,78.4417,1.0749],[11.7521,78.4417,2.0018],[11.7479,78.4437,2.4704],[11.7125,78.4437,3.3125],[11.7083,78.4458,3.3278],[11.6938,78.4458,3.828],[11.6896,78.4479,4.7806],[11.6734,78.4484,11.9137],[11.675,78.45,5.8737],[11.6849,78.4505,0.0],[11.687,78.4526,0.0],[11.6854,78.4542,0.0],[11.6687,78.4521,0.0],[11.6672,78.4526,0.0],[11.6682,78.4557,0.0],[11.6667,78.4563,0.0],[11.6313,78.4563,1.555],[11.6297,78.4578,0.5272],[11.6396,78.4583,0.0],[11.6411,78.4599,0.0],[11.6172,78.4651,0.0],[11.6203,78.4693,0.0],[11.6188,78.4708,0.0],[11.5938,78.4708,0.0],[11.5896,78.4729,0.0],[11.5771,78.475,0.0],[11.5755,78.4766,0.0],[11.5786,78.4807,0.0],[11.5688,78.4833,0.0],[11.5333,78.4833,21.2637],[11.5318,78.4838,12.4132],[11.5328,78.487,6.382],[11.5172,78.4901,8.8477],[11.5182,78.4932,0.0],[11.5026,78.4964,0.0],[11.5036,78.4995,0.0],[11.4859,78.5005,3.7223],[11.4932,78.5099,0.0],[11.4771,78.5104,0.0],[11.4589,78.5151,0.8369],[11.4599,78.5182,3.0582],[11.4526,78.5193,6.3555],[11.4578,78.5266,0.0],[11.4396,78.5313,7.1092],[11.4318,78.5318,8.5186],[11.4333,78.5333,7.6553],[11.4453,78.5339,1.3645],[11.4464,78.537,1.7455],[11.451599999999999,78.5422,2.8414],[11.45,78.5437,3.6464],[11.425,78.5437,4.7947],[11.4208,78.5458,3.3127],[11.4042,78.5458,4.1534],[11.4,78.5437,6.2573],[11.3833,78.5437,7.8556],[11.3792,78.5458,4.9029],[11.3625,78.5458,4.3741],[11.3583,78.5437,6.088],[11.3396,78.5437,5.8285],[11.3354,78.5417,27.2438],[11.3292,78.5417,66.3742],[11.325,78.5437,4.1262],[11.3,78.5437,6.2286],[11.2984,78.5443,0.0],[11.2995,78.5474,0.0],[11.2979,78.5479,0.0],[11.2813,78.5479,0.0],[11.2729,78.5417,0.0],[11.2542,78.5417,0.0],[11.25,78.5396,0.0],[11.2401,78.5391,0.131],[11.2417,78.5375,0.6329],[11.2474,78.537,0.7544],[11.2438,78.5333,2.8742],[11.2255,78.5339,8.0624],[11.2359,78.5453,0.0],[11.2599,78.5484,0.0],[11.2583,78.55,6.468],[11.2526,78.5505,19.273],[11.2542,78.5521,16.9315],[11.2729,78.5521,0.0],[11.2797,78.5578,9.5389],[11.2896,78.5583,12.4438],[11.2932,78.562,7.1857],[11.2859,78.563,12.685],[11.2891,78.5682,2.9206],[11.2708,78.5687,22.0502],[11.2609,78.5714,20.5338],[11.262,78.5745,9.3487],[11.2547,78.5755,6.0601],[11.2562,78.5771,2.8591],[11.2661,78.5776,0.0],[11.2682,78.5807,0.0],[11.25,78.5854,7.2638],[11.2354,78.5854,6.4384],[11.2339,78.5859,1.8426],[11.2349,78.5891,0.0],[11.2333,78.5896,0.0],[11.2172,78.5901,16.432],[11.2266,78.6016,5.2989],[11.2068,78.6026,21.633],[11.2078,78.6057,10.596],[11.2021,78.6062,10.9898],[11.2005,78.6078,10.3537],[11.2104,78.6083,6.9865],[11.212,78.6099,7.0824],[11.2021,78.6125,9.2017],[11.1958,78.6125,7.7758],[11.1917,78.6104,9.3747],[11.1729,78.6104,9.6559],[11.1688,78.6083,27.2635],[11.1313,78.6083,48.2149],[11.1188,78.6125,0.0],[11.1021,78.6125,0.0],[11.0979,78.6104,0.0],[11.0917,78.6104,21.3864],[11.0875,78.6125,0.0],[11.0797,78.613,46.0476],[11.0833,78.6167,8.7211],[11.1057,78.6172,0.0],[11.1057,78.6203,2.5704],[11.0984,78.6214,21.1286],[11.1036,78.6286,2.9375],[11.0859,78.6297,72.0281],[11.0875,78.6312,60.6573],[11.0974,78.6318,9.1521],[11.0958,78.6333,12.6705],[11.0901,78.6339,33.4914],[11.0911,78.637,14.0023],[11.0896,78.6375,8.1727],[11.0854,78.6375,39.1435],[11.0813,78.6396,37.5864],[11.0651,78.6401,110.3404],[11.0667,78.6417,85.8708],[11.076599999999999,78.6422,41.2394],[11.0813,78.6458,0.0],[11.0896,78.6458,5.8758],[11.0958,78.65,17.0177],[11.1021,78.65,5.6427],[11.1146,78.6458,0.0],[11.1208,78.6458,2.9023],[11.1245,78.6495,1.8706],[11.1104,78.6521,10.0854],[11.1089,78.6536,11.6889],[11.1188,78.6542,7.5456],[11.1229,78.6563,12.66],[11.1396,78.6542,3.9039],[11.1474,78.662,0.0],[11.1313,78.6646,14.4661],[11.1297,78.663,13.6722],[11.1354,78.6625,17.5218],[11.137,78.6609,13.1428],[11.1292,78.6604,41.4663],[11.125,78.6625,15.9444],[11.1188,78.6625,15.4401],[11.1125,78.6583,42.8825],[11.0833,78.6583,112.6583],[11.0708,78.6625,0.0],[11.0354,78.6625,26.3769],[11.0255,78.6651,47.481],[11.0266,78.6682,0.0],[11.0193,78.6693,65.003],[11.0193,78.6724,75.6096],[11.0604,78.6729,0.0],[11.0729,78.6687,0.0],[11.0792,78.6687,0.0],[11.0807,78.6703,0.0],[11.0734,78.6713,0.0],[11.0745,78.6745,0.0],[11.0589,78.6776,15.3169],[11.0599,78.6807,12.3821],[11.0521,78.6813,26.2384],[11.0479,78.6833,0.0],[11.0401,78.6828,2.1823],[11.0333,78.6771,30.1992],[11.025,78.6771,49.1524],[11.0208,78.675,62.0991],[11.0042,78.675,241.7931],[10.9693,78.6839,373.3421],[10.9708,78.6854,361.0495],[10.9875,78.6854,178.5462],[10.9891,78.6849,178.5462],[10.988,78.6818,248.7385],[10.9896,78.6813,202.24],[11.0286,78.6818,4.8736],[11.0328,78.687,0.0],[11.0271,78.6875,0.0],[11.0255,78.6891,0.0],[11.0339,78.6974,6.483],[11.0438,78.6979,0.0],[11.0474,78.7016,0.0],[11.0396,78.7021,7.1872],[11.0354,78.7,7.2051],[11.0292,78.7,2.7413],[11.0276,78.7005,5.9325],[11.0286,78.7037,1.0602],[11.0229,78.7042,0.6887],[11.0214,78.7057,5.8758],[11.0271,78.7104,2.9984],[11.0333,78.7104,1.5031],[11.0375,78.7083,0.0],[11.0453,78.7089,0.0],[11.0438,78.7104,5.0087],[11.038,78.7109,7.0623],[11.0422,78.7182,0.0],[11.0682,78.7214,0.0],[11.0667,78.7229,0.0],[11.0521,78.725,0.0],[11.0505,78.7266,30.0044],[11.0604,78.7271,9.0014],[11.0667,78.7312,12.4269],[11.075,78.7312,0.819],[11.0813,78.7354,4.4176],[11.0896,78.7354,3.3784],[11.0938,78.7333,1.5675],[11.1083,78.7333,7.1856],[11.1208,78.7292,0.5587],[11.1271,78.7292,3.6957],[11.1313,78.7312,11.9777],[11.1495,78.7307,2.3948],[11.1479,78.7292,1.8222],[11.138,78.7286,18.8591],[11.1313,78.7229,1.0001],[11.125,78.7229,1.1032],[11.1208,78.725,0.3915],[11.113,78.7245,0.3212],[11.1229,78.7208,0.0],[11.1396,78.7208,0.0],[11.1458,78.725,1.6058],[11.1688,78.7271,1.1477],[11.1724,78.7307,0.6154],[11.1542,78.7312,3.5765],[11.1276,78.738,1.4843],[11.1313,78.7417,2.9687],[11.1396,78.7417,1.1343],[11.1438,78.7438,1.501],[11.1521,78.7438,1.7321],[11.1536,78.7453,0.0],[11.138,78.7484,3.0121],[11.1411,78.7526,1.5761],[11.1396,78.7542,0.0],[11.1354,78.7542,4.7581],[11.1313,78.7562,8.542],[11.113,78.7568,7.5622],[11.1161,78.762,9.0553],[11.0979,78.7667,0.6698],[11.0833,78.7667,4.5987],[11.0687,78.7708,2.116],[11.0438,78.7708,0.0],[11.0396,78.7729,0.4014],[11.0333,78.7729,0.1745],[11.0318,78.7714,0.0],[11.0542,78.7667,2.3556],[11.0557,78.7651,1.3544],[11.05,78.7604,1.5749],[11.0333,78.7604,1.8642],[11.0318,78.762,1.0308],[11.0349,78.7662,0.0],[11.0276,78.7672,0.0],[11.0286,78.7703,0.0],[11.0188,78.7729,0.0],[11.0125,78.7729,0.0],[11.0083,78.7708,0.0],[10.9896,78.7708,0.0],[10.988,78.7714,0.0],[10.9891,78.7745,0.0],[10.9813,78.775,0.0],[10.975,78.7708,0.0],[10.9651,78.7703,0.0],[10.9667,78.7688,0.0],[10.9724,78.7682,0.0],[10.9714,78.7651,2.4093],[10.9786,78.7641,2.0343],[10.9771,78.7625,3.8306],[10.9609,78.7651,7.0265],[10.962,78.7682,0.0],[10.9604,78.7688,0.0],[10.9458,78.7688,14.872],[10.9443,78.7693,14.872],[10.9453,78.7724,2.5169],[10.938,78.7734,10.6785],[10.9391,78.7766,0.0],[10.9214,78.7797,14.5035],[10.9229,78.7813,0.0],[10.9313,78.7813,0.0],[10.9328,78.7828,0.0],[10.9167,78.7833,0.0],[10.9068,78.7859,8.7635],[10.9083,78.7875,0.0],[10.9167,78.7875,0.0],[10.9182,78.7891,1.4679],[10.888,78.7901,5.915],[10.8911,78.7953,0.0],[10.8854,78.7958,0.7087],[10.8839,78.7974,2.554],[10.8953,78.7984,0.1103],[10.8974,78.8016,1.3317],[10.8917,78.8021,2.1483],[10.8901,78.8037,2.3671],[10.9,78.8042,0.0],[10.9016,78.8057,0.9943],[10.8917,78.8083,3.0168],[10.8755,78.8089,4.2325],[10.8771,78.8104,4.8828],[10.8854,78.8104,4.1979],[10.8896,78.8125,4.3496],[10.9167,78.8125,3.7806],[10.9182,78.812,3.7962],[10.9172,78.8089,2.2764],[10.9188,78.8083,2.0764],[10.9375,78.8083,2.2251],[10.9438,78.8125,2.9382],[10.9536,78.813,0.0],[10.9557,78.8161,0.8049],[10.938,78.8193,0.1808],[10.9391,78.8224,2.843],[10.9318,78.8234,2.9362],[10.9333,78.825,0.6192],[10.9396,78.825,2.8983],[10.9438,78.8229,2.7528],[10.9813,78.8229,1.9079],[10.9828,78.8224,1.9079],[10.9818,78.8193,0.9705],[10.9896,78.8187,0.0],[10.9932,78.8224,1.5284],[10.9875,78.8229,0.6604],[10.9859,78.8245,2.2856],[10.9896,78.8271,3.6895],[10.9979,78.8271,3.0308],[10.9995,78.8287,3.2132],[10.9813,78.8333,7.4224],[10.9734,78.8339,9.0673],[10.9745,78.837,9.5038],[10.9672,78.838,14.2545],[10.9682,78.8411,0.0],[10.9667,78.8417,0.0],[10.9417,78.8417,9.2919],[10.9375,78.8438,10.2777],[10.9208,78.8438,9.4388],[10.9193,78.8443,9.6715],[10.9203,78.8474,16.4006],[10.9047,78.8505,9.6049],[10.9057,78.8536,0.0],[10.888,78.8568,12.5337],[10.889099999999999,78.8599,0.0],[10.8875,78.8604,0.0],[10.8729,78.8604,5.4421],[10.8417,78.8688,3.4358],[10.8271,78.8688,7.1504],[10.8042,78.875,0.0],[10.7875,78.8729,10.6397],[10.7833,78.875,7.9789],[10.7563,78.875,11.5396],[10.7547,78.8755,8.8216],[10.7557,78.8786,3.1255],[10.7375,78.8833,0.0],[10.7229,78.8833,0.0],[10.7188,78.8854,0.0],[10.7021,78.8854,0.0],[10.6979,78.8875,0.0],[10.6917,78.8875,0.0],[10.6901,78.8859,0.0],[10.6958,78.8854,0.0],[10.6974,78.8839,0.0],[10.6896,78.8833,2.0622],[10.6797,78.8859,0.0],[10.6807,78.8891,0.0],[10.6792,78.8896,0.0],[10.6708,78.8896,0.0],[10.6667,78.8875,0.0],[10.6167,78.8875,0.0],[10.6125,78.8854,3.916],[10.6042,78.8854,9.7602],[10.6,78.8875,1.8065],[10.5854,78.8875,9.5365],[10.5813,78.8896,3.2329],[10.5667,78.8896,5.0474],[10.5625,78.8917,2.8151],[10.5547,78.8922,3.3162]]],
[[[11.2396,78.6083,2.1618],[11.2339,78.6078,5.8102],[11.2297,78.6026,5.0298],[11.2391,78.6026,0.0],[11.2432,78.6068,2.5539],[11.2396,78.6083,2.1618]]],
[[[11.2333,78.6125,18.0623],[11.2375,78.6104,1.4255],[11.2458,78.6104,1.0824],[11.25,78.6146,1.4846],[11.2479,78.6167,3.2265],[11.2208,78.6167,6.6019],[11.2172,78.6141,14.5374],[11.2188,78.6125,8.7814],[11.2333,78.6125,18.0623]]],
[[[12.4125,78.5687,0.0],[12.4141,78.5703,0.0],[12.4047,78.5703,0.0],[12.4063,78.5687,0.0],[12.4125,78.5687,0.0]]],
[[[12.3005,78.5693,0.0],[12.3083,78.5687,0.0],[12.3099,78.5703,0.0],[12.3,78.5729,0.0],[12.2922,78.5724,0.0],[12.3005,78.5693,0.0]]],
[[[12.3854,78.5708,0.0],[12.3938,78.5708,0.0],[12.3953,78.5724,0.0],[12.3792,78.575,0.0],[12.3755,78.5724,0.0],[12.3771,78.5708,0.0],[12.3854,78.5708,0.0]]],
[[[12.4417,78.5854,0.0],[12.4432,78.587,0.0],[12.4339,78.587,0.0],[12.4354,78.5854,0.0],[12.4417,78.5854,0.0]]],
[[[16.3063,76.5542,0.0],[16.3078,76.5557,5.0274],[16.2984,76.5557,0.0],[16.3,76.5542,0.0],[16.3063,76.5542,0.0]]],
[[[16.3021,76.5583,5.4783],[16.3036,76.5599,0.0],[16.2943,76.5599,0.0],[16.2958,76.5583,4.5083],[16.3021,76.5583,5.4783]]],
[[[16.3396,76.6021,2.2411],[16.3312,76.6021,3.4899],[16.3234,76.6047,5.2978],[16.3245,76.6078,2.844],[16.3229,76.6083,5.3539],[16.3068,76.6078,2.9994],[16.3047,76.6047,0.0],[16.3099,76.6026,3.254],[16.3036,76.5964,2.3664],[16.2979,76.5938,2.6837],[16.2901,76.5932,1.7751],[16.2854,76.5896,2.4257],[16.2771,76.5896,0.0],[16.2734,76.587,7.797],[16.2786,76.5849,6.4265],[16.2755,76.5797,0.0],[16.2979,76.5792,4.3466],[16.2995,76.5776,4.0855],[16.2932,76.5734,4.1161],[16.2839,76.5724,1.9782],[16.2891,76.5703,4.8395],[16.2875,76.5687,4.5695],[16.2729,76.5708,0.9482],[16.2687,76.5687,5.2962],[16.2625,76.5687,2.7738],[16.2609,76.5672,0.0],[16.275,76.5625,0.0],[16.2807,76.563,0.0],[16.2854,76.5667,4.8733],[16.3,76.5667,3.9802],[16.3042,76.5646,0.0],[16.3146,76.5646,3.6868],[16.3188,76.5625,2.3004],[16.3417,76.5625,0.0],[16.3458,76.5646,3.2877],[16.3557,76.5651,0.8614],[16.3505,76.5672,2.2435],[16.3536,76.5724,2.2354],[16.3484,76.5734,2.544],[16.3495,76.5766,2.3171],[16.3443,76.5787,2.1509],[16.3557,76.5797,0.0],[16.3484,76.5828,1.6359],[16.3516,76.5839,2.9167],[16.3578,76.5911,3.2301],[16.3464,76.5943,2.8135],[16.3495,76.5995,3.0081],[16.3396,76.6021,2.2411]]],
[[[16.3688,76.5917,3.6541],[16.3703,76.5932,3.3842],[16.3609,76.5932,3.2483],[16.3625,76.5917,3.445],[16.3688,76.5917,3.6541]]],
[[[16.3167,76.6104,4.2426],[16.3203,76.612,3.8416],[16.313,76.612,4.7049],[16.313,76.6109,4.3553],[16.3167,76.6104,4.2426]]],
[[[16.2875,76.6667,1.7736],[16.2891,76.6682,3.7611],[16.2797,76.6682,1.8879],[16.2813,76.6667,3.9342],[16.2875,76.6667,1.7736]]],
[[[16.2859,76.9193,0.0],[16.2979,76.9167,0.0],[16.3057,76.9224,0.0],[16.2896,76.9229,0.0],[16.2859,76.9193,0.0]]],
[[[16.0292,76.9625,57.8021],[16.0328,76.9641,0.0],[16.0255,76.9641,52.4568],[16.0255,76.963,59.7334],[16.0292,76.9625,57.8021]]],
[[[16.1896,76.9708,0.0],[16.1911,76.9724,0.0],[16.1818,76.9724,0.0],[16.1833,76.9708,0.0],[16.1896,76.9708,0.0]]],
[[[16.1312,76.9708,27.3809],[16.1349,76.9724,0.0],[16.1276,76.9724,0.0],[16.1276,76.9714,9.6306],[16.1312,76.9708,27.3809]]],
[[[16.2708,77.0292,0.0],[16.2724,77.0307,0.0],[16.263,77.0307,1.094],[16.2646,77.0292,0.0],[16.2708,77.0292,0.0]]],
[[[15.8854,77.0354,0.0],[15.889099999999999,77.0359,0.0],[15.889099999999999,77.037,0.0],[15.8818,77.037,0.0],[15.8854,77.0354,0.0]]],
[[[16.35,77.0583,0.0],[16.3536,77.0599,0.0],[16.3464,77.0599,0.0],[16.3464,77.0589,0.0],[16.35,77.0583,0.0]]],
[[[16.4354,77.0646,0.0],[16.437,77.0661,0.0],[16.4229,77.0667,0.0],[16.4188,77.0687,0.0],[16.4026,77.0682,0.0],[16.4042,77.0667,0.0],[16.4167,77.0667,0.0],[16.4271,77.0625,0.0],[16.4312,77.0625,0.0],[16.4354,77.0646,0.0]]],
[[[15.937,77.0849,0.0],[15.9396,77.0833,0.0],[15.9474,77.0839,0.0],[15.9396,77.0875,0.0],[15.9318,77.087,0.0],[15.937,77.0849,0.0]]],
[[[15.9083,77.0854,154.5034],[15.912,77.087,77.9569],[15.9047,77.087,124.8825],[15.9047,77.0859,155.4889],[15.9083,77.0854,154.5034]]],
[[[16.5938,76.4917,1.8389],[16.575,76.4979,0.0],[16.5625,76.4979,2.6316],[16.5521,76.4917,5.7751],[16.5229,76.4958,1.542],[16.5214,76.4943,3.5432],[16.5266,76.4922,2.8454],[16.5214,76.4859,5.0245],[16.5266,76.4838,4.8186],[16.5214,76.4797,0.0],[16.5271,76.4792,0.0],[16.55,76.4708,0.0],[16.5641,76.4714,6.8092],[16.5589,76.4734,8.8977],[16.5604,76.475,4.5621],[16.5667,76.475,4.7454],[16.5708,76.4729,3.0226],[16.5917,76.4729,0.0],[16.5974,76.4755,0.0],[16.6068,76.4849,1.8622],[16.6099,76.4859,1.7719],[16.5938,76.4917,1.8389]]],
[[[16.4932,76.5005,0.0],[16.4922,76.4984,0.0],[16.4995,76.4984,0.0],[16.5057,76.5057,2.763],[16.4917,76.5062,2.6957],[16.488,76.5036,2.7501],[16.4932,76.5005,0.0]]],
[[[16.5938,76.5042,0.0],[16.5953,76.5057,0.0],[16.588,76.5057,0.0],[16.5896,76.5042,0.0],[16.5938,76.5042,0.0]]],
[[[16.5432,76.5047,0.0],[16.5417,76.5062,0.0],[16.5339,76.5057,2.4121],[16.5354,76.5042,3.7179],[16.5432,76.5047,0.0]]],
[[[16.5646,76.5083,0.0],[16.5563,76.5083,0.0],[16.5526,76.5047,0.0],[16.5667,76.5042,0.0],[16.5708,76.5062,0.0],[16.5807,76.5068,0.0],[16.5792,76.5083,0.0],[16.5646,76.5083,0.0]]],
[[[16.5167,76.5104,2.1602],[16.5,76.5167,5.0842],[16.4958,76.5167,4.2076],[16.4917,76.5146,3.5339],[16.4833,76.5146,0.0],[16.4797,76.512,0.0],[16.4813,76.5104,0.0],[16.4854,76.5104,4.3214],[16.4896,76.5125,2.4193],[16.5042,76.5125,5.6747],[16.5146,76.5083,3.7843],[16.5203,76.5089,3.567],[16.5167,76.5104,2.1602]]],
[[[17.0187,76.625,0.0],[17.0224,76.6255,0.0],[17.0224,76.6266,0.0],[17.0151,76.6266,0.0],[17.0187,76.625,0.0]]],
[[[17.1167,76.7438,0.0],[17.1182,76.7453,0.0],[17.1042,76.7458,0.0],[17.1,76.7479,0.0],[17.0943,76.7474,0.0],[17.0922,76.7453,0.0],[17.1125,76.7375,0.0],[17.1182,76.738,0.0],[17.113,76.7401,0.0],[17.1167,76.7438,0.0]]],
[[[17.1208,76.7479,0.0],[17.1224,76.7495,0.0],[17.1151,76.7495,0.0],[17.1167,76.7479,0.0],[17.1208,76.7479,0.0]]],
[[[16.9729,76.7646,0.0],[16.9807,76.7651,0.0],[16.9828,76.7682,0.7994],[16.9708,76.7708,0.0],[16.963,76.7662,0.0],[16.9646,76.7646,0.0],[16.9729,76.7646,0.0]]],
[[[17.2016,76.9234,0.0],[17.2,76.925,0.0],[17.1922,76.9245,0.0],[17.1938,76.9229,0.0],[17.2016,76.9234,0.0]]],
[[[16.4833,76.9792,7.0618],[16.487,76.9807,0.0],[16.4797,76.9807,0.0],[16.4797,76.9797,1.8015],[16.4833,76.9792,7.0618]]],
[[[17.1932,77.012,0.0],[17.1958,77.0104,0.0],[17.2036,77.0109,0.0],[17.1958,77.0146,0.0],[17.188,77.0141,0.0],[17.1932,77.012,0.0]]],
[[[17.325,77.1438,0.0],[17.3125,77.1438,0.0],[17.3109,77.1422,0.0],[17.3474,77.1422,0.0],[17.3458,77.1438,0.0],[17.325,77.1438,0.0]]],
[[[17.3958,77.2,0.0],[17.3974,77.2016,0.0],[17.388,77.2016,0.0],[17.3896,77.2,0.0],[17.3958,77.2,0.0]]],
[[[17.3438,77.2562,0.0],[17.3312,77.2562,0.0],[17.3297,77.2547,0.0],[17.3474,77.2547,0.0],[17.3438,77.2562,0.0]]],
[[[17.4104,77.2813,0.0],[17.412,77.2828,0.0],[17.4026,77.2828,0.0],[17.4042,77.2813,0.0],[17.4104,77.2813,0.0]]],
[[[16.75,77.8812,14.7137],[16.7516,77.8828,10.1137],[16.7422,77.8828,0.0],[16.7438,77.8812,4.391],[16.75,77.8812,14.7137]]],
[[[16.8354,77.8896,0.0],[16.8417,77.8875,0.0],[16.8479,77.8875,0.0],[16.8521,77.8896,0.0],[16.8604,77.8896,0.0],[16.862,77.8912,0.0],[16.8339,77.8912,0.0],[16.8354,77.8896,0.0]]],
[[[16.8708,77.8917,0.0],[16.8745,77.8922,0.0],[16.8745,77.8932,0.0],[16.8672,77.8932,0.0],[16.8708,77.8917,0.0]]],
[[[17.6104,77.5667,0.0],[17.612,77.5682,0.0],[17.6026,77.5682,0.0],[17.6042,77.5667,0.0],[17.6104,77.5667,0.0]]],
[[[18.3021,77.6896,0.0],[18.3036,77.6911,0.0],[18.2943,77.6911,0.0],[18.2958,77.6896,0.0],[18.3021,77.6896,0.0]]],
[[[18.2917,77.6958,0.0],[18.2932,77.6974,0.0],[18.2839,77.6974,0.0],[18.2854,77.6958,0.0],[18.2917,77.6958,0.0]]],
[[[18.3833,77.7188,0.0],[18.3849,77.7203,7.644],[18.3755,77.7203,79.8057],[18.3771,77.7188,45.6085],[18.3833,77.7188,0.0]]],
[[[17.0542,78.3938,0.0],[17.0557,78.3953,0.0],[17.0464,78.3953,0.0],[17.0479,78.3938,0.0],[17.0542,78.3938,0.0]]],
[[[16.9854,78.3917,0.0],[16.9911,78.3922,0.0],[17.0,78.3979,0.0],[17.0187,78.3979,0.0],[17.0203,78.3995,0.0],[16.9797,78.3995,0.0],[16.9813,78.3979,0.0],[16.987,78.3974,0.0],[16.9818,78.3932,0.0],[16.9854,78.3917,0.0]]],
[[[17.0875,78.4,0.0],[17.0958,78.4,0.0],[17.0974,78.4016,0.0],[17.0875,78.4042,0.0],[17.0693,78.4036,0.0],[17.0792,78.4,0.0],[17.0875,78.4,0.0]]],
[[[17.1563,78.4,0.0],[17.1667,78.4,0.0],[17.1682,78.4016,0.0],[17.1604,78.4042,0.0],[17.1542,78.4042,0.0],[17.1484,78.4016,0.0],[17.15,78.4,0.0],[17.1563,78.4,0.0]]],
[[[17.0563,78.4021,0.0],[17.0578,78.4036,0.0],[17.0484,78.4036,0.0],[17.05,78.4021,0.0],[17.0563,78.4021,0.0]]],
[[[16.5625,78.4333,0.0],[16.5641,78.4349,0.0],[16.5547,78.4349,0.0],[16.5563,78.4333,0.0],[16.5625,78.4333,0.0]]],
[[[17.2333,78.4354,0.0],[17.2146,78.4417,0.0],[17.2083,78.4417,0.0],[17.2047,78.4391,0.0],[17.2208,78.4333,0.0],[17.2391,78.4339,0.0],[17.2375,78.4354,0.0],[17.2333,78.4354,0.0]]],
[[[16.537,78.5547,0.0],[16.5354,78.5563,0.0],[16.5276,78.5557,0.0],[16.5292,78.5542,0.0],[16.537,78.5547,0.0]]],
[[[15.7417,76.9542,0.0],[15.7453,76.9547,0.0],[15.7453,76.9557,0.0],[15.738,76.9557,0.0],[15.7417,76.9542,0.0]]],
[[[15.5125,77.5292,0.0],[15.514099999999999,77.5307,0.0],[15.5047,77.5307,0.0],[15.5063,77.5292,0.0],[15.5125,77.5292,0.0]]],
[[[15.2661,77.5403,0.0],[15.2646,77.5417,0.0],[15.2568,77.5411,0.0],[15.2583,77.5396,0.0],[15.2661,77.5403,0.0]]],
[[[15.1063,77.5542,0.0],[15.1099,77.5547,0.0],[15.1141,77.5599,0.0],[15.1063,77.5625,0.0],[15.1,77.5625,0.0],[15.0984,77.5609,0.0],[15.1042,77.5604,0.0],[15.1057,77.5589,0.0],[15.1,77.5563,0.0],[15.0922,77.5557,0.0],[15.088,77.5526,0.0],[15.0938,77.5521,0.0],[15.1042,77.5479,0.0],[15.112,77.5484,0.0],[15.1042,77.5521,0.0],[15.0984,77.5526,0.0],[15.1,77.5542,0.0],[15.1063,77.5542,0.0]]],
[[[15.9208,77.5542,0.0],[15.9224,77.5557,0.027],[15.913,77.5557,0.0],[15.9146,77.5542,0.0],[15.9208,77.5542,0.0]]],
[[[16.0854,77.7667,0.0],[16.087,77.7682,0.0],[16.0776,77.7682,0.0],[16.0792,77.7667,0.0],[16.0854,77.7667,0.0]]],
[[[15.9818,77.7703,0.0],[15.9792,77.7688,0.0],[15.9708,77.7688,0.0],[15.9693,77.7672,0.0],[15.9854,77.7667,0.0],[15.9911,77.7693,0.0],[15.9896,77.7708,0.0],[15.9818,77.7703,0.0]]],
[[[16.1063,77.7688,0.0],[16.1104,77.7708,0.0],[16.1312,77.7729,0.0],[16.1328,77.7745,0.0],[16.0958,77.775,0.0],[16.0943,77.7734,0.0],[16.1,77.7729,0.0],[16.1016,77.7714,0.0],[16.0901,77.7703,0.0],[16.0917,77.7688,0.0],[16.1063,77.7688,0.0]]],
[[[15.3542,77.8521,0.0],[15.3557,77.8536,0.0],[15.3464,77.8536,0.0],[15.3479,77.8521,0.0],[15.3542,77.8521,0.0]]],
[[[15.3646,77.8625,0.0],[15.3682,77.8641,0.0],[15.3609,77.8641,0.0],[15.3609,77.863,0.0],[15.3646,77.8625,0.0]]],
[[[15.2063,78.1896,449.8944],[15.2078,78.1911,424.5939],[15.1984,78.1911,469.0253],[15.2,78.1896,464.4631],[15.2063,78.1896,449.8944]]],
[[[15.7063,78.2208,0.1593],[15.7078,78.2224,0.2316],[15.6984,78.2224,0.0],[15.7,78.2208,0.4514],[15.7063,78.2208,0.1593]]],
[[[16.0396,77.775,0.0],[16.0271,77.775,0.0],[16.0255,77.7734,0.0],[16.0453,77.7734,0.0],[16.0438,77.775,0.0],[16.0396,77.775,0.0]]],
[[[16.2458,77.7792,13.2905],[16.238,77.7786,31.2864],[16.2359,77.7755,80.3614],[16.2453,77.7755,103.013],[16.2474,77.7776,51.0772],[16.2458,77.7792,13.2905]]],
[[[16.2729,80.0563,2.8191],[16.2542,80.0563,11.6967],[16.2526,80.0578,9.4462],[16.2557,80.0589,7.701],[16.2542,80.0604,6.339],[16.2333,80.0604,0.0],[16.2245,80.0547,3.0085],[16.2125,80.0542,0.0],[16.2042,80.05,7.2676],[16.1563,80.05,2.0644],[16.1547,80.0484,0.0],[16.1641,80.0474,0.0],[16.1547,80.0411,1.174],[16.162,80.038,1.8827],[16.1542,80.0333,2.7741],[16.1401,80.0328,0.0],[16.1312,80.0271,3.5368],[16.1208,80.0271,0.0],[16.1167,80.025,5.1615],[16.1042,80.025,0.0],[16.1,80.0229,10.5644],[16.088,80.0224,0.0],[16.0896,80.0208,11.642],[16.0953,80.0203,12.6367],[16.0938,80.0188,11.1077],[16.0854,80.0188,11.0291],[16.0812,80.0208,9.4027],[16.05,80.0208,0.0],[16.0458,80.0188,6.7526],[16.0339,80.0182,0.0],[16.0297,80.0151,0.0],[16.0354,80.0146,2.7646],[16.037,80.013,3.0919],[16.025,80.0125,0.0],[16.012,80.0047,0.0],[16.0,80.0042,0.0],[15.9943,80.0016,0.9392],[15.9958,80.0,0.0],[16.0125,80.0,6.5413],[16.025,79.9958,2.7429],[16.0313,79.9958,5.6017],[16.0328,79.9943,2.4614],[16.0229,79.9896,0.0],[15.9979,79.9875,0.0],[15.9922,79.9849,0.0],[15.9938,79.9833,0.0],[16.012,79.9828,5.411],[16.0104,79.9812,8.5718],[16.0,79.9812,1.1019],[15.9917,79.9771,0.0],[15.9688,79.9771,0.0],[15.9536,79.9672,0.0],[15.938,79.9661,0.0],[15.9396,79.9646,0.0],[15.9542,79.9625,3.4204],[15.9557,79.9609,6.8051],[15.9297,79.9599,0.0],[15.937,79.9568,6.2184],[15.9276,79.9505,0.0],[15.9333,79.95,0.0],[15.9349,79.9484,0.0],[15.9229,79.9479,0.0],[15.9172,79.9443,0.0],[15.925,79.9437,0.0],[15.9349,79.9401,0.0],[15.9271,79.9354,0.0],[15.913,79.9349,0.0],[15.9146,79.9333,0.0],[15.9313,79.9333,0.0],[15.9411,79.9307,6.7804],[15.9396,79.9292,5.5424],[15.9276,79.9287,0.336],[15.9255,79.9255,1.2163],[15.9479,79.9208,0.0],[15.9495,79.9193,2.9793],[15.9396,79.9187,0.0],[15.9271,79.9229,0.0],[15.9188,79.9229,0.0],[15.9172,79.9213,0.0],[15.9349,79.9182,0.0],[15.9318,79.9161,0.0],[15.9333,79.9146,0.0],[15.9375,79.9146,0.0],[15.95,79.9104,0.0],[15.9563,79.9104,0.0],[16.0078,79.8974,2.9243],[16.0026,79.8922,0.0],[16.0099,79.8912,0.0],[16.0089,79.888,0.0],[16.0104,79.8875,0.0],[16.0146,79.8875,0.0],[16.0187,79.8854,0.0],[16.0375,79.8854,0.0],[16.0432,79.8891,0.0],[16.025,79.8896,0.0],[16.0234,79.8912,0.0],[16.0562,79.8917,0.6121],[16.0688,79.8875,0.0],[16.0995,79.887,1.46],[16.0964,79.8839,0.0],[16.1021,79.8833,3.8321],[16.1036,79.8818,2.8366],[16.0917,79.8812,0.0],[16.0875,79.8792,3.567],[16.0771,79.8792,0.5625],[16.0714,79.8755,0.0],[16.0786,79.8745,0.6174],[16.0776,79.8714,0.0],[16.0792,79.8708,0.0],[16.1063,79.8708,0.0],[16.1078,79.8703,0.0],[16.1068,79.8672,0.0],[16.1083,79.8667,0.0],[16.125,79.8667,0.7134],[16.1349,79.8641,3.9907],[16.1307,79.8609,10.5773],[16.0938,79.8604,3.8995],[16.0896,79.8583,8.4419],[16.0708,79.8583,6.5289],[16.0667,79.8604,0.0],[16.0396,79.8604,5.3564],[16.0354,79.8625,0.0],[16.0187,79.8625,2.4522],[16.0172,79.863,0.6396],[16.0182,79.8662,0.0],[16.0167,79.8667,1.2584],[15.95,79.8667,3.6479],[15.9458,79.8646,9.0333],[15.9396,79.8646,9.6744],[15.9354,79.8667,4.1215],[15.9063,79.8667,10.1426],[15.9021,79.8688,0.0],[15.8938,79.8688,0.0],[15.8896,79.8667,6.4648],[15.8708,79.8667,11.325],[15.8417,79.875,0.0],[15.8339,79.8755,0.0],[15.837,79.8776,0.0],[15.8354,79.8792,0.0],[15.8167,79.8792,0.0],[15.8083,79.875,0.0],[15.7979,79.875,0.0],[15.7896,79.8708,15.4841],[15.7708,79.8708,6.4891],[15.7667,79.8729,0.0],[15.7479,79.8708,17.5056],[15.7438,79.8729,9.2051],[15.7354,79.8729,12.0573],[15.7313,79.8708,29.1108],[15.7229,79.8708,23.3191],[15.7188,79.8729,16.6851],[15.7,79.8729,1.4088],[15.6984,79.8714,2.98],[15.7042,79.8708,6.9715],[15.7057,79.8693,16.5187],[15.6958,79.8688,13.2011],[15.6917,79.8708,1.9542],[15.6854,79.8708,0.0],[15.6813,79.8688,8.91],[15.6688,79.8688,4.7671],[15.6646,79.8667,10.9727],[15.6526,79.8662,0.0],[15.6542,79.8646,0.0],[15.6599,79.8641,3.7406],[15.6583,79.8625,13.3242],[15.6396,79.8646,0.0],[15.6339,79.862,0.0],[15.6318,79.8588,0.0],[15.6474,79.8557,2.3499],[15.6464,79.8526,4.0711],[15.6536,79.8516,12.5379],[15.6484,79.8464,0.0],[15.6542,79.8458,0.0],[15.6557,79.8443,0.0],[15.6438,79.8438,0.0],[15.6354,79.8396,17.6535],[15.6234,79.8391,1.1001],[15.6214,79.8359,10.0467],[15.6286,79.8349,10.0554],[15.6255,79.8318,0.0],[15.6313,79.8313,3.29],[15.6328,79.8297,5.0406],[15.6193,79.8287,0.0],[15.6266,79.8255,0.0],[15.6214,79.8224,0.0],[15.6193,79.8193,0.0],[15.6354,79.8187,11.5042],[15.6396,79.8167,14.1059],[15.6458,79.8167,28.5864],[15.6474,79.8151,28.5935],[15.6234,79.8161,0.0],[15.6307,79.813,6.279],[15.6255,79.8099,5.5296],[15.6234,79.8068,0.0],[15.6292,79.8063,2.9614],[15.6307,79.8047,6.6322],[15.6188,79.8042,1.6301],[15.613,79.8016,0.0],[15.6109,79.7984,0.0],[15.6182,79.7974,5.2057],[15.613,79.7922,0.0],[15.6286,79.7891,0.0],[15.6276,79.7859,7.8021],[15.6292,79.7854,0.0],[15.6438,79.7854,8.3968],[15.6453,79.7849,16.1624],[15.6443,79.7818,0.0],[15.6458,79.7813,0.0],[15.6729,79.7813,0.0],[15.6828,79.7786,3.0398],[15.6813,79.7771,22.1211],[15.6693,79.7766,13.4361],[15.6708,79.775,18.2974],[15.6766,79.7745,23.1739],[15.675,79.7729,33.6615],[15.6688,79.7729,39.9304],[15.6646,79.775,16.8209],[15.6458,79.775,2.9953],[15.6401,79.7724,0.0],[15.6417,79.7708,1.553],[15.6474,79.7703,17.4234],[15.6464,79.7672,0.0],[15.6536,79.7662,0.0],[15.6505,79.763,9.6941],[15.6578,79.762,16.3474],[15.6563,79.7604,8.3367],[15.6443,79.7599,0.0],[15.6516,79.7568,9.0407],[15.6464,79.7536,0.8209],[15.6443,79.7505,0.0],[15.6599,79.7474,9.4206],[15.6568,79.7443,0.0],[15.6661,79.7432,16.5995],[15.6646,79.7417,10.5588],[15.6521,79.7417,0.0],[15.6505,79.7401,0.0],[15.6682,79.737,9.9047],[15.6651,79.7338,0.0],[15.6708,79.7333,16.1593],[15.6724,79.7318,12.4367],[15.6672,79.7276,0.0],[15.6854,79.7229,24.653199999999998],[15.6932,79.7224,51.3407],[15.6917,79.7208,36.9567],[15.6792,79.7208,0.0],[15.6776,79.7193,0.0],[15.6953,79.7161,7.4827],[15.6922,79.713,0.0],[15.6979,79.7125,5.8017],[15.6995,79.7109,10.293],[15.6943,79.7068,0.0],[15.7099,79.7037,15.764099999999999],[15.7089,79.7005,9.9758],[15.7161,79.6995,4.5998],[15.7104,79.6958,3.5244],[15.7,79.6958,0.0513],[15.6964,79.6932,2.002],[15.7036,79.6901,3.6035],[15.6917,79.6896,0.2233],[15.6901,79.688,1.0442],[15.7057,79.6849,23.5807],[15.7026,79.6818,0.0],[15.712,79.6807,20.2619],[15.7089,79.6776,0.0],[15.7245,79.6745,3.4063],[15.7234,79.6713,0.0],[15.7307,79.6703,22.9316],[15.7214,79.663,0.0],[15.7396,79.6625,26.9029],[15.7411,79.6609,22.5987],[15.738,79.6589,0.0],[15.7453,79.6578,20.8199],[15.7432,79.6547,10.4691],[15.7375,79.6521,1.3182],[15.7271,79.6521,0.0],[15.7208,79.6479,1.4888],[15.7089,79.6474,0.0],[15.7104,79.6458,0.0],[15.7161,79.6453,1.5577],[15.7109,79.6401,0.0],[15.7313,79.6396,0.0],[15.7354,79.6417,0.7367],[15.7688,79.6417,0.0],[15.7729,79.6438,1.653],[15.7813,79.6438,0.0],[15.7854,79.6417,0.0],[15.8,79.6417,0.0],[15.8099,79.6391,0.0],[15.8078,79.6359,0.0],[15.8047,79.6349,0.0],[15.8063,79.6333,0.0],[15.8229,79.6333,0.0],[15.8411,79.6286,259.0406],[15.8396,79.6271,263.9589],[15.8313,79.6271,193.966],[15.8271,79.6292,7.8418],[15.8,79.6292,0.0],[15.7875,79.6333,0.0],[15.7813,79.6333,0.0],[15.7797,79.6318,0.0],[15.7938,79.6292,0.0],[15.7953,79.6276,1.5705],[15.7818,79.6266,0.0],[15.7891,79.6234,15.0366],[15.7833,79.6208,0.0],[15.7714,79.6203,0.0],[15.7589,79.612,0.0],[15.7604,79.6104,0.0],[15.7661,79.6099,0.0],[15.7651,79.6068,0.0],[15.7667,79.6062,0.0],[15.7974,79.5995,0.0],[15.7917,79.5958,0.0],[15.7813,79.5958,0.0],[15.7776,79.5932,0.0],[15.7792,79.5917,0.0],[15.7849,79.5911,0.0],[15.7818,79.588,0.0],[15.7891,79.587,0.0],[15.788,79.5839,0.0],[15.7958,79.5833,0.0],[15.8,79.5854,0.0],[15.8083,79.5854,0.0],[15.8182,79.5828,0.0],[15.813,79.5776,0.0],[15.8203,79.5766,0.0],[15.8193,79.5734,0.0],[15.825,79.5729,5.6175],[15.826599999999999,79.5714,0.0],[15.8172,79.5651,0.0],[15.8328,79.562,24.7162],[15.8276,79.5568,0.0],[15.8563,79.5563,9.5345],[15.8604,79.5542,0.0],[15.9,79.5542,0.0],[15.9099,79.5516,0.0],[15.9047,79.5474,0.0],[15.9063,79.5458,0.0],[15.9333,79.5458,80.4789],[15.9375,79.5437,97.8575],[15.9521,79.5437,124.1305],[15.9563,79.5417,135.6817],[15.9833,79.5417,168.6626],[15.9875,79.5396,180.2737],[16.0604,79.5396,255.8965],[16.0729,79.5354,285.4676],[16.0917,79.5375,290.2521],[16.0958,79.5354,295.3409],[16.1229,79.5354,313.3069],[16.1411,79.5307,367.0919],[16.1375,79.5271,699.3416],[16.1292,79.5271,744.7426],[16.125,79.5292,643.0173],[16.0875,79.5292,741.5587],[16.0833,79.5313,553.2012],[16.0667,79.5313,666.7482],[16.0625,79.5333,433.6744],[16.025,79.5333,669.8687],[16.0208,79.5354,425.7286],[15.9938,79.5354,533.2491],[15.9896,79.5375,206.0574],[15.9813,79.5375,256.3837],[15.9771,79.5354,631.4958],[15.9583,79.5354,624.7604],[15.9542,79.5375,512.0001],[15.9354,79.5375,583.0735],[15.9313,79.5354,576.6094],[15.925,79.5354,560.1515],[15.9208,79.5375,548.7844],[15.9042,79.5375,512.2854],[15.8917,79.5417,172.5236],[15.8771,79.5417,142.5126],[15.8755,79.5422,64.7438],[15.8766,79.5453,14.4544],[15.8688,79.5458,4.9064],[15.8646,79.5437,11.0866],[15.8417,79.5437,0.0],[15.8354,79.5396,3.3689],[15.8234,79.5391,0.0],[15.825,79.5375,0.0],[15.8391,79.5349,0.0],[15.8359,79.5318,0.0],[15.8417,79.5313,0.0],[15.8432,79.5297,0.0],[15.838,79.5266,0.0],[15.8359,79.5234,0.0],[15.85,79.5208,7.8594],[15.8516,79.5193,6.5675],[15.8396,79.5188,0.0],[15.8354,79.5167,0.0],[15.825,79.5167,0.0],[15.8193,79.513,0.0],[15.8391,79.512,0.0],[15.8333,79.5083,0.0],[15.8214,79.5078,0.0],[15.8229,79.5062,0.0],[15.8396,79.5062,0.0],[15.8438,79.5042,0.0],[15.85,79.5042,0.0],[15.8542,79.5062,0.0],[15.8641,79.5057,2.4316],[15.8589,79.5005,0.0],[15.8766,79.4995,1.295],[15.8714,79.4943,1.5493],[15.8786,79.4932,4.529],[15.8776,79.4901,5.8473],[15.8849,79.4891,47.5325],[15.8833,79.4875,56.5656],[15.8714,79.487,0.0],[15.8609,79.4807,0.0],[15.8625,79.4792,0.0],[15.8682,79.4786,0.0],[15.8672,79.4755,2.4647],[15.8745,79.4745,9.6565],[15.8693,79.4693,0.0],[15.8849,79.4661,3.8628999999999998],[15.8797,79.4609,0.0],[15.887,79.4599,17.4842],[15.8813,79.4563,0.0],[15.8693,79.4557,0.0],[15.8708,79.4542,0.0],[15.8766,79.4537,0.0],[15.8714,79.4484,0.0],[15.8786,79.4474,0.0],[15.8714,79.4401,0.0],[15.8875,79.4396,0.0],[15.8974,79.437,0.0],[15.8964,79.4339,0.0],[15.912,79.4307,69.9677],[15.9026,79.4245,0.0],[15.9005,79.4213,0.0],[15.9078,79.4203,11.9112],[15.9047,79.4172,0.0],[15.9104,79.4167,11.95],[15.912,79.4151,26.9349],[15.9,79.4146,0.0],[15.8911,79.4089,0.0],[15.8792,79.4083,0.0],[15.8776,79.4068,0.0],[15.8875,79.4042,0.0],[15.8958,79.4042,0.0],[15.9021,79.4083,0.0],[15.912,79.4078,5.6874],[15.9057,79.4026,1.6314],[15.8938,79.4021,0.0],[15.888,79.3995,0.0],[15.8953,79.3964,0.0],[15.8839,79.388,0.0],[15.8911,79.387,0.0],[15.8901,79.3839,0.0],[15.8917,79.3833,0.0],[15.9307,79.3745,0.0],[15.9151,79.3641,0.0],[15.913,79.3609,0.0],[15.9203,79.3599,0.0],[15.9172,79.3568,0.0],[15.9245,79.3557,14.5156],[15.9172,79.3484,0.0],[15.9307,79.3453,0.0],[15.9297,79.3422,0.0],[15.937,79.3411,47.0744],[15.9318,79.3359,0.0],[15.9391,79.3349,30.3154],[15.9359,79.3318,0.0],[15.9432,79.3307,16.7048],[15.9411,79.3276,19.9373],[15.9318,79.3214,0.0],[15.9391,79.3203,0.0],[15.938,79.3172,0.0],[15.9536,79.3141,11.2437],[15.9474,79.3089,6.7966],[15.9354,79.3083,0.0],[15.9297,79.3057,0.0],[15.9313,79.3042,0.0],[15.9453,79.3016,24.2597],[15.938,79.2943,0.0],[15.962,79.2891,18.5435],[15.9589,79.2859,0.0],[15.9745,79.2828,1.5965],[15.9714,79.2807,0.8883],[15.9729,79.2792,0.0],[15.9771,79.2792,1.0045],[15.9813,79.2771,0.0],[15.9979,79.2771,23.7764],[16.0083,79.2729,0.0],[16.0141,79.2724,37.6473],[16.013,79.2693,0.0],[16.0432,79.262,30.0123],[16.0401,79.2568,8.9194],[16.0453,79.2557,25.416],[16.0443,79.2526,0.0],[16.0682,79.2474,89.4971],[16.063,79.2422,0.0],[16.0917,79.2354,48.6553],[16.0932,79.2349,48.6553],[16.0922,79.2318,11.9734],[16.0995,79.2307,41.644],[16.0964,79.2276,0.0],[16.1036,79.2266,19.8196],[16.1005,79.2234,0.0],[16.1078,79.2224,12.6697],[16.1068,79.2193,0.0],[16.1141,79.2182,2.2096],[16.1109,79.2151,0.0],[16.1266,79.212,1.2215],[16.1245,79.2089,21.3837],[16.1125,79.2083,4.0269],[16.1109,79.2068,1.2107],[16.1182,79.2057,40.5967],[16.113,79.2016,10.2564],[16.1182,79.1995,24.3304],[16.1172,79.1964,0.0],[16.1328,79.1932,107.452],[16.1312,79.1917,139.7233],[16.1193,79.1911,4.9245],[16.1208,79.1896,21.6375],[16.1266,79.1891,83.5028],[16.1214,79.1839,30.1862],[16.1286,79.1828,51.3655],[16.1234,79.1776,0.0],[16.1307,79.1766,30.6229],[16.1276,79.1734,0.0],[16.1349,79.1724,26.0453],[16.1297,79.1672,0.0],[16.137,79.1661,33.4427],[16.1339,79.163,0.0],[16.1411,79.162,12.6212],[16.1401,79.1589,0.0],[16.1536,79.1557,30.7785],[16.1505,79.1505,0.0],[16.1724,79.1453,32.76],[16.1672,79.1401,0.0],[16.1729,79.1396,34.0054],[16.1745,79.138,17.6551],[16.1714,79.137,2.5651],[16.1661,79.1318,0.0],[16.1417,79.1312,0.0],[16.1359,79.1255,0.0],[16.1521,79.125,0.0],[16.1563,79.1229,0.0],[16.1729,79.125,43.6244],[16.2021,79.1167,0.0],[16.2167,79.1167,4.2742],[16.2292,79.1125,1.9071],[16.2333,79.1125,4.379],[16.2349,79.1109,0.0],[16.2318,79.1088,0.0],[16.2333,79.1083,-0.1188],[16.2495,79.1078,0.9653],[16.2443,79.1026,-0.166],[16.25,79.1021,0.3386],[16.2516,79.1005,0.3175],[16.2396,79.1,-0.1812],[16.238,79.0984,0.0],[16.2542,79.0979,1.2233],[16.2557,79.0974,1.2233],[16.2547,79.0943,0.0],[16.2703,79.0911,20.5116],[16.2687,79.0896,17.2424],[16.2568,79.0891,0.0],[16.2703,79.0839,35.7653],[16.2667,79.0813,30.4559],[16.2563,79.0813,0.0],[16.2547,79.0797,0.0],[16.2786,79.0745,19.2177],[16.2755,79.0714,0.0],[16.2828,79.0703,10.5608],[16.2797,79.0672,0.0],[16.312,79.0599,11.1843],[16.3104,79.0583,5.8727],[16.3,79.0583,5.4654],[16.2984,79.0568,0.0],[16.3042,79.0563,3.6971],[16.312,79.0526,4.1948],[16.3021,79.0521,3.8336],[16.2932,79.0463,32.2966],[16.2813,79.0458,0.0],[16.2797,79.0443,0.0],[16.2958,79.0437,27.7722],[16.3057,79.0411,8.5627],[16.3026,79.038,0.0],[16.3099,79.037,0.0],[16.3089,79.0339,0.0],[16.3104,79.0333,0.0],[16.337,79.0328,-0.3191],[16.3354,79.0313,0.0874],[16.325,79.0313,0.0],[16.3172,79.0266,0.0],[16.3245,79.0234,0.0],[16.313,79.0151,0.0],[16.3188,79.0146,0.9355],[16.3203,79.013,0.0],[16.3083,79.0125,0.0],[16.3068,79.0109,0.0],[16.3167,79.0083,0.0],[16.3563,79.0104,0.0],[16.3578,79.0089,0.0],[16.3526,79.0047,0.0],[16.3599,79.0036,5.5431],[16.3578,79.0005,5.9252],[16.3521,78.9979,0.0],[16.3458,78.9979,0.0],[16.3417,79.0,0.0],[16.3125,79.0,0.0],[16.3109,78.9984,0.0],[16.3271,78.9979,0.0],[16.3286,78.9964,0.0],[16.3208,78.9917,0.0],[16.313,78.9922,0.0],[16.3141,78.9953,0.0],[16.3125,78.9958,0.0],[16.3047,78.9953,0.0],[16.3026,78.9922,0.0],[16.3104,78.9896,0.0],[16.3292,78.9896,0.0],[16.3354,78.9938,0.0],[16.3438,78.9938,0.0],[16.3479,78.9917,0.0],[16.3625,78.9917,-0.4023],[16.3703,78.9891,5.9661],[16.3693,78.9859,0.0],[16.3828,78.9828,0.8452],[16.3813,78.9812,0.2266],[16.3714,78.9807,0.0],[16.3786,78.9776,0.9297],[16.3693,78.9724,0.0],[16.3708,78.9708,7.0522],[16.3766,78.9703,34.1748],[16.3714,78.9651,0.0],[16.3771,78.9646,9.3619],[16.3875,78.9604,0.0],[16.4078,78.9609,0.0],[16.4099,78.9641,0.0],[16.4047,78.9651,0.0],[16.4063,78.9667,0.5624],[16.4458,78.9667,0.0],[16.4474,78.9651,0.0],[16.4443,78.963,0.0],[16.4516,78.962,0.0],[16.4464,78.9568,0.0],[16.4536,78.9557,0.0],[16.4505,78.9537,0.0],[16.4521,78.9521,0.0],[16.5016,78.9516,23.7642],[16.5,78.95,58.5713],[16.488,78.9495,41.6782],[16.4745,78.9401,23.986],[16.4646,78.9396,0.0],[16.4589,78.9359,14.6116],[16.4771,78.9313,0.0],[16.5021,78.9313,18.9395],[16.5036,78.9297,3.0131],[16.5005,78.9287,0.0],[16.5021,78.9271,0.0],[16.5182,78.9266,32.3906],[16.5161,78.9234,9.8485],[16.5047,78.9161,11.4897],[16.512,78.913,0.0],[16.5042,78.9083,0.0],[16.4833,78.9083,0.0],[16.475,78.9042,0.0],[16.4583,78.9042,0.0],[16.4568,78.9057,0.0],[16.4589,78.9078,0.0],[16.4708,78.9083,0.0],[16.4724,78.9099,0.0],[16.4417,78.9104,0.0],[16.4401,78.9089,0.0],[16.4458,78.9083,0.0],[16.4474,78.9068,0.0],[16.4042,78.9063,0.0],[16.4026,78.9047,0.0],[16.4083,78.9042,0.0],[16.4099,78.9026,0.0],[16.3792,78.9021,-0.0007],[16.3667,78.9063,0.0],[16.3521,78.9063,1.5577],[16.3417,78.9104,0.0],[16.3146,78.9104,1.6762],[16.313,78.912,0.1233],[16.3161,78.9141,0.0],[16.2859,78.9213,2.9354],[16.287,78.9245,0.0],[16.2818,78.9255,0.0],[16.2854,78.9292,0.0],[16.2974,78.9297,0.0],[16.2958,78.9313,0.0],[16.2901,78.9318,0.0],[16.2922,78.9349,0.0],[16.2953,78.9359,0.0],[16.2938,78.9375,0.0],[16.275,78.9354,19.6834],[16.2646,78.9396,3.6142],[16.2589,78.9401,15.7791],[16.2609,78.9432,0.0],[16.2641,78.9443,0.0],[16.2625,78.9458,0.0],[16.2292,78.9479,0.0],[16.2276,78.9484,0.0],[16.2286,78.9516,0.0],[16.2271,78.9521,0.0],[16.2021,78.9521,13.2768],[16.1833,78.9583,1.018],[16.1792,78.9583,5.7204],[16.1776,78.9589,5.0549],[16.1786,78.962,0.0],[16.1729,78.9625,0.0],[16.1651,78.9661,10.6915],[16.1729,78.9667,0.0],[16.1771,78.9646,0.0],[16.1833,78.9646,0.0],[16.1891,78.9682,0.0],[16.1625,78.975,0.0],[16.1479,78.975,6.7366],[16.1464,78.9766,0.0],[16.1495,78.9786,0.0],[16.1479,78.9792,0.0],[16.1396,78.9792,24.124],[16.1333,78.975,141.2831],[16.1271,78.975,211.1085],[16.1229,78.9771,231.4068],[16.1068,78.9776,376.0172],[16.1104,78.9812,176.7182],[16.1292,78.9792,131.7284],[16.1333,78.9812,55.4122],[16.1417,78.9812,17.1423],[16.1432,78.9828,6.6901],[16.1047,78.9922,122.9058],[16.1104,78.9958,22.8393],[16.1224,78.9964,0.2668],[16.1151,78.9995,0.3552],[16.1203,79.0026,0.1627],[16.1224,79.0057,0.0],[16.1167,79.0062,0.0],[16.1063,79.0104,0.0],[16.0792,79.0104,0.5015],[16.075,79.0125,-0.0524],[16.0708,79.0125,0.0554],[16.0693,79.0141,0.1889],[16.0724,79.0162,0.0],[16.0651,79.0172,10.6345],[16.0703,79.0214,12.2329],[16.0688,79.0229,12.7819],[16.0625,79.0229,68.9043],[16.0583,79.0208,89.6726],[16.0292,79.0208,533.6899],[16.025,79.0229,569.4164],[16.0104,79.0229,714.6786],[16.0063,79.025,747.506],[15.9901,79.0255,832.9734],[15.9917,79.0271,871.334],[16.0682,79.0276,20.8247],[16.0609,79.0307,47.3549],[16.0703,79.037,0.5627],[16.063,79.038,9.1514],[16.0641,79.0411,2.1521],[16.0583,79.0417,16.4041],[16.0568,79.0432,10.3169],[16.0688,79.0437,0.0],[16.0745,79.0474,0.4307],[16.0422,79.0547,12.1386],[16.0474,79.0599,0.0],[16.0401,79.0609,0.1691],[16.0432,79.063,0.0],[16.0417,79.0646,1.5446],[16.0208,79.0687,2.5269],[16.0167,79.0708,7.8085],[16.0021,79.0708,76.6053],[15.9922,79.0734,191.5932],[16.0,79.0792,42.0142],[16.0083,79.0792,16.3444],[16.0125,79.0771,9.9058],[16.0203,79.0776,0.1859],[16.0187,79.0792,0.6629],[16.013,79.0797,1.317],[16.0141,79.0828,0.4794],[16.0021,79.0854,28.7125],[16.0005,79.087,26.5098],[16.0125,79.0875,0.0],[16.0141,79.0891,0.0],[16.0083,79.0896,0.0],[16.0068,79.0911,0.0],[16.0167,79.0917,0.0],[16.0208,79.0938,0.0],[16.0313,79.0938,0.0],[16.037,79.0974,0.0],[16.0271,79.0979,0.0],[16.0229,79.0958,0.0],[16.0063,79.0958,0.0],[15.9938,79.1,0.0],[15.9792,79.1,12.1104],[15.9609,79.1047,62.5496],[15.9641,79.1068,22.8932],[15.9625,79.1083,25.6695],[15.9583,79.1083,46.5343],[15.9542,79.1104,62.8504],[15.9396,79.1104,146.0445],[15.9297,79.113,297.6456],[15.9333,79.1167,189.7926],[15.9453,79.1172,47.089],[15.9437,79.1188,45.5801],[15.9167,79.1188,344.3891],[15.9125,79.1208,406.194],[15.8979,79.1208,583.5157],[15.8818,79.1255,322.324],[15.8833,79.1271,229.9359],[15.8896,79.1271,258.873],[15.8938,79.125,414.5243],[15.9,79.125,356.678],[15.9078,79.1297,65.8411],[15.9063,79.1312,50.9026],[15.9005,79.1318,80.0096],[15.9036,79.1349,16.098],[15.888,79.138,93.5127],[15.8917,79.1417,0.0],[15.9036,79.1422,0.0],[15.8938,79.1458,0.0],[15.8771,79.1438,77.1097],[15.8505,79.1505,233.7961],[15.8536,79.1526,108.5512],[15.8521,79.1542,33.5358],[15.8438,79.1542,161.8238],[15.8396,79.1521,319.0591],[15.8229,79.1521,539.3505],[15.8214,79.1526,539.3505],[15.8224,79.1557,400.4331],[15.8208,79.1563,434.2942],[15.8047,79.1568,343.5563],[15.8099,79.162,237.7628],[15.8,79.1625,59.2844],[15.7958,79.1604,96.4302],[15.7875,79.1604,35.4414],[15.7792,79.1563,78.9345],[15.7672,79.1557,11.2428],[15.7578,79.1484,67.1267],[15.7443,79.1474,26.1937],[15.7375,79.1417,40.7247],[15.7255,79.1412,7.0596],[15.7068,79.1286,0.0],[15.7224,79.1234,104.688],[15.6964,79.1203,0.0],[15.7016,79.1172,11.7309],[15.6901,79.1162,0.0],[15.6917,79.1146,0.0],[15.6974,79.1141,16.1774],[15.6958,79.1125,4.8161],[15.6625,79.1125,0.0],[15.6583,79.1104,0.0],[15.65,79.1104,0.0],[15.6458,79.1083,0.0],[15.6375,79.1083,0.0],[15.6104,79.1167,10.7649],[15.5917,79.1167,29.5203],[15.5875,79.1146,73.3252],[15.5813,79.1146,91.4316],[15.5797,79.1151,91.4316],[15.5807,79.1182,219.0842],[15.5792,79.1188,225.6838],[15.563,79.1193,408.7072],[15.5646,79.1208,509.5552],[15.5833,79.1208,206.583],[15.5875,79.1188,97.1482],[15.5953,79.1193,9.1782],[15.5797,79.1245,258.9999],[15.5917,79.125,76.4901],[15.5995,79.1307,6.7991],[15.5771,79.1354,330.4644],[15.5755,79.137,316.942],[15.5875,79.1375,92.0992],[15.5938,79.1417,1.142],[15.6057,79.1422,0.0],[15.6078,79.1453,0.0],[15.6005,79.1464,0.1654],[15.6036,79.1495,0.0],[15.5875,79.15,1.3196],[15.5859,79.1516,0.7227],[15.5958,79.1521,0.0],[15.6016,79.1547,0.0],[15.6245,79.1713,28.3679],[15.6172,79.1745,139.6748],[15.6396,79.175,0.0],[15.6479,79.1792,7.8995],[15.6578,79.1797,0.0],[15.6646,79.1833,7.286],[15.6766,79.1839,0.0],[15.6693,79.187,5.2393],[15.6745,79.1901,1.0364],[15.6766,79.1932,5.1588],[15.6708,79.1937,6.9568],[15.6693,79.1953,9.3496],[15.6813,79.1958,0.0],[15.6917,79.2021,1.5451],[15.7021,79.2021,0.0307],[15.7063,79.2042,-0.1317],[15.7391,79.2047,5.6854],[15.7411,79.2078,9.4429],[15.7333,79.2104,7.1035],[15.7167,79.2104,-0.1368],[15.7068,79.2141,3.088],[15.7203,79.2151,0.0],[15.7453,79.2328,0.0],[15.713,79.2401,15.2734],[15.7161,79.2432,0.0],[15.7089,79.2443,3.6004],[15.7099,79.2474,0.0],[15.7083,79.2479,0.0],[15.6896,79.2458,9.2686],[15.6542,79.2562,0.0],[15.6354,79.2542,15.2229],[15.6339,79.2557,11.8323],[15.639099999999999,79.2599,0.0],[15.6333,79.2604,0.0],[15.6318,79.262,0.0],[15.6438,79.2625,0.0],[15.6453,79.2641,0.0],[15.6354,79.2667,0.0],[15.6172,79.2672,0.0],[15.6276,79.2745,0.0],[15.6411,79.2755,0.0],[15.6495,79.2818,0.0],[15.6479,79.2833,0.0],[15.6417,79.2833,0.0],[15.6375,79.2813,0.0],[15.6146,79.2813,0.0],[15.613,79.2797,0.0],[15.6188,79.2792,0.0],[15.6203,79.2776,0.0],[15.6089,79.2766,0.0],[15.6,79.2708,0.0],[15.5917,79.2708,5.6407],[15.5818,79.2734,30.2313],[15.587,79.2786,-0.0831],[15.5646,79.2833,33.8059],[15.563,79.2849,54.018],[15.5729,79.2854,0.0],[15.5771,79.2833,0.0],[15.5833,79.2833,0.0],[15.5849,79.2849,0.0],[15.5609,79.2901,31.0498],[15.5661,79.2953,0.0],[15.5505,79.2984,-0.3818],[15.5563,79.3021,-0.0061],[15.5771,79.3021,0.0],[15.5786,79.3037,0.0],[15.5625,79.3042,0.0],[15.55,79.3083,0.0],[15.5318,79.3089,0.0],[15.5333,79.3104,0.0],[15.5453,79.3109,0.0],[15.5516,79.3151,0.0],[15.55,79.3167,0.0],[15.4979,79.3167,0.0],[15.4938,79.3146,35.4838],[15.4646,79.3146,218.615],[15.4464,79.3193,459.1128],[15.4479,79.3208,408.571],[15.4667,79.3208,161.3414],[15.4682,79.3193,185.6311],[15.4651,79.3172,251.8292],[15.4766,79.3172,90.656],[15.4786,79.3203,53.8248],[15.4464,79.3276,276.1461],[15.4521,79.3313,82.5844],[15.4745,79.3318,24.1481],[15.4766,79.3349,0.0],[15.4708,79.3354,22.3626],[15.4693,79.337,21.5758],[15.4724,79.338,0.0],[15.4745,79.3411,0.0],[15.4672,79.3422,-0.1077],[15.4703,79.3443,0.5684],[15.4688,79.3458,0.3722],[15.4297,79.3547,0.0253],[15.4318,79.3578,0.0],[15.4411,79.363,0.0],[15.4453,79.3682,0.0],[15.4146,79.3667,0.0],[15.4047,79.3693,8.1498],[15.4125,79.375,0.0],[15.4333,79.375,0.0],[15.4391,79.3776,0.0],[15.4375,79.3792,0.0],[15.4188,79.3792,0.0],[15.4146,79.3771,0.0],[15.4047,79.3776,15.0226],[15.4104,79.3812,14.9763],[15.4208,79.3812,0.0],[15.4245,79.3839,0.0],[15.4172,79.387,6.9898],[15.4307,79.388,0.0],[15.4292,79.3896,0.0],[15.4146,79.3896,0.0],[15.413,79.3901,8.8997],[15.4141,79.3932,14.7589],[15.4083,79.3938,22.2967],[15.4068,79.3953,21.9601],[15.4188,79.3958,0.0],[15.4266,79.4005,0.0],[15.425,79.4021,0.0],[15.4193,79.4026,0.7884],[15.4208,79.4042,0.0],[15.4396,79.4021,0.0],[15.4432,79.4057,0.0],[15.4146,79.4063,0.0],[15.3964,79.4109,11.4886],[15.4016,79.4161,0.0],[15.3859,79.4193,9.1753],[15.3911,79.4245,0.0],[15.3854,79.425,1.661],[15.3839,79.4266,4.8334],[15.3958,79.4271,0.0],[15.3995,79.4307,0.0],[15.3755,79.4359,33.9893],[15.3786,79.4391,4.6908],[15.3714,79.4401,34.8139],[15.3807,79.4495,0.0],[15.3526,79.4505,82.2674],[15.3542,79.4521,73.0682],[15.375,79.4521,11.8042],[15.3813,79.4563,0.0],[15.3917,79.4563,0.0],[15.4,79.4604,0.0],[15.412,79.4609,0.0],[15.4104,79.4625,0.0],[15.3917,79.4625,0.0],[15.3833,79.4583,0.0],[15.3646,79.4583,14.3559],[15.3547,79.4609,30.2277],[15.3604,79.4646,0.5841],[15.3854,79.4667,1.1352],[15.3896,79.4688,0.0],[15.3979,79.4688,0.0],[15.3995,79.4703,0.0],[15.3896,79.4729,0.0],[15.3609,79.4734,0.0],[15.3641,79.4766,0.0],[15.35,79.4792,0.0],[15.3484,79.4797,0.0],[15.3495,79.4828,0.0],[15.3339,79.4859,15.8366],[15.3354,79.4875,11.4273],[15.3458,79.4875,0.0],[15.3516,79.4912,0.0],[15.3417,79.4938,0.986],[15.325,79.4938,1.7337],[15.3234,79.4943,1.7337],[15.3245,79.4974,-0.1026],[15.3083,79.4979,49.6051],[15.3068,79.4984,45.2359],[15.3078,79.5016,17.7357],[15.2979,79.5042,31.2081],[15.2917,79.5042,83.0783],[15.2875,79.5021,161.6981],[15.2792,79.5021,292.0599],[15.275,79.5042,230.5343],[15.2563,79.5042,347.0327],[15.2521,79.5021,443.4077],[15.2333,79.5021,509.0382],[15.2318,79.5036,460.9138],[15.2349,79.5057,292.7789],[15.225,79.5062,285.7197],[15.2188,79.5021,449.7652],[15.2,79.5021,409.1351],[15.1901,79.5047,206.9282],[15.1917,79.5062,183.5234],[15.2021,79.5062,241.6939],[15.2083,79.5104,36.9874],[15.2188,79.5104,27.9954],[15.2245,79.513,0.2267],[15.2229,79.5146,0.7185],[15.2047,79.5151,1.2112],[15.2068,79.5182,0.6138],[15.2188,79.5188,0.0],[15.2203,79.5203,0.0],[15.2104,79.5229,0.3633],[15.1958,79.5229,1.2117],[15.1943,79.5245,1.548],[15.2078,79.5255,0.1109],[15.2208,79.5354,36.714],[15.2313,79.5354,0.0],[15.2354,79.5375,14.9385],[15.2474,79.538,0.0],[15.2458,79.5396,0.0],[15.2297,79.5401,23.849],[15.2313,79.5417,9.9748],[15.2417,79.5417,0.0],[15.2432,79.5432,0.0],[15.225,79.5479,8.9188],[15.2188,79.5479,35.2752],[15.2146,79.55,88.9951],[15.2083,79.55,133.4622],[15.2042,79.5479,194.8165],[15.1854,79.5479,300.2148],[15.1839,79.5495,381.4441],[15.1974,79.5505,231.2986],[15.1958,79.5521,245.9034],[15.1901,79.5526,284.2194],[15.1938,79.5563,254.6489],[15.2036,79.5557,181.0881],[15.2005,79.5537,230.273],[15.2021,79.5521,190.6349],[15.2224,79.5526,49.7396],[15.2208,79.5542,47.5024],[15.2,79.5583,198.0435],[15.1984,79.5599,233.7481],[15.2042,79.5625,109.6232],[15.2161,79.563,32.0253],[15.2068,79.5661,93.4567],[15.2172,79.5724,30.9043],[15.2307,79.5734,0.0],[15.2234,79.5766,18.729],[15.2286,79.5797,0.0],[15.2307,79.5828,0.0],[15.2167,79.5854,3.2612],[15.2151,79.587,2.9164],[15.2359,79.6016,2.7036],[15.2479,79.6021,0.4561],[15.2516,79.6057,0.3936],[15.1896,79.6062,2.7366],[15.1854,79.6083,2.4206],[15.1687,79.6083,4.4067],[15.1672,79.6088,3.7601],[15.1682,79.612,1.9172],[15.1526,79.6151,1.9323],[15.1557,79.6182,0.0],[15.1297,79.6234,11.1917],[15.1328,79.6255,0.0],[15.1313,79.6271,0.0],[15.1271,79.6271,3.9623],[15.1229,79.6292,11.6479],[15.0938,79.6292,159.1641],[15.0839,79.6318,234.63],[15.0854,79.6333,214.4404],[15.0938,79.6333,149.5368],[15.0979,79.6312,77.6809],[15.1042,79.6312,39.8089],[15.1057,79.6328,41.5018],[15.0984,79.6339,88.29],[15.1016,79.637,30.2602],[15.0859,79.6401,37.707],[15.0891,79.6443,0.0],[15.0875,79.6458,0.0],[15.0688,79.6438,20.7427],[15.0589,79.6464,0.4454],[15.0604,79.6479,0.2572],[15.0938,79.6479,0.0],[15.0953,79.6495,0.0],[15.0792,79.65,0.0],[15.075,79.6521,0.0],[15.0667,79.6521,0.0],[15.0625,79.65,0.0],[15.0542,79.65,0.6049],[15.0526,79.6516,0.7659],[15.0583,79.6542,1.5758],[15.0688,79.6542,0.0],[15.0729,79.6563,0.0],[15.0833,79.6563,0.0],[15.0849,79.6578,0.0],[15.075,79.6604,0.0],[15.0563,79.6583,0.4502],[15.0464,79.6609,32.9871],[15.0495,79.6661,0.0],[15.0339,79.6693,15.1188],[15.037,79.6724,0.0],[15.0172,79.6734,26.022],[15.0208,79.6771,0.0],[15.0328,79.6776,0.0],[15.0313,79.6792,0.0],[15.0151,79.6797,17.8408],[15.0182,79.6849,0.0],[15.0109,79.6859,19.6449],[15.0167,79.6896,3.4401],[15.0286,79.6901,1.3305],[15.0307,79.6932,0.0],[15.025,79.6937,0.0],[15.0234,79.6953,0.0],[15.0266,79.6964,0.0],[15.0286,79.6995,0.0],[15.0083,79.7,0.0],[15.0042,79.6979,0.0],[14.9958,79.6979,2.937],[14.9583,79.7083,12.1286],[14.9521,79.7083,13.5007],[14.9505,79.7099,12.8261],[14.9536,79.712,0.0],[14.9479,79.7125,0.0],[14.9464,79.7141,0.0],[14.9583,79.7146,0.0],[14.9661,79.7203,0.0],[14.9583,79.7208,0.0],[14.9401,79.7255,13.2701],[14.9458,79.7292,0.0],[14.9667,79.7292,0.0],[14.9682,79.7307,0.0],[14.9396,79.7312,0.0],[14.9271,79.7354,0.0],[14.9104,79.7354,13.2699],[14.9005,79.738,5.0332],[14.9016,79.7412,3.7505],[14.875,79.7479,3.7915],[14.8583,79.7479,12.174],[14.8568,79.7495,7.9004],[14.8687,79.75,0.0],[14.8703,79.7516,0.0],[14.8542,79.7542,0.0],[14.8417,79.7583,0.0],[14.825,79.7583,9.5404],[14.8208,79.7604,7.3084],[14.8167,79.7604,11.767],[14.8151,79.762,7.7178],[14.8182,79.7641,0.0],[14.8089,79.7651,1.7615],[14.812,79.7682,0.0],[14.7922,79.7693,6.7503],[14.7974,79.7734,0.0],[14.7958,79.775,0.0],[14.7792,79.775,9.0608],[14.7776,79.7766,3.399],[14.7807,79.7786,0.0],[14.7792,79.7792,0.0],[14.7625,79.7792,5.2461],[14.7583,79.7813,4.662],[14.7422,79.7839,5.9967],[14.7438,79.7854,3.1742],[14.7521,79.7854,0.0],[14.7563,79.7833,2.5327],[14.7646,79.7833,0.0],[14.7682,79.7859,0.0],[14.7667,79.7875,0.0],[14.75,79.7875,0.0],[14.7484,79.7891,0.0],[14.7516,79.7901,0.0],[14.75,79.7917,0.0],[14.7292,79.7917,0.0],[14.7255,79.788,0.0],[14.7313,79.7875,0.0],[14.7328,79.7859,3.7284],[14.7229,79.7854,13.053],[14.7188,79.7875,7.17],[14.7042,79.7875,11.3824],[14.7,79.7896,3.3133],[14.6583,79.7896,7.5699],[14.6542,79.7917,1.2924],[14.6396,79.7917,2.7457],[14.6354,79.7937,0.0],[14.6146,79.7917,6.3501],[14.6104,79.7937,1.9887],[14.5583,79.7937,6.1641],[14.5375,79.8,2.0533],[14.5188,79.7979,6.2091],[14.5146,79.8,1.5525],[14.5063,79.8,0.0],[14.5047,79.7984,0.8685],[14.5104,79.7979,5.3355],[14.512,79.7963,6.3335],[14.4771,79.7958,3.3018],[14.4729,79.7937,7.6254],[14.4625,79.7937,0.0],[14.4609,79.7922,0.0],[14.4667,79.7917,3.8509],[14.4682,79.7901,10.2559],[14.4547,79.7891,0.0],[14.4563,79.7875,0.0],[14.462,79.787,8.3523],[14.4547,79.7797,2.7698],[14.4604,79.7792,8.3239],[14.462,79.7776,13.1246],[14.4484,79.7766,3.5658],[14.4417,79.7708,17.9039],[14.4313,79.7708,0.0],[14.4271,79.7688,10.0427],[14.4167,79.7688,0.0],[14.4125,79.7667,2.3694],[14.3984,79.7662,0.0],[14.4078,79.763,5.1929],[14.3958,79.7625,0.0],[14.3901,79.7599,0.0],[14.3995,79.7568,9.4197],[14.3917,79.7521,10.9049],[14.3797,79.7516,1.8221],[14.387,79.7484,15.2934],[14.3734,79.7474,2.7957],[14.3609,79.7391,15.5894],[14.3568,79.7338,12.9824],[14.3641,79.7328,31.6668],[14.362,79.7297,17.7029],[14.3589,79.7286,22.7498],[14.3604,79.7271,20.5451],[14.3792,79.7271,5.4369],[14.3833,79.7292,7.3911],[14.4063,79.7292,5.4733],[14.4104,79.7312,5.5288],[14.4333,79.7312,5.5429],[14.4375,79.7333,11.1711],[14.4438,79.7333,15.9336],[14.4453,79.7328,14.5043],[14.4443,79.7297,5.8344],[14.4458,79.7292,5.4004],[14.4625,79.7292,7.4438],[14.4724,79.7255,11.9336],[14.425,79.725,5.5775],[14.4161,79.7193,129.8481],[14.4042,79.7188,289.7538],[14.4005,79.7161,208.0544],[14.4078,79.713,101.5385],[14.3943,79.712,181.378],[14.3958,79.7104,184.0741],[14.4016,79.7099,104.8725],[14.4,79.7083,140.61],[14.3938,79.7083,176.7861],[14.3896,79.7104,260.3763],[14.3734,79.713,301.5675],[14.3792,79.7167,244.7708],[14.3911,79.7172,339.8583],[14.3953,79.7214,63.3608],[14.3854,79.725,5.4414],[14.3542,79.725,16.9617],[14.35,79.7229,15.8571],[14.3396,79.7229,4.74],[14.3333,79.7188,38.1539],[14.3083,79.7167,0.0],[14.3068,79.7151,0.0],[14.3125,79.7146,0.0],[14.3141,79.713,12.5544],[14.3104,79.7104,19.8447],[14.2984,79.7099,10.6037],[14.2896,79.7042,5.6665],[14.2776,79.7037,0.0],[14.2661,79.6943,8.8144],[14.2526,79.6932,0.0],[14.2432,79.6859,5.2701],[14.2005,79.6807,0.0],[14.1964,79.6787,3.1002],[14.1943,79.6755,0.5714],[14.2104,79.6729,16.2103],[14.212,79.6713,18.0829],[14.201599999999999,79.6651,0.0],[14.1917,79.6646,0.0],[14.1839,79.6599,0.0],[14.1854,79.6583,0.0],[14.2021,79.6583,0.0],[14.2063,79.6563,0.0],[14.2188,79.6542,17.0383],[14.2203,79.6526,139.8311],[14.2,79.6521,57.4272],[14.1958,79.6542,14.521],[14.1875,79.6542,0.0],[14.1833,79.6521,30.7088],[14.1729,79.6521,16.8651],[14.1688,79.65,24.2623],[14.1458,79.6479,5.0319],[14.1354,79.6417,11.2741],[14.125,79.6417,0.0],[14.1188,79.6375,5.314],[14.1068,79.637,0.0],[14.1083,79.6354,0.0],[14.1141,79.6349,9.0947],[14.113,79.6318,10.4754],[14.1479,79.6229,0.0],[14.1875,79.6229,19.5211],[14.2,79.6188,3.8412],[14.2161,79.6162,33.1721],[14.2089,79.6099,0.0],[14.2104,79.6083,0.2939],[14.2161,79.6078,-0.0462],[14.2141,79.6047,0.3117],[14.2083,79.6021,1.4832],[14.1964,79.6016,1.2594],[14.2057,79.5984,4.0917],[14.1958,79.5979,3.6022],[14.1859,79.6005,4.1001],[14.187,79.6036,0.9728],[14.1854,79.6042,0.2686],[14.1688,79.6042,5.1304],[14.1479,79.6104,0.0],[14.1255,79.6078,20.4645],[14.1271,79.6062,82.4004],[14.1328,79.6057,44.583],[14.1313,79.6042,155.8066],[14.1,79.6042,330.2809],[14.0875,79.6083,15.269],[14.0792,79.6083,0.0],[14.0745,79.6047,146.8256],[14.0667,79.6042,144.7003],[14.0651,79.6047,83.5269],[14.0661,79.6078,20.0976],[14.0563,79.6083,0.0],[14.05,79.6042,34.8544],[14.038,79.6036,0.0],[14.0396,79.6021,31.1343],[14.0453,79.6016,76.8164],[14.0417,79.5979,217.2707],[14.0229,79.6,3.9347],[14.0104,79.5917,117.7237],[13.988,79.5911,0.0],[13.9896,79.5896,30.3261],[13.9953,79.5891,83.6748],[13.9896,79.5854,153.8952],[13.9672,79.5849,0.0],[13.9688,79.5833,0.0],[13.987,79.5828,212.5928],[13.9854,79.5813,256.3943],[13.9625,79.5813,0.0],[13.9563,79.5771,35.0434],[13.9375,79.5792,0.0],[13.9333,79.5771,2.179],[13.9229,79.5771,0.0],[13.9214,79.5755,0.9008],[13.9271,79.575,6.281],[13.9286,79.5734,22.3033],[13.9229,79.5687,15.7692],[13.9,79.5687,1.3478],[13.8958,79.5667,1.577],[13.8854,79.5667,0.0],[13.8839,79.5651,0.6457],[13.8917,79.5646,1.2586],[13.8932,79.563,4.1055],[13.8651,79.5599,0.0],[13.8807,79.5547,83.8226],[13.8766,79.5505,202.0304],[13.8708,79.5479,271.4164],[13.8484,79.5474,0.0],[13.8557,79.5443,108.5292],[13.8521,79.5417,68.4573],[13.8401,79.5411,21.2236],[13.8474,79.538,22.7428],[13.8375,79.5375,2.288],[13.8318,79.5339,-0.088],[13.85,79.5333,7.0007],[13.8516,79.5328,5.0198],[13.8505,79.5297,0.0],[13.8661,79.5266,0.0],[13.8651,79.5234,0.0],[13.8807,79.5203,46.67],[13.8792,79.5188,40.7737],[13.8729,79.5188,16.669],[13.8688,79.5208,8.6639],[13.8604,79.5208,0.0],[13.8547,79.5151,0.0],[13.8979,79.5042,5.4421],[13.9057,79.5036,16.8466],[13.9026,79.5005,0.0],[13.912,79.4995,3.4015],[13.9068,79.4943,0.0],[13.9141,79.4932,2.4886],[13.912,79.4901,6.525],[13.9,79.4896,2.9193],[13.8938,79.4854,4.735],[13.8708,79.4854,0.1457],[13.8693,79.4838,0.1707],[13.8771,79.4833,0.4241],[13.9146,79.4729,0.0],[13.9313,79.4729,2.6055],[13.9604,79.4646,3.3156],[13.9667,79.4646,13.9518],[13.9682,79.463,14.9244],[13.9651,79.4609,0.0],[13.9828,79.4578,13.8014],[13.9797,79.4547,5.9006],[13.987,79.4537,28.4597],[13.9839,79.4484,0.0],[14.0161,79.4411,4.8208],[14.0125,79.4375,2.3626],[14.0021,79.4375,1.0292],[13.9979,79.4354,2.9803],[13.988,79.4349,0.8045],[13.9953,79.4318,4.4637],[13.9875,79.4271,3.9469],[13.9755,79.4266,1.5324],[13.9771,79.425,1.446],[13.9828,79.4245,2.7599],[13.9807,79.4213,1.4482],[13.9672,79.4203,0.3254],[13.9688,79.4187,0.0],[13.975,79.4187,0.3144],[14.0099,79.4099,2.5589],[14.0083,79.4083,2.4498],[13.9964,79.4078,0.7857],[13.9979,79.4063,2.3886],[14.0036,79.4057,3.8957],[14.0,79.4021,15.2576],[13.9896,79.4021,11.7047],[13.9854,79.4,5.8102],[13.9755,79.3995,3.3589],[13.9771,79.3979,4.6806],[13.9828,79.3974,8.0582],[13.9797,79.3943,-0.2922],[13.9979,79.3938,18.2075],[14.0271,79.3854,0.0],[14.0438,79.3854,5.2893],[14.0703,79.3786,0.0],[14.0693,79.3755,0.0],[14.0708,79.375,0.0],[14.0891,79.3745,35.7979],[14.0875,79.3729,21.2975],[14.0771,79.3729,2.6161],[14.0755,79.3714,0.0],[14.0995,79.3662,0.0],[14.0964,79.3609,0.0],[14.1021,79.3604,7.7815],[14.1036,79.3588,12.4097],[14.1005,79.3578,10.5233],[14.0984,79.3547,7.1523],[14.1057,79.3536,12.6062],[14.1047,79.3505,5.3237],[14.112,79.3495,8.1193],[14.1068,79.3443,0.0],[14.1266,79.3432,54.7423],[14.1193,79.337,11.9175],[14.1208,79.3354,3.5716],[14.1266,79.3349,38.636],[14.1245,79.3318,42.4796],[14.1109,79.3307,0.0],[14.1182,79.3276,1.6444],[14.1063,79.3271,0.865],[14.1,79.3229,7.1142],[14.0896,79.3229,4.4866],[14.0786,79.3151,8.5362],[14.0688,79.3146,4.5898],[14.063,79.312,2.1508],[14.0724,79.3089,3.9292],[14.0297,79.3037,0.0],[14.0313,79.3021,0.5961],[14.0458,79.3,0.4214],[14.0474,79.2984,0.1098],[14.0339,79.2974,0.2194],[14.0224,79.288,-0.0484],[14.0104,79.2875,0.1847],[14.0063,79.2854,0.8352],[13.9875,79.2875,0.4888],[13.9833,79.2854,0.7622],[13.9625,79.2854,0.0],[13.9563,79.2813,0.4511],[13.9458,79.2813,0.0],[13.9417,79.2792,0.6716],[13.9333,79.2792,0.2888],[13.9292,79.2771,0.5642],[13.9,79.2771,0.5468],[13.8958,79.2792,0.0],[13.8875,79.2792,0.0],[13.8833,79.2771,0.4367],[13.8625,79.275,2.5106],[13.8359,79.2818,7.3691],[13.8391,79.287,17.4378],[13.8318,79.288,72.0971],[13.8333,79.2896,68.535],[13.8417,79.2896,19.6991],[13.8458,79.2875,0.0],[13.8536,79.288,0.0],[13.8599,79.2932,0.0],[13.8438,79.2958,77.9442],[13.8422,79.2974,129.6443],[13.8521,79.2979,30.819],[13.8563,79.2958,0.0],[13.8625,79.2958,0.0],[13.8667,79.2979,0.0],[13.8771,79.2979,0.0],[13.8786,79.2995,0.0],[13.8714,79.3005,0.0],[13.8755,79.3057,0.0],[13.8875,79.3063,0.0],[13.8911,79.3089,0.0],[13.8896,79.3104,0.0],[13.8672,79.3151,9.7364],[13.8682,79.3182,0.5996],[13.8609,79.3193,8.9548],[13.8646,79.3229,16.7175],[13.8766,79.3234,0.0],[13.875,79.325,0.0],[13.8693,79.3255,9.1069],[13.8714,79.3287,28.4414],[13.8766,79.3318,0.0],[13.875,79.3333,21.4091],[13.8693,79.3339,57.3804],[13.8734,79.3391,74.292],[13.8854,79.3396,6.0873],[13.887,79.3411,0.0],[13.8604,79.3479,215.4946],[13.8526,79.3484,274.5441],[13.8578,79.3536,326.915],[13.8422,79.3568,418.0846],[13.8479,79.3625,267.8835],[13.8813,79.3625,0.0],[13.8854,79.3646,0.8659],[13.8974,79.3651,0.8436],[13.8958,79.3667,0.0],[13.8896,79.3667,0.8783],[13.8688,79.3729,1.5586],[13.8542,79.3729,5.7291],[13.8443,79.3755,31.7665],[13.8458,79.3771,0.0],[13.8542,79.3771,0.0],[13.8583,79.3792,0.0],[13.8688,79.3792,0.0],[13.8766,79.3849,0.0],[13.8583,79.3854,0.0],[13.8458,79.3896,0.0],[13.8292,79.3896,0.0],[13.8167,79.3938,0.0],[13.8104,79.3938,0.0],[13.8021,79.3896,122.0746],[13.7958,79.3896,177.7831],[13.7943,79.3912,178.7822],[13.7995,79.3953,17.161],[13.7917,79.3958,86.2312],[13.7875,79.3979,65.8337],[13.7813,79.3979,155.8669],[13.7771,79.3958,251.5811],[13.7708,79.3958,362.4638],[13.7667,79.3979,412.2217],[13.7568,79.3974,579.5854],[13.7583,79.3958,551.7429],[13.764099999999999,79.3953,464.9114],[13.7625,79.3938,515.3262],[13.7479,79.3958,716.876],[13.7464,79.3964,756.0051],[13.7474,79.3995,598.025],[13.7401,79.4005,561.036],[13.7411,79.4036,373.96],[13.7255,79.4068,418.3759],[13.7266,79.4099,232.423],[13.7193,79.4109,313.2643],[13.7203,79.4141,186.7637],[13.713,79.4151,193.6671],[13.7141,79.4182,108.7333],[13.7068,79.4193,140.5217],[13.7083,79.4208,71.5141],[13.7167,79.4208,20.9717],[13.7208,79.4187,41.0724],[13.7375,79.4187,0.0],[13.7432,79.4224,1.709],[13.7172,79.4276,6.8917],[13.7203,79.4297,1.0089],[13.7188,79.4313,0.0],[13.7005,79.4318,20.5008],[13.701599999999999,79.4349,0.7299],[13.6859,79.438,17.4145],[13.687,79.4411,0.0],[13.6797,79.4422,0.0],[13.6807,79.4453,0.0],[13.6646,79.4458,2.376],[13.663,79.4464,8.3366],[13.6641,79.4495,0.0967],[13.6625,79.45,0.2286],[13.6542,79.45,5.7416],[13.6479,79.4458,120.8575],[13.6359,79.4453,257.5217],[13.6375,79.4437,317.6267],[13.6453,79.4432,243.7388],[13.6438,79.4417,320.1421],[13.6354,79.4417,402.0865],[13.6313,79.4437,416.3633],[13.6271,79.4437,450.0052],[13.6255,79.4453,393.257],[13.6297,79.4495,282.7847],[13.6417,79.45,105.3623],[13.6432,79.4516,50.757],[13.5922,79.463,87.6777],[13.5943,79.4661,37.2202],[13.5974,79.4672,0.0],[13.5958,79.4688,0.0],[13.5896,79.4688,0.0],[13.5771,79.4729,0.0],[13.5708,79.4729,51.4578],[13.5693,79.4714,73.6197],[13.5833,79.4688,39.5745],[13.5849,79.4672,64.6201],[13.5807,79.463,183.6283],[13.5688,79.4625,300.3668],[13.5625,79.4583,456.4272],[13.5438,79.4604,673.3841],[13.5396,79.4583,722.7084],[13.5313,79.4583,785.2063],[13.5297,79.4599,804.6539],[13.5318,79.462,737.5641],[13.5438,79.4625,591.8483],[13.5474,79.4661,598.2869],[13.5375,79.4688,593.53],[13.5214,79.4693,739.1531],[13.5245,79.4745,548.5337],[13.5146,79.4771,466.8988],[13.4854,79.4771,327.512],[13.4813,79.475,441.8148],[13.4729,79.475,453.5072],[13.4688,79.4771,276.2348],[13.4625,79.4771,229.6241],[13.4583,79.475,296.6886],[13.45,79.475,187.8853],[13.4401,79.4776,51.1566],[13.4411,79.4807,16.4486],[13.4396,79.4812,16.4486],[13.4208,79.4812,10.7364],[13.4193,79.4797,9.1143],[13.4354,79.4771,42.4853],[13.437,79.4755,65.4202],[13.4271,79.475,40.6052],[13.4229,79.4771,32.2103],[13.4167,79.4771,28.0722],[13.4109,79.4745,25.6657],[13.4089,79.4714,17.6007],[13.4286,79.4703,57.8998],[13.4271,79.4688,33.2824],[13.4167,79.4688,11.1406],[13.4151,79.4672,1.9234],[13.4313,79.4646,13.2055],[13.4328,79.463,9.7308],[13.4297,79.4609,0.0],[13.4474,79.4578,49.1321],[13.4422,79.4526,4.8918],[13.4495,79.4516,22.1243],[13.4484,79.4484,0.0],[13.4557,79.4474,25.3909],[13.4505,79.4401,8.6708],[13.4563,79.4396,14.6108],[13.4578,79.438,22.1648],[13.4521,79.4354,2.8406],[13.4229,79.4354,0.0],[13.4187,79.4375,0.0],[13.4125,79.4375,0.0],[13.4109,79.4359,0.0],[13.4167,79.4354,0.0],[13.4182,79.4339,0.0],[13.4063,79.4333,0.0],[13.4047,79.4318,0.1965],[13.412,79.4307,0.6545],[13.4109,79.4276,0.3993],[13.4182,79.4266,0.543],[13.4161,79.4234,0.7617],[13.3958,79.4229,0.6762],[13.3943,79.4234,0.7387],[13.3953,79.4266,0.5721],[13.3938,79.4271,0.2283],[13.3776,79.4276,5.2942],[13.3792,79.4292,0.9975],[13.3875,79.4292,0.5694],[13.389099999999999,79.4307,0.6522],[13.3818,79.4318,0.555],[13.3828,79.4349,0.0],[13.3755,79.4359,3.1034],[13.3807,79.4411,0.0],[13.375,79.4417,0.7167],[13.3734,79.4432,2.8944],[13.3833,79.4437,0.0],[13.3849,79.4453,0.0],[13.3609,79.4505,0.0],[13.362,79.4537,0.0],[13.3604,79.4542,0.0],[13.3521,79.4542,0.0],[13.3479,79.4521,0.0],[13.3313,79.4521,13.3887],[13.3167,79.4563,0.0],[13.288,79.4568,29.5298],[13.2974,79.4651,0.0],[13.2901,79.4682,0.0],[13.2958,79.4729,0.0],[13.3078,79.4734,0.0],[13.3099,79.4755,0.0],[13.3083,79.4771,0.0],[13.2646,79.475,0.0],[13.263,79.4734,0.0],[13.2792,79.4708,0.0],[13.2807,79.4693,0.0],[13.275,79.4667,0.0],[13.2667,79.4667,0.0],[13.2583,79.4625,0.0],[13.2521,79.4625,0.0],[13.2479,79.4646,0.0],[13.2312,79.4646,0.0],[13.2297,79.4661,0.0],[13.2328,79.4672,0.0],[13.2349,79.4703,0.0],[13.2151,79.4714,20.6176],[13.2167,79.4729,16.4275],[13.2516,79.4734,0.0],[13.2443,79.4766,0.0],[13.2542,79.4771,0.0],[13.2599,79.4807,0.0],[13.2521,79.4812,0.0],[13.2422,79.4849,0.0],[13.2484,79.4891,3.3074],[13.2583,79.4896,0.0],[13.2661,79.4943,0.0],[13.2646,79.4958,0.0],[13.2589,79.4964,24.8957],[13.2599,79.4995,16.7143],[13.2526,79.5005,27.5276],[13.2536,79.5036,10.0343],[13.2521,79.5042,7.7597],[13.225,79.5042,89.8502],[13.2234,79.5057,67.2099],[13.2333,79.5062,35.0816],[13.2349,79.5078,8.4703],[13.2188,79.5083,15.4083],[13.2172,79.5099,1.9382],[13.2271,79.5104,0.0],[13.2312,79.5125,0.0],[13.2417,79.5125,0.0],[13.2458,79.5146,0.0],[13.2563,79.5146,0.0],[13.2625,79.5188,1.4455],[13.2708,79.5188,7.7475],[13.275,79.5167,0.0],[13.2896,79.5167,15.0279],[13.2938,79.5146,9.8876],[13.325,79.5146,0.0],[13.3292,79.5167,0.0],[13.3396,79.5167,0.0],[13.3411,79.5182,0.0],[13.3333,79.5188,0.0],[13.3318,79.5203,25.6058],[13.3438,79.5208,0.0],[13.3526,79.5266,24.6766],[13.3641,79.5276,0.0],[13.3729,79.5333,29.2697],[13.3849,79.5339,0.0],[13.3922,79.5411,13.8538],[13.3979,79.5437,10.2498],[13.4063,79.5437,0.0],[13.4146,79.5479,7.4713],[13.4229,79.5479,0.0],[13.4271,79.55,4.3188],[13.4375,79.55,0.0],[13.4458,79.5542,3.7376],[13.4557,79.5547,1.6905],[13.4646,79.5604,0.0],[13.475,79.5604,0.0],[13.4786,79.563,0.0],[13.4771,79.5646,0.0],[13.4714,79.5651,4.0558],[13.4724,79.5682,0.0],[13.4563,79.5708,38.9394],[13.4438,79.575,0.0],[13.4271,79.575,22.8656],[13.4229,79.5771,0.0],[13.4083,79.5771,12.7268],[13.4042,79.5792,2.4915],[13.3964,79.5797,3.761],[13.3979,79.5813,0.0],[13.4083,79.5813,0.0],[13.4141,79.5839,0.0],[13.4125,79.5854,0.0],[13.4047,79.5859,0.0],[13.4099,79.5901,0.0],[13.4083,79.5917,0.0],[13.4,79.5917,0.0],[13.3958,79.5896,0.0],[13.3625,79.5896,0.0],[13.3609,79.588,0.0],[13.3792,79.5875,0.0],[13.3807,79.5859,0.0],[13.3604,79.5854,0.0],[13.3563,79.5875,0.0],[13.35,79.5875,0.0],[13.3417,79.5833,37.5127],[13.3354,79.5833,58.9193],[13.3313,79.5854,18.5567],[13.3125,79.5833,250.8481],[13.3083,79.5854,145.8703],[13.2563,79.5854,572.4108],[13.2521,79.5875,399.5746],[13.2375,79.5875,396.0272],[13.2333,79.5896,284.636],[13.225,79.5896,228.7508],[13.2141,79.5818,470.7466],[13.2063,79.5813,539.9507],[13.2047,79.5818,572.6453],[13.2057,79.5849,447.5257],[13.188,79.588,303.3811],[13.1896,79.5896,223.6748],[13.201599999999999,79.5901,276.6539],[13.2,79.5917,148.1696],[13.1813,79.5917,109.38],[13.1771,79.5896,178.5494],[13.1708,79.5896,155.2785],[13.1667,79.5917,72.4428],[13.1229,79.5917,32.5172],[13.1187,79.5896,51.2213],[13.1125,79.5896,45.7277],[13.1083,79.5917,20.6926],[13.0896,79.5917,7.5158],[13.0854,79.5896,26.4439],[13.0667,79.5896,7.9009],[13.0625,79.5917,0.0],[13.0542,79.5917,0.0],[13.05,79.5896,4.9096],[13.0396,79.5896,0.0],[13.0354,79.5875,19.8665],[13.0042,79.5875,0.0],[13.0,79.5854,8.2567],[12.9771,79.5854,0.0],[12.9708,79.5813,5.6236],[12.9589,79.5807,9.6577],[12.9521,79.575,19.9744],[12.9312,79.575,0.0],[12.9271,79.5729,28.9394],[12.9167,79.5729,10.0716],[12.9125,79.5708,16.333],[12.8917,79.5708,-1.0611],[12.8875,79.5687,55.2573],[12.8771,79.5687,22.5272],[12.8667,79.5625,146.1166],[12.8422,79.5599,131.8803],[12.8313,79.5521,403.3134],[12.7792,79.5521,375.8248],[12.775,79.5542,292.4569],[12.7583,79.5542,191.4689],[12.7568,79.5557,118.8663],[12.7703,79.5568,93.2936],[12.7688,79.5583,19.8877],[12.7609,79.5589,11.0245],[12.762,79.562,9.9924],[12.7563,79.5625,16.2435],[12.7547,79.5641,21.2529],[12.7583,79.5667,0.0],[12.7703,79.5672,12.2856],[12.7724,79.5703,0.0],[12.7667,79.5708,0.0],[12.7651,79.5724,0.0],[12.7724,79.5787,0.0],[12.7292,79.5792,0.0],[12.7188,79.5729,0.0],[12.7068,79.5724,1.1556],[12.7083,79.5708,0.0],[12.7146,79.5708,0.0],[12.7245,79.5672,0.0],[12.7208,79.5646,0.0],[12.7089,79.5641,0.0],[12.7042,79.5604,0.0],[12.6625,79.5604,0.0],[12.6583,79.5625,0.0],[12.65,79.5625,0.0],[12.6484,79.5609,0.0],[12.6563,79.5604,0.0],[12.6578,79.5589,0.0],[12.5984,79.5578,0.0],[12.6,79.5563,0.0],[12.6057,79.5557,0.0],[12.6026,79.5516,0.0],[12.6042,79.55,0.0],[12.6458,79.55,0.0],[12.65,79.5521,0.0],[12.6578,79.5516,0.0],[12.6542,79.5479,38.9189],[12.6438,79.5479,16.7615],[12.6396,79.5458,42.6778],[12.6333,79.5458,19.7796],[12.6292,79.5479,0.0],[12.6193,79.5474,0.0],[12.6286,79.5443,16.5008],[12.6167,79.5437,5.5191],[12.613,79.5411,10.317],[12.6146,79.5396,15.525],[12.6203,79.5391,22.161],[12.6188,79.5375,28.515],[12.6125,79.5375,27.5405],[12.6083,79.5396,10.2863],[12.5984,79.5391,0.0],[12.6,79.5375,0.0],[12.6057,79.537,19.1473],[12.6005,79.5297,0.0],[12.6161,79.5266,46.7778],[12.6146,79.525,45.5146],[12.5958,79.5271,0.0],[12.5911,79.5234,0.0],[12.5813,79.5229,0.0],[12.5771,79.5208,0.0],[12.5688,79.5208,0.0],[12.5646,79.5229,0.0],[12.5,79.5229,0.0],[12.4958,79.5208,0.0],[12.4896,79.5208,0.0],[12.4854,79.5229,0.0],[12.4667,79.5229,0.0],[12.4609,79.5193,0.0],[12.4703,79.5182,0.0],[12.4667,79.5146,0.0],[12.4568,79.5151,0.0],[12.4578,79.5182,0.0],[12.4563,79.5188,0.0],[12.4484,79.5182,0.0],[12.4438,79.5146,0.0],[12.4125,79.5146,0.0],[12.4083,79.5167,0.0],[12.3813,79.5167,0.0],[12.3797,79.5172,0.0],[12.3807,79.5203,0.0],[12.3792,79.5208,0.0],[12.3625,79.5208,0.0],[12.3526,79.5234,0.0],[12.3604,79.5313,34.4233],[12.3703,79.5307,0.0],[12.3651,79.5255,0.0],[12.375,79.525,0.0],[12.3792,79.5271,0.0],[12.3911,79.5276,0.0],[12.3896,79.5292,0.0],[12.3818,79.5297,0.0],[12.3833,79.5313,0.0],[12.4182,79.5318,0.0],[12.4167,79.5333,0.0],[12.4,79.5333,0.0],[12.3875,79.5375,0.0],[12.3797,79.538,3.0828],[12.3813,79.5396,3.4836],[12.4,79.5396,0.0],[12.4042,79.5375,0.0],[12.4125,79.5375,0.0],[12.4167,79.5396,0.0],[12.4271,79.5396,0.0],[12.4286,79.5411,0.0],[12.4208,79.5417,0.0],[12.4167,79.5437,0.0],[12.4021,79.5437,0.0],[12.3875,79.5479,40.4778],[12.3688,79.5479,42.8512],[12.3646,79.5458,134.4122],[12.3458,79.5458,232.4528],[12.3443,79.5474,105.8493],[12.3563,79.5479,66.4549],[12.3604,79.55,12.0379],[12.3813,79.55,0.0],[12.3854,79.5521,0.0],[12.4063,79.5521,0.0],[12.4104,79.5542,0.0],[12.4203,79.5537,0.0],[12.4182,79.5505,0.0],[12.4151,79.5495,0.0],[12.4167,79.5479,0.0],[12.4396,79.55,0.0],[12.4411,79.5516,0.0],[12.4234,79.5547,0.0],[12.4286,79.562,0.0],[12.4214,79.563,0.0],[12.4229,79.5646,0.0],[12.4349,79.5651,0.0],[12.437,79.5682,0.0],[12.4271,79.5708,0.0],[12.375,79.5708,191.6661],[12.3734,79.5714,167.7535],[12.3745,79.5745,25.9402],[12.3589,79.5776,0.0],[12.3641,79.5839,0.0],[12.3625,79.5854,0.0],[12.3438,79.5854,0.0],[12.3396,79.5833,0.0],[12.3333,79.5833,0.0],[12.3292,79.5854,0.0],[12.2755,79.5859,187.8119],[12.2771,79.5875,109.2837],[12.2875,79.5875,53.5628],[12.2917,79.5896,0.0],[12.3125,79.5896,0.0],[12.3208,79.5958,0.0],[12.3521,79.5958,0.0],[12.3646,79.5917,0.0],[12.3807,79.5891,0.0],[12.3797,79.5859,0.0],[12.3813,79.5854,0.0],[12.389099999999999,79.5859,0.0],[12.3979,79.5917,18.1664],[12.4161,79.5891,20.7526],[12.413,79.587,0.0],[12.4146,79.5854,0.0],[12.4354,79.5875,9.2178],[12.4396,79.5854,0.0],[12.4583,79.5854,0.0],[12.4625,79.5875,29.6976],[12.4833,79.5875,0.0],[12.4875,79.5896,24.2576],[12.4979,79.5896,0.0],[12.5042,79.5938,44.7001],[12.5229,79.5938,4.5982],[12.5271,79.5917,0.0],[12.5438,79.5917,27.7546],[12.5646,79.5854,0.0],[12.5958,79.5854,0.0],[12.6042,79.5917,16.779],[12.6375,79.5917,0.0],[12.6438,79.5958,13.9448],[12.6667,79.5958,0.0],[12.6708,79.5979,0.0],[12.7,79.5979,0.0],[12.701599999999999,79.5964,0.0],[12.6917,79.5958,0.0],[12.6901,79.5943,0.0],[12.7063,79.5917,0.0],[12.712,79.5943,0.0],[12.7161,79.5995,0.0],[12.675,79.6,0.0],[12.6708,79.6021,0.0],[12.6312,79.6021,3.6717],[12.6297,79.6036,0.0],[12.6417,79.6042,0.0],[12.6458,79.6062,0.0],[12.6646,79.6042,6.337],[12.6708,79.6083,0.0],[12.6917,79.6083,0.0],[12.7021,79.6146,22.961],[12.7125,79.6146,0.0],[12.7167,79.6167,0.3849],[12.725,79.6167,0.0],[12.7292,79.6188,0.3796],[12.7396,79.6188,2.4635],[12.7411,79.6203,3.1385],[12.7354,79.6208,0.22],[12.7339,79.6224,0.9971],[12.7417,79.6292,19.5263],[12.775,79.6292,0.0],[12.7792,79.6312,3.4883],[12.7875,79.6312,4.3467],[12.7917,79.6292,0.0],[12.7979,79.6292,3.9853],[12.8021,79.6312,13.8371],[12.8125,79.6312,7.0214],[12.8167,79.6333,6.9706],[12.8271,79.6333,0.0],[12.8313,79.6354,0.0],[12.8417,79.6354,0.0],[12.8458,79.6375,0.0],[12.8646,79.6354,0.0],[12.8682,79.6391,0.0],[12.85,79.6396,0.0],[12.8484,79.6412,0.0],[12.8604,79.6417,0.0],[12.8646,79.6438,0.0],[12.875,79.6438,0.0],[12.8854,79.6521,17.7752],[12.9083,79.6521,0.0],[12.9167,79.6583,4.9516],[12.9271,79.6583,0.0],[12.9312,79.6604,2.1016],[12.9542,79.6604,0.0],[12.9583,79.6625,4.6108],[12.9682,79.663,0.0],[12.9667,79.6646,2.4008],[12.9609,79.6651,5.7787],[12.9625,79.6667,7.4142],[12.9875,79.6687,0.0],[12.9932,79.6745,0.0],[12.9755,79.6776,1.9435],[12.9786,79.6807,0.0],[12.9708,79.6813,0.5578],[12.9693,79.6828,0.4807],[12.9771,79.6875,0.2469],[12.9875,79.6875,0.1659],[12.9938,79.6917,0.0],[13.0042,79.6917,0.0],[13.0083,79.6937,0.0],[13.0729,79.6937,0.0],[13.0771,79.6917,0.0],[13.0854,79.6917,0.0],[13.0896,79.6937,0.0],[13.1688,79.6937,0.0],[13.1729,79.6958,2.4618],[13.1849,79.6964,0.0],[13.1938,79.7021,0.1832],[13.2146,79.7021,0.3753],[13.225,79.7083,2.0593],[13.2542,79.7083,0.3391],[13.2583,79.7063,0.0],[13.275,79.7063,2.5088],[13.2792,79.7042,0.0],[13.2958,79.7042,0.6518],[13.2974,79.7037,0.9458],[13.2964,79.7005,1.721],[13.3062,79.6979,1.2521],[13.3146,79.6979,0.6708],[13.3188,79.7,1.0675],[13.3375,79.6979,0.0],[13.3417,79.7,2.2511],[13.3604,79.7,0.0],[13.3646,79.6979,0.0],[13.4021,79.6958,2.0899],[13.4146,79.6917,0.0],[13.4229,79.6917,0.0],[13.4271,79.6937,0.0],[13.4917,79.6937,0.0],[13.4958,79.6917,0.0],[13.5042,79.6917,0.0],[13.5083,79.6937,0.0],[13.5271,79.6937,0.0],[13.5313,79.6917,0.0],[13.5396,79.6917,0.0],[13.5438,79.6937,0.0],[13.5854,79.6937,0.0],[13.6083,79.6875,0.0],[13.6146,79.6875,0.0],[13.6188,79.6896,0.0],[13.6292,79.6896,0.0],[13.6333,79.6917,0.0],[13.6417,79.6917,0.0],[13.6625,79.6854,0.0],[13.6833,79.6854,0.0],[13.6896,79.6896,3.4972],[13.701599999999999,79.6901,4.8002],[13.7036,79.6932,0.0],[13.6938,79.6937,0.0],[13.6896,79.6917,0.0],[13.6833,79.6917,0.0],[13.6734,79.6943,0.0],[13.6755,79.6974,0.0],[13.6875,79.6979,0.0],[13.6917,79.7,0.0],[13.7021,79.7,0.0],[13.7063,79.7021,0.0],[13.7167,79.7021,0.0],[13.7208,79.7042,0.0],[13.7313,79.7042,0.0],[13.7354,79.7063,0.0],[13.7453,79.7068,0.0],[13.7438,79.7083,0.0],[13.738,79.7089,0.0],[13.7411,79.712,0.0],[13.7318,79.713,2.0788],[13.7333,79.7146,4.3643],[13.7438,79.7146,1.3772],[13.7479,79.7167,1.332],[13.7708,79.7167,0.0],[13.7771,79.7208,0.0],[13.7875,79.7208,0.0],[13.7917,79.7229,0.0],[13.8021,79.7229,0.0],[13.8063,79.725,6.6161],[13.8167,79.725,0.0],[13.8208,79.7271,15.5611],[13.8313,79.7271,0.0],[13.8375,79.7312,13.5236],[13.8495,79.7318,6.5362],[13.8583,79.7375,0.0],[13.8703,79.738,0.0],[13.8688,79.7396,0.0],[13.8609,79.7401,3.1702],[13.8625,79.7417,0.0],[13.8708,79.7417,0.0],[13.875,79.7396,0.0],[13.8849,79.7401,0.0],[13.8833,79.7417,0.0],[13.8755,79.7422,0.0],[13.8786,79.7443,0.0],[13.8771,79.7458,0.0],[13.8479,79.7458,0.0],[13.8464,79.7474,0.0],[13.8542,79.7521,10.5459],[13.8646,79.7521,0.0],[13.8708,79.7562,7.9915],[13.8828,79.7568,0.0],[13.889099999999999,79.7609,1.4089],[13.8875,79.7625,1.8953],[13.8818,79.763,0.398],[13.8833,79.7646,1.6494],[13.9078,79.7672,0.0],[13.9063,79.7688,0.0],[13.9005,79.7693,0.0],[13.9021,79.7708,0.0],[13.9125,79.7708,0.0],[13.9229,79.7771,13.9287],[13.9453,79.7776,0.0],[13.9438,79.7792,0.0],[13.9292,79.7792,6.8559],[13.9276,79.7797,1.3388],[13.9286,79.7828,0.0],[13.9271,79.7833,9.4094],[13.9089,79.7839,10.9531],[13.9141,79.7891,0.0],[13.9063,79.7896,4.6314],[13.9047,79.7911,4.3312],[13.9167,79.7917,0.0],[13.9208,79.7937,10.0501],[13.9313,79.7937,0.0],[13.9354,79.7958,0.0],[13.9458,79.7958,0.0],[13.9599,79.8047,2.6555],[13.9583,79.8063,0.0],[13.9422,79.8089,13.048],[13.9453,79.8109,9.2581],[13.9438,79.8125,0.0],[13.9271,79.8125,2.3761],[13.9255,79.813,2.7343],[13.9266,79.8161,0.0],[13.9005,79.8214,0.0],[13.9016,79.8245,0.0],[13.8958,79.825,0.0],[13.8943,79.8266,0.0],[13.9063,79.8271,0.0],[13.9078,79.8287,0.0],[13.9005,79.8297,0.0],[13.9016,79.8328,2.7181],[13.9,79.8333,2.7706],[13.8818,79.8339,12.1346],[13.887,79.8391,0.0],[13.8776,79.8401,3.5964],[13.8807,79.8432,0.0],[13.8734,79.8443,5.3667],[13.8745,79.8474,0.1274],[13.8568,79.8505,19.3267],[13.8641,79.8578,0.0],[13.8458,79.8625,9.5017],[13.838,79.863,10.5642],[13.8411,79.8662,4.8844],[13.8333,79.8667,7.0215],[13.8208,79.8708,0.0],[13.7833,79.8729,3.958],[13.7708,79.8771,2.5288],[13.7542,79.8771,0.5852],[13.75,79.8792,0.0],[13.7417,79.8792,0.0],[13.738,79.8766,0.6335],[13.7396,79.875,1.8257],[13.7453,79.8745,3.8489],[13.7438,79.8729,4.7825],[13.7333,79.8729,3.3001],[13.7292,79.8708,3.5031],[13.7188,79.8708,2.833],[13.7146,79.8688,4.2346],[13.6938,79.8688,4.7885],[13.6896,79.8708,1.5323],[13.6833,79.8708,0.0],[13.6818,79.8693,1.583],[13.6875,79.8688,2.9934],[13.6891,79.8672,5.2674],[13.6646,79.8667,0.8411],[13.6604,79.8646,2.4152],[13.6417,79.8667,0.0],[13.6292,79.8583,2.2546],[13.5833,79.8583,1.1474],[13.5792,79.8562,0.4206],[13.5563,79.8562,-0.1824],[13.5521,79.8542,0.2718],[13.5063,79.8542,0.0],[13.5021,79.8521,0.0],[13.4917,79.8521,0.0],[13.4875,79.85,0.7998],[13.4771,79.85,0.0762],[13.4729,79.8479,1.5484],[13.4396,79.8479,0.8151],[13.4354,79.8458,1.1452],[13.4167,79.8458,1.3394],[13.4125,79.8479,0.2161],[13.3813,79.8479,0.6866],[13.3771,79.8458,1.0615],[13.3313,79.8458,0.3519],[13.3229,79.8417,4.2799],[13.3109,79.8411,0.4548],[13.3062,79.8375,0.8143],[13.2958,79.8375,-0.5288],[13.2896,79.8333,0.4069],[13.2792,79.8333,0.0451],[13.275,79.8313,0.0309],[13.2646,79.8313,0.0],[13.2604,79.8292,3.0625],[13.25,79.8292,0.0],[13.2458,79.8271,0.7125],[13.2354,79.8271,0.1181],[13.2312,79.825,2.1615],[13.2063,79.8229,1.7777],[13.2021,79.8208,3.7035],[13.1917,79.8208,1.9778],[13.1875,79.8187,3.5451],[13.1417,79.8187,0.878],[13.1375,79.8167,1.3676],[13.1187,79.8167,0.5359],[13.1146,79.8187,0.7239],[13.0854,79.8187,1.2256],[13.0813,79.8208,0.3796],[13.0625,79.8208,0.1593],[13.0583,79.8187,2.9718],[13.0333,79.8167,1.2364],[13.0292,79.8146,3.2405],[13.0188,79.8146,1.6062],[13.0146,79.8125,2.2749],[13.0042,79.8125,0.9753],[12.9979,79.8083,3.1142],[12.9729,79.8063,1.8589],[12.9667,79.8021,3.2267],[12.9438,79.8021,2.0478],[12.9307,79.7922,3.0503],[12.9188,79.7917,2.4315],[12.9125,79.7875,9.898],[12.8792,79.7875,0.0],[12.875,79.7854,6.655],[12.8646,79.7854,0.0],[12.8609,79.7818,3.2858],[12.8667,79.7813,3.9103],[12.8682,79.7797,3.9488],[12.8563,79.7792,1.3047],[12.8521,79.7771,2.3257],[12.8438,79.7771,2.7765],[12.8396,79.775,1.9163],[12.8292,79.775,0.9402],[12.825,79.7729,2.6576],[12.8146,79.7729,3.4298],[12.8104,79.7708,1.4284],[12.7875,79.7708,0.9324],[12.7833,79.7688,3.52],[12.7729,79.7688,0.9193],[12.7688,79.7667,3.81],[12.7625,79.7667,1.8112],[12.7583,79.7688,1.84],[12.7417,79.7688,0.8055],[12.7375,79.7708,0.57],[12.7292,79.7708,0.276],[12.725,79.7688,0.1891],[12.6938,79.7688,9.0461],[12.6839,79.7714,25.3439],[12.6849,79.7745,20.031],[12.6833,79.775,17.7268],[12.6646,79.775,31.9613],[12.6604,79.7729,85.9353],[12.6484,79.7724,0.0],[12.6396,79.7667,35.5306],[12.6167,79.7646,1.7708],[12.6125,79.7625,34.9416],[12.6021,79.7625,4.2546],[12.5896,79.7542,247.6045],[12.5693,79.7547,72.407],[12.5708,79.7562,48.9597],[12.5828,79.7568,74.7731],[12.5813,79.7583,10.2548],[12.5375,79.7583,0.0],[12.5359,79.7568,0.0],[12.5438,79.7562,0.0],[12.5453,79.7547,7.3915],[12.5208,79.7542,0.0],[12.5146,79.75,66.8264],[12.4958,79.75,253.6024],[12.4943,79.7505,219.3256],[12.4953,79.7536,24.5144],[12.4896,79.7542,18.0024],[12.488,79.7557,11.3546],[12.5,79.7562,0.0],[12.5063,79.7604,0.0],[12.525,79.7583,0.0],[12.5266,79.7599,0.0],[12.5208,79.7604,0.0],[12.5193,79.762,0.0],[12.5229,79.7646,0.0],[12.5349,79.7651,1.5726],[12.537,79.7682,0.8448],[12.5276,79.7693,4.8845],[12.5307,79.7714,0.0],[12.5292,79.7729,0.0],[12.5,79.7729,3.3905],[12.4958,79.775,2.1473],[12.4875,79.775,45.6968],[12.4833,79.7729,146.4623],[12.4755,79.7734,229.6337],[12.4828,79.7828,2.1149],[12.4755,79.7839,10.3996],[12.4766,79.787,5.5702],[12.475,79.7875,1.365],[12.4568,79.788,0.4937],[12.4583,79.7896,3.264],[12.4703,79.7901,2.5453],[12.4724,79.7922,3.3743],[12.4708,79.7937,3.9765],[12.4667,79.7937,2.3421],[12.4625,79.7958,0.0],[12.4542,79.7958,1.529],[12.45,79.7937,4.8665],[12.4396,79.7937,0.0],[12.438,79.7922,0.0],[12.4458,79.7917,0.0],[12.4474,79.7901,4.6625],[12.4375,79.7833,0.0],[12.4276,79.7839,3.8162],[12.4307,79.787,0.0],[12.4229,79.7875,0.0],[12.4188,79.7896,0.0],[12.3984,79.7891,0.0],[12.4,79.7875,0.0],[12.4057,79.787,0.0],[12.4042,79.7854,0.0],[12.3979,79.7854,0.0],[12.3938,79.7875,0.0],[12.3854,79.7875,0.0],[12.3813,79.7854,49.8187],[12.3734,79.7859,128.6908],[12.3771,79.7896,37.4282],[12.3875,79.7896,0.0],[12.3917,79.7917,0.0],[12.4016,79.7922,0.0],[12.4125,79.8,1.3466],[12.4333,79.8,0.0],[12.4417,79.8042,2.4664],[12.4641,79.8047,3.6122],[12.4625,79.8063,4.5217],[12.4479,79.8083,7.3271],[12.4438,79.8104,0.8051],[12.4271,79.8104,2.9033],[12.4146,79.8146,3.5805],[12.3984,79.8172,1.8256],[12.4,79.8187,1.0408],[12.4104,79.8187,0.0],[12.412,79.8203,0.0],[12.4042,79.8208,0.0],[12.4026,79.8214,0.0],[12.4036,79.8245,0.0],[12.388,79.8276,55.4252],[12.389099999999999,79.8307,23.9686],[12.3875,79.8313,18.7186],[12.3667,79.8313,3.3787],[12.3625,79.8292,9.3431],[12.3313,79.8292,3.7987],[12.3271,79.8313,1.7813],[12.3208,79.8313,1.981],[12.3193,79.8297,3.6133],[12.3354,79.8271,22.8291],[12.337,79.8255,67.1227],[12.325,79.825,23.5964],[12.3188,79.8208,284.8748],[12.3104,79.8208,360.9357],[12.2979,79.825,331.9539],[12.2792,79.825,312.6224],[12.2693,79.8276,311.6715],[12.2708,79.8292,178.1223],[12.2828,79.8297,84.4818],[12.2813,79.8313,29.1264],[12.2646,79.8313,8.3382],[12.2604,79.8333,2.6865],[12.2521,79.8333,0.8757],[12.2479,79.8313,1.7327],[12.2292,79.8313,2.6253],[12.225,79.8333,2.1825],[12.2083,79.8333,3.0432],[12.2042,79.8354,3.3482],[12.1958,79.8354,4.275],[12.1922,79.8318,1.6056],[12.1995,79.8307,3.4834],[12.1964,79.8255,8.2182],[12.2141,79.8224,5.6758],[12.2026,79.812,21.2125],[12.2042,79.8104,16.4232],[12.2099,79.8099,17.5435],[12.2078,79.8068,47.404],[12.1875,79.8063,208.4991],[12.1859,79.8068,219.3901],[12.187,79.8099,163.6178],[12.1854,79.8104,179.1731],[12.1625,79.8083,9.4376],[12.1568,79.8026,0.0],[12.1646,79.8021,36.4192],[12.1661,79.8005,15.8849],[12.1604,79.7979,9.0977],[12.1521,79.7979,1.9968],[12.1464,79.7943,5.7782],[12.1542,79.7937,4.9464],[12.1641,79.7901,49.2493],[12.1438,79.7896,144.3243],[12.1396,79.7917,51.5165],[12.1313,79.7917,9.3741],[12.1276,79.7891,0.0],[12.1292,79.7875,0.0],[12.1354,79.7875,10.0288],[12.1479,79.7833,0.0],[12.1641,79.7807,0.0],[12.1609,79.7755,0.0],[12.1771,79.7729,0.0],[12.1786,79.7714,0.0],[12.1755,79.7693,0.0],[12.1932,79.7662,32.1804],[12.1917,79.7646,28.9527],[12.1818,79.7641,2.6822],[12.1833,79.7625,1.0143],[12.1891,79.762,14.1587],[12.1859,79.7568,2.0364],[12.2021,79.7542,3.4688],[12.2036,79.7526,1.6032],[12.2005,79.7505,0.0],[12.2099,79.7495,0.0],[12.2063,79.7458,3.7132],[12.1854,79.7479,40.0669],[12.1818,79.7443,0.0],[12.2,79.7438,9.9432],[12.2042,79.7417,0.0],[12.2333,79.7417,2.9456],[12.2375,79.7396,0.0],[12.2542,79.7396,9.6697],[12.2557,79.7391,3.2256],[12.2547,79.7359,0.0],[12.262,79.7349,0.0],[12.2609,79.7318,0.0],[12.2786,79.7286,6.2137],[12.2776,79.7255,0.0],[12.2792,79.725,0.0],[12.2953,79.7224,5.9571],[12.2901,79.7172,1.7175],[12.3078,79.7141,7.9035],[12.3026,79.7068,2.6527],[12.3083,79.7063,0.5],[12.3099,79.7047,0.5],[12.3026,79.6984,0.0],[12.3203,79.6953,0.0],[12.3172,79.6901,0.0],[12.3229,79.6896,3.2683],[12.3245,79.688,3.5376],[12.3172,79.6797,2.58],[12.3229,79.6792,4.9599],[12.3245,79.6776,1.5395],[12.3172,79.6713,0.0],[12.325,79.6708,10.8139],[12.326599999999999,79.6693,9.6591],[12.3229,79.6667,21.5596],[12.3109,79.6661,4.8223],[12.3,79.6583,8.4917],[12.2813,79.6583,0.0],[12.2688,79.6625,0.0],[12.25,79.6604,0.0],[12.2484,79.6609,0.0],[12.2495,79.6641,0.0],[12.2318,79.6672,0.0],[12.2349,79.6724,0.0],[12.2276,79.6734,0.0],[12.2286,79.6766,38.7894],[12.2104,79.6771,48.2059],[12.2063,79.6792,6.8999],[12.1896,79.6792,65.1516],[12.188,79.6797,92.0771],[12.1891,79.6828,40.3939],[12.1818,79.6839,46.705],[12.187,79.6911,7.6526],[12.1797,79.6922,27.2901],[12.1807,79.6953,11.3461],[12.1646,79.6979,44.1524],[12.1521,79.7021,9.8358],[12.1458,79.7021,82.3016],[12.1417,79.7042,25.0431],[12.1125,79.7042,0.0],[12.1068,79.7016,0.0],[12.1083,79.7,0.0],[12.1245,79.6974,17.1949],[12.1214,79.6922,0.0],[12.1286,79.6911,9.9926],[12.1271,79.6896,5.6838],[12.1188,79.6896,0.0],[12.1172,79.688,0.0],[12.1333,79.6854,9.8976],[12.1349,79.6839,22.3152],[12.1318,79.6818,0.0],[12.1411,79.6807,33.6879],[12.1328,79.6734,1.8003],[12.1229,79.6729,0.0],[12.1172,79.6703,0.0],[12.1188,79.6687,0.0],[12.1266,79.6682,3.4147],[12.1182,79.6609,0.0],[12.1083,79.6604,0.0],[12.1042,79.6583,0.0],[12.0833,79.6583,0.0],[12.0792,79.6604,0.0],[12.0589,79.6599,0.0],[12.0604,79.6583,0.0],[12.0682,79.6578,0.0],[12.0646,79.6542,0.0],[12.0547,79.6547,0.0],[12.0557,79.6578,0.0],[12.0484,79.6589,15.1671],[12.0495,79.662,0.0],[12.0401,79.663,48.5455],[12.0458,79.6667,7.1481],[12.0557,79.6672,0.0],[12.0458,79.6708,0.4849],[12.0375,79.6708,31.9027],[12.0328,79.6672,117.349],[12.025,79.6667,218.8908],[12.0208,79.6687,276.6909],[12.0042,79.6687,504.6515],[12.0,79.6708,514.4172],[11.9922,79.6713,352.7489],[11.9938,79.6729,330.5396],[12.0042,79.6729,386.8454],[12.0109,79.6787,89.3109],[12.0229,79.6792,19.3345],[12.0266,79.6818,0.0],[12.025,79.6833,0.0],[12.0083,79.6833,32.7957],[11.9958,79.6875,0.0],[11.988,79.688,30.473],[11.9896,79.6896,36.9509],[12.014099999999999,79.6901,0.0],[12.0161,79.6932,0.0],[12.0083,79.6937,24.2129],[11.9984,79.6974,30.3048],[12.0104,79.6979,0.0],[12.0167,79.7021,1.5427],[12.0266,79.7026,0.0],[12.025,79.7042,0.0],[11.9854,79.7042,109.1411],[11.9729,79.7083,0.0],[11.9646,79.7083,0.0],[11.963,79.7068,0.0],[11.9708,79.7063,11.5449],[11.9724,79.7047,154.8244],[11.925,79.7042,443.7098],[11.9234,79.7026,438.0456],[11.9313,79.7021,419.0742],[11.9438,79.6979,389.9382],[11.9604,79.6979,228.6246],[11.9703,79.6943,229.057],[11.9625,79.6937,197.2805],[11.9583,79.6958,385.347],[11.9063,79.6958,469.7081],[11.9047,79.6964,544.1097],[11.9057,79.6995,716.5391],[11.9042,79.7,697.8928],[11.8964,79.6995,754.7687],[11.8917,79.6958,562.081],[11.8833,79.6958,541.9016],[11.8818,79.6964,641.395],[11.8828,79.6995,892.9157],[11.8771,79.7,929.7944],[11.8755,79.7016,731.7],[11.8854,79.7021,725.4379],[11.8917,79.7063,453.7253],[11.925,79.7063,321.0884],[11.9333,79.7104,262.6094],[11.9432,79.7109,207.8941],[11.9479,79.7146,239.366],[11.9578,79.7141,192.477],[11.9568,79.7109,16.9311],[11.9583,79.7104,0.0],[11.9771,79.7104,0.0],[11.9813,79.7125,16.8939],[11.9917,79.7125,3.1034],[11.9932,79.7141,50.8731],[11.9755,79.7172,178.2281],[11.9766,79.7203,206.5862],[11.975,79.7208,206.6864],[11.9563,79.7188,320.7459],[11.9521,79.7208,524.4034],[11.9458,79.7208,545.8276],[11.9443,79.7224,603.7594],[11.9474,79.7245,418.8732],[11.9458,79.725,403.2319],[11.9042,79.725,687.3411],[11.9,79.7271,514.8617],[11.8813,79.7271,447.2448],[11.8771,79.725,558.3206],[11.8339,79.7255,758.1946],[11.8396,79.7312,283.128],[11.8854,79.7312,149.1213],[11.8911,79.7359,0.0],[11.8896,79.7375,0.0],[11.8818,79.738,0.0],[11.8849,79.7412,31.9223],[11.8755,79.7422,93.5099],[11.8771,79.7438,0.0],[11.8979,79.7438,0.0],[11.9021,79.7458,49.0697],[11.9104,79.7458,38.8479],[11.925,79.7417,0.0],[11.9328,79.7422,0.0],[11.937,79.7474,0.0],[11.9313,79.7479,4.0815],[11.9297,79.7495,34.3996],[11.9391,79.7578,0.0],[11.9292,79.7583,28.7902],[11.925,79.7562,24.9871],[11.8938,79.7562,263.9539],[11.8839,79.7599,442.9062],[11.8875,79.7625,290.084],[11.9083,79.7625,109.9705],[11.9099,79.7641,21.3228],[11.9042,79.7646,53.8433],[11.9026,79.7662,78.2046],[11.9125,79.7667,0.0],[11.9167,79.7688,53.2113],[11.9396,79.7688,7.2571],[11.9432,79.7724,0.0],[11.9271,79.775,23.161],[11.9255,79.7755,10.6971],[11.9266,79.7786,0.0],[11.9104,79.7813,11.6605],[11.9063,79.7833,20.9436],[11.9,79.7833,38.0185],[11.8917,79.7792,212.0618],[11.8854,79.7792,255.0255],[11.8813,79.7813,224.5419],[11.8646,79.7813,280.4527],[11.8417,79.7875,0.0],[11.8333,79.7875,0.0],[11.8297,79.7849,0.0],[11.8313,79.7833,1.296],[11.837,79.7828,31.0982],[11.8339,79.7776,267.2173],[11.8432,79.7766,240.7614],[11.8417,79.775,296.8261],[11.8333,79.775,326.557],[11.8104,79.7813,46.412],[11.7813,79.7813,0.0],[11.7797,79.7828,0.0],[11.7849,79.787,0.0],[11.7646,79.7875,36.6357],[11.763,79.7891,12.5404],[11.7661,79.7911,0.0],[11.7568,79.7922,4.6305],[11.7583,79.7937,0.0],[11.7917,79.7937,0.0],[11.7958,79.7958,45.0782],[11.8188,79.7958,0.0],[11.8224,79.7995,0.0],[11.8146,79.8,163.6861],[11.813,79.8016,194.2117],[11.8375,79.8021,0.0],[11.8417,79.8042,0.0],[11.85,79.8042,0.0],[11.8557,79.8068,6.77],[11.8542,79.8083,11.8334],[11.8354,79.8083,62.6979],[11.8313,79.8104,61.0436],[11.8271,79.8104,78.3536],[11.8255,79.812,72.4661],[11.8375,79.8125,3.1695],[11.8391,79.8141,8.0153],[11.8313,79.8146,1.7171],[11.8188,79.8187,0.0],[11.8104,79.8187,0.0],[11.8063,79.8167,51.8606],[11.7854,79.8167,0.0],[11.7813,79.8146,0.0],[11.7708,79.8146,0.0],[11.7667,79.8125,126.2095],[11.7568,79.813,171.542],[11.7589,79.8161,78.5189],[11.7708,79.8167,0.0],[11.7771,79.8208,41.3581],[11.8104,79.8208,0.0],[11.8182,79.8266,158.1817],[11.8104,79.8271,234.2814],[11.8089,79.8287,152.3857],[11.8224,79.8297,0.0],[11.8208,79.8313,0.0],[11.8146,79.8313,39.9282],[11.7833,79.8396,146.9377],[11.775,79.8396,59.5294],[11.7708,79.8375,68.6183],[11.7479,79.8354,4.3727],[11.7422,79.8328,4.5132],[11.7437,79.8313,22.324],[11.7516,79.8307,4.1171],[11.75,79.8292,30.2633],[11.7063,79.8292,224.0],[11.7021,79.8313,241.6354],[11.6833,79.8313,21.812],[11.6792,79.8292,12.7887],[11.6604,79.8292,0.0],[11.6563,79.8313,0.0],[11.6354,79.8313,0.0],[11.6292,79.8271,4.2484],[11.6068,79.8266,1.5098],[11.6047,79.8234,0.0],[11.6104,79.8229,0.0],[11.612,79.8214,0.0],[11.6036,79.813,0.0],[11.6005,79.812,4.8407],[11.5911,79.8026,93.1485],[11.5792,79.8021,14.1142],[11.5755,79.7995,0.0],[11.5771,79.7979,0.0],[11.5849,79.7974,0.0],[11.5833,79.7958,0.0],[11.5521,79.7958,273.9925],[11.5505,79.7963,310.8304],[11.5516,79.7995,208.9031],[11.55,79.8,223.6538],[11.5313,79.7979,378.1632],[11.5167,79.8021,304.8369],[11.4839,79.8016,0.0],[11.4854,79.8,0.0],[11.4932,79.7995,0.0],[11.4901,79.7974,0.0],[11.4917,79.7958,0.0],[11.512,79.7953,52.2574],[11.5068,79.7901,0.0],[11.5161,79.7891,30.4489],[11.514099999999999,79.7859,3.821],[11.5021,79.7854,0.0],[11.5005,79.7839,0.0],[11.5083,79.7833,0.0],[11.5208,79.7792,40.7086],[11.5271,79.7792,111.4114],[11.5286,79.7786,128.1427],[11.5276,79.7755,52.2145],[11.5349,79.7745,65.547],[11.5313,79.7708,3.8961],[11.5208,79.7708,0.0],[11.5167,79.7688,0.0],[11.5104,79.7688,39.4237],[11.5063,79.7708,6.034],[11.4964,79.7703,10.1453],[11.5063,79.7667,6.0271],[11.5224,79.7641,1.0296],[11.5214,79.7609,0.0],[11.5229,79.7604,0.0],[11.5411,79.7599,0.0],[11.5271,79.7458,95.6102],[11.5188,79.7458,0.0],[11.5146,79.7479,0.0],[11.4729,79.7458,137.6822],[11.4688,79.7479,139.1515],[11.4396,79.7479,258.3242],[11.438,79.7495,157.462],[11.4604,79.75,70.7896],[11.4641,79.7536,0.0],[11.4458,79.7542,95.5762],[11.4359,79.7568,273.5228],[11.4391,79.7609,50.0306],[11.4375,79.7625,3.5178],[11.4313,79.7625,28.2042],[11.4271,79.7646,15.7623],[11.4104,79.7646,280.8794],[11.4089,79.7651,298.7941],[11.4099,79.7682,76.3153],[11.4083,79.7688,69.8972],[11.3917,79.7688,153.1183],[11.3792,79.7729,172.1225],[11.3714,79.7734,190.8193],[11.3724,79.7766,146.1457],[11.3708,79.7771,168.036],[11.3542,79.7771,98.2734],[11.3526,79.7776,98.4255],[11.3536,79.7807,41.0925],[11.3521,79.7813,13.128],[11.3458,79.7813,1.2442],[11.3401,79.7786,86.1979],[11.3339,79.7714,189.4763],[11.3417,79.7708,189.398],[11.3542,79.7667,429.7433],[11.375,79.7688,229.1757],[11.3875,79.7646,253.9342],[11.3938,79.7646,243.9159],[11.3953,79.763,335.2717],[11.3708,79.7604,395.3245],[11.3479,79.7667,426.7585],[11.3292,79.7646,544.3388],[11.325,79.7667,577.613],[11.3172,79.7672,573.8951],[11.3182,79.7703,531.1508],[11.3167,79.7708,518.6866],[11.2771,79.7708,396.5094],[11.2755,79.7714,388.2885],[11.2766,79.7745,218.5225],[11.275,79.775,236.8673],[11.2583,79.775,323.9037],[11.2542,79.7771,279.233],[11.225,79.7771,197.6534],[11.2208,79.7792,118.5379],[11.2021,79.7792,11.1887],[11.1979,79.7771,16.2146],[11.1859,79.7766,9.8199],[11.1818,79.7714,2.5672],[11.1911,79.7703,17.1768],[11.1859,79.7651,0.0],[11.1938,79.7646,5.2772],[11.1979,79.7625,0.0],[11.2375,79.7625,17.5208],[11.2521,79.7583,0.0],[11.2813,79.7583,14.7849],[11.2854,79.7562,0.0],[11.2896,79.7562,4.2589],[11.2911,79.7547,0.0],[11.287,79.7505,0.0],[11.275,79.75,0.0],[11.2714,79.7474,69.1385],[11.2807,79.7443,124.7241],[11.2688,79.7438,210.1211],[11.2672,79.7422,282.3014],[11.2766,79.7412,186.4143],[11.2734,79.7391,296.8341],[11.275,79.7375,347.9798],[11.2917,79.7354,231.2317],[11.3016,79.7318,304.6773],[11.2979,79.7292,434.7671],[11.2792,79.7312,495.5338],[11.275,79.7292,604.4005],[11.2667,79.7292,491.4357],[11.2651,79.7307,598.7719],[11.2703,79.737,425.219],[11.263,79.738,413.1883],[11.264099999999999,79.7412,393.3616],[11.2625,79.7417,418.048],[11.2562,79.7417,510.9084],[11.2521,79.7438,431.6291],[11.2333,79.7438,521.2031],[11.2292,79.7417,398.1308],[11.2229,79.7417,346.7904],[11.2083,79.7458,501.8937],[11.1917,79.7458,289.1633],[11.1875,79.7479,136.4526],[11.1651,79.7453,0.0],[11.1724,79.7422,11.1977],[11.1688,79.7396,10.1567],[11.1568,79.7391,0.0],[11.1661,79.7359,0.0],[11.1526,79.7349,0.0],[11.1542,79.7333,0.0],[11.1703,79.7307,12.5994],[11.1672,79.7266,2.8827],[11.1688,79.725,0.0],[11.2083,79.725,2.2564],[11.2099,79.7245,2.1676],[11.2089,79.7214,0.0],[11.2167,79.7208,0.0],[11.2208,79.7188,0.0],[11.2375,79.7188,37.7241],[11.2604,79.7125,198.8523],[11.2786,79.712,218.3035],[11.2771,79.7104,319.1929],[11.2667,79.7104,376.7911],[11.2625,79.7083,595.744],[11.2562,79.7083,667.3519],[11.2521,79.7104,546.1177],[11.2146,79.7125,452.1865],[11.2,79.7167,117.16],[11.1672,79.7161,0.0],[11.1688,79.7146,8.972],[11.1766,79.7141,12.2402],[11.1755,79.7109,0.0],[11.1828,79.7099,9.9868],[11.1818,79.7068,0.0],[11.1896,79.7063,11.3714],[11.2021,79.7021,9.9839],[11.2188,79.7021,35.9246],[11.2229,79.7,0.0],[11.3104,79.7,0.0],[11.3146,79.6979,0.0],[11.3224,79.6974,0.0],[11.3193,79.6943,0.0],[11.3271,79.6937,17.7373],[11.3286,79.6922,57.4705],[11.3208,79.6854,565.6017],[11.3021,79.6854,551.8517],[11.2979,79.6875,435.3004],[11.2896,79.6875,498.0658],[11.2854,79.6854,487.7162],[11.2771,79.6854,453.2122],[11.2729,79.6875,519.5151],[11.2542,79.6875,456.6918],[11.25,79.6854,311.5484],[11.2438,79.6854,209.0168],[11.2396,79.6875,251.8864],[11.2313,79.6875,97.1403],[11.2276,79.6839,0.0],[11.2438,79.6813,44.4324],[11.2479,79.6792,8.7563],[11.2646,79.6792,98.0627],[11.2661,79.6776,29.3387],[11.263,79.6734,0.0],[11.2729,79.6708,0.0],[11.3125,79.6687,15.9692],[11.3141,79.6672,35.5852],[11.3083,79.6646,144.0554],[11.3021,79.6646,49.0042],[11.2979,79.6667,11.8195],[11.2896,79.6667,0.0],[11.288,79.6651,0.0],[11.2958,79.6646,0.0],[11.3083,79.6604,0.0],[11.3146,79.6604,0.0],[11.3271,79.6563,51.3082],[11.3333,79.6563,76.9109],[11.3349,79.6557,32.4945],[11.3339,79.6526,7.9588],[11.3354,79.6521,7.9588],[11.3396,79.6521,32.5965],[11.3438,79.65,15.7132],[11.3521,79.65,10.4106],[11.3583,79.6542,96.2347],[11.4,79.6542,0.0],[11.4016,79.6526,0.0],[11.3984,79.6484,0.0],[11.4083,79.6458,0.0],[11.425,79.6458,0.0],[11.4292,79.6438,0.0],[11.4667,79.6417,30.6831],[11.4682,79.6412,16.5526],[11.4672,79.638,0.0],[11.4688,79.6375,0.0],[11.4854,79.6375,0.0],[11.4896,79.6354,0.0],[11.5188,79.6354,0.0],[11.5313,79.6312,0.0],[11.5495,79.6307,0.0],[11.5479,79.6292,0.0],[11.538,79.6286,0.0],[11.525,79.6188,0.0],[11.5063,79.6188,0.0],[11.5021,79.6208,0.0],[11.4958,79.6208,0.0],[11.4917,79.6188,0.0],[11.4729,79.6188,0.0],[11.4583,79.6229,28.7201],[11.4521,79.6229,0.0],[11.4505,79.6214,0.0],[11.4563,79.6208,0.0],[11.4578,79.6193,0.0],[11.4521,79.6146,0.0],[11.4437,79.6146,0.0],[11.4396,79.6167,0.0],[11.4104,79.6167,47.2023],[11.4042,79.6125,154.378],[11.3958,79.6125,289.8591],[11.3943,79.6141,276.8068],[11.4016,79.6224,10.5592],[11.3854,79.625,1.5216],[11.3729,79.6292,8.1964],[11.3542,79.6292,0.0],[11.35,79.6271,47.6607],[11.3292,79.6271,209.0538],[11.3276,79.6255,338.2207],[11.3687,79.625,19.1623],[11.3703,79.6245,32.3265],[11.3693,79.6214,123.0152],[11.3766,79.6203,94.0969],[11.375,79.6188,126.2177],[11.3583,79.6208,246.556],[11.3542,79.6229,265.5806],[11.3354,79.6208,572.9633],[11.3229,79.625,411.2124],[11.3167,79.625,468.7585],[11.2938,79.6312,92.2486],[11.2875,79.6312,45.8952],[11.2833,79.6292,45.0036],[11.2396,79.6292,16.8812],[11.2354,79.6312,0.0],[11.1958,79.6312,106.5307],[11.1917,79.6333,67.5902],[11.1839,79.6328,11.4549],[11.1854,79.6312,17.0369],[11.1911,79.6307,69.5571],[11.1896,79.6292,39.9616],[11.1688,79.6292,0.0],[11.1646,79.6271,0.0],[11.1542,79.6271,1.2205],[11.15,79.625,0.0],[11.1292,79.625,5.3568],[11.125,79.6229,58.7911],[11.1188,79.6229,72.7654],[11.1172,79.6234,95.9062],[11.1182,79.6266,7.0969],[11.1167,79.6271,0.0],[11.0984,79.6276,55.6551],[11.1057,79.6359,10.2493],[11.1042,79.6375,34.573],[11.0958,79.6375,47.7478],[11.0917,79.6354,63.4511],[11.0729,79.6354,285.4344],[11.0714,79.6359,283.104],[11.0724,79.6391,162.8602],[11.0625,79.6417,175.6934],[11.0333,79.6417,184.8576],[11.0292,79.6438,54.9889],[11.0229,79.6438,19.6449],[11.0172,79.638,22.9381],[11.0271,79.6354,132.4424],[11.0563,79.6354,295.398],[11.0578,79.6339,332.6723],[11.0458,79.6333,239.075],[11.0396,79.6292,464.2543],[11.0208,79.6292,556.9476],[11.0193,79.6297,517.1677],[11.0203,79.6328,299.5627],[11.0188,79.6333,318.0313],[10.9813,79.6354,103.3097],[10.9797,79.6359,97.219],[10.9807,79.6391,34.2253],[10.9708,79.6396,0.0],[10.9667,79.6375,0.0],[10.9583,79.6375,0.0],[10.9542,79.6354,0.0],[10.9438,79.6354,0.0],[10.9422,79.6339,0.0],[10.95,79.6333,0.0],[10.9542,79.6312,37.5081],[10.9729,79.6312,210.9255],[10.9771,79.6333,106.5805],[10.9833,79.6333,122.1003],[10.9875,79.6312,172.3106],[11.0042,79.6312,281.1761],[11.0057,79.6297,305.599],[11.0021,79.6271,477.239],[10.9938,79.6271,490.5587],[10.9896,79.625,645.7349],[10.9813,79.625,623.6978],[10.9771,79.6271,446.2742],[10.9375,79.6271,67.5886],[10.9333,79.6292,0.0],[10.925,79.6292,0.0],[10.9188,79.625,0.2756],[10.9089,79.6245,0.0],[10.9026,79.6182,0.5622],[10.9125,79.6146,10.7913],[10.9292,79.6146,42.2828],[10.9307,79.6141,73.4572],[10.9297,79.6109,207.7992],[10.9578,79.6057,143.1586],[10.9563,79.6042,280.6686],[10.9479,79.6042,334.8727],[10.9354,79.6083,275.4305],[10.9188,79.6083,247.934],[10.9146,79.6104,183.7347],[10.9083,79.6104,248.0783],[10.9068,79.6109,281.9244],[10.9078,79.6141,36.3073],[10.9063,79.6146,4.7603],[10.8875,79.6146,0.0],[10.8833,79.6125,6.7702],[10.8729,79.6125,0.0],[10.8667,79.6083,73.7957],[10.8458,79.6083,0.6106],[10.8417,79.6062,30.4256],[10.8333,79.6062,0.0],[10.8255,79.5984,0.0],[10.8417,79.5958,3.5686],[10.8542,79.5917,0.0],[10.8604,79.5917,4.5571],[10.8729,79.5875,0.0],[10.9021,79.5875,0.3191],[10.9146,79.5833,0.0],[10.9438,79.5833,0.0],[10.9479,79.5813,0.0],[10.975,79.5813,1.3791],[10.9792,79.5792,0.0],[11.0083,79.5792,11.7633],[11.0125,79.5771,0.0],[11.0396,79.5771,55.1826],[11.0411,79.5766,41.216],[11.0401,79.5734,0.0],[11.0417,79.5729,0.0],[11.0792,79.5708,0.0],[11.0833,79.5687,0.0],[11.1125,79.5687,6.2642],[11.1141,79.5682,20.253],[11.113,79.5651,0.0],[11.1146,79.5646,0.0],[11.1542,79.5646,4.8396],[11.1583,79.5625,0.0],[11.1854,79.5625,0.0],[11.187,79.562,0.0],[11.1859,79.5589,0.0],[11.1938,79.5583,0.0],[11.1979,79.5563,0.0],[11.2375,79.5563,0.0],[11.2417,79.5542,0.0],[11.2583,79.5542,0.0],[11.2682,79.5505,0.0],[11.2458,79.55,0.0],[11.2417,79.5479,0.0],[11.2229,79.5479,9.6145],[11.2188,79.55,0.0],[11.1984,79.5495,0.0],[11.2,79.5479,99.894],[11.2167,79.5479,31.389],[11.2292,79.5437,151.3545],[11.237,79.5432,69.981],[11.2339,79.538,164.7646],[11.2396,79.5375,112.6658],[11.2411,79.5359,120.8833],[11.2333,79.5354,264.1682],[11.2292,79.5375,229.0235],[11.2214,79.538,327.343],[11.2224,79.5411,308.4765],[11.2208,79.5417,322.3161],[11.2042,79.5417,586.1702],[11.2026,79.5422,540.0696],[11.2036,79.5453,239.3097],[11.1875,79.5479,108.8072],[11.1833,79.55,0.0],[11.1333,79.55,0.0],[11.1292,79.5521,0.0],[11.1,79.5521,0.0],[11.0958,79.5542,0.0],[11.0896,79.5542,0.0],[11.088,79.5526,0.0],[11.0953,79.5516,5.67],[11.0943,79.5484,187.1384],[11.1021,79.5479,146.0662],[11.1036,79.5463,174.4864],[11.0813,79.5437,528.5053],[11.0797,79.5443,585.2506],[11.0807,79.5474,368.9983],[11.0792,79.5479,368.9983],[11.0609,79.5484,305.4897],[11.0641,79.5537,21.3528],[11.0547,79.5547,13.2942],[11.0578,79.5568,0.0],[11.0563,79.5583,0.0],[11.05,79.5583,0.0],[11.0458,79.5604,0.0],[11.0271,79.5583,0.0],[11.0229,79.5604,6.7142],[11.0146,79.5604,4.7383],[11.0109,79.5568,22.8974],[11.0292,79.5563,11.763],[11.0307,79.5547,69.3845],[11.0271,79.5521,273.6278],[11.0208,79.5521,291.1181],[11.0167,79.5542,238.3598],[10.9875,79.5542,40.1897],[10.9833,79.5563,2.8854],[10.9771,79.5563,0.0],[10.9703,79.5505,0.0],[10.9568,79.5495,0.0],[10.9583,79.5479,0.0],[10.9661,79.5474,0.0],[10.9651,79.5443,1.0193],[10.9708,79.5437,0.0],[10.9724,79.5422,0.0],[10.9625,79.5417,0.0],[10.9583,79.5396,0.0],[10.9396,79.5396,32.0664],[10.9354,79.5417,12.0239],[10.9193,79.5443,44.4323],[10.9203,79.5474,17.9823],[10.9188,79.5479,39.6248],[10.9005,79.5484,314.9752],[10.9021,79.55,252.3172],[10.9104,79.55,134.2539],[10.9146,79.5521,57.3259],[10.925,79.5521,0.0],[10.9266,79.5537,0.0],[10.8958,79.5542,164.5893],[10.8833,79.5583,14.8026],[10.875,79.5583,15.6337],[10.8688,79.5542,180.5559],[10.85,79.5542,282.8337],[10.8375,79.5583,46.765],[10.8063,79.5583,4.2799],[10.8021,79.5563,47.3909],[10.7604,79.5563,278.1672],[10.7563,79.5583,144.5439],[10.7271,79.5583,35.682],[10.7255,79.5568,51.1767],[10.7417,79.5542,117.1065],[10.7542,79.55,221.8485],[10.7604,79.55,236.2608],[10.762,79.5484,288.3928],[10.7563,79.5458,536.1184],[10.7375,79.5458,419.6049],[10.7276,79.5495,295.9317],[10.7396,79.55,223.5325],[10.7411,79.5516,172.8898],[10.7104,79.5521,323.8156],[10.7063,79.5542,239.7763],[10.6896,79.5563,45.4772],[10.6854,79.5542,71.033],[10.675,79.5542,17.8119],[10.6734,79.5526,22.0183],[10.6813,79.5521,52.2339],[10.6854,79.55,104.6189],[10.7125,79.55,172.2608],[10.7167,79.5479,227.5543],[10.7229,79.5479,249.8636],[10.7245,79.5463,270.3703],[10.7208,79.5437,447.388],[10.6792,79.5437,302.7457],[10.675,79.5458,401.5961],[10.6563,79.5458,69.2363],[10.6526,79.5422,29.9512],[10.6599,79.5411,29.3236],[10.6568,79.537,10.6971],[10.6583,79.5354,11.6656],[10.6646,79.5354,17.0644],[10.6688,79.5333,13.58],[10.7083,79.5333,12.251],[10.7208,79.5292,1.8075],[10.7286,79.5286,2.0223],[10.7276,79.5255,0.7174],[10.7292,79.525,2.2953],[10.7458,79.525,7.8507],[10.7474,79.5245,6.0948],[10.7464,79.5214,71.5712],[10.7536,79.5203,92.705],[10.75,79.5167,218.6678],[10.7313,79.5167,363.9919],[10.7,79.525,20.6394],[10.6797,79.5245,5.6356],[10.6813,79.5229,2.7056],[10.687,79.5224,10.4457],[10.6859,79.5193,0.0],[10.6953,79.5182,61.8523],[10.6943,79.5151,0.0],[10.7042,79.5125,10.1122],[10.7104,79.5125,26.2299],[10.7146,79.5104,0.0],[10.7313,79.5104,0.0],[10.7354,79.5083,0.0],[10.7521,79.5083,20.5656],[10.7563,79.5062,0.0],[10.7833,79.5062,0.0],[10.7875,79.5042,0.0],[10.8063,79.5062,1.6643],[10.8104,79.5042,13.2498],[10.8182,79.5036,2.4985],[10.8172,79.5005,0.0],[10.8271,79.4979,0.0],[10.8458,79.5,3.7786],[10.85,79.4979,0.0],[10.8583,79.4979,0.0],[10.8625,79.5,8.094],[10.8688,79.5,14.4433],[10.8729,79.4979,0.0],[10.8896,79.4979,0.0],[10.8911,79.4974,0.0],[10.8901,79.4943,0.0],[10.9078,79.4912,71.5544],[10.9047,79.4859,179.6072],[10.9208,79.4833,204.7306],[10.9224,79.4818,250.2211],[10.9125,79.4812,333.751],[10.9083,79.4833,273.3708],[10.8917,79.4833,382.2669],[10.8792,79.4875,296.4492],[10.85,79.4875,89.985],[10.8375,79.4917,5.5845],[10.8276,79.4912,0.0],[10.837,79.488,0.0],[10.8234,79.487,0.0],[10.825,79.4854,0.0],[10.8417,79.4854,0.0],[10.8458,79.4833,0.0],[10.8521,79.4833,0.0],[10.875,79.4771,0.0],[10.9021,79.4771,17.9308],[10.9036,79.4755,2.1241],[10.9005,79.4714,0.0],[10.9021,79.4708,0.0],[10.9292,79.4708,0.0],[10.9333,79.4688,0.0],[10.9417,79.4688,0.0],[10.9458,79.4708,0.0],[10.9667,79.4729,3.8974],[10.9792,79.4688,0.0],[10.987,79.4682,0.0],[10.9854,79.4667,0.0],[10.975,79.4667,0.0],[10.9708,79.4646,0.0],[10.9625,79.4646,0.0],[10.9583,79.4625,48.9819],[10.9479,79.4625,2.0099],[10.9443,79.4599,0.0],[10.9458,79.4583,0.0],[10.9521,79.4583,3.5562],[10.9646,79.4542,0.0],[10.9708,79.4542,0.0],[10.9724,79.4537,0.0],[10.9714,79.4505,0.0],[10.9786,79.4495,0.0],[10.975,79.4458,0.0],[10.9526,79.4453,2.9359],[10.9542,79.4437,0.0],[10.9688,79.4417,29.9305],[10.9703,79.4401,27.4701],[10.9443,79.437,78.1172],[10.9458,79.4354,144.4642],[10.9625,79.4354,127.6651],[10.9641,79.4339,123.4712],[10.9208,79.4333,38.654],[10.9167,79.4354,1.1128],[10.9104,79.4354,1.088],[10.9089,79.4339,4.5259],[10.9146,79.4333,5.7336],[10.9161,79.4318,53.2624],[10.9063,79.4313,17.7483],[10.8984,79.4266,0.0],[10.9,79.425,0.0],[10.9078,79.4245,47.0953],[10.9068,79.4213,4.4646],[10.9167,79.4187,0.0],[10.9349,79.4182,0.0],[10.9297,79.4109,106.0605],[10.9391,79.4099,71.9086],[10.9359,79.4047,149.1088],[10.9417,79.4042,146.3462],[10.9432,79.4026,200.8071],[10.9229,79.4021,416.6314],[10.913,79.4047,301.8601],[10.9203,79.413,14.7132],[10.9188,79.4146,4.9611],[10.8964,79.412,17.2508],[10.8943,79.4089,97.2772],[10.9,79.4083,88.7868],[10.9016,79.4068,99.6508],[10.8901,79.4057,113.3052],[10.8917,79.4042,141.1081],[10.8974,79.4036,193.547],[10.8958,79.4021,212.0327],[10.8776,79.4047,167.5488],[10.8786,79.4078,269.401],[10.8771,79.4083,254.8006],[10.8604,79.4083,286.1525],[10.8563,79.4104,242.097],[10.8484,79.4099,92.0285],[10.8422,79.4036,0.0],[10.8521,79.4,0.0],[10.8599,79.3995,19.0647],[10.8568,79.3943,0.0],[10.875,79.3938,5.9475],[10.8766,79.3932,4.0958],[10.8755,79.3901,0.0],[10.8938,79.3854,0.0],[10.9,79.3854,0.0],[10.9125,79.3812,0.0],[10.9432,79.3807,0.0],[10.9422,79.3776,0.0],[10.9479,79.3771,0.0],[10.9495,79.3755,0.0],[10.9417,79.375,7.4304],[10.9375,79.3771,0.0],[10.9292,79.3771,0.7799],[10.9245,79.3734,29.1321],[10.9146,79.3729,3.5791],[10.9109,79.3703,6.2408],[10.9125,79.3688,3.1699],[10.9167,79.3688,12.6122],[10.9292,79.3646,78.221],[10.9354,79.3646,71.6083],[10.937,79.363,107.0006],[10.925,79.3625,190.7527],[10.9208,79.3604,122.2369],[10.9042,79.3625,359.7971],[10.9026,79.3609,337.5918],[10.9083,79.3604,255.3106],[10.9099,79.3588,161.4212],[10.9021,79.3583,171.3992],[10.8875,79.3625,418.4517],[10.8604,79.3625,359.1706],[10.8589,79.363,321.646],[10.8599,79.3662,200.7406],[10.8521,79.3667,71.4238],[10.8443,79.362,45.4501],[10.8401,79.3568,0.0],[10.8578,79.3536,4.2623],[10.8547,79.3484,0.0],[10.8641,79.3474,7.2963],[10.8589,79.3401,4.2024],[10.8646,79.3396,3.0554],[10.8661,79.338,4.483],[10.8563,79.3375,4.6893],[10.8547,79.3359,0.0],[10.8703,79.3328,8.2985],[10.8693,79.3297,6.9511],[10.8708,79.3292,4.557],[10.8771,79.3292,11.3202],[10.8896,79.325,0.0],[10.8974,79.3245,5.2161],[10.8964,79.3214,0.0],[10.8979,79.3208,0.0],[10.9125,79.3208,5.4163],[10.9167,79.3187,0.0],[10.9245,79.3182,42.0083],[10.9234,79.3151,0.0],[10.9333,79.3125,0.0],[10.95,79.3125,6.326],[10.9542,79.3104,0.0],[10.9729,79.3104,0.0],[10.9771,79.3125,22.8466],[11.0063,79.3125,0.0],[11.0161,79.3099,23.0564],[11.0109,79.3026,0.0],[11.0188,79.3021,0.0],[11.0203,79.3005,1.7785],[10.9875,79.3021,0.0],[10.9859,79.3005,8.1093],[10.9938,79.3,17.7507],[10.9953,79.2984,10.2772],[10.9833,79.2979,1.9845],[10.9818,79.2963,0.0],[10.9896,79.2958,1.7684],[11.0078,79.2911,11.1248],[11.0047,79.2859,0.0],[11.0224,79.2828,4.3082],[11.0214,79.2797,0.0],[11.0307,79.2786,7.0439],[11.0276,79.2755,1.7256],[11.037,79.2745,5.3588],[11.0354,79.2729,2.0153],[11.0234,79.2724,0.0],[11.0328,79.2693,17.1245],[11.0292,79.2667,4.7173],[11.0188,79.2667,0.0],[11.0172,79.2651,0.0],[11.025,79.2646,0.0],[11.0458,79.2583,6.2128],[11.0625,79.2583,3.1553],[11.0938,79.25,0.0],[11.1,79.25,7.2748],[11.1016,79.2495,6.1491],[11.1005,79.2464,4.8128],[11.1161,79.2432,18.1999],[11.113,79.238,3.9697],[11.1307,79.2349,7.3985],[11.1292,79.2333,7.1783],[11.1172,79.2328,0.0],[11.1188,79.2312,1.5274],[11.1354,79.2292,4.9685],[11.1422,79.2349,1.6731],[11.1521,79.2354,2.9492],[11.1703,79.2307,6.8895],[11.1693,79.2276,6.7592],[11.1786,79.2266,10.3573],[11.1771,79.225,7.0941],[11.1667,79.225,0.639],[11.1651,79.2234,0.8736],[11.1724,79.2224,2.0818],[11.1714,79.2193,1.2784],[11.1792,79.2188,6.5363],[11.1807,79.2172,4.7408],[11.1547,79.2141,7.2107],[11.1526,79.2109,9.3146],[11.1583,79.2104,8.3047],[11.1599,79.2089,8.1597],[11.1484,79.2078,6.7293],[11.1557,79.2047,9.3955],[11.1464,79.1953,4.3482],[11.1563,79.1917,3.3006],[11.1641,79.1911,6.61],[11.163,79.188,6.0693],[11.1646,79.1875,5.88],[11.1807,79.187,4.8456],[11.1776,79.1818,7.1602],[11.187,79.1807,6.3473],[11.1854,79.1792,4.6187],[11.1734,79.1787,3.0171],[11.163,79.1672,0.0],[11.1807,79.1641,2.2338],[11.1776,79.1589,1.6847],[11.1833,79.1583,1.8875],[11.1849,79.1568,2.3511],[11.1734,79.1557,0.5442],[11.175,79.1542,0.7784],[11.1807,79.1536,1.1938],[11.1755,79.1464,0.8759],[11.1828,79.1453,0.9279],[11.1818,79.1422,1.074],[11.1911,79.1412,0.9197],[11.188,79.1359,0.0],[11.1938,79.1354,1.0361],[11.1953,79.1339,1.1077],[11.1786,79.1172,0.5361],[11.1667,79.1167,0.0],[11.1651,79.1151,0.0],[11.2063,79.1146,0.6374],[11.2078,79.113,0.7343],[11.2047,79.1088,0.0],[11.2146,79.1062,0.0],[11.2224,79.1068,0.0],[11.2208,79.1083,0.0],[11.2151,79.1088,0.0],[11.2167,79.1104,0.0],[11.2333,79.1104,0.7601],[11.2375,79.1083,1.1519],[11.2542,79.1083,0.7014],[11.2583,79.1062,0.0],[11.2771,79.1083,0.6367],[11.2813,79.1062,0.0],[11.2979,79.1062,0.0],[11.3042,79.1104,0.8602],[11.3354,79.1104,-0.2233],[11.3396,79.1125,0.4576],[11.3583,79.1104,-0.1567],[11.3625,79.1125,1.1389],[11.3687,79.1125,1.1818],[11.3813,79.1083,1.0381],[11.4104,79.1083,0.0],[11.4146,79.1104,3.8549],[11.4229,79.1104,0.0],[11.4271,79.1125,2.8302],[11.4375,79.1125,0.0],[11.4417,79.1146,0.0],[11.45,79.1146,0.0],[11.4542,79.1167,0.0],[11.4625,79.1167,0.0],[11.4667,79.1188,0.0],[11.4771,79.1188,0.0],[11.4813,79.1208,0.0],[11.4896,79.1208,0.0],[11.4938,79.1229,0.0],[11.5021,79.1229,0.0],[11.5083,79.1271,15.6887],[11.5188,79.1271,0.0],[11.5229,79.1292,15.5772],[11.5313,79.1292,0.0],[11.5354,79.1312,15.1106],[11.5458,79.1312,0.0],[11.5505,79.1349,20.7128],[11.5604,79.1354,0.0],[11.5667,79.1396,24.2771],[11.5896,79.1417,0.0],[11.5932,79.1443,0.0],[11.5917,79.1458,3.0996],[11.575,79.1458,8.1015],[11.5651,79.1484,0.0],[11.5661,79.1516,0.0],[11.5589,79.1526,2.2039],[11.5599,79.1557,0.0],[11.5526,79.1568,1.1578],[11.5583,79.1625,0.0],[11.575,79.1625,0.0],[11.576599999999999,79.162,0.0],[11.5755,79.1589,0.0],[11.5771,79.1583,1.7609],[11.5938,79.1583,0.6042],[11.6063,79.1542,0.0],[11.625,79.1563,0.0],[11.6292,79.1542,0.0],[11.6354,79.1542,0.0],[11.6417,79.1583,19.6771],[11.6516,79.1589,3.6952],[11.6443,79.162,79.1461],[11.65,79.1667,50.9331],[11.662,79.1672,0.0],[11.6641,79.1703,0.0],[11.6563,79.1708,23.4636],[11.6547,79.1724,65.15],[11.6604,79.175,31.2143],[11.6687,79.175,0.0],[11.6703,79.1766,0.0],[11.663,79.1776,21.8707],[11.6641,79.1807,22.7803],[11.6563,79.1813,22.3996],[11.6464,79.1849,0.0],[11.6563,79.1854,5.5362],[11.6604,79.1833,0.0],[11.6667,79.1833,0.0],[11.6682,79.1849,0.0],[11.6625,79.1854,0.0],[11.6609,79.187,2.8256],[11.6708,79.1875,0.0],[11.6724,79.1891,0.0],[11.6651,79.1901,34.7577],[11.6661,79.1932,58.1122],[11.6646,79.1937,58.1122],[11.6484,79.1964,262.084],[11.6516,79.2016,300.0098],[11.6359,79.2047,434.2474],[11.6375,79.2063,425.9409],[11.6474,79.2068,369.203],[11.6516,79.212,87.1838],[11.6443,79.213,152.1572],[11.6453,79.2161,161.883],[11.6354,79.2188,213.581],[11.5979,79.2208,280.1464],[11.5938,79.2188,469.8359],[11.5854,79.2188,511.7752],[11.5839,79.2193,498.9299],[11.5849,79.2224,322.0754],[11.5833,79.2229,364.938],[11.5688,79.2229,432.1919],[11.5646,79.225,415.029],[11.5568,79.2255,427.4677],[11.5583,79.2271,465.1031],[11.5771,79.225,292.2427],[11.5813,79.2271,213.9831],[11.6,79.2271,97.3746],[11.6016,79.2266,107.7704],[11.6005,79.2234,163.5815],[11.6021,79.2229,173.6271],[11.6292,79.2229,86.799],[11.6333,79.2208,220.1168],[11.6516,79.2214,0.0],[11.65,79.2229,0.0],[11.6375,79.225,0.0],[11.625,79.2292,56.9086],[11.6172,79.2297,121.0994],[11.6188,79.2312,193.2221],[11.6292,79.2312,47.5334],[11.6339,79.2349,0.0],[11.6438,79.2354,0.0],[11.6453,79.237,0.0],[11.5839,79.2505,249.1902],[11.588,79.2557,55.5286],[11.6141,79.2589,0.0],[11.6125,79.2604,0.0],[11.5958,79.2604,0.0],[11.5833,79.2646,0.0],[11.5562,79.2646,78.2655],[11.5547,79.2662,6.0133],[11.5667,79.2667,0.0],[11.5682,79.2682,0.0],[11.5297,79.2734,0.0],[11.5333,79.2771,14.5316],[11.5557,79.2776,0.0],[11.5542,79.2792,17.1933],[11.5484,79.2797,26.4637],[11.5495,79.2828,37.7594],[11.5438,79.2833,51.938],[11.5422,79.2849,40.9384],[11.5458,79.2875,30.0242],[11.5542,79.2875,0.0],[11.5557,79.2891,0.0],[11.5484,79.2901,21.0875],[11.5495,79.2932,0.0],[11.5422,79.2943,5.1857],[11.5453,79.2995,0.0],[11.5276,79.3026,9.4608],[11.5307,79.3078,0.0],[11.5146,79.3104,66.3835],[11.5104,79.3125,125.6813],[11.4943,79.313,245.4659],[11.4958,79.3146,223.5581],[11.5057,79.3151,154.2678],[11.5078,79.3182,26.3247],[11.5021,79.3187,75.5774],[11.5005,79.3203,24.8663],[11.5042,79.3229,0.0],[11.5125,79.3229,0.0],[11.514099999999999,79.3245,0.0],[11.4854,79.325,0.0],[11.4646,79.3313,0.0],[11.4568,79.3318,0.0],[11.4583,79.3333,38.7339],[11.4688,79.3333,0.0],[11.4729,79.3354,0.0],[11.4813,79.3354,0.0],[11.4854,79.3375,0.0],[11.4958,79.3375,0.0],[11.5026,79.3432,0.0],[11.5125,79.3438,0.0],[11.5167,79.3458,0.0],[11.5271,79.3458,0.0],[11.5333,79.35,0.0],[11.5396,79.35,0.0],[11.5438,79.3479,0.0],[11.575,79.3479,0.0],[11.5792,79.35,0.0],[11.5854,79.35,0.0],[11.5896,79.3479,0.0],[11.5958,79.3479,0.0],[11.6,79.35,0.0],[11.6104,79.35,0.0],[11.6146,79.3521,0.0],[11.6438,79.3521,0.0],[11.6479,79.35,0.0],[11.6875,79.35,0.0],[11.7,79.3458,0.0],[11.7396,79.3458,0.0],[11.7437,79.3438,0.0],[11.7708,79.3438,0.0],[11.7833,79.3396,0.0],[11.8,79.3396,0.0],[11.8016,79.338,0.0],[11.7896,79.3375,0.0],[11.7854,79.3354,0.0],[11.7771,79.3354,0.0],[11.7729,79.3333,0.0],[11.7646,79.3333,0.0],[11.7604,79.3354,0.0],[11.7458,79.3354,0.0],[11.7443,79.3359,0.0],[11.7453,79.3391,0.0],[11.7437,79.3396,0.0],[11.7229,79.3375,0.0],[11.7188,79.3354,0.0],[11.7,79.3354,0.0],[11.6984,79.3359,0.0],[11.6995,79.3391,0.0],[11.6979,79.3396,0.0],[11.6792,79.3396,0.0],[11.6714,79.3318,0.0],[11.6792,79.3313,0.0],[11.6833,79.3333,0.0],[11.6917,79.3333,0.0],[11.701599999999999,79.3307,0.0],[11.7005,79.3276,0.0],[11.7021,79.3271,0.0],[11.7208,79.3292,0.0],[11.7391,79.3245,0.0],[11.7359,79.3193,36.1224],[11.7453,79.3182,28.7093],[11.7401,79.313,107.0316],[11.7479,79.3125,71.1432],[11.7521,79.3104,77.0426],[11.7682,79.3099,27.1709],[11.7667,79.3083,33.6128],[11.7583,79.3083,72.9513],[11.7542,79.3063,119.7852],[11.7437,79.3063,246.2206],[11.7422,79.3047,309.6943],[11.7599,79.3016,128.3719],[11.7589,79.2984,132.2541],[11.7604,79.2979,122.6909],[11.7771,79.2979,80.2696],[11.7813,79.2958,81.4833],[11.7854,79.2958,53.8184],[11.787,79.2953,47.559],[11.7859,79.2922,74.8665],[11.7875,79.2917,88.6947],[11.8057,79.2911,13.5601],[11.8042,79.2896,24.0754],[11.7922,79.2891,72.4788],[11.788,79.2849,106.4379],[11.7979,79.2813,98.9912],[11.8078,79.2818,28.1212],[11.8146,79.2875,7.4352],[11.837,79.288,0.8618],[11.8354,79.2896,0.3765],[11.8276,79.2901,0.6324],[11.8292,79.2917,0.6062],[11.8688,79.2896,11.9269],[11.8703,79.2891,9.6405],[11.8693,79.2859,0.0],[11.8849,79.2828,11.1918],[11.8792,79.2771,0.0],[11.8568,79.2766,0.0],[11.8641,79.2734,0.0],[11.8526,79.2724,0.0],[11.8542,79.2708,0.0],[11.8729,79.2708,0.0],[11.8771,79.2729,0.0],[11.887,79.2734,0.0],[11.8917,79.2771,0.0],[11.925,79.2771,4.5207],[11.9266,79.2786,0.0],[11.9188,79.2792,10.5986],[11.9172,79.2807,14.0866],[11.9292,79.2813,3.1112],[11.9354,79.2854,21.3678],[11.9417,79.2854,15.2096],[11.9458,79.2833,0.0],[11.9646,79.2833,0.0],[11.9708,79.2875,0.0],[11.9828,79.288,0.0],[11.9896,79.2937,27.6444],[12.0104,79.2958,21.4418],[12.0146,79.2937,0.0],[12.0313,79.2937,0.0],[12.0417,79.3,21.3764],[12.05,79.3,0.0],[12.0542,79.3021,67.3977],[12.0854,79.3021,8.7525],[12.0911,79.3047,11.9653],[12.0896,79.3063,69.2033],[12.0818,79.3068,184.0539],[12.0833,79.3083,228.2498],[12.125,79.3063,0.0],[12.1292,79.3083,0.0],[12.1375,79.3083,0.0],[12.1417,79.3104,0.0],[12.15,79.3104,0.0],[12.1625,79.3063,0.0],[12.1792,79.3063,0.0],[12.1833,79.3042,129.6486],[12.1958,79.3021,338.1423],[12.1974,79.3016,362.9128],[12.1964,79.2984,391.789],[12.1979,79.2979,418.0598],[12.2146,79.2979,465.0219],[12.2245,79.2953,614.3964],[12.2229,79.2937,685.6752],[12.2042,79.2937,689.5323],[12.2,79.2958,497.8823],[12.1854,79.2958,548.6766],[12.1813,79.2979,522.0939],[12.1729,79.2979,308.6425],[12.1646,79.2917,383.6831],[12.1458,79.2917,279.9576],[12.1333,79.2958,0.0],[12.125,79.2958,0.0],[12.1234,79.2943,0.0],[12.1313,79.2937,32.7165],[12.1521,79.2875,251.8283],[12.1583,79.2875,302.7081],[12.1599,79.2859,346.7155],[12.1479,79.2854,392.9166],[12.139099999999999,79.2776,594.3292],[12.1292,79.2771,765.7682],[12.1276,79.2776,765.7682],[12.1286,79.2807,713.6367],[12.1229,79.2813,644.757],[12.1214,79.2828,616.7233],[12.1333,79.2833,635.3866],[12.1349,79.2849,461.5566],[12.1255,79.2859,398.9707],[12.1266,79.2891,169.1231],[12.125,79.2896,105.5211],[12.1083,79.2896,0.0],[12.1042,79.2875,44.3262],[12.0938,79.2875,0.0],[12.0875,79.2833,53.7909],[12.0646,79.2813,15.8656],[12.0563,79.275,84.1405],[12.0484,79.2755,7.4485],[12.0516,79.2797,28.9844],[12.05,79.2813,0.0],[12.0313,79.2813,0.0],[12.0271,79.2792,0.0],[12.0188,79.2792,0.0],[12.0172,79.2776,0.0],[12.0333,79.2771,0.0],[12.0432,79.2734,18.2618],[12.0125,79.275,0.0],[12.0089,79.2714,0.0],[12.0375,79.2708,9.5617],[12.0391,79.2703,10.0732],[12.038,79.2672,13.2569],[12.0396,79.2667,2.3698],[12.1021,79.2667,0.0],[12.1063,79.2688,29.3605],[12.1479,79.2688,0.0],[12.1578,79.2651,0.0],[12.1479,79.2646,0.0],[12.1464,79.263,0.0],[12.1729,79.2562,330.0507],[12.1828,79.2568,344.292],[12.1849,79.2599,181.4292],[12.1792,79.2604,134.5396],[12.1776,79.262,109.9369],[12.1854,79.2625,114.225],[12.1896,79.2604,171.1858],[12.2167,79.2604,187.8395],[12.2182,79.2599,191.7984],[12.2172,79.2568,255.9785],[12.2188,79.2562,329.2761],[12.2333,79.2562,235.6718],[12.2375,79.2542,279.0639],[12.2771,79.2542,257.8371],[12.287,79.2505,321.6732],[12.275,79.25,473.8145],[12.2708,79.2479,567.928],[12.2542,79.2479,731.1976],[12.25,79.25,606.425],[12.2333,79.2521,337.9051],[12.2255,79.2443,623.311],[12.2354,79.2417,730.7747],[12.2542,79.2438,625.3542],[12.2667,79.2396,615.0936],[12.2729,79.2396,672.4387],[12.2771,79.2417,560.4891],[12.2854,79.2417,547.2371],[12.287,79.2401,633.3625],[12.2833,79.2375,791.5673],[12.2417,79.2375,947.6692],[12.2375,79.2396,752.6885],[12.2229,79.2396,949.6615],[12.2188,79.2417,859.4705],[12.2021,79.2417,843.0182],[12.2005,79.2422,802.3],[12.201599999999999,79.2453,643.4739],[12.1943,79.2464,750.0681],[12.1953,79.2495,866.2867],[12.188,79.2505,824.9698],[12.1891,79.2536,751.3903],[12.1875,79.2542,643.2924],[12.1479,79.2542,280.5872],[12.1438,79.2562,185.1138],[12.1375,79.2562,139.0969],[12.1359,79.2547,133.4246],[12.1432,79.2536,189.8155],[12.1401,79.2484,302.2187],[12.1563,79.2458,386.9839],[12.1578,79.2443,454.5299],[12.1354,79.2417,579.8975],[12.1042,79.25,316.6812],[12.0875,79.25,205.0585],[12.0833,79.2521,48.2121],[12.0755,79.2516,23.3158],[12.0771,79.25,100.8741],[12.0828,79.2495,219.3505],[12.0792,79.2458,374.0947],[12.0604,79.2479,72.1162],[12.0563,79.2458,91.2307],[12.05,79.2458,18.3238],[12.0375,79.25,0.0],[12.0188,79.25,0.0],[12.0172,79.2484,0.0],[12.0354,79.2479,0.0],[12.0396,79.2458,0.0],[12.0437,79.2458,0.0],[12.0453,79.2453,0.0],[12.0443,79.2422,32.4305],[12.05,79.2417,104.1736],[12.0516,79.2401,117.9997],[12.0417,79.2396,21.7023],[12.0354,79.2354,99.9588],[12.025,79.2354,11.7177],[12.0208,79.2333,14.1671],[12.0109,79.2328,0.0],[12.0125,79.2312,1.941],[12.0182,79.2307,23.728],[12.0167,79.2292,26.8025],[11.9943,79.2286,0.0],[11.9958,79.2271,0.0],[12.0016,79.2266,0.0],[12.0,79.225,0.0],[11.9833,79.225,0.0],[11.9792,79.2271,0.0],[11.9521,79.2271,0.0],[11.9479,79.2292,0.0],[11.9396,79.2292,0.0],[11.9354,79.2271,0.0],[11.9271,79.2271,0.0],[11.9255,79.2255,0.0],[11.9354,79.2229,0.0],[11.9542,79.225,0.0],[12.0104,79.2104,0.0],[12.0188,79.2104,0.0],[12.0229,79.2125,0.0],[12.0396,79.2125,0.0],[12.0437,79.2104,0.0],[12.0521,79.2104,0.0],[12.0563,79.2125,0.0],[12.0729,79.2125,94.7708],[12.0745,79.212,61.3975],[12.0734,79.2089,0.0],[12.075,79.2083,0.0],[12.0917,79.2083,0.0],[12.0958,79.2063,0.0],[12.1229,79.2063,77.5622],[12.1245,79.2057,31.6916],[12.1234,79.2026,0.0],[12.1333,79.2,0.0],[12.1521,79.2,0.0],[12.1583,79.2042,0.0],[12.2229,79.2042,0.0],[12.2271,79.2063,90.2031],[12.2333,79.2063,68.3819],[12.2375,79.2042,0.0],[12.2458,79.2042,0.0],[12.2505,79.2078,0.0],[12.2583,79.2083,0.0],[12.2599,79.2078,0.0],[12.2589,79.2047,0.0],[12.2745,79.2016,0.0],[12.2724,79.1984,43.0111],[12.25,79.1979,0.0],[12.2438,79.1937,84.9819],[12.2146,79.1937,0.0],[12.213,79.1943,0.0],[12.2141,79.1974,0.0],[12.2125,79.1979,0.0],[12.1396,79.1979,0.0],[12.1354,79.1958,0.0],[12.1167,79.1958,0.0],[12.1125,79.1979,0.0],[12.0979,79.1979,0.0],[12.088,79.2005,0.0],[12.0891,79.2037,0.0],[12.0792,79.2042,0.0],[12.075,79.2021,0.0],[12.0651,79.2016,0.0],[12.0604,79.1979,0.0],[12.05,79.1979,0.0],[12.0458,79.1958,7.3793],[12.0396,79.1958,12.8832],[12.0354,79.1979,0.0],[12.0188,79.1979,34.0785],[12.0172,79.1995,25.9704],[12.0229,79.2021,0.0],[12.0437,79.2042,0.0],[12.0495,79.2078,0.0],[12.0167,79.2083,0.0],[12.012,79.2047,0.0],[12.0042,79.2042,0.0],[11.9917,79.2083,0.0],[11.9729,79.2083,0.0],[11.9688,79.2063,0.0],[11.9604,79.2063,0.0],[11.9563,79.2042,0.0],[11.9458,79.2042,0.0],[11.9396,79.2,0.0],[11.9151,79.1974,0.0],[11.9083,79.1917,45.5113],[11.8854,79.1896,0.0],[11.8745,79.1797,22.2525],[11.863,79.1787,0.0],[11.8703,79.1755,7.1357],[11.8583,79.175,0.0],[11.8568,79.1734,0.0],[11.8646,79.1729,0.0],[11.8745,79.1693,33.4987],[11.8609,79.1682,0.0],[11.8516,79.1589,13.7024],[11.8401,79.1578,0.0],[11.8474,79.1547,28.5173],[11.8349,79.1422,6.9668],[11.8214,79.1412,0.0],[11.8151,79.1349,15.2489],[11.825,79.1312,0.0],[11.8417,79.1312,0.0],[11.8625,79.125,0.0],[11.8896,79.125,14.1289],[11.8938,79.1229,0.0],[11.9083,79.1229,9.7433],[11.9125,79.1208,0.0],[11.9203,79.1203,0.0],[11.9167,79.1167,0.0],[11.9047,79.1162,0.0],[11.912,79.113,0.0],[11.9005,79.112,0.0],[11.9078,79.1088,0.0],[11.8854,79.1062,2.9356],[11.8813,79.1042,27.4417],[11.8729,79.1042,20.5964],[11.8688,79.1062,10.9754],[11.8542,79.1062,29.3939],[11.8417,79.1104,7.1352],[11.825,79.1104,30.1565],[11.8208,79.1125,4.3315],[11.7813,79.1125,0.0],[11.7797,79.1109,0.0],[11.7854,79.1104,16.3129],[11.787,79.1088,24.8354],[11.7745,79.0964,28.7859],[11.7521,79.0958,4.078],[11.7464,79.0911,20.3576],[11.7536,79.088,30.2485],[11.7437,79.0875,20.5673],[11.7396,79.0854,19.3375],[11.7292,79.0854,0.0],[11.725,79.0833,9.4476],[11.7167,79.0833,7.3555],[11.7125,79.0813,9.6216],[11.7042,79.0813,8.8189],[11.6938,79.0729,6.0386],[11.675,79.075,0.0],[11.6734,79.0734,5.1554],[11.6792,79.0729,5.2735],[11.6807,79.0714,5.3247],[11.6583,79.0687,3.8333],[11.6568,79.0672,4.358],[11.7042,79.0646,4.3227],[11.725,79.0583,0.0],[11.7417,79.0583,9.4308],[11.7516,79.0557,11.7836],[11.7505,79.0526,0.0],[11.7521,79.0521,0.0],[11.7729,79.0479,7.5613],[11.7771,79.0458,5.746],[11.7849,79.0453,13.764099999999999],[11.7839,79.0422,0.0],[11.7854,79.0417,0.0],[11.7896,79.0417,11.1965],[11.7938,79.0396,0.0],[11.8099,79.0391,24.7106],[11.8089,79.0359,0.0],[11.8104,79.0354,0.0],[11.8458,79.0333,36.5507],[11.8583,79.0292,0.0],[11.8938,79.0271,26.2324],[11.9063,79.0229,0.0],[11.9333,79.0229,32.1543],[11.9432,79.0203,7.1219],[11.9422,79.0172,0.0],[11.9578,79.0141,2.7924],[11.9547,79.0089,4.5224],[11.9646,79.0062,0.0],[11.9813,79.0062,1.4445],[11.9854,79.0042,0.9544],[12.0354,79.0042,0.0],[12.037,79.0057,1.1215],[12.0313,79.0062,1.4974],[12.0297,79.0078,1.9005],[12.0375,79.0146,8.2276],[12.0479,79.0146,0.0],[12.0521,79.0167,15.146],[12.0688,79.0167,0.0],[12.0729,79.0146,0.0],[12.0792,79.0146,0.0],[12.0807,79.0162,0.0],[12.075,79.0167,0.0],[12.0734,79.0182,9.1366],[12.1063,79.0188,0.0],[12.1104,79.0208,0.0],[12.1167,79.0208,0.0],[12.1182,79.0203,0.0],[12.1172,79.0172,0.0],[12.125,79.0167,0.0],[12.1313,79.0208,0.0],[12.1417,79.0208,0.0],[12.1458,79.0229,29.8269],[12.1521,79.0229,55.4599],[12.1563,79.0208,0.0],[12.1708,79.0208,63.4921],[12.1854,79.0167,30.3011],[12.2,79.0167,78.3845],[12.2099,79.0141,72.3807],[12.2089,79.0109,50.6475],[12.2104,79.0104,46.3845],[12.2229,79.0083,2.3015],[12.2271,79.0062,0.0],[12.2438,79.0062,6.5549],[12.2453,79.0057,14.5885],[12.2443,79.0026,0.4053],[12.2542,79.0,0.0],[12.2708,79.0021,46.7377],[12.275,79.0,2.8839],[12.3542,78.9979,0.0],[12.3667,78.9938,0.0],[12.3938,78.9938,19.6841],[12.3979,78.9917,0.0],[12.4125,78.9917,0.0],[12.4167,78.9896,0.0],[12.4229,78.9896,0.0],[12.4271,78.9917,14.5419],[12.4458,78.9917,5.8153],[12.45,78.9896,0.0],[12.4667,78.9896,0.0],[12.4708,78.9917,0.0],[12.4813,78.9917,0.0],[12.4854,78.9938,3.6397],[12.5208,78.9917,0.0],[12.525,78.9896,0.0],[12.5411,78.987,0.0],[12.5359,78.9818,0.0],[12.5438,78.9812,0.0],[12.5536,78.9776,0.0],[12.5479,78.975,0.0],[12.538,78.9745,0.0],[12.5333,78.9708,0.0],[12.5125,78.9708,0.0],[12.5083,78.9688,0.0],[12.4563,78.9688,0.0],[12.4547,78.9672,0.0],[12.462,78.9661,8.1473],[12.4578,78.9609,11.3227],[12.4479,78.9604,21.9557],[12.4417,78.9563,36.786],[12.4297,78.9557,0.0],[12.4313,78.9542,0.0],[12.4458,78.9521,49.2764],[12.4474,78.9505,23.2315],[12.425,78.95,0.0],[12.4208,78.9479,0.0],[12.4109,78.9474,0.0],[12.4089,78.9443,0.0],[12.4328,78.9391,0.0],[12.4276,78.9318,0.0],[12.451599999999999,78.9266,3.9677],[12.4484,78.9213,0.0],[12.4542,78.9208,0.0],[12.4557,78.9193,0.0],[12.4521,78.9167,0.0],[12.4401,78.9161,0.0],[12.4417,78.9146,0.0],[12.4792,78.9146,22.8455],[12.4833,78.9125,0.0],[12.4979,78.9125,26.8123],[12.5021,78.9104,0.0],[12.5396,78.9104,0.0],[12.5411,78.9089,0.0],[12.5297,78.9078,0.0],[12.5208,78.9021,0.0],[12.5021,78.9021,0.0],[12.4979,78.9,0.0],[12.4896,78.9,0.0],[12.4813,78.8958,0.0],[12.4646,78.8958,0.0],[12.4604,78.8979,0.0],[12.4354,78.8979,0.0],[12.4229,78.9021,0.0],[12.4042,78.9021,0.0],[12.4005,78.8984,0.0],[12.4271,78.8979,0.0],[12.4313,78.8958,0.0],[12.4479,78.8958,0.0],[12.4495,78.8943,0.0],[12.4375,78.8938,0.0],[12.4333,78.8917,0.0],[12.3958,78.8917,0.0],[12.3917,78.8938,0.0],[12.3854,78.8938,0.0],[12.3839,78.8922,0.0],[12.3896,78.8917,0.0],[12.3911,78.8901,0.0],[12.3792,78.8896,0.0],[12.3729,78.8854,0.0],[12.3458,78.8854,8.1892],[12.3443,78.8859,8.4993],[12.3453,78.8891,1.1016],[12.3438,78.8896,2.3315],[12.3271,78.8896,5.902],[12.3229,78.8917,1.9456],[12.2833,78.8896,6.3794],[12.2792,78.8875,19.8045],[12.2396,78.8875,79.2701],[12.2297,78.8901,36.2751],[12.2328,78.8953,0.0],[12.2255,78.8964,0.0],[12.2286,78.9005,0.0],[12.2271,78.9021,0.0],[12.1979,78.9021,0.0],[12.1938,78.9,0.0],[12.1771,78.9,7.1192],[12.1672,78.9026,2.5056],[12.1682,78.9057,0.0],[12.1667,78.9063,0.0],[12.15,78.9042,0.0],[12.1458,78.9063,0.0],[12.1188,78.9063,4.0398],[12.1146,78.9083,0.592],[12.1,78.9083,4.1278],[12.0984,78.9099,2.2466],[12.1016,78.9141,0.0],[12.0833,78.9187,0.0],[12.025,78.9187,0.0],[12.0234,78.9193,0.0],[12.0245,78.9224,0.0],[12.0229,78.9229,0.0],[12.013,78.9224,0.0],[12.0109,78.9193,0.0],[12.0182,78.9182,0.0],[12.0146,78.9146,0.7855],[12.0083,78.9146,1.0276],[12.0042,78.9167,0.0],[11.9875,78.9146,1.1803],[11.9833,78.9167,0.0],[11.9667,78.9167,9.2454],[11.9568,78.9193,2.3663],[11.9578,78.9224,0.0],[11.9505,78.9234,0.0],[11.951599999999999,78.9266,0.0],[11.95,78.9271,0.0],[11.8813,78.9271,33.582],[11.8771,78.9292,13.0675],[11.8625,78.9292,39.7218],[11.8609,78.9307,22.7311],[11.8641,78.9349,0.3242],[11.8583,78.9354,0.3892],[11.8568,78.937,0.4107],[11.8667,78.9375,0.0],[11.8682,78.9391,0.0],[11.8609,78.9401,3.9248],[11.862,78.9432,-0.8594],[11.8521,78.9458,1.0013],[11.8042,78.9458,26.6288],[11.8,78.9479,5.4708],[11.7646,78.95,18.2132],[11.7521,78.9542,2.0766],[11.7167,78.9563,28.3203],[11.7042,78.9604,0.0],[11.6771,78.9604,29.1416],[11.6729,78.9625,0.0],[11.6583,78.9625,25.3772],[11.6542,78.9646,0.0],[11.6354,78.9625,31.609],[11.6313,78.9646,0.0],[11.5938,78.9646,29.5741],[11.5646,78.9729,0.0],[11.5479,78.9729,0.0],[11.5438,78.975,0.0],[11.5359,78.9745,0.0],[11.5313,78.9708,0.0],[11.4917,78.9729,0.0],[11.4875,78.9708,10.969],[11.4813,78.9708,9.3874],[11.4771,78.9729,3.477],[11.4708,78.9729,0.0],[11.4667,78.9708,2.4079],[11.4458,78.9708,0.0],[11.4417,78.9688,0.2382],[11.4333,78.9688,0.0],[11.4292,78.9667,0.211],[11.4125,78.9688,0.0],[11.4083,78.9667,-0.0267],[11.3896,78.9667,0.6061],[11.3771,78.9708,0.0],[11.3708,78.9708,0.0],[11.3646,78.9667,2.975],[11.3438,78.9667,0.6529],[11.3396,78.9646,2.8449],[11.3333,78.9646,3.9388],[11.3292,78.9667,1.2971],[11.3229,78.9667,0.0],[11.3214,78.9651,2.0276],[11.3271,78.9646,3.8789],[11.3286,78.963,2.3869],[11.3188,78.9625,1.6885],[11.3172,78.9609,0.0],[11.3245,78.9599,1.9866],[11.3234,78.9568,0.0],[11.3307,78.9557,0.0],[11.3276,78.9505,0.0],[11.3349,78.9495,0.0],[11.3339,78.9464,0.0],[11.3516,78.9432,6.7364],[11.35,78.9417,5.2782],[11.338,78.9411,0.0],[11.3359,78.9391,0.0],[11.3375,78.9375,0.0],[11.3438,78.9375,0.0],[11.3479,78.9354,0.0],[11.3625,78.9354,4.5366],[11.3833,78.9292,0.0],[11.4,78.9292,18.2206],[11.4042,78.9271,11.1519],[11.4083,78.9271,23.2365],[11.4099,78.9255,11.5361],[11.4068,78.9213,0.0],[11.4083,78.9208,0.0],[11.4208,78.9187,0.0],[11.425,78.9167,0.0],[11.4313,78.9167,0.0],[11.4437,78.9125,0.0],[11.4583,78.9125,10.8934],[11.4599,78.912,10.303],[11.4589,78.9089,0.0],[11.4661,78.9078,0.0],[11.4651,78.9047,0.0],[11.4667,78.9042,0.0],[11.4708,78.9042,0.0],[11.475,78.9021,0.0],[11.4917,78.9021,14.0252],[11.4958,78.9,14.9635],[11.5,78.9,17.2993],[11.5016,78.8995,14.5188],[11.5005,78.8964,0.0],[11.5021,78.8958,0.0],[11.5229,78.8917,9.5908],[11.5271,78.8896,5.9374],[11.5349,78.8891,20.7187],[11.5339,78.8859,0.0],[11.5354,78.8854,0.0],[11.5516,78.8849,35.5601],[11.5505,78.8818,0.0],[11.5578,78.8807,8.0059],[11.5568,78.8776,0.0],[11.5583,78.8771,0.0],[11.5625,78.8771,0.0],[11.5833,78.8708,0.0],[11.6,78.8708,5.5952],[11.6016,78.8703,0.9832],[11.6005,78.8672,0.0],[11.6021,78.8667,0.0],[11.6271,78.8667,4.2657],[11.6396,78.8625,0.0],[11.6563,78.8625,3.0189],[11.6687,78.8583,0.0],[11.6938,78.8583,20.9737],[11.6979,78.8562,0.0],[11.7141,78.8536,11.4092],[11.713,78.8505,0.0],[11.7146,78.85,0.0],[11.7417,78.85,0.0],[11.7458,78.8521,17.1535],[11.7521,78.8521,20.9827],[11.7563,78.85,0.0],[11.775,78.85,0.0],[11.7792,78.8521,20.2938],[11.7854,78.8521,21.5621],[11.7979,78.8479,0.0],[11.8146,78.85,6.1584],[11.8188,78.8479,0.0],[11.8354,78.8479,0.0],[11.8453,78.8453,0.0],[11.8443,78.8422,0.0],[11.8458,78.8417,0.0],[11.862,78.8411,0.6405],[11.8609,78.838,0.0],[11.8625,78.8375,0.0],[11.8958,78.8354,4.1565],[11.9,78.8333,0.0],[11.9146,78.8313,3.6992],[11.9161,78.8297,2.397],[11.913,78.8255,0.0],[11.9313,78.8208,1.0721],[11.9667,78.8208,0.4231],[11.9708,78.8187,54.1415],[11.9792,78.8187,71.2492],[11.9828,78.8214,1.6625],[11.9813,78.8229,0.46],[11.9651,78.8255,1.3301],[11.9667,78.8271,17.5615],[11.9854,78.8271,-0.1982],[11.9896,78.825,-0.1761],[12.0146,78.825,1.2157],[12.0245,78.8224,28.3808],[12.0234,78.8193,77.8808],[12.0292,78.8187,86.3176],[12.0307,78.8172,93.1718],[12.0,78.8167,106.7267],[11.9958,78.8146,126.863],[11.8896,78.8146,8.676],[11.8854,78.8125,87.8171],[11.8672,78.813,117.7551],[11.8688,78.8146,93.2136],[11.8771,78.8146,82.0347],[11.8807,78.8172,6.4647],[11.8792,78.8187,1.0305],[11.8729,78.8187,8.0007],[11.8688,78.8167,74.1618],[11.8604,78.8167,83.4807],[11.8562,78.8146,150.8796],[11.8234,78.8141,561.2629],[11.825,78.8125,537.5343],[11.8375,78.8104,310.3983],[11.8417,78.8083,330.7006],[11.8495,78.8078,367.8258],[11.8479,78.8063,453.3366],[11.8292,78.8063,564.1052],[11.8276,78.8068,565.7089],[11.8286,78.8099,600.5739],[11.7854,78.8208,129.777],[11.7667,78.8208,20.6898],[11.7625,78.8187,20.4661],[11.7542,78.8187,13.6081],[11.7458,78.8125,13.6032],[11.725,78.8104,1.1281],[11.7208,78.8083,4.9862],[11.7125,78.8083,0.0],[11.7063,78.8042,4.8361],[11.6943,78.8037,0.0],[11.6958,78.8021,2.2618],[11.701599999999999,78.8016,5.0849],[11.7005,78.7984,7.8891],[11.7099,78.7974,8.115],[11.7083,78.7958,8.0805],[11.7,78.7958,7.9119],[11.6958,78.7979,8.3147],[11.688,78.7974,0.0],[11.6896,78.7958,6.5136],[11.6953,78.7953,7.9026],[11.6901,78.7891,4.5788],[11.6917,78.7875,4.5503],[11.7313,78.7896,10.5467],[11.7411,78.787,15.8076],[11.7349,78.7797,14.8166],[11.7271,78.7792,11.8513],[11.7146,78.7833,8.8419],[11.6839,78.7828,5.3685],[11.6766,78.7755,3.4158],[11.6667,78.775,2.3983],[11.663,78.7724,2.2142],[11.6646,78.7708,0.8772],[11.6703,78.7703,1.394],[11.6661,78.7651,3.5746],[11.6547,78.7641,4.3971],[11.6479,78.7583,3.1229],[11.6234,78.7557,0.0],[11.6193,78.7505,0.5377],[11.6271,78.75,1.0606],[11.6286,78.7484,1.0243],[11.6255,78.7474,0.9203],[11.6193,78.7401,0.1987],[11.6271,78.7396,1.0957],[11.6286,78.738,0.4189],[11.625,78.7354,1.9893],[11.6146,78.7354,1.6235],[11.6109,78.7328,0.6633],[11.6208,78.7292,1.1614],[11.6396,78.7312,3.453],[11.6495,78.7286,5.7076],[11.6479,78.7271,6.4191],[11.638,78.7266,4.6147],[11.6396,78.725,6.6828],[11.6729,78.7229,13.9952],[11.6771,78.7208,0.0],[11.6917,78.7208,22.6425],[11.6932,78.7203,22.5178],[11.6922,78.7172,2.8076],[11.6938,78.7167,0.9346],[11.7083,78.7167,17.6823],[11.7125,78.7146,0.801],[11.7188,78.7146,10.3501],[11.737,78.7099,2.9124],[11.7359,78.7068,0.0],[11.7375,78.7063,0.0],[11.7437,78.7063,0.6311],[11.7474,78.7089,6.8342],[11.7458,78.7104,11.4884],[11.7401,78.7109,4.3031],[11.7417,78.7125,6.416],[11.7479,78.7125,7.1014],[11.7521,78.7104,13.1547],[11.7667,78.7104,0.6784],[11.7708,78.7083,0.2835],[11.7875,78.7104,1.1147],[11.7917,78.7083,0.6559],[11.7979,78.7083,8.0336],[11.8021,78.7104,2.7743],[11.812,78.7109,1.9948],[11.8208,78.7167,13.4479],[11.8375,78.7167,11.6254],[11.8391,78.7161,9.7218],[11.838,78.713,3.6995],[11.8396,78.7125,0.8222],[11.8542,78.7125,0.9419],[11.8583,78.7104,0.0],[11.8661,78.7109,0.0],[11.8708,78.7146,0.3767],[11.8854,78.7125,0.0],[11.887,78.7109,0.0],[11.8849,78.7089,0.0],[11.875,78.7083,0.0],[11.8734,78.7068,0.0],[11.889099999999999,78.7037,0.0],[11.888,78.7005,0.0],[11.8896,78.7,0.0],[11.9057,78.6995,0.0],[11.9047,78.6964,0.0],[11.9063,78.6958,0.0],[11.9333,78.6958,6.2415],[11.9349,78.6943,18.344],[11.9125,78.6937,0.0],[11.9016,78.6839,15.3148],[11.8776,78.6807,9.523],[11.8792,78.6792,12.0075],[11.8849,78.6787,12.4104],[11.8833,78.6771,19.3082],[11.8771,78.6771,17.4912],[11.8729,78.6792,8.8898],[11.8651,78.6787,5.8035],[11.8667,78.6771,8.8286],[11.8724,78.6766,24.6536],[11.8688,78.6729,9.615],[11.8521,78.6729,3.7727],[11.8422,78.6755,11.1714],[11.8432,78.6787,-0.188],[11.8417,78.6792,1.6593],[11.8229,78.6792,1.3855],[11.8193,78.6755,1.1327],[11.826599999999999,78.6745,1.3833],[11.8255,78.6713,0.3163],[11.8354,78.6687,0.9342],[11.8542,78.6708,3.9213],[11.8557,78.6693,3.3681],[11.8526,78.6651,2.129],[11.8703,78.6641,6.4924],[11.8688,78.6625,5.9073],[11.8604,78.6625,4.2606],[11.8589,78.6609,4.0278],[11.8828,78.6557,10.2421],[11.8818,78.6526,0.0],[11.889099999999999,78.6516,9.1771],[11.888,78.6484,1.9821],[11.8896,78.6479,5.316],[11.9057,78.6474,7.8428],[11.9021,78.6438,7.553],[11.8922,78.6432,2.3759],[11.8938,78.6417,6.001],[11.8995,78.6412,7.7364],[11.8984,78.638,4.6585],[11.9083,78.6354,0.0],[11.9229,78.6354,8.0116],[11.9521,78.6271,0.0],[11.9667,78.6271,9.1429],[11.9682,78.6255,8.5859],[11.9651,78.6224,1.7937],[11.9667,78.6208,0.0],[11.9833,78.6229,8.7654],[11.9849,78.6214,8.8476],[11.9818,78.6172,2.2718],[11.9833,78.6167,2.4135],[11.9979,78.6167,7.418],[12.0104,78.6125,1.3721],[12.0167,78.6125,1.0948],[12.0182,78.6141,1.8308],[12.0042,78.6167,4.8202],[12.0026,78.6182,7.3319],[12.0063,78.6208,5.7745],[12.025,78.6229,7.9112],[12.0266,78.6224,7.8193],[12.0255,78.6193,5.2356],[12.0437,78.6146,3.3695],[12.0625,78.6167,7.0957],[12.0724,78.6141,4.3589],[12.0708,78.6125,4.1906],[12.0589,78.612,1.6987],[12.0688,78.6083,5.7693],[12.0854,78.6083,6.9983],[12.0979,78.6042,11.5713],[12.1125,78.6042,10.6065],[12.1141,78.6036,10.7105],[12.113,78.6005,7.1449],[12.1146,78.6,0.0],[12.1479,78.5979,10.6],[12.1521,78.5958,9.4306],[12.1667,78.5958,9.4039],[12.1708,78.5938,2.3968],[12.1875,78.5958,10.5386],[12.1891,78.5953,9.3451],[12.188,78.5922,3.2403],[12.1896,78.5917,3.2012],[12.2271,78.5917,1.0141],[12.2313,78.5938,15.2574],[12.2896,78.5938,41.4405],[12.2938,78.5917,0.0],[12.3333,78.5917,0.0],[12.3375,78.5938,71.0424],[12.3542,78.5938,20.2918],[12.3583,78.5917,0.0],[12.3646,78.5917,0.0],[12.3661,78.5932,0.0],[12.3604,78.5938,12.2445],[12.3589,78.5953,44.6361],[12.3667,78.5958,72.1796],[12.3708,78.5938,2.625],[12.3979,78.5938,0.0],[12.4021,78.5958,20.4054],[12.412,78.5964,42.6868],[12.4104,78.5979,98.6335],[12.4047,78.5984,184.8404],[12.4063,78.6,301.5854],[12.4229,78.6,226.7794],[12.4245,78.5995,152.711],[12.4234,78.5964,13.7056],[12.425,78.5958,0.0],[12.4396,78.5958,0.0],[12.4495,78.5932,0.0],[12.4479,78.5917,0.0],[12.4396,78.5917,0.0],[12.438,78.5901,0.0],[12.4604,78.5854,0.0],[12.462,78.5839,0.0],[12.4505,78.5828,0.0],[12.4578,78.5797,0.0],[12.4464,78.5787,0.0],[12.4479,78.5771,0.0],[12.4536,78.5766,0.0],[12.4484,78.5693,0.0],[12.4557,78.5682,8.2044],[12.4495,78.563,22.9512],[12.4208,78.5646,0.0],[12.4172,78.5609,29.9573],[12.425,78.5604,33.5682],[12.4292,78.5625,14.1424],[12.4354,78.5625,13.3442],[12.437,78.562,18.3889],[12.4359,78.5589,36.0216],[12.4375,78.5583,47.7502],[12.4521,78.5583,74.1326],[12.4563,78.5563,148.4988],[12.4828,78.5557,342.2811],[12.4792,78.5521,554.5424],[12.4292,78.5521,317.951],[12.425,78.55,471.3116],[12.4083,78.55,358.8514],[12.3984,78.5537,100.974],[12.4083,78.5542,130.9969],[12.4125,78.5563,100.146],[12.4313,78.5563,99.4352],[12.4328,78.5578,70.2439],[12.3729,78.5583,12.834],[12.3672,78.5537,8.4143],[12.3688,78.5521,18.4165],[12.3745,78.5516,28.9843],[12.3714,78.5463,3.6526],[12.3896,78.5417,3.7683],[12.4979,78.5417,32.2754],[12.5021,78.5396,0.0],[12.5188,78.5396,0.0],[12.5229,78.5417,25.4549],[12.5417,78.5417,14.3208],[12.5458,78.5437,87.2411],[12.6042,78.5437,39.1213],[12.6167,78.5396,42.9599],[12.6438,78.5396,176.9171],[12.6479,78.5417,385.3099],[12.6563,78.5417,435.9708],[12.6604,78.5437,581.7366],[12.7125,78.5437,368.2133],[12.7167,78.5458,288.9765],[12.7354,78.5479,281.8793],[12.7479,78.5437,134.2891],[12.7542,78.5437,169.9382],[12.7583,78.5458,227.0715],[12.7766,78.5453,278.8304],[12.775,78.5437,243.5901],[12.7651,78.5432,196.7743],[12.7724,78.5401,213.2939],[12.7625,78.5396,128.846],[12.7609,78.538,89.6347],[12.7771,78.5333,58.0774],[12.7917,78.5333,96.3703],[12.7958,78.5313,22.2512],[12.8292,78.5292,42.061],[12.8333,78.5271,36.185],[12.8604,78.5271,9.1158],[12.862,78.5286,9.1281],[12.8292,78.5375,319.8478],[12.7938,78.5375,342.705],[12.7922,78.5391,400.4713],[12.7953,78.5432,446.0131],[12.7714,78.5484,297.7967],[12.7724,78.5516,469.6339],[12.7667,78.5521,573.9578],[12.7651,78.5537,625.0206],[12.7708,78.5583,575.8021],[12.7813,78.5583,485.997],[12.7854,78.5604,342.9726],[12.8042,78.5604,251.4396],[12.8083,78.5625,255.1543],[12.825,78.5625,232.4351],[12.8292,78.5604,209.8313],[12.8438,78.5604,189.8891],[12.8479,78.5583,174.6442],[12.8521,78.5583,171.0003],[12.8536,78.5578,165.5701],[12.8526,78.5547,149.8279],[12.8542,78.5542,140.5699],[12.8792,78.5542,127.6108],[12.8833,78.5521,111.8415],[12.9188,78.5521,76.7673],[12.9286,78.5495,142.8283],[12.9271,78.5479,116.3065],[12.9151,78.5474,39.8666],[12.9167,78.5458,35.1532],[12.9224,78.5453,56.8003],[12.9214,78.5422,29.0844],[12.9286,78.5411,115.97],[12.9276,78.538,61.8847],[12.9375,78.5354,49.1127],[12.9542,78.5354,27.9106],[12.9583,78.5375,88.3245],[12.9682,78.538,116.771],[12.975,78.5437,258.7699],[12.987,78.5443,341.3567],[12.9797,78.5474,542.1524],[12.9833,78.55,448.1487],[12.9917,78.55,587.3539],[12.9932,78.5516,536.4112],[12.9776,78.5547,552.9432],[12.9839,78.562,423.2043],[13.0099,78.5651,255.2797],[13.0083,78.5667,266.3911],[12.9833,78.5667,429.838],[12.9818,78.5672,443.2766],[12.9828,78.5703,415.4233],[12.9813,78.5708,415.8397],[12.9667,78.5708,426.2245],[12.9625,78.5729,545.7123],[12.9479,78.5729,521.5712],[12.9438,78.575,580.9882],[12.9396,78.575,546.331],[12.938,78.5766,580.1609],[12.9411,78.5807,476.1501],[12.9255,78.5839,479.2886],[12.9266,78.587,585.9707],[12.9188,78.5896,487.1654],[12.9042,78.5896,446.0324],[12.9,78.5917,473.3932],[12.8667,78.5938,471.6046],[12.8542,78.5979,519.9312],[12.8417,78.6,578.6996],[12.8401,78.6005,602.1423],[12.8411,78.6036,681.5384],[12.8354,78.6042,672.8665],[12.8339,78.6057,670.612],[12.8417,78.6125,376.5956],[12.8583,78.6125,279.8772],[12.8625,78.6104,272.2973],[12.8875,78.6104,251.63],[12.925,78.6,198.8727],[12.9396,78.6,198.8332],[12.9438,78.5979,193.6782],[12.9583,78.5979,183.8841],[12.9625,78.5958,176.4756],[12.9771,78.5958,177.9505],[12.9813,78.5938,164.1585],[12.9958,78.5938,152.4079],[12.9974,78.5922,137.9337],[12.9943,78.588,133.3611],[12.9958,78.5875,128.1989],[13.0104,78.5875,130.0765],[13.0146,78.5854,115.9937],[13.0208,78.5854,122.1248],[13.025,78.5875,116.848],[13.0313,78.5875,106.3773],[13.0328,78.587,98.9563],[13.0318,78.5839,99.0143],[13.0333,78.5833,95.0902],[13.0604,78.5833,68.3502],[13.0646,78.5854,65.1125],[13.0729,78.5854,52.0649],[13.076599999999999,78.5891,67.0239],[13.0604,78.5896,87.8227],[13.0589,78.5911,94.1996],[13.0667,78.5958,95.6312],[13.0833,78.5958,119.9564],[13.0958,78.5917,58.6201],[13.1125,78.5938,232.8606],[13.1141,78.5922,181.8478],[13.1109,78.588,51.0751],[13.1271,78.5875,70.1473],[13.1375,78.5833,27.128],[13.1682,78.5766,92.3041],[13.1672,78.5734,56.5157],[13.1771,78.5708,81.6023],[13.1833,78.5708,112.9298],[13.187,78.5734,172.3855],[13.1797,78.5766,195.9069],[13.1911,78.5776,233.4704],[13.1896,78.5792,208.2424],[13.1776,78.5818,215.0762],[13.1792,78.5833,205.4247],[13.1891,78.5839,196.3265],[13.1875,78.5854,187.6452],[13.1625,78.5854,208.8358],[13.1526,78.588,285.7215],[13.1536,78.5911,413.4961],[13.1521,78.5917,448.5877],[13.1375,78.5917,311.7193],[13.1083,78.6,455.0917],[13.075,78.6021,529.4899],[13.0568,78.6068,578.5469],[13.0604,78.6104,471.5254],[13.0724,78.6109,363.6213],[13.0786,78.6172,456.6555],[13.0771,78.6188,485.229],[13.0714,78.6193,473.5258],[13.0786,78.6266,636.314],[13.0729,78.6271,568.5405],[13.0714,78.6286,532.4362],[13.0813,78.6292,524.1868],[13.0875,78.6333,303.5036],[13.1167,78.6333,275.2676],[13.1208,78.6354,279.4956],[13.1271,78.6354,278.5855],[13.137,78.6328,269.4338],[13.1359,78.6297,262.0546],[13.1375,78.6292,258.9176],[13.1729,78.6292,255.729],[13.1745,78.6286,256.1745],[13.1734,78.6255,256.1031],[13.1974,78.6203,236.456],[13.1953,78.6172,228.4469],[13.1875,78.6167,227.9879],[13.1859,78.6172,232.4178],[13.187,78.6203,238.673],[13.1854,78.6208,241.1795],[13.1589,78.6224,252.2731],[13.1661,78.6193,246.6635],[13.1625,78.6167,240.3632],[13.1505,78.6162,236.5288],[13.1464,78.612,226.961],[13.1479,78.6104,217.3697],[13.1536,78.6099,220.0258],[13.1505,78.6057,203.5773],[13.1521,78.6042,197.22559999999999],[13.1563,78.6042,204.0127],[13.1604,78.6021,201.0782],[13.175,78.6021,202.0182],[13.1849,78.5995,181.606],[13.1818,78.5974,175.7399],[13.1833,78.5958,168.4104],[13.1979,78.5958,163.1308],[13.2188,78.5896,120.2833],[13.2354,78.5917,109.1027],[13.237,78.5911,103.8961],[13.2359,78.588,96.4113],[13.2417,78.5875,89.4456],[13.2432,78.5859,80.0011],[13.2333,78.5854,80.547],[13.2318,78.5839,68.4794],[13.2417,78.5813,45.0382],[13.2563,78.5813,58.1717],[13.2688,78.5771,0.0],[13.275,78.5771,0.0],[13.2797,78.5807,59.6817],[13.2875,78.5813,64.3779],[13.2891,78.5807,58.9824],[13.288,78.5776,0.0],[13.2896,78.5771,0.0],[13.2938,78.5771,0.0],[13.2979,78.575,0.0],[13.3141,78.5745,77.8587],[13.3109,78.5724,80.4144],[13.3125,78.5708,75.4279],[13.3271,78.5708,99.9652],[13.362,78.562,174.172],[13.3604,78.5604,256.2957],[13.3542,78.5604,256.4586],[13.35,78.5625,176.082],[13.3354,78.5625,156.0991],[13.3313,78.5646,140.3163],[13.325,78.5646,101.487],[13.3203,78.5609,106.364],[13.3104,78.5604,95.1829],[13.3062,78.5583,47.1613],[13.2958,78.5583,10.891],[13.2917,78.5563,14.9782],[13.2729,78.5563,0.4779],[13.2568,78.5432,18.3502],[13.264099999999999,78.5401,109.978],[13.2542,78.5396,45.0434],[13.2505,78.537,77.6505],[13.2604,78.5333,206.039],[13.2875,78.5333,257.5708],[13.2917,78.5354,235.1919],[13.2979,78.5354,226.5469],[13.3078,78.5318,242.9234],[13.2979,78.5313,250.4429],[13.2964,78.5297,285.1336],[13.3141,78.5286,301.1235],[13.3042,78.5208,456.7368],[13.2667,78.5208,518.8409],[13.2625,78.5229,577.793],[13.2375,78.5229,408.628],[13.225,78.5271,310.3077],[13.1651,78.5266,14.4684],[13.1667,78.525,15.07],[13.1724,78.5245,19.8159],[13.1714,78.5214,1.7126],[13.1729,78.5208,0.0],[13.1891,78.5203,5.4873],[13.188,78.5172,1.7357],[13.1932,78.5162,3.0224],[13.1922,78.513,2.4036],[13.1938,78.5125,2.7866],[13.2188,78.5125,6.7414],[13.2286,78.5099,27.6165],[13.2255,78.5057,47.7568],[13.2271,78.5042,67.355],[13.2333,78.5042,77.024],[13.238,78.5078,65.4837],[13.2479,78.5083,78.1387],[13.2521,78.5104,77.5055],[13.2688,78.5104,104.7291],[13.2703,78.5089,115.4211],[13.2604,78.5083,102.6337],[13.2589,78.5068,108.2455],[13.275,78.5062,144.2931],[13.2875,78.5021,174.3683],[13.3125,78.5021,200.1512],[13.3307,78.4974,263.7971],[13.3276,78.4943,293.6803],[13.3349,78.4932,310.1403],[13.3339,78.4901,328.7044],[13.3411,78.4891,333.6646],[13.3396,78.4875,346.1888],[13.3193,78.487,395.8815],[13.3208,78.4854,455.6647],[13.326599999999999,78.4849,393.652],[13.325,78.4833,418.6414],[13.3062,78.4833,580.3845],[13.3021,78.4812,559.7729],[13.2625,78.4812,657.2518],[13.2609,78.4828,733.1445],[13.264099999999999,78.4849,682.0786],[13.2484,78.488,525.2415],[13.2495,78.4912,609.1537],[13.2339,78.4943,735.2943],[13.2349,78.4974,518.8779],[13.2271,78.5,296.2077],[13.2083,78.4979,386.5953],[13.1813,78.5062,84.3659],[13.175,78.5062,55.4918],[13.1734,78.5047,61.2129],[13.1807,78.5036,79.6935],[13.1797,78.5005,102.2072],[13.1875,78.4979,157.1925],[13.2021,78.4979,301.3946],[13.2036,78.4964,314.5579],[13.1813,78.4938,159.9552],[13.1797,78.4922,196.8272],[13.1854,78.4917,206.4504],[13.187,78.4901,239.754],[13.1771,78.4896,272.2631],[13.1729,78.4875,420.2748],[13.1667,78.4875,363.2788],[13.1542,78.4917,297.9088],[13.1359,78.4912,187.708],[13.1375,78.4896,180.1928],[13.1432,78.4891,210.6237],[13.1422,78.4859,201.2991],[13.1495,78.4849,215.3587],[13.1464,78.4818,262.5433],[13.1703,78.4766,398.7952],[13.1688,78.475,523.8464],[13.1521,78.475,567.0249],[13.1479,78.4771,455.2118],[13.1333,78.4771,523.7742],[13.1292,78.4792,597.6667],[13.1146,78.4792,577.106],[13.1104,78.4812,623.2393],[13.0854,78.4812,518.7744],[13.0729,78.4854,497.8373],[13.0604,78.4854,431.7472],[13.0589,78.4859,404.1169],[13.0599,78.4891,398.2171],[13.0583,78.4896,332.4088],[13.0521,78.4896,281.3029],[13.0479,78.4875,279.0168],[13.0292,78.4875,154.704],[13.0208,78.4833,186.2073],[13.0109,78.4828,190.9858],[13.0062,78.4792,220.1595],[12.9688,78.4792,339.673],[12.9646,78.4812,438.7939],[12.9583,78.4812,470.4006],[12.9521,78.4771,334.0451],[12.9354,78.4771,364.1629],[12.9339,78.4776,367.1517],[12.9349,78.4807,537.2688],[12.9333,78.4812,537.7328],[12.9167,78.4812,513.9022],[12.9125,78.4792,402.5984],[12.8922,78.4786,405.5447],[12.8938,78.4771,393.6949],[12.8995,78.4766,385.2871],[12.8979,78.475,370.6231],[12.8917,78.475,375.8046],[12.8792,78.4792,591.2457],[12.8521,78.4792,448.9966],[12.8479,78.4771,431.4924],[12.8313,78.4771,418.4445],[12.8187,78.4812,486.0847],[12.7646,78.4833,387.1292],[12.7604,78.4854,393.9931],[12.7354,78.4854,267.3929],[12.7313,78.4875,298.9876],[12.7167,78.4875,259.3463],[12.6958,78.4938,135.7776],[12.6792,78.4938,39.6017],[12.6776,78.4922,23.0315],[12.6938,78.4917,102.5768],[12.6953,78.4912,115.8916],[12.6943,78.488,67.3262],[12.725,78.4812,187.791],[12.7266,78.4797,201.4517],[12.7188,78.4792,193.419],[12.7063,78.4833,139.7153],[12.7,78.4833,123.763],[12.6958,78.4812,132.4316],[12.6667,78.4812,150.4149],[12.6651,78.4797,158.8713],[12.6708,78.4792,168.1672],[12.6724,78.4776,183.8173],[12.65,78.475,200.988],[12.6458,78.4729,215.8702],[12.6083,78.4729,266.0512],[12.6042,78.475,246.9209],[12.5979,78.475,255.476],[12.5938,78.4729,313.7084],[12.5854,78.4729,340.7621],[12.5813,78.4708,324.8281],[12.5604,78.4708,393.6602],[12.5563,78.4688,364.0629],[12.5464,78.4682,484.216],[12.5479,78.4667,420.8421],[12.5536,78.4661,350.8848],[12.5526,78.463,350.4452],[12.5599,78.462,358.7272],[12.5568,78.4568,390.8917],[12.5641,78.4557,394.0287],[12.5625,78.4542,419.4785],[12.5563,78.4542,413.8109],[12.5438,78.4583,472.9362],[12.5292,78.4583,621.0536],[12.525,78.4604,604.4035],[12.5188,78.4604,578.4671],[12.5146,78.4583,537.7151],[12.5083,78.4583,499.1059],[12.5042,78.4604,493.9567],[12.4875,78.4604,444.5244],[12.4833,78.4583,479.4625],[12.4667,78.4583,217.8115],[12.4568,78.4609,144.9046],[12.4604,78.4646,143.0224],[12.5208,78.4646,309.465],[12.5266,78.4703,392.1248],[12.5188,78.4729,372.3963],[12.4938,78.4729,278.7272],[12.4896,78.475,406.8901],[12.475,78.475,411.9247],[12.4734,78.4755,466.9338],[12.4745,78.4786,387.9055],[12.4672,78.4797,447.7776],[12.4682,78.4828,492.6846],[12.4276,78.4922,107.4006],[12.4292,78.4938,77.2716],[12.4391,78.4943,203.8335],[12.4375,78.4958,81.2625],[12.4104,78.4958,17.1949],[12.4063,78.4938,32.5093],[12.3979,78.4938,27.384],[12.3938,78.4917,24.6752],[12.3854,78.4917,18.4684],[12.3813,78.4896,15.1199],[12.3729,78.4896,11.7035],[12.3688,78.4875,15.1905],[12.3604,78.4875,5.7794],[12.3568,78.4849,3.6704],[12.3583,78.4833,3.7603],[12.3807,78.4786,13.1484],[12.3797,78.4755,2.0115],[12.3932,78.4724,10.2966],[12.3922,78.4693,0.0],[12.3995,78.4682,12.7523],[12.3984,78.4651,4.5697],[12.4057,78.4641,7.6985],[12.4047,78.4609,0.0],[12.4188,78.4583,10.196],[12.4203,78.4578,11.9382],[12.4193,78.4547,0.0],[12.4349,78.4516,13.7246],[12.4339,78.4484,0.0],[12.4411,78.4474,12.3702],[12.4401,78.4443,0.0],[12.462,78.4391,13.9117],[12.4609,78.4359,0.0],[12.4682,78.4349,0.0],[12.4672,78.4318,0.0],[12.4911,78.4266,8.8732],[12.4901,78.4234,0.0],[12.5057,78.4203,10.8908],[12.5047,78.4172,3.6336],[12.5063,78.4167,9.3284],[12.5224,78.4161,12.6632],[12.5193,78.4109,0.0],[12.5349,78.4099,8.6856],[12.5339,78.4068,4.4394],[12.5411,78.4057,5.4207],[12.5401,78.4026,0.0],[12.5667,78.3958,1.5071],[12.5813,78.3958,0.7607],[12.5938,78.3917,2.1209],[12.6083,78.3917,5.997],[12.6161,78.3891,5.1555],[12.6151,78.3859,0.0],[12.6224,78.3849,3.5178],[12.6193,78.3797,0.0],[12.6354,78.3792,6.4544],[12.6646,78.3708,0.0],[12.6688,78.3708,9.1254],[12.6792,78.3667,0.0],[12.7167,78.3688,1.1487],[12.7208,78.3667,0.0],[12.7479,78.3667,0.0],[12.7521,78.3688,4.6522],[12.7729,78.3708,0.0],[12.7792,78.375,-0.1644],[12.787,78.3745,8.4793],[12.7859,78.3714,0.7145],[12.7875,78.3708,2.9092],[12.8063,78.3729,0.6237],[12.813,78.3786,7.1345],[12.8229,78.3792,0.2719],[12.8245,78.3807,0.3718],[12.8193,78.3818,0.963],[12.8203,78.3849,0.4528],[12.8104,78.3875,0.9399],[12.7943,78.388,16.6927],[12.7964,78.3912,11.5978],[12.825,78.3896,0.3602],[12.826599999999999,78.3912,0.3043],[12.8208,78.3917,0.3557],[12.8193,78.3932,0.8094],[12.8292,78.3938,0.3677],[12.8333,78.3958,0.1644],[12.8495,78.3932,2.2731],[12.8479,78.3917,11.4371],[12.838,78.3912,5.6971],[12.8479,78.3875,0.5826],[12.8729,78.3875,0.6004],[12.8745,78.3859,-0.6436],[12.8714,78.3849,-0.5332],[12.8729,78.3833,-0.5038],[12.8875,78.3833,2.6405],[12.8974,78.3807,4.6824],[12.8958,78.3792,2.2585],[12.8792,78.3792,3.2148],[12.875,78.3812,11.9799],[12.8568,78.3807,-0.2444],[12.8583,78.3792,1.4708],[12.8724,78.3766,1.1156],[12.8714,78.3734,0.6649],[12.8729,78.3729,0.6497],[12.8807,78.3734,0.7776],[12.8854,78.3771,2.5404],[12.9333,78.3771,40.6981],[12.9349,78.3766,34.626],[12.9339,78.3734,11.3756],[12.9354,78.3729,8.1477],[12.9396,78.3729,16.4335],[12.9438,78.3708,19.5275],[12.9578,78.3703,38.5464],[12.9563,78.3688,36.2958],[12.9375,78.3688,10.3302],[12.9333,78.3667,6.3393],[12.9167,78.3688,0.5996],[12.9151,78.3672,3.5661],[12.9307,78.3641,4.5367],[12.9297,78.3609,9.2275],[12.9354,78.3604,13.6306],[12.937,78.3588,19.8184],[12.9271,78.3583,13.2188],[12.9208,78.3542,7.1805],[12.9042,78.3562,4.4505],[12.8979,78.3521,9.2316],[12.888,78.3516,9.0243],[12.8813,78.3458,12.063],[12.8625,78.3458,2.0297],[12.8609,78.3443,9.8478],[12.8661,78.3432,15.6288],[12.863,78.338,0.0],[12.8786,78.3349,11.4424],[12.8755,78.3297,0.0],[12.8911,78.3266,14.1084],[12.8859,78.3214,2.2868],[12.8958,78.3187,2.5142],[12.9208,78.3187,1.4318],[12.9453,78.312,4.1689],[12.9443,78.3089,3.7441],[12.951599999999999,78.3078,3.3516],[12.9479,78.3042,1.456],[12.9255,78.3016,4.238],[12.9271,78.3,2.5981],[12.9417,78.3,3.1539],[12.951599999999999,78.2974,1.6766],[12.9474,78.2922,7.0978],[12.9443,78.2911,5.4351],[12.9391,78.2859,6.7064],[12.9276,78.2849,5.9622],[12.9234,78.2807,0.0],[12.9307,78.2776,15.169],[12.9193,78.2766,0.0],[12.9266,78.2734,13.1956],[12.9151,78.2724,0.0],[12.9167,78.2708,0.0],[12.9224,78.2703,11.2345],[12.9172,78.2651,0.0],[12.9245,78.2641,7.4231],[12.9234,78.2609,0.0],[12.9292,78.2604,15.033],[12.9307,78.2589,14.1484],[12.9068,78.2557,11.6955],[12.8984,78.2464,5.0176],[12.9203,78.2412,12.4496],[12.9193,78.238,0.0],[12.9208,78.2375,2.5631],[12.9333,78.2354,13.8926],[12.9375,78.2333,11.9718],[12.951599999999999,78.2328,6.8527],[12.9422,78.2214,7.7176],[12.9495,78.2203,8.7267],[12.9484,78.2172,5.857],[12.962,78.2141,6.0682],[12.9609,78.2109,1.4021],[12.9766,78.2078,4.1068],[12.9755,78.2047,3.9275],[12.9771,78.2042,3.4363],[13.0021,78.2042,0.0],[13.0062,78.2063,2.0134],[13.0161,78.2068,1.289],[13.0146,78.2083,1.4675],[13.0005,78.2089,3.1823],[13.0016,78.212,1.9513],[12.9943,78.213,14.9143],[12.9958,78.2146,3.1244],[13.025,78.2146,-0.1137],[13.0292,78.2167,0.2864],[13.0354,78.2167,0.7567],[13.0396,78.2146,3.8905],[13.0542,78.2146,3.2474],[13.0557,78.2161,0.0],[13.0505,78.2182,3.9103],[13.0604,78.2188,0.0],[13.0667,78.2229,2.7285],[13.076599999999999,78.2234,3.8905],[13.0833,78.2292,3.2763],[13.1021,78.2292,0.0],[13.1063,78.2312,3.8217],[13.125,78.2312,0.0],[13.1292,78.2333,0.3609],[13.1354,78.2333,2.5709],[13.1396,78.2312,0.0],[13.1625,78.2312,3.2221],[13.1833,78.225,0.0],[13.2146,78.2229,4.2044],[13.2271,78.2188,0.0],[13.2521,78.2188,3.4375],[13.2563,78.2167,0.0],[13.2625,78.2167,0.0],[13.2667,78.2188,5.1671],[13.2708,78.2188,5.9768],[13.275,78.2167,0.0],[13.3,78.2167,6.8969],[13.3042,78.2146,4.0372],[13.3563,78.2125,4.171],[13.3604,78.2104,0.0],[13.3667,78.2104,0.0],[13.3708,78.2125,6.0118],[13.3979,78.2125,7.7564],[13.4021,78.2104,0.0],[13.4563,78.2104,6.2724],[13.4604,78.2083,0.0],[13.475,78.2083,4.5923],[13.4792,78.2063,0.0],[13.5021,78.2063,4.3988],[13.5063,78.2042,0.0],[13.5208,78.2042,6.587],[13.525,78.2021,2.4054],[13.5479,78.2021,3.9765],[13.5521,78.2,0.0],[13.5688,78.2,0.0],[13.5729,78.2021,5.2897],[13.6208,78.2021,11.8203],[13.625,78.2,0.0],[13.6479,78.2,8.5309],[13.6521,78.1979,0.0],[13.6896,78.1979,0.0],[13.6938,78.2,8.9558],[13.7208,78.2,8.5408],[13.725,78.2021,16.6387],[13.775,78.2021,0.0],[13.7792,78.2042,17.3491],[13.7979,78.2042,0.0],[13.8021,78.2063,15.7195],[13.8104,78.2063,0.0],[13.8146,78.2083,18.5211],[13.8333,78.2083,0.0],[13.8375,78.2104,4.6571],[13.8458,78.2104,0.0],[13.8474,78.212,0.0],[13.8401,78.213,15.0946],[13.8411,78.2161,16.2835],[13.8359,78.2172,37.1948],[13.837,78.2203,11.8599],[13.8354,78.2208,10.5096],[13.8188,78.2208,53.2128],[13.8141,78.2172,97.8458],[13.8042,78.2167,195.5524],[13.8,78.2146,389.3282],[13.7625,78.2146,544.1414],[13.7547,78.2172,527.61],[13.7583,78.2208,487.8946],[13.775,78.2188,257.3123],[13.7792,78.2208,231.2669],[13.8078,78.2214,75.354],[13.8063,78.2229,82.4024],[13.7938,78.2229,159.3869],[13.7896,78.225,129.8577],[13.7833,78.225,222.7029],[13.7792,78.2229,316.2958],[13.7625,78.2229,436.5029],[13.7609,78.2234,497.1252],[13.762,78.2266,438.7223],[13.7547,78.2276,522.543],[13.7604,78.2312,360.7523],[13.7729,78.2292,204.742],[13.7771,78.2271,187.5181],[13.8146,78.2271,34.7933],[13.8188,78.2292,1.4505],[13.8375,78.2292,0.0],[13.8391,78.2307,0.0],[13.8234,78.2338,0.0],[13.8255,78.237,0.0],[13.8286,78.238,0.0],[13.8271,78.2396,0.0],[13.8208,78.2396,0.0],[13.8167,78.2375,0.0],[13.7984,78.238,0.0],[13.7995,78.2412,0.0],[13.7776,78.2464,0.0],[13.7786,78.2495,0.0],[13.7714,78.2505,0.0],[13.7724,78.2536,0.0],[13.7646,78.2562,0.0],[13.7568,78.2557,0.0],[13.7521,78.2521,0.0],[13.725,78.2521,8.2903],[13.7234,78.2526,10.0532],[13.7245,78.2557,0.5921],[13.7229,78.2562,2.3594],[13.7068,78.2568,14.3308],[13.7078,78.2599,4.216],[13.7026,78.2609,2.981],[13.7036,78.2641,0.0],[13.6875,78.2646,-0.615],[13.6859,78.2662,-0.4586],[13.6979,78.275,1.9747],[13.7146,78.275,2.6332],[13.7188,78.2729,0.0],[13.7417,78.2729,0.0],[13.7458,78.2708,0.0],[13.7813,78.2708,6.5656],[13.7828,78.2693,0.0],[13.7776,78.2651,0.0],[13.7938,78.2646,0.0],[13.7979,78.2625,0.0],[13.8125,78.2625,19.2807],[13.8141,78.2609,0.0],[13.8089,78.2568,0.0],[13.8271,78.2521,0.0],[13.8417,78.2521,27.7699],[13.8521,78.2479,0.0],[13.8578,78.2474,14.9409],[13.8568,78.2443,0.0],[13.8583,78.2438,0.0],[13.8625,78.2438,0.0],[13.8667,78.2417,0.0],[13.8807,78.2412,67.3069],[13.8792,78.2396,37.1334],[13.8708,78.2396,0.0],[13.8693,78.238,0.0],[13.8854,78.2375,27.2647],[13.887,78.237,36.0593],[13.8859,78.2338,0.0],[13.9104,78.2271,25.7086],[13.9167,78.2271,15.5252],[13.9229,78.2312,0.0],[13.9328,78.2318,0.0],[13.9313,78.2333,0.0],[13.9255,78.2338,0.0],[13.9286,78.237,0.0],[13.9229,78.2375,7.7063],[13.9214,78.2391,23.9759],[13.9255,78.2432,15.7052],[13.9354,78.2438,0.0],[13.937,78.2453,0.0],[13.9151,78.2505,34.035],[13.9182,78.2547,22.9678],[13.913,78.2568,30.9288],[13.9161,78.262,3.6683],[13.9104,78.2625,23.0768],[13.9089,78.2641,19.8833],[13.9328,78.2672,0.0],[13.937,78.2693,10.0208],[13.9432,78.2766,3.3428],[13.9375,78.2771,9.677],[13.9271,78.2813,8.2571],[13.9125,78.2813,18.1771],[13.9026,78.2839,16.0365],[13.9042,78.2854,6.6514],[13.9141,78.2859,4.8434],[13.9068,78.2891,1.1578],[13.9203,78.2901,0.0],[13.9224,78.2922,0.0],[13.9208,78.2937,0.0],[13.9042,78.2937,0.0],[13.8995,78.2901,3.9522],[13.8917,78.2896,9.1871],[13.8875,78.2917,0.0],[13.8521,78.2917,37.2559],[13.8479,78.2937,47.5799],[13.8354,78.2937,72.9268],[13.8339,78.2953,59.7338],[13.8453,78.2963,39.3797],[13.8521,78.3021,34.7152],[13.8604,78.3021,41.7213],[13.8646,78.3042,53.021],[13.8938,78.3042,0.0],[13.9,78.3083,90.8513],[13.9083,78.3083,83.6827],[13.913,78.312,77.8044],[13.9208,78.3125,53.231],[13.9224,78.312,46.0891],[13.9214,78.3089,46.0837],[13.9286,78.3078,27.5313],[13.9276,78.3047,0.0],[13.9292,78.3042,1.3474],[13.9333,78.3042,7.7854],[13.9375,78.3021,0.0],[13.95,78.3021,18.8079],[13.9625,78.2979,0.0],[13.9875,78.2979,5.7258],[13.9891,78.2963,2.5065],[13.9859,78.2943,0.0],[13.9875,78.2937,0.0],[14.0208,78.2917,1.2573],[14.0333,78.2875,5.1623],[14.0375,78.2875,11.3687],[14.0417,78.2896,4.932],[14.0583,78.2896,0.2003],[14.0599,78.288,0.5559],[14.0359,78.2849,14.1815],[14.0432,78.2818,2.6156],[14.0333,78.2813,15.5742],[14.0297,78.2776,7.4383],[14.0474,78.2786,0.0],[14.0422,78.2714,0.0],[14.0479,78.2708,10.4848],[14.0495,78.2693,20.8961],[14.0464,78.2682,0.0],[14.0401,78.262,0.0],[14.0417,78.2604,0.0],[14.0474,78.2599,0.0],[14.0443,78.2568,0.0],[14.0599,78.2536,7.8431],[14.0589,78.2505,2.9958],[14.0641,78.2495,5.4402],[14.063,78.2464,0.0],[14.0646,78.2458,0.0],[14.0813,78.2458,0.0],[14.0875,78.25,4.1574],[14.0974,78.2505,0.0],[14.0922,78.2536,4.3201],[14.1036,78.2547,0.0],[14.088,78.2599,5.4615],[14.0964,78.2662,6.3689],[14.1078,78.2672,0.0],[14.1063,78.2688,0.0],[14.1005,78.2693,3.2316],[14.1021,78.2708,0.0],[14.112,78.2714,0.0],[14.1068,78.2745,14.222],[14.1167,78.275,0.0],[14.1229,78.2792,13.6481],[14.1438,78.2813,0.0],[14.15,78.2854,13.7781],[14.1792,78.2854,0.0],[14.1833,78.2875,0.7765],[14.1917,78.2875,0.0],[14.1958,78.2896,3.3542],[14.2042,78.2896,0.0],[14.2083,78.2917,3.1148],[14.2479,78.2917,0.0],[14.2563,78.2958,3.3085],[14.2771,78.2979,0.0],[14.2833,78.3021,0.0],[14.2932,78.3026,0.0],[14.2917,78.3042,3.4767],[14.2859,78.3047,4.2339],[14.2953,78.313,0.0],[14.2901,78.3151,3.724],[14.2911,78.3182,5.9639],[14.275,78.3187,17.4125],[14.2625,78.3229,0.0],[14.25,78.3229,13.0911],[14.2484,78.3234,4.0836],[14.2495,78.3266,0.0],[14.2422,78.3276,2.2477],[14.2474,78.3328,0.0],[14.2318,78.3359,0.0],[14.2354,78.3396,1.3744],[14.2417,78.3396,1.848],[14.2458,78.3375,0.0],[14.2641,78.338,0.0],[14.2625,78.3396,0.0],[14.2464,78.3401,0.236],[14.2536,78.3464,0.0],[14.2521,78.3479,0.0],[14.2375,78.3479,0.0],[14.2333,78.35,0.0],[14.2271,78.35,0.0],[14.2229,78.3479,0.0],[14.2146,78.3479,0.0],[14.2109,78.3453,0.0],[14.2125,78.3438,0.0],[14.2182,78.3432,0.0],[14.2167,78.3417,21.1809],[14.1979,78.3417,0.0],[14.1937,78.3396,2.5604],[14.1776,78.3422,0.0],[14.1786,78.3453,0.0],[14.1714,78.3464,0.0],[14.1745,78.3484,0.0],[14.1729,78.35,0.0],[14.1667,78.35,0.0],[14.1583,78.3458,0.0],[14.1526,78.3464,0.0],[14.1536,78.3495,0.0],[14.1521,78.35,0.0],[14.1125,78.3479,14.1724],[14.1083,78.3458,67.6247],[14.0375,78.3458,193.4575],[14.0333,78.3438,185.1299],[14.0172,78.3464,351.5076],[14.0208,78.35,136.4413],[14.0375,78.35,109.3692],[14.0417,78.3479,142.3845],[14.0896,78.3479,134.3192],[14.0938,78.35,52.5054],[14.1141,78.3505,2.2754],[14.1125,78.3521,1.8218],[14.0583,78.3521,52.9632],[14.0484,78.3547,47.4908],[14.0495,78.3578,0.0],[14.0422,78.3588,0.4641],[14.0438,78.3604,7.218],[14.0521,78.3604,0.0],[14.0604,78.3646,0.0],[14.1167,78.3646,16.5234],[14.1182,78.363,0.0],[14.1083,78.3625,0.0],[14.1068,78.3609,0.0],[14.1229,78.3604,0.0],[14.1417,78.3542,0.0],[14.1479,78.3542,0.0],[14.1495,78.3557,0.0],[14.1375,78.3583,0.0],[14.1359,78.3599,0.0],[14.1458,78.3604,0.0],[14.15,78.3625,0.0],[14.1688,78.3625,0.0],[14.175,78.3667,4.322],[14.1953,78.3672,1.6392],[14.1875,78.3708,9.804],[14.1818,78.3714,15.5095],[14.1828,78.3745,9.6001],[14.1771,78.375,15.1322],[14.1667,78.3792,12.093],[14.15,78.3792,65.2319],[14.1458,78.3771,132.4728],[14.1396,78.3771,205.6742],[14.1354,78.3792,236.2686],[14.1193,78.3797,408.127],[14.1208,78.3812,361.3342],[14.1432,78.3839,35.6268],[14.138,78.3859,17.8714],[14.1396,78.3875,0.0],[14.1646,78.3875,3.4816],[14.1688,78.3854,0.0],[14.175,78.3854,0.0],[14.1839,78.3912,0.0],[14.1953,78.3922,0.0],[14.1854,78.3958,0.0],[14.1729,78.3958,0.0],[14.163,78.3984,0.0],[14.1646,78.4,0.0],[14.1745,78.4005,0.0],[14.1766,78.4036,0.0],[14.1547,78.4089,0.0],[14.1599,78.4151,0.0],[14.1583,78.4167,0.0],[14.1417,78.4167,0.0],[14.1328,78.4089,0.0],[14.1214,78.4078,0.0],[14.1229,78.4063,0.0],[14.1578,78.4057,0.0],[14.1563,78.4042,0.0],[14.1359,78.4036,0.0],[14.1375,78.4021,0.0],[14.1432,78.4016,1.749],[14.1422,78.3984,2.3237],[14.1557,78.3953,0.0],[14.1542,78.3938,0.0],[14.1479,78.3938,0.0],[14.1438,78.3958,0.0],[14.1375,78.3958,0.0],[14.1333,78.3938,0.0],[14.1167,78.3938,0.0],[14.1125,78.3958,0.0],[14.0979,78.3958,0.0],[14.0938,78.3938,1.3206],[14.0875,78.3938,13.1447],[14.0776,78.3964,23.6059],[14.0786,78.3995,0.7418],[14.063,78.4026,0.0],[14.0688,78.4063,0.0],[14.0786,78.4068,0.0],[14.0849,78.413,0.0],[14.0797,78.4161,0.0],[14.0859,78.4224,0.0],[14.0974,78.4234,0.0],[14.0922,78.4255,0.0],[14.0938,78.4271,0.0],[14.1313,78.4271,33.853],[14.139099999999999,78.4245,13.4964],[14.138,78.4213,0.0],[14.1396,78.4208,0.0],[14.1542,78.4208,0.5917],[14.1703,78.4161,0.0],[14.1693,78.413,0.0],[14.1708,78.4125,0.0],[14.1771,78.4125,0.0],[14.1813,78.4146,0.0],[14.2188,78.4146,10.8243],[14.2396,78.4083,1.3502],[14.2521,78.4083,4.2739],[14.2563,78.4063,2.6712],[14.2813,78.4063,15.9561],[14.3479,78.3875,0.0],[14.3646,78.3896,5.8048],[14.3661,78.3891,10.1213],[14.3651,78.3859,0.0],[14.4063,78.375,14.1279],[14.4141,78.3755,2.999],[14.4182,78.3797,0.3124],[14.4109,78.3828,0.9059],[14.4208,78.3833,0.3002],[14.4297,78.3891,0.565],[14.4396,78.3896,0.026],[14.4458,78.3938,2.3228],[14.4521,78.3938,2.7245],[14.4563,78.3917,0.5387],[14.5021,78.3917,1.9183],[14.5146,78.3875,0.0],[14.5667,78.3854,2.3634],[14.5828,78.3807,0.0],[14.5818,78.3776,0.0],[14.5833,78.3771,0.0],[14.6417,78.3771,5.7365],[14.6458,78.3792,10.079],[14.6542,78.3792,0.0],[14.6583,78.3812,0.0],[14.7021,78.3833,3.0918],[14.7063,78.3854,8.5292],[14.7146,78.3854,2.9941],[14.7188,78.3875,0.0],[14.7354,78.3875,0.0],[14.7458,78.3833,2.4215],[14.7516,78.3828,6.0969],[14.7505,78.3797,0.0],[14.7583,78.3792,2.7058],[14.762,78.3828,0.0],[14.7547,78.3839,4.6367],[14.7578,78.387,2.846],[14.7422,78.3901,12.4076],[14.7432,78.3932,0.0],[14.7292,78.3938,15.6599],[14.7276,78.3943,15.8644],[14.7286,78.3974,0.0],[14.6839,78.4089,11.2926],[14.6849,78.412,0.0],[14.6693,78.4151,4.7331],[14.6724,78.4182,0.0],[14.6651,78.4193,0.0],[14.6661,78.4224,0.0],[14.6443,78.4276,1.9707],[14.6453,78.4307,0.0],[14.6401,78.4328,2.2859],[14.6495,78.4411,0.0],[14.6339,78.4443,2.8124],[14.6349,78.4474,0.0],[14.6188,78.4521,0.0],[14.5854,78.4542,4.1823],[14.5583,78.4625,0.0],[14.5229,78.4625,5.2209],[14.5188,78.4646,0.7027],[14.5063,78.4646,0.1893],[14.5047,78.4661,-0.0978],[14.5146,78.4667,0.0],[14.5161,78.4682,0.1016],[14.5063,78.4708,0.0],[14.5,78.4708,0.0],[14.4953,78.4672,-0.1114],[14.4875,78.4667,0.2581],[14.4833,78.4688,3.7584],[14.4583,78.4688,0.7688],[14.4542,78.4708,7.0802],[14.4292,78.4708,8.7388],[14.425,78.4729,1.7668],[14.4,78.4729,0.0],[14.3984,78.4745,0.0],[14.4016,78.4766,0.0],[14.3875,78.4792,0.0],[14.3859,78.4807,0.0],[14.4167,78.4812,0.0],[14.4182,78.4828,0.0],[14.4104,78.4854,0.0],[14.3938,78.4833,0.0],[14.3896,78.4854,0.0],[14.3646,78.4854,0.0],[14.3547,78.488,0.0],[14.3578,78.4932,0.0],[14.3526,78.4943,0.0],[14.3536,78.4974,0.0],[14.3521,78.4979,0.0],[14.3443,78.4974,0.0],[14.3396,78.4938,0.0],[14.2979,78.4938,0.0],[14.2938,78.4917,0.0],[14.2755,78.4922,0.0],[14.2786,78.4953,0.0],[14.2729,78.4958,0.0],[14.2714,78.4974,10.1114],[14.2932,78.4984,0.0],[14.2917,78.5,0.0],[14.2859,78.5005,13.0452],[14.2875,78.5021,19.6041],[14.3188,78.5021,0.0],[14.3229,78.5042,13.0457],[14.3417,78.5042,16.7097],[14.3458,78.5062,12.936],[14.3625,78.5042,5.0517],[14.3667,78.5062,3.2719],[14.3854,78.5062,0.0],[14.3932,78.5109,5.5642],[14.3833,78.5146,8.5151],[14.3771,78.5146,5.4484],[14.3729,78.5125,10.1635],[14.3563,78.5125,9.0595],[14.3464,78.5151,15.8906],[14.3474,78.5182,10.1963],[14.3458,78.5188,15.8168],[14.3313,78.5188,8.4397],[14.3234,78.5214,33.3489],[14.3245,78.5245,0.0],[14.3229,78.525,0.0],[14.2964,78.5255,15.1452],[14.2984,78.5286,0.0],[14.3083,78.5292,0.0],[14.3141,78.5318,0.0],[14.3203,78.5391,0.0],[14.3047,78.5401,0.0],[14.3057,78.5432,0.0],[14.3,78.5437,0.0],[14.2984,78.5453,0.0],[14.3099,78.5463,0.0],[14.3083,78.5479,0.0],[14.3026,78.5484,0.0],[14.3057,78.5516,29.6527],[14.2896,78.5521,45.566],[14.288,78.5537,52.4266],[14.3,78.5625,35.4969],[14.3167,78.5625,34.5358],[14.3182,78.5609,27.1188],[14.3083,78.5604,25.7626],[14.3026,78.5568,36.13],[14.3104,78.5563,9.2219],[14.3146,78.5583,14.1696],[14.3208,78.5583,10.4038],[14.325,78.5563,3.1918],[14.3396,78.5563,0.9324],[14.3411,78.5557,4.5425],[14.3401,78.5526,0.0],[14.3417,78.5521,0.0],[14.3563,78.5521,0.0],[14.3604,78.55,0.0],[14.3682,78.5505,0.0],[14.3667,78.5521,0.0],[14.3609,78.5526,0.0],[14.3625,78.5542,2.467],[14.3688,78.5542,2.488],[14.3729,78.5521,0.0],[14.3896,78.5521,0.0],[14.3938,78.5542,0.8478],[14.4417,78.5542,5.5212],[14.4458,78.5521,2.7891],[14.4604,78.5521,4.0992],[14.4646,78.55,0.0],[14.5188,78.5479,0.0],[14.5229,78.5458,0.0],[14.5375,78.5458,2.2358],[14.5417,78.5437,0.0],[14.562,78.5463,0.0],[14.5604,78.5479,0.0],[14.5547,78.5484,0.0],[14.5563,78.55,0.0],[14.5625,78.55,0.0],[14.5667,78.5479,0.0],[14.5833,78.5479,0.0],[14.5891,78.5505,0.0],[14.5875,78.5521,10.011],[14.5818,78.5526,9.105],[14.5828,78.5557,11.3792],[14.5526,78.563,29.3314],[14.5536,78.5661,0.0],[14.5318,78.5714,28.9945],[14.5328,78.5745,9.3598],[14.5193,78.5776,31.528199999999998],[14.5208,78.5792,30.7326],[14.5307,78.5797,0.0],[14.5234,78.5828,12.0991],[14.5286,78.5859,0.0],[14.5328,78.5911,0.0],[14.5255,78.5922,5.3456],[14.5286,78.5953,0.0],[14.5214,78.5964,0.0],[14.5224,78.5995,0.0],[14.5083,78.6021,15.9415],[14.5068,78.6036,28.602],[14.5125,78.6062,14.511],[14.5224,78.6068,0.0],[14.5208,78.6083,0.0],[14.5151,78.6088,25.8512],[14.5172,78.612,3.5279],[14.5214,78.6141,0.0],[14.5328,78.6151,0.0],[14.5255,78.6182,3.9263],[14.5391,78.6193,0.0],[14.5375,78.6208,0.0],[14.5318,78.6214,0.0],[14.5328,78.6245,0.0],[14.5255,78.6255,21.1685],[14.5266,78.6286,4.7356],[14.5214,78.6297,0.0],[14.5245,78.6349,0.0],[14.5172,78.6359,3.1284],[14.5234,78.6412,0.2581],[14.5349,78.6422,4.1516],[14.5333,78.6438,0.0],[14.5276,78.6443,4.8784],[14.5328,78.6495,2.1089],[14.5146,78.6542,0.0],[14.5,78.6542,2.3289],[14.4984,78.6557,6.4231],[14.5016,78.6578,6.363],[14.5,78.6583,2.1942],[14.4854,78.6583,5.5571],[14.4672,78.663,0.0],[14.4688,78.6646,0.0],[14.475,78.6646,0.0],[14.4792,78.6625,0.0],[14.4958,78.6625,0.0],[14.5016,78.6661,0.0],[14.475,78.6667,0.0],[14.4708,78.6687,0.0],[14.4667,78.6687,0.0],[14.4651,78.6703,0.0],[14.4672,78.6724,0.0],[14.4771,78.6729,0.0],[14.4786,78.6745,0.0],[14.4625,78.6792,0.0],[14.4479,78.6792,0.0],[14.4464,78.6807,0.0],[14.45,78.6833,0.0],[14.4583,78.6833,0.0],[14.4625,78.6854,0.0],[14.4813,78.6854,0.0],[14.4854,78.6833,0.0],[14.5125,78.6833,0.0],[14.5167,78.6854,0.5434],[14.5266,78.6859,1.2182],[14.5359,78.6932,19.9278],[14.5458,78.6937,3.7902],[14.55,78.6958,9.2512],[14.5917,78.6958,0.0],[14.5958,78.6979,2.8543],[14.6167,78.6979,0.0],[14.6224,78.7037,-0.2856],[14.6167,78.7042,0.071],[14.6151,78.7057,17.2502],[14.6271,78.7063,0.0],[14.6333,78.7104,11.0028],[14.6432,78.7109,0.0],[14.6354,78.7146,29.5663],[14.6193,78.7151,167.1902],[14.6245,78.7224,77.9525],[14.6193,78.7245,154.6748],[14.6245,78.7307,0.3307],[14.6193,78.7328,3.0953],[14.6292,78.7333,0.5884],[14.6333,78.7354,0.2745],[14.6604,78.7354,0.118],[14.662,78.7338,0.0737],[14.6521,78.7333,-0.0043],[14.6484,78.7297,-0.0181],[14.6646,78.7271,-0.2281],[14.6661,78.7286,0.1352],[14.6604,78.7292,0.1255],[14.6589,78.7307,0.017],[14.6667,78.7312,0.4355],[14.6766,78.7286,0.5217],[14.6734,78.7266,0.2141],[14.675,78.725,-0.0497],[14.6833,78.725,-0.4335],[14.6875,78.7271,-0.294],[14.7063,78.7271,-0.0064],[14.7104,78.7292,-0.1403],[14.7208,78.7292,-0.0907],[14.725,78.7312,0.1391],[14.7521,78.7312,0.4501],[14.7536,78.7297,0.0],[14.7484,78.7255,0.0],[14.7667,78.7208,0.0],[14.7854,78.7229,0.0],[14.7896,78.725,0.119],[14.7979,78.725,-0.4055],[14.8083,78.7208,-0.1859],[14.8141,78.7203,-0.2267],[14.813,78.7172,-0.0801],[14.8188,78.7167,0.451],[14.8203,78.7151,6.1812],[14.8068,78.7141,0.0],[14.7984,78.7068,0.0],[14.8083,78.7042,0.0],[14.8245,78.7037,9.6906],[14.8214,78.6984,0.0],[14.826599999999999,78.6964,0.0],[14.8234,78.6922,4.161],[14.8307,78.6911,27.2368],[14.8255,78.6859,0.0],[14.8313,78.6854,29.9164],[14.8328,78.6839,27.0508],[14.8208,78.6833,0.0],[14.8193,78.6818,0.0],[14.826599999999999,78.6807,0.0],[14.8255,78.6776,0.0],[14.8328,78.6766,4.5989],[14.8297,78.6734,0.0],[14.837,78.6724,7.5556],[14.8359,78.6693,0.0],[14.8432,78.6682,0.0],[14.838,78.663,0.0],[14.8438,78.6625,0.0],[14.8453,78.6609,3.9056],[14.8354,78.6604,0.6354],[14.8313,78.6583,5.9779],[14.8208,78.6583,0.0],[14.8167,78.6563,7.1374],[14.8,78.6583,0.0],[14.7984,78.6568,2.411],[14.8042,78.6563,2.9624],[14.8057,78.6547,8.4777],[14.7937,78.6542,2.5101],[14.7896,78.6521,8.7636],[14.7688,78.65,1.8868],[14.7646,78.6479,13.5137],[14.7542,78.6479,0.0],[14.7505,78.6443,0.0],[14.7578,78.6432,8.9225],[14.7568,78.6401,0.0],[14.7786,78.6349,1.4903],[14.7776,78.6318,0.0],[14.7854,78.6292,0.0],[14.8,78.6292,0.0],[14.826599999999999,78.6224,3.7543],[14.8234,78.6203,15.6228],[14.825,78.6188,15.6263],[14.8375,78.6167,6.0052],[14.8417,78.6146,0.0],[14.8563,78.6146,15.0628],[14.8687,78.6104,3.2006],[14.8813,78.6104,20.9615],[14.8828,78.6088,20.0639],[14.8729,78.6083,2.6023],[14.8714,78.6068,0.0],[14.8854,78.6042,4.0695],[14.8958,78.6,2.6442],[14.9104,78.6,0.0],[14.9146,78.5979,0.0],[14.9188,78.5979,0.0],[14.9203,78.5974,0.0],[14.9193,78.5943,0.0],[14.9271,78.5917,0.0],[14.9521,78.5917,0.0],[14.9563,78.5896,0.0],[14.9625,78.5896,0.0],[14.9708,78.5938,0.0],[14.9807,78.5943,0.0],[14.9896,78.6,17.5591],[14.9995,78.6005,7.0928],[15.0057,78.6057,0.0],[14.9958,78.6083,0.0],[14.9812,78.6083,2.2879],[14.9771,78.6104,0.0],[14.9729,78.6104,3.4196],[14.9714,78.612,3.5032],[14.9833,78.6125,0.0],[14.9849,78.6141,0.0],[14.9625,78.6188,2.6144],[14.9609,78.6203,0.0],[14.9667,78.6229,0.0],[14.9766,78.6234,0.0],[14.9854,78.6292,0.0],[15.025,78.6292,0.0],[15.0292,78.6312,0.0],[15.0354,78.6312,0.0],[15.0396,78.6292,0.0],[15.0563,78.6292,0.0],[15.0578,78.6307,0.0],[15.0526,78.6318,0.0],[15.0536,78.6349,0.0],[15.0479,78.6354,3.1838],[15.0464,78.637,6.6405],[15.0688,78.6375,0.0],[15.0724,78.6401,0.0],[15.0708,78.6417,0.0],[15.0568,78.6443,0.0],[15.0583,78.6458,26.2496],[15.0688,78.6458,0.0],[15.0729,78.6479,0.0],[15.0813,78.6479,0.0],[15.0854,78.65,0.0],[15.0958,78.65,0.0],[15.1,78.6521,4.4027],[15.1083,78.6521,0.0],[15.1125,78.6542,3.583],[15.1208,78.6542,0.0],[15.125,78.6563,6.8449],[15.1854,78.6563,10.4286],[15.1979,78.6521,0.0],[15.2146,78.6521,0.0],[15.2188,78.6542,8.1792],[15.225,78.6542,3.3557],[15.2292,78.6521,0.0],[15.2354,78.6521,0.0],[15.237,78.6536,0.6544],[15.2297,78.6547,10.8322],[15.2349,78.6599,0.0],[15.213,78.6651,20.8643],[15.2141,78.6682,0.0],[15.2,78.6708,35.0944],[15.1896,78.675,25.4383],[15.1734,78.6755,92.3537],[15.1776,78.6807,36.9195],[15.1896,78.6813,0.0],[15.1911,78.6828,0.0],[15.1813,78.6854,0.0],[15.175,78.6854,15.2588],[15.1708,78.6833,103.0442],[15.1542,78.6833,366.1348],[15.1526,78.6849,344.8456],[15.1625,78.6854,229.8736],[15.1641,78.687,179.9856],[15.1479,78.6875,306.2167],[15.1438,78.6896,237.6011],[15.1292,78.6896,223.7788],[15.1276,78.6911,149.1523],[15.15,78.6917,93.7767],[15.1542,78.6937,50.4445],[15.1604,78.6937,45.4004],[15.1703,78.6911,12.5498],[15.1672,78.688,49.9474],[15.1771,78.6875,0.0],[15.1813,78.6896,2.3026],[15.1911,78.6901,0.0],[15.1974,78.6943,0.0],[15.1958,78.6958,0.0],[15.1589,78.7047,8.8421],[15.163,78.7099,12.9546],[15.1672,78.712,0.0],[15.1771,78.7125,0.0],[15.1813,78.7146,0.0],[15.1917,78.7146,0.0],[15.1974,78.7193,0.4563],[15.1813,78.725,0.9361],[15.1667,78.725,9.539],[15.1484,78.7297,17.7362],[15.1542,78.7333,10.3832],[15.1641,78.7338,0.0],[15.1625,78.7354,0.0],[15.1568,78.7359,0.0],[15.162,78.7412,0.0],[15.1563,78.7417,18.8706],[15.1547,78.7432,27.0448],[15.1646,78.7438,0.0],[15.1661,78.7453,0.0],[15.1609,78.7474,8.522],[15.1724,78.7484,0.0],[15.1708,78.75,0.0],[15.1651,78.7505,16.5417],[15.1724,78.7578,4.4167],[15.1672,78.7589,7.9845],[15.1703,78.7641,0.0],[15.1646,78.7646,5.4369],[15.163,78.7662,9.7443],[15.1687,78.7688,5.2124],[15.1771,78.7688,0.0],[15.1854,78.7729,4.561],[15.2063,78.775,0.0],[15.212,78.7776,0.0],[15.2047,78.7807,0.7845],[15.2193,78.7911,23.3599],[15.2307,78.7922,0.0],[15.2292,78.7937,7.4583],[15.2234,78.7943,33.8529],[15.2297,78.7995,14.2356],[15.2432,78.8005,0.0],[15.2417,78.8021,0.0],[15.2359,78.8026,7.9631],[15.2391,78.8078,7.6415],[15.2339,78.8099,37.5204],[15.2453,78.8109,-0.1644],[15.2625,78.8229,-0.025],[15.2792,78.8208,-0.3184],[15.2833,78.8229,-0.1569],[15.3042,78.8229,-0.3569],[15.3083,78.825,-0.3712],[15.3688,78.825,0.2166],[15.3703,78.8234,-0.3599],[15.3583,78.8229,-0.2032],[15.3568,78.8214,-0.3477],[15.375,78.8167,-0.4083],[15.3813,78.8167,-0.4985],[15.3875,78.8208,-0.3121],[15.4099,78.8214,-0.0882],[15.388,78.8287,0.2061],[15.4167,78.8292,-0.1261],[15.4208,78.8271,-0.4098],[15.4417,78.8229,-0.2974],[15.4495,78.8203,32.096],[15.4484,78.8172,4.5382],[15.4557,78.8161,33.9469],[15.4484,78.8099,9.5452],[15.4536,78.8068,38.1473],[15.4422,78.8057,0.0],[15.4318,78.7974,0.0],[15.437,78.7953,3.1466],[15.4359,78.7922,0.0],[15.4417,78.7917,21.0506],[15.4432,78.7901,20.0527],[15.4333,78.7833,49.7238],[15.4229,78.7833,20.7394],[15.4167,78.7792,6.0315],[15.4063,78.7792,3.1442],[15.4047,78.7776,0.7088],[15.4313,78.7708,0.0],[15.4375,78.7708,0.0],[15.4417,78.7729,0.0],[15.4495,78.7724,7.5851],[15.4484,78.7693,0.0],[15.4536,78.7672,0.0],[15.4464,78.7609,0.0],[15.4536,78.7599,0.0],[15.4526,78.7568,0.0],[15.4771,78.75,0.0],[15.4917,78.75,-0.3684],[15.4958,78.7479,0.0114],[15.5,78.7479,0.2275],[15.5016,78.7464,0.1463],[15.4984,78.7443,0.0],[15.5057,78.7432,1.0301],[15.4984,78.7359,9.0492],[15.5042,78.7354,24.503],[15.5057,78.7338,30.6042],[15.4922,78.7328,0.0],[15.4995,78.7297,44.8083],[15.4896,78.7292,0.0],[15.4839,78.7266,0.0],[15.4911,78.7234,19.8189],[15.4766,78.713,4.4549],[15.4651,78.712,0.6018],[15.4729,78.7083,0.868],[15.4786,78.7078,3.0987],[15.4776,78.7047,0.0],[15.4833,78.7042,5.934],[15.4849,78.7026,23.3087],[15.4771,78.6979,14.3308],[15.4651,78.6974,0.0],[15.4609,78.6922,0.0],[15.4896,78.6854,78.2989],[15.4911,78.6839,108.1551],[15.4776,78.6828,23.9454],[15.4651,78.6724,0.0],[15.4729,78.6687,0.0],[15.4786,78.6682,19.688],[15.4766,78.6651,23.1772],[15.4542,78.6646,0.0],[15.4484,78.6599,0.0],[15.4536,78.6568,0.79],[15.4411,78.6464,1.6916],[15.438,78.6453,0.0],[15.4396,78.6438,0.0],[15.4536,78.6412,0.0],[15.4453,78.6339,7.9476],[15.4318,78.6328,3.057],[15.4266,78.6276,13.4211],[15.4208,78.625,17.3484],[15.4021,78.625,0.0],[15.3979,78.6229,4.8824],[15.3859,78.6224,1.1897],[15.3734,78.612,13.1469],[15.3786,78.6099,143.5163],[15.3771,78.6083,238.3918],[15.3604,78.6104,5.5706],[15.3563,78.6083,14.1765],[15.3479,78.6083,2.9091],[15.3438,78.6062,18.1963],[15.3271,78.6062,3.4331],[15.3229,78.6083,0.4455],[15.3167,78.6083,0.4891],[15.3125,78.6062,3.2248],[15.2604,78.6062,0.7006],[15.2563,78.6042,2.9877],[15.25,78.6042,3.135],[15.2458,78.6062,1.756],[15.2188,78.6062,0.637],[15.2146,78.6042,4.1161],[15.2042,78.6042,5.4609],[15.1979,78.6,5.2764],[15.1776,78.5995,0.0],[15.1854,78.5958,0.0],[15.1917,78.5958,0.0],[15.1958,78.5979,0.0],[15.2167,78.5979,0.0],[15.2208,78.6,0.0],[15.2375,78.6,5.4623],[15.2474,78.5974,9.0813],[15.2375,78.5896,1.4863],[15.2271,78.5896,2.4448],[15.2229,78.5875,4.1416],[15.2146,78.5875,3.966],[15.2104,78.5854,2.0696],[15.2021,78.5854,1.9376],[15.1979,78.5833,1.2634],[15.1875,78.5833,1.2616],[15.1859,78.5818,0.0],[15.2125,78.5813,1.6508],[15.2307,78.5766,1.2262],[15.2276,78.5734,0.0],[15.2333,78.5729,0.0],[15.2349,78.5714,0.0],[15.2297,78.5682,0.0],[15.2276,78.5651,0.0],[15.2349,78.5641,0.0],[15.2339,78.5609,0.0],[15.2391,78.5599,7.781],[15.238,78.5568,0.0],[15.2453,78.5557,7.9986],[15.2422,78.5526,0.0],[15.2495,78.5516,9.694],[15.2479,78.55,0.0],[15.2396,78.55,0.0],[15.238,78.5484,0.0],[15.2536,78.5474,13.8729],[15.2505,78.5422,0.0],[15.2578,78.5411,30.1548],[15.2526,78.5359,15.6299],[15.2583,78.5354,48.4218],[15.2599,78.5339,77.9891],[15.2464,78.5328,0.0],[15.2479,78.5313,0.0],[15.2536,78.5307,26.4281],[15.2484,78.5255,0.0],[15.2557,78.5245,4.4592],[15.2547,78.5214,0.0],[15.2682,78.5182,20.3752],[15.2672,78.5151,0.0],[15.2807,78.512,35.4099],[15.2797,78.5089,5.06],[15.287,78.5078,45.5754],[15.2818,78.5026,0.0],[15.2974,78.4995,30.6671],[15.2943,78.4964,0.0],[15.3083,78.4938,8.8931],[15.3188,78.4896,0.0],[15.3333,78.4896,9.429],[15.3521,78.4833,0.9551],[15.3667,78.4833,9.4877],[15.3682,78.4828,8.2188],[15.3672,78.4797,5.6875],[15.3807,78.4766,10.2781],[15.3797,78.4734,0.0],[15.3974,78.4724,11.3076],[15.3943,78.4693,0.0],[15.4161,78.4641,8.217],[15.4151,78.4609,0.0],[15.425,78.4583,0.0],[15.4688,78.4583,21.4562],[15.4729,78.4563,0.0],[15.4792,78.4563,0.0],[15.4833,78.4583,20.2408],[15.5,78.4583,14.8882],[15.5042,78.4563,0.0],[15.5104,78.4563,0.0],[15.5146,78.4583,0.0],[15.5313,78.4583,3.3272],[15.5354,78.4563,0.0],[15.5417,78.4563,0.0],[15.5458,78.4583,0.0],[15.6083,78.4583,0.0],[15.6125,78.4604,0.0],[15.6313,78.4604,0.0],[15.6375,78.4646,69.3737],[15.6688,78.4646,0.0],[15.675,78.4688,31.377],[15.6938,78.4688,0.0],[15.6979,78.4708,20.163],[15.7083,78.4708,0.0],[15.7125,78.4729,19.1359],[15.7313,78.4729,0.0],[15.7354,78.475,29.826],[15.8375,78.475,0.0],[15.8417,78.4771,9.6913],[15.8729,78.4771,0.0],[15.8771,78.4792,18.3963],[15.8958,78.4792,0.0],[15.9,78.4812,7.4848],[15.9417,78.4812,0.0],[15.9458,78.4833,0.0],[15.9542,78.4833,0.0],[15.9583,78.4854,0.0],[15.9667,78.4854,0.0],[15.9771,78.4917,8.9505],[16.0,78.4938,0.0],[16.0063,78.4979,0.0],[16.0182,78.4984,0.0],[16.037,78.513,0.0],[16.0354,78.5146,0.0],[16.0229,78.5146,5.1759],[16.0214,78.5151,5.1759],[16.0224,78.5182,0.0],[16.0125,78.5208,0.0],[15.9984,78.5214,23.456],[16.0021,78.525,7.7846],[16.012,78.5255,0.0],[16.0042,78.5292,0.215],[15.9984,78.5297,-0.0287],[16.0,78.5313,-0.3226],[16.0104,78.5313,0.0],[16.0146,78.5333,0.0],[16.0208,78.5333,0.0],[16.0458,78.525,0.0],[16.0812,78.5229,0.0],[16.0854,78.525,0.0],[16.0958,78.525,0.0],[16.1,78.5271,28.1579],[16.1188,78.5271,0.0],[16.125,78.5313,5.8537],[16.1354,78.5313,0.0],[16.1417,78.5354,11.2896],[16.1521,78.5354,0.0],[16.1563,78.5375,0.0],[16.1625,78.5375,0.0],[16.1667,78.5354,0.0],[16.1833,78.5354,0.0],[16.1849,78.537,0.0],[16.1688,78.5375,0.0],[16.1672,78.5391,0.0],[16.1792,78.5396,0.0],[16.1833,78.5417,0.0],[16.2021,78.5417,0.0],[16.2062,78.5437,0.0],[16.225,78.5437,0.0],[16.2292,78.5458,0.0],[16.2396,78.5458,0.0],[16.2437,78.5479,0.0],[16.2625,78.5479,0.0],[16.2641,78.5495,0.0],[16.2589,78.5516,0.0],[16.2625,78.5542,0.0],[16.2938,78.5542,0.0],[16.2953,78.5557,0.0],[16.288,78.5568,0.0],[16.2901,78.5599,0.0],[16.2953,78.563,1.5603],[16.2901,78.5661,15.7557],[16.312,78.5672,0.0],[16.3141,78.5703,0.0],[16.3089,78.5724,0.0],[16.3141,78.5766,0.0],[16.3068,78.5776,108.5499],[16.3078,78.5807,82.7254],[16.3063,78.5813,78.7043],[16.2896,78.5792,369.5523],[16.288,78.5807,337.4305],[16.2911,78.5828,215.6271],[16.2854,78.5833,261.5166],[16.2839,78.5849,208.5973],[16.3104,78.5833,34.9936],[16.3292,78.5771,0.0],[16.3354,78.5771,0.0],[16.337,78.5787,0.0],[16.3318,78.5797,0.0],[16.3349,78.5849,0.0],[16.3297,78.587,31.9141],[16.3375,78.5875,0.0],[16.3479,78.5833,0.0],[16.3557,78.5839,0.0],[16.3599,78.587,0.0],[16.3438,78.5875,0.0],[16.3422,78.5891,0.0],[16.35,78.5938,0.0],[16.3599,78.5943,0.0],[16.3714,78.6016,0.0],[16.3828,78.6026,0.0],[16.3776,78.6047,4.3457],[16.3818,78.6099,7.0092],[16.3953,78.6109,0.0],[16.3937,78.6125,0.0],[16.3818,78.6151,15.42],[16.3828,78.6182,8.8811],[16.3755,78.6193,66.4214],[16.3786,78.6224,35.3244],[16.3729,78.6229,70.4351],[16.3714,78.6245,61.0611],[16.3745,78.6255,35.7051],[16.3766,78.6286,16.4727],[16.3708,78.6292,41.1214],[16.363,78.6328,84.595],[16.3745,78.6339,0.0],[16.3693,78.6359,0.0],[16.3708,78.6375,0.0],[16.3937,78.6396,0.0],[16.3953,78.6412,0.0],[16.3776,78.6422,0.0],[16.3828,78.6474,0.0],[16.3688,78.65,0.0],[16.3609,78.6536,0.0],[16.3708,78.6542,0.0],[16.375,78.6563,13.9604],[16.3813,78.6563,10.0498],[16.3854,78.6542,0.0],[16.4146,78.6542,0.0],[16.4188,78.6563,0.0],[16.4271,78.6563,0.0],[16.4312,78.6583,0.0],[16.4432,78.6589,0.0],[16.4417,78.6604,0.0],[16.4359,78.6609,11.0967],[16.438,78.6641,20.0832],[16.4495,78.6713,6.0823],[16.4422,78.6745,43.751],[16.4557,78.6755,0.0],[16.4542,78.6771,0.0],[16.4484,78.6776,22.4833],[16.45,78.6792,18.136],[16.4562,78.6792,1.2072],[16.4604,78.6771,0.0],[16.4682,78.6776,0.0],[16.463,78.6807,0.0],[16.4766,78.6901,0.0],[16.475,78.6917,0.0],[16.463,78.6943,0.0],[16.4646,78.6958,0.0],[16.4833,78.6958,0.0],[16.4875,78.6979,0.0],[16.4938,78.6979,0.0],[16.5036,78.6953,0.0],[16.4984,78.6901,0.0],[16.5083,78.6875,0.0],[16.5146,78.6875,0.0],[16.5187,78.6896,0.0],[16.5458,78.6896,0.0],[16.5557,78.6859,0.0],[16.5443,78.6776,0.0],[16.5604,78.6771,0.0],[16.5646,78.675,0.0],[16.5724,78.6755,0.0],[16.5708,78.6771,0.0],[16.5651,78.6776,0.0],[16.5667,78.6792,0.0],[16.6125,78.6833,0.0],[16.6203,78.6807,0.0],[16.6193,78.6776,0.0],[16.6411,78.6724,18.9302],[16.638,78.6693,0.0],[16.6479,78.6667,0.0],[16.6542,78.6667,0.0],[16.6583,78.6687,0.0],[16.6792,78.6687,0.0],[16.6875,78.675,159.5868],[16.7062,78.675,32.9942],[16.7104,78.6729,0.0],[16.7167,78.6729,0.0],[16.7208,78.675,29.0951],[16.8333,78.675,15.7762],[16.8375,78.6729,0.0],[16.85,78.6729,1.3341],[16.8542,78.6708,0.0],[16.8896,78.6708,3.8017],[16.8937,78.6687,0.0],[16.9188,78.6687,0.0],[16.9349,78.6641,0.0],[16.9328,78.6609,0.0],[16.9271,78.6583,9.8299],[16.9068,78.6578,0.0],[16.9026,78.6557,3.3482],[16.9005,78.6526,0.0],[16.9292,78.6521,0.0],[16.9333,78.6542,4.2311],[16.9396,78.6542,14.7022],[16.9557,78.6495,0.0],[16.9453,78.6401,0.9783],[16.9354,78.6396,0.0],[16.925,78.6438,0.0],[16.9083,78.6438,0.0],[16.9068,78.6422,0.0],[16.9188,78.6396,0.0],[16.9203,78.638,5.1613],[16.8813,78.6375,20.1687],[16.8771,78.6396,0.0923],[16.8625,78.6396,1.689],[16.85,78.6438,0.0],[16.8146,78.6438,14.692],[16.8104,78.6458,2.9431],[16.7729,78.6458,0.0],[16.7667,78.6417,-0.3592],[16.7354,78.6417,1.5834],[16.7266,78.6359,9.1104],[16.7167,78.6354,3.815],[16.7109,78.6328,1.0044],[16.7026,78.6266,0.0],[16.7078,78.6234,14.1356],[16.6979,78.6229,17.0217],[16.6922,78.6203,17.8057],[16.6995,78.6172,29.1377],[16.6896,78.6167,25.9586],[16.6813,78.6125,33.9325],[16.6568,78.6099,0.9981],[16.6547,78.6068,0.0],[16.6599,78.6047,3.288],[16.65,78.6042,0.0],[16.6484,78.6026,0.0],[16.6604,78.6,20.6814],[16.662,78.5984,38.4235],[16.6536,78.5922,46.8073],[16.6417,78.5917,16.8557],[16.6375,78.5896,28.4473],[16.6188,78.5896,3.4241],[16.6104,78.5854,19.4589],[16.5875,78.5833,0.0],[16.5833,78.5813,0.0],[16.575,78.5813,0.0],[16.5708,78.5792,1.7227],[16.5484,78.5787,0.0],[16.5359,78.5703,0.0],[16.5339,78.5672,0.0],[16.5411,78.5661,0.0],[16.538,78.563,0.0],[16.5453,78.562,5.6536],[16.5422,78.5589,0.0],[16.5479,78.5583,15.8908],[16.5495,78.5568,21.8467],[16.5432,78.5526,23.9516],[16.5333,78.5521,0.0],[16.5276,78.5495,0.0],[16.5292,78.5479,13.624],[16.5349,78.5474,30.1661],[16.5286,78.5422,45.7659],[16.5187,78.5417,24.9743],[16.5104,78.5375,25.7598],[16.5021,78.5375,0.0],[16.4979,78.5354,4.4669],[16.4875,78.5354,0.0],[16.4813,78.5313,3.2828],[16.4708,78.5313,1.8051],[16.4667,78.5292,5.3093],[16.4568,78.5286,0.0],[16.4547,78.5255,0.0],[16.4599,78.5234,4.3088],[16.4547,78.5203,0.0],[16.4526,78.5172,0.0],[16.4599,78.5162,8.4919],[16.4568,78.513,0.0],[16.4625,78.5125,35.516],[16.4641,78.5109,69.6565],[16.4547,78.5047,0.0],[16.4604,78.5042,124.5106],[16.462,78.5026,227.6982],[16.4411,78.488,249.2381],[16.4312,78.4875,68.5473],[16.4271,78.4854,129.9768],[16.4167,78.4854,7.5569],[16.4099,78.4797,39.7858],[16.3964,78.4786,0.0],[16.4036,78.4755,26.7767],[16.3911,78.4672,22.4514],[16.3797,78.4661,0.0],[16.3708,78.4604,9.6933],[16.3479,78.4583,0.8903],[16.3438,78.4563,3.484],[16.3271,78.4563,1.5843],[16.3229,78.4583,0.0],[16.3167,78.4583,0.0],[16.3125,78.4563,2.7243],[16.3042,78.4563,5.0911],[16.2984,78.4526,0.0],[16.3146,78.4521,4.975],[16.3271,78.4479,0.0],[16.3396,78.4479,0.0],[16.3438,78.4458,0.0],[16.3583,78.4458,15.0671],[16.3771,78.4396,0.0],[16.3917,78.4396,4.7671],[16.4104,78.4333,0.0],[16.4182,78.4339,2.9587],[16.4167,78.4354,11.4943],[16.4109,78.4359,33.6217],[16.4146,78.4396,34.8205],[16.4625,78.4396,0.0],[16.4667,78.4375,0.0],[16.4729,78.4375,0.0],[16.4771,78.4396,4.6006],[16.4979,78.4396,1.3021],[16.5021,78.4417,1.7024],[16.5187,78.4417,0.0],[16.5203,78.4401,0.0],[16.5172,78.438,0.0],[16.5271,78.4354,0.0],[16.5438,78.4354,0.0],[16.5453,78.437,0.0],[16.5396,78.4375,0.0],[16.538,78.4391,0.0],[16.5458,78.4396,0.0],[16.55,78.4375,0.0],[16.5646,78.4375,0.0],[16.5688,78.4354,0.0],[16.5812,78.4354,0.0],[16.5854,78.4333,0.0],[16.6,78.4333,2.0847],[16.6016,78.4318,2.1252],[16.5964,78.4287,0.0],[16.5943,78.4255,0.0],[16.6083,78.425,75.6313],[16.6125,78.4229,188.1991],[16.6292,78.425,179.9936],[16.6333,78.4229,204.6562],[16.6479,78.4229,302.7568],[16.6557,78.4193,584.6412],[16.6271,78.4187,595.7957],[16.6229,78.4208,379.8518],[16.5979,78.4208,79.9769],[16.5922,78.4182,34.9569],[16.5901,78.4151,0.0],[16.6042,78.4146,82.1687],[16.6167,78.4104,0.0],[16.6292,78.4104,0.0],[16.6333,78.4083,0.0],[16.6646,78.4063,21.4749],[16.6688,78.4042,0.0],[16.6833,78.4042,45.2769],[16.6875,78.4021,0.0],[16.7188,78.4,15.1766],[16.7313,78.3958,0.0],[16.7542,78.3958,18.1865],[16.7729,78.3896,0.0],[16.7875,78.3896,0.0],[16.7917,78.3875,0.0],[16.8146,78.3875,1.869],[16.8188,78.3854,0.0],[16.837,78.3859,0.0],[16.8318,78.3891,18.1676],[16.8438,78.3979,0.0],[16.85,78.3979,0.0],[16.8542,78.3958,0.0],[16.8708,78.3979,0.0],[16.875,78.3958,0.0],[16.8813,78.3958,0.0],[16.8854,78.3979,0.5341],[16.8958,78.3979,0.0],[16.9005,78.4016,13.8138],[16.9104,78.4021,2.9831],[16.9161,78.4047,0.0],[16.9089,78.4078,4.7531],[16.9349,78.4109,0.0],[16.9297,78.413,118.412],[16.9313,78.4146,189.97],[16.95,78.4146,44.556399999999996],[16.9542,78.4167,59.0937],[16.9917,78.4167,0.0],[16.9958,78.4146,0.0],[17.0125,78.4146,0.0],[17.0229,78.4208,0.0],[17.0729,78.4208,0.0],[17.0745,78.4224,0.0],[17.0693,78.4245,0.5338],[17.0807,78.4255,0.0],[17.0896,78.4313,0.0],[17.1083,78.4313,0.0],[17.1125,78.4333,0.0],[17.1229,78.4333,0.0],[17.1292,78.4375,0.0],[17.1396,78.4375,0.0],[17.1437,78.4396,0.0],[17.1625,78.4396,0.0],[17.1667,78.4417,0.0],[17.1771,78.4417,0.0],[17.1813,78.4437,0.0],[17.1896,78.4437,0.0],[17.1938,78.4458,0.0],[17.2,78.4458,1.3339],[17.2042,78.4437,0.0],[17.25,78.4437,0.0],[17.2578,78.4401,0.0],[17.2479,78.4396,0.0],[17.2464,78.438,0.0],[17.2604,78.4375,0.0],[17.2646,78.4354,0.0],[17.2687,78.4354,0.0],[17.2703,78.4339,0.0],[17.2672,78.4318,0.0],[17.2729,78.4313,0.0],[17.2833,78.4271,0.0],[17.2979,78.4271,0.0],[17.2995,78.4255,0.0],[17.2964,78.4234,0.0],[17.3021,78.4229,0.0],[17.3099,78.4193,0.0],[17.2896,78.4187,0.0],[17.2813,78.4146,2.9236],[17.2646,78.4167,0.0],[17.2604,78.4146,13.7007],[17.2521,78.4146,13.9706],[17.2479,78.4125,4.2405],[17.2396,78.4125,0.6938],[17.2354,78.4104,28.9727],[17.2125,78.4083,0.0],[17.1958,78.3979,237.6363],[17.1792,78.4,26.9833],[17.1776,78.3984,107.2469],[17.1828,78.3964,213.1488],[17.175,78.3958,117.0593],[17.1708,78.3979,87.84],[17.1646,78.3979,48.3542],[17.1542,78.3917,382.3367],[17.1396,78.3917,237.0619],[17.138,78.3922,205.24],[17.1391,78.3953,39.6274],[17.1313,78.3958,0.0],[17.1271,78.3938,25.2292],[17.1188,78.3938,1.9471],[17.1146,78.3917,30.9766],[17.1042,78.3917,12.0654],[17.1,78.3896,22.4742],[17.0812,78.3896,2.3922],[17.0729,78.3854,25.7546],[17.0646,78.3854,8.9128],[17.0604,78.3833,21.2054],[17.0417,78.3833,0.0],[17.0359,78.3797,0.0],[17.0417,78.3792,60.3648],[17.0432,78.3776,204.9186],[17.0375,78.375,277.6274],[17.0187,78.375,37.2486],[17.0083,78.3688,304.1228],[16.9896,78.3688,0.0],[16.9813,78.3646,124.4959],[16.9625,78.3646,0.0],[16.9609,78.363,0.0],[16.9661,78.3609,94.4966],[16.9625,78.3583,134.509],[16.9521,78.3583,23.8859],[16.9479,78.3562,55.5187],[16.9396,78.3562,13.9132],[16.9354,78.3542,30.4559],[16.9063,78.3542,0.3418],[16.9021,78.3521,1.4506],[16.8917,78.3521,0.0],[16.8849,78.3464,1.4505],[16.8729,78.3458,0.0],[16.8693,78.3432,0.1497],[16.8745,78.3401,0.2718],[16.8693,78.3359,0.0795],[16.875,78.3354,0.2979],[16.8854,78.3313,0.0886],[16.9,78.3313,0.6773],[16.925,78.3229,1.0888],[16.9292,78.3229,1.2375],[16.9333,78.3208,1.0102],[16.9458,78.3208,1.304],[16.9583,78.3167,1.2788],[16.9828,78.3161,2.2222],[16.9792,78.3125,2.204],[16.9521,78.3125,1.3837],[16.9479,78.3146,1.827],[16.9354,78.3146,1.3254],[16.9229,78.3187,1.091],[16.9104,78.3187,1.1954],[16.8979,78.3229,0.5895],[16.8854,78.3229,0.948],[16.8839,78.3234,0.6546],[16.8849,78.3266,0.6186],[16.8833,78.3271,0.5255],[16.8667,78.325,0.3799],[16.8651,78.3266,0.4351],[16.8682,78.3287,0.2868],[16.8464,78.3339,0.2955],[16.8474,78.337,0.1558],[16.8396,78.3396,1.1255],[16.8229,78.3396,0.0],[16.8188,78.3375,1.2618],[16.8104,78.3375,0.2291],[16.8063,78.3354,0.7914],[16.7062,78.3354,6.279],[16.7021,78.3375,0.0],[16.6958,78.3375,0.0],[16.6917,78.3354,4.5431],[16.6833,78.3354,3.8806],[16.6792,78.3333,5.0188],[16.6604,78.3333,2.7959],[16.6563,78.3313,14.6282],[16.5979,78.3333,19.8515],[16.5917,78.3292,114.8255],[16.575,78.3292,172.3568],[16.5734,78.3307,77.6634],[16.5833,78.3313,75.5754],[16.5849,78.3328,59.1652],[16.5708,78.3333,15.1671],[16.5438,78.3417,0.0],[16.5167,78.3417,0.0],[16.5151,78.3401,0.858],[16.5208,78.3396,1.9454],[16.5224,78.338,6.54],[16.5104,78.3375,5.1177],[16.5042,78.3333,13.8801],[16.4875,78.3333,22.7222],[16.4859,78.3339,15.6544],[16.487,78.337,0.0],[16.4792,78.3375,0.0],[16.4729,78.3333,43.0173],[16.4562,78.3333,119.552],[16.4521,78.3354,45.2599],[16.4458,78.3354,64.3275],[16.4396,78.3313,331.5187],[16.4229,78.3313,221.5878],[16.4214,78.3328,191.0539],[16.4312,78.3333,222.5571],[16.4328,78.3349,98.0344],[16.4083,78.3354,180.4174],[16.3958,78.3396,11.7931],[16.388,78.3391,75.6649],[16.3896,78.3375,163.6668],[16.3953,78.337,138.6542],[16.3937,78.3354,231.861],[16.3667,78.3354,359.056],[16.3542,78.3396,152.2909],[16.3401,78.3401,83.8031],[16.3417,78.3417,25.3822],[16.35,78.3417,37.7374],[16.3516,78.3432,1.4006],[16.3464,78.3443,1.4272],[16.3474,78.3474,0.5851],[16.3458,78.3479,0.5851],[16.3333,78.3479,1.4564],[16.3292,78.35,0.6303],[16.3021,78.35,0.7858],[16.2979,78.3479,4.649],[16.2667,78.3479,2.4397],[16.2625,78.3458,74.8239],[16.2479,78.3479,61.76],[16.2437,78.3458,86.1928],[16.2167,78.3458,286.3951],[16.1813,78.3562,7.4408],[16.1688,78.3562,18.4732],[16.1563,78.3604,59.4908],[16.1437,78.3604,55.7504],[16.1396,78.3625,53.6872],[16.1125,78.3625,9.2559],[16.1042,78.3583,21.1345],[16.0854,78.3583,42.3593],[16.0812,78.3562,75.8296],[16.0417,78.3562,5.734],[16.0354,78.3521,37.2203],[16.0146,78.3521,16.6701],[16.0104,78.35,57.0078],[15.9708,78.35,34.8523],[15.9667,78.3479,73.6347],[15.9604,78.3479,71.6199],[15.9563,78.35,33.7525],[15.9104,78.35,9.7342],[15.9063,78.3479,38.038],[15.8854,78.3479,30.5859],[15.8813,78.3458,44.3884],[15.875,78.3458,43.9172],[15.8708,78.3479,24.3133],[15.8583,78.3479,14.4116],[15.8542,78.35,0.7812],[15.8375,78.35,2.5526],[15.8313,78.3458,19.002],[15.8208,78.3458,20.71],[15.8167,78.3438,39.4451],[15.7979,78.3438,10.1509],[15.7938,78.3417,42.9419],[15.7854,78.3417,26.5255],[15.7771,78.3375,93.3376],[15.7583,78.3375,29.8538],[15.7542,78.3354,62.8583],[15.7443,78.3349,19.3635],[15.7396,78.3313,54.8973],[15.7292,78.3313,0.0],[15.7229,78.3271,47.1321],[15.713,78.3266,19.5446],[15.7182,78.3245,93.5987],[15.7172,78.3214,185.0209],[15.7245,78.3203,197.9382],[15.7188,78.3167,380.3886],[15.7021,78.3187,309.8042],[15.6979,78.3167,365.25],[15.6917,78.3167,323.7914],[15.6901,78.3182,248.8662],[15.6932,78.3203,207.1482],[15.6854,78.3208,120.1372],[15.6771,78.3167,232.6979],[15.6583,78.3167,114.3844],[15.6542,78.3146,129.2341],[15.6443,78.3141,126.5741],[15.6396,78.3104,181.5883],[15.6167,78.3083,0.0],[15.6083,78.3021,192.8377],[15.5875,78.3021,0.0],[15.5839,78.2984,16.8657],[15.5896,78.2979,79.9538],[15.5911,78.2963,114.2537],[15.5667,78.2937,0.0],[15.563,78.2911,0.0],[15.5646,78.2896,4.2187],[15.5703,78.2891,10.8641],[15.5651,78.2839,0.0],[15.5974,78.2786,13.2099],[15.5943,78.2755,0.0],[15.6161,78.2703,0.0],[15.6151,78.2672,0.0],[15.6167,78.2667,0.0],[15.6292,78.2667,0.0],[15.662,78.2578,6.8326],[15.6589,78.2557,0.0],[15.6604,78.2542,0.0],[15.6646,78.2542,0.0],[15.6688,78.2521,1.4317],[15.6833,78.2521,6.7284],[15.6938,78.2479,0.0],[15.7083,78.2479,4.576],[15.7307,78.2412,0.5708],[15.7297,78.238,0.5895],[15.7313,78.2375,0.5523],[15.7354,78.2375,0.6166],[15.7396,78.2354,0.4127],[15.7536,78.2349,0.6046],[15.7526,78.2318,0.4852],[15.7661,78.2286,0.4707],[15.764099999999999,78.2255,0.7171],[15.7583,78.2229,0.8344],[15.7438,78.225,0.6071],[15.7396,78.2229,0.5866],[15.7188,78.2229,0.6208],[15.7151,78.2193,0.5923],[15.7229,78.2188,0.6123],[15.7271,78.2208,0.3146],[15.7333,78.2208,0.6088],[15.7349,78.2193,0.6863],[15.7313,78.2167,1.4287],[15.6938,78.2167,28.7039],[15.6813,78.2208,0.5069],[15.6688,78.2208,1.2769],[15.6646,78.2229,4.9538],[15.6521,78.2229,12.2454],[15.6479,78.225,2.4369],[15.6313,78.225,5.1681],[15.6271,78.2229,31.1975],[15.6208,78.2229,47.2558],[15.6083,78.2271,1.6363],[15.5917,78.2271,48.5185],[15.587,78.2234,180.876],[15.5771,78.2229,285.7344],[15.5755,78.2214,334.6198],[15.6,78.2208,182.5043],[15.6016,78.2193,202.226],[15.575,78.2188,414.1103],[15.5708,78.2208,410.9615],[15.5458,78.2208,442.0198],[15.538,78.2234,420.4396],[15.5391,78.2266,255.1352],[15.5318,78.2276,280.5313],[15.5333,78.2292,197.9715],[15.5396,78.2292,178.8214],[15.5521,78.225,295.6261],[15.5583,78.225,272.0214],[15.5641,78.2297,65.7241],[15.5563,78.2333,29.67],[15.5401,78.2338,63.4349],[15.5453,78.238,0.0],[15.5438,78.2396,0.0],[15.538,78.2401,0.0],[15.5432,78.2443,0.0],[15.5417,78.2458,2.6494],[15.5271,78.2458,8.8342],[15.5229,78.2479,6.0918],[15.4375,78.2479,24.1629],[15.4271,78.2521,0.0],[15.4083,78.25,9.3896],[15.4042,78.2479,18.9093],[15.3938,78.2479,11.615],[15.3896,78.2458,15.4703],[15.3688,78.2438,7.4031],[15.3672,78.2422,24.5315],[15.4125,78.2417,136.0889],[15.4141,78.2412,168.6002],[15.413,78.238,267.0782],[15.4146,78.2375,274.9025],[15.4292,78.2375,203.9219],[15.4333,78.2354,351.4187],[15.4458,78.2354,219.3284],[15.45,78.2333,220.6999],[15.4646,78.2333,252.4033],[15.4661,78.2318,361.3831],[15.4604,78.2292,441.03],[15.4438,78.2292,442.4706],[15.4396,78.2312,390.7854],[15.4354,78.2312,429.6684],[15.4313,78.2292,448.0441],[15.425,78.2292,450.2716],[15.4234,78.2297,446.9224],[15.4245,78.2328,417.5219],[15.4146,78.2354,387.0887],[15.4021,78.2354,412.089],[15.3979,78.2375,368.2532],[15.3708,78.2375,379.1676],[15.3667,78.2354,422.1272],[15.3604,78.2354,413.2696],[15.3589,78.237,279.6289],[15.362,78.238,184.8049],[15.3641,78.2412,59.3947],[15.3563,78.2417,22.0483],[15.3521,78.2396,38.9987],[15.3438,78.2396,15.3472],[15.3349,78.2338,68.1886],[15.3234,78.2328,15.3643],[15.3307,78.2297,75.7783],[15.3047,78.2266,2.4875],[15.3005,78.2214,49.8524],[15.3057,78.2203,45.4227],[15.3026,78.2151,155.5166],[15.3078,78.213,120.4193],[15.3021,78.2083,268.9077],[15.2859,78.2109,434.7523],[15.2911,78.2161,324.5724],[15.2833,78.2167,410.1239],[15.2792,78.2146,441.8654],[15.2708,78.2146,380.3278],[15.2625,78.2104,449.1884],[15.2422,78.2099,153.7473],[15.2438,78.2083,318.9118],[15.2495,78.2078,461.0271],[15.2458,78.2042,471.1489],[15.2396,78.2042,469.9583],[15.2354,78.2063,192.3535],[15.2188,78.2063,0.0],[15.2089,78.1995,106.3092],[15.2047,78.1943,327.5216],[15.2307,78.1932,291.7014],[15.2266,78.188,448.0367],[15.175,78.1875,423.3783],[15.1708,78.1854,489.3412],[15.1484,78.1828,247.4035],[15.1536,78.1807,377.4796],[15.1521,78.1792,474.0789],[15.1354,78.1813,72.4726],[15.1292,78.1771,151.1162],[15.1068,78.1745,46.2353],[15.1229,78.1687,184.4199],[15.139099999999999,78.1682,199.3484],[15.1313,78.1625,380.8973],[15.125,78.1625,453.6742],[15.1063,78.1687,325.082],[15.1,78.1687,383.0513],[15.0938,78.1646,407.424],[15.075,78.1646,169.9586],[15.0708,78.1625,213.3875],[15.05,78.1604,54.0656],[15.0443,78.1578,110.4019],[15.0458,78.1563,138.298],[15.0724,78.1557,270.6155],[15.0708,78.1542,356.6454],[15.0625,78.1542,312.1061],[15.0583,78.1521,370.6474],[15.0313,78.1521,298.9927],[15.0271,78.1542,159.7452],[15.0104,78.1542,0.0],[15.0042,78.15,38.6993],[14.9943,78.1495,11.5649],[14.988,78.1453,17.5879],[14.9818,78.138,6.1962],[14.987,78.137,30.7641],[14.9839,78.1318,0.0],[14.9891,78.1307,5.3529],[14.988,78.1276,0.0],[15.0099,78.1224,14.5601],[15.0089,78.1193,0.0],[15.0224,78.1162,18.934],[15.0172,78.1109,0.0],[15.0229,78.1104,1.0139],[15.0245,78.1088,1.4348],[15.0146,78.1083,0.0],[15.0042,78.1021,1.3664],[14.9958,78.1021,0.417],[14.9917,78.1,0.8428],[14.9833,78.1,0.8729],[14.9792,78.0979,1.1664],[14.9438,78.0979,1.0614],[14.9396,78.1,0.7742],[14.8958,78.1,30.2879],[14.8771,78.1062,4.3634],[14.8625,78.1062,13.9226],[14.8292,78.1167,0.0],[14.8083,78.1208,3.0342],[14.8042,78.1188,3.8912],[14.775,78.1188,0.0],[14.7708,78.1167,8.1731],[14.7313,78.1167,0.0],[14.7271,78.1146,11.6381],[14.6792,78.1146,6.1626],[14.675,78.1125,33.1918],[14.6667,78.1125,31.3273],[14.6625,78.1104,57.0256],[14.6563,78.1104,55.6053],[14.6521,78.1125,27.0514],[14.6354,78.1125,15.2513],[14.6313,78.1104,34.1257],[14.6229,78.1104,29.6677],[14.6188,78.1083,41.6262],[14.6,78.1083,26.6018],[14.5958,78.1062,25.652],[14.5792,78.1083,4.4628],[14.575,78.1062,31.6051],[14.5563,78.1062,9.074],[14.5521,78.1042,30.7328],[14.5479,78.1042,23.257],[14.5438,78.1062,0.0],[14.5375,78.1062,0.0],[14.5292,78.1021,26.1821],[14.5125,78.1021,19.6152],[14.5083,78.1,35.7804],[14.4792,78.1,0.0],[14.475,78.0979,12.7969],[14.4667,78.0979,2.7367],[14.4625,78.0958,11.0492],[14.4438,78.0958,1.8943],[14.4396,78.0938,3.5287],[14.4333,78.0938,3.2489],[14.4208,78.0979,8.9348],[14.3979,78.0979,4.4751],[14.3938,78.1,6.6619],[14.3812,78.1,12.3372],[14.3771,78.1021,0.0],[14.3604,78.1,19.9548],[14.3479,78.1042,3.6902],[14.3313,78.1042,7.2242],[14.3271,78.1021,12.319],[14.3229,78.1021,11.5033],[14.3188,78.1042,9.3618],[14.3021,78.1042,5.7604],[14.2958,78.1,26.9268],[14.2792,78.1,26.8822],[14.275,78.1021,0.0],[14.2688,78.1021,0.0],[14.2646,78.1,29.355],[14.2563,78.1,31.1013],[14.2521,78.0979,53.5538],[14.2458,78.0979,51.5707],[14.2354,78.1021,13.174],[14.2083,78.1021,16.7149],[14.2042,78.1,32.3384],[14.1818,78.0974,30.2259],[14.1776,78.0922,28.6981],[14.1911,78.0891,54.0373],[14.1901,78.0859,37.484],[14.2,78.0833,59.2241],[14.2354,78.0833,111.4466],[14.2396,78.0854,91.6604],[14.2474,78.0849,71.1481],[14.2438,78.0813,147.8525],[14.2042,78.0813,110.8434],[14.1979,78.0771,34.8868],[14.188,78.0766,0.0],[14.1958,78.0729,18.3494],[14.2099,78.0703,64.4155],[14.2047,78.0651,22.7195],[14.212,78.0641,55.8599],[14.2109,78.0609,42.8109],[14.2245,78.0578,96.2831],[14.2172,78.0484,9.5294],[14.2307,78.0453,37.7872],[14.2297,78.0422,0.0],[14.2313,78.0417,0.0],[14.2438,78.0417,22.437],[14.2646,78.0354,0.0],[14.2875,78.0354,29.2545],[14.2979,78.0313,4.4143],[14.3036,78.0307,9.9235],[14.3026,78.0276,1.774],[14.3161,78.0245,2.1669],[14.3125,78.0208,2.2252],[14.2938,78.0208,0.4942],[14.2922,78.0193,0.3493],[14.3057,78.0162,0.9476],[14.3047,78.013,0.4109],[14.3266,78.0078,4.001],[14.3245,78.0047,122.4238],[14.3146,78.0042,89.8469],[14.3104,78.0021,100.5198],[14.2938,78.0042,0.0],[14.2901,78.0005,0.0],[14.2974,77.9995,40.2477],[14.2964,77.9964,18.5242],[14.3016,77.9953,37.5314],[14.3005,77.9922,21.1505],[14.3078,77.9912,38.0012],[14.3026,77.9859,0.4765],[14.3182,77.9828,11.2471],[14.3172,77.9797,6.4394],[14.3224,77.9786,17.4459],[14.3208,77.9771,13.7033],[14.3125,77.9771,4.2313],[14.3109,77.9755,2.6908],[14.3182,77.9745,2.5401],[14.3172,77.9714,0.0],[14.3292,77.9688,0.8037],[14.3307,77.9672,1.9428],[14.3208,77.9667,1.1872],[14.3167,77.9646,1.2496],[14.2979,77.9646,1.0716],[14.2938,77.9625,5.3942],[14.2854,77.9625,4.6663],[14.2813,77.9604,38.6469],[14.275,77.9604,31.6469],[14.2708,77.9625,0.1597],[14.2479,77.9625,17.2949],[14.2401,77.9651,20.0741],[14.2411,77.9682,0.0],[14.2396,77.9688,0.0],[14.2354,77.9688,5.4385],[14.2313,77.9708,5.8378],[14.2172,77.9714,35.9018],[14.2188,77.9729,33.0736],[14.2271,77.9729,5.5075],[14.2286,77.9745,0.0],[14.2188,77.9771,0.0],[14.2063,77.9771,59.9241],[14.2047,77.9786,64.5501],[14.2229,77.9792,0.0],[14.2245,77.9807,0.0],[14.2193,77.9818,0.0],[14.2214,77.9849,0.0],[14.2313,77.9854,0.0],[14.2328,77.987,0.0],[14.2229,77.9896,0.0],[14.2167,77.9896,0.0],[14.2125,77.9875,0.0],[14.1964,77.988,0.7828],[14.1974,77.9912,0.7008],[14.1839,77.9943,46.5442],[14.1849,77.9974,15.4538],[14.1776,77.9984,26.4488],[14.1828,78.0036,2.8594],[14.1755,78.0047,4.5448],[14.1766,78.0078,7.7923],[14.1547,78.013,19.1947],[14.1557,78.0162,4.5733],[14.1339,78.0214,32.4049],[14.1349,78.0245,26.5738],[14.1297,78.0255,22.2414],[14.1307,78.0286,2.8089],[14.1146,78.0292,15.0794],[14.113,78.0307,15.5393],[14.1161,78.0328,7.0902],[14.1005,78.0359,30.6605],[14.1016,78.0391,0.0],[14.088,78.0422,41.7997],[14.0896,78.0437,35.0414],[14.0979,78.0437,0.0],[14.0995,78.0453,0.0],[14.0922,78.0463,7.8469],[14.0953,78.0495,0.9875],[14.088,78.0505,11.1515],[14.0891,78.0537,0.0],[14.0818,78.0547,36.2952],[14.0849,78.0578,0.0],[14.0672,78.0589,35.6811],[14.0682,78.062,17.9],[14.0464,78.0672,38.5383],[14.0474,78.0703,17.2048],[14.0422,78.0714,19.5455],[14.0432,78.0745,0.0],[14.0063,78.0833,25.8328],[13.9984,78.0859,24.975],[13.9995,78.0891,9.0469],[13.9938,78.0896,22.5313],[13.9833,78.0938,0.0],[13.9688,78.0938,24.1526],[13.9646,78.0958,18.6655],[13.9417,78.0958,17.1379],[13.9375,78.0979,11.2283],[13.8813,78.0979,12.0493],[13.8771,78.0958,22.0167],[13.8146,78.0938,9.5042],[13.8063,78.0875,20.1556],[13.7979,78.0875,0.0],[13.7938,78.0854,8.7674],[13.7854,78.0854,0.0],[13.7813,78.0833,23.3018],[13.7646,78.0854,6.6881],[13.7604,78.0833,12.3888],[13.7417,78.0833,0.0],[13.7401,78.0818,0.0],[13.7458,78.0813,0.0],[13.7474,78.0797,13.0558],[13.7375,78.0792,1.3363],[13.7333,78.0771,16.8417],[13.7167,78.0792,13.7076],[13.7125,78.0771,13.5704],[13.7047,78.0766,8.9391],[13.6979,78.0729,12.2471],[13.6896,78.0729,10.3623],[13.6854,78.0708,10.6958],[13.6771,78.0708,8.1269],[13.6729,78.0687,10.6401],[13.6646,78.0687,0.0],[13.6589,78.063,4.2874],[13.6661,78.062,3.8222],[13.6646,78.0604,3.9618],[13.6479,78.0625,0.0],[13.6438,78.0604,5.0582],[13.6062,78.0604,1.925],[13.6026,78.0568,0.8978],[13.6161,78.0537,1.7436],[13.6151,78.0505,1.1941],[13.6208,78.05,1.7965],[13.6224,78.0484,5.3342],[13.6188,78.0458,2.2768],[13.5901,78.0474,2.7405],[13.5917,78.0458,2.1365],[13.6036,78.0432,4.3659],[13.6026,78.0401,3.611],[13.6182,78.037,4.021],[13.6151,78.0318,2.5178],[13.637,78.0266,7.6395],[13.6318,78.0214,4.8816],[13.6375,78.0208,6.4463],[13.639099999999999,78.0193,6.6745],[13.6307,78.0109,6.8378],[13.6276,78.0099,6.4648],[13.6292,78.0083,6.1117],[13.6349,78.0078,7.2686],[13.6297,78.0005,3.3284],[13.6349,77.9995,1.8049],[13.6339,77.9964,2.542],[13.6411,77.9953,2.5702],[13.6401,77.9922,3.8415],[13.6474,77.9912,4.885],[13.6464,77.988,4.1081],[13.6516,77.987,7.2734],[13.65,77.9854,10.451],[13.6417,77.9854,0.0],[13.6401,77.9838,2.058],[13.6474,77.9828,14.9128],[13.6464,77.9797,9.9369],[13.6536,77.9786,10.8998],[13.6521,77.9771,11.1113],[13.6458,77.9771,10.0425],[13.6417,77.9792,9.7326],[13.6339,77.9786,6.6613],[13.6411,77.9755,6.6498],[13.638,77.9745,4.8169],[13.6276,77.963,2.9485],[13.6333,77.9625,2.4051],[13.6411,77.9589,2.7526],[13.6375,77.9563,2.5193],[13.6188,77.9563,2.6595],[13.613,77.9516,2.1148],[13.6146,77.95,2.0174],[13.6286,77.9474,1.9347],[13.6234,77.9422,3.3403],[13.6396,77.9417,5.2757],[13.6411,77.9401,7.8854],[13.6188,77.9375,1.2151],[13.6172,77.9359,0.0],[13.6245,77.9349,3.6063],[13.6234,77.9318,3.8045],[13.6453,77.9266,3.3517],[13.638,77.9193,0.0],[13.6453,77.9182,3.2247],[13.6443,77.9151,3.2177],[13.6495,77.9141,2.6945],[13.6464,77.9089,2.4557],[13.662,77.9057,1.8945],[13.6604,77.9042,2.2492],[13.6521,77.9042,2.731],[13.6505,77.9026,0.0],[13.6849,77.8995,2.2568],[13.6807,77.8964,2.5377],[13.6729,77.8958,3.0193],[13.6714,77.8943,0.0],[13.6854,77.8938,2.2665],[13.6953,77.8912,1.8876],[13.6938,77.8896,1.8245],[13.6854,77.8896,0.0],[13.6818,77.887,1.5528],[13.687,77.8849,0.1892],[13.6859,77.8818,0.6362],[13.7021,77.8812,0.0],[13.7063,77.8792,0.77],[13.7188,77.8792,5.2457],[13.7286,77.8766,1.6605],[13.725,77.8729,2.8634],[13.6943,77.8724,0.5147],[13.6958,77.8708,2.2181],[13.701599999999999,77.8703,1.9049],[13.7,77.8688,1.7197],[13.6938,77.8688,1.5114],[13.6896,77.8708,1.4345],[13.6542,77.8708,1.4561],[13.6505,77.8672,1.615],[13.6667,77.8667,0.4326],[13.6708,77.8688,0.9453],[13.6771,77.8688,1.0832],[13.6813,77.8667,-0.5],[13.6958,77.8667,1.8804],[13.7182,77.8599,2.5532],[13.7172,77.8568,2.2778],[13.7245,77.8557,2.6075],[13.7193,77.8484,2.1469],[13.7328,77.8453,1.6343],[13.7266,77.838,1.7867],[13.7214,77.8349,0.0],[13.7229,77.8333,0.0],[13.7563,77.8333,3.719],[13.7578,77.8318,3.7865],[13.7547,77.8276,4.0577],[13.7688,77.8271,4.3904],[13.7729,77.825,0.0],[13.7958,77.825,2.7645],[13.8,77.8229,2.7681],[13.8063,77.8229,1.7555],[13.8104,77.825,1.6063],[13.8182,77.8245,3.2414],[13.8141,77.8193,1.8648],[13.8042,77.8187,3.2959],[13.8026,77.8172,3.575],[13.8099,77.8161,4.1127],[13.8068,77.813,1.0585],[13.8224,77.8099,3.0791],[13.8214,77.8068,2.5396],[13.8229,77.8063,2.3034],[13.8271,77.8063,2.2681],[13.8313,77.8083,3.5015],[13.8375,77.8083,3.8344],[13.8391,77.8068,3.0631],[13.8354,77.8042,4.2237],[13.8255,77.8037,3.8742],[13.8328,77.8005,3.5661],[13.8203,77.7901,1.6965],[13.8104,77.7896,1.6893],[13.8089,77.788,3.6811],[13.825,77.7875,4.5994],[13.8328,77.7839,8.7131],[13.8214,77.7828,0.4324],[13.8286,77.7797,8.475],[13.8172,77.7786,1.1117],[13.8109,77.7724,7.5549],[13.8161,77.7703,4.9838],[13.8141,77.7672,4.6981],[13.7943,77.7662,7.7059],[13.8021,77.7625,3.6059],[13.8167,77.7625,4.4311],[13.8182,77.7609,4.3482],[13.8104,77.7562,8.3923],[13.7901,77.7536,7.5068],[13.7917,77.7521,6.1301],[13.8057,77.7516,1.4852],[13.8042,77.75,1.6459],[13.7943,77.7495,2.9181],[13.7922,77.7464,2.156],[13.8563,77.7458,4.6546],[13.8604,77.7438,3.4463],[13.8729,77.7438,3.896],[13.8974,77.737,0.0],[13.8964,77.7338,0.0],[13.8979,77.7333,0.0],[13.912,77.7328,3.7667],[13.9068,77.7255,2.8786],[13.9167,77.7229,2.5971],[13.9313,77.7229,2.8398],[13.9375,77.7271,7.7975],[13.9438,77.7271,5.7212],[13.9479,77.725,3.2416],[13.9641,77.7255,0.0],[13.9661,77.7286,3.7192],[13.9609,77.7307,4.2339],[13.9734,77.7432,2.875],[13.9792,77.7458,2.6695],[14.0182,77.7464,1.4013],[14.0224,77.7516,0.0],[14.0089,77.7547,2.6568],[14.0109,77.7578,4.1574],[14.0208,77.7583,0.0],[14.0271,77.7625,2.3736],[14.0354,77.7625,0.0],[14.0417,77.7667,4.2255],[14.0688,77.7667,0.0],[14.0729,77.7688,3.1524],[14.0917,77.7688,0.0],[14.0958,77.7708,3.3349],[14.1521,77.7708,0.0],[14.1563,77.7729,4.4408],[14.1708,77.7729,4.2973],[14.175,77.7708,0.0],[14.2083,77.7708,6.1607],[14.2391,77.762,5.0603],[14.238,77.7589,0.0],[14.2396,77.7583,0.0],[14.2854,77.7583,0.0],[14.2896,77.7604,6.7823],[14.3042,77.7604,4.0199],[14.3083,77.7583,0.0],[14.3146,77.7583,0.0],[14.3188,77.7604,3.6902],[14.325,77.7604,3.6407],[14.3292,77.7583,0.0],[14.3604,77.7583,6.6154],[14.3646,77.7562,0.0],[14.3792,77.7562,0.0],[14.3896,77.7521,0.0],[14.4458,77.7521,0.0],[14.45,77.7542,0.0],[14.4667,77.7542,0.0],[14.4729,77.7583,14.6954],[14.5687,77.7583,9.1952],[14.5729,77.7562,0.0],[14.5771,77.7562,0.0],[14.5813,77.7583,29.5],[14.5875,77.7583,13.4793],[14.5917,77.7562,0.0],[14.5979,77.7562,0.0],[14.5995,77.7578,0.0],[14.5859,77.7609,30.6297],[14.587,77.7641,0.0],[14.5854,77.7646,1.8148],[14.5693,77.7651,53.9878],[14.5724,77.7672,9.4663],[14.5708,77.7688,1.5667],[14.5375,77.7708,65.5446],[14.5359,77.7693,108.6911],[14.55,77.7688,62.6841],[14.5516,77.7672,82.349],[14.5479,77.7646,176.5544],[14.5333,77.7667,217.0007],[14.5292,77.7646,350.8266],[14.5125,77.7646,423.5241],[14.5109,77.7651,420.0639],[14.512,77.7682,337.591],[14.5068,77.7703,210.6302],[14.5109,77.7745,63.7658],[14.5224,77.7755,50.2265],[14.5208,77.7771,71.8799],[14.5151,77.7776,79.641],[14.5208,77.7813,15.8977],[14.5375,77.7813,0.0],[14.5417,77.7833,0.0],[14.55,77.7833,0.0],[14.5542,77.7854,0.0],[14.5625,77.7854,0.0],[14.5667,77.7875,12.4766],[14.5729,77.7875,51.333],[14.5917,77.7813,5.8702],[14.6042,77.7813,8.2821],[14.6083,77.7792,1.0145],[14.6125,77.7792,2.8561],[14.6349,77.7724,7.0132],[14.6339,77.7693,0.0],[14.6396,77.7688,8.9428],[14.65,77.7646,0.0],[14.675,77.7646,1.5371],[14.6792,77.7667,4.3474],[14.7,77.7688,2.5151],[14.7109,77.7766,2.4404],[14.7208,77.7771,0.9914],[14.7271,77.7813,1.163],[14.7354,77.7813,1.1276],[14.7396,77.7833,0.6846],[14.7682,77.7839,0.5188],[14.763,77.7859,0.7431],[14.7641,77.7891,1.7813],[14.7568,77.7901,2.3018],[14.7604,77.7937,3.156],[14.7771,77.7937,2.8121],[14.7813,77.7917,2.1552],[14.7937,77.7917,2.0621],[14.7953,77.7911,1.5814],[14.7943,77.788,0.7921],[14.7958,77.7875,0.5722],[14.8021,77.7875,0.27],[14.8063,77.7896,2.6164],[14.8313,77.7896,3.8128],[14.8354,77.7875,0.0],[14.8417,77.7875,0.0],[14.8458,77.7896,12.7666],[14.85,77.7896,14.6376],[14.8542,77.7875,0.0],[14.8708,77.7875,0.0],[14.875,77.7896,25.5021],[14.8813,77.7896,24.083],[14.8854,77.7875,0.0],[14.8896,77.7875,0.0],[14.8938,77.7896,10.3647],[14.9313,77.7896,0.0],[14.9354,77.7917,0.0],[14.9646,77.7917,0.0],[14.9688,77.7937,0.0],[14.9854,77.7937,0.0],[14.9896,77.7958,31.342],[15.0292,77.7958,0.0],[15.0333,77.7979,0.0],[15.0708,77.7979,0.0],[15.075,77.8,13.5957],[15.0974,77.8026,0.0],[15.1063,77.8104,11.0479],[15.125,77.8104,0.0],[15.1292,77.8125,7.439],[15.1563,77.8125,0.0],[15.1651,77.8182,2.5765],[15.1766,77.8193,0.0],[15.175,77.8208,0.0],[15.1693,77.8214,9.4737],[15.1708,77.8229,4.5365],[15.1896,77.8229,0.0],[15.1943,77.8266,0.0],[15.2042,77.8271,0.0],[15.2083,77.8292,4.5617],[15.2146,77.8292,0.0],[15.225,77.825,0.0],[15.2313,77.825,0.0],[15.2391,77.8297,0.0],[15.2375,77.8313,0.0],[15.2318,77.8318,0.0],[15.2339,77.8349,7.2206],[15.2578,77.838,0.0],[15.2672,77.8453,6.7396],[15.2786,77.8464,0.0],[15.288,77.8536,8.7118],[15.2979,77.8542,0.0],[15.3042,77.8583,0.0],[15.3125,77.8583,0.0],[15.3167,77.8604,0.0],[15.3333,77.8604,0.0],[15.3349,77.8588,0.0],[15.3318,77.8578,0.0],[15.3333,77.8562,0.0],[15.3396,77.8562,0.0],[15.3438,77.8583,0.0],[15.35,77.8583,0.0],[15.3542,77.8562,0.0],[15.3703,77.8568,0.0],[15.3625,77.8604,0.0],[15.3583,77.8604,0.0],[15.3359,77.8672,0.0],[15.3396,77.8708,1.5687],[15.375,77.8708,0.1419],[15.3792,77.8688,0.0],[15.3854,77.8688,0.0],[15.3896,77.8708,0.3484],[15.4354,77.8708,0.8373],[15.4458,77.8667,0.3899],[15.4917,77.8667,0.4406],[15.4958,77.8688,0.5859],[15.5021,77.8688,0.4722],[15.5036,77.8672,0.4195],[15.5005,77.8651,-0.0127],[15.5021,77.8646,0.2511],[15.5188,77.8646,0.4704],[15.5229,77.8667,0.518],[15.5292,77.8667,1.1664],[15.5307,77.8651,0.5091],[15.5276,77.863,0.3705],[15.5333,77.8625,0.4673],[15.5438,77.8583,0.5388],[15.55,77.8583,0.4304],[15.5542,77.8604,0.24],[15.5708,77.8604,0.0164],[15.575,77.8583,0.2296],[15.5896,77.8583,0.4815],[15.5938,77.8604,0.0823],[15.6,77.8604,0.8461],[15.6016,77.8599,0.9951],[15.6005,77.8568,0.5189],[15.6083,77.8542,0.3346],[15.6313,77.8542,1.6565],[15.6328,77.8536,1.2877],[15.6318,77.8505,0.0],[15.6333,77.85,0.0],[15.6563,77.85,3.1399],[15.6667,77.8458,2.1521],[15.6724,77.8453,5.8637],[15.6714,77.8422,0.0],[15.6729,77.8417,0.0],[15.6854,77.8417,27.3921],[15.7042,77.8354,0.0],[15.7083,77.8354,0.0],[15.7125,77.8375,29.5117],[15.7292,77.8375,47.6044],[15.7396,77.8333,0.0],[15.7625,77.8333,5.1187],[15.7667,77.8313,0.0],[15.7938,77.8313,0.0],[15.7979,77.8333,4.2414],[15.8021,77.8333,9.0043],[15.8063,77.8313,0.0],[15.8125,77.8313,0.0],[15.8167,77.8333,17.0364],[15.8333,77.8333,24.8948],[15.8375,77.8313,3.2923],[15.85,77.8313,8.446],[15.8542,77.8292,0.0],[15.8667,77.8292,0.0],[15.8708,77.8271,0.0],[15.8771,77.8271,0.0],[15.8813,77.8292,0.0],[15.8979,77.8292,1.3225],[15.9021,77.8313,7.6049],[15.9313,77.8313,0.0],[15.9354,77.8333,2.8913],[15.9437,77.8333,0.0],[15.9479,77.8354,0.0],[15.9563,77.8354,0.0],[15.9604,77.8375,0.0],[15.9688,77.8375,0.0],[15.9729,77.8396,0.0],[16.0021,77.8396,0.0],[16.0063,77.8417,0.0],[16.0208,77.8417,2.8185],[16.025,77.8396,0.8241],[16.0375,77.8396,4.9643],[16.0417,77.8375,0.0],[16.0562,77.8375,0.0],[16.0604,77.8354,0.0],[16.0646,77.8354,0.0],[16.0661,77.837,0.0],[16.0609,77.8391,0.0],[16.0833,77.8417,0.0],[16.0875,77.8438,0.0],[16.0958,77.8438,0.0],[16.1,77.8458,0.0],[16.1083,77.8458,0.0],[16.1125,77.8479,0.0],[16.1312,77.8479,0.0],[16.1354,77.85,11.9446],[16.1938,77.85,0.0],[16.1979,77.8521,11.14],[16.2021,77.8521,6.8568],[16.2062,77.85,0.0],[16.2229,77.85,0.0],[16.2271,77.8521,1.7119],[16.2542,77.8521,0.6602],[16.2583,77.8542,6.1178],[16.2687,77.8542,2.8061],[16.2729,77.8562,6.3931],[16.3,77.8562,0.0],[16.3042,77.8583,0.0],[16.3208,77.8562,0.0],[16.325,77.8583,0.0],[16.3396,77.8583,4.0445],[16.3521,77.8542,0.0],[16.3646,77.8542,3.1534],[16.375,77.85,0.1641],[16.3979,77.85,1.6042],[16.4021,77.8479,0.0],[16.4188,77.8479,0.0],[16.4229,77.85,0.2193],[16.4396,77.85,0.0],[16.4438,77.8521,14.9306],[16.45,77.8521,32.2093],[16.4542,77.85,0.0],[16.4708,77.85,0.0],[16.4792,77.8562,13.7023],[16.4854,77.8562,0.0],[16.4979,77.8521,0.0],[16.5021,77.8521,0.0],[16.5104,77.8562,0.0],[16.5271,77.8562,0.0],[16.5313,77.8583,6.0549],[16.5771,77.8583,0.0],[16.5812,77.8562,0.0],[16.5875,77.8562,0.0],[16.5917,77.8583,6.7792],[16.6292,77.8583,4.7678],[16.6333,77.8604,3.7826],[16.6417,77.8604,17.5592],[16.65,77.8646,9.1443],[16.6786,77.8651,0.0],[16.6828,77.8682,4.3859],[16.6755,77.8693,12.4979],[16.6786,77.8724,0.0],[16.6646,77.8729,5.8741],[16.663,77.8745,1.0255],[16.6729,77.875,0.0],[16.6792,77.8792,0.0],[16.6891,77.8797,0.0],[16.6984,77.887,8.2598],[16.7099,77.888,0.0],[16.7208,77.8958,8.5075],[16.7313,77.8958,6.7067],[16.7354,77.8979,4.7071],[16.7708,77.8979,0.0],[16.7724,77.8964,0.0],[16.7693,77.8943,0.0],[16.7771,77.8938,0.0],[16.7813,77.8958,0.0],[16.7911,77.8964,0.0],[16.7776,77.9016,0.0],[16.7833,77.9042,0.0],[16.8021,77.9063,0.0],[16.8125,77.9021,0.0],[16.8266,77.9016,0.0],[16.825,77.9,0.0],[16.8151,77.8995,0.0],[16.8167,77.8979,0.0],[16.8458,77.8938,0.0],[16.8474,77.8953,0.0],[16.8422,77.8964,0.0],[16.8432,77.8995,0.0],[16.838,77.9005,0.0],[16.8391,77.9036,0.0],[16.8339,77.9047,0.0],[16.8349,77.9078,0.0],[16.8297,77.9089,0.0],[16.8307,77.912,0.0],[16.8255,77.9141,0.0],[16.8583,77.9187,0.0],[16.8807,77.912,0.0],[16.8797,77.9089,0.0],[16.8849,77.9078,0.0],[16.8839,77.9047,0.0],[16.8974,77.9016,0.0],[16.8943,77.8984,0.0],[16.9078,77.8953,0.0],[16.9063,77.8938,0.0],[16.8979,77.8938,0.0],[16.8937,77.8917,0.0],[16.8854,77.8917,0.0],[16.8839,77.8901,0.0],[16.8979,77.8896,0.0],[16.9021,77.8875,0.0],[16.9146,77.8875,0.0],[16.9161,77.8859,46.6276],[16.8937,77.8833,0.0],[16.8854,77.8792,0.0],[16.8583,77.8792,0.0],[16.8542,77.8771,0.0],[16.8375,77.8771,0.0],[16.8333,77.8792,0.0],[16.8208,77.8792,0.0],[16.8193,77.8797,0.0],[16.8203,77.8828,0.0],[16.8125,77.8854,0.0],[16.7979,77.8854,7.4947],[16.7938,77.8833,18.5077],[16.7818,77.8828,-0.2594],[16.7714,77.8734,0.0],[16.7995,77.8662,6.7883],[16.7964,77.863,0.0],[16.8036,77.862,12.4386],[16.8005,77.8588,9.8047],[16.8078,77.8578,15.2],[16.8047,77.8547,19.7728],[16.812,77.8536,17.5483],[16.8104,77.8521,24.1997],[16.8005,77.8516,0.0],[16.812,77.8474,19.8181],[16.8109,77.8443,11.5472],[16.8161,77.8432,9.1711],[16.8125,77.8396,20.93],[16.8026,77.8391,0.0],[16.8042,77.8375,0.0],[16.8271,77.8375,12.1079],[16.8438,77.8313,0.0],[16.875,77.8292,1.7566],[16.8828,77.8266,1.2672],[16.8818,77.8234,0.0],[16.8958,77.8187,0.0],[16.9104,77.8187,0.622],[16.9146,77.8167,0.0],[16.9354,77.8167,0.0],[16.9396,77.8146,0.0],[16.9625,77.8146,1.8181],[16.9667,77.8125,0.0],[16.9792,77.8125,1.6723],[16.9833,77.8104,0.0],[16.9979,77.8104,2.2609],[17.0021,77.8083,0.0],[17.0313,77.8063,22.1868],[17.0391,77.8026,3.1212],[17.0292,77.8021,0.0],[17.0276,77.8005,0.0],[17.0521,77.8,0.6577],[17.0917,77.7875,0.0],[17.1063,77.7896,9.4808],[17.1078,77.7891,7.8412],[17.1068,77.7859,0.0],[17.112,77.7839,0.0],[17.1042,77.7792,0.0],[17.0688,77.7792,0.0],[17.0646,77.7813,0.0],[17.0521,77.7813,0.0],[17.0417,77.7854,0.0],[17.0354,77.7854,0.0],[17.0313,77.7833,0.0],[17.0214,77.7828,0.0],[17.0167,77.7792,8.295],[17.0104,77.7792,14.7167],[16.9917,77.7854,3.5485],[16.9771,77.7833,38.9332],[16.9521,77.7917,0.0],[16.9229,77.7937,15.567],[16.9188,77.7958,0.0],[16.9021,77.7958,10.9573],[16.8979,77.7937,48.0765],[16.8917,77.7937,57.0197],[16.875,77.8,0.0],[16.8708,77.8,0.0],[16.8667,77.8021,0.0],[16.8542,77.8021,18.2866],[16.8438,77.8063,3.1869],[16.8208,77.8063,9.9956],[16.8104,77.8104,0.0],[16.7833,77.8104,2.7316],[16.7792,77.8083,9.9324],[16.775,77.8083,7.7437],[16.7625,77.8125,0.0],[16.7438,77.8104,2.2224],[16.7396,77.8083,11.9402],[16.7125,77.8083,0.0],[16.7083,77.8063,19.3403],[16.6729,77.8063,13.5067],[16.6688,77.8083,0.6415],[16.6625,77.8083,0.0],[16.6583,77.8063,4.3767],[16.6484,77.8057,11.3761],[16.6437,77.8021,45.4692],[16.6375,77.8021,34.1594],[16.6333,77.8042,15.6512],[16.6188,77.8042,0.0],[16.6146,77.8021,15.3628],[16.5458,77.8021,0.0],[16.5396,77.7979,9.9233],[16.5208,77.7979,0.0],[16.5167,77.7958,28.6493],[16.5083,77.7958,28.3106],[16.5042,77.7937,53.647],[16.4688,77.7937,15.7917],[16.4646,77.7958,0.0],[16.4583,77.7958,5.6965],[16.4542,77.7937,14.3518],[16.4479,77.7937,9.6129],[16.4375,77.7979,16.2827],[16.425,77.7979,5.4222],[16.4208,77.8,15.3688],[16.4042,77.7979,11.7065],[16.4,77.8,9.6347],[16.3792,77.8,16.1257],[16.3667,77.8042,0.0],[16.3438,77.8042,0.9283],[16.3396,77.8063,1.5783],[16.3354,77.8063,1.8178],[16.3339,77.8047,0.7063],[16.3391,77.8037,0.9595],[16.337,77.8005,1.9531],[16.3312,77.7979,2.0784],[16.3229,77.7979,1.2898],[16.3193,77.7953,1.4995],[16.3245,77.7922,2.7559],[16.3188,77.7917,2.0027],[16.3146,77.7937,1.1784],[16.3083,77.7937,0.5492],[16.3047,77.7911,0.4936],[16.3099,77.7891,1.755],[16.3078,77.7859,2.063],[16.2979,77.7854,0.5299],[16.2896,77.7813,8.9251],[16.2729,77.7813,5.0467],[16.2687,77.7792,65.7342],[16.2604,77.7792,41.4606],[16.2547,77.7766,96.8817],[16.2479,77.7708,354.2737],[16.2313,77.7708,339.0293],[16.2271,77.7729,221.1008],[16.2208,77.7729,168.446],[16.2167,77.7708,258.52],[16.2083,77.7708,218.2504],[16.2042,77.7688,285.744],[16.1896,77.7688,163.1059],[16.1792,77.7729,0.0],[16.1729,77.7729,0.0],[16.1688,77.7708,24.1137],[16.1312,77.7708,0.0],[16.1229,77.7667,26.7209],[16.0958,77.7667,0.0],[16.0917,77.7646,1.3434],[16.0562,77.7646,12.9876],[16.0458,77.7688,0.0],[16.0292,77.7688,0.0],[16.025,77.7667,4.3284],[16.0167,77.7667,2.588],[16.0125,77.7646,4.689],[15.9938,77.7646,0.0],[15.9922,77.763,1.1592],[15.9995,77.762,3.3093],[15.9974,77.7589,13.8393],[15.9771,77.7583,0.0],[15.9708,77.7542,24.1434],[15.925,77.7542,1.9977],[15.9234,77.7557,1.1948],[15.9521,77.7562,0.0],[15.9563,77.7583,0.0],[15.9646,77.7583,0.0],[15.9661,77.7599,0.0],[15.9583,77.7625,0.0],[15.9437,77.7604,0.0],[15.9339,77.763,0.0],[15.9354,77.7646,0.0],[15.9453,77.7651,0.0],[15.9437,77.7667,0.0],[15.9,77.7667,0.0],[15.8984,77.7651,0.0],[15.9036,77.763,0.0],[15.8813,77.7604,0.0],[15.8771,77.7583,0.6721],[15.8688,77.7583,0.7452],[15.8625,77.7542,4.7048],[15.8547,77.7547,4.1683],[15.8557,77.7578,1.249],[15.8542,77.7583,0.9689],[15.8396,77.7583,0.2837],[15.8354,77.7562,1.1292],[15.7938,77.7542,2.5677],[15.7896,77.7521,2.524],[15.7797,77.7516,1.8207],[15.7724,77.7443,25.6083],[15.7609,77.7432,46.927],[15.7625,77.7417,89.8863],[15.7771,77.7417,85.4538],[15.7813,77.7438,17.3769],[15.7875,77.7438,14.5026],[15.7979,77.7396,145.0506],[15.8042,77.7396,131.0565],[15.8057,77.7412,84.1687],[15.8005,77.7432,20.5748],[15.8063,77.7438,11.7728],[15.825,77.7375,135.4872],[15.8307,77.737,132.285],[15.8292,77.7354,175.4144],[15.8208,77.7354,288.7025],[15.8167,77.7333,369.0768],[15.7813,77.7333,584.19],[15.7688,77.7375,282.3818],[15.7542,77.7375,320.2383],[15.7526,77.7359,420.6038],[15.7667,77.7354,393.9275],[15.7682,77.7338,428.7058],[15.7583,77.7333,464.8832],[15.7542,77.7312,586.5219],[15.7396,77.7312,725.0797],[15.7297,77.7338,548.2236],[15.7307,77.737,388.1835],[15.7255,77.738,255.1742],[15.7266,77.7412,105.6769],[15.725,77.7417,69.5537],[15.7193,77.7412,97.8776],[15.7125,77.7375,293.8652],[15.6979,77.7375,211.2351],[15.6792,77.7438,8.2703],[15.6667,77.7438,11.3785],[15.6625,77.7458,3.0891],[15.6167,77.7458,21.2602],[15.6125,77.7438,30.0772],[15.6026,77.7432,3.624],[15.6005,77.7401,28.9012],[15.6146,77.7396,57.2147],[15.6245,77.7359,188.7991],[15.6146,77.7354,295.5211],[15.6104,77.7333,419.246],[15.5646,77.7333,339.7663],[15.5604,77.7354,236.6662],[15.5542,77.7354,186.9599],[15.5479,77.7312,377.239],[15.5313,77.7312,458.9033],[15.5271,77.7292,576.0945],[15.5208,77.7292,584.7556],[15.5167,77.7312,450.6839],[15.4833,77.7312,302.7727],[15.4792,77.7333,121.8326],[15.425,77.7333,6.0299],[15.4208,77.7312,7.7911],[15.4125,77.7312,7.1534],[15.4083,77.7292,8.4145],[15.4,77.7292,5.8929],[15.3958,77.7271,7.1135],[15.375,77.725,1.6553],[15.3693,77.7203,217.7406],[15.3708,77.7188,277.0534],[15.3771,77.7188,258.6308],[15.3813,77.7208,157.7586],[15.3974,77.7203,213.9418],[15.3958,77.7188,271.5064],[15.3875,77.7188,244.7045],[15.3833,77.7167,387.5996],[15.3479,77.7188,149.0287],[15.3432,77.7151,340.3524],[15.3354,77.7146,328.9969],[15.3339,77.7151,322.8721],[15.3349,77.7182,152.3476],[15.3271,77.7208,44.8928],[15.3109,77.7203,74.3542],[15.3161,77.7182,136.9712],[15.3125,77.7146,286.3103],[15.2958,77.7146,256.7993],[15.2917,77.7167,234.5755],[15.2792,77.7167,172.1613],[15.275,77.7188,41.7883],[15.2396,77.7188,0.0],[15.2333,77.7146,13.1112],[15.2188,77.7167,0.0],[15.2125,77.7125,4.96],[15.2042,77.7125,1.3449],[15.2,77.7104,5.4248],[15.1917,77.7104,4.9794],[15.1875,77.7083,11.5961],[15.1687,77.7083,6.2792],[15.1646,77.7063,7.7366],[15.1604,77.7063,5.2646],[15.1563,77.7083,0.9663],[15.15,77.7083,0.0],[15.1375,77.7,14.2684],[15.1292,77.7,0.0],[15.1229,77.6958,34.4992],[15.1083,77.6979,1.5787],[15.1042,77.6958,14.6953],[15.0958,77.6958,9.7185],[15.0833,77.6875,306.3555],[15.0688,77.6896,51.4969],[15.0646,77.6875,98.8398],[15.0271,77.6875,14.787],[15.0229,77.6854,37.0059],[14.9854,77.6854,6.8264],[14.9839,77.6839,18.733],[15.0167,77.6833,66.1789],[15.0182,77.6818,101.0472],[14.9896,77.6813,55.8809],[14.9854,77.6792,67.8282],[14.9708,77.6792,86.7805],[14.9667,77.6813,30.4259],[14.9604,77.6813,19.1752],[14.9542,77.6771,88.7566],[14.9479,77.6771,64.9558],[14.9438,77.6792,28.3387],[14.938,77.6787,44.2041],[14.9432,77.6766,77.4103],[14.9417,77.675,69.5073],[14.9271,77.675,148.9645],[14.9229,77.6771,59.0362],[14.9047,77.6766,58.2178],[14.9063,77.675,120.9917],[14.9203,77.6745,111.6841],[14.9193,77.6713,255.2943],[14.9328,77.6682,322.367],[14.9313,77.6667,350.9553],[14.9188,77.6687,322.6748],[14.9,77.675,103.2498],[14.8938,77.675,79.4326],[14.8922,77.6734,111.942],[14.8979,77.6729,187.5142],[14.9141,77.6672,365.8098],[14.8917,77.6646,586.7043],[14.8875,77.6625,656.1651],[14.8729,77.6646,591.0396],[14.8687,77.6625,626.1407],[14.8604,77.6625,613.5417],[14.8563,77.6604,644.7305],[14.85,77.6604,608.444],[14.8458,77.6625,437.3686],[14.8313,77.6625,232.8661],[14.825,77.6583,295.241],[14.8151,77.6578,309.6296],[14.8203,77.6547,451.2356],[14.8104,77.6542,585.0566],[14.8063,77.6521,530.0736],[14.7917,77.6542,458.6006],[14.7875,77.6521,435.7257],[14.7813,77.6521,376.7446],[14.7797,77.6536,429.7393],[14.7828,77.6557,296.4556],[14.7813,77.6563,205.2922],[14.775,77.6563,136.8848],[14.7708,77.6542,353.394],[14.7563,77.6542,249.9507],[14.7521,77.6563,80.0895],[14.7458,77.6563,0.0],[14.7417,77.6542,25.0103],[14.7333,77.6542,15.1553],[14.7297,77.6516,6.1744],[14.7349,77.6495,10.9154],[14.7339,77.6464,0.1996],[14.7354,77.6458,0.0],[14.7479,77.6458,7.8552],[14.7521,77.6438,0.0],[14.7854,77.6438,11.6434],[14.7896,77.6417,0.0],[14.8125,77.6417,76.6616],[14.8203,77.6391,38.6045],[14.8193,77.6359,0.0],[14.8208,77.6354,0.0],[14.85,77.6333,48.7056],[14.8516,77.6318,12.4322],[14.8484,77.6276,0.0],[14.862,77.6245,7.0697],[14.8609,77.6214,1.893],[14.8661,77.6203,8.5078],[14.863,77.6151,0.0],[14.8792,77.6104,6.7275],[14.8917,77.6104,6.4052],[14.8958,77.6083,0.0],[14.9036,77.6088,0.0],[14.8964,77.612,28.0848],[14.9068,77.6203,0.0],[14.9229,77.6208,0.0],[14.9354,77.6167,0.0],[14.9479,77.6167,6.4661],[14.9495,77.6162,4.8451],[14.9484,77.613,0.0],[14.9708,77.6062,0.0],[14.9938,77.6062,0.0],[14.9979,77.6042,0.0],[15.0229,77.6042,0.0],[15.0271,77.6062,0.0],[15.0813,77.6062,0.0],[15.0854,77.6042,0.0],[15.0896,77.6042,0.0],[15.0979,77.6083,7.0682],[15.1125,77.6062,0.0],[15.1167,77.6083,2.036],[15.1896,77.6083,0.0],[15.2021,77.6042,0.0],[15.2167,77.6042,0.0],[15.2208,77.6062,0.0],[15.2271,77.6062,0.5196],[15.2313,77.6042,1.0672],[15.2438,77.6042,6.5048],[15.2453,77.6036,5.4726],[15.2443,77.6005,2.9253],[15.2521,77.5979,1.3298],[15.3167,77.5979,0.0],[15.3208,77.6,1.4752],[15.3542,77.6,4.9883],[15.3583,77.5979,0.0],[15.3708,77.5979,0.0],[15.3833,77.5938,0.0],[15.425,77.5938,59.0941],[15.4354,77.5896,0.0],[15.4479,77.5896,19.2579],[15.4604,77.5854,0.0],[15.5021,77.5854,0.0],[15.5063,77.5833,0.0],[15.5104,77.5833,0.0],[15.5146,77.5854,0.0],[15.5313,77.5854,11.284],[15.5354,77.5833,0.0],[15.5479,77.5833,0.0],[15.5521,77.5813,0.0],[15.5938,77.5813,26.2324],[15.5979,77.5792,0.0],[15.6141,77.5797,0.0],[15.6089,77.5818,7.6021],[15.6104,77.5833,42.6271],[15.6146,77.5833,35.4172],[15.6188,77.5813,0.0],[15.6604,77.5813,0.8086],[15.6646,77.5792,0.0],[15.6786,77.5787,1.8974],[15.6776,77.5755,0.0],[15.6792,77.575,0.0],[15.7604,77.575,27.6535],[15.7708,77.5708,0.0],[15.7833,77.5708,15.7827],[15.7958,77.5667,0.0],[15.8104,77.5687,12.1548],[15.8146,77.5667,0.0],[15.8625,77.5646,31.9284],[15.875,77.5604,0.0],[15.9229,77.5583,2.2261],[15.9391,77.5526,0.5903],[15.9333,77.55,1.7403],[15.9255,77.5495,3.281],[15.9214,77.5463,0.0],[15.9354,77.5458,4.6789],[15.937,77.5453,2.7114],[15.9359,77.5422,0.0],[15.9375,77.5417,0.0],[15.95,77.5417,1.0759],[15.9724,77.5349,3.7512],[15.9714,77.5318,0.0],[15.9729,77.5313,0.0],[15.987,77.5307,6.4144],[15.9859,77.5276,3.2238],[15.9911,77.5266,4.262],[15.9901,77.5234,0.0],[16.0036,77.5203,1.2528],[16.0005,77.5172,0.0],[16.0203,77.512,6.0581],[16.0193,77.5089,10.444],[16.0208,77.5083,11.8614],[16.0354,77.5083,14.2286],[16.037,77.5099,5.5266],[16.0318,77.5109,5.6287],[16.0328,77.5141,0.5163],[16.0313,77.5146,0.8246],[16.0187,77.5146,1.9923],[16.0172,77.5162,2.2181],[16.0354,77.5167,2.3082],[16.0396,77.5146,0.6427],[16.0521,77.5146,4.1545],[16.0562,77.5125,3.1376],[16.0771,77.5125,1.4822],[16.0849,77.5089,5.6955],[16.0771,77.5083,9.6566],[16.0755,77.5068,25.2024],[16.1016,77.4995,20.1111],[16.1005,77.4964,27.3836],[16.1146,77.4917,33.6982],[16.1271,77.4917,50.9942],[16.1458,77.4854,50.9734],[16.1771,77.4854,67.6584],[16.1813,77.4833,64.8156],[16.2229,77.4833,69.427],[16.2271,77.4812,59.289],[16.2333,77.4812,59.192],[16.2375,77.4833,73.3551],[16.2542,77.4833,57.7727],[16.2583,77.4854,63.5914],[16.2646,77.4854,70.1769],[16.275,77.4812,56.1471],[16.2875,77.4812,57.5948],[16.2917,77.4792,57.5678],[16.3161,77.4786,53.9338],[16.3068,77.4703,56.2246],[16.312,77.4682,56.2643],[16.3099,77.4651,59.45],[16.2896,77.4646,63.2985],[16.2776,77.4557,89.6832],[16.2792,77.4542,94.6071],[16.2932,77.4537,74.1049],[16.2818,77.4432,110.6855],[16.287,77.4401,109.6346],[16.2833,77.4375,116.2103],[16.2734,77.437,116.5141],[16.2672,77.4328,116.3543],[16.2724,77.4297,133.8384],[16.2557,77.4151,162.2166],[16.2526,77.4141,162.1977],[16.2542,77.4125,166.2331],[16.2599,77.412,170.4689],[16.2547,77.4068,168.8749],[16.2599,77.4047,177.4373],[16.2521,77.4042,177.1955],[16.2464,77.4016,178.2048],[16.2536,77.3984,175.3292],[16.2437,77.3979,183.5062],[16.238,77.3953,181.4445],[16.2479,77.3917,184.0616],[16.262,77.3912,207.573],[16.2589,77.388,201.456],[16.2724,77.3849,204.5455],[16.2708,77.3833,206.1287],[16.2563,77.3833,193.8676],[16.2458,77.3875,190.4974],[16.2333,77.3875,184.2338],[16.2318,77.3891,184.3895],[16.2349,77.3932,182.4728],[16.2193,77.3943,174.9133],[16.2208,77.3958,170.5993],[16.2307,77.3964,175.5706],[16.2292,77.3979,173.1274],[16.1979,77.3979,175.8485],[16.1938,77.4,180.9169],[16.1875,77.4,190.3593],[16.1859,77.3984,191.3914],[16.1932,77.3974,180.1066],[16.1922,77.3943,179.9168],[16.1974,77.3922,180.1251],[16.1938,77.3896,184.9734],[16.1771,77.3896,192.9419],[16.1693,77.3922,201.0536],[16.1703,77.3953,194.2522],[16.1651,77.3964,192.4106],[16.1661,77.3995,191.3288],[16.1547,77.4036,186.0183],[16.1661,77.4047,185.8628],[16.1589,77.4078,168.2177],[16.1667,77.4083,172.4749],[16.1833,77.4021,181.9028],[16.2083,77.4021,160.0676],[16.2099,77.4036,159.2507],[16.1943,77.4047,174.715],[16.1974,77.4078,162.0081],[16.1901,77.4089,165.3593],[16.1911,77.412,149.9242],[16.1859,77.413,149.6748],[16.187,77.4161,150.364],[16.1818,77.4172,144.8748],[16.1828,77.4203,135.3398],[16.1776,77.4213,131.0773],[16.1786,77.4245,129.7382],[16.1734,77.4255,125.2802],[16.1745,77.4287,119.5024],[16.1521,77.4354,98.1454],[16.1396,77.4354,103.1843],[16.1292,77.4396,94.2226],[16.1167,77.4396,99.4104],[16.1125,77.4417,89.334],[16.1,77.4417,98.1681],[16.0958,77.4437,89.706],[16.0833,77.4437,87.3713],[16.0792,77.4458,86.1398],[16.0667,77.4458,75.2726],[16.0526,77.4505,35.2176],[16.0536,77.4537,59.0853],[16.0521,77.4542,56.8022],[16.0479,77.4542,48.1861],[16.0375,77.4583,43.8779],[16.0234,77.4589,44.1474],[16.0255,77.462,53.6059],[16.0354,77.4625,62.5153],[16.037,77.4641,62.9898],[16.0229,77.4688,43.7753],[16.0187,77.4688,37.7429],[16.0146,77.4708,42.0221],[15.9833,77.4708,25.331],[15.9755,77.4734,20.3921],[15.9766,77.4766,38.2636],[15.963,77.4797,25.414],[15.9661,77.4828,24.5392],[15.9443,77.488,11.6276],[15.9495,77.4932,32.9917],[15.9417,77.4958,25.2183],[15.9354,77.4958,3.9163],[15.9307,77.4922,4.3047],[15.9229,77.4917,6.9673],[15.9214,77.4922,6.1033],[15.9224,77.4953,0.1797],[15.9083,77.5,0.0],[15.9021,77.5,0.0],[15.9005,77.4984,0.0],[15.9057,77.4964,0.0],[15.8792,77.4958,9.2544],[15.8625,77.5021,0.0],[15.8568,77.5026,5.6832],[15.8599,77.5047,0.0],[15.8583,77.5062,0.0],[15.8542,77.5062,0.0],[15.85,77.5083,0.0],[15.8375,77.5083,12.7476],[15.8297,77.5109,8.6879],[15.8307,77.5141,0.0],[15.8172,77.5172,10.4926],[15.8203,77.5203,5.0959],[15.8104,77.5229,0.0],[15.7979,77.5229,0.7867],[15.7938,77.525,0.2345],[15.7896,77.525,0.2836],[15.7854,77.5229,1.2362],[15.7688,77.5229,0.9406],[15.7646,77.525,0.5196],[15.75,77.525,0.4459],[15.7458,77.5229,1.4211],[15.7396,77.5229,1.6603],[15.738,77.5245,1.1917],[15.7411,77.5266,0.3858],[15.7396,77.5271,0.0],[15.7229,77.5271,0.3714],[15.7182,77.5234,2.205],[15.7125,77.5229,4.3249],[15.7109,77.5234,4.6771],[15.712,77.5266,1.7592],[15.7104,77.5271,0.9304],[15.6813,77.5313,0.0],[15.6771,77.5292,1.7595],[15.6292,77.5292,2.2296],[15.625,77.5271,7.5788],[15.5896,77.5271,0.8176],[15.5854,77.525,9.3983],[15.5458,77.5229,28.2283],[15.5417,77.5208,40.1047],[15.475,77.5208,0.7711],[15.4708,77.5188,2.1746],[15.4458,77.5188,2.814],[15.4354,77.5229,1.5655],[15.4229,77.5229,4.6762],[15.3958,77.5313,0.0],[15.3813,77.5292,17.863],[15.3708,77.5333,0.6633],[15.3479,77.5333,44.6895],[15.3438,77.5354,10.6909],[15.3208,77.5354,6.1291],[15.3167,77.5375,1.0955],[15.3021,77.5375,1.2834],[15.2974,77.5339,29.0718],[15.2896,77.5333,52.2165],[15.2854,77.5354,4.3835],[15.2438,77.5354,2.5682],[15.2396,77.5375,0.0],[15.2271,77.5375,2.1408],[15.2229,77.5396,0.0],[15.2021,77.5396,7.1507],[15.1979,77.5417,4.1691],[15.1625,77.5417,0.9977],[15.1583,77.5396,3.9161],[15.1042,77.5396,42.1931],[15.0964,77.5422,28.0644],[15.0974,77.5453,0.0],[15.0958,77.5458,0.0],[15.0833,77.5458,0.0],[15.05,77.5563,0.0],[15.0438,77.5563,0.0],[15.0391,77.5526,0.3255],[15.0333,77.5521,0.0],[15.0234,77.5547,18.4916],[15.0245,77.5578,12.3441],[15.0167,77.5604,0.0],[14.9938,77.5604,11.9906],[14.9833,77.5646,4.4959],[14.9755,77.5641,4.5076],[14.9708,77.5604,4.2651],[14.95,77.5583,0.0],[14.9438,77.5542,1.1429],[14.9214,77.5516,0.0],[14.9229,77.55,0.0],[14.9286,77.5495,1.5852],[14.9271,77.5479,2.799],[14.8813,77.5479,0.0],[14.8729,77.5437,4.4893],[14.8687,77.5437,4.2042],[14.8646,77.5458,0.0],[14.8583,77.5458,0.0],[14.8542,77.5437,1.8977],[14.8104,77.5437,19.5403],[14.8063,77.5458,0.0],[14.8,77.5458,0.0],[14.7958,77.5437,22.6448],[14.7813,77.5437,19.4458],[14.7771,77.5458,17.7159],[14.7693,77.5453,0.0],[14.7651,77.5411,17.6191],[14.7703,77.5391,19.3766],[14.7672,77.5339,0.0],[14.7729,77.5333,18.9263],[14.7745,77.5318,20.5753],[14.763,77.5307,0.0],[14.7547,77.5234,11.9196],[14.762,77.5224,26.5422],[14.7609,77.5193,0.7426],[14.7661,77.5182,5.0898],[14.7651,77.5151,0.0],[14.7703,77.5141,3.7309],[14.7609,77.5109,0.0],[14.7661,77.5099,0.0],[14.7651,77.5068,0.0],[14.7703,77.5047,6.3682],[14.7625,77.4979,0.4143],[14.7422,77.4974,0.0],[14.7359,77.4901,0.7957],[14.7438,77.4875,1.4691],[14.7563,77.4875,0.0],[14.7578,77.487,0.0],[14.7568,77.4838,0.0],[14.7583,77.4833,0.0],[14.7708,77.4833,0.0],[14.7724,77.4828,0.0],[14.7714,77.4797,0.0],[14.7771,77.4792,0.0],[14.7786,77.4776,0.0],[14.7708,77.4771,0.0],[14.7604,77.4812,0.0],[14.7542,77.4812,0.0],[14.75,77.4792,0.0],[14.7417,77.4792,0.0],[14.7375,77.4771,0.0],[14.7292,77.4771,0.0],[14.725,77.475,0.0],[14.7083,77.475,0.0],[14.7021,77.4708,-0.4604],[14.6875,77.4708,0.0],[14.6859,77.4724,0.0],[14.6896,77.475,0.0],[14.6979,77.475,0.0],[14.7021,77.4771,0.0],[14.7099,77.4776,0.0],[14.7141,77.4797,0.0],[14.7161,77.4828,0.0],[14.6979,77.4833,0.0],[14.6938,77.4812,0.0],[14.6708,77.4812,0.0],[14.6521,77.4875,55.5328],[14.6292,77.4875,232.4695],[14.6276,77.488,207.4376],[14.6286,77.4912,60.4375],[14.6234,77.4922,19.8099],[14.6266,77.4964,0.0],[14.625,77.4979,0.0],[14.6188,77.4979,0.0],[14.6042,77.4938,0.0],[14.5854,77.4938,0.0],[14.5792,77.4896,0.0],[14.5443,77.4901,0.0],[14.5536,77.4932,0.0],[14.5417,77.4958,0.0],[14.5401,77.4974,0.0],[14.5578,77.5026,0.0],[14.5599,77.5057,0.0],[14.5526,77.5068,0.0],[14.5568,77.512,4.8686],[14.5807,77.5151,0.0],[14.5729,77.5188,22.2354],[14.5672,77.5193,26.8288],[14.5682,77.5224,0.0],[14.5667,77.5229,0.0],[14.5526,77.5234,0.0],[14.5547,77.5266,0.0],[14.5625,77.5271,0.0],[14.5729,77.5229,0.0],[14.5792,77.5229,0.0],[14.5807,77.5245,0.0],[14.5646,77.5292,0.0],[14.5505,77.5297,0.0],[14.5547,77.5349,0.3924],[14.5661,77.5359,0.0],[14.5609,77.5391,13.5873],[14.5687,77.5396,0.0],[14.5703,77.5411,0.0],[14.5651,77.5422,0.0],[14.5661,77.5453,0.0],[14.5234,77.5568,2.7708],[14.5245,77.5599,0.0],[14.5229,77.5604,0.0],[14.5083,77.5583,21.4852],[14.4984,77.5609,29.8622],[14.5036,77.5661,0.0],[14.4896,77.5667,6.6022],[14.488,77.5672,17.5378],[14.4891,77.5703,1.7121],[14.4875,77.5708,0.0],[14.4708,77.5687,16.1027],[14.4693,77.5703,31.2439],[14.4724,77.5714,13.9415],[14.4708,77.5729,6.1973],[14.4542,77.5729,0.0],[14.45,77.5708,17.0985],[14.4146,77.5687,48.3724],[14.4021,77.5729,34.3506],[14.3792,77.5729,44.1226],[14.3688,77.5771,5.5175],[14.3563,77.5771,14.247],[14.3521,77.5792,0.0],[14.3354,77.5792,16.0654],[14.3313,77.5771,20.3673],[14.3146,77.5771,20.1959],[14.3104,77.575,30.9127],[14.3042,77.575,26.7824],[14.3026,77.5755,24.6834],[14.3036,77.5787,0.0],[14.2979,77.5792,0.0],[14.2938,77.5771,16.9684],[14.2854,77.5771,12.3412],[14.2813,77.575,24.8163],[14.2438,77.575,14.7296],[14.2396,77.5729,22.8048],[14.2313,77.5729,20.4551],[14.2271,77.5708,27.1129],[14.2104,77.5708,11.2591],[14.2063,77.5687,37.2757],[14.1604,77.5687,0.0],[14.1536,77.5651,25.5254],[14.1458,77.5646,0.0],[14.1417,77.5625,32.6142],[14.125,77.5625,21.318],[14.1208,77.5646,4.9925],[14.1167,77.5646,0.0],[14.1125,77.5625,15.5784],[14.0938,77.5625,0.0],[14.0875,77.5583,18.2163],[14.0693,77.5578,0.0],[14.0745,77.5557,22.7208],[14.0729,77.5542,30.1443],[14.0583,77.5563,0.0],[14.0521,77.5521,0.0],[14.0333,77.55,0.0],[14.0229,77.5437,31.4529],[13.9854,77.5417,9.7179],[13.9813,77.5396,10.0887],[13.9604,77.5375,0.0],[13.9542,77.5333,10.0812],[13.9375,77.5333,5.4607],[13.9313,77.5292,5.9414],[13.9214,77.5286,0.0],[13.9172,77.5245,4.4209],[13.9224,77.5224,3.9061],[13.9214,77.5193,0.0],[13.9271,77.5188,3.1613],[13.9349,77.5151,5.0037],[13.9307,77.5109,4.3189],[13.9193,77.5099,1.9435],[13.9172,77.5068,3.0249],[13.9229,77.5062,5.1987],[13.9245,77.5047,5.7175],[13.9188,77.5021,6.1195],[13.9109,77.5016,0.0],[13.9161,77.4995,5.6527],[13.9141,77.4964,4.3879],[13.9042,77.4958,0.0],[13.9005,77.4932,0.0],[13.9021,77.4917,3.3237],[13.9208,77.4875,0.0],[13.9313,77.4833,0.0],[13.9542,77.4833,0.0],[13.9583,77.4812,0.0],[13.9708,77.4812,0.0],[13.975,77.4792,0.0],[14.0,77.4792,0.0],[14.0042,77.4812,5.9754],[14.0104,77.4812,0.0],[14.0208,77.4771,0.0],[14.0411,77.4724,6.3761],[14.0401,77.4693,1.7904],[14.0453,77.4682,3.0689],[14.0422,77.463,1.8801],[14.0557,77.4599,2.6773],[14.0526,77.4547,0.0],[14.0646,77.4521,1.2854],[14.0661,77.4505,-0.0548],[14.0625,77.4479,5.0684],[14.0542,77.4479,5.6141],[14.05,77.4458,5.2549],[14.0333,77.4458,1.1076],[14.0292,77.4437,13.5072],[14.0214,77.4443,14.6366],[14.0224,77.4474,7.1062],[14.0208,77.4479,7.1062],[14.0083,77.4479,10.0455],[14.0042,77.45,4.9031],[14.0,77.45,6.8881],[13.9932,77.4464,7.5638],[13.9875,77.4458,12.4383],[13.9833,77.4479,9.2331],[13.9708,77.45,0.0],[13.9672,77.4464,3.54],[13.9724,77.4453,5.1417],[13.9714,77.4422,6.0438],[13.9786,77.4411,4.0354],[13.9734,77.4359,0.4005],[13.9792,77.4354,0.3488],[13.9807,77.4339,1.7439],[13.975,77.4292,2.6332],[13.9563,77.4292,1.9332],[13.9521,77.4271,1.7395],[13.9443,77.4266,2.3369],[13.9521,77.4229,3.6977],[13.9641,77.4203,7.4877],[13.9625,77.4187,5.8821],[13.9547,77.4182,6.2427],[13.9505,77.4161,3.6513],[13.9484,77.413,0.0],[13.9729,77.4125,4.3324],[13.9917,77.4063,3.9147],[13.9974,77.4057,6.8319],[13.9943,77.4036,5.2676],[13.9958,77.4021,3.4997],[14.0125,77.4021,2.1393],[14.0172,77.4057,4.7569],[14.0229,77.4063,4.6115],[14.0245,77.4047,4.0532],[14.0193,77.3984,5.9148],[14.0271,77.3958,2.1615],[14.0417,77.3958,3.6264],[14.0667,77.3875,2.1355],[14.0807,77.387,2.567],[14.0755,77.3807,2.8235],[14.0771,77.3792,1.7867],[14.0896,77.3792,2.1111],[14.1,77.375,0.7674],[14.1141,77.3745,1.1414],[14.1125,77.3729,1.9817],[14.1047,77.3724,0.5573],[14.1026,77.3703,1.1963],[14.1078,77.3672,1.5104],[14.1,77.3667,1.053],[14.0958,77.3688,0.8634],[14.0917,77.3688,0.6721],[14.088,77.3651,1.7066],[14.0932,77.363,1.7585],[14.0854,77.3625,0.9229],[14.0839,77.3609,0.0],[14.0917,77.3583,0.0],[14.1167,77.3583,0.7787],[14.1208,77.3604,1.4859],[14.125,77.3604,2.1591],[14.1266,77.3588,2.2248],[14.1245,77.3568,2.3704],[14.1167,77.3562,0.0],[14.1151,77.3547,0.0],[14.1292,77.3542,4.7645],[14.137,77.3516,3.1427],[14.1359,77.3484,3.7525],[14.1411,77.3474,5.2308],[14.138,77.3422,0.0],[14.1516,77.3391,4.7987],[14.1484,77.3339,0.0],[14.1536,77.3328,0.0],[14.1526,77.3297,0.0],[14.1583,77.3292,0.0],[14.1599,77.3276,2.5626],[14.1505,77.3193,0.0],[14.1641,77.3161,2.5361],[14.1625,77.3146,4.2442],[14.1547,77.3141,3.7929],[14.1443,77.3057,1.3887],[14.1458,77.3042,1.9333],[14.1516,77.3037,5.5857],[14.1505,77.3005,0.8198],[14.1557,77.2995,1.1381],[14.1547,77.2963,1.7896],[14.1688,77.2958,1.2942],[14.1792,77.2917,0.0],[14.2021,77.2917,3.7904],[14.2063,77.2896,2.7181],[14.2224,77.2901,1.6491],[14.2172,77.2922,2.0688],[14.2188,77.2937,0.9405],[14.2333,77.2937,3.0233],[14.2349,77.2932,3.4306],[14.2339,77.2901,2.99],[14.2479,77.2896,2.178],[14.2583,77.2854,0.0],[14.2708,77.2854,0.0],[14.275,77.2833,0.0],[14.2896,77.2854,3.2856],[14.2938,77.2833,0.0],[14.3063,77.2833,1.56],[14.3078,77.2818,1.2265],[14.3047,77.2786,0.0],[14.3063,77.2771,0.0],[14.3104,77.2771,0.0],[14.3146,77.2792,1.0936],[14.3224,77.2786,3.4673],[14.3214,77.2755,2.6088],[14.3266,77.2745,0.0],[14.3255,77.2714,0.0],[14.3313,77.2708,4.655],[14.3328,77.2693,4.755],[14.3292,77.2667,6.0022],[14.3068,77.2641,0.0],[14.3141,77.2609,5.5863],[14.3026,77.2599,0.0],[14.3078,77.2568,1.7623],[14.3036,77.2526,3.2328],[14.2958,77.2521,3.3965],[14.2943,77.2505,3.2375],[14.3083,77.2458,2.6972],[14.3208,77.2458,3.2389],[14.325,77.2438,2.9388],[14.3328,77.2443,2.859],[14.3276,77.2464,3.4337],[14.3292,77.2479,3.5139],[14.3438,77.2479,4.1383],[14.3542,77.2438,4.3272],[14.3604,77.2438,5.1448],[14.3646,77.2458,5.8823],[14.3891,77.2453,9.9634],[14.3854,77.2417,10.4191],[14.3396,77.2417,3.9007],[14.3318,77.2338,0.0],[14.3516,77.2286,2.2388],[14.3505,77.2255,0.9786],[14.3578,77.2245,1.2865],[14.3526,77.2193,1.8899],[14.3583,77.2188,2.0758],[14.3599,77.2172,2.0858],[14.3526,77.2109,1.5392],[14.3583,77.2104,1.7695],[14.3771,77.2042,1.2767],[14.3911,77.2037,1.9571],[14.3896,77.2021,2.3465],[14.3812,77.2021,1.4865],[14.3797,77.2005,1.4601],[14.3938,77.2,1.7618],[14.4016,77.1974,2.3863],[14.3984,77.1922,0.0],[14.4313,77.1917,0.5779],[14.4354,77.1896,2.1902],[14.4479,77.1896,3.1082],[14.4495,77.188,2.2201],[14.4396,77.1875,1.4706],[14.438,77.1859,0.0],[14.4521,77.1854,2.62],[14.4682,77.1807,1.2343],[14.4672,77.1776,1.5924],[14.4724,77.1766,2.6741],[14.4714,77.1734,1.4267],[14.4729,77.1729,0.0],[14.4896,77.175,0.0],[14.4943,77.1787,0.6066],[14.5042,77.1792,0.281],[14.5078,77.1818,0.1934],[14.5063,77.1833,0.3278],[14.5021,77.1833,0.1204],[14.4979,77.1813,0.3932],[14.4917,77.1813,2.6844],[14.4901,77.1818,2.4176],[14.4911,77.1849,0.3168],[14.4896,77.1854,0.8269],[14.4755,77.1859,2.0204],[14.4792,77.1896,0.4979],[14.4937,77.1896,2.0208],[14.4979,77.1875,1.0724],[14.5104,77.1875,1.0515],[14.5146,77.1854,0.3129],[14.5292,77.1854,0.0],[14.5333,77.1875,0.9644],[14.5417,77.1875,1.1381],[14.5432,77.1891,3.7818],[14.538,77.1901,3.3975],[14.5391,77.1932,-0.5992],[14.5292,77.1958,-0.5732],[14.5146,77.1958,2.1548],[14.5104,77.1937,4.8595],[14.5063,77.1937,5.7722],[14.5021,77.1958,3.7996],[14.4708,77.1958,0.8138],[14.4609,77.1995,2.3777],[14.4724,77.2005,3.0827],[14.4708,77.2021,3.1814],[14.4583,77.2021,3.053],[14.4542,77.2042,3.1928],[14.4417,77.2042,3.0847],[14.4401,77.2057,3.3509],[14.4563,77.2063,3.8111],[14.4604,77.2042,2.9932],[14.4667,77.2042,3.2132],[14.4703,77.2068,4.4881],[14.4625,77.2104,6.4773],[14.4568,77.2109,6.31],[14.4583,77.2125,8.447],[14.4729,77.2125,14.6165],[14.4917,77.2063,3.4327],[14.5042,77.2063,4.1526],[14.5083,77.2042,1.76],[14.514099999999999,77.2047,1.9573],[14.5208,77.2083,0.099],[14.5578,77.2089,-0.3009],[14.5563,77.2104,-0.2676],[14.5505,77.2109,6.1047],[14.5516,77.2141,5.3765],[14.55,77.2146,5.4223],[14.5396,77.2146,6.4561],[14.5271,77.2188,8.7419],[14.5125,77.2167,7.7876],[14.5083,77.2188,7.5025],[14.4943,77.2193,10.8099],[14.4958,77.2208,9.0816],[14.5146,77.2229,6.7932],[14.5224,77.2276,51.0283],[14.5208,77.2292,52.3694],[14.5151,77.2297,33.0497],[14.5167,77.2312,38.9965],[14.5417,77.2312,92.2791],[14.5432,77.2307,96.446],[14.5422,77.2276,79.8785],[14.5474,77.2266,85.9339],[14.5464,77.2234,71.4312],[14.5479,77.2229,73.826],[14.5542,77.2229,80.3656],[14.5583,77.225,92.3857],[14.5641,77.2245,98.033],[14.563,77.2214,85.49],[14.5682,77.2203,90.389],[14.5651,77.2151,6.6175],[14.5729,77.2125,21.4484],[14.5958,77.2125,70.7543],[14.6063,77.2083,39.2478],[14.6313,77.2083,14.0609],[14.6354,77.2104,53.6646],[14.65,77.2104,60.8172],[14.6542,77.2083,45.4491],[14.675,77.2083,55.7515],[14.6792,77.2063,55.147],[14.6854,77.2063,59.6571],[14.6917,77.2104,83.1767],[14.6958,77.2104,84.1349],[14.7,77.2083,61.4289],[14.7125,77.2083,84.9369],[14.7458,77.1979,56.7656],[14.7583,77.1979,78.4929],[14.7688,77.1937,64.8622],[14.7745,77.1932,71.0137],[14.7729,77.1917,57.7981],[14.7646,77.1917,52.8802],[14.7609,77.1891,18.1594],[14.7688,77.1854,3.8204],[14.7937,77.1854,1.1285],[14.7979,77.1875,20.4977],[14.8021,77.1875,13.5457],[14.8063,77.1854,-0.3891],[14.8188,77.1833,10.2253],[14.8229,77.1854,20.3841],[14.8396,77.1854,14.9754],[14.8438,77.1875,58.245],[14.8521,77.1875,51.9002],[14.8583,77.1917,79.7646],[14.8729,77.1917,78.3391],[14.8917,77.1854,21.1404],[14.8958,77.1854,21.4263],[14.9,77.1875,33.8778],[14.9083,77.1875,27.0572],[14.9125,77.1896,42.0705],[14.9167,77.1896,28.9994],[14.9208,77.1875,28.452],[14.9286,77.188,27.2049],[14.9234,77.1901,29.6335],[14.925,77.1917,29.3516],[14.937,77.1891,25.4565],[14.9328,77.1839,44.2799],[14.925,77.1833,48.2276],[14.9208,77.1813,44.2729],[14.8938,77.1813,27.532],[14.8896,77.1792,28.67],[14.875,77.1792,30.3527],[14.8708,77.1813,19.381],[14.8646,77.1813,18.6041],[14.8583,77.1771,34.9739],[14.8333,77.1771,16.24],[14.8318,77.1755,15.3995],[14.837,77.1734,9.9166],[14.8328,77.1693,8.3759],[14.8109,77.1682,4.1175],[14.8208,77.1646,5.2621],[14.8333,77.1646,1.7416],[14.8411,77.162,0.7285],[14.8401,77.1589,0.4284],[14.8563,77.1542,1.016],[14.8708,77.1542,2.1814],[14.8755,77.1578,1.5519],[14.8833,77.1583,0.9897],[14.889099999999999,77.1609,0.7805],[14.8875,77.1625,2.0608],[14.8818,77.163,3.3627],[14.8833,77.1646,7.3287],[14.8896,77.1646,2.4104],[14.8938,77.1625,1.196],[14.9063,77.1625,1.015],[14.9104,77.1604,0.3788],[14.925,77.1604,0.0144],[14.9266,77.162,0.1736],[14.9208,77.1625,0.1967],[14.9193,77.1641,1.2225],[14.9458,77.1646,-0.28],[14.95,77.1625,6.5921],[14.9646,77.1625,0.0],[14.9688,77.1646,0.0],[14.9729,77.1646,0.0],[14.9745,77.163,0.0],[14.9714,77.1589,0.0],[14.9766,77.1578,0.0],[14.9755,77.1547,0.0],[14.9771,77.1542,0.0],[14.9896,77.1542,0.0],[14.9938,77.1521,0.0],[15.0099,77.1526,0.0],[15.0021,77.1563,0.0],[14.988,77.1568,0.0],[14.9911,77.162,0.0],[14.9859,77.1641,0.0],[14.9938,77.1708,-0.7322],[15.0188,77.1708,28.9724],[15.0203,77.1703,26.2807],[15.0193,77.1672,3.8471],[15.0479,77.1583,0.0],[15.0521,77.1583,0.0],[15.0563,77.1604,0.0],[15.0708,77.1604,0.0],[15.075,77.1583,0.0],[15.0813,77.1583,0.0],[15.0854,77.1604,0.0],[15.0896,77.1604,0.0],[15.0938,77.1583,0.0],[15.1063,77.1583,0.0],[15.1078,77.1578,0.0],[15.1068,77.1547,0.0],[15.1188,77.1521,0.0],[15.1354,77.1458,0.0],[15.1396,77.1458,0.0],[15.1411,77.1443,0.0],[15.1229,77.1438,0.0],[15.1167,77.1396,0.0],[15.1068,77.1391,0.0],[15.112,77.1359,-0.0152],[15.1063,77.1354,0.8308],[15.0964,77.138,0.0],[15.1016,77.1432,0.0],[15.0958,77.1438,0.0],[15.0943,77.1453,0.0],[15.0995,77.1495,0.0],[15.0896,77.1521,0.0],[15.0688,77.1521,0.0],[15.0646,77.1542,0.0],[15.0297,77.1536,0.0],[15.0313,77.1521,0.0],[15.0521,77.1521,0.0],[15.062,77.1495,0.0],[15.0609,77.1464,0.0],[15.0661,77.1443,0.0],[15.0589,77.1391,0.0],[15.0604,77.1375,0.0],[15.0917,77.1375,0.0],[15.1016,77.1349,1.0338],[15.0953,77.1297,2.6744],[15.0859,77.1286,0.7194],[15.0786,77.1234,7.8854],[15.0693,77.1224,5.1116],[15.0646,77.1188,2.5564],[15.0547,77.1182,1.8073],[15.0526,77.1151,0.8522],[15.0578,77.113,1.2754],[15.0396,77.1125,0.52],[15.0359,77.1088,7.8907],[15.0438,77.1062,0.0],[15.0583,77.1062,9.4841],[15.0693,77.1141,1.8052],[15.0875,77.1167,3.8842],[15.0891,77.1151,2.2836],[15.0839,77.112,1.1733],[15.0818,77.1088,3.1659],[15.0875,77.1083,3.4124],[15.0891,77.1068,4.1306],[15.0859,77.1057,4.1574],[15.0839,77.1026,2.803],[15.0932,77.1026,4.2779],[15.1,77.1083,4.6354],[15.1063,77.1083,5.8768],[15.1203,77.1036,5.5632],[15.1188,77.1021,5.3827],[15.1125,77.1021,4.4882],[15.1083,77.1,3.7882],[15.0896,77.1,2.5242],[15.0828,77.0943,0.7423],[15.0729,77.0938,0.3473],[15.0693,77.0901,0.5537],[15.0958,77.0896,0.7122],[15.1,77.0917,1.8075],[15.1042,77.0917,2.3019],[15.1057,77.0911,2.0225],[15.1047,77.088,1.2819],[15.1063,77.0875,0.8615],[15.1188,77.0875,2.4543],[15.1229,77.0854,1.7878],[15.137,77.0849,3.5963],[15.1359,77.0818,1.1102],[15.1474,77.0787,0.7117],[15.1464,77.0755,0.9825],[15.1479,77.075,0.9771],[15.162,77.0745,5.6094],[15.1604,77.0729,6.947],[15.1505,77.0724,1.5106],[15.1458,77.0687,6.1137],[15.1375,77.0687,0.2035],[15.1229,77.0646,10.6026],[15.1063,77.0646,0.0],[15.1026,77.0609,0.0],[15.125,77.0542,0.0],[15.1354,77.0542,7.2871],[15.1453,77.0516,23.6767],[15.1438,77.05,2.035],[15.1339,77.0495,0.0],[15.139099999999999,77.0474,7.4401],[15.138,77.0443,0.0],[15.1516,77.0411,0.8436],[15.1443,77.0339,0.0],[15.1583,77.0333,7.1746],[15.1661,77.0307,5.2178],[15.1651,77.0276,0.0],[15.1708,77.0271,7.5326],[15.1813,77.0229,0.0],[15.2021,77.0229,1.371],[15.2063,77.0208,0.0],[15.2188,77.0208,12.1444],[15.2203,77.0203,9.9326],[15.2193,77.0172,0.0],[15.2208,77.0167,0.0],[15.2313,77.0167,3.4197],[15.2354,77.0146,0.0],[15.2583,77.0146,5.8531],[15.2625,77.0125,0.0],[15.2729,77.0125,2.7982],[15.2854,77.0083,0.0],[15.2896,77.0083,0.0],[15.2938,77.0104,2.0859],[15.3083,77.0104,5.1629],[15.3188,77.0062,0.0],[15.3417,77.0062,4.3356],[15.3583,77.0,0.0],[15.3708,77.0,0.0],[15.375,76.9979,0.0],[15.3958,76.9979,4.6661],[15.4,76.9958,0.0],[15.4057,76.9964,0.0],[15.4125,77.0,2.7911],[15.4354,77.0,0.0],[15.4396,76.9979,0.0],[15.4438,76.9979,0.0],[15.4479,77.0,0.0],[15.4542,77.0,8.2176],[15.4583,76.9979,0.0],[15.4625,76.9979,0.0],[15.4667,77.0,3.6798],[15.4813,77.0,0.0],[15.4854,76.9979,0.0],[15.5354,76.9979,0.0],[15.5396,76.9958,0.0],[15.5438,76.9958,5.6901],[15.5547,77.0036,0.0],[15.5729,77.0042,0.0],[15.5792,77.0083,2.1861],[15.5854,77.0083,1.2071],[15.5938,77.0125,25.9764],[15.6016,77.013,0.0],[15.6063,77.0167,13.6441],[15.6125,77.0167,0.0],[15.6167,77.0146,0.0],[15.6292,77.0146,0.0],[15.6307,77.013,0.0],[15.6276,77.0109,0.0],[15.6375,77.0083,0.0],[15.6521,77.0104,0.0],[15.6599,77.0078,1.681],[15.6589,77.0047,0.0],[15.6729,77.0,0.0],[15.6938,77.0,0.4215],[15.6979,76.9979,0.0],[15.7042,76.9979,0.0],[15.7057,76.9995,0.0],[15.7005,77.0016,0.0],[15.7188,77.0021,0.0],[15.7229,77.0042,0.0],[15.7479,77.0042,0.0],[15.7495,77.0057,0.0],[15.7354,77.0104,0.0],[15.7313,77.0104,0.0],[15.7297,77.012,7.1996],[15.7375,77.0125,9.7227],[15.7417,77.0104,0.0],[15.7458,77.0104,0.0],[15.75,77.0125,0.0],[15.7599,77.013,0.0],[15.7646,77.0167,0.0],[15.7813,77.0167,0.0],[15.7854,77.0188,30.9284],[15.8104,77.0188,11.9157],[15.8208,77.0146,0.0],[15.8625,77.0146,0.0],[15.8667,77.0167,21.2141],[15.8729,77.0167,24.6023],[15.8771,77.0146,0.0],[15.8813,77.0146,0.0],[15.8854,77.0167,0.5895],[15.8953,77.0172,0.0],[15.8995,77.0214,0.0],[15.8943,77.0234,14.4298],[15.8953,77.0266,16.5565],[15.8667,77.0354,10.772],[15.8443,77.0359,168.5229],[15.8479,77.0396,0.0],[15.8521,77.0396,0.0],[15.8563,77.0375,4.8825],[15.8708,77.0375,0.0],[15.8776,77.0411,0.0],[15.8854,77.0417,0.0],[15.887,77.0432,0.0],[15.8729,77.0479,0.0],[15.8505,77.0484,0.0],[15.8521,77.05,0.0],[15.8599,77.0505,0.0],[15.8583,77.0521,0.0],[15.8479,77.0521,0.0],[15.8354,77.0563,0.0],[15.8234,77.0568,0.0],[15.8328,77.0599,0.0],[15.8276,77.0609,0.0],[15.8286,77.0641,0.0],[15.8234,77.0651,0.0],[15.8245,77.0682,0.0],[15.8193,77.0693,0.0],[15.8224,77.0745,0.0],[15.8063,77.075,0.0],[15.7901,77.0703,0.0],[15.8161,77.0609,0.0],[15.8083,77.0604,0.0],[15.8042,77.0583,119.9342],[15.7958,77.0583,347.8798],[15.7917,77.0563,631.7513],[15.7771,77.0563,908.3578],[15.7693,77.0599,641.9492],[15.7786,77.0682,272.6623],[15.7589,77.0734,846.3464],[15.7599,77.0766,593.4865],[15.7583,77.0771,655.9792],[15.7443,77.0776,748.8493],[15.7484,77.0807,451.7677],[15.7562,77.0813,352.6468],[15.7578,77.0828,312.1783],[15.7458,77.0833,380.6969],[15.7443,77.0839,471.6726],[15.7453,77.087,364.3801],[15.7313,77.0875,412.0467],[15.7297,77.0891,312.5222],[15.7479,77.0917,73.5275],[15.7667,77.0854,0.0],[15.7708,77.0854,0.0],[15.775,77.0875,9.6624],[15.7896,77.0875,0.0],[15.7911,77.087,0.0],[15.7901,77.0839,0.0],[15.7917,77.0833,0.0],[15.7958,77.0833,0.0],[15.8,77.0854,0.0],[15.825,77.0854,0.0],[15.826599999999999,77.0849,0.0],[15.8255,77.0818,0.0],[15.8375,77.0813,0.0],[15.8474,77.0787,0.0],[15.8443,77.0755,0.0],[15.8641,77.0703,0.0],[15.863,77.0672,0.0],[15.8953,77.0578,3.0596],[15.8943,77.0547,0.0],[15.8958,77.0542,0.0],[15.9271,77.0521,30.9717],[15.9417,77.0563,0.0],[15.95,77.0563,0.0],[15.9536,77.0589,0.0],[15.9422,77.063,0.0],[15.9474,77.0703,0.0],[15.9359,77.0734,382.8709],[15.9391,77.0787,138.5645],[15.9083,77.0792,589.9996],[15.8859,77.0859,615.7823],[15.887,77.0891,472.689],[15.8755,77.0932,493.0016],[15.9375,77.0938,0.0],[15.9417,77.0917,0.0],[15.9563,77.0917,0.0],[15.9604,77.0938,0.0],[15.975,77.0938,0.0],[16.0063,77.0833,3.2519],[16.0271,77.0833,0.0],[16.0349,77.0807,0.0],[16.0286,77.0734,11.156],[16.0255,77.0724,9.6661],[16.0271,77.0708,0.0],[16.0516,77.0703,27.7884],[16.0359,77.0568,0.0],[16.0411,77.0557,10.008],[16.038,77.0505,0.0],[16.0432,77.0495,23.1248],[16.038,77.0422,0.0],[16.0557,77.037,17.768],[16.0542,77.0354,34.6721],[16.0464,77.0349,8.0087],[16.0578,77.0307,29.3791],[16.0547,77.0255,0.0],[16.0682,77.0245,35.4998],[16.0672,77.0214,7.4705],[16.0688,77.0208,6.1612],[16.1646,77.0208,0.0],[16.1688,77.0188,0.0],[16.1729,77.0188,0.0],[16.1745,77.0203,0.0],[16.1693,77.0224,25.4101],[16.1771,77.0229,29.144],[16.1974,77.0162,13.6389],[16.1964,77.013,0.0],[16.2016,77.012,0.0],[16.2005,77.0089,0.0],[16.2141,77.0057,16.9767],[16.2089,77.0005,6.4812],[16.2313,76.9938,16.6412],[16.237,76.9943,28.3425],[16.2391,76.9964,27.1575],[16.2339,76.9995,49.2795],[16.2417,77.0,23.1353],[16.2458,76.9979,21.3085],[16.25,76.9979,11.3406],[16.2536,77.0016,0.677],[16.2297,77.0026,57.4017],[16.2307,77.0057,58.5865],[16.2255,77.0078,77.4927],[16.2333,77.0083,53.5008],[16.2375,77.0062,31.4563],[16.2417,77.0062,18.0195],[16.2453,77.0099,4.6345],[16.2333,77.0104,43.8167],[16.2234,77.0141,63.8866],[16.2313,77.0188,15.1667],[16.2411,77.0193,1.551],[16.2458,77.0229,3.4071],[16.2625,77.0229,1.1363],[16.2661,77.0255,12.2123],[16.2458,77.0333,103.6082],[16.2396,77.0333,184.4217],[16.2354,77.0313,204.0966],[16.2297,77.0318,270.1292],[16.2339,77.037,152.8841],[16.2521,77.0375,0.6159],[16.2536,77.0391,0.0],[16.2484,77.0411,24.4268],[16.2646,77.0417,4.1842],[16.275,77.0375,0.0],[16.2896,77.0375,9.8679],[16.2938,77.0396,60.5752],[16.2979,77.0396,46.2648],[16.3021,77.0375,35.4256],[16.325,77.0375,0.0],[16.3417,77.0313,8.177],[16.3563,77.0313,2.7446],[16.362,77.037,0.0],[16.338,77.038,4.0633],[16.3396,77.0396,6.4096],[16.3495,77.0401,0.0],[16.3516,77.0432,1.9508],[16.3464,77.0443,4.2027],[16.3474,77.0474,1.9983],[16.3359,77.0505,11.528],[16.337,77.0537,2.4277],[16.3318,77.0547,10.2561],[16.3349,77.0599,0.0],[16.3297,77.062,0.0],[16.3359,77.0661,0.0],[16.3453,77.0672,0.0],[16.3516,77.0714,0.0],[16.3464,77.0745,0.0],[16.3542,77.075,0.0],[16.3609,77.0787,0.0],[16.3688,77.0792,0.0],[16.3729,77.0813,0.0],[16.3807,77.0807,0.0],[16.3776,77.0787,0.0],[16.3792,77.0771,0.0],[16.3937,77.0771,0.0],[16.3979,77.0792,0.0],[16.4125,77.0771,0.0],[16.4167,77.0792,0.0],[16.4312,77.0792,0.0],[16.4354,77.0771,0.0],[16.4479,77.0771,0.0],[16.4495,77.0766,1.2894],[16.4484,77.0734,0.0],[16.4661,77.0682,22.1958],[16.463,77.063,0.0],[16.4771,77.0583,0.0],[16.4833,77.0583,2.6358],[16.4875,77.0604,6.7302],[16.4932,77.0599,16.4161],[16.4901,77.0547,3.0117],[16.4953,77.0537,5.0225],[16.4938,77.0521,4.3608],[16.4583,77.05,0.0],[16.4568,77.0505,0.0],[16.4578,77.0537,0.0],[16.4562,77.0542,0.0],[16.4417,77.0521,0.0],[16.4401,77.0526,0.0],[16.4411,77.0557,0.0],[16.4333,77.0583,0.0],[16.4229,77.0583,0.0],[16.4104,77.0625,0.0],[16.3958,77.0625,0.0],[16.3911,77.0589,0.0],[16.3813,77.0583,0.0],[16.3776,77.0557,0.0],[16.3828,77.0526,0.0],[16.3734,77.0516,0.0],[16.3875,77.0458,0.0],[16.4271,77.0458,0.0],[16.4349,77.0432,0.0],[16.4318,77.038,0.0],[16.437,77.0359,0.0],[16.4276,77.0276,0.0],[16.4354,77.025,0.0],[16.45,77.025,0.0],[16.4542,77.0271,0.0],[16.5063,77.0271,0.0],[16.5078,77.0266,0.0],[16.5068,77.0234,0.0],[16.5083,77.0229,0.0],[16.5391,77.0224,0.0],[16.5339,77.0162,0.0],[16.5354,77.0146,0.0],[16.5661,77.0141,0.0],[16.5641,77.0109,2.7889],[16.5542,77.0104,0.0],[16.5505,77.0078,3.305],[16.5557,77.0057,1.8074],[16.5547,77.0026,0.4813],[16.5563,77.0021,0.7195],[16.5792,77.0021,2.5752],[16.5833,77.0042,2.7593],[16.5896,77.0042,5.9026],[16.5911,77.0026,4.2893],[16.588,77.0005,0.7208],[16.5958,77.0,0.0],[16.6005,77.0036,8.9037],[16.6083,77.0042,14.9085],[16.6099,77.0026,6.2461],[16.6068,77.0005,0.0],[16.6083,77.0,0.0],[16.6229,77.0,0.0],[16.6271,77.0021,14.9278],[16.65,77.0021,24.5494],[16.6516,77.0016,18.2272],[16.6505,76.9984,0.0],[16.6521,76.9979,0.0],[16.6583,76.9979,0.0],[16.6625,77.0,14.2084],[16.6771,77.0,23.9515],[16.6849,76.9974,18.9214],[16.6833,76.9958,5.5783],[16.675,76.9958,0.0],[16.6734,76.9943,0.0],[16.6849,76.9901,0.0],[16.6771,76.9896,0.0],[16.6688,76.9854,4.6069],[16.6646,76.9854,7.2032],[16.6604,76.9875,0.0],[16.6464,76.988,0.0],[16.6479,76.9896,0.0],[16.6578,76.9901,0.0],[16.65,76.9938,0.0],[16.6354,76.9917,0.0],[16.6313,76.9938,0.0],[16.6167,76.9938,0.0],[16.6151,76.9922,0.0],[16.6292,76.9917,0.0],[16.637,76.988,0.0],[16.6333,76.9854,5.2793],[16.6063,76.9854,0.0],[16.6,76.9812,4.6237],[16.5901,76.9807,0.0],[16.5979,76.9771,3.4583],[16.6099,76.9745,21.882],[16.6083,76.9729,16.2669],[16.6,76.9729,0.0],[16.5958,76.9708,0.0],[16.5812,76.9708,0.0],[16.5771,76.9729,0.0],[16.5729,76.9729,0.0],[16.5688,76.9708,0.0],[16.5604,76.9708,0.0],[16.5563,76.9688,0.0],[16.5417,76.9688,0.0],[16.5401,76.9693,0.0],[16.5411,76.9724,0.0],[16.5396,76.9729,0.0],[16.5172,76.9734,26.4506],[16.5187,76.975,1.8196],[16.5286,76.9755,0.0],[16.5271,76.9771,0.0],[16.5125,76.9771,0.0],[16.5078,76.9734,85.5158],[16.5,76.9729,207.493],[16.4984,76.9745,115.5754],[16.5016,76.9755,56.1288],[16.5,76.9771,12.57],[16.4792,76.9771,97.5364],[16.475,76.9792,16.0034],[16.4688,76.9792,16.9899],[16.4646,76.9771,79.6072],[16.4479,76.9771,63.2662],[16.4443,76.9745,196.3458],[16.4495,76.9724,162.0716],[16.4484,76.9693,358.2623],[16.45,76.9688,322.1804],[16.4604,76.9688,295.7049],[16.4703,76.9661,251.9816],[16.4646,76.9625,287.377],[16.4589,76.963,292.3446],[16.4599,76.9661,347.3923],[16.4583,76.9667,421.2527],[16.4479,76.9667,515.9691],[16.438,76.9693,355.3225],[16.4411,76.9724,210.2472],[16.4354,76.9729,300.1056],[16.425,76.9771,119.0225],[16.3833,76.9771,28.8518],[16.3818,76.9755,81.8535],[16.3958,76.9708,186.4951],[16.4083,76.9708,123.7339],[16.4099,76.9693,199.5304],[16.3854,76.9688,144.4417],[16.3813,76.9708,164.8222],[16.375,76.9708,32.5204],[16.3734,76.9693,7.3202],[16.3792,76.9688,74.4277],[16.3807,76.9672,56.1487],[16.3708,76.9667,0.0],[16.3667,76.9646,0.0],[16.3604,76.9646,0.0],[16.3563,76.9667,13.9852],[16.3271,76.9667,57.9148],[16.3255,76.9672,42.7427],[16.3266,76.9703,15.0794],[16.3208,76.9708,4.8904],[16.3167,76.9688,19.7656],[16.3083,76.9688,19.6851],[16.3042,76.9667,76.7969],[16.2792,76.9667,48.1707],[16.275,76.9646,32.546],[16.2651,76.9641,0.0],[16.2766,76.9599,15.773],[16.2755,76.9568,0.0],[16.287,76.9537,0.0],[16.2859,76.9505,0.0],[16.3016,76.9495,68.6824],[16.3005,76.9464,39.2638],[16.3057,76.9453,8.2966],[16.3047,76.9422,0.0],[16.3161,76.9391,13.4998],[16.3151,76.9359,0.0],[16.3203,76.9349,0.0],[16.3193,76.9318,0.0],[16.3312,76.9313,0.0],[16.3474,76.9266,13.5343],[16.3422,76.9213,0.0],[16.3661,76.9203,106.4197],[16.3604,76.9146,4.7602],[16.3271,76.9146,0.0],[16.3255,76.9151,0.0],[16.3266,76.9182,0.0],[16.325,76.9187,0.0],[16.3125,76.9187,0.0],[16.3109,76.9172,0.0],[16.3161,76.9151,0.0],[16.3063,76.9146,0.0],[16.3021,76.9125,0.0],[16.2979,76.9125,0.0],[16.2938,76.9146,0.0],[16.2729,76.9146,0.0],[16.2714,76.9161,0.0],[16.2792,76.9167,0.0],[16.2807,76.9182,0.0],[16.2687,76.9187,0.0],[16.2646,76.9208,0.0],[16.2521,76.9208,0.0],[16.2505,76.9224,0.0],[16.2557,76.9266,0.0],[16.2458,76.9292,42.0674],[16.2313,76.9271,102.6968],[16.2297,76.9287,96.2599],[16.2328,76.9297,52.4454],[16.2313,76.9313,0.0],[16.2167,76.9313,74.4418],[16.2151,76.9297,110.6806],[16.2203,76.9276,153.5235],[16.1984,76.9245,522.0989],[16.2,76.9229,495.5113],[16.212,76.9224,197.0903],[16.2109,76.9193,416.5782],[16.2161,76.9182,225.2514],[16.2146,76.9167,195.6451],[16.1854,76.9187,829.3654],[16.175,76.9229,1178.9685],[16.1542,76.9229,1135.8885],[16.1526,76.9234,1027.5566],[16.1536,76.9266,834.8931],[16.1417,76.9292,724.0546],[16.1401,76.9307,757.7622],[16.1479,76.9313,571.9954],[16.1521,76.9292,621.769],[16.175,76.9292,478.6094],[16.1792,76.9313,317.0032],[16.1891,76.9318,267.0445],[16.1839,76.9339,359.6763],[16.1854,76.9354,445.8997],[16.2104,76.9354,16.3115],[16.2182,76.9401,0.0],[16.2203,76.9432,0.0],[16.2047,76.9443,202.3615],[16.2068,76.9474,120.872],[16.2099,76.9484,68.5312],[16.2083,76.95,32.9957],[16.2026,76.9505,132.4642],[16.2078,76.9557,0.0],[16.2,76.9583,4.0672],[16.1792,76.9583,323.8864],[16.1776,76.9589,346.6872],[16.1786,76.962,349.7398],[16.1563,76.9688,0.0],[16.1521,76.9688,0.0],[16.1479,76.9667,0.0],[16.1333,76.9688,38.2387],[16.1292,76.9667,128.255],[16.1229,76.9667,131.8582],[16.1214,76.9682,100.4849],[16.1245,76.9703,28.4046],[16.1167,76.9708,17.6377],[16.113,76.9672,215.5165],[16.1182,76.9651,142.7122],[16.1021,76.9646,336.0392],[16.0979,76.9667,332.2394],[16.0875,76.9667,191.2981],[16.0859,76.9682,99.4521],[16.1042,76.9688,118.4646],[16.1057,76.9703,73.2551],[16.0792,76.9708,72.098],[16.0729,76.9667,40.3015],[16.0667,76.9667,45.5681],[16.0625,76.9646,57.7935],[16.0438,76.9646,0.0],[16.0375,76.9604,80.2889],[16.0229,76.9604,145.2566],[16.0187,76.9625,143.9629],[16.0083,76.9625,278.0312],[16.0042,76.9646,95.4263],[15.9979,76.9646,34.0073],[15.9917,76.9604,311.7581],[15.9833,76.9604,216.5915],[15.9792,76.9583,311.2816],[15.9651,76.9589,105.8807],[15.9667,76.9604,59.9072],[15.9729,76.9604,113.3171],[15.9771,76.9625,18.241],[15.987,76.963,44.626],[15.9854,76.9646,5.7656],[15.9708,76.9646,0.0],[15.9667,76.9625,4.3285],[15.9583,76.9625,1.427],[15.9542,76.9604,22.5346],[15.9167,76.9583,0.0],[15.9125,76.9563,0.0],[15.9047,76.9557,0.0],[15.9063,76.9542,0.0],[15.9182,76.9537,0.0],[15.9141,76.9484,55.8867],[15.9042,76.9479,0.0],[15.8979,76.9437,11.9864],[15.8854,76.9458,0.0],[15.875,76.95,0.0],[15.8354,76.95,0.0],[15.825,76.9542,0.0],[15.8208,76.9542,0.0],[15.8125,76.95,0.0],[15.7943,76.9495,0.0],[15.8042,76.9458,0.0],[15.8161,76.9453,0.0],[15.8104,76.9396,0.0],[15.7958,76.9417,3.3149],[15.7911,76.938,165.4494],[15.7833,76.9375,331.8227],[15.7755,76.9401,137.9145],[15.7766,76.9432,35.5973],[15.7708,76.9437,27.1776],[15.7667,76.9417,67.6215],[15.7568,76.9411,0.0],[15.7526,76.937,0.0],[15.7578,76.9349,1.4669],[15.7562,76.9333,20.1171],[15.7417,76.9333,0.0],[15.7375,76.9354,0.0],[15.7333,76.9354,0.0],[15.7292,76.9333,0.0],[15.7125,76.9333,0.0],[15.7047,76.9287,0.0],[15.7063,76.9271,0.0],[15.712,76.9266,0.0],[15.7104,76.925,12.6455],[15.6958,76.9271,0.0],[15.6911,76.9234,0.0],[15.6833,76.9229,0.0],[15.6792,76.925,0.0],[15.675,76.925,0.0],[15.6661,76.9193,11.1316],[15.6583,76.9187,13.9747],[15.6542,76.9167,15.6831],[15.6479,76.9167,13.0986],[15.6401,76.9193,0.0],[15.6438,76.9229,0.0],[15.6536,76.9234,0.0],[15.6458,76.9271,0.0],[15.6104,76.925,0.0],[15.6089,76.9234,0.0],[15.6229,76.9229,0.0],[15.6307,76.9193,0.0],[15.6208,76.9187,0.0],[15.6167,76.9167,4.7277],[15.6,76.9167,0.0],[15.5958,76.9146,0.0],[15.5792,76.9146,0.0],[15.5729,76.9104,8.0594],[15.5646,76.9104,6.219],[15.55,76.9063,6.7177],[15.5313,76.9042,1.1998],[15.5224,76.8984,1.8641],[15.513,76.8974,0.0],[15.5182,76.8953,0.0],[15.514099999999999,76.8901,1.6604],[15.5026,76.8891,3.3189],[15.4984,76.8839,0.0],[15.5036,76.8818,0.0],[15.4943,76.8807,0.0],[15.4958,76.8792,0.0],[15.5063,76.8792,0.8796],[15.514099999999999,76.8766,3.408],[15.513,76.8734,0.0],[15.5182,76.8724,0.0],[15.5172,76.8693,3.7507],[15.5229,76.8688,3.6112],[15.5333,76.8646,0.9977],[15.5438,76.8646,2.5187],[15.5479,76.8625,0.0],[15.6063,76.8625,3.7241],[15.6167,76.8583,0.0],[15.6292,76.8583,2.6605],[15.637,76.8557,5.2819],[15.6318,76.8495,1.7021],[15.6333,76.8479,0.0],[15.6708,76.8479,8.0772],[15.6724,76.8464,5.9589],[15.6672,76.8401,1.1925],[15.6979,76.8396,3.357],[15.7328,76.8287,3.499],[15.7297,76.8234,0.0],[15.7495,76.8182,4.2266],[15.7443,76.813,1.0733],[15.7578,76.8099,2.8894],[15.7568,76.8068,0.8035],[15.7771,76.8,0.0],[15.8083,76.8,2.5919],[15.8125,76.7979,0.0],[15.8229,76.7979,1.1191],[15.8417,76.7917,0.0],[15.8625,76.7917,5.0918],[15.8641,76.7901,4.3917],[15.8609,76.788,2.3484],[15.8682,76.787,3.5054],[15.8651,76.7849,0.0],[15.8667,76.7833,0.0],[15.8792,76.7833,4.8319],[15.9167,76.7708,0.0],[15.9271,76.7708,4.1163],[15.937,76.7682,10.4371],[15.9354,76.7667,12.0624],[15.9255,76.7662,10.7352],[15.9333,76.7625,0.0],[15.9458,76.7625,8.8875],[15.9625,76.7562,0.0],[15.975,76.7562,8.0121],[15.9766,76.7557,8.687],[15.9755,76.7526,0.0],[15.9771,76.7521,0.0],[16.0042,76.75,7.6775],[16.0057,76.7484,6.6888],[16.0026,76.7464,5.0959],[16.0125,76.7438,5.5765],[16.0229,76.7438,6.6709],[16.0245,76.7432,6.2729],[16.0234,76.7401,0.0],[16.025,76.7396,0.0],[16.0375,76.7396,4.9698],[16.0417,76.7375,3.0688],[16.0521,76.7375,4.819],[16.0562,76.7354,0.0],[16.0771,76.7354,6.8569],[16.0786,76.7349,6.8086],[16.0776,76.7318,0.0],[16.0792,76.7312,0.0],[16.0833,76.7312,0.0],[16.0875,76.7333,4.4623],[16.1104,76.7333,0.3833],[16.1208,76.7292,1.4295],[16.1333,76.7292,10.1416],[16.1411,76.7266,5.9276],[16.1474,76.7245,4.4657],[16.1464,76.7214,0.0],[16.1542,76.7188,3.7992],[16.1667,76.7188,8.8424],[16.1708,76.7167,0.0],[16.1979,76.7146,8.0554],[16.2021,76.7125,0.0],[16.2313,76.7125,5.6034],[16.2417,76.7083,0.0],[16.2458,76.7083,0.0],[16.25,76.7104,0.0],[16.2854,76.7104,0.0],[16.2896,76.7125,6.376],[16.2938,76.7125,10.5408],[16.2979,76.7104,0.0],[16.3292,76.7104,0.0],[16.3333,76.7083,0.0],[16.3521,76.7083,1.0976],[16.3536,76.7068,0.0],[16.3484,76.7005,0.0],[16.3536,76.6984,0.0],[16.3484,76.6953,0.0],[16.3464,76.6922,0.0],[16.3766,76.6891,0.0],[16.3755,76.6859,0.0],[16.3807,76.6849,0.0],[16.3797,76.6818,0.0],[16.3849,76.6807,0.0],[16.3839,76.6776,1.1367],[16.3891,76.6755,2.6442],[16.3833,76.675,4.131],[16.3792,76.6771,0.7072],[16.3729,76.6771,0.0],[16.3646,76.6708,15.3493],[16.3589,76.6713,13.7569],[16.3599,76.6745,5.5509],[16.3583,76.675,3.6655],[16.3438,76.675,3.5078],[16.3354,76.6687,13.8863],[16.3208,76.6687,15.4941],[16.3167,76.6708,5.4714],[16.3125,76.6708,4.498],[16.3083,76.6687,18.1838],[16.2984,76.6682,10.2336],[16.2964,76.6651,2.2639],[16.3203,76.6578,4.68],[16.3172,76.6526,0.0],[16.3224,76.6516,5.3837],[16.3214,76.6484,5.2261],[16.3453,76.6474,3.1997],[16.3417,76.6438,4.2388],[16.3318,76.6432,3.5465],[16.3297,76.6412,3.8481],[16.3312,76.6396,3.7578],[16.3625,76.6417,4.439],[16.3667,76.6396,4.4045],[16.3958,76.6396,5.4746],[16.4,76.6375,5.1797],[16.4125,76.6375,5.3092],[16.4141,76.6359,5.143],[16.4063,76.6312,5.058],[16.4005,76.6318,4.5938],[16.4016,76.6349,4.8291],[16.4,76.6354,4.768],[16.3688,76.6354,4.3895],[16.3646,76.6333,4.456],[16.3604,76.6333,3.7886],[16.3479,76.6375,4.3759],[16.3354,76.6375,3.448],[16.3312,76.6354,2.27],[16.3229,76.6354,1.8407],[16.3214,76.6339,1.1307],[16.3266,76.6328,1.3785],[16.3255,76.6297,2.3529],[16.3396,76.6292,2.1872],[16.3474,76.6255,1.9636],[16.3396,76.625,2.1585],[16.3354,76.6271,1.3974],[16.325,76.6271,2.8025],[16.3208,76.6292,2.6265],[16.3167,76.6292,2.7133],[16.3151,76.6276,3.5716],[16.3203,76.6266,3.5953],[16.3182,76.6234,2.6156],[16.312,76.6193,5.7803],[16.3042,76.6188,0.0],[16.3026,76.6172,2.421],[16.3104,76.6146,4.8283],[16.3396,76.6146,3.8269],[16.3411,76.613,4.7209],[16.3359,76.6088,2.8287],[16.3583,76.6083,3.3133],[16.3724,76.6036,3.0639],[16.3714,76.6005,3.5512],[16.3854,76.6,2.5773],[16.387,76.5995,2.5128],[16.3859,76.5964,2.5484],[16.3917,76.5958,3.8672],[16.3979,76.6,2.5047],[16.4125,76.6,2.3464],[16.4167,76.5979,3.9017],[16.4208,76.5979,3.8334],[16.425,76.6,2.4343],[16.4417,76.6,0.0],[16.4432,76.6016,0.0],[16.438,76.6036,4.1455],[16.4474,76.6047,0.7185],[16.4422,76.6078,2.3045],[16.4536,76.6088,0.6523],[16.4484,76.6109,0.9736],[16.4521,76.6146,1.4551],[16.4562,76.6146,1.2549],[16.4667,76.6104,0.8523],[16.4995,76.6109,0.3233],[16.4917,76.6146,1.1662],[16.4792,76.6146,1.0394],[16.475,76.6125,1.2511],[16.4688,76.6125,0.9954],[16.4609,76.6151,1.0423],[16.463,76.6182,1.4661],[16.4672,76.6203,1.9827],[16.475,76.6208,2.02],[16.4792,76.6229,2.2971],[16.4938,76.6229,2.2597],[16.5016,76.6203,1.8628],[16.5005,76.6172,1.4502],[16.5021,76.6167,1.2444],[16.5063,76.6167,1.2781],[16.5104,76.6188,1.9419],[16.5333,76.6188,3.4963],[16.5536,76.612,13.586],[16.5474,76.6047,7.2091],[16.5443,76.6036,3.3264],[16.538,76.5974,2.1138],[16.5396,76.5958,0.0],[16.5516,76.5953,6.1731],[16.5505,76.5922,6.4371],[16.5557,76.5911,14.4074],[16.5516,76.5859,11.7853],[16.5417,76.5854,0.0],[16.538,76.5828,0.0],[16.5432,76.5807,10.6503],[16.5401,76.5755,4.2942],[16.5542,76.5708,0.0],[16.5646,76.5708,6.6123],[16.5812,76.5646,0.0],[16.5958,76.5667,4.926],[16.6,76.5646,0.0],[16.6375,76.5646,3.0948],[16.6417,76.5625,0.0],[16.6542,76.5625,1.4133],[16.6646,76.5583,0.0],[16.6771,76.5583,0.0],[16.6813,76.5604,2.0266],[16.6896,76.5604,0.0],[16.6938,76.5625,1.0418],[16.7104,76.5625,0.0],[16.7146,76.5646,1.0857],[16.7396,76.5646,0.0],[16.7438,76.5667,1.9499],[16.7583,76.5667,0.7721],[16.7625,76.5646,0.0],[16.7667,76.5646,0.0],[16.775,76.5708,2.6257],[16.7833,76.5708,1.5578],[16.7979,76.575,0.6421],[16.8146,76.575,1.1048],[16.8188,76.5771,1.2221],[16.8271,76.5771,1.1421],[16.8333,76.5813,1.2373],[16.8417,76.5813,1.982],[16.8563,76.5854,1.7438],[16.8729,76.5854,0.0],[16.8771,76.5875,2.8871],[16.8833,76.5875,0.0],[16.8849,76.5891,2.7113],[16.8797,76.5911,4.2031],[16.8911,76.5922,2.2746],[16.8979,76.5979,1.928],[16.9078,76.5984,0.0],[16.9026,76.6005,0.8063],[16.9042,76.6021,1.6399],[16.9208,76.6021,0.0],[16.925,76.6042,2.1448],[16.9562,76.6042,1.5328],[16.9604,76.6021,0.0],[16.9646,76.6021,4.1388],[16.9724,76.6068,0.0],[16.9609,76.6109,33.2137],[16.9625,76.6125,13.068],[16.9703,76.613,0.0],[16.9651,76.6151,0.0],[16.9661,76.6182,0.0],[16.9609,76.6193,20.1577],[16.9625,76.6208,6.5277],[16.9724,76.6214,0.0],[16.9672,76.6245,2.3494],[16.9729,76.625,0.6636],[16.9771,76.6229,0.0],[16.9896,76.6229,0.0],[16.9938,76.6208,0.0],[16.9979,76.6208,0.0],[16.9995,76.6224,0.0],[16.9943,76.6245,0.0],[17.0036,76.6255,0.0],[17.0125,76.6312,0.0],[17.0292,76.6312,0.0],[17.0333,76.6333,0.0],[17.0411,76.6339,0.0],[17.0453,76.637,1.0393],[17.0333,76.6396,3.0311],[17.0318,76.6412,3.5491],[17.0557,76.6443,2.0062],[17.0599,76.6495,0.0],[17.0484,76.6526,5.5719],[17.0521,76.6563,1.4008],[17.0583,76.6563,0.0],[17.0625,76.6542,0.0],[17.0729,76.6542,0.0],[17.0833,76.65,0.0],[17.0891,76.6505,0.0],[17.0839,76.6526,0.0],[17.087,76.6557,0.0],[17.0771,76.6583,0.0],[17.0651,76.6589,0.0],[17.0661,76.662,0.0],[17.0547,76.6651,0.0],[17.0557,76.6682,0.0],[17.0505,76.6703,2.5272],[17.0568,76.6745,0.0],[17.0661,76.6755,0.0],[17.0609,76.6776,2.5206],[17.0661,76.6818,0.8978],[17.0609,76.6839,4.4088],[17.063,76.687,9.2645],[17.0812,76.6875,7.0055],[17.0875,76.6917,15.3072],[17.0938,76.6917,15.0126],[17.0979,76.6896,8.6229],[17.1104,76.6896,3.2283],[17.1146,76.6917,5.0633],[17.1245,76.6922,0.0],[17.1193,76.6943,7.9026],[17.1214,76.6974,7.6891],[17.1328,76.6984,6.8435],[17.1276,76.7005,112.6395],[17.1307,76.7057,300.4448],[17.1188,76.7063,270.6776],[17.1109,76.7099,283.9305],[17.1292,76.7104,180.5898],[17.1333,76.7125,163.8128],[17.1396,76.7125,180.782],[17.1474,76.7182,0.0],[17.1422,76.7193,11.2992],[17.1432,76.7224,2.2341],[17.1417,76.7229,5.3492],[17.1193,76.7234,49.1951],[17.1208,76.725,25.993],[17.1292,76.725,19.3769],[17.1328,76.7276,6.2394],[17.1214,76.7318,22.1746],[17.1224,76.7349,0.0],[17.1,76.7354,121.7485],[17.0859,76.7401,156.0412],[17.087,76.7432,56.5871],[17.0755,76.7464,151.7756],[17.0766,76.7495,154.322],[17.0651,76.7526,288.5015],[17.0667,76.7542,185.1849],[17.075,76.7542,0.0],[17.0766,76.7557,0.0],[17.0625,76.7604,0.0],[17.0354,76.7625,24.3949],[17.025,76.7667,0.0],[16.9917,76.7667,0.0],[16.9849,76.7609,4.6522],[16.9792,76.7583,38.2633],[16.975,76.7583,38.897],[16.9708,76.7604,14.1707],[16.95,76.7604,8.2414],[16.9484,76.7609,2.0401],[16.9495,76.7641,0.0],[16.9479,76.7646,0.0],[16.9292,76.7646,0.0],[16.925,76.7667,2.0391],[16.9172,76.7662,11.8091],[16.9224,76.7641,5.275],[16.9208,76.7625,11.3068],[16.9083,76.7625,1.4171],[16.9042,76.7646,0.0],[16.8979,76.7646,0.0],[16.8917,76.7604,0.0],[16.875,76.7604,0.0],[16.8708,76.7583,0.0],[16.8563,76.7583,0.0],[16.8547,76.7599,0.0],[16.8578,76.7609,0.0],[16.8563,76.7625,0.0],[16.85,76.7625,0.0],[16.8458,76.7604,0.0],[16.8312,76.7604,21.0839],[16.8234,76.7641,0.0],[16.8312,76.7688,0.0],[16.8542,76.7688,0.0],[16.862,76.7662,0.0],[16.8609,76.763,0.0],[16.8667,76.7625,0.0],[16.8708,76.7646,0.0],[16.8896,76.7667,0.0],[16.8979,76.7708,0.0],[16.9229,76.7708,0.0],[16.9245,76.7724,0.0],[16.9193,76.7745,0.0],[16.9266,76.7807,0.0],[16.9188,76.7833,0.0],[16.8979,76.7833,0.0],[16.8964,76.7839,0.0],[16.8974,76.787,0.0],[16.8859,76.7901,0.0],[16.887,76.7932,0.0],[16.8714,76.7943,0.0],[16.8745,76.7974,0.0],[16.8693,76.7995,0.0],[16.875,76.8,0.0],[16.8792,76.7979,0.0],[16.8833,76.7979,0.0],[16.8849,76.7995,0.0],[16.8734,76.8026,0.0],[16.8745,76.8057,0.0],[16.8667,76.8083,0.0],[16.8484,76.8057,0.0],[16.8443,76.8005,0.0],[16.8557,76.7963,0.0],[16.8479,76.7917,0.0],[16.8312,76.7917,0.0],[16.8271,76.7896,0.0],[16.8229,76.7896,0.0],[16.8188,76.7917,0.0],[16.8146,76.7917,0.0],[16.8104,76.7896,0.0],[16.8021,76.7896,0.0],[16.7979,76.7875,0.0],[16.7859,76.7901,41.7758],[16.787,76.7932,0.0],[16.7792,76.7958,0.0],[16.7667,76.7958,0.0],[16.7589,76.7984,29.9529],[16.7599,76.8016,0.0],[16.7547,76.8037,44.6333],[16.7724,76.8026,0.0],[16.7609,76.8078,0.0],[16.7672,76.8141,0.0],[16.7786,76.8151,0.0],[16.7672,76.8203,0.0],[16.7766,76.8214,0.0],[16.7714,76.8234,18.7739],[16.7734,76.8266,18.9318],[16.7849,76.8276,0.0],[16.7734,76.8318,16.0812],[16.7776,76.837,0.0],[16.7833,76.8396,0.0],[16.7958,76.8375,0.0],[16.8042,76.8417,0.0],[16.812,76.8422,0.0],[16.8068,76.8453,0.0],[16.8167,76.8458,0.0],[16.8312,76.85,0.0],[16.8375,76.85,0.0],[16.8542,76.8438,5.1269],[16.8688,76.8438,13.1287],[16.875,76.8479,0.0],[16.8896,76.8458,0.0],[16.8937,76.8479,0.0],[16.9313,76.85,20.4875],[16.9354,76.8521,65.3851],[16.9396,76.8521,66.5563],[16.9438,76.85,53.276],[16.9583,76.8521,68.1649],[16.9625,76.85,0.0],[16.9688,76.85,0.0],[16.9729,76.8521,9.539],[16.9979,76.8521,0.0],[17.0068,76.8578,10.7174],[17.0146,76.8583,0.0],[17.0187,76.8604,4.7642],[17.0333,76.8583,0.0],[17.0396,76.8625,12.9344],[17.0563,76.8625,0.0],[17.0703,76.8714,2.9479],[17.063,76.8745,85.957],[17.0688,76.8771,71.3593],[17.0766,76.8776,2.0504],[17.0833,76.8812,5.6585],[17.0911,76.8818,4.1756],[17.0896,76.8833,23.8624],[17.0792,76.8833,41.1887],[17.0651,76.888,45.8334],[17.0672,76.8912,5.6814],[17.0771,76.8917,0.5767],[17.0833,76.8958,-0.5004],[17.0979,76.8958,4.4281],[17.1021,76.8938,2.8227],[17.1063,76.8938,1.2976],[17.1125,76.8979,16.0602],[17.1224,76.8984,32.948],[17.1245,76.9016,53.4961],[17.1193,76.9036,50.6897],[17.1276,76.9099,164.7879],[17.1458,76.9104,30.8635],[17.1521,76.9146,188.3657],[17.1745,76.9172,0.0],[17.1766,76.9203,0.0],[17.1714,76.9224,147.4288],[17.1828,76.9234,0.0],[17.1943,76.9328,30.6083],[17.2057,76.9339,0.0],[17.2042,76.9354,0.0],[17.1984,76.9359,196.4092],[17.2,76.9375,185.0862],[17.2271,76.9375,0.0],[17.2313,76.9396,47.1933],[17.2599,76.9401,86.3494],[17.262,76.9432,0.0],[17.2479,76.9437,248.8289],[17.2464,76.9453,307.3771],[17.2495,76.9464,324.3538],[17.2547,76.9516,286.6416],[17.2661,76.9526,117.4636],[17.2609,76.9547,221.7823],[17.263,76.9578,238.3529],[17.2729,76.9583,108.1724],[17.2745,76.9599,116.5301],[17.2693,76.9609,214.9631],[17.2703,76.9641,200.6408],[17.2651,76.9651,258.7276],[17.2661,76.9682,175.2177],[17.2542,76.9688,416.7465],[17.2526,76.9703,383.7617],[17.2563,76.9729,340.9977],[17.2849,76.9734,0.0],[17.2651,76.9807,81.7626],[17.2734,76.987,0.0],[17.2833,76.9875,0.0],[17.2849,76.9891,0.0],[17.2771,76.9917,0.0],[17.2438,76.9917,15.9107],[17.2375,76.9875,236.9461],[17.2229,76.9875,377.9247],[17.2151,76.9901,480.1929],[17.2161,76.9932,315.5226],[17.2109,76.9953,235.9167],[17.2271,76.9958,56.3523],[17.2313,76.9938,50.3627],[17.237,76.9943,17.9747],[17.2318,76.9964,8.7705],[17.2328,76.9995,0.0],[17.2214,77.0026,0.0],[17.2229,77.0042,0.0],[17.2313,77.0042,0.0],[17.2328,77.0057,0.0],[17.2,77.0062,52.4088],[17.1708,77.0167,55.8259],[17.163,77.0162,110.0235],[17.1589,77.012,235.4402],[17.1641,77.0099,267.5742],[17.1625,77.0083,278.5565],[17.1464,77.0089,487.3727],[17.1495,77.0141,342.0969],[17.1443,77.0162,312.6122],[17.1557,77.0172,150.7343],[17.162,77.0224,34.8901],[17.1563,77.0229,84.9274],[17.1547,77.0245,40.1601],[17.1661,77.0255,0.0],[17.1703,77.0276,0.0],[17.1688,77.0292,0.0],[17.1563,77.0292,0.0],[17.1521,77.0313,0.0],[17.1359,77.0307,2.9064],[17.1474,77.0255,76.7067],[17.1292,77.025,220.8864],[17.1276,77.0234,296.3385],[17.1354,77.0208,284.8089],[17.1479,77.0208,156.2832],[17.1495,77.0193,154.4961],[17.1313,77.0167,364.999],[17.1297,77.0172,404.2797],[17.1307,77.0203,468.9095],[17.0833,77.0354,194.7905],[17.0688,77.0333,124.4044],[17.0646,77.0354,44.9631],[17.0063,77.0354,0.0],[16.9958,77.0396,0.0],[16.9833,77.0396,0.0],[16.9792,77.0417,0.0],[16.9688,77.0417,0.0],[16.9672,77.0432,0.0],[16.9708,77.0458,0.0],[16.9807,77.0463,0.0],[16.9875,77.0521,0.0],[17.0042,77.0521,0.0],[17.013,77.0578,0.0],[17.0245,77.0589,0.0],[17.0193,77.0609,0.0],[17.0208,77.0625,41.7112],[17.025,77.0625,38.8853],[17.0292,77.0604,0.0],[17.0812,77.0604,0.0],[17.0854,77.0625,13.8531],[17.1188,77.0625,8.6118],[17.1229,77.0604,0.0],[17.1271,77.0604,0.0],[17.1313,77.0625,11.9142],[17.1563,77.0625,92.3067],[17.1604,77.0604,6.0737],[17.1708,77.0604,38.3973],[17.1813,77.0563,0.0],[17.2125,77.0563,56.1076],[17.2167,77.0542,6.9798],[17.2292,77.0542,26.8087],[17.2458,77.0479,0.0],[17.25,77.0479,0.0],[17.2542,77.05,15.4832],[17.2625,77.05,0.0],[17.2672,77.0537,127.0642],[17.2771,77.0542,26.7089],[17.2828,77.0568,0.0],[17.287,77.0609,23.1249],[17.2818,77.063,273.3475],[17.2854,77.0667,242.2516],[17.2938,77.0667,34.5668],[17.2979,77.0687,1.0488],[17.3161,77.0693,0.0],[17.3109,77.0714,0.0],[17.313,77.0745,0.0],[17.3161,77.0755,0.0],[17.3109,77.0776,0.3819],[17.312,77.0807,1.2727],[17.2979,77.0813,29.1063],[17.2964,77.0828,26.119],[17.2995,77.0849,11.9551],[17.2854,77.0854,53.8937],[17.2839,77.087,34.2278],[17.2938,77.0875,16.8828],[17.3,77.0917,4.3683],[17.3099,77.0922,-0.015],[17.3182,77.0984,0.0],[17.313,77.1005,122.3556],[17.3151,77.1036,317.9467],[17.3266,77.1047,117.9522],[17.337,77.113,224.828],[17.3318,77.1162,250.396],[17.3432,77.1172,189.0322],[17.338,77.1203,188.3228],[17.3474,77.1214,141.9256],[17.3422,77.1245,136.627],[17.3536,77.1328,0.0],[17.3208,77.1333,439.6663],[17.3167,77.1354,285.0979],[17.2854,77.1354,74.5086],[17.2839,77.137,58.4515],[17.287,77.1391,47.9058],[17.2771,77.1417,54.314],[17.2667,77.1417,58.8934],[17.2651,77.1432,66.2613],[17.2734,77.1495,59.5634],[17.2938,77.1521,0.0],[17.3021,77.1563,14.7933],[17.3104,77.1563,0.0],[17.3146,77.1583,9.2879],[17.3312,77.1583,0.0],[17.3354,77.1604,3.275],[17.3625,77.1604,0.0],[17.3641,77.162,0.0],[17.3583,77.1625,0.0],[17.3568,77.1641,48.074],[17.3807,77.1672,23.5847],[17.3828,77.1703,49.3577],[17.3776,77.1724,306.813],[17.3891,77.1734,71.5071],[17.3839,77.1766,378.0361],[17.3901,77.1807,321.0535],[17.3979,77.1813,225.2371],[17.4036,77.1849,112.8848],[17.3901,77.188,91.0557],[17.3932,77.1911,71.1058],[17.388,77.1922,11.4334],[17.3891,77.1953,0.0],[17.375,77.2,0.0],[17.3521,77.2,9.8887],[17.3479,77.2021,-0.5079],[17.3375,77.2021,0.3348],[17.3359,77.2026,0.3348],[17.337,77.2057,0.6259],[17.3318,77.2078,37.3031],[17.3354,77.2104,42.8648],[17.3453,77.2109,0.4511],[17.35,77.2146,-0.1982],[17.3646,77.2125,0.0],[17.375,77.2188,10.0417],[17.3974,77.2214,0.0],[17.3922,77.2234,13.124],[17.3937,77.225,33.1606],[17.412,77.2255,0.0],[17.4182,77.2307,1.9362],[17.413,77.2318,49.1506],[17.4141,77.2349,127.7408],[17.388,77.2422,0.1603],[17.3891,77.2453,0.0],[17.3839,77.2464,0.0],[17.387,77.2484,0.0],[17.3854,77.25,0.0],[17.3776,77.2495,0.0],[17.3661,77.2401,57.261],[17.3583,77.2396,50.8877],[17.3542,77.2417,0.0],[17.3417,77.2417,0.0],[17.325,77.2479,0.0],[17.3125,77.2479,0.0],[17.3109,77.2495,0.0],[17.3141,77.2516,0.0],[17.3083,77.2521,0.0],[17.2979,77.2562,0.0],[17.2875,77.2562,0.0],[17.2776,77.2599,0.0],[17.2833,77.2625,0.0],[17.2932,77.263,0.0],[17.2979,77.2667,18.9024],[17.3078,77.2672,0.0],[17.3172,77.2745,49.8465],[17.3271,77.275,34.7521],[17.3333,77.2792,0.0],[17.3417,77.2792,0.0],[17.3521,77.2854,0.0],[17.3708,77.2875,0.0],[17.3792,77.2917,0.0],[17.3891,77.2922,0.0],[17.3937,77.2958,0.5238],[17.4036,77.2963,0.0],[17.3984,77.2984,9.8103],[17.3995,77.3016,-0.3564],[17.388,77.3047,12.481],[17.3917,77.3083,12.4794],[17.3974,77.3078,8.5681],[17.3964,77.3047,6.7584],[17.4099,77.3016,-0.0033],[17.4068,77.2984,0.0],[17.4146,77.2979,0.0],[17.4229,77.3042,-0.6237],[17.4438,77.3063,0.0],[17.4526,77.312,31.7474],[17.4641,77.313,0.0],[17.4589,77.3151,3.0652],[17.4599,77.3182,0.0],[17.4484,77.3224,18.6101],[17.4578,77.3234,0.0],[17.4526,77.3266,1.4399],[17.4672,77.337,3.0825],[17.4911,77.3401,0.0],[17.4859,77.3422,3.05],[17.4896,77.3458,39.4137],[17.5083,77.3458,0.0],[17.5146,77.35,0.0],[17.5229,77.35,0.0],[17.5359,77.3599,135.068],[17.5458,77.3604,0.0],[17.5536,77.3651,71.3773],[17.5521,77.3667,171.9565],[17.5396,77.3667,363.1924],[17.5318,77.3693,269.6832],[17.5333,77.3708,207.4879],[17.5396,77.3708,194.9022],[17.5438,77.3688,238.2581],[17.5479,77.3688,256.1245],[17.5495,77.3703,272.7759],[17.538,77.3734,163.9272],[17.5391,77.3766,34.4087],[17.525,77.3812,-0.3062],[17.475,77.3812,0.0],[17.4708,77.3833,0.0],[17.4583,77.3833,0.0],[17.4271,77.3938,0.0],[17.4146,77.3938,0.0],[17.4068,77.3964,0.0],[17.4078,77.3995,0.0],[17.4026,77.4016,0.0],[17.4063,77.4042,0.0],[17.425,77.4042,0.0],[17.4292,77.4063,1.6393],[17.4375,77.4063,0.0],[17.4417,77.4083,10.4616],[17.4562,77.4063,0.356],[17.4604,77.4083,12.9742],[17.5146,77.4083,0.0],[17.5187,77.4063,0.0],[17.5229,77.4063,0.0],[17.5245,77.4078,0.0],[17.5193,77.4099,0.0],[17.5292,77.4167,9.8853],[17.5479,77.4167,0.0],[17.5521,77.4187,1.4348],[17.5875,77.4187,0.0],[17.5891,77.4203,0.0],[17.5776,77.4245,1.932],[17.5875,77.425,0.0],[17.5953,77.4297,0.0],[17.5938,77.4313,0.0],[17.588,77.4318,0.0],[17.5911,77.4349,0.0],[17.5646,77.4333,113.8757],[17.563,77.4339,209.4253],[17.5641,77.437,297.1697],[17.5589,77.4391,327.8745],[17.5703,77.4401,274.187],[17.5724,77.4432,158.5078],[17.5672,77.4453,183.7441],[17.5771,77.4521,129.587],[17.5979,77.4542,0.0],[17.6063,77.4583,1.53],[17.6286,77.4609,0.3623],[17.6187,77.4646,7.1699],[17.5917,77.4667,399.7856],[17.5901,77.4682,408.3543],[17.6,77.4688,236.649],[17.6042,77.4708,110.3284],[17.6083,77.4708,82.9884],[17.6125,77.4688,62.53],[17.625,77.4688,1.366],[17.6266,77.4682,1.177],[17.6255,77.4651,1.3155],[17.6333,77.4625,0.1803],[17.6396,77.4625,0.1554],[17.6443,77.4661,0.795],[17.6521,77.4667,0.8823],[17.6536,77.4651,0.6836],[17.6505,77.463,2.9738],[17.6646,77.4604,2.6344],[17.6786,77.4693,10.3822],[17.6771,77.4708,9.3199],[17.6651,77.4734,17.6045],[17.6667,77.475,18.905],[17.6766,77.4755,9.1931],[17.6714,77.4776,4.319],[17.6724,77.4807,2.3522],[17.6672,77.4818,3.8994],[17.6703,77.4849,0.0],[17.6646,77.4854,6.156],[17.6443,77.4932,13.8646],[17.6479,77.4958,0.0],[17.6578,77.4964,0.0],[17.6667,77.5021,0.0],[17.6833,77.5021,0.0],[17.6849,77.5036,0.0],[17.6797,77.5057,0.0],[17.6896,77.5062,0.0],[17.6953,77.5089,0.0],[17.6937,77.5104,0.0],[17.688,77.5109,0.0],[17.6932,77.5162,0.0],[17.688,77.5172,0.0],[17.6891,77.5203,0.0],[17.6839,77.5214,0.0],[17.687,77.5245,0.0],[17.6771,77.5271,0.0],[17.6625,77.525,0.0],[17.6583,77.5271,0.0],[17.6458,77.5271,0.0],[17.6417,77.5292,0.0],[17.6375,77.5292,0.0],[17.6333,77.5271,0.0],[17.6167,77.5271,0.0],[17.6089,77.5297,4.0312],[17.6099,77.5328,0.1484],[17.6047,77.5339,3.4703],[17.6078,77.537,0.7928],[17.5979,77.5396,0.0],[17.5854,77.5396,0.0],[17.5776,77.5422,0.0],[17.5807,77.5443,0.0],[17.5792,77.5458,0.0],[17.5667,77.5458,0.0],[17.5505,77.5505,0.0],[17.5583,77.5563,0.0],[17.5771,77.5563,0.0],[17.5812,77.5583,0.0],[17.5995,77.5589,0.0],[17.5943,77.5609,0.0],[17.5953,77.5641,0.0],[17.5818,77.5651,0.0],[17.5849,77.5703,0.0],[17.5708,77.5708,0.0],[17.5568,77.5755,0.0],[17.562,77.5807,0.0],[17.5563,77.5813,0.0],[17.5547,77.5828,0.0],[17.5661,77.5839,0.0],[17.575,77.5896,0.0],[17.5917,77.5896,0.0],[17.5958,77.5875,0.0],[17.6063,77.5875,0.0],[17.6104,77.5854,0.0],[17.6396,77.5833,0.0],[17.6521,77.5792,0.0],[17.6625,77.5792,2.5286],[17.6667,77.5771,0.0],[17.6792,77.5771,2.5099],[17.6833,77.575,0.0],[17.7,77.5771,1.404],[17.7042,77.575,0.0],[17.7083,77.575,1.5752],[17.7125,77.5771,16.4956],[17.7188,77.5771,15.4187],[17.7203,77.5755,10.7353],[17.7151,77.5714,0.0],[17.7375,77.5646,0.0],[17.7516,77.5641,20.5408],[17.75,77.5625,15.4393],[17.6714,77.562,0.0],[17.6766,77.5599,0.0],[17.6755,77.5568,0.0],[17.6807,77.5547,0.0],[17.6755,77.5516,0.0],[17.6714,77.5463,0.0],[17.6792,77.5437,0.0],[17.6937,77.5437,0.0],[17.6979,77.5458,0.0],[17.7708,77.5458,0.0],[17.775,77.5437,0.0],[17.7813,77.5437,0.0],[17.7859,77.5474,0.0],[17.7958,77.5479,0.0],[17.8016,77.5505,0.0],[17.8,77.5521,0.0],[17.7859,77.5526,0.0],[17.7875,77.5542,22.5229],[17.8146,77.5542,0.0],[17.8188,77.5563,0.0],[17.825,77.5563,0.0],[17.8292,77.5542,0.0],[17.8354,77.5542,0.0],[17.8396,77.5563,0.0],[17.8438,77.5563,0.0],[17.8542,77.5521,0.0],[17.8771,77.5521,0.0],[17.8937,77.5458,0.0],[17.9063,77.5458,0.0],[17.9167,77.5417,29.0461],[17.9224,77.5411,35.166],[17.9146,77.5354,29.6026],[17.8583,77.5354,0.0],[17.8568,77.5339,0.0],[17.862,77.5318,0.0],[17.8417,77.5313,0.0],[17.8375,77.5292,0.0],[17.7609,77.5286,0.0],[17.7661,77.5255,0.0],[17.7609,77.5214,0.0],[17.7687,77.5188,0.0],[17.8016,77.5182,0.0],[17.8,77.5167,0.0],[17.7901,77.5162,0.0],[17.7917,77.5146,0.0],[17.8182,77.5151,0.0],[17.813,77.5172,0.0],[17.8146,77.5188,0.0],[17.8292,77.5167,0.0],[17.8333,77.5188,0.0],[17.8396,77.5188,0.0],[17.8438,77.5167,0.0],[17.85,77.5167,0.0],[17.8542,77.5188,0.0],[17.8708,77.5188,0.0],[17.875,77.5208,0.0],[17.8813,77.5208,0.0],[17.8854,77.5188,0.0],[17.9,77.5188,0.0],[17.9042,77.5208,0.0],[17.9104,77.5208,0.0],[17.9146,77.5188,0.0],[17.9458,77.5188,4.4955],[17.9562,77.5146,2.6692],[17.9688,77.5146,5.457],[17.9792,77.5104,1.2365],[18.0021,77.5104,1.4494],[18.0125,77.5062,0.0],[18.0167,77.5062,0.0],[18.0208,77.5083,1.1232],[18.0599,77.5089,3.5586],[18.0547,77.5109,6.4462],[18.0563,77.5125,34.1143],[18.0708,77.5125,46.3496],[18.075,77.5104,18.0985],[18.0812,77.5104,20.3904],[18.0854,77.5125,82.8929],[18.0917,77.5125,76.4697],[18.0995,77.5089,21.3463],[18.0792,77.5083,7.2525],[18.0755,77.5047,1.171],[18.1563,77.5042,7.1979],[18.1667,77.5,0.0],[18.2307,77.5005,0.0],[18.2349,77.5036,0.0],[18.2297,77.5057,124.7884],[18.2396,77.5062,0.0],[18.2458,77.5104,48.2913],[18.2557,77.5109,0.0],[18.2599,77.5141,0.0],[18.2542,77.5146,67.5026],[18.2526,77.5162,142.4615],[18.2604,77.5208,89.7405],[18.2703,77.5214,0.0],[18.2891,77.5339,0.0],[18.2687,77.5417,322.2778],[18.263,77.5422,297.6971],[18.2661,77.5453,283.3856],[18.2609,77.5474,178.1876],[18.2724,77.5484,99.9178],[18.2745,77.5516,0.0],[18.2693,77.5537,48.0834],[18.2792,77.5542,0.0],[18.2807,77.5557,0.0],[18.2755,77.5568,0.0],[18.2766,77.5599,0.0],[18.275,77.5604,0.0],[18.2609,77.5609,74.6607],[18.2703,77.5682,0.0],[18.2583,77.5708,202.3689],[18.2505,77.5745,273.9147],[18.2583,77.575,275.6849],[18.2625,77.5729,237.1107],[18.2667,77.5729,128.696],[18.2724,77.5755,18.1196],[18.2672,77.5776,60.8226],[18.2687,77.5792,73.1528],[18.2729,77.5792,39.346],[18.2771,77.5771,0.0],[18.2849,77.5776,0.0],[18.2797,77.5807,0.0],[18.2849,77.5849,0.0],[18.2776,77.5859,64.8421],[18.2807,77.5891,24.3945],[18.2693,77.5932,85.8631],[18.2807,77.5943,22.2545],[18.2828,77.5974,0.0],[18.2776,77.5995,13.1445],[18.2813,77.6021,18.829],[18.2875,77.6021,0.0],[18.2917,77.6,0.0],[18.2995,77.6005,0.0],[18.2979,77.6021,0.0],[18.2922,77.6026,0.0],[18.2974,77.6078,0.0],[18.2859,77.612,288.0483],[18.2974,77.613,91.3698],[18.3057,77.6193,201.5337],[18.3005,77.6224,279.0208],[18.3063,77.625,259.503],[18.3104,77.625,181.6284],[18.3146,77.6229,39.0396],[18.3224,77.6234,0.0],[18.3245,77.6266,0.0],[18.3193,77.6286,61.8899],[18.3224,77.6307,86.5989],[18.3167,77.6312,227.7495],[18.3151,77.6328,284.899],[18.3286,77.6339,92.2409],[18.3307,77.637,47.4597],[18.3255,77.6391,42.9475],[18.3333,77.6396,15.6941],[18.3375,77.6375,5.9968],[18.3417,77.6375,0.0],[18.3474,77.6412,0.0],[18.3333,77.6417,3.1384],[18.3318,77.6422,2.8759],[18.3328,77.6453,0.7787],[18.3188,77.6458,11.2473],[18.3021,77.6521,0.0],[18.2875,77.6521,0.0],[18.2833,77.65,0.0],[18.2771,77.65,0.0],[18.2729,77.6521,0.0],[18.2667,77.6521,0.0],[18.2625,77.65,0.0],[18.2583,77.65,0.0],[18.2484,77.6526,0.0],[18.2536,77.6578,0.0],[18.2484,77.6599,0.0],[18.2583,77.6604,0.0],[18.2667,77.6646,15.0453],[18.2766,77.6651,0.0],[18.2786,77.6682,65.718],[18.2734,77.6693,180.5639],[18.2745,77.6724,382.8092],[18.2693,77.6745,340.3182],[18.275,77.6771,111.3596],[18.2833,77.6771,92.8369],[18.2849,77.6787,29.665],[18.2604,77.6792,155.8201],[18.25,77.6833,176.8526],[18.2271,77.6833,434.4078],[18.2193,77.687,381.3159],[18.2458,77.6875,109.2058],[18.2646,77.6813,65.365],[18.2792,77.6813,15.0212],[18.2875,77.6854,0.0],[18.2958,77.6854,0.0],[18.2974,77.687,0.0],[18.2875,77.6896,0.0],[18.2771,77.6896,0.0],[18.2646,77.6937,0.0],[18.2438,77.6937,7.0042],[18.2339,77.6974,4.926],[18.2417,77.7021,0.0],[18.2646,77.7042,0.0],[18.2661,77.7057,0.0],[18.2604,77.7063,0.0],[18.2589,77.7078,0.0],[18.2708,77.7083,0.0],[18.275,77.7104,0.0],[18.2896,77.7104,0.0],[18.2938,77.7083,0.0],[18.3479,77.7083,0.0],[18.3521,77.7104,0.0],[18.3604,77.7104,0.0],[18.3682,77.7151,22.3342],[18.363,77.7182,176.1773],[18.3693,77.7224,175.8499],[18.3792,77.7229,82.974],[18.3849,77.7255,89.9083],[18.3833,77.7271,90.487799999999993],[18.3693,77.7276,247.1845],[18.3714,77.7307,321.8031],[18.3813,77.7312,138.9811],[18.3828,77.7328,108.4479],[18.3688,77.7333,247.4762],[18.3672,77.7349,261.6668],[18.3854,77.7354,84.208],[18.3896,77.7333,40.9659],[18.3958,77.7333,22.0242],[18.4021,77.7375,5.4646],[18.412,77.738,0.0],[18.4307,77.7505,34.7276],[18.4292,77.7521,67.9521],[18.4063,77.7521,300.6878],[18.3984,77.7547,241.4321],[18.4,77.7562,181.393],[18.4083,77.7562,173.1078],[18.4167,77.7604,20.2987],[18.4266,77.7609,1.2237],[18.4151,77.7662,75.1882],[18.425,77.7667,9.9406],[18.4266,77.7682,0.0],[18.4125,77.7688,143.7886],[18.4109,77.7703,172.7943],[18.4161,77.7745,84.7721],[18.4021,77.775,187.3099],[18.4005,77.7766,163.4681],[18.4224,77.7776,0.0],[18.4286,77.7828,0.0],[18.4167,77.7854,69.8816],[18.4151,77.787,93.6521],[18.4266,77.788,5.1414],[18.4214,77.7911,97.2199],[18.4313,77.7917,0.0],[18.4328,77.7932,0.0],[18.4214,77.7963,91.7684],[18.4266,77.8016,20.5625],[18.4214,77.8026,67.8894],[18.4224,77.8057,4.4543],[18.4172,77.8068,36.5789],[18.4182,77.8099,23.4337],[18.413,77.8109,78.5838],[18.4161,77.8141,0.0],[18.4026,77.8172,106.992],[18.4078,77.8224,3.8037],[18.388,77.8276,12.7067],[18.3911,77.8307,2.0397],[18.3776,77.8339,0.0],[18.3828,77.8391,0.0],[18.375,77.8417,0.0],[18.3625,77.8417,0.0],[18.3609,77.8432,0.0],[18.3641,77.8453,0.0],[18.3568,77.8464,0.0],[18.3583,77.8479,0.0],[18.3688,77.8479,0.0],[18.3703,77.8495,0.0],[18.3604,77.8521,0.0],[18.3479,77.8521,0.0],[18.3438,77.8542,0.0],[18.3396,77.8542,0.0],[18.338,77.8526,0.0],[18.3432,77.8505,0.0],[18.3229,77.85,0.0],[18.3172,77.8474,0.0],[18.3271,77.8438,0.0],[18.3495,77.8432,0.0],[18.3479,77.8417,0.0],[18.338,77.8411,0.0],[18.3359,77.8391,0.0],[18.3375,77.8375,0.0],[18.3521,77.8396,0.0],[18.3599,77.837,0.0],[18.3563,77.8333,1.0349],[18.3375,77.8333,0.0],[18.3333,77.8313,0.4517],[18.3083,77.8313,5.6656],[18.2958,77.8354,0.8638],[18.275,77.8354,29.6469],[18.2651,77.8391,39.7806],[18.2708,77.8417,39.0662],[18.2792,77.8417,0.0],[18.2807,77.8432,9.4018],[18.2667,77.8479,0.0],[18.2526,77.8484,35.4295],[18.2563,77.8521,0.0],[18.275,77.8521,0.0],[18.2797,77.8557,0.0],[18.2875,77.8562,0.0],[18.2974,77.8536,0.0],[18.2922,77.8484,0.0],[18.3063,77.8438,0.0],[18.3125,77.8438,0.0],[18.3141,77.8453,0.0],[18.3005,77.8484,0.0],[18.3057,77.8526,0.0],[18.3005,77.8547,0.0],[18.3026,77.8578,0.0],[18.3083,77.8604,0.0],[18.3438,77.8604,0.6262],[18.3542,77.8562,0.0],[18.3604,77.8562,0.0],[18.362,77.8578,0.0],[18.3568,77.8588,7.9968],[18.3589,77.862,33.0189],[18.3703,77.863,7.0016],[18.3745,77.8662,3.0112],[18.3693,77.8682,4.8813],[18.3792,77.8688,0.0],[18.3807,77.8703,0.0],[18.3755,77.8714,1.5289],[18.3766,77.8745,1.2741],[18.375,77.875,1.1379],[18.3609,77.8755,0.8801],[18.3641,77.8776,0.6501],[18.3625,77.8792,0.7404],[18.3484,77.8797,1.6007],[18.3495,77.8828,9.0962],[18.3479,77.8833,10.8857],[18.3354,77.8833,0.5607],[18.325,77.8875,0.9514],[18.3021,77.8875,2.0913],[18.2979,77.8896,0.3419],[18.2854,77.8896,0.0],[18.2839,77.8912,0.0],[18.2891,77.8953,0.0],[18.2693,77.9005,0.0],[18.2724,77.9036,0.0],[18.2625,77.9063,0.0],[18.25,77.9063,0.0],[18.2484,77.9078,0.0],[18.2583,77.9083,0.0],[18.2625,77.9104,3.1983],[18.2792,77.9083,0.0],[18.2833,77.9104,1.9916],[18.3229,77.9104,0.0],[18.3271,77.9125,5.3364],[18.3354,77.9125,3.7854],[18.3396,77.9146,4.1905],[18.3479,77.9146,0.0],[18.3568,77.9203,1.2952],[18.3667,77.9208,0.0],[18.3682,77.9224,0.1222],[18.3479,77.9292,0.6173],[18.3438,77.9292,0.5535],[18.3422,77.9307,0.7268],[18.35,77.9313,1.2969],[18.3542,77.9292,0.6501],[18.3604,77.9292,0.3537],[18.3646,77.9313,0.0378],[18.3729,77.9313,-0.1617],[18.3745,77.9328,-0.1298],[18.3604,77.9333,0.5754],[18.3589,77.9349,5.348],[18.3646,77.9375,84.1352],[18.3729,77.9375,17.9355],[18.3771,77.9396,120.9346],[18.3958,77.9396,12.5081],[18.4,77.9417,24.5426],[18.4083,77.9417,0.0],[18.4188,77.9479,7.9809],[18.4307,77.9484,1.1609],[18.4401,77.9557,1.5948],[18.45,77.9563,3.1733],[18.4557,77.9589,0.5858],[18.4479,77.9625,6.5176],[18.3818,77.963,440.6639],[18.3833,77.9646,344.6293],[18.4438,77.9646,14.8629],[18.4453,77.9661,12.3645],[18.4208,77.9667,166.6451],[18.4193,77.9682,115.0587],[18.4453,77.9714,6.1843],[18.4318,77.9766,19.8862],[18.4417,77.9771,6.9355],[18.4474,77.9807,0.0],[18.4401,77.9818,12.8931],[18.4432,77.9838,0.0],[18.4417,77.9854,0.0],[18.4276,77.9859,22.1557],[18.4286,77.9891,0.0],[18.4208,77.9917,0.0],[18.4068,77.9922,36.6353],[18.4083,77.9938,33.9318],[18.4167,77.9938,0.0],[18.4182,77.9953,0.0],[18.4068,77.9984,2.7313],[18.4078,78.0016,0.0],[18.3964,78.0047,7.599],[18.3974,78.0078,0.0],[18.3859,78.0109,12.8082],[18.387,78.0141,0.0],[18.3714,78.0151,8.6666],[18.3729,78.0167,2.6931],[18.3828,78.0172,0.0],[18.387,78.0203,0.0],[18.3771,78.0229,0.0],[18.3646,78.0229,1.6677],[18.3568,78.0266,0.7695],[18.3708,78.0354,0.3506],[18.4,78.0354,0.0],[18.4104,78.0417,-0.0283],[18.4396,78.0417,0.0],[18.4438,78.0437,0.1812],[18.4625,78.0437,0.0],[18.4682,78.0463,-0.153],[18.4667,78.0479,-0.0082],[18.4542,78.0479,0.4353],[18.45,78.05,0.1444],[18.4359,78.0505,0.7739],[18.4375,78.0521,0.4867],[18.4458,78.0521,0.3346],[18.45,78.0542,0.3414],[18.4578,78.0537,1.0675],[18.4547,78.0516,0.2973],[18.4562,78.05,0.159],[18.4729,78.0521,1.1145],[18.4771,78.05,-0.0119],[18.4938,78.05,0.4924],[18.4979,78.0521,0.7512],[18.5063,78.0521,0.9135],[18.5104,78.0542,1.4094],[18.5187,78.0542,1.4687],[18.5229,78.0563,2.1578],[18.5521,78.0563,0.9312],[18.5563,78.0583,1.4687],[18.5625,78.0583,1.531],[18.5667,78.0563,0.7081],[18.5792,78.0563,0.654],[18.5833,78.0542,0.8275],[18.5911,78.0547,1.517],[18.5833,78.0583,1.4484],[18.5792,78.0583,1.4359],[18.5651,78.063,4.3962],[18.5688,78.0667,7.0538],[18.587,78.0661,6.6669],[18.5818,78.0609,2.7584],[18.5979,78.0563,0.9956],[18.6271,78.0542,2.143],[18.6375,78.05,0.0],[18.6437,78.05,0.0],[18.6479,78.0521,4.0813],[18.6646,78.0521,19.3886],[18.6849,78.0453,19.9978],[18.6839,78.0422,0.0],[18.6854,78.0417,0.0],[18.7146,78.0396,18.3793],[18.7333,78.0333,0.0],[18.7458,78.0333,10.6537],[18.75,78.0313,0.0],[18.7646,78.0333,13.061],[18.7687,78.0313,10.1648],[18.775,78.0313,11.529],[18.7896,78.0396,21.6689],[18.7958,78.0396,23.0921],[18.8,78.0375,22.9268],[18.8354,78.0375,0.0],[18.8438,78.0417,24.638],[18.8812,78.0417,0.0],[18.8854,78.0437,10.1187],[18.9083,78.0458,0.0],[18.9234,78.0557,70.4828],[18.9354,78.0563,26.2164],[18.9458,78.0625,85.0738],[18.9703,78.0651,0.0],[18.9651,78.0682,28.848],[18.9766,78.0693,0.0],[18.9714,78.0724,52.0555],[18.9828,78.0734,21.9182],[18.987,78.0766,52.5386],[18.9813,78.0771,88.7147],[18.9797,78.0787,111.3514],[18.9917,78.0792,55.0616],[18.9953,78.0818,51.5268],[18.9901,78.0849,116.2031],[19.0161,78.088,9.906],[19.0146,78.0896,16.9641],[18.9917,78.0896,168.2512],[18.9901,78.0911,195.6567],[19.0208,78.0917,10.8634],[19.0292,78.0958,8.2086],[19.0375,78.0958,0.0],[19.0432,78.0984,0.0],[19.0417,78.1,0.0],[19.0375,78.1,0.0],[19.0234,78.1047,62.0344],[19.025,78.1062,57.0448],[19.0349,78.1068,25.6698],[19.0391,78.1099,7.3403],[19.0229,78.1146,14.5419],[19.0089,78.1151,125.6301],[19.0182,78.1224,33.2454],[18.9958,78.1292,142.8028],[18.9833,78.1292,174.6411],[18.9818,78.1307,149.0549],[18.9917,78.1312,135.6713],[18.9932,78.1328,83.7933],[18.9792,78.1333,97.9227],[18.9714,78.1359,63.9709],[18.975,78.1396,15.7055],[18.987,78.1401,0.0],[18.9792,78.1438,0.0],[18.9734,78.1443,1.8393],[18.9766,78.1474,0.0],[18.9521,78.1479,17.7605],[18.9505,78.1484,21.0639],[18.9516,78.1516,2.0846],[18.95,78.1521,1.7704],[18.9375,78.1521,60.904],[18.9359,78.1536,66.6328],[18.9453,78.1599,0.0],[18.9229,78.1667,2.9112],[18.9089,78.1672,18.1711],[18.9141,78.1713,0.0],[18.9125,78.1729,0.0],[18.9,78.1729,2.9579],[18.8958,78.175,0.0],[18.8818,78.1755,12.3378],[18.8839,78.1787,0.0],[18.8917,78.1792,0.0],[18.9021,78.175,0.0],[18.9083,78.175,0.0],[18.9099,78.1766,0.0],[18.9047,78.1776,0.0],[18.9078,78.1807,0.0],[18.8729,78.1813,0.0],[18.863,78.1849,0.0],[18.8812,78.1854,0.0],[18.8854,78.1833,0.0],[18.9021,78.1833,0.0],[18.9063,78.1854,0.0],[18.9161,78.1859,0.0],[18.9083,78.1896,0.0],[18.8958,78.1896,0.0],[18.888,78.1922,0.0],[18.8917,78.1958,0.0],[18.8979,78.1958,0.0],[18.9021,78.1937,0.0],[18.925,78.1937,8.5939],[18.9292,78.1917,0.0],[18.9354,78.1917,0.0],[18.9438,78.1958,3.8692],[18.9583,78.1958,1.2446],[18.9625,78.1937,0.8562],[18.9792,78.1958,1.8346],[18.9833,78.1937,0.0],[19.0,78.1937,0.0],[19.0042,78.1958,39.5278],[19.0125,78.1958,0.0],[19.0208,78.2,3.3372],[19.05,78.2,0.0],[19.0516,78.2016,0.0],[19.0375,78.2021,90.7254],[19.0359,78.2037,121.9229],[19.0464,78.2099,160.9133],[19.0563,78.2104,99.3122],[19.062,78.213,98.96],[19.0641,78.2161,106.1586],[19.0526,78.2203,204.4478],[19.063,78.2266,165.0165],[19.0729,78.2271,41.2113],[19.0745,78.2286,18.6719],[19.0589,78.2297,190.0966],[19.062,78.2328,125.4089],[19.0547,78.2338,182.7851],[19.0599,78.238,43.4676],[19.0583,78.2396,0.0],[19.0438,78.2375,181.3903],[19.0422,78.238,185.8227],[19.0432,78.2412,148.2477],[19.0292,78.2417,194.5021],[19.0276,78.2432,208.3568],[19.0307,78.2453,114.8787],[19.025,78.2458,121.7237],[19.0083,78.2521,0.0],[19.0042,78.2521,8.2816],[18.9875,78.2583,0.3967],[18.9755,78.2609,0.3746],[18.9786,78.2641,-0.0395],[18.9688,78.2667,0.2999],[18.9547,78.2672,0.5849],[18.9578,78.2703,0.3649],[18.9443,78.2734,0.9622],[18.9458,78.275,0.7299],[18.9562,78.275,0.8457],[18.9599,78.2776,0.145],[18.9521,78.2813,0.0],[18.9464,78.2818,1.9375],[18.9495,78.2849,0.0],[18.9354,78.2854,1.6026],[18.9167,78.2917,0.0],[18.9042,78.2917,25.524],[18.9026,78.2922,20.0181],[18.9036,78.2953,0.0],[18.8922,78.2984,0.0],[18.8943,78.3016,0.0],[18.9016,78.3047,0.0],[18.9182,78.3161,0.0],[18.9,78.3167,0.0],[18.8958,78.3146,0.0],[18.875,78.3146,0.0],[18.8708,78.3125,0.0],[18.8521,78.3104,0.0],[18.8271,78.3187,0.0],[18.8229,78.3187,0.0],[18.8214,78.3203,0.0],[18.85,78.3208,0.0],[18.8542,78.3187,0.0],[18.8917,78.3187,0.0],[18.8958,78.3208,0.0],[18.9042,78.3208,0.0],[18.9083,78.3229,0.0],[18.9188,78.3229,0.0],[18.9271,78.3271,0.0],[18.9333,78.3271,4.6577],[18.9375,78.325,0.7011],[18.9729,78.325,0.0],[18.9771,78.3271,5.4288],[19.0,78.3292,0.0],[19.0083,78.3333,2.696],[19.0375,78.3333,0.0],[19.0417,78.3354,1.1781],[19.0625,78.3354,0.0],[19.0745,78.3422,2.3786],[19.0672,78.3453,6.8844],[19.0896,78.3458,0.0],[19.0911,78.3474,0.0],[19.075,78.3521,0.0],[19.0464,78.3505,58.3257],[19.0495,78.3536,89.085],[19.0443,78.3557,152.1257],[19.0646,78.3562,8.314],[19.0661,78.3578,0.0],[19.0609,78.3588,34.6986],[19.0641,78.3609,6.8687],[19.0625,78.3625,24.2592],[19.0583,78.3625,34.0757],[19.0542,78.3646,49.2622],[19.0401,78.3651,193.0685],[19.0417,78.3667,144.2074],[19.062,78.3672,0.0],[19.0604,78.3688,8.4125],[19.0464,78.3693,80.1203],[19.0479,78.3708,64.3784],[19.0599,78.3714,0.0],[19.062,78.3745,0.0],[19.0505,78.3776,28.2322],[19.0526,78.3807,15.6776],[19.0578,78.3839,0.0],[19.0526,78.3859,11.6974],[19.0557,78.3891,0.0],[19.05,78.3896,15.3488],[19.0422,78.3932,31.7184],[19.0542,78.3938,0.0],[19.0557,78.3953,0.0],[19.0422,78.3984,10.4882],[19.0453,78.4016,0.0],[19.025,78.4063,83.0784],[18.9875,78.4187,336.0337],[18.9625,78.4187,454.2151],[18.9583,78.4208,401.9303],[18.9458,78.4208,415.888],[18.9443,78.4224,412.5213],[18.9474,78.4245,412.5116],[18.9339,78.4276,461.6374],[18.9391,78.4328,519.0784],[18.9313,78.4354,466.8163],[18.9151,78.4359,440.0291],[18.9167,78.4375,431.6893],[18.9286,78.438,411.0223],[18.9234,78.4401,407.4914],[18.9255,78.4432,309.017],[18.9286,78.4443,272.2792],[18.9271,78.4458,192.4328],[18.9214,78.4464,204.7441],[18.9245,78.4495,188.201],[18.9109,78.4526,315.1864],[18.9182,78.4568,288.9234],[18.9203,78.4599,417.8135],[18.9125,78.4604,405.8489],[18.9083,78.4583,360.9117],[18.9021,78.4583,378.4503],[18.8979,78.4604,445.2281],[18.875,78.4604,438.8879],[18.8625,78.4646,435.9052],[18.8396,78.4646,367.2757],[18.8292,78.4688,402.678],[18.813,78.4693,347.089],[18.8188,78.4729,356.0601],[18.8375,78.4729,346.9212],[18.8458,78.4771,265.7324],[18.8563,78.4771,318.2456],[18.8641,78.4828,244.6799],[18.8589,78.4838,209.176],[18.8599,78.487,193.3639],[18.8583,78.4875,183.8394],[18.8417,78.4854,190.7894],[18.8401,78.487,167.1433],[18.8432,78.4891,140.9569],[18.8359,78.4901,95.907],[18.8375,78.4917,72.3622],[18.8495,78.4922,63.5023],[18.8536,78.4953,35.5543],[18.8479,78.4958,38.745],[18.8464,78.4974,32.4497],[18.8599,78.4984,0.0],[18.8583,78.5,0.0],[18.8542,78.5,0.0],[18.8438,78.5042,26.8855],[18.8312,78.5042,35.0314],[18.8297,78.5047,35.7443],[18.8307,78.5078,12.4382],[18.8146,78.5125,0.0],[18.7943,78.5099,15.8648],[18.7995,78.5078,32.687],[18.7958,78.5042,42.9952],[18.788,78.5047,40.7369],[18.7891,78.5078,32.7887],[18.7755,78.5109,0.0],[18.7771,78.5125,0.0],[18.7891,78.513,0.0],[18.813,78.5286,264.221],[18.8266,78.5297,241.836],[18.8458,78.5417,249.1566],[18.8563,78.5417,216.6992],[18.8604,78.5437,186.804],[18.8792,78.5437,105.3496],[18.8833,78.5458,79.9003],[18.925,78.5458,80.3456],[18.9292,78.5479,85.7641],[18.9354,78.5479,84.7677],[18.9479,78.5437,63.1404],[18.9708,78.5437,62.0902],[18.9724,78.5422,62.1337],[18.9693,78.5401,49.2521],[18.975,78.5396,52.2717],[18.9854,78.5354,0.0],[19.0104,78.5354,0.0],[19.0146,78.5333,0.0],[19.0375,78.5333,0.0],[19.0417,78.5313,0.0],[19.0479,78.5313,0.0],[19.0521,78.5333,41.808],[19.0687,78.5333,43.7537],[19.0729,78.5313,36.0628],[19.0792,78.5313,25.7357],[19.0833,78.5333,34.0046],[19.1,78.5333,21.9959],[19.1042,78.5313,0.0],[19.1104,78.5313,0.0],[19.1203,78.5359,0.0],[19.1411,78.5495,0.0],[19.1339,78.5505,27.4872],[19.137,78.5537,19.371],[19.1234,78.5568,23.2555],[19.1266,78.5589,0.0],[19.125,78.5604,0.0],[19.1083,78.5604,33.1692],[19.1042,78.5583,38.3714],[19.0979,78.5583,46.0746],[19.0964,78.5589,48.3707],[19.0974,78.562,42.8647],[19.0922,78.5641,42.6853],[19.1125,78.5646,18.1947],[19.1141,78.5661,5.535],[19.1089,78.5682,25.8119],[19.1146,78.5708,21.028],[19.1245,78.5714,0.0],[19.1229,78.5729,0.0],[19.1089,78.5734,31.0308],[19.1182,78.5797,26.8088],[19.113,78.5818,23.3872],[19.1151,78.5849,39.847],[19.1375,78.5854,36.4952],[19.1417,78.5875,43.5438],[19.1521,78.5875,47.2836],[19.1563,78.5896,48.6993],[19.1646,78.5896,57.3388],[19.1729,78.5938,56.3479],[19.1807,78.5932,54.614],[19.1776,78.5901,54.7838],[19.1849,78.5891,50.5554],[19.1818,78.587,51.1406],[19.1833,78.5854,47.3093],[19.1896,78.5854,42.8079],[19.1979,78.5896,40.3246],[19.225,78.5896,20.7496],[19.2292,78.5875,17.1461],[19.2542,78.5875,30.4128],[19.262,78.5849,27.7005],[19.2563,78.5813,24.2385],[19.2464,78.5807,19.4946],[19.2516,78.5776,22.4747],[19.2458,78.575,16.0458],[19.2396,78.575,15.1299],[19.2354,78.5771,15.3175],[19.2229,78.5771,17.0497],[19.2188,78.5792,17.2359],[19.2042,78.5792,20.3912],[19.1938,78.5833,31.3413],[19.1859,78.5828,40.1406],[19.1938,78.5792,31.4685],[19.1995,78.5787,28.8968],[19.1964,78.5755,26.5629],[19.2016,78.5734,22.2664],[19.1964,78.5703,29.1318],[19.1979,78.5687,0.0],[19.2042,78.5687,28.9261],[19.2083,78.5708,23.2738],[19.2188,78.5708,16.3181],[19.2271,78.575,14.3788],[19.2333,78.575,15.5021],[19.2349,78.5734,13.3473],[19.2318,78.5714,9.1347],[19.2396,78.5687,0.0],[19.2661,78.5682,18.2941],[19.2646,78.5667,0.0],[19.2271,78.5667,0.0],[19.2229,78.5687,0.0],[19.2151,78.5682,24.553],[19.2229,78.5646,0.0],[19.2458,78.5646,0.0],[19.25,78.5625,0.0],[19.2667,78.5625,0.0],[19.2708,78.5646,0.0],[19.2932,78.5651,26.6973],[19.2854,78.5687,28.6392],[19.2797,78.5693,29.9467],[19.2813,78.5708,31.0062],[19.2932,78.5714,33.226],[19.2917,78.5729,32.9976],[19.2568,78.5734,25.0518],[19.2583,78.575,23.8585],[19.2682,78.5755,27.8203],[19.263,78.5787,24.8128],[19.2687,78.5813,26.0122],[19.275,78.5813,31.2633],[19.2917,78.575,33.2923],[19.3063,78.575,42.6687],[19.3078,78.5734,42.0538],[19.3047,78.5724,38.6757],[19.3063,78.5708,38.1718],[19.3438,78.5708,40.9238],[19.3479,78.5729,39.7991],[19.3599,78.5734,32.2057],[19.3547,78.5766,32.4544],[19.3599,78.5807,25.7236],[19.3438,78.5854,34.7264],[19.3312,78.5854,38.216],[19.3208,78.5896,31.5809],[19.3063,78.5896,40.4298],[19.3021,78.5917,38.3279],[19.2792,78.5917,33.0561],[19.2776,78.5922,31.1446],[19.2786,78.5953,30.1744],[19.2625,78.6,19.1832],[19.2563,78.6,19.078],[19.2521,78.5979,25.5077],[19.2443,78.5984,24.3638],[19.25,78.6021,18.0102],[19.2708,78.6021,20.6418],[19.275,78.6042,20.8242],[19.2854,78.6042,22.5896],[19.2896,78.6062,19.176],[19.2979,78.6062,25.9788],[19.3021,78.6083,12.7202],[19.3271,78.6104,16.7015],[19.3312,78.6125,35.5642],[19.3792,78.6125,29.6833],[19.3833,78.6104,5.5916],[19.4,78.6104,5.9923],[19.4125,78.6167,67.2734],[19.4313,78.6167,61.591],[19.4354,78.6188,82.6109],[19.4417,78.6188,81.6257],[19.4542,78.6146,38.1613],[19.4667,78.6146,25.9036],[19.4708,78.6125,2.7358],[19.4958,78.6125,6.0416],[19.5036,78.6088,3.5857],[19.4917,78.6083,3.044],[19.4901,78.6068,2.2385],[19.5,78.6042,1.4396],[19.5063,78.6042,1.3155],[19.5104,78.6062,1.6857],[19.5271,78.6062,1.9267],[19.5375,78.6021,0.5425],[19.5432,78.6016,0.6299],[19.5333,78.5958,11.8673],[19.5167,78.5958,4.9626],[19.5125,78.5979,11.6249],[19.5,78.5979,2.4145],[19.4984,78.5984,1.9176],[19.4995,78.6016,1.1482],[19.4854,78.6062,2.031],[19.4792,78.6062,1.8412],[19.4776,78.6047,1.697],[19.4828,78.6036,1.3671],[19.4797,78.6005,1.2249],[19.4854,78.6,1.1509],[19.487,78.5984,1.0379],[19.4813,78.5958,1.0148],[19.4708,78.5958,1.2082],[19.4693,78.5943,1.0223],[19.4958,78.5938,1.174],[19.4974,78.5922,3.7274],[19.4854,78.5917,19.3132],[19.4813,78.5896,33.1187],[19.4646,78.5896,28.3961],[19.463,78.5911,22.3019],[19.4661,78.5932,1.4021],[19.4646,78.5938,1.0438],[19.4292,78.5938,1.8337],[19.4188,78.5979,1.9618],[19.4021,78.5958,15.1781],[19.3833,78.6021,2.4274],[19.3667,78.6021,11.9827],[19.3651,78.6005,21.8529],[19.3792,78.5958,52.4113],[19.3937,78.5958,20.4012],[19.3953,78.5943,19.7701],[19.3896,78.5917,52.2948],[19.3729,78.5938,72.2467],[19.3687,78.5917,70.6246],[19.3568,78.5911,48.5317],[19.3583,78.5896,45.3942],[19.3641,78.5891,40.8344],[19.3609,78.587,24.1468],[19.3625,78.5854,10.8166],[19.3875,78.5854,34.4299],[19.3891,78.5839,32.1969],[19.3859,78.5818,4.3937],[19.3937,78.5792,0.0],[19.4,78.5792,0.0],[19.4042,78.5813,13.6097],[19.4313,78.5813,21.8969],[19.4354,78.5792,0.0],[19.4438,78.5792,1.2085],[19.4479,78.5813,15.2148],[19.4542,78.5813,16.4103],[19.4583,78.5792,6.6643],[19.4854,78.5792,8.8375],[19.4896,78.5813,18.2334],[19.5208,78.5813,7.2145],[19.525,78.5833,6.3732],[19.5333,78.5833,8.1966],[19.5375,78.5854,3.9845],[19.5479,78.5854,3.5828],[19.5521,78.5875,1.8338],[19.5625,78.5875,6.2713],[19.5667,78.5896,5.5888],[19.5771,78.5896,4.88],[19.5812,78.5917,1.8891],[19.6,78.5917,2.787],[19.6083,78.5958,0.1549],[19.6188,78.5958,-0.1031],[19.6203,78.5974,-0.1273],[19.5938,78.5979,-0.0399],[19.5922,78.5995,0.0058],[19.6042,78.6,-0.2119],[19.6083,78.6021,-0.4751],[19.6188,78.6021,-0.4757],[19.6333,78.6104,-0.3951],[19.6437,78.6104,-0.3112],[19.6479,78.6125,-0.1841],[19.6563,78.6125,-0.3124],[19.6604,78.6146,58.8095],[19.6703,78.6141,37.367],[19.6672,78.612,-0.4293],[19.6688,78.6104,-0.391],[19.675,78.6104,-0.424],[19.6792,78.6125,-0.3929],[19.7104,78.6125,0.3093],[19.7141,78.6162,59.8298],[19.7089,78.6182,183.334],[19.7271,78.6188,242.7968],[19.7313,78.6167,98.5132],[19.7833,78.6146,83.9798],[19.7875,78.6125,8.9472],[19.8146,78.6125,126.9454],[19.8188,78.6146,279.985],[19.8292,78.6146,275.2418],[19.8375,78.6188,428.8759],[19.8495,78.6193,366.7093],[19.8479,78.6208,428.3358],[19.8422,78.6214,427.6092],[19.8453,78.6245,444.6513],[19.8401,78.6266,434.6465],[19.8536,78.6276,435.841],[19.8672,78.637,242.8569],[19.8745,78.6401,244.5365],[19.8729,78.6417,240.3435],[19.8479,78.6417,309.2762],[19.8464,78.6432,337.368],[19.8495,78.6453,390.3972],[19.8339,78.6464,398.6442],[19.8375,78.65,391.9204],[19.8563,78.65,330.2044],[19.8604,78.6479,344.1754],[19.8729,78.6479,308.9638],[19.8771,78.6458,313.6452],[19.9036,78.6453,165.0071],[19.9005,78.6422,149.24],[19.9057,78.6401,146.8701],[19.9016,78.638,151.7853],[19.8797,78.637,212.2465],[19.8937,78.6312,421.4262],[19.9,78.6312,425.3287],[19.9042,78.6333,301.5723],[19.9266,78.6339,286.7695],[19.9214,78.6359,223.4517],[19.9229,78.6375,167.4943],[19.95,78.6375,102.4215],[19.9516,78.6359,102.4332],[19.9484,78.6339,168.2731],[19.9646,78.6333,54.7093],[19.9661,78.6318,41.4528],[19.963,78.6297,36.9321],[19.9708,78.6292,33.784],[19.9828,78.6359,45.7131],[19.9776,78.6391,66.7883],[19.9911,78.6464,76.6839],[19.9859,78.6484,75.357],[19.9896,78.6521,92.9201],[20.0063,78.6521,47.1469],[20.0104,78.65,38.5946],[20.0146,78.65,37.4169],[20.0224,78.6474,25.3159],[20.0193,78.6453,18.6655],[20.0208,78.6438,17.0734],[20.0271,78.6438,6.1982],[20.0313,78.6458,16.1444],[20.05,78.6458,4.6907],[20.0542,78.6438,0.0791],[20.0604,78.6438,0.0479],[20.0646,78.6458,0.1972],[20.087,78.6464,28.7719],[20.0901,78.6495,0.3947],[20.1016,78.6547,79.7061],[20.1036,78.6578,101.3719],[20.075,78.6563,106.5122],[20.0708,78.6583,159.7809],[20.0583,78.6583,170.0182],[20.0568,78.6599,255.5642],[20.0714,78.6682,362.8029],[20.0812,78.6687,314.5522],[20.0938,78.675,182.1877],[20.1146,78.675,132.0801],[20.1188,78.6771,119.9195],[20.1292,78.6771,94.0005],[20.1422,78.6849,101.6227],[20.1557,78.6859,82.4562],[20.1703,78.6943,89.5215],[20.1651,78.6974,102.7328],[20.1766,78.6984,86.4189],[20.175,78.7,88.5058],[20.1625,78.7,107.5534],[20.1609,78.7016,106.6337],[20.1833,78.7021,85.6226],[20.1875,78.7042,88.3019],[20.1979,78.7042,77.0524],[20.2036,78.7068,84.4408],[20.2021,78.7083,89.3629],[20.1964,78.7089,95.7479],[20.1979,78.7104,95.2253],[20.2125,78.7083,80.3136],[20.2229,78.7042,54.1393],[20.2292,78.7042,37.0027],[20.2307,78.7057,48.74],[20.2255,78.7068,63.4417],[20.2286,78.7099,73.46],[20.2214,78.7109,79.1658],[20.2229,78.7125,84.1403],[20.2292,78.7125,81.2325],[20.2333,78.7104,65.8177],[20.2479,78.7104,59.0738],[20.2495,78.7089,37.1771],[20.2464,78.7068,0.0],[20.2479,78.7063,0.0],[20.2646,78.7063,0.0],[20.2687,78.7083,23.8818],[20.275,78.7083,0.0],[20.2792,78.7063,0.0],[20.2938,78.7063,0.0],[20.2979,78.7042,0.0],[20.3042,78.7042,0.0],[20.3083,78.7063,0.0],[20.3188,78.7063,0.0],[20.3229,78.7083,0.0],[20.3292,78.7083,0.0],[20.3333,78.7063,0.0],[20.3813,78.7063,0.0],[20.3896,78.7104,0.0],[20.4063,78.7083,0.0],[20.4078,78.7099,0.0],[20.4026,78.712,0.0],[20.4083,78.7146,24.2298],[20.425,78.7125,0.0],[20.4292,78.7146,0.0],[20.4396,78.7146,0.0],[20.4453,78.7172,23.9651],[20.4437,78.7188,56.0377],[20.438,78.7193,55.2128],[20.4396,78.7208,67.1961],[20.4583,78.7188,46.6522],[20.462,78.7214,45.7231],[20.4505,78.7255,78.6456],[20.4521,78.7271,82.4019],[20.4792,78.7271,10.7112],[20.4917,78.7229,-0.1591],[20.5083,78.725,3.3618],[20.5187,78.7208,0.0],[20.5438,78.7208,3.294],[20.5604,78.7146,0.0],[20.5917,78.7125,6.445],[20.5932,78.7109,4.1682],[20.5901,78.7089,0.0],[20.6,78.7063,0.0],[20.6125,78.7063,19.4817],[20.6203,78.7037,15.7442],[20.6172,78.7005,0.0],[20.6271,78.6979,0.0],[20.6396,78.6979,9.1517],[20.6437,78.6958,5.45],[20.6516,78.6964,7.133],[20.6625,78.7021,0.7263],[20.6688,78.7021,0.7042],[20.6729,78.7,-0.0836],[20.7,78.7,5.1982],[20.7083,78.7042,34.2074],[20.7203,78.7047,9.3872],[20.7313,78.7104,7.7184],[20.8125,78.7104,6.3805],[20.8167,78.7083,0.4921],[20.8292,78.7083,3.2339],[20.8432,78.7037,2.4214],[20.8422,78.7005,17.4057],[20.8563,78.6958,7.4036],[20.8625,78.6958,15.1879],[20.8724,78.7005,4.718],[20.8672,78.7026,16.8028],[20.8688,78.7042,32.4882],[20.9104,78.7042,0.0],[20.9146,78.7063,18.6459],[20.9458,78.7063,4.486],[20.95,78.7083,15.5698],[20.9562,78.7083,11.6085],[20.9604,78.7063,13.6738],[20.975,78.7063,63.9734],[20.9828,78.7037,70.3064],[20.9797,78.7005,54.9981],[20.9849,78.6995,68.9054],[20.9818,78.6974,61.7625],[20.9833,78.6958,58.0524],[20.9979,78.6958,76.0122],[20.9995,78.6943,70.7277],[20.9964,78.6922,61.7875],[20.9979,78.6917,58.1905],[21.0104,78.6917,59.465],[21.0229,78.6875,38.7868],[21.0354,78.6875,37.5394],[21.037,78.6859,36.9015],[21.0187,78.6854,28.7511],[21.0146,78.6875,39.8861],[21.0083,78.6875,42.5645],[21.0042,78.6854,35.7301],[20.9604,78.6854,29.9225],[20.9526,78.6807,12.9334],[20.9578,78.6787,3.7708],[20.9547,78.6755,0.0],[20.9604,78.675,0.0],[20.9708,78.6708,8.4977],[20.9938,78.6708,0.1046],[21.0042,78.6667,0.0],[21.0187,78.6667,37.2344],[21.0266,78.6641,39.573],[21.0234,78.6609,23.9053],[21.0333,78.6583,20.2438],[21.0458,78.6583,45.8508],[21.05,78.6563,41.3014],[21.0875,78.6563,25.5323],[21.0917,78.6583,19.8565],[21.1021,78.6583,0.0],[21.112,78.663,59.2487],[21.1068,78.6661,66.057],[21.1161,78.6724,16.9936],[21.0938,78.6792,22.3363],[21.0797,78.6797,0.0],[21.0812,78.6813,0.0],[21.0917,78.6813,0.0],[21.0958,78.6833,32.7724],[21.1021,78.6833,39.2561],[21.1125,78.6792,0.0],[21.1271,78.6792,6.1228],[21.1313,78.6771,0.0],[21.1542,78.6771,21.8498],[21.1583,78.675,0.0],[21.1708,78.675,15.1789],[21.175,78.6729,0.0],[21.2146,78.6729,2.5894],[21.2188,78.675,34.309],[21.2292,78.675,33.4808],[21.2375,78.6792,0.2151],[21.2646,78.6792,26.2255],[21.2687,78.6771,30.0469],[21.2813,78.6771,17.1106],[21.2854,78.675,0.0],[21.2979,78.675,35.5985],[21.3021,78.6729,25.1789],[21.3167,78.6729,45.0458],[21.3208,78.6708,10.7354],[21.3375,78.6708,37.0319],[21.3536,78.6797,32.1328],[21.3521,78.6813,34.2036],[21.3396,78.6813,28.9911],[21.3354,78.6833,6.8417],[21.3188,78.6833,3.9401],[21.3104,78.6792,8.5568],[21.2833,78.6792,12.6554],[21.2792,78.6813,5.6557],[21.2646,78.6813,25.3688],[21.2604,78.6833,13.7148],[21.2359,78.6839,7.4672],[21.2375,78.6854,8.2898],[21.2495,78.6859,2.2017],[21.2536,78.688,2.9789],[21.2521,78.6896,2.5839],[21.2354,78.6875,3.3383],[21.2313,78.6896,2.7848],[21.2151,78.6901,16.6242],[21.2333,78.7,4.8062],[21.25,78.7,2.3334],[21.2542,78.6979,1.3544],[21.2604,78.6979,1.2499],[21.2646,78.7,1.1417],[21.275,78.7,0.8823],[21.2792,78.7021,0.8807],[21.2958,78.7,0.5133],[21.3,78.7021,1.2623],[21.3104,78.7021,0.9819],[21.3161,78.7047,1.1736],[21.3109,78.7068,2.5607],[21.3151,78.7099,1.9964],[21.3286,78.7109,0.0],[21.3271,78.7125,0.0],[21.3151,78.7151,4.1985],[21.3182,78.7182,6.8189],[21.313,78.7193,21.0521],[21.3161,78.7214,29.2927],[21.3146,78.7229,34.1455],[21.2958,78.7229,115.5223],[21.2917,78.7208,89.1696],[21.2854,78.7208,92.7523],[21.2687,78.7271,403.4268],[21.263,78.7276,393.9341],[21.2646,78.7292,437.5339],[21.2766,78.7297,439.3564],[21.2932,78.738,481.6254],[21.2917,78.7396,453.548],[21.2792,78.7396,481.4987],[21.2693,78.7432,481.8679],[21.2771,78.7438,452.7874],[21.2813,78.7417,476.9067],[21.2875,78.7417,450.63869999999997],[21.3,78.7479,367.183],[21.312,78.7484,344.1505],[21.3005,78.7526,332.7156],[21.3036,78.7547,300.8249],[21.3021,78.7562,297.496],[21.2859,78.7568,259.0054],[21.2875,78.7583,232.3506],[21.2995,78.7589,294.0543],[21.2943,78.762,207.9792],[21.3063,78.7625,177.0794],[21.3078,78.7641,165.4021],[21.3026,78.7651,173.4955],[21.3057,78.7682,167.5377],[21.2859,78.7734,171.5153],[21.2891,78.7755,139.1074],[21.2875,78.7771,146.5936],[21.2609,78.7776,216.6098],[21.2667,78.7813,257.2148],[21.2771,78.7813,262.1734],[21.2786,78.7828,264.3061],[21.2646,78.7833,290.9474],[21.263,78.7839,309.4819],[21.2641,78.787,348.7531],[21.2625,78.7875,363.5958],[21.238,78.788,405.9744],[21.2438,78.7917,392.0918],[21.2661,78.7922,394.6776],[21.2609,78.7943,389.9474],[21.2625,78.7958,375.6366],[21.2833,78.7958,348.3129],[21.2875,78.7979,334.9513],[21.2979,78.7979,318.0335],[21.3078,78.8037,315.8074],[21.2917,78.8042,313.7279],[21.2901,78.8057,308.6905],[21.2932,78.8078,307.7736],[21.2917,78.8083,286.732],[21.2792,78.8083,206.2694],[21.2693,78.8109,136.2619],[21.2724,78.813,138.5485],[21.2708,78.8146,136.7572],[21.2479,78.8146,154.8424],[21.2438,78.8167,149.8915],[21.225,78.8167,157.2539],[21.2208,78.8146,167.4932],[21.2146,78.8146,169.0974],[21.2104,78.8167,156.3974],[21.175,78.8167,186.4397],[21.1609,78.8214,311.0086],[21.1682,78.8255,300.4933],[21.1667,78.8271,307.2877],[21.1625,78.8271,313.3576],[21.1521,78.8313,321.2691],[21.1396,78.8313,340.2351],[21.138,78.8318,342.0042],[21.1391,78.8349,310.5225],[21.1375,78.8354,312.5858],[21.125,78.8354,312.706],[21.1146,78.8396,254.2067],[21.0984,78.8401,226.768],[21.1057,78.8443,63.572],[21.1042,78.8458,24.9557],[21.0875,78.8458,8.608],[21.075,78.8396,111.5807],[21.0646,78.8396,111.4973],[21.0604,78.8375,148.3702],[21.0542,78.8375,147.0666],[21.0417,78.8417,98.52],[21.0292,78.8417,86.1851],[21.0276,78.8432,69.7524],[21.0307,78.8453,54.5834],[21.0208,78.8479,48.3581],[20.9979,78.8479,59.0264],[20.9964,78.8495,59.6036],[20.9995,78.8505,59.3264],[20.9979,78.8521,61.0663],[20.9896,78.8521,63.6234],[20.9854,78.85,72.8838],[20.9375,78.85,104.3561],[20.9333,78.8521,107.8713],[20.9146,78.8521,153.095],[20.9104,78.85,179.5242],[20.9042,78.85,184.1092],[20.9026,78.8516,181.4438],[20.9057,78.8536,162.4389],[20.8896,78.8583,125.4757],[20.8729,78.8562,158.8678],[20.8688,78.8583,132.434],[20.8625,78.8583,135.1142],[20.8583,78.8562,163.6569],[20.8375,78.8562,162.3738],[20.8333,78.8542,175.5876],[20.825,78.8542,172.4956],[20.8234,78.8557,160.3922],[20.8266,78.8568,154.8496],[20.825,78.8583,145.1121],[20.8083,78.8583,148.8171],[20.8042,78.8562,159.0741],[20.775,78.8562,146.8206],[20.7708,78.8583,127.7897],[20.7542,78.8583,119.6776],[20.7458,78.8542,155.2845],[20.7292,78.8562,136.4748],[20.725,78.8542,150.6723],[20.7042,78.8542,156.3072],[20.6958,78.85,183.1229],[20.6896,78.85,181.2545],[20.6854,78.8521,170.9697],[20.6396,78.8521,152.1274],[20.6297,78.8547,134.5959],[20.6328,78.8578,116.2663],[20.6193,78.8609,87.9488],[20.6224,78.863,71.9329],[20.6208,78.8646,72.8838],[20.6083,78.8646,81.931],[20.5833,78.8729,54.3458],[20.5646,78.8708,64.3034],[20.5604,78.8729,57.2867],[20.5375,78.8729,55.32],[20.5333,78.875,28.4411],[20.5083,78.875,56.9765],[20.4859,78.8818,52.7538],[20.4891,78.8839,45.6047],[20.4875,78.8854,47.679],[20.4833,78.8854,54.067],[20.4729,78.8896,40.8832],[20.4583,78.8896,67.279],[20.4417,78.8958,57.147],[20.4214,78.9005,68.1109],[20.4245,78.9026,55.4933],[20.4229,78.9042,50.5925],[20.4089,78.9047,70.0779],[20.4099,78.9078,69.0206],[20.4047,78.9099,72.55],[20.412,78.9141,46.7424],[20.4047,78.9151,68.8271],[20.4078,78.9182,76.544],[20.4026,78.9203,86.7282],[20.4057,78.9224,84.1734],[20.3984,78.9234,86.3982],[20.4016,78.9266,64.837],[20.3964,78.9276,70.9665],[20.3974,78.9307,72.3634],[20.3922,78.9328,85.3],[20.4042,78.9333,68.7533],[20.4083,78.9354,85.8487],[20.4417,78.9354,110.4038],[20.4495,78.9401,92.2656],[20.4417,78.9437,92.6934],[20.4271,78.9437,99.082],[20.4021,78.9521,149.0813],[20.3667,78.9521,185.9771],[20.3651,78.9537,189.6322],[20.3682,78.9557,182.4193],[20.3521,78.9563,213.7323],[20.3479,78.9583,237.5155],[20.2917,78.9583,326.2056],[20.2901,78.9599,349.6451],[20.3021,78.9604,312.4913],[20.3036,78.962,358.4167],[20.2875,78.9625,385.1285],[20.2833,78.9646,381.2225],[20.2687,78.9646,373.8744],[20.2609,78.9672,363.8049],[20.2641,78.9703,253.6473],[20.2583,78.9708,271.136],[20.2568,78.9724,173.0635],[20.2641,78.9755,81.0638],[20.2625,78.9771,76.1521],[20.2458,78.975,147.2781],[20.2417,78.9771,121.9346],[20.2042,78.9771,193.3776],[20.2,78.9792,204.1222],[20.1875,78.9792,224.8932],[20.1859,78.9807,233.8075],[20.1891,78.9828,241.9238],[20.1818,78.9838,241.3659],[20.1849,78.987,235.3528],[20.1688,78.9875,204.443],[20.1672,78.9891,208.1255],[20.1703,78.9901,216.6434],[20.1688,78.9917,214.411],[20.1563,78.9917,184.8615],[20.1464,78.9943,88.4647],[20.1495,78.9964,65.3004],[20.1479,78.9979,51.5485],[20.1276,78.9974,19.3809],[20.1245,78.9943,18.4331],[20.1026,78.9828,11.4118],[20.1078,78.9797,16.1919],[20.0984,78.9734,24.3471],[20.1328,78.9703,86.2048],[20.1313,78.9688,91.5565],[20.1193,78.9682,71.9032],[20.1208,78.9667,86.6561],[20.1266,78.9661,108.0837],[20.1208,78.9625,80.9286],[20.1021,78.9625,23.2484],[20.0979,78.9646,21.9048],[20.0917,78.9646,46.3021],[20.0875,78.9625,64.9263],[20.0812,78.9625,72.3445],[20.0625,78.9688,94.702],[20.0375,78.9688,124.1044],[20.0359,78.9703,126.2641],[20.0391,78.9724,117.0762],[20.0375,78.9729,117.0762],[20.0021,78.9729,141.8905],[19.9979,78.975,136.6784],[19.9833,78.975,125.7622],[19.9792,78.9771,103.9261],[19.9729,78.9771,99.8048],[19.9688,78.975,111.0631],[19.9583,78.975,110.5684],[19.95,78.9708,134.0808],[19.9276,78.9703,156.147],[19.9328,78.9682,160.5318],[19.9313,78.9667,165.73],[19.9146,78.9667,168.269],[19.9104,78.9688,154.5302],[19.9042,78.9688,151.496],[19.9,78.9667,166.2171],[19.8917,78.9667,165.9],[19.8875,78.9688,134.3969],[19.8813,78.9688,129.064],[19.8708,78.9625,186.0071],[19.8521,78.9625,175.8627],[19.8505,78.9641,164.408],[19.8536,78.9661,153.9709],[19.8479,78.9667,152.7037],[19.8401,78.9703,160.5083],[19.8729,78.9708,135.172],[19.8813,78.975,104.0095],[19.8932,78.9755,97.0123],[19.888,78.9776,101.9833],[19.8896,78.9792,94.4289],[19.9063,78.9771,99.2813],[19.912,78.9797,101.6258],[19.9104,78.9812,133.5722],[19.8958,78.9812,94.2363],[19.8943,78.9828,107.3713],[19.8974,78.9849,116.6174],[19.8813,78.9896,36.9695],[19.8542,78.9896,108.1417],[19.8484,78.9859,104.2345],[19.8667,78.9854,117.1079],[19.8708,78.9875,108.9665],[19.8771,78.9875,102.2103],[19.8786,78.9859,107.7098],[19.875,78.9833,113.7518],[19.8505,78.9828,97.8121],[19.8521,78.9812,96.136],[19.8682,78.9807,105.2869],[19.8651,78.9776,105.734],[19.8724,78.9766,99.5006],[19.8708,78.975,112.9483],[19.8521,78.975,138.7242],[19.8505,78.9766,125.4293],[19.8536,78.9786,106.9283],[19.8458,78.9792,101.9064],[19.8417,78.9771,136.4623],[19.8312,78.9771,145.9255],[19.8255,78.9745,179.2959],[19.8271,78.9729,184.5424],[19.8328,78.9724,178.8701],[19.8297,78.9693,182.0281],[19.8349,78.9672,170.4431],[19.8214,78.9661,210.2568],[19.8286,78.963,201.6601],[19.8172,78.9578,216.2633],[19.8188,78.9563,210.8121],[19.8245,78.9557,199.3897],[19.8203,78.9526,194.9351],[19.7938,78.9542,210.865],[19.7922,78.9557,305.4663],[19.7995,78.9589,268.0879],[19.8057,78.9641,268.344],[19.7979,78.9667,287.8956],[19.7833,78.9667,348.6298],[19.7755,78.9693,363.6253],[19.7771,78.9708,350.1084],[19.7891,78.9714,307.2964],[19.7875,78.9729,313.3603],[19.7609,78.9734,400.7721],[19.7625,78.975,389.6251],[19.7729,78.975,353.9167],[19.7766,78.9776,311.8406],[19.7714,78.9807,317.0543],[19.7833,78.9812,262.3986],[19.7849,78.9828,237.3357],[19.7771,78.9854,257.5718],[19.7687,78.9854,296.933],[19.7625,78.9812,354.1179],[19.7438,78.9812,434.492],[19.7422,78.9828,427.3689],[19.7495,78.987,361.6486],[19.7438,78.9875,375.6848],[19.7422,78.9891,385.7958],[19.7479,78.9917,310.908],[19.8036,78.9922,183.6496],[19.7964,78.9953,176.7382],[19.8036,78.9995,110.4257],[19.7839,79.0047,156.1849],[19.7875,79.0083,137.018],[19.7995,79.0089,110.6645],[19.7943,79.0109,116.0063],[19.7974,79.0141,104.4808],[19.7813,79.0146,132.748],[19.7771,79.0167,132.2884],[19.7375,79.0146,257.025],[19.7333,79.0167,269.7775],[19.7172,79.0172,324.5343],[19.7203,79.0203,330.9917],[19.7125,79.0229,367.4538],[19.6979,79.0229,397.8734],[19.6938,79.025,407.446],[19.6776,79.0255,412.2577],[19.6833,79.0292,376.9535],[19.6938,79.0292,375.7661],[19.7021,79.0333,340.4716],[19.7125,79.0333,341.7552],[19.7208,79.0375,121.3748],[19.7313,79.0375,120.2882],[19.7354,79.0396,96.5926],[19.7458,79.0396,107.8648],[19.7474,79.0411,110.2776],[19.7339,79.0443,69.0172],[19.7349,79.0474,41.1619],[19.7333,79.0479,41.1619],[19.7208,79.0479,66.7142],[19.7167,79.05,61.7166],[19.7021,79.05,91.5448],[19.6979,79.0521,93.075],[19.6938,79.0521,99.5763],[19.6859,79.0547,100.448],[19.6911,79.0599,85.6645],[19.6771,79.0604,101.8194],[19.6755,79.0609,96.0777],[19.6766,79.0641,91.0834],[19.675,79.0646,108.2947],[19.6479,79.0646,300.9861],[19.6464,79.063,205.5293],[19.6516,79.0609,122.4678],[19.6458,79.0583,143.0652],[19.6396,79.0583,150.5488],[19.6354,79.0604,161.7352],[19.6089,79.0609,189.4903],[19.6172,79.0661,328.8533],[19.6292,79.0667,335.0428],[19.6354,79.0708,363.1736],[19.6729,79.0667,139.0422],[19.6786,79.0703,182.4917],[19.6625,79.0708,225.9211],[19.6609,79.0724,257.7495],[19.6667,79.075,291.5463],[19.6833,79.0729,244.7919],[19.6849,79.0745,278.7973],[19.6797,79.0755,288.8696],[19.6818,79.0787,291.8322],[19.7062,79.0792,215.4512],[19.7224,79.088,196.0571],[19.7125,79.0917,222.2807],[19.7,79.0917,260.6327],[19.6901,79.0943,294.0003],[19.6958,79.0979,264.8676],[19.7078,79.0984,237.1282],[19.6943,79.1036,316.6006],[19.7078,79.1047,315.8304],[19.7026,79.1078,324.5637],[19.712,79.1141,288.3326],[19.6984,79.1172,301.6212],[19.7016,79.1193,292.9008],[19.7,79.1208,282.9979],[19.6734,79.1214,317.7479],[19.6755,79.1245,303.2204],[19.6786,79.1255,287.8632],[19.6771,79.1271,278.6198],[19.6437,79.1292,279.3995],[19.6333,79.1333,219.446],[19.6146,79.1333,186.6845],[19.6104,79.1312,198.4151],[19.6,79.1312,85.8559],[19.5958,79.1292,88.2445],[19.5896,79.1292,78.7618],[19.5854,79.1312,77.8364],[19.55,79.1312,90.1072],[19.5458,79.1333,74.2517],[19.5271,79.1312,102.7981],[19.5229,79.1333,87.8406],[19.5083,79.1333,102.1842],[19.4979,79.1375,76.9767],[19.4693,79.1443,111.6683],[19.4724,79.1464,98.561],[19.4708,79.1479,99.9958],[19.4562,79.1479,123.628],[19.4484,79.1505,122.8733],[19.4516,79.1526,112.9647],[19.45,79.1542,111.2539],[19.4214,79.1547,146.8158],[19.4286,79.1589,111.092],[19.4271,79.1604,109.5021],[19.3979,79.1604,142.57],[19.3937,79.1583,151.7181],[19.3875,79.1583,161.4444],[19.3833,79.1604,159.2095],[19.3792,79.1604,167.4993],[19.3776,79.162,164.556],[19.3818,79.1641,137.6273],[19.3937,79.1646,115.7029],[19.3953,79.1661,106.3612],[19.3734,79.1713,82.598],[19.3807,79.1766,16.9374],[19.3708,79.1792,10.61],[19.3563,79.1792,35.3262],[19.3521,79.1813,10.1644],[19.3458,79.1813,33.8087],[19.3401,79.1787,114.7271],[19.3417,79.1771,146.2548],[19.3474,79.1766,87.6171],[19.3458,79.175,118.3789],[19.3396,79.175,164.4724],[19.3271,79.1792,227.9158],[19.3021,79.1792,276.3477],[19.2979,79.1813,265.5856],[19.2896,79.1813,176.3888],[19.2854,79.1792,192.8723],[19.275,79.1792,33.6768],[19.2708,79.1771,23.3999],[19.2604,79.1771,0.0],[19.2563,79.175,0.0],[19.2354,79.175,0.0],[19.2339,79.1734,0.0],[19.25,79.1729,0.0],[19.2516,79.1713,0.0],[19.2234,79.1682,0.0],[19.237,79.163,10.9149],[19.225,79.1625,0.0],[19.2109,79.1557,0.0],[19.2125,79.1542,10.7233],[19.2271,79.1542,67.518],[19.2286,79.1526,73.1345],[19.2047,79.1516,3.6313],[19.2125,79.1479,63.1634],[19.2182,79.1474,58.1763],[19.212,79.1422,111.2392],[19.2062,79.1396,119.2898],[19.1943,79.1391,58.2896],[19.1818,79.1328,150.7012],[19.1786,79.1297,150.2787],[19.1667,79.1292,40.3053],[19.1542,79.1229,61.4697],[19.1333,79.1229,0.0],[19.1276,79.1203,0.0],[19.1292,79.1188,0.0],[19.1349,79.1182,0.0],[19.1333,79.1167,27.1425],[19.1104,79.1167,0.0],[19.1063,79.1146,0.0],[19.0625,79.1146,0.0],[19.0583,79.1125,0.0],[19.0375,79.1125,24.6097],[19.0333,79.1104,38.6587],[18.9938,79.1125,0.0],[18.9896,79.1104,35.5112],[18.9833,79.1104,34.96],[18.9792,79.1125,0.0],[18.9417,79.1125,0.0],[18.9401,79.1141,0.0],[18.9432,79.1162,0.0],[18.9333,79.1188,0.0],[18.9188,79.1188,0.0],[18.9083,79.1229,0.0],[18.8937,79.1229,0.0],[18.8896,79.125,0.0],[18.8854,79.125,0.0],[18.875,79.1292,0.0],[18.8693,79.1297,0.0],[18.8766,79.1339,0.0],[18.875,79.1354,0.0],[18.8693,79.1359,0.0],[18.8724,79.138,0.0],[18.8708,79.1396,0.0],[18.8417,79.1396,21.942],[18.8333,79.1354,36.3085],[18.8021,79.1354,104.5228],[18.7979,79.1333,117.9357],[18.7792,79.1333,210.8671],[18.7776,79.1349,237.9898],[18.7818,79.137,209.4921],[18.7938,79.1375,160.8077],[18.8016,79.1422,220.143],[18.7964,79.1443,390.1708],[18.8,79.1479,412.8712],[18.8083,79.1479,311.0583],[18.8125,79.1458,193.9387],[18.8292,79.1458,43.741],[18.8417,79.1521,101.2479],[18.8536,79.1526,71.2695],[18.8521,79.1542,62.474],[18.8464,79.1547,74.9874],[18.8495,79.1568,47.4019],[18.8479,79.1583,73.9556],[18.8333,79.1583,256.1117],[18.8234,79.1609,397.7046],[18.8339,79.1682,355.3087],[18.8411,79.1713,300.7243],[18.8396,79.1729,329.7568],[18.8339,79.1734,361.9614],[18.838,79.1766,351.5983],[18.8703,79.1766,19.9407],[18.863,79.1724,31.7993],[18.8646,79.1708,24.3224],[18.8729,79.1708,28.7232],[18.8792,79.175,22.9578],[18.8932,79.1755,3.3974],[18.8833,79.1792,17.1352],[18.8458,79.1792,266.2084],[18.8443,79.1807,299.851],[18.8474,79.1828,288.7565],[18.8417,79.1833,372.5071],[18.8401,79.1849,367.2349],[18.8542,79.1917,229.3914],[18.8661,79.1922,107.7791],[18.8646,79.1937,112.0561],[18.8589,79.1943,175.8227],[18.8604,79.1958,136.1483],[18.8667,79.1958,78.5975],[18.8792,79.1917,9.3646],[18.887,79.1922,10.2292],[18.8995,79.1984,23.6872],[18.8979,79.2,31.942],[18.8922,79.2005,49.3862],[18.8953,79.2037,48.9319],[18.8896,79.2042,66.6462],[18.888,79.2057,67.5586],[18.9016,79.2068,33.5924],[18.8964,79.2099,23.3455],[18.9016,79.2141,35.0323],[18.8958,79.2146,39.5481],[18.8771,79.2208,6.9262],[18.8693,79.2203,26.1517],[18.8745,79.2182,29.0408],[18.8708,79.2146,53.5036],[18.8609,79.2151,84.1171],[18.8641,79.2172,71.3883],[18.8625,79.2188,44.3083],[18.8438,79.2167,136.2232],[18.8359,79.2193,167.5521],[18.837,79.2224,296.8],[18.8063,79.2312,274.546],[18.7771,79.2312,312.2267],[18.7687,79.2271,359.3804],[18.7583,79.2271,378.0213],[18.75,79.2229,378.9218],[18.7438,79.2229,391.3018],[18.7313,79.2271,419.929],[18.7167,79.2271,438.4321],[18.7125,79.2292,405.8617],[18.7062,79.2292,411.0841],[18.7021,79.2271,451.4131],[18.65,79.2271,426.3803],[18.6458,79.2292,348.7116],[18.6208,79.2292,228.1407],[18.6167,79.2312,145.5479],[18.6021,79.2312,123.4659],[18.5979,79.2333,42.7464],[18.5833,79.2333,74.0355],[18.5818,79.2349,69.0375],[18.5911,79.2412,0.0],[18.5839,79.2422,55.9752],[18.587,79.2453,53.287],[18.5818,79.2474,74.9598],[18.5938,79.2479,61.2926],[18.5953,79.2495,78.754],[18.5797,79.2526,106.8491],[18.5854,79.2562,102.9135],[18.5958,79.2562,85.4611],[18.6,79.2583,81.9318],[18.6104,79.2583,53.3632],[18.6146,79.2604,1.2245],[18.625,79.2604,0.0],[18.6333,79.2646,0.4557],[18.6437,79.2646,0.0],[18.6479,79.2667,0.0],[18.6583,79.2667,0.0],[18.6625,79.2688,21.8391],[18.6958,79.2688,0.0],[18.7,79.2708,3.9801],[18.7104,79.2708,0.0],[18.7146,79.2729,0.315],[18.725,79.2729,0.0],[18.7333,79.2771,5.9433],[18.7438,79.2771,0.0],[18.7568,79.2849,43.6824],[18.7687,79.2854,25.9383],[18.7786,79.2901,10.5398],[18.7771,79.2917,12.7767],[18.7396,79.2917,149.1188],[18.738,79.2932,166.2901],[18.75,79.2937,161.1082],[18.7557,79.2974,168.3678],[18.75,79.2979,176.8157],[18.7484,79.2995,178.925],[18.7604,79.3,151.8928],[18.7646,79.3021,75.2288],[18.775,79.3021,72.3973],[18.7849,79.3078,48.8728],[18.7792,79.3083,60.9994],[18.7604,79.3146,118.8905],[18.7521,79.3146,128.5833],[18.7479,79.3125,121.2039],[18.7313,79.3125,127.1284],[18.7214,79.3161,150.8749],[18.7333,79.3167,142.2988],[18.7375,79.3187,140.4739],[18.7563,79.3167,116.5884],[18.7604,79.3187,104.4565],[18.7667,79.3187,92.7507],[18.7682,79.3182,92.7507],[18.7672,79.3151,103.7445],[18.775,79.3125,89.2645],[18.7849,79.313,81.0052],[18.7953,79.3203,93.6607],[18.7734,79.3193,121.501],[18.7792,79.3229,231.6823],[18.7911,79.3234,216.3935],[18.7776,79.3287,241.2594],[18.7813,79.3313,237.8296],[18.7896,79.3313,224.0473],[18.7911,79.3297,197.147],[18.788,79.3276,196.5117],[18.7979,79.325,200.0435],[18.8057,79.3255,127.5434],[18.8042,79.3271,146.8779],[18.7984,79.3276,160.0249],[18.8016,79.3307,204.0624],[18.7964,79.3318,222.0263],[18.7974,79.3349,254.3948],[18.7693,79.3422,363.2362],[18.7703,79.3453,363.6868],[18.7687,79.3458,368.3744],[18.7542,79.3458,393.7914],[18.75,79.3479,401.499],[18.7354,79.3479,430.3618],[18.7339,79.3495,433.1904],[18.7458,79.3562,393.104],[18.7583,79.3562,367.9332],[18.7625,79.3583,324.7343],[18.7687,79.3583,310.1005],[18.7729,79.3562,324.6169],[18.7979,79.3562,237.1952],[18.7995,79.3547,245.396],[18.7943,79.3505,297.7369],[18.8021,79.35,304.3671],[18.8182,79.3588,204.7928],[18.7901,79.3682,285.6037],[18.7938,79.3708,294.3625],[18.8078,79.3714,252.3962],[18.8109,79.3745,270.4502],[18.8182,79.3776,226.8661],[18.8167,79.3792,145.2473],[18.8109,79.3797,103.2735],[18.8182,79.3849,108.4615],[18.8125,79.3854,114.02],[18.8109,79.387,110.8877],[18.8229,79.3875,93.5878],[18.8286,79.3912,77.8293],[18.8188,79.3938,73.7084],[18.8042,79.3938,107.1396],[18.8,79.3958,120.0769],[18.7958,79.3958,130.6452],[18.7943,79.3974,231.8416],[18.8016,79.4016,407.6568],[18.7714,79.4089,504.568],[18.7729,79.4104,503.5423],[18.7958,79.4104,464.3845],[18.8016,79.413,429.8097],[18.8036,79.4161,441.1042],[18.7984,79.4172,435.2517],[18.7995,79.4203,426.7637],[18.7943,79.4213,408.0279],[18.7974,79.4245,416.5058],[18.7901,79.4255,285.5205],[18.7995,79.4328,95.5682],[18.7938,79.4333,112.2201],[18.7833,79.4375,127.8831],[18.7646,79.4354,153.6333],[18.763,79.437,159.3716],[18.7661,79.438,151.742],[18.7646,79.4396,152.2561],[18.7464,79.4401,178.1498],[18.7479,79.4417,174.2897],[18.762,79.4422,176.6344],[18.7604,79.4437,246.9048],[18.7547,79.4443,325.9371],[18.7599,79.4495,313.6889],[18.7438,79.4542,326.743],[18.7276,79.4547,361.5003],[18.7292,79.4563,345.8577],[18.7411,79.4568,316.5693],[18.7396,79.4583,308.0398],[18.7234,79.4589,347.8832],[18.725,79.4604,333.4897],[18.737,79.4609,300.6766],[18.7354,79.4625,299.4098],[18.7297,79.463,300.7801],[18.7313,79.4646,295.0145],[18.7453,79.4651,245.3082],[18.7438,79.4667,219.0586],[18.738,79.4672,315.2336],[18.7432,79.4724,90.0292],[18.738,79.4745,131.2803],[18.7687,79.4729,4.4919],[18.7786,79.4786,-0.0387],[18.7646,79.4812,3.1661],[18.7542,79.4854,8.0535],[18.7354,79.4854,29.3576],[18.7313,79.4833,30.388],[18.7,79.4833,67.5745],[18.6984,79.4849,76.6108],[18.7016,79.487,73.4054],[18.6854,79.4875,88.4907],[18.6813,79.4896,97.3535],[18.6625,79.4896,108.7479],[18.6583,79.4875,113.873],[18.6167,79.4875,138.5101],[18.6125,79.4896,141.189],[18.5854,79.4896,158.1156],[18.5839,79.4912,162.524],[18.6099,79.4922,150.6459],[18.6161,79.4964,150.231],[18.6109,79.4995,157.1488],[18.6188,79.5042,139.8101],[18.6292,79.5042,128.4676],[18.6333,79.5062,124.1375],[18.6578,79.5068,103.1553],[18.6563,79.5083,99.2545],[18.6359,79.513,102.8179],[18.6391,79.5162,107.4176],[18.6333,79.5167,112.7072],[18.6318,79.5182,124.872],[18.6396,79.5229,104.9224],[18.6536,79.5234,84.9654],[18.6464,79.5266,98.8899],[18.6641,79.537,124.8539],[18.6479,79.5375,150.0435],[18.6437,79.5396,152.3181],[18.6271,79.5396,176.5344],[18.6193,79.5422,179.2192],[18.6214,79.5453,159.9547],[18.6245,79.5463,137.005],[18.6229,79.5479,134.9172],[18.5958,79.5479,171.1554],[18.5917,79.55,163.2011],[18.5771,79.55,177.1958],[18.5729,79.5521,173.9196],[18.5542,79.55,199.3381],[18.55,79.5521,201.6312],[18.5214,79.5526,233.7887],[18.5229,79.5542,226.182],[18.5563,79.5542,185.4239],[18.5604,79.5563,171.3226],[18.5745,79.5568,155.2512],[18.5729,79.5583,148.7342],[18.5563,79.5583,165.2627],[18.5521,79.5604,158.9005],[18.5333,79.5604,180.552],[18.5292,79.5583,201.0489],[18.5229,79.5583,207.6829],[18.5187,79.5604,201.5581],[18.5,79.5604,224.1556],[18.4984,79.5589,224.5261],[18.5042,79.5583,226.3816],[18.5057,79.5568,233.7808],[18.4958,79.5563,230.517],[18.4859,79.5599,235.6242],[18.4917,79.5625,251.1668],[18.525,79.5625,171.9838],[18.5266,79.5641,160.5399],[18.5104,79.5646,188.5963],[18.4979,79.5687,258.4104],[18.4833,79.5687,331.4944],[18.4792,79.5708,368.717],[18.475,79.5708,362.028],[18.4734,79.5724,348.6037],[18.4766,79.5745,304.5405],[18.4693,79.5755,285.1481],[18.4724,79.5776,253.6961],[18.4708,79.5792,242.786],[18.4562,79.5792,266.4664],[18.4521,79.5813,235.4363],[18.4021,79.5813,255.8945],[18.3813,79.5875,259.2184],[18.3667,79.5875,287.9335],[18.3625,79.5896,319.2966],[18.3354,79.5896,348.5723],[18.3339,79.5911,353.8138],[18.337,79.5932,363.045],[18.3271,79.5958,369.9993],[18.3125,79.5958,389.1089],[18.3,79.6,365.5819],[18.2729,79.6,385.6581],[18.2714,79.6016,374.2423],[18.2745,79.6036,353.95],[18.2729,79.6042,351.6218],[18.2687,79.6042,359.8427],[18.2563,79.6083,353.5005],[18.2417,79.6083,373.4842],[18.2375,79.6104,368.887],[18.2276,79.6099,367.3798],[18.2349,79.6068,378.5679],[18.2271,79.6062,371.3827],[18.2172,79.6088,358.4958],[18.2182,79.612,356.1351],[18.2167,79.6125,353.9524],[18.1943,79.6099,304.5933],[18.1995,79.6078,358.7844],[18.1958,79.6042,342.5797],[18.1833,79.6042,351.5204],[18.1792,79.6021,332.0122],[18.1688,79.6021,286.8448],[18.163,79.5995,117.91],[18.1646,79.5979,111.6347],[18.1703,79.5974,133.2568],[18.1688,79.5958,155.9052],[18.1625,79.5958,135.8553],[18.1417,79.6021,77.4881],[18.1354,79.6021,61.2227],[18.1339,79.6005,54.6157],[18.1391,79.5984,92.0476],[18.1151,79.5974,9.5229],[18.1167,79.5958,15.2668],[18.1328,79.5953,57.0569],[18.1229,79.5896,37.9923],[18.075,79.5875,0.0],[18.0693,79.5849,0.6349],[18.0708,79.5833,1.3082],[18.0766,79.5828,6.3793],[18.0734,79.5807,3.1592],[18.075,79.5792,2.7679],[18.0792,79.5792,6.1303],[18.0833,79.5771,7.4096],[18.0979,79.5771,37.5016],[18.0995,79.5755,53.3861],[18.0875,79.575,18.0549],[18.0797,79.5703,0.0],[18.0932,79.5651,50.3425],[18.0542,79.5625,0.0],[18.0526,79.5609,0.0],[18.0583,79.5604,2.1765],[18.0599,79.5589,2.3323],[18.0453,79.5505,39.1537],[18.0318,79.5495,0.0],[18.0333,79.5479,0.2556],[18.0391,79.5474,1.4423],[18.0359,79.5443,0.0],[18.0432,79.5432,0.4637],[18.0401,79.5401,0.0],[18.0458,79.5396,5.6158],[18.0474,79.538,13.3616],[18.0396,79.5333,3.5777],[18.0276,79.5328,0.0],[18.0328,79.5297,0.0],[18.0234,79.5245,0.0715],[18.0214,79.5214,0.0],[18.0266,79.5193,0.0],[18.0172,79.5141,0.0],[18.0245,79.5109,0.0],[18.0151,79.5057,0.0],[18.0167,79.5042,0.0],[18.0224,79.5036,0.0],[18.0151,79.4995,0.0],[18.0167,79.4979,0.0],[18.0224,79.4974,0.0],[18.0172,79.4922,0.0],[18.0333,79.4917,71.3967],[18.0349,79.4901,76.2984],[18.0292,79.4875,34.76],[18.0172,79.487,0.0],[18.0187,79.4854,0.0],[18.0245,79.4849,13.8202],[18.0172,79.4807,0.0],[18.0187,79.4792,0.0],[18.0245,79.4786,0.0],[18.0193,79.4734,0.0],[18.025,79.4729,2.8067],[18.0266,79.4714,1.8114],[18.0172,79.4661,0.0],[18.0224,79.4641,14.7788],[18.0203,79.4609,0.0],[18.0005,79.4495,0.0],[18.0057,79.4464,0.1814],[17.9937,79.4458,0.0],[17.9896,79.4437,-0.0067],[17.9792,79.4437,0.1701],[17.9708,79.4396,-0.0482],[17.9604,79.4396,0.0],[17.9432,79.4297,12.8694],[17.9297,79.4287,0.0],[17.9313,79.4271,0.0],[17.937,79.4266,37.4772],[17.9328,79.4234,18.7764],[17.9193,79.4224,0.0],[17.9208,79.4208,0.0],[17.9266,79.4203,18.1899],[17.9203,79.4151,7.7526],[17.9083,79.4146,0.0],[17.9042,79.4125,0.0],[17.8937,79.4125,0.0],[17.8839,79.4078,0.0],[17.8854,79.4063,0.0],[17.9016,79.4057,225.8766],[17.9,79.4042,246.0129],[17.8833,79.4042,0.0],[17.8792,79.4063,0.0],[17.8693,79.4057,0.0],[17.8651,79.4026,0.0],[17.8708,79.4021,0.0],[17.8724,79.4005,0.0],[17.8609,79.3932,20.2792],[17.8661,79.3901,55.8296],[17.8542,79.3896,69.378],[17.8438,79.3833,114.8886],[17.8339,79.3839,103.1624],[17.837,79.3859,96.4559],[17.8354,79.3875,83.5463],[17.8292,79.3875,77.0722],[17.825,79.3854,89.8567],[17.8146,79.3854,78.7348],[17.813,79.3839,82.6237],[17.8182,79.3818,91.2089],[17.8104,79.3771,86.9854],[17.7667,79.3771,6.0884],[17.7625,79.375,7.3094],[17.7521,79.375,4.2008],[17.7375,79.3667,26.6461],[17.7271,79.3667,7.4505],[17.7188,79.3625,35.31],[17.6937,79.3604,20.3481],[17.6896,79.3583,37.4137],[17.6813,79.3583,24.0993],[17.6771,79.3604,1.7907],[17.6521,79.3604,5.2234],[17.6505,79.3609,4.9468],[17.6516,79.3641,3.8211],[17.6437,79.3667,4.276],[17.6354,79.3667,5.3221],[17.6266,79.3609,9.1571],[17.6187,79.3604,10.6341],[17.6089,79.363,11.4359],[17.6099,79.3662,8.9236],[17.6047,79.3672,7.7295],[17.6057,79.3703,5.369],[17.6042,79.3708,4.8383],[17.5792,79.3708,14.8767],[17.5667,79.375,14.094],[17.5521,79.375,19.5966],[17.5479,79.3771,19.5514],[17.5438,79.3771,20.4755],[17.5422,79.3786,32.4436],[17.5474,79.3828,278.0628],[17.5417,79.3833,382.9797],[17.5401,79.3849,480.8127],[17.5458,79.3875,452.0597],[17.5578,79.388,523.8554],[17.5563,79.3896,584.3318],[17.5505,79.3901,579.2949],[17.5563,79.3938,749.3011],[17.5667,79.3938,701.6729],[17.575,79.3979,748.0116],[17.587,79.3984,741.0849],[17.5932,79.4036,744.0671],[17.5875,79.4042,748.7955],[17.5859,79.4057,754.0057],[17.5979,79.4125,678.0818],[17.6271,79.4125,523.6129],[17.6396,79.4083,403.5038],[17.6542,79.4083,395.3863],[17.6667,79.4042,212.1313],[17.6766,79.4047,345.3897],[17.675,79.4063,465.7449],[17.6693,79.4068,396.2655],[17.6703,79.4099,507.5771],[17.6651,79.4109,535.1461],[17.6661,79.4141,686.4615],[17.6609,79.4161,711.5171],[17.6693,79.4224,746.1098],[17.6792,79.4271,729.3984],[17.7,79.4271,710.142],[17.7016,79.4287,687.5788],[17.6729,79.4354,602.853],[17.6714,79.437,602.0187],[17.6813,79.4375,609.1206],[17.6917,79.4333,506.7264],[17.7,79.4333,477.2547],[17.7161,79.4422,652.2711],[17.7146,79.4437,649.345],[17.7005,79.4464,658.308],[17.7057,79.4505,631.9296],[17.7042,79.4521,623.7563],[17.6984,79.4526,639.5563],[17.7016,79.4557,617.3911],[17.6937,79.4563,603.1979],[17.6896,79.4542,644.4533],[17.6813,79.4542,655.4199],[17.6797,79.4557,648.1082],[17.6854,79.4583,559.0021],[17.6974,79.4589,501.7179],[17.7062,79.4646,527.793],[17.7182,79.4651,409.0746],[17.713,79.4672,523.725],[17.7146,79.4688,546.5315],[17.7266,79.4693,551.2875],[17.725,79.4708,560.386],[17.7193,79.4714,564.6061],[17.7224,79.4745,554.3236],[17.7151,79.4755,559.0883],[17.7167,79.4771,549.8077],[17.7286,79.4776,527.5116],[17.7271,79.4792,541.5005],[17.7214,79.4797,531.8798],[17.7266,79.4849,513.5308],[17.7214,79.4859,502.4696],[17.7224,79.4891,479.2802],[17.7151,79.4901,470.1113],[17.7182,79.4932,516.0745],[17.6964,79.4984,126.3497],[17.6979,79.5,137.1587],[17.7042,79.5,92.9455],[17.7083,79.4979,264.5236],[17.7167,79.4979,355.0941],[17.7203,79.5016,90.3686],[17.6708,79.5021,410.8658],[17.6693,79.5036,427.9457],[17.6813,79.5042,491.4612],[17.6849,79.5078,475.308],[17.6714,79.5109,381.3171],[17.6724,79.5141,451.7689],[17.6672,79.5151,432.1866],[17.6682,79.5182,261.4313],[17.6547,79.5214,161.9904],[17.6563,79.5229,208.371],[17.6682,79.5234,188.5396],[17.6745,79.5286,359.9669],[17.6646,79.5313,306.3626],[17.65,79.5313,303.1292],[17.6458,79.5333,245.9801],[17.6375,79.5333,248.0741],[17.6333,79.5313,239.4385],[17.6146,79.5313,165.3754],[17.6104,79.5333,130.9777],[17.5812,79.5333,64.8971],[17.5771,79.5313,82.2712],[17.5672,79.5318,68.3532],[17.5859,79.5432,1.4317],[17.5995,79.5443,0.9735],[17.5979,79.5458,1.0087],[17.5922,79.5463,1.1395],[17.5964,79.5495,0.6816],[17.6187,79.55,16.9999],[17.6313,79.5563,117.3989],[17.6417,79.5563,126.4476],[17.6474,79.5589,168.0467],[17.6458,79.5604,172.2891],[17.625,79.5604,162.4528],[17.6208,79.5583,144.5133],[17.6146,79.5583,148.9989],[17.613,79.5599,168.3521],[17.6187,79.5625,194.1202],[17.6396,79.5625,182.3476],[17.6411,79.5641,197.4007],[17.625,79.5646,212.4568],[17.6234,79.5661,222.8956],[17.6266,79.5682,228.458],[17.625,79.5687,229.8788],[17.6063,79.5667,255.0427],[17.5964,79.5703,212.6558],[17.6187,79.5708,202.3198],[17.6203,79.5724,186.3624],[17.6151,79.5745,157.5055],[17.6375,79.575,184.5186],[17.6458,79.5792,175.4536],[17.6563,79.5792,189.5927],[17.6724,79.588,304.6479],[17.6708,79.5896,313.252],[17.6547,79.5901,251.1521],[17.6557,79.5932,151.8112],[17.65,79.5938,116.6834],[17.6484,79.5953,113.3442],[17.6557,79.5995,73.1904],[17.65,79.6,71.3179],[17.6484,79.6016,28.7816],[17.6958,79.6021,8.0048],[17.6974,79.6036,19.1091],[17.6917,79.6042,39.844],[17.6901,79.6057,30.9747],[17.6979,79.6062,41.977],[17.7021,79.6042,14.5948],[17.7104,79.6042,4.0304],[17.725,79.6125,5.5978],[17.7479,79.6125,0.4357],[17.7521,79.6146,6.9704],[17.7641,79.6151,2.2999],[17.7625,79.6167,8.8673],[17.7484,79.6193,16.2498],[17.75,79.6208,21.7099],[17.7687,79.6188,15.8958],[17.7729,79.6208,24.218],[17.7854,79.6208,10.861],[17.7974,79.6286,8.4378],[17.7771,79.6292,28.7231],[17.7687,79.625,34.6202],[17.75,79.625,23.9924],[17.7401,79.6286,24.5265],[17.7521,79.6292,34.2574],[17.7563,79.6312,34.097],[17.7667,79.6312,32.2966],[17.7708,79.6333,31.7606],[17.7938,79.6333,18.5947],[17.8036,79.6391,22.9889],[17.7964,79.6401,26.1663],[17.7974,79.6432,32.372],[17.7922,79.6453,50.3532],[17.8042,79.6458,36.9982],[17.8214,79.6557,76.4544],[17.8333,79.6563,67.8453],[17.8417,79.6604,81.1142],[17.8661,79.6609,49.8304],[17.8646,79.6625,62.9412],[17.8589,79.663,77.9447],[17.8641,79.6682,101.2648],[17.8464,79.6693,130.5288],[17.8516,79.6745,135.5352],[17.8229,79.675,176.3764],[17.8214,79.6766,177.3404],[17.8458,79.6792,143.7696],[17.85,79.6771,138.5226],[17.8646,79.6771,120.6996],[17.8688,79.675,110.704],[17.8771,79.675,100.7546],[17.8828,79.6787,101.2366],[17.8729,79.6813,118.0165],[17.8646,79.6813,126.4374],[17.8604,79.6792,128.6098],[17.8542,79.6792,134.2834],[17.8526,79.6807,139.53],[17.8563,79.6833,137.9198],[17.9021,79.6833,79.0117],[17.9036,79.6849,79.7005],[17.8984,79.687,97.6327],[17.9021,79.6896,98.0336],[17.9104,79.6896,86.2935],[17.9146,79.6875,68.6221],[17.9333,79.6875,37.0505],[17.9391,79.6901,20.335],[17.9375,79.6917,50.8009],[17.9292,79.6917,65.3927],[17.925,79.6896,65.8685],[17.9172,79.6901,76.4985],[17.9193,79.6932,91.0522],[17.9292,79.6979,101.255],[17.9583,79.6979,75.466],[17.9625,79.6958,57.5614],[17.9937,79.6958,33.8753],[17.9953,79.6974,42.1611],[17.9896,79.6979,47.0869],[17.9818,79.7016,82.7197],[17.9922,79.7078,106.1961],[18.0042,79.7083,91.7865],[18.0057,79.7099,87.5067],[17.9896,79.7104,112.8902],[17.9714,79.7151,125.5157],[17.9771,79.7188,102.978],[17.9891,79.7193,81.0333],[17.9875,79.7208,80.6259],[17.9693,79.7214,106.9555],[17.9708,79.7229,104.9274],[17.9849,79.7234,78.6072],[17.9833,79.725,78.0404],[17.9776,79.7255,84.61],[17.9828,79.7297,69.4696],[17.9813,79.7312,71.0507],[17.9755,79.7318,72.3189],[17.9786,79.7349,64.1703],[17.9714,79.7359,73.1233],[17.9786,79.7401,63.6401],[17.9771,79.7417,61.515],[17.9714,79.7422,69.017],[17.9745,79.7453,62.3812],[17.9562,79.7458,86.0024],[17.9547,79.7474,83.4864],[17.9578,79.7495,76.4979],[17.9562,79.75,76.1756],[17.9396,79.75,95.3896],[17.9271,79.7542,99.864],[17.9125,79.7542,119.2806],[17.9026,79.7568,121.7526],[17.9057,79.7589,106.6037],[17.9042,79.7604,106.6753],[17.8859,79.7609,133.8376],[17.8932,79.7651,87.3668],[17.8953,79.7682,61.0791],[17.8901,79.7693,67.0894],[17.8911,79.7724,34.4688],[17.8854,79.7729,52.922],[17.8839,79.7745,40.1542],[17.8995,79.7755,8.7944],[17.8979,79.7771,13.73],[17.8922,79.7776,16.8792],[17.8953,79.7807,7.9982],[17.8771,79.7813,26.4676],[17.8729,79.7833,34.0346],[17.8688,79.7833,44.7206],[17.8672,79.7849,65.467],[17.8703,79.787,55.9187],[17.8604,79.7896,50.0671],[17.8438,79.7896,75.9605],[17.8422,79.7911,69.4717],[17.8453,79.7922,45.9799],[17.8438,79.7937,37.7887],[17.8339,79.7932,44.7241],[17.8307,79.7901,79.0758],[17.8234,79.787,107.6045],[17.825,79.7854,119.8235],[17.8391,79.7828,126.8106],[17.8375,79.7813,129.9031],[17.8292,79.7813,138.4646],[17.825,79.7833,129.8127],[17.8188,79.7833,145.8677],[17.8146,79.7813,174.102],[17.8047,79.7818,203.2776],[17.812,79.787,133.9964],[17.7979,79.7896,174.0513],[17.7964,79.7911,149.3558],[17.8208,79.7917,85.2055],[17.8224,79.7932,66.6842],[17.8068,79.7963,97.8395],[17.8099,79.7995,91.9602],[17.7943,79.8026,69.1472],[17.7995,79.8068,34.1668],[17.7979,79.8083,25.8375],[17.7792,79.8083,9.7915],[17.775,79.8063,23.1173],[17.7646,79.8063,15.4149],[17.7604,79.8042,47.2578],[17.7167,79.8042,75.7218],[17.7042,79.8083,35.716],[17.6896,79.8083,96.1254],[17.688,79.8089,93.463],[17.6891,79.812,86.7],[17.6625,79.8187,101.428],[17.6563,79.8187,112.3418],[17.6521,79.8167,120.1058],[17.6313,79.8187,132.8692],[17.6271,79.8167,134.0902],[17.6083,79.8167,146.4321],[17.6068,79.8182,146.7871],[17.6099,79.8193,146.6765],[17.6083,79.8208,148.6752],[17.5812,79.8208,161.1975],[17.5714,79.8234,174.0106],[17.5729,79.825,169.9536],[17.5792,79.825,162.6892],[17.5833,79.8229,161.6835],[17.5932,79.8234,153.4578],[17.5974,79.8255,139.8985],[17.5958,79.8271,128.2669],[17.5901,79.8276,134.4774],[17.5938,79.8313,85.2719],[17.6036,79.8307,81.8485],[17.6005,79.8287,113.6085],[17.6021,79.8271,119.6287],[17.6313,79.8271,91.3117],[17.6354,79.825,110.4424],[17.6667,79.825,80.462],[17.6708,79.8271,50.6977],[17.6896,79.8271,24.9197],[17.6937,79.825,41.4934],[17.725,79.825,0.0],[17.7266,79.8266,0.5446],[17.7208,79.8271,4.2666],[17.7193,79.8287,6.3875],[17.7313,79.8292,2.5496],[17.7411,79.8339,0.7711],[17.7396,79.8354,1.1112],[17.7255,79.838,16.8137],[17.7286,79.8411,0.9437],[17.7021,79.8479,0.0],[17.6937,79.8479,7.1898],[17.6896,79.8458,18.3811],[17.6818,79.8464,22.9712],[17.6839,79.8495,16.5716],[17.6911,79.8536,0.0],[17.6755,79.8568,21.396],[17.6786,79.8588,11.7191],[17.6771,79.8604,0.0],[17.6604,79.8604,14.0493],[17.6313,79.8688,6.1328],[17.6104,79.8729,2.264],[17.5839,79.8797,10.2449],[17.587,79.8828,0.0],[17.5604,79.8896,1.6814],[17.4979,79.8896,8.1017],[17.4938,79.8917,2.1747],[17.4771,79.8917,7.6343],[17.4729,79.8938,0.0],[17.4208,79.8938,16.885],[17.4167,79.8958,16.4751],[17.4,79.8958,15.3468],[17.3984,79.8974,16.9544],[17.4016,79.8995,6.8692],[17.4,79.9,5.5952],[17.3833,79.9,17.1523],[17.3818,79.9016,14.5512],[17.3849,79.9026,6.719],[17.3833,79.9042,4.8604],[17.3651,79.9047,15.4204],[17.3745,79.9109,11.005],[17.3729,79.9125,8.5643],[17.3672,79.913,10.7308],[17.3703,79.9151,9.9779],[17.3688,79.9167,5.9119],[17.3333,79.9187,16.1737],[17.3318,79.9193,14.4525],[17.3328,79.9224,4.1107],[17.3229,79.925,4.0111],[17.2875,79.9271,16.6301],[17.2667,79.9333,5.6131],[17.2292,79.9354,7.8133],[17.2,79.9437,1.461],[17.1646,79.9458,4.0726],[17.1521,79.95,0.0],[17.0646,79.95,2.9599],[17.0604,79.9521,0.5383],[17.0271,79.9521,7.717],[17.0229,79.95,9.8499],[17.0167,79.95,11.4504],[17.0125,79.9521,7.2608],[16.9917,79.9521,4.3641],[16.9875,79.95,7.4073],[16.9771,79.95,3.0854],[16.9729,79.9479,8.6341],[16.9458,79.9458,7.2195],[16.9417,79.9437,12.4057],[16.9188,79.9437,4.2545],[16.9068,79.937,4.0382],[16.9141,79.9339,9.8629],[16.8932,79.9213,7.5108],[16.8813,79.9208,6.1378],[16.8771,79.9187,6.9602],[16.8646,79.9187,6.4599],[16.8568,79.913,0.0],[16.8667,79.9104,10.8741],[16.8849,79.9099,31.9695],[16.8818,79.9068,17.9422],[16.8974,79.9036,79.0564],[16.8964,79.9005,72.8727],[16.9036,79.8995,194.9833],[16.9005,79.8974,97.1802],[16.9021,79.8958,96.9656],[16.9188,79.8958,306.243],[16.9203,79.8943,249.3877],[16.9172,79.8922,158.0385],[16.9188,79.8917,197.4203],[16.9354,79.8917,379.1683],[16.9453,79.8891,378.3259],[16.9422,79.8859,259.0],[16.9495,79.8849,307.9541],[16.9474,79.8818,224.7478],[16.9375,79.8771,167.3448],[16.9255,79.8766,26.0252],[16.9271,79.875,25.4359],[16.9328,79.8745,44.2815],[16.9297,79.8714,1.6521],[16.937,79.8703,28.6722],[16.9349,79.8672,10.3544],[16.9208,79.8667,1.7729],[16.9146,79.8625,0.756],[16.8479,79.8646,2.5544],[16.8438,79.8625,4.513],[16.7875,79.8625,13.2024],[16.7859,79.8641,18.7306],[16.7891,79.8662,13.959],[16.7875,79.8667,15.1484],[16.7583,79.8667,7.996],[16.7568,79.8682,7.2126],[16.7661,79.8734,5.8088],[16.7646,79.875,12.5311],[16.7589,79.8755,14.2823],[16.762,79.8786,11.3485],[16.7438,79.8833,1.5328],[16.7146,79.8833,3.9997],[16.713,79.8849,2.6135],[16.7203,79.8891,5.2535],[16.7026,79.8922,7.263],[16.7057,79.8953,8.6445],[16.6984,79.8964,6.0881],[16.7016,79.8995,5.2034],[16.6833,79.9042,9.4197],[16.6667,79.9042,22.6411],[16.6651,79.9047,25.0686],[16.6661,79.9078,23.2913],[16.6563,79.9104,16.7908],[16.6401,79.9109,21.1895],[16.6422,79.9141,18.1928],[16.6474,79.9172,13.7363],[16.6458,79.9187,11.1173],[16.6401,79.9193,9.9747],[16.6474,79.9234,6.9292],[16.6458,79.925,7.7224],[16.6401,79.9255,9.6327],[16.6422,79.9287,8.56],[16.6563,79.9292,4.0915],[16.6578,79.9307,7.6765],[16.65,79.9313,8.2509],[16.6484,79.9328,8.9793],[16.6625,79.9333,8.3146],[16.6661,79.9359,7.0607],[16.6646,79.9375,5.2799],[16.6583,79.9375,6.6162],[16.6542,79.9354,9.8575],[16.6458,79.9354,9.4863],[16.6359,79.938,8.4666],[16.6375,79.9396,8.0961],[16.6495,79.9401,5.8125],[16.6536,79.9422,5.2782],[16.6521,79.9437,5.0973],[16.6479,79.9437,5.3431],[16.6437,79.9458,4.8429],[16.6229,79.9458,8.3219],[16.6188,79.9437,10.7435],[16.5958,79.9437,16.1525],[16.5917,79.9417,17.6701],[16.5688,79.9417,25.4686],[16.5646,79.9396,31.7852],[16.5563,79.9396,41.4701],[16.5547,79.9411,39.956],[16.5578,79.9432,29.0389],[16.5563,79.9437,29.0389],[16.5396,79.9437,38.7209],[16.5354,79.9458,34.6899],[16.5172,79.9464,45.0936],[16.5266,79.9526,26.7216],[16.525,79.9542,26.2786],[16.5063,79.9521,39.1125],[16.5021,79.9542,38.3234],[16.4813,79.9542,41.8926],[16.475,79.95,65.2495],[16.4667,79.95,75.6519],[16.4651,79.9516,69.3206],[16.4682,79.9537,65.5456],[16.4505,79.9568,63.8107],[16.4536,79.9599,71.9789],[16.4312,79.9646,171.2412],[16.4297,79.9651,171.2412],[16.4307,79.9682,182.1672],[16.4151,79.9714,212.0033],[16.4208,79.975,141.0432],[16.4396,79.975,66.869],[16.4411,79.9745,67.8243],[16.4401,79.9714,84.4355],[16.4417,79.9708,80.9014],[16.4578,79.9703,64.8097],[16.4542,79.9667,72.9007],[16.4417,79.9667,78.2734],[16.4401,79.9651,78.3372],[16.4479,79.9646,72.8916],[16.4604,79.9604,66.4579],[16.4792,79.9625,51.012],[16.4917,79.9583,39.0578],[16.5,79.9583,35.0444],[16.5016,79.9599,39.1184],[16.4958,79.9604,38.5141],[16.4943,79.962,41.9796],[16.5042,79.9625,37.9545],[16.5167,79.9583,28.1089],[16.5354,79.9604,23.3736],[16.5396,79.9583,21.7711],[16.5479,79.9583,22.0904],[16.5536,79.9609,19.1265],[16.5557,79.9641,17.8958],[16.5318,79.9693,17.4237],[16.5349,79.9714,14.0216],[16.5333,79.9729,13.1269],[16.525,79.9729,17.1904],[16.5208,79.9708,18.6169],[16.5,79.9708,37.0346],[16.4875,79.975,41.4998],[16.4693,79.9755,48.8122],[16.4708,79.9771,47.6351],[16.4833,79.9771,42.4956],[16.4875,79.9792,37.8323],[16.5245,79.9797,22.8954],[16.5229,79.9812,23.4749],[16.5167,79.9812,26.2155],[16.4984,79.9859,35.352],[16.5016,79.988,34.7137],[16.5,79.9896,33.7925],[16.4792,79.9896,35.9138],[16.475,79.9875,39.1104],[16.4422,79.988,46.4753],[16.4438,79.9896,45.4519],[16.4542,79.9896,42.8578],[16.4583,79.9917,40.2731],[16.4708,79.9917,36.5787],[16.4724,79.9932,34.7492],[16.4667,79.9938,36.5754],[16.4651,79.9953,36.274],[16.4771,79.9958,32.8768],[16.4854,80.0,31.8659],[16.5042,80.0,29.5374],[16.5057,79.9984,28.5069],[16.4938,79.9979,30.9721],[16.4922,79.9964,31.4982],[16.5104,79.9958,25.582],[16.5203,79.9932,22.057],[16.5109,79.987,29.7664],[16.5125,79.9854,30.7103],[16.5328,79.9859,19.8268],[16.5255,79.9891,22.3695],[16.5396,79.9896,12.718],[16.5432,79.9932,11.2433],[16.5359,79.9943,14.7029],[16.5391,79.9974,13.8125],[16.5333,79.9979,14.6765],[16.5318,79.9995,14.4391],[16.5563,80.0,0.4533],[16.5641,80.0047,0.0],[16.5625,80.0062,0.0],[16.5484,80.0089,3.1874],[16.5536,80.0141,0.0],[16.5464,80.0151,1.9323],[16.5495,80.0182,0.0],[16.5422,80.0193,1.1543],[16.5438,80.0208,1.1604],[16.5557,80.0214,0.0],[16.5484,80.0245,0.4725],[16.5578,80.0307,0.0],[16.5505,80.0318,1.2007],[16.5516,80.0349,0.0],[16.5443,80.0359,0.3828],[16.5474,80.0391,0.7209],[16.5292,80.0437,1.2063],[16.5208,80.0437,2.1595],[16.5125,80.0396,5.4362],[16.5042,80.0396,0.8288],[16.5,80.0417,0.0],[16.4813,80.0417,0.0],[16.4771,80.0396,0.9535],[16.4688,80.0396,1.4532],[16.4646,80.0417,0.0],[16.4479,80.0417,4.6019],[16.4354,80.0458,0.4801],[16.3917,80.0437,3.5529],[16.3875,80.0458,0.0],[16.3792,80.0458,0.0],[16.375,80.0437,2.6056],[16.3667,80.0437,1.8729],[16.3625,80.0458,0.0],[16.3443,80.0463,7.8033],[16.3516,80.0505,0.0],[16.35,80.0521,0.0],[16.3333,80.0521,3.1484],[16.3188,80.0563,0.0],[16.3125,80.0563,0.3644],[16.3083,80.0542,6.318],[16.2875,80.0542,2.935],[16.2833,80.0563,0.0],[16.2729,80.0563,2.8191]]],
[[[16.4293,78.4355,0.0],[16.4307,78.437,0.0],[16.4214,78.437,0.0],[16.4229,78.4354,0.0],[16.4293,78.4355,0.0]]],
[[[16.2193,78.4547,0.0],[16.2167,78.4563,3.3049],[16.2021,78.4563,12.7772],[16.1979,78.4583,6.1596],[16.1901,78.4578,5.118],[16.1917,78.4563,4.3181],[16.1974,78.4557,6.8549],[16.1943,78.4537,0.0],[16.1958,78.4521,0.0],[16.2104,78.4521,1.4396],[16.2146,78.45,2.6045],[16.2208,78.45,2.858],[16.2245,78.4526,17.1377],[16.2193,78.4547,0.0]]],
[[[16.1578,78.5328,0.0],[16.15,78.5333,0.0],[16.1464,78.5297,0.0],[16.1542,78.5292,0.0],[16.1578,78.5328,0.0]]],
[[[16.3953,78.9151,0.0],[16.3833,78.9146,0.0],[16.3818,78.913,0.0],[16.4021,78.9125,0.0],[16.4057,78.9161,0.0],[16.3979,78.9167,0.0],[16.3953,78.9151,0.0]]],
[[[16.4104,78.9333,0.0],[16.412,78.9349,0.0],[16.4026,78.9349,0.0],[16.4042,78.9333,0.0],[16.4104,78.9333,0.0]]],
[[[15.0896,78.6062,0.0],[15.0911,78.6078,0.0],[15.0818,78.6078,0.0],[15.0833,78.6062,0.0],[15.0896,78.6062,0.0]]],
[[[15.2438,78.6271,0.0],[15.2453,78.6286,0.0],[15.2359,78.6286,0.0],[15.2375,78.6271,0.0],[15.2438,78.6271,0.0]]],
[[[15.2984,78.6516,0.0],[15.3083,78.6521,0.0],[15.3099,78.6536,0.0],[15.3021,78.6563,0.0],[15.2958,78.6563,0.0],[15.2901,78.6536,0.0],[15.288,78.6505,0.0],[15.2958,78.65,0.0],[15.2984,78.6516,0.0]]],
[[[15.662,79.137,0.0],[15.6542,79.1375,0.0],[15.6505,79.1339,0.0],[15.6583,79.1333,0.0],[15.662,79.137,0.0]]],
[[[16.3583,78.9521,0.0],[16.3521,78.9521,0.0],[16.3464,78.9484,0.0],[16.3667,78.9479,0.0],[16.3703,78.9505,0.0],[16.3688,78.9521,0.0],[16.3583,78.9521,0.0]]],
[[[16.3755,78.9526,0.0],[16.3833,78.9521,0.0],[16.3849,78.9537,0.0],[16.375,78.9563,0.0],[16.3672,78.9557,0.0],[16.3755,78.9526,0.0]]],
[[[16.3229,78.9563,0.0],[16.3245,78.9578,0.0],[16.3151,78.9578,0.0],[16.3167,78.9563,0.0],[16.3229,78.9563,0.0]]],
[[[16.2599,78.9859,0.0],[16.2479,78.9854,0.0],[16.2464,78.9838,0.0],[16.2646,78.9833,0.0],[16.2703,78.987,0.0],[16.2625,78.9875,0.0],[16.2599,78.9859,0.0]]],
[[[16.125,78.9917,12.1505],[16.1266,78.9932,0.0],[16.1172,78.9932,31.5391],[16.1188,78.9917,36.514],[16.125,78.9917,12.1505]]],
[[[16.1938,78.9938,0.0],[16.1953,78.9953,0.0],[16.1859,78.9953,0.0],[16.1875,78.9938,0.0],[16.1938,78.9938,0.0]]],
[[[16.3063,79.0042,0.0],[16.3078,79.0057,0.0],[16.2984,79.0057,0.0],[16.3,79.0042,0.0],[16.3063,79.0042,0.0]]],
[[[16.15,79.0104,0.0],[16.1417,79.0104,0.0],[16.138,79.0068,0.0],[16.1458,79.0062,0.0],[16.15,79.0083,0.0],[16.162,79.0089,0.0],[16.1604,79.0104,0.0],[16.15,79.0104,0.0]]],
[[[16.6099,78.6422,0.0],[16.6083,78.6438,0.0],[16.5984,78.6432,0.0],[16.6,78.6417,0.0],[16.6099,78.6422,0.0]]],
[[[16.9375,78.6438,0.0],[16.9391,78.6453,0.0],[16.9297,78.6453,0.0],[16.9313,78.6438,0.0],[16.9375,78.6438,0.0]]],
[[[16.7167,78.6521,0.0],[16.7182,78.6536,0.0],[16.7089,78.6536,0.0],[16.7104,78.6521,0.0],[16.7167,78.6521,0.0]]],
[[[16.5432,78.6547,0.0],[16.5417,78.6563,0.0],[16.5318,78.6557,0.0],[16.5333,78.6542,0.0],[16.5432,78.6547,0.0]]],
[[[18.3375,77.8562,0.0],[18.3411,77.8568,0.0],[18.3411,77.8578,0.0],[18.3339,77.8578,0.0],[18.3375,77.8562,0.0]]],
[[[18.4021,78.0125,0.0],[18.4063,78.0104,0.0],[18.4125,78.0104,0.0],[18.4245,78.0182,0.0],[18.4063,78.0188,0.0],[18.3984,78.0141,0.0],[18.4021,78.0125,0.0]]],
[[[17.5958,79.3792,16.1393],[17.5896,79.3792,20.9432],[17.5839,79.3755,9.4392],[17.5917,79.375,6.6908],[17.5974,79.3776,6.2474],[17.5958,79.3792,16.1393]]],
[[[17.6932,79.5109,452.3683],[17.6917,79.5125,425.8193],[17.6818,79.512,407.4096],[17.6833,79.5104,437.0074],[17.6932,79.5109,452.3683]]],
[[[16.6396,78.6646,0.0],[16.6411,78.6661,0.0],[16.6318,78.6661,0.0],[16.6333,78.6646,0.0],[16.6396,78.6646,0.0]]],
[[[16.4938,78.6729,0.0],[16.4953,78.6745,0.0],[16.4859,78.6745,0.0],[16.4875,78.6729,0.0],[16.4938,78.6729,0.0]]],
[[[16.4318,78.9557,0.0],[16.4292,78.9542,0.0],[16.4208,78.9542,0.0],[16.4193,78.9526,0.0],[16.4375,78.9521,0.0],[16.4411,78.9547,0.0],[16.4396,78.9563,0.0],[16.4318,78.9557,0.0]]],
[[[16.5708,79.9437,25.2026],[16.5724,79.9453,20.9005],[16.563,79.9453,24.4033],[16.5646,79.9437,25.9623],[16.5708,79.9437,25.2026]]],
[[[17.7359,79.5307,244.289],[17.7432,79.5349,255.1625],[17.7333,79.5375,234.6832],[17.7021,79.5375,229.1736],[17.6979,79.5354,249.4332],[17.6859,79.5349,257.8144],[17.6875,79.5333,272.6052],[17.6932,79.5328,264.2304],[17.6901,79.5297,296.4505],[17.6974,79.5286,262.0952],[17.6943,79.5255,228.3815],[17.7125,79.5208,114.8787],[17.7313,79.5208,85.481],[17.737,79.5245,166.2035],[17.7313,79.525,167.7693],[17.7297,79.5266,205.6142],[17.7432,79.5276,226.2586],[17.7359,79.5307,244.289]]],
[[[17.6958,79.5687,271.2987],[17.6974,79.5703,284.5255],[17.688,79.5703,258.0558],[17.6896,79.5687,256.6299],[17.6958,79.5687,271.2987]]],
[[[17.6937,79.5667,250.7118],[17.6854,79.5667,238.3058],[17.6755,79.5703,235.3082],[17.6854,79.575,276.901],[17.6974,79.5755,252.1829],[17.6958,79.5771,320.7876],[17.6542,79.5771,183.2263],[17.638,79.5682,220.0985],[17.6479,79.5646,196.7218],[17.675,79.5646,202.7574],[17.6792,79.5625,180.8421],[17.7036,79.5651,249.918],[17.7021,79.5667,271.193],[17.6937,79.5667,250.7118]]],
[[[17.6932,79.5797,184.0761],[17.6917,79.5813,155.0852],[17.6818,79.5807,165.6827],[17.6833,79.5792,210.7726],[17.6932,79.5797,184.0761]]],
[[[16.2625,79.0146,0.0],[16.2687,79.0125,0.0],[16.275,79.0125,0.0],[16.2807,79.0162,0.0],[16.2589,79.0162,0.0],[16.2625,79.0146,0.0]]],
[[[16.112,79.0797,0.0],[16.1104,79.0813,0.0],[16.1005,79.0807,0.0],[16.1021,79.0792,0.0],[16.112,79.0797,0.0]]],
[[[16.1271,79.0854,0.0],[16.1188,79.0854,0.0],[16.1151,79.0818,0.0],[16.1229,79.0813,0.0],[16.1271,79.0833,0.0],[16.1391,79.0839,0.0],[16.1375,79.0854,0.0],[16.1271,79.0854,0.0]]],
[[[16.0604,79.1188,0.0],[16.0479,79.1188,0.0],[16.0464,79.1172,0.0],[16.0661,79.1172,0.0],[16.0646,79.1188,0.0],[16.0604,79.1188,0.0]]],
[[[15.9682,79.1182,0.0],[15.9583,79.1188,0.0],[15.9568,79.1172,0.0],[15.9667,79.1167,0.0],[15.9682,79.1182,0.0]]],
[[[16.1375,79.1208,0.0],[16.1391,79.1224,0.0],[16.1297,79.1224,0.0],[16.1312,79.1208,0.0],[16.1375,79.1208,0.0]]],
[[[16.1104,79.125,11.293],[16.112,79.1266,8.8278],[16.1026,79.1266,0.0],[16.1042,79.125,1.2814],[16.1104,79.125,11.293]]],
[[[16.1266,79.1276,0.0],[16.125,79.1292,0.0],[16.1151,79.1286,5.4284],[16.1167,79.1271,4.9232],[16.1266,79.1276,0.0]]],
[[[15.6974,79.1443,0.0],[15.6958,79.1458,0.0],[15.6859,79.1453,0.0],[15.6875,79.1438,0.0],[15.6974,79.1443,0.0]]],
[[[15.7479,79.1729,0.0],[15.7495,79.1745,0.0],[15.7401,79.1745,0.0],[15.7417,79.1729,0.0],[15.7479,79.1729,0.0]]],
[[[15.5917,79.2854,0.0],[15.5979,79.2854,0.0],[15.5995,79.287,0.0],[15.5896,79.2896,0.0],[15.5818,79.2891,0.0],[15.5818,79.288,0.0],[15.5917,79.2854,0.0]]],
[[[15.6479,79.2896,0.0],[15.6495,79.2911,0.0],[15.6401,79.2911,0.0],[15.6417,79.2896,0.0],[15.6479,79.2896,0.0]]],
[[[15.6,79.2979,0.0],[15.6063,79.2958,0.0],[15.6125,79.2958,0.0],[15.6182,79.2995,0.0],[15.5964,79.2995,0.0],[15.6,79.2979,0.0]]],
[[[15.5391,79.3214,0.0],[15.5375,79.3229,0.0],[15.5276,79.3224,0.0],[15.5292,79.3208,0.0],[15.5391,79.3214,0.0]]],
[[[15.4875,79.3729,0.0],[15.4891,79.3745,0.0],[15.4797,79.3745,0.0],[15.4813,79.3729,0.0],[15.4875,79.3729,0.0]]],
[[[15.4625,79.3792,0.0],[15.4641,79.3807,0.0],[15.4547,79.3807,0.0],[15.4563,79.3792,0.0],[15.4625,79.3792,0.0]]],
[[[15.5813,79.3833,0.0],[15.5828,79.3849,0.0],[15.5734,79.3849,0.0],[15.575,79.3833,0.0],[15.5813,79.3833,0.0]]],
[[[15.4896,79.3979,0.0],[15.4911,79.3995,0.0],[15.4818,79.3995,0.0],[15.4833,79.3979,0.0],[15.4896,79.3979,0.0]]],
[[[15.5042,79.4083,0.0],[15.5057,79.4099,0.0],[15.4964,79.4099,0.0],[15.4979,79.4083,0.0],[15.5042,79.4083,0.0]]],
[[[15.4646,79.4104,0.0],[15.4729,79.4104,0.0],[15.4745,79.412,0.0],[15.4583,79.4146,0.0],[15.4526,79.412,0.0],[15.4542,79.4104,0.0],[15.4646,79.4104,0.0]]],
[[[15.4438,79.4187,0.0],[15.4521,79.4187,0.0],[15.4536,79.4203,0.0],[15.4438,79.4229,0.0],[15.4354,79.4229,0.0],[15.4276,79.4172,0.0],[15.4375,79.4146,0.0],[15.4474,79.4151,0.0],[15.4458,79.4167,0.0],[15.4401,79.4172,0.0],[15.4438,79.4187,0.0]]],
[[[15.5,79.4292,0.0],[15.5016,79.4307,0.0],[15.4922,79.4307,0.0],[15.4938,79.4292,0.0],[15.5,79.4292,0.0]]],
[[[15.4495,79.4318,0.0],[15.4479,79.4333,0.0],[15.438,79.4328,0.0],[15.4396,79.4313,0.0],[15.4495,79.4318,0.0]]],
[[[15.4271,79.4417,0.0],[15.4286,79.4432,0.0],[15.4193,79.4432,0.0],[15.4208,79.4417,0.0],[15.4271,79.4417,0.0]]],
[[[15.4625,79.4479,0.0],[15.45,79.4479,0.0],[15.4484,79.4464,0.0],[15.4703,79.4464,0.0],[15.4688,79.4479,0.0],[15.4625,79.4479,0.0]]],
[[[15.4042,79.4521,0.0],[15.3964,79.4516,0.0],[15.3943,79.4484,0.0],[15.4021,79.4479,0.0],[15.4063,79.45,0.0],[15.4167,79.45,0.0],[15.4224,79.4537,0.0],[15.4125,79.4542,0.0],[15.4083,79.4521,0.0],[15.4042,79.4521,0.0]]],
[[[15.4521,79.4563,0.0],[15.4396,79.4563,0.0],[15.438,79.4547,0.0],[15.4599,79.4547,0.0],[15.4583,79.4563,0.0],[15.4521,79.4563,0.0]]],
[[[15.3688,79.4875,0.0],[15.3703,79.4891,0.0],[15.3609,79.4891,0.0],[15.3625,79.4875,0.0],[15.3688,79.4875,0.0]]],
[[[15.3922,79.4943,0.0],[15.4,79.4938,0.0],[15.4016,79.4953,0.0],[15.3917,79.4979,0.0],[15.3839,79.4974,0.0],[15.3922,79.4943,0.0]]],
[[[15.3438,79.5042,0.0],[15.3479,79.5042,0.0],[15.3495,79.5057,0.0],[15.3396,79.5083,0.0],[15.3313,79.5083,0.0],[15.3276,79.5057,0.0],[15.3292,79.5042,0.0],[15.3438,79.5042,0.0]]],
[[[15.3958,79.5062,0.0],[15.3974,79.5078,0.0],[15.388,79.5078,0.0],[15.3896,79.5062,0.0],[15.3958,79.5062,0.0]]],
[[[15.2417,79.5104,57.0614],[15.2432,79.512,17.3006],[15.2339,79.512,9.9302],[15.2354,79.5104,44.4122],[15.2417,79.5104,57.0614]]],
[[[11.1917,78.6229,0.0],[11.1776,78.6255,0.0],[11.1786,78.6286,0.0],[11.1771,78.6292,0.0],[11.1708,78.6292,0.0],[11.1667,78.6271,0.0],[11.15,78.6271,0.0],[11.1458,78.6292,0.0],[11.1375,78.6292,0.0],[11.1333,78.6271,0.0],[11.1234,78.6266,0.0],[11.125,78.625,0.0],[11.1536,78.6245,0.0],[11.1521,78.6229,0.0],[11.1438,78.6229,0.0],[11.1396,78.6208,0.0],[11.1313,78.6208,0.0],[11.1297,78.6193,0.0],[11.1458,78.6188,0.0],[11.1583,78.6146,0.0],[11.175,78.6146,0.0],[11.1818,78.6203,0.0],[11.1932,78.6214,0.0],[11.1917,78.6229,0.0]]],
[[[11.1354,78.6354,0.0],[11.1229,78.6354,0.0],[11.1214,78.6339,0.0],[11.1411,78.6339,0.0],[11.1396,78.6354,0.0],[11.1354,78.6354,0.0]]],
[[[11.137,78.6401,0.0],[11.1354,78.6417,2.4786],[11.1089,78.6432,1.4398],[11.1188,78.6396,0.0],[11.137,78.6401,0.0]]],
[[[11.1688,78.6583,0.0],[11.175,78.6583,0.0],[11.1766,78.6599,0.0],[11.1667,78.6625,0.0],[11.1589,78.662,0.0],[11.1589,78.6609,0.0],[11.1688,78.6583,0.0]]],
[[[11.0917,78.6604,48.2367],[11.0932,78.662,8.4109],[11.0839,78.662,6.0129],[11.0854,78.6604,38.007],[11.0917,78.6604,48.2367]]],
[[[11.1953,78.6672,0.0],[11.1938,78.6687,0.0],[11.1813,78.6708,0.0],[11.1771,78.6729,0.0],[11.1708,78.6729,0.0],[11.1672,78.6703,0.0],[11.1688,78.6687,0.0],[11.1813,78.6667,0.0],[11.1854,78.6646,0.0],[11.1917,78.6646,0.0],[11.1953,78.6672,0.0]]],
[[[11.8208,78.6687,0.0],[11.8224,78.6703,0.0],[11.813,78.6703,0.0],[11.8146,78.6687,0.0],[11.8208,78.6687,0.0]]],
[[[10.7521,78.6708,2.0735],[10.7536,78.6724,3.0178],[10.7443,78.6724,2.7005],[10.7458,78.6708,2.0696],[10.7521,78.6708,2.0735]]],
[[[12.0349,78.6099,2.2704],[12.0375,78.6083,1.5713],[12.0437,78.6083,1.4853],[12.0474,78.612,1.6825],[12.0276,78.612,1.1714],[12.0292,78.6104,1.7034],[12.0349,78.6099,2.2704]]],
[[[11.9958,78.6125,0.9431],[11.9974,78.6141,2.4533],[11.988,78.6141,0.0],[11.9896,78.6125,0.0],[11.9958,78.6125,0.9431]]],
[[[11.8875,78.825,0.0],[11.889099999999999,78.8266,0.0],[11.8797,78.8266,0.0],[11.8813,78.825,0.0],[11.8875,78.825,0.0]]],
[[[11.8495,78.8276,0.0],[11.8479,78.8292,0.0],[11.838,78.8287,0.0],[11.8396,78.8271,0.0],[11.8495,78.8276,0.0]]],
[[[11.0,78.775,0.0],[11.0016,78.7766,0.2536],[10.9922,78.7766,0.1646],[10.9938,78.775,0.0],[11.0,78.775,0.0]]],
[[[11.7292,78.7854,12.6525],[11.7307,78.787,12.149],[11.7214,78.787,9.5405],[11.7229,78.7854,10.5427],[11.7292,78.7854,12.6525]]],
[[[10.9854,78.8146,0.0],[10.987,78.8161,0.0],[10.9776,78.8161,0.8694],[10.9792,78.8146,1.0121],[10.9854,78.8146,0.0]]],
[[[10.9604,78.8438,0.0],[10.962,78.8453,0.0],[10.9526,78.8453,0.0],[10.9542,78.8438,0.0],[10.9604,78.8438,0.0]]],
[[[10.8203,78.8762,0.0],[10.8104,78.8771,0.0],[10.8089,78.8755,0.0],[10.8188,78.875,0.0],[10.8203,78.8762,0.0]]],
[[[10.6313,78.8938,0.0],[10.6208,78.8938,0.0],[10.6193,78.8922,0.0],[10.6411,78.8922,0.0],[10.6396,78.8938,0.0],[10.6313,78.8938,0.0]]],
[[[10.5932,78.8984,0.0],[10.5917,78.9,0.0],[10.5818,78.8995,0.0],[10.5833,78.8979,0.0],[10.5932,78.8984,0.0]]],
[[[10.5646,78.9021,0.0],[10.5542,78.9021,0.0],[10.5526,78.9005,0.0],[10.5724,78.9005,0.0],[10.5708,78.9021,0.0],[10.5646,78.9021,0.0]]],
[[[12.4896,78.9021,0.0],[12.4911,78.9036,0.0],[12.4818,78.9036,0.0],[12.4833,78.9021,0.0],[12.4896,78.9021,0.0]]],
[[[12.437,78.9234,0.0],[12.4354,78.925,0.0],[12.4229,78.9271,0.0],[12.4188,78.9292,0.0],[12.4125,78.9292,0.0],[12.4089,78.9266,0.0],[12.4104,78.925,0.0],[12.437,78.9234,0.0]]],
[[[12.5396,78.9771,0.0],[12.5411,78.9786,0.0],[12.5318,78.9786,0.0],[12.5333,78.9771,0.0],[12.5396,78.9771,0.0]]],
[[[12.2891,78.9859,0.0],[12.2875,78.9875,0.0],[12.2729,78.9875,9.1221],[12.2688,78.9896,8.2654],[12.2625,78.9896,0.0],[12.2589,78.987,0.0],[12.2604,78.9854,0.0],[12.2661,78.9849,0.0],[12.2651,78.9818,0.0],[12.2667,78.9812,0.0],[12.2833,78.9812,0.0],[12.2891,78.9859,0.0]]],
[[[12.125,79.0146,0.0],[12.0943,79.0162,0.0],[12.1042,79.0125,0.0],[12.1292,79.0125,0.0],[12.139099999999999,79.0099,0.0],[12.138,79.0068,0.0],[12.1458,79.0062,0.0],[12.1474,79.0047,0.0],[12.1417,79.0021,0.0],[12.1333,79.0021,0.0],[12.1318,79.0005,0.0],[12.1458,78.9979,32.0572],[12.1474,78.9964,40.881],[12.1417,78.9917,285.0944],[12.125,78.9938,187.1955],[12.1208,78.9917,339.3709],[12.1146,78.9917,303.2429],[12.113,78.9922,283.4934],[12.1141,78.9953,41.0709],[12.1042,78.9958,0.0],[12.0958,78.9896,96.3364],[12.0792,78.9917,0.0],[12.075,78.9896,49.953],[12.0563,78.9896,57.372],[12.0521,78.9917,0.0],[12.0375,78.9917,39.3133],[12.0359,78.9922,39.2801],[12.037,78.9953,0.0],[12.0354,78.9958,0.0],[12.0167,78.9958,0.0],[12.0125,78.9938,17.5807],[12.0063,78.9938,15.6094],[12.0021,78.9958,0.0],[11.9958,78.9958,0.0],[11.987,78.988,26.145],[11.975,78.9875,7.6904],[11.9734,78.9859,7.1906],[11.9828,78.9849,25.9144],[11.9807,78.9818,28.2978],[11.9755,78.9786,0.0],[11.9771,78.9771,0.0],[11.9849,78.9766,7.1651],[11.9818,78.9734,0.0],[11.9896,78.9729,0.0],[12.0104,78.9667,6.978],[12.0146,78.9667,12.2126],[12.0161,78.9661,12.5604],[12.0151,78.963,10.3665],[12.025,78.9604,0.0],[12.0437,78.9625,0.0],[12.0563,78.9583,0.0],[12.0625,78.9583,0.0],[12.0667,78.9604,10.1612],[12.0854,78.9604,0.0],[12.0896,78.9625,6.8472],[12.1104,78.9625,0.0],[12.1146,78.9646,0.0],[12.1229,78.9646,0.0],[12.1271,78.9667,0.0],[12.1479,78.9667,0.0],[12.1521,78.9688,0.0],[12.162,78.9693,0.0],[12.1667,78.9729,0.0],[12.175,78.9729,0.0],[12.1792,78.9708,0.0],[12.1958,78.9708,0.0],[12.2005,78.9745,8.6257],[12.2104,78.975,0.0],[12.2182,78.9797,0.0],[12.2089,78.9828,55.1249],[12.2224,78.9838,0.0],[12.2125,78.9875,15.0079],[12.1964,78.9901,120.448],[12.1974,78.9932,52.0383],[12.1958,78.9938,54.5495],[12.1797,78.9943,149.1606],[12.1813,78.9958,73.8039],[12.1896,78.9958,54.7987],[12.1938,78.9979,3.3085],[12.2146,78.9979,0.0],[12.2182,79.0005,0.0],[12.2167,79.0021,0.0],[12.1688,79.0021,0.0],[12.1672,79.0036,0.0],[12.1771,79.0042,0.0],[12.1786,79.0057,0.0],[12.1714,79.0068,0.0],[12.1724,79.0099,0.0],[12.1625,79.0125,0.0],[12.1354,79.0125,0.0],[12.1313,79.0146,0.0],[12.125,79.0146,0.0]]],
[[[11.9182,79.2089,0.0],[11.9167,79.2104,0.0],[11.9068,79.2099,0.0],[11.9083,79.2083,0.0],[11.9182,79.2089,0.0]]],
[[[11.8583,79.2146,0.0],[11.8458,79.2146,0.0],[11.8443,79.213,0.0],[11.8661,79.213,0.0],[11.8646,79.2146,0.0],[11.8583,79.2146,0.0]]],
[[[11.9807,79.2151,0.0],[11.9792,79.2167,0.0],[11.9693,79.2161,0.0],[11.9708,79.2146,0.0],[11.9807,79.2151,0.0]]],
[[[11.8042,79.15,0.0],[11.8104,79.1479,0.0],[11.8167,79.1479,0.0],[11.8203,79.1516,0.0],[11.8005,79.1516,0.0],[11.8042,79.15,0.0]]],
[[[11.7099,79.162,0.0],[11.7021,79.1625,0.0],[11.6984,79.1589,0.0],[11.7063,79.1583,0.0],[11.7099,79.162,0.0]]],
[[[11.7375,79.2083,0.0],[11.7391,79.2099,0.0],[11.7297,79.2099,0.0],[11.7313,79.2083,0.0],[11.7375,79.2083,0.0]]],
[[[11.7125,79.2333,0.0],[11.7,79.2333,0.0],[11.6984,79.2318,0.0],[11.7203,79.2318,0.0],[11.7188,79.2333,0.0],[11.7125,79.2333,0.0]]],
[[[13.1349,78.5089,109.9593],[13.1333,78.5104,105.685],[13.1187,78.5104,55.0694],[13.1146,78.5125,62.7646],[13.1083,78.5125,32.6444],[13.1042,78.5104,63.1408],[13.0854,78.5104,34.9558],[13.0818,78.5068,70.1661],[13.0979,78.5062,89.0017],[13.0995,78.5057,81.9875],[13.0984,78.5026,99.7249],[13.1,78.5021,115.249],[13.1271,78.5021,241.9884],[13.1286,78.5036,249.0515],[13.1229,78.5042,216.7653],[13.1214,78.5057,140.8675],[13.125,78.5083,82.4415],[13.1349,78.5089,109.9593]]],
[[[13.1813,78.5083,20.9711],[13.1875,78.5062,62.3725],[13.1938,78.5062,43.9599],[13.1974,78.5099,2.7245],[13.1776,78.5099,14.5714],[13.1813,78.5083,20.9711]]],
[[[13.0708,78.5083,40.1206],[13.0724,78.5099,21.6523],[13.063,78.5099,21.7507],[13.0646,78.5083,38.4526],[13.0708,78.5083,40.1206]]],
[[[13.0938,78.5854,44.396],[13.0953,78.587,46.9516],[13.0859,78.587,51.2358],[13.0875,78.5854,49.1385],[13.0938,78.5854,44.396]]],
[[[14.3693,78.5422,0.0],[14.3771,78.5417,0.0],[14.3786,78.5432,0.0],[14.3688,78.5458,0.0],[14.3609,78.5453,0.0],[14.3693,78.5422,0.0]]],
[[[15.0708,78.6312,0.0],[15.0724,78.6328,0.0],[15.063,78.6328,0.0],[15.0646,78.6312,0.0],[15.0708,78.6312,0.0]]],
[[[14.6,78.6417,0.0],[14.6083,78.6417,0.0],[14.6099,78.6432,0.0],[14.6026,78.6443,0.0],[14.6057,78.6484,0.0],[14.6042,78.65,0.0],[14.5771,78.65,3.079],[14.5724,78.6464,13.077],[14.5625,78.6458,9.1952],[14.5568,78.6432,5.5734],[14.5667,78.6396,0.0],[14.5729,78.6396,0.0],[14.5771,78.6417,5.9605],[14.6,78.6417,0.0]]],
[[[14.6479,78.6563,0.0],[14.6495,78.6578,0.0],[14.6401,78.6578,0.0],[14.6417,78.6563,0.0],[14.6479,78.6563,0.0]]],
[[[13.2104,78.5854,93.7577],[13.212,78.587,105.164],[13.2026,78.587,112.9611],[13.2042,78.5854,97.3248],[13.2104,78.5854,93.7577]]],
[[[13.0979,78.6062,298.4012],[13.0995,78.6078,288.5189],[13.0901,78.6078,305.1153],[13.0917,78.6062,320.9054],[13.0979,78.6062,298.4012]]],
[[[13.9188,79.2875,0.0],[13.9203,79.2891,0.0],[13.9109,79.2891,0.0],[13.9125,79.2875,0.0],[13.9188,79.2875,0.0]]],
[[[13.8995,79.2891,0.0],[13.8917,79.2896,0.0],[13.8792,79.2937,0.0],[13.8729,79.2937,0.0],[13.8651,79.2891,0.0],[13.863,79.2859,0.0],[13.8729,79.2833,0.0],[13.8813,79.2833,0.0],[13.8854,79.2854,0.0],[13.9078,79.2859,0.0],[13.8995,79.2891,0.0]]],
[[[14.5307,78.663,0.0],[14.5292,78.6646,0.0],[14.5214,78.6641,0.0],[14.5229,78.6625,0.0],[14.5307,78.663,0.0]]],
[[[14.8167,78.6667,0.0],[14.8208,78.6667,0.0],[14.8224,78.6682,0.0],[14.8151,78.6693,0.0],[14.8161,78.6724,0.0],[14.8146,78.6729,0.0],[14.7964,78.6724,0.0],[14.8125,78.6667,0.0],[14.8167,78.6667,0.0]]],
[[[14.7354,78.6896,0.0],[14.7271,78.6896,15.5082],[14.7146,78.6937,7.4032],[14.6854,78.6937,6.2186],[14.6839,78.6922,7.8853],[14.6896,78.6917,10.4198],[14.6911,78.6901,13.2498],[14.6797,78.6891,9.0892],[14.6776,78.6859,0.5753],[14.6828,78.6849,2.0232],[14.6807,78.6818,1.3822],[14.6708,78.6813,0.0],[14.6693,78.6797,0.0],[14.687,78.6787,2.3183],[14.6797,78.6724,0.0],[14.6812,78.6708,11.8804],[14.687,78.6703,7.6372],[14.6839,78.6682,0.0],[14.6854,78.6667,0.0],[14.7042,78.6687,11.2135],[14.7083,78.6667,0.0],[14.7146,78.6667,4.9657],[14.7214,78.6724,0.0],[14.7271,78.675,0.6196],[14.7333,78.675,0.5949],[14.7375,78.6729,0.0],[14.7438,78.6729,0.0],[14.7479,78.675,1.8198],[14.7542,78.675,1.6396],[14.7583,78.6729,0.0],[14.7661,78.6734,0.0],[14.7646,78.675,0.0],[14.7505,78.6776,2.9589],[14.7536,78.6807,0.0],[14.7464,78.6818,0.0],[14.7474,78.6849,0.0],[14.7401,78.6859,3.1201],[14.7411,78.6891,0.0],[14.7354,78.6896,0.0]]],
[[[15.0521,79.6771,0.0],[15.0438,79.6771,0.0],[15.0401,79.6734,0.0],[15.05,79.6729,0.0],[15.0536,79.6755,0.0],[15.0521,79.6771,0.0]]],
[[[11.8953,79.2203,0.0],[11.8771,79.2208,0.0],[11.8729,79.2229,0.0],[11.8651,79.2224,40.4795],[11.875,79.2188,0.0],[11.8911,79.2161,0.0],[11.8901,79.213,0.0],[11.8917,79.2125,0.0],[11.912,79.2151,0.0],[11.9104,79.2167,0.0],[11.8958,79.2167,0.0],[11.8943,79.2172,0.0],[11.8953,79.2203,0.0]]],
[[[11.9182,79.2193,0.0],[11.9167,79.2208,0.0],[11.9068,79.2203,0.0],[11.9083,79.2188,0.0],[11.9182,79.2193,0.0]]],
[[[11.8578,79.2255,108.5605],[11.8562,79.2271,128.079],[11.8464,79.2266,275.648],[11.8479,79.225,294.7589],[11.8578,79.2255,108.5605]]],
[[[12.1188,79.2479,582.2512],[12.1271,79.2479,501.4881],[12.1286,79.2495,349.4276],[12.1188,79.2521,264.0918],[12.1089,79.2516,312.7527],[12.1089,79.2505,381.087],[12.1188,79.2479,582.2512]]],
[[[12.0563,79.25,0.0],[12.0625,79.25,9.8227],[12.0641,79.2516,0.0],[12.0563,79.2521,0.0],[12.0521,79.2542,0.0],[12.0443,79.2536,0.0],[12.0458,79.2521,0.0],[12.0563,79.25,0.0]]],
[[[11.9729,79.2708,0.0],[11.9646,79.2708,0.0],[11.9609,79.2672,0.0],[11.9953,79.2693,0.0],[11.9938,79.2708,0.0],[11.9729,79.2708,0.0]]],
[[[12.0,79.275,0.0],[12.0016,79.2766,0.0],[11.9922,79.2766,0.0],[11.9938,79.275,0.0],[12.0,79.275,0.0]]],
[[[12.1578,79.2943,207.1445],[12.1563,79.2958,124.9374],[12.1464,79.2953,106.0032],[12.1479,79.2937,221.5678],[12.1578,79.2943,207.1445]]],
[[[11.6708,79.2396,0.0],[11.6724,79.2412,0.0],[11.663,79.2412,0.0],[11.6646,79.2396,0.0],[11.6708,79.2396,0.0]]],
[[[11.7307,79.3057,440.2099],[11.7146,79.3083,540.3153],[11.7104,79.3104,470.4603],[11.6813,79.3104,0.0],[11.6755,79.3047,0.0],[11.6828,79.3037,0.0],[11.6797,79.2984,0.0],[11.6974,79.2953,115.0337],[11.6953,79.2922,22.5642],[11.6833,79.2917,0.0],[11.6818,79.2901,0.0],[11.6896,79.2896,0.0],[11.7208,79.2813,293.9646],[11.737,79.2807,509.3411],[11.7354,79.2792,514.5293],[11.7167,79.2792,207.9238],[11.7125,79.2813,182.9487],[11.7063,79.2813,89.5226],[11.7047,79.2797,22.383],[11.712,79.2786,107.0567],[11.7109,79.2755,36.6659],[11.7203,79.2745,184.4999],[11.7109,79.2651,0.0],[11.7188,79.2646,0.0],[11.737,79.2599,123.1516],[11.7359,79.2568,26.0438],[11.7417,79.2562,109.5426],[11.7432,79.2547,90.2366],[11.7333,79.2542,0.0],[11.7318,79.2526,0.0],[11.7474,79.2495,51.9844],[11.7464,79.2464,7.2427],[11.7479,79.2458,26.4903],[11.7557,79.2453,146.5314],[11.7536,79.2422,131.4783],[11.7417,79.2417,0.0],[11.7401,79.2401,0.0],[11.7661,79.2349,57.3642],[11.763,79.2297,0.0],[11.7813,79.225,0.0],[11.7875,79.225,57.4697],[11.7891,79.2245,52.5881],[11.788,79.2214,0.0],[11.8146,79.2146,0.0],[11.8333,79.2146,0.0],[11.8375,79.2167,0.0],[11.8599,79.2172,0.0],[11.85,79.2208,282.9451],[11.8339,79.2234,474.877],[11.8432,79.2338,281.0248],[11.8417,79.2354,251.218],[11.8359,79.2359,348.477],[11.837,79.2391,305.7307],[11.8208,79.2396,457.3972],[11.8167,79.2417,485.6844],[11.8089,79.2422,593.801],[11.8109,79.2453,468.5029],[11.8229,79.2458,252.9193],[11.8292,79.25,157.266],[11.8745,79.2505,0.0],[11.8729,79.2521,0.0],[11.8667,79.2521,0.0],[11.8484,79.2568,0.0],[11.85,79.2583,0.0],[11.8583,79.2583,0.0],[11.862,79.2609,0.0],[11.8604,79.2625,0.0],[11.8547,79.263,0.0],[11.8578,79.2682,0.0],[11.8359,79.2682,0.0],[11.8339,79.2651,0.0],[11.8432,79.2641,0.0],[11.8396,79.2604,0.0],[11.8292,79.2604,0.0],[11.825,79.2583,45.945],[11.8188,79.2583,91.5425],[11.8146,79.2604,100.7569],[11.8083,79.2604,149.2117],[11.8068,79.262,144.7245],[11.813,79.2662,75.7927],[11.8229,79.2667,0.0],[11.8245,79.2682,0.0],[11.8146,79.2708,27.6859],[11.7964,79.2714,147.4832],[11.7995,79.2755,97.3515],[11.7979,79.2771,103.2628],[11.7693,79.2776,470.737],[11.7766,79.2849,147.9546],[11.7672,79.2859,237.4844],[11.7682,79.2891,367.1361],[11.7667,79.2896,345.5236],[11.7521,79.2896,508.063],[11.7375,79.2937,520.4302],[11.7214,79.2943,354.7125],[11.7229,79.2958,290.9095],[11.7328,79.2963,260.2978],[11.7375,79.3,198.0231],[11.7495,79.3005,170.0645],[11.7479,79.3021,261.0587],[11.7417,79.3021,307.5482],[11.7307,79.3057,440.2099]]],
[[[11.813,79.2755,16.8066],[11.8208,79.275,0.0],[11.8224,79.2766,0.0],[11.8125,79.2792,13.9022],[11.8026,79.2786,62.4946],[11.8042,79.2771,65.2581],[11.8104,79.2771,27.1101],[11.813,79.2755,16.8066]]],
[[[11.5854,79.3229,0.0],[11.5932,79.3234,0.0],[11.6,79.3292,0.0],[11.6208,79.3292,0.0],[11.6245,79.3328,0.0],[11.5833,79.3333,0.0],[11.5797,79.3297,0.0],[11.5854,79.3292,0.0],[11.587,79.3276,0.0],[11.563,79.3266,0.0],[11.5729,79.3229,0.0],[11.5854,79.3229,0.0]]],
[[[12.187,79.3005,191.302],[12.1854,79.3021,153.2626],[12.1755,79.3016,76.7096],[12.1771,79.3,196.0292],[12.187,79.3005,191.302]]],
[[[12.4234,79.5255,0.0],[12.4313,79.525,0.0],[12.4328,79.5266,0.0],[12.4229,79.5292,0.0],[12.4026,79.5286,0.0],[12.4042,79.5271,0.0],[12.4208,79.5271,0.0],[12.4234,79.5255,0.0]]],
[[[12.8068,79.5604,30.415],[12.7979,79.5604,0.0],[12.7964,79.5589,3.3708],[12.8167,79.5583,59.5051],[12.8203,79.562,22.6316],[12.8125,79.5625,0.0],[12.8068,79.5604,30.415]]],
[[[12.6167,79.5625,0.0],[12.625,79.5625,0.0],[12.6266,79.5641,0.0],[12.6104,79.5667,0.0],[12.6047,79.5641,0.0],[12.6063,79.5625,0.0],[12.6167,79.5625,0.0]]],
[[[13.9682,79.3068,0.0],[13.9667,79.3083,0.0],[13.9568,79.3078,0.0],[13.9583,79.3063,0.0],[13.9682,79.3068,0.0]]],
[[[13.9375,79.3104,0.0],[13.9391,79.312,0.0],[13.9297,79.312,0.0],[13.9313,79.3104,0.0],[13.9375,79.3104,0.0]]],
[[[13.8813,79.3458,11.7989],[13.8828,79.3474,30.8618],[13.8734,79.3474,111.2478],[13.875,79.3458,76.004],[13.8813,79.3458,11.7989]]],
[[[13.8036,79.3984,0.0],[13.8099,79.4036,0.0],[13.8,79.4063,0.0],[13.7917,79.4063,0.0],[13.7875,79.4042,0.0],[13.7755,79.4036,8.6031],[13.7771,79.4021,9.9927],[13.7938,79.4021,0.0],[13.7953,79.4016,0.0],[13.7943,79.3984,0.0],[13.7958,79.3979,14.4647],[13.8036,79.3984,0.0]]],
[[[13.9932,79.4047,2.8181],[13.9917,79.4063,0.0],[13.9839,79.4057,0.0],[13.9854,79.4042,0.8121],[13.9932,79.4047,2.8181]]],
[[[13.3911,79.4484,0.0],[13.3896,79.45,0.0],[13.3797,79.4495,0.0],[13.3813,79.4479,0.0],[13.3911,79.4484,0.0]]],
[[[13.3271,79.4625,0.0],[13.3286,79.4641,0.0],[13.3193,79.4641,0.0],[13.3208,79.4625,0.0],[13.3271,79.4625,0.0]]],
[[[13.5688,79.4646,353.5291],[13.5703,79.4661,302.9143],[13.5609,79.4661,427.202],[13.5625,79.4646,436.9853],[13.5688,79.4646,353.5291]]],
[[[13.2667,79.4688,0.0],[13.2682,79.4703,0.0],[13.2589,79.4703,0.0],[13.2604,79.4688,0.0],[13.2667,79.4688,0.0]]],
[[[13.4625,79.4792,129.1954],[13.4641,79.4807,48.3406],[13.4547,79.4807,28.0669],[13.4563,79.4792,76.3769],[13.4625,79.4792,129.1954]]],
[[[13.5938,79.4812,0.0],[13.5813,79.4812,0.0],[13.5797,79.4797,0.0],[13.6016,79.4797,0.0],[13.6,79.4812,0.0],[13.5938,79.4812,0.0]]],
[[[13.512,79.5526,0.0],[13.5104,79.5542,0.0],[13.5005,79.5537,0.0],[13.5021,79.5521,0.0],[13.512,79.5526,0.0]]],
[[[13.4542,79.5875,0.0],[13.4417,79.5875,0.0],[13.4401,79.5859,0.0],[13.462,79.5859,0.0],[13.4604,79.5875,0.0],[13.4542,79.5875,0.0]]],
[[[13.326599999999999,79.5891,0.0],[13.3083,79.5896,0.0],[13.3042,79.5917,0.0],[13.2958,79.5917,0.0],[13.2917,79.5896,0.0],[13.2833,79.5896,9.2555],[13.2818,79.588,91.7093],[13.325,79.5875,0.0],[13.326599999999999,79.5891,0.0]]],
[[[13.3146,79.5979,0.0],[13.3161,79.5995,0.0],[13.3068,79.5995,0.0],[13.3083,79.5979,0.0],[13.3146,79.5979,0.0]]],
[[[13.2391,79.6005,0.0],[13.2375,79.6021,0.0],[13.2276,79.6016,0.0],[13.2292,79.6,0.0],[13.2391,79.6005,0.0]]],
[[[10.9516,79.4547,0.0],[10.95,79.4563,0.0],[10.9401,79.4557,0.0],[10.9417,79.4542,3.6111],[10.9516,79.4547,0.0]]],
[[[10.7849,79.4818,0.0],[10.7833,79.4833,0.0],[10.7734,79.4828,0.0],[10.775,79.4812,0.0],[10.7849,79.4818,0.0]]],
[[[10.7396,79.5062,0.0],[10.7313,79.5062,0.0],[10.7276,79.5026,0.0],[10.7354,79.5021,0.0],[10.7396,79.5042,0.0],[10.7516,79.5047,0.0],[10.75,79.5062,0.0],[10.7396,79.5062,0.0]]],
[[[10.9167,79.5563,14.0474],[10.9182,79.5578,5.8397],[10.9089,79.5578,29.3188],[10.9104,79.5563,32.0715],[10.9167,79.5563,14.0474]]],
[[[12.6688,79.5667,0.0],[12.6563,79.5667,0.0],[12.6547,79.5651,7.8263],[12.6766,79.5651,0.0],[12.675,79.5667,0.0],[12.6688,79.5667,0.0]]],
[[[12.6943,79.5693,0.0],[12.7021,79.5687,0.0],[12.7036,79.5703,0.0],[12.6964,79.5714,0.0],[12.6974,79.5745,0.0],[12.6958,79.575,8.551],[12.6734,79.5724,0.0],[12.675,79.5708,0.0],[12.6917,79.5708,0.0],[12.6943,79.5693,0.0]]],
[[[12.8786,79.572,17.6329],[12.8708,79.5729,0.0],[12.8693,79.5714,0.0],[12.8771,79.5708,1.49],[12.8786,79.572,17.6329]]],
[[[12.7771,79.5833,0.0],[12.7786,79.5849,0.0],[12.7693,79.5849,0.0],[12.7708,79.5833,0.0],[12.7771,79.5833,0.0]]],
[[[12.3667,79.5875,0.0],[12.3682,79.5891,0.0],[12.3589,79.5891,0.0],[12.3604,79.5875,0.0],[12.3667,79.5875,0.0]]],
[[[12.6724,79.5901,0.0],[12.6708,79.5917,0.0],[12.6609,79.5911,0.0],[12.6625,79.5896,0.0],[12.6724,79.5901,0.0]]],
[[[12.9599,79.5901,0.0],[12.9583,79.5917,0.0],[12.9484,79.5911,0.0],[12.95,79.5896,0.0],[12.9599,79.5901,0.0]]],
[[[12.8563,79.6083,0.0],[12.8438,79.6083,0.0],[12.8422,79.6068,0.0],[12.875,79.6062,0.0],[12.8786,79.6099,0.0],[12.8708,79.6104,0.0],[12.8667,79.6083,0.0],[12.8563,79.6083,0.0]]],
[[[12.95,79.6396,0.0],[12.951599999999999,79.6412,0.0],[12.9422,79.6412,0.0],[12.9438,79.6396,0.0],[12.95,79.6396,0.0]]],
[[[11.912,79.7026,493.3865],[11.9104,79.7042,606.7706],[11.9005,79.7037,660.1864],[11.9021,79.7021,587.8578],[11.912,79.7026,493.3865]]],
[[[11.975,79.7292,92.6837],[11.9583,79.7312,256.187],[11.9542,79.7333,64.8232],[11.9318,79.7307,244.8784],[11.9417,79.7271,410.989],[11.9708,79.7271,194.5044],[11.9807,79.7245,98.3187],[11.9797,79.7214,120.2628],[11.9891,79.7203,52.2438],[11.988,79.7172,48.6788],[11.9896,79.7167,65.6225],[11.9974,79.7172,8.7261],[12.0026,79.7224,0.0],[12.0057,79.7234,0.0],[12.0042,79.725,0.0],[11.9964,79.7255,0.0],[11.9974,79.7286,0.0],[11.9958,79.7292,0.0],[11.975,79.7292,92.6837]]],
[[[11.9641,79.738,0.0],[11.9625,79.7396,0.0],[11.9526,79.7391,0.0],[11.9542,79.7375,0.0],[11.9641,79.738,0.0]]],
[[[13.2182,79.6036,0.0],[13.2104,79.6042,0.0],[13.1979,79.6083,0.0],[13.1901,79.6078,0.0],[13.1917,79.6062,0.0],[13.1974,79.6057,0.0],[13.1964,79.6026,0.0],[13.1979,79.6021,0.0],[13.2167,79.6021,0.0],[13.2182,79.6036,0.0]]],
[[[14.1125,79.6083,21.9135],[14.1141,79.6099,2.2667],[14.1047,79.6099,0.0],[14.1063,79.6083,27.9083],[14.1125,79.6083,21.9135]]],
[[[13.4896,79.6146,6.6694],[13.4979,79.6146,0.0],[13.4995,79.6162,0.0],[13.4896,79.6188,0.0],[13.4813,79.6188,0.0],[13.4724,79.613,2.2693],[13.4609,79.612,5.1044],[13.4568,79.6099,13.5755],[13.4547,79.6068,10.8408],[13.4995,79.6068,2.5104],[13.4979,79.6083,9.7647],[13.4922,79.6088,14.9429],[13.4932,79.612,6.1888],[13.4859,79.613,1.3353],[13.4896,79.6146,6.6694]]],
[[[14.1703,79.6151,0.0],[14.1688,79.6167,0.0],[14.1589,79.6162,0.0],[14.1604,79.6146,0.0],[14.1703,79.6151,0.0]]],
[[[14.1667,79.6583,0.0],[14.1583,79.6583,0.0],[14.1547,79.6547,0.0],[14.1646,79.6542,0.0],[14.1688,79.6563,0.0],[14.1786,79.6568,0.0],[14.1771,79.6583,0.0],[14.1667,79.6583,0.0]]],
[[[13.35,79.6813,7.091],[13.3313,79.6813,0.0],[13.3271,79.6833,0.0],[13.3208,79.6833,0.0],[13.313,79.6776,0.0],[13.3438,79.6771,2.0312],[13.3453,79.6755,0.0],[13.3333,79.675,0.0],[13.3318,79.6734,0.3809],[13.3391,79.6724,1.745],[13.338,79.6693,0.0],[13.3396,79.6687,0.0],[13.3563,79.6687,0.0],[13.3604,79.6667,0.0],[13.3667,79.6667,0.0],[13.3708,79.6687,0.0],[13.4182,79.6693,0.0],[13.4167,79.6708,0.0],[13.4109,79.6713,7.0392],[13.4141,79.6766,0.0],[13.4042,79.6792,1.4868],[13.3854,79.6771,10.9256],[13.3813,79.6792,1.4685],[13.3646,79.6792,9.3306],[13.3604,79.6813,0.0],[13.35,79.6813,7.091]]],
[[[13.2417,79.6708,6.0086],[13.2474,79.6713,2.2626],[13.2495,79.6745,6.448],[13.2422,79.6755,10.2075],[13.2432,79.6787,3.7607],[13.2417,79.6792,0.0],[13.2333,79.6792,0.0],[13.2271,79.675,10.6698],[13.2151,79.6745,0.0],[13.225,79.6708,7.6518],[13.2417,79.6708,6.0086]]],
[[[13.639099999999999,79.6776,0.0],[13.6375,79.6792,1.446],[13.6276,79.6787,1.773],[13.6292,79.6771,2.3506],[13.639099999999999,79.6776,0.0]]],
[[[13.4786,79.6797,0.0],[13.4771,79.6813,0.0],[13.4672,79.6807,0.0],[13.4688,79.6792,0.0],[13.4786,79.6797,0.0]]],
[[[13.4099,79.6901,0.0],[13.4083,79.6917,0.0],[13.3984,79.6911,0.0],[13.4,79.6896,0.0],[13.4099,79.6901,0.0]]],
[[[13.3083,79.6937,0.0],[13.3099,79.6953,0.0],[13.3005,79.6953,0.0],[13.3021,79.6937,0.0],[13.3083,79.6937,0.0]]],
[[[13.8557,79.7276,0.0],[13.8542,79.7292,0.0],[13.8443,79.7286,0.0],[13.8458,79.7271,0.0],[13.8557,79.7276,0.0]]],
[[[13.8917,79.7479,0.0],[13.8833,79.7479,0.0],[13.8818,79.7464,0.0],[13.8932,79.7464,0.0],[13.8917,79.7479,0.0]]],
[[[11.5104,79.6271,0.0],[11.5021,79.6271,0.0],[11.4984,79.6234,0.0],[11.5063,79.6229,0.0],[11.5104,79.625,0.0],[11.5224,79.6255,0.0],[11.5208,79.6271,0.0],[11.5104,79.6271,0.0]]],
[[[11.4021,79.6354,0.0],[11.3943,79.6349,0.0],[11.3922,79.6318,0.0],[11.4016,79.6318,0.0],[11.4036,79.6339,0.0],[11.4021,79.6354,0.0]]],
[[[10.8563,79.7229,18.5857],[10.8396,79.7229,109.3472],[10.8354,79.725,21.1004],[10.8271,79.725,0.0],[10.8214,79.7193,-0.7117],[10.8292,79.7188,-0.763],[10.8417,79.7146,98.2457],[10.8604,79.7146,94.6938],[10.8703,79.7109,288.7245],[10.8625,79.7104,303.8673],[10.8583,79.7125,220.2003],[10.85,79.7125,227.9001],[10.8458,79.7104,323.3423],[10.8375,79.7104,329.6391],[10.8333,79.7125,282.3841],[10.7958,79.7146,253.3392],[10.7917,79.7167,236.8891],[10.7625,79.7167,207.9708],[10.7583,79.7188,71.4662],[10.7396,79.7188,99.2245],[10.7354,79.7167,203.3062],[10.725,79.7167,126.8272],[10.7234,79.7151,9.9181],[10.7328,79.7141,81.7078],[10.7297,79.7099,69.3031],[10.7313,79.7083,0.0],[10.7479,79.7083,103.0457],[10.7708,79.7021,0.0],[10.7875,79.7021,6.6526],[10.8021,79.6979,0.0],[10.8313,79.6979,3.8228],[10.8354,79.6958,0.0],[10.8766,79.6953,0.0],[10.8729,79.6917,99.5471],[10.8521,79.6917,114.8464],[10.8479,79.6896,138.9893],[10.8151,79.6911,2.5968],[10.8167,79.6896,-0.0384],[10.8229,79.6896,15.16],[10.8271,79.6875,40.0625],[10.8453,79.687,63.0159],[10.8417,79.6833,202.8929],[10.8333,79.6833,232.4981],[10.8292,79.6854,146.4949],[10.8125,79.6854,167.2271],[10.8083,79.6875,49.6683],[10.7792,79.6875,170.0178],[10.775,79.6896,26.1136],[10.7563,79.6896,2.1182],[10.75,79.6854,37.9085],[10.738,79.6849,0.0],[10.7396,79.6833,0.0],[10.7458,79.6833,2.6915],[10.7583,79.6792,0.0],[10.7751,79.6771,17.6597],[10.7766,79.6766,46.3735],[10.7755,79.6734,15.987],[10.7771,79.6729,15.8381],[10.7833,79.6729,15.9271],[10.7875,79.675,100.1238],[10.8063,79.675,40.8194],[10.8104,79.6729,17.8654],[10.8286,79.6724,74.2824],[10.8271,79.6708,173.5468],[10.8047,79.6703,102.0803],[10.8063,79.6687,191.6518],[10.8141,79.6682,187.4188],[10.8125,79.6667,197.2885],[10.8042,79.6667,179.8827],[10.8,79.6687,165.5644],[10.7583,79.6687,0.0],[10.7547,79.6651,0.0],[10.7604,79.6646,4.1559],[10.762,79.663,41.3566],[10.7521,79.6625,13.3212],[10.7484,79.6599,0.0],[10.75,79.6583,0.0],[10.7667,79.6583,4.0058],[10.7682,79.6578,5.0293],[10.7672,79.6547,0.0],[10.7745,79.6536,6.532],[10.7734,79.6505,10.0168],[10.7813,79.65,27.7958],[10.7854,79.6479,12.2105],[10.8146,79.6479,0.0],[10.8188,79.6458,0.0],[10.8375,79.6458,0.0],[10.8417,79.6479,0.0],[10.8479,79.6479,0.0],[10.8521,79.6458,0.0],[10.8813,79.6458,5.3431],[10.8828,79.6453,0.0],[10.8818,79.6422,0.0],[10.8917,79.6396,2.6854],[10.9229,79.6396,0.0],[10.9245,79.6412,0.0],[10.9146,79.6438,0.0],[10.8958,79.6438,0.0],[10.8943,79.6453,0.0],[10.9188,79.6458,0.0],[10.9234,79.6495,13.1783],[10.9333,79.65,0.0],[10.9396,79.6542,0.0],[10.9516,79.6547,0.0],[10.9604,79.6625,36.3318],[10.9792,79.6604,0.0],[10.9854,79.6646,17.7168],[11.0188,79.6646,0.0],[11.0229,79.6667,0.0],[11.0313,79.6667,0.5962],[11.0438,79.6625,0.0],[11.0521,79.6625,0.0],[11.0563,79.6646,1.9322],[11.0661,79.6651,0.0],[11.0708,79.6687,5.7145],[11.0828,79.6693,0.0],[11.0813,79.6708,0.0],[11.0755,79.6713,11.0331],[11.076599999999999,79.6745,1.8704],[11.0672,79.6755,7.305],[11.0682,79.6787,0.0],[11.0609,79.6797,6.2006],[11.0641,79.6839,5.4472],[11.0625,79.6854,5.2781],[11.0458,79.6875,2.8271],[11.0417,79.6854,21.1978],[11.0333,79.6854,15.0331],[11.0104,79.6917,2.1601],[10.9938,79.6917,0.9384],[10.9922,79.6932,2.7507],[11.0042,79.6937,2.0731],[11.0057,79.6953,-0.1195],[10.9964,79.6964,3.1416],[10.9974,79.6995,4.3178],[10.9875,79.7021,0.0],[10.9813,79.7021,0.0],[10.9583,79.7083,12.7793],[10.9505,79.7089,24.2799],[10.9521,79.7104,24.4335],[10.9641,79.7109,6.8023],[10.9661,79.7141,0.0],[10.9604,79.7146,0.7317],[10.9589,79.7161,1.7043],[10.9625,79.7188,9.7261],[10.9724,79.7193,0.0],[10.9708,79.7208,0.0],[10.9542,79.7208,42.3093],[10.95,79.7229,49.5259],[10.9417,79.7229,31.0361],[10.9375,79.7208,7.1804],[10.9292,79.7208,0.0],[10.925,79.7188,0.0],[10.9063,79.7188,65.2004],[10.8917,79.7229,0.0],[10.8729,79.7208,142.7233],[10.8688,79.7229,17.0777],[10.8563,79.7229,18.5857]]],
[[[10.775,79.7771,121.8827],[10.7563,79.7771,79.8932],[10.7521,79.7792,70.0258],[10.7438,79.7792,1.3525],[10.7422,79.7776,3.9786],[10.75,79.7771,41.0273],[10.7516,79.7755,48.2029],[10.7276,79.7766,0.0],[10.7292,79.775,0.0],[10.737,79.7745,12.2577],[10.7313,79.7688,53.3058],[10.6875,79.7708,0.0],[10.6839,79.7672,0.0],[10.6932,79.7662,10.4209],[10.6901,79.762,84.7067],[10.6917,79.7604,184.3336],[10.7,79.7604,258.2786],[10.7042,79.7625,24.1034],[10.7229,79.7625,32.0119],[10.7328,79.7589,47.1539],[10.7292,79.7562,333.0501],[10.7104,79.7562,338.8573],[10.7063,79.7583,286.6931],[10.6896,79.7583,261.2656],[10.6854,79.7604,107.2928],[10.6771,79.7604,55.3424],[10.6755,79.7589,102.1811],[10.6833,79.7583,213.2681],[10.6849,79.7568,254.1386],[10.675,79.7562,233.0108],[10.6708,79.7583,133.8988],[10.6646,79.7583,80.2218],[10.663,79.7568,65.009],[10.6688,79.7562,165.7657],[10.6703,79.7547,147.3982],[10.6604,79.7542,28.6767],[10.6589,79.7526,0.0],[10.7104,79.75,23.6867],[10.7229,79.7458,0.0],[10.7396,79.7458,0.0],[10.7542,79.7417,0.0],[10.7604,79.7417,0.0],[10.7646,79.7396,0.0],[10.8042,79.7396,0.0],[10.8083,79.7375,0.0],[10.85,79.7396,135.9649],[10.8542,79.7375,0.0],[10.9063,79.7375,23.7569],[10.9104,79.7354,0.0],[10.9188,79.7354,0.0],[10.9229,79.7375,11.5788],[10.9646,79.7375,3.644],[10.9792,79.7333,0.0],[10.9875,79.7333,2.0052],[10.9953,79.7401,1.338],[10.9938,79.7417,0.0],[10.9875,79.7417,2.8385],[10.9833,79.7438,0.0],[10.9771,79.7438,6.4923],[10.9729,79.7417,10.9896],[10.9521,79.7417,4.1238],[10.9208,79.75,6.9067],[10.9109,79.7495,11.1747],[10.9068,79.7453,102.4879],[10.9083,79.7438,69.2729],[10.9161,79.7432,18.699],[10.9146,79.7417,39.3232],[10.8938,79.7417,205.0238],[10.8813,79.7458,302.0346],[10.8651,79.7484,376.6229],[10.8661,79.7516,154.7547],[10.8646,79.7521,143.3492],[10.8458,79.7521,402.5336],[10.8443,79.7536,386.7779],[10.8505,79.7578,115.0961],[10.8583,79.7583,71.9728],[10.8599,79.7578,138.8485],[10.8589,79.7547,195.3819],[10.8604,79.7542,168.1137],[10.8771,79.7542,55.2231],[10.8813,79.7521,16.4164],[10.9021,79.7521,6.2297],[10.9099,79.7599,0.0],[10.9021,79.7604,0.0],[10.8896,79.7646,75.3303],[10.8708,79.7646,1.6621],[10.8609,79.7672,1.7388],[10.862,79.7703,1.5748],[10.8604,79.7708,0.0],[10.8417,79.7688,2.063],[10.8271,79.7729,29.6491],[10.8104,79.7729,9.742],[10.8063,79.775,5.7178],[10.7979,79.775,10.8047],[10.7964,79.7734,45.2425],[10.8042,79.7729,46.6199],[10.8057,79.7714,56.9267],[10.7833,79.7708,319.0685],[10.7818,79.7724,134.1525],[10.7849,79.7734,35.3847],[10.787,79.7766,107.1981],[10.775,79.7771,121.8827]]],
[[[11.3063,79.7729,298.8732],[11.312,79.7734,346.6883],[11.3141,79.7766,203.7653],[11.3042,79.7792,93.0573],[11.2943,79.7786,52.3541],[11.2958,79.7771,56.9163],[11.3016,79.7766,85.8102],[11.3005,79.7734,167.8824],[11.3063,79.7729,298.8732]]],
[[[11.2911,79.7755,101.0772],[11.2896,79.7771,62.5613],[11.2797,79.7766,121.1165],[11.2813,79.775,180.7945],[11.2911,79.7755,101.0772]]],
[[[11.3536,79.8016,306.7663],[11.3458,79.8021,284.7556],[11.3333,79.8063,216.289],[11.325,79.8063,204.3759],[11.3208,79.8042,200.336],[11.2984,79.8037,42.1047],[11.3,79.8021,8.3841],[11.3146,79.8,0.0],[11.3188,79.7979,0.0],[11.3354,79.7979,56.4567],[11.337,79.7974,56.4567],[11.3359,79.7943,0.0],[11.3375,79.7937,0.0],[11.3667,79.7937,0.0],[11.3708,79.7917,0.0],[11.3896,79.7917,0.0],[11.3932,79.7943,81.7352],[11.3917,79.7958,35.2291],[11.375,79.7958,188.4171],[11.3536,79.8016,306.7663]]],
[[[11.5516,79.8099,44.7213],[11.5333,79.8104,43.3301],[11.5292,79.8125,19.3555],[11.5208,79.8125,0.0],[11.5172,79.8089,0.0],[11.5245,79.8078,8.0076],[11.5234,79.8047,131.6393],[11.525,79.8042,165.4231],[11.5417,79.8042,84.747],[11.5458,79.8021,130.3012],[11.5557,79.8026,0.0],[11.5484,79.8057,39.7489],[11.5599,79.8068,0.0],[11.5516,79.8099,44.7213]]],
[[[12.1792,79.8146,7.1014],[12.1708,79.8146,40.3032],[12.1693,79.813,29.5091],[12.1807,79.813,130.7844],[12.1792,79.8146,7.1014]]],
[[[11.8286,79.837,15.5852],[11.8208,79.8375,85.7674],[11.8172,79.8339,110.9405],[11.825,79.8333,0.0],[11.8286,79.837,15.5852]]],
[[[11.6099,79.8411,80.1195],[11.6021,79.8417,222.7482],[11.5896,79.8458,106.8131],[11.5708,79.8458,10.7594],[11.5667,79.8438,103.4557],[11.5438,79.8438,11.5504],[11.5401,79.8401,0.0],[11.5479,79.8396,16.8611],[11.5495,79.838,57.6027],[11.5438,79.8354,55.687],[11.5354,79.8354,0.0],[11.5339,79.8339,0.0],[11.5411,79.8328,1.8704],[11.5401,79.8297,5.486],[11.5417,79.8292,0.0],[11.55,79.8292,0.0],[11.5542,79.8313,6.2423],[11.5625,79.8313,0.0],[11.5667,79.8333,0.0],[11.6146,79.8354,0.0],[11.6203,79.838,0.0],[11.6188,79.8396,0.0],[11.6125,79.8396,14.4941],[11.6099,79.8411,80.1195]]],
[[[11.8099,79.8403,27.9952],[11.8083,79.8417,3.9161],[11.8005,79.8411,4.6958],[11.8021,79.8396,10.9667],[11.8099,79.8403,27.9952]]],
[[[11.4667,79.8542,166.4836],[11.4724,79.8547,158.6419],[11.4745,79.8578,155.1317],[11.4646,79.8604,220.7695],[11.4437,79.8604,0.0],[11.4422,79.8588,0.0],[11.45,79.8583,60.5984],[11.451599999999999,79.8568,27.1709],[11.4479,79.8542,95.3839],[11.425,79.8542,0.0],[11.4234,79.8526,0.0],[11.4313,79.8521,24.7785],[11.4328,79.8516,61.9596],[11.4318,79.8484,0.0],[11.4479,79.8458,19.3975],[11.4604,79.8417,0.0],[11.4828,79.8422,0.0],[11.4813,79.8438,0.0],[11.4734,79.8443,12.929],[11.4776,79.8495,95.641],[11.4807,79.8505,94.6763],[11.4792,79.8521,116.8906],[11.4708,79.8521,242.8655],[11.4667,79.85,184.6934],[11.4568,79.8505,261.08],[11.4589,79.8536,203.8797],[11.4667,79.8542,166.4836]]],
[[[15.2703,79.5141,0.0],[15.2625,79.5146,0.0],[15.25,79.5188,0.0],[15.2438,79.5188,0.0],[15.238,79.5162,0.0],[15.2396,79.5146,0.0],[15.2563,79.5146,0.0],[15.2578,79.5141,0.0],[15.2568,79.5109,29.4827],[15.2583,79.5104,50.0048],[15.2729,79.5104,32.1319],[15.2745,79.5099,30.2863],[15.2734,79.5068,136.9474],[15.275,79.5062,162.0091],[15.2953,79.5068,3.0102],[15.2938,79.5083,0.0],[15.2703,79.5141,0.0]]],
[[[15.2958,79.5542,0.0],[15.2833,79.5542,0.0],[15.2818,79.5526,0.0],[15.3036,79.5526,0.0],[15.3021,79.5542,0.0],[15.2958,79.5542,0.0]]],
[[[15.2188,79.5583,40.2528],[15.2203,79.5599,43.5074],[15.2109,79.5599,108.7901],[15.2125,79.5583,108.7365],[15.2188,79.5583,40.2528]]],
[[[15.2646,79.5687,0.0],[15.2708,79.5667,0.0],[15.2771,79.5667,0.0],[15.2807,79.5703,0.0],[15.2589,79.5703,0.0],[15.2604,79.5687,0.0],[15.2646,79.5687,0.0]]],
[[[15.7464,79.2182,0.0],[15.7438,79.2167,0.0],[15.7354,79.2167,0.0],[15.7339,79.2151,0.0],[15.7521,79.2146,0.0],[15.7578,79.2172,0.0],[15.7562,79.2188,0.0],[15.7464,79.2182,0.0]]],
[[[15.8828,79.3109,0.0],[15.8813,79.3125,0.0],[15.8714,79.312,0.0],[15.8729,79.3104,0.0],[15.8828,79.3109,0.0]]],
[[[15.7536,79.638,0.0],[15.7521,79.6396,0.0],[15.7422,79.6391,0.0],[15.7438,79.6375,0.0],[15.7536,79.638,0.0]]],
[[[16.0641,79.8714,0.0],[16.0625,79.8729,0.0],[16.0526,79.8724,1.5422],[16.0542,79.8708,0.0],[16.0641,79.8714,0.0]]],
[[[15.3063,79.5729,0.0],[15.3104,79.5708,0.0],[15.3188,79.5708,0.0],[15.3224,79.5745,0.0],[15.3005,79.5745,0.0],[15.3021,79.5729,0.0],[15.3063,79.5729,0.0]]],
[[[15.2917,79.5771,0.0],[15.2932,79.5787,0.0],[15.2839,79.5787,0.0],[15.2854,79.5771,0.0],[15.2917,79.5771,0.0]]],
[[[15.288,79.5964,0.0],[15.2958,79.5958,0.0],[15.2974,79.5974,0.0],[15.2875,79.6,0.0],[15.2797,79.5995,0.0],[15.288,79.5964,0.0]]],
[[[15.1292,79.6458,0.0],[15.1167,79.6458,0.0],[15.1151,79.6443,0.0],[15.137,79.6443,0.0],[15.1354,79.6458,0.0],[15.1292,79.6458,0.0]]],
[[[15.0995,79.6589,0.0],[15.0979,79.6604,0.0],[15.088,79.6599,0.0],[15.0896,79.6583,0.0],[15.0995,79.6589,0.0]]],
[[[15.1203,79.6651,0.0],[15.1188,79.6667,0.0],[15.1089,79.6661,0.0],[15.1104,79.6646,0.0],[15.1203,79.6651,0.0]]],
[[[15.1271,79.6792,0.0],[15.1286,79.6807,0.0],[15.1193,79.6807,0.0],[15.1208,79.6792,0.0],[15.1271,79.6792,0.0]]],
[[[15.1474,79.6839,0.0],[15.1458,79.6854,0.0],[15.1359,79.6849,0.0],[15.1375,79.6833,0.0],[15.1474,79.6839,0.0]]],
[[[15.1271,79.6979,0.0],[15.1208,79.6979,0.0],[15.1193,79.6964,0.0],[15.1307,79.6964,0.0],[15.1271,79.6979,0.0]]],
[[[16.0474,79.8755,0.0],[16.0495,79.8786,0.0],[16.0396,79.8812,0.0],[16.0318,79.8807,0.0],[16.0333,79.8792,0.0],[16.0391,79.8786,0.0],[16.0359,79.8755,0.0],[16.0474,79.8755,0.0]]],
[[[17.8182,79.6401,8.3623],[17.8167,79.6417,17.6932],[17.8068,79.6412,20.4845],[17.8083,79.6396,20.4286],[17.8182,79.6401,8.3623]]],
[[[18.4229,79.7937,0.0],[18.4245,79.7953,0.0],[18.4151,79.7953,0.0],[18.4167,79.7937,0.0],[18.4229,79.7937,0.0]]],
[[[18.3536,79.813,0.0],[18.3521,79.8146,0.0],[18.3422,79.8141,0.0],[18.3438,79.8125,0.0],[18.3536,79.813,0.0]]],
[[[18.2474,79.8401,0.0],[18.2458,79.8417,0.0],[18.2359,79.8411,0.0],[18.2375,79.8396,0.0],[18.2474,79.8401,0.0]]],
[[[18.2307,79.8505,0.0],[18.2292,79.8521,0.0],[18.2193,79.8516,0.0],[18.2208,79.85,0.0],[18.2307,79.8505,0.0]]],
[[[18.0958,79.8979,6.7028],[18.1021,79.8958,6.2825],[18.1083,79.8958,4.9116],[18.1125,79.8979,5.8636],[18.125,79.8979,3.4347],[18.1307,79.9016,1.1154],[18.0854,79.9021,5.6227],[18.0797,79.8995,0.0],[18.0812,79.8979,0.0],[18.0958,79.8979,6.7028]]],
[[[18.2016,79.9401,0.0],[18.2,79.9417,0.0],[18.1901,79.9411,0.0],[18.1917,79.9396,0.0],[18.2016,79.9401,0.0]]],
[[[18.0036,79.9578,4.1],[18.0063,79.9563,6.988],[18.0146,79.9563,9.4936],[18.0224,79.962,12.14],[18.0021,79.9625,3.7075],[17.9964,79.9599,4.6301],[17.9979,79.9583,2.1705],[18.0036,79.9578,4.1]]],
[[[16.5891,79.9464,12.9067],[16.5875,79.9479,14.9386],[16.5776,79.9474,17.7412],[16.5792,79.9458,18.0113],[16.5891,79.9464,12.9067]]],
[[[16.6599,79.9464,5.2172],[16.6583,79.9479,5.0877],[16.6484,79.9474,4.1376],[16.65,79.9458,4.0706],[16.6599,79.9464,5.2172]]],
[[[16.6458,79.95,4.2036],[16.6542,79.95,2.9312],[16.6557,79.9516,4.369],[16.6458,79.9542,4.2634],[16.6375,79.9542,5.781],[16.6318,79.9516,4.3649],[16.6333,79.95,5.1236],[16.6458,79.95,4.2036]]],
[[[16.5995,79.9526,8.7575],[16.5979,79.9542,9.8193],[16.588,79.9537,19.1012],[16.5896,79.9521,17.4074],[16.5995,79.9526,8.7575]]],
[[[18.4396,79.9583,0.0],[18.4479,79.9583,0.0],[18.4495,79.9599,0.0],[18.4396,79.9625,0.0],[18.4297,79.962,0.0],[18.4297,79.9609,0.0],[18.4396,79.9583,0.0]]],
[[[18.4021,79.9625,0.0],[18.3958,79.9625,0.0],[18.3901,79.9589,0.0],[18.4125,79.9583,0.0],[18.4182,79.9609,0.0],[18.4167,79.9625,0.0],[18.4021,79.9625,0.0]]],
[[[18.4599,79.9786,0.0],[18.45,79.9792,27.4638],[18.4484,79.9776,39.0918],[18.4583,79.9771,0.0],[18.4599,79.9786,0.0]]],
[[[18.2979,79.9854,0.0],[18.3063,79.9854,0.0],[18.3078,79.987,0.0],[18.2979,79.9896,0.0],[18.288,79.9891,0.0],[18.288,79.988,0.0],[18.2979,79.9854,0.0]]],
[[[15.0516,79.6911,0.0],[15.0417,79.6917,0.0],[15.0401,79.6901,0.0],[15.05,79.6896,0.0],[15.0516,79.6911,0.0]]],
[[[15.0708,79.6958,0.0],[15.0604,79.6958,0.0],[15.0589,79.6943,0.0],[15.0807,79.6943,0.0],[15.0792,79.6958,0.0],[15.0708,79.6958,0.0]]],
[[[15.0042,79.7167,0.0],[14.9875,79.7167,0.0],[14.9833,79.7188,0.0],[14.9771,79.7188,0.0],[14.9714,79.7151,0.0],[14.9812,79.7125,0.0],[15.0208,79.7125,0.0],[15.025,79.7104,0.0],[15.0349,79.7109,0.0],[15.0333,79.7125,0.0],[15.0208,79.7146,0.0],[15.0167,79.7167,0.0],[15.0042,79.7167,0.0]]],
[[[14.5526,80.0245,0.0],[14.5646,80.025,0.0],[14.5724,80.0307,0.0],[14.5625,80.0313,0.7376],[14.5563,80.0271,0.0],[14.5354,80.0292,0.0],[14.525,80.0229,0.0],[14.5,80.0208,0.0],[14.4917,80.0167,0.7705],[14.4854,80.0167,0.386],[14.4813,80.0188,0.0],[14.4604,80.0188,0.0],[14.4568,80.0151,1.3469],[14.4641,80.0141,0.7004],[14.4609,80.012,0.0],[14.4625,80.0104,0.0],[14.4813,80.0083,0.0],[14.4828,80.0099,0.0],[14.475,80.0104,1.4586],[14.4734,80.012,1.8777],[14.4854,80.0125,1.8789],[14.4896,80.0146,1.7675],[14.5021,80.0146,0.0],[14.5083,80.0188,0.7122],[14.5188,80.0188,0.0],[14.5229,80.0208,1.5388],[14.5333,80.0208,0.0],[14.5375,80.0229,1.7055],[14.55,80.0229,0.0],[14.5526,80.0245,0.0]]],
[[[14.4578,80.0255,1.6473],[14.4547,80.0245,2.0986],[14.4526,80.0214,0.933],[14.4641,80.0214,0.0],[14.4724,80.0286,0.0],[14.4625,80.0292,1.8896],[14.4578,80.0255,1.6473]]],
[[[11.2979,79.8646,236.551],[11.2854,79.8646,150.3434],[11.2813,79.8667,84.1991],[11.2714,79.8662,11.1535],[11.2807,79.863,34.0081],[11.2688,79.8625,0.0],[11.2672,79.8609,0.0],[11.275,79.8604,0.0],[11.2849,79.8568,6.9175],[11.2813,79.8542,18.2486],[11.2693,79.8536,9.3288],[11.2651,79.8484,0.0],[11.2745,79.8474,70.4611],[11.2734,79.8443,0.0],[11.2833,79.8417,0.0],[11.3021,79.8417,38.0572],[11.3146,79.8375,0.0],[11.3474,79.838,42.9804],[11.3458,79.8396,167.1087],[11.3401,79.8401,213.6626],[11.3411,79.8432,140.3391],[11.3396,79.8438,119.2217],[11.3333,79.8438,195.4949],[11.3208,79.8479,345.0832],[11.313,79.8484,377.9787],[11.3146,79.85,354.4938],[11.326599999999999,79.8505,74.4469],[11.325,79.8521,44.0136],[11.3172,79.8526,297.012],[11.3188,79.8542,145.0274],[11.3396,79.8521,0.0],[11.3432,79.8557,0.0],[11.3255,79.8588,67.0902],[11.326599999999999,79.862,40.5701],[11.325,79.8625,28.1145],[11.3063,79.8625,281.0093],[11.3021,79.8646,240.2448],[11.2979,79.8646,236.551]]],
[[[11.6208,79.8562,79.2354],[11.6083,79.8562,106.7276],[11.6068,79.8568,140.2601],[11.6078,79.8599,0.0],[11.6063,79.8604,12.3317],[11.5854,79.8604,52.6946],[11.5807,79.8568,91.3016],[11.5708,79.8562,34.8341],[11.5651,79.8526,0.0],[11.5958,79.8521,0.0],[11.6,79.85,0.0],[11.6083,79.85,0.0],[11.6146,79.8542,19.8549],[11.6266,79.8547,18.5132],[11.625,79.8562,54.8253],[11.6208,79.8562,79.2354]]],
[[[11.4667,79.8646,24.1248],[11.4604,79.8646,0.0],[11.4589,79.863,85.9219],[11.4703,79.863,151.0925],[11.4667,79.8646,24.1248]]],
[[[11.4833,79.8646,0.0],[11.4849,79.8662,0.0],[11.4771,79.8667,29.4819],[11.4729,79.8688,31.2544],[11.463,79.8682,0.0],[11.4646,79.8667,0.0],[11.4708,79.8667,10.3027],[11.475,79.8646,111.2384],[11.4833,79.8646,0.0]]],
[[[11.5604,79.8771,0.0],[11.5568,79.8755,0.0],[11.5661,79.8755,0.0],[11.5646,79.8771,0.0],[11.5604,79.8771,0.0]]],
[[[16.6104,79.9563,5.7538],[16.6042,79.9563,7.0811],[16.6026,79.9547,7.9425],[16.6141,79.9547,6.3122],[16.6104,79.9563,5.7538]]],
[[[16.6063,79.9604,8.5774],[16.6,79.9604,7.9574],[16.5984,79.9589,7.6004],[16.6099,79.9589,8.192],[16.6063,79.9604,8.5774]]],
[[[16.525,79.9771,16.4613],[16.5187,79.9771,19.6524],[16.5172,79.9755,18.8239],[16.5286,79.9755,14.2432],[16.525,79.9771,16.4613]]],
[[[17.2021,82.5375,0.0],[17.1958,82.5375,0.0],[17.1943,82.5359,0.0],[17.2245,82.5359,0.0],[17.2229,82.5375,0.0],[17.2021,82.5375,0.0]]],
[[[16.9083,82.5375,0.0],[16.9047,82.5359,0.0],[17.0641,82.5359,0.0],[17.0625,82.5375,0.0],[16.9083,82.5375,0.0]]],
[[[25.2833,80.2438,0.0],[25.2771,80.2438,0.0],[25.2755,80.2422,0.0],[25.2974,80.2422,6.4516],[25.2958,80.2438,11.2231],[25.2833,80.2438,0.0]]],
[[[25.5141,80.2547,0.0],[25.5,80.2604,0.0],[25.4776,80.2599,0.0],[25.4792,80.2583,0.0],[25.4938,80.2583,0.0],[25.5063,80.2542,0.0],[25.5141,80.2547,0.0]]],
[[[25.3937,80.2583,0.0],[25.3922,80.2599,0.0],[25.3953,80.262,0.0],[25.3901,80.263,0.0],[25.3932,80.2662,0.0],[25.3729,80.2667,0.0],[25.3651,80.263,0.0],[25.3771,80.2604,0.0],[25.3786,80.2589,0.0],[25.3708,80.2562,0.0],[25.3625,80.2562,0.0],[25.3583,80.2583,0.0],[25.35,80.2583,0.0],[25.3484,80.2568,0.0],[25.3583,80.2542,0.0],[25.3854,80.2542,0.0],[25.3896,80.2521,0.0],[25.4042,80.2521,0.0],[25.4083,80.25,0.0],[25.4167,80.25,0.0],[25.4224,80.2526,0.0],[25.4146,80.2562,0.0],[25.4,80.2562,0.0],[25.3937,80.2583,0.0]]],
[[[24.188,80.3016,0.0],[24.1932,80.3037,5.9253],[24.1833,80.3063,5.3845],[24.175,80.3063,0.0],[24.1693,80.3037,0.0],[24.1771,80.3,0.0],[24.1854,80.3,0.0],[24.188,80.3016,0.0]]],
[[[24.3417,80.3083,0.0],[24.3453,80.3099,0.0],[24.3396,80.3104,0.0],[24.338,80.312,0.0],[24.3432,80.313,0.0],[24.3417,80.3146,0.0],[24.3333,80.3146,0.0],[24.3255,80.312,0.0],[24.3271,80.3104,0.0],[24.3328,80.3099,0.0],[24.3276,80.3078,13.8048],[24.3292,80.3063,18.3397],[24.3375,80.3063,12.8331],[24.3417,80.3083,0.0]]],
[[[23.2125,80.3458,0.0],[23.2062,80.3458,0.0],[23.2047,80.3443,0.0],[23.2286,80.3443,10.6098],[23.2271,80.3458,0.0],[23.2125,80.3458,0.0]]],
[[[23.2667,80.3479,0.0],[23.2604,80.3479,0.0],[23.2589,80.3464,0.0],[23.2828,80.3464,0.0],[23.2813,80.3479,0.0],[23.2667,80.3479,0.0]]],
[[[24.3771,80.3688,0.0],[24.3688,80.3688,0.0],[24.3672,80.3672,0.0],[24.4036,80.3672,0.0],[24.4021,80.3688,0.0],[24.3771,80.3688,0.0]]],
[[[24.2104,80.4375,100.0049],[24.1958,80.4375,141.6449],[24.1917,80.4396,10.3957],[24.1708,80.4396,0.0],[24.1693,80.438,3.6955],[24.175,80.4375,41.3423],[24.1766,80.4359,95.7644],[24.1464,80.4349,0.0],[24.1479,80.4333,0.0],[24.1536,80.4328,48.6399],[24.1443,80.4287,0.0],[24.1495,80.4255,2.4141],[24.1193,80.4141,0.0],[24.1266,80.4109,0.0],[24.1109,80.4057,0.0],[24.1182,80.4026,3.355],[24.113,80.4016,0.0],[24.1089,80.3984,0.0],[24.1208,80.3958,9.515],[24.1224,80.3943,21.9162],[24.1063,80.3938,0.0],[24.0901,80.3859,0.0],[24.1063,80.3854,3.5196],[24.1104,80.3833,0.0],[24.1271,80.3833,12.4481],[24.1349,80.3807,0.0],[24.1318,80.3776,0.0],[24.1396,80.375,0.0],[24.1854,80.375,0.0],[24.1896,80.3771,15.2646],[24.1979,80.3771,16.083],[24.2021,80.375,0.0],[24.2313,80.375,0.0],[24.2354,80.3729,0.0],[24.2625,80.3729,1.5992],[24.2667,80.3708,0.0],[24.2875,80.3708,0.3937],[24.2917,80.3729,0.8235],[24.3042,80.3729,0.0],[24.3083,80.375,0.8777],[24.3396,80.3771,0.0],[24.3411,80.3786,0.0],[24.3359,80.3797,0.0],[24.3391,80.3828,0.0],[24.3339,80.3849,16.1349],[24.3479,80.3854,0.0],[24.3557,80.388,0.0],[24.3505,80.3901,6.0022],[24.3536,80.3922,0.0],[24.3521,80.3938,0.0],[24.3375,80.3938,32.6965],[24.325,80.3979,89.995],[24.3104,80.3979,126.9989],[24.3089,80.3995,125.3733],[24.312,80.4016,78.4463],[24.2896,80.4083,48.7596],[24.2714,80.4089,164.8092],[24.2766,80.412,153.2959],[24.2708,80.4125,163.7362],[24.263,80.4161,149.1783],[24.2724,80.4193,1.7738],[24.2766,80.4224,0.0],[24.2542,80.4292,15.5306],[24.25,80.4292,48.2305],[24.2396,80.4333,0.0],[24.2229,80.4333,145.8357],[24.2104,80.4375,100.0049]]],
[[[24.2792,80.4292,0.0],[24.2708,80.4292,0.0],[24.2693,80.4276,35.3256],[24.2807,80.4276,0.0],[24.2792,80.4292,0.0]]],
[[[24.1484,80.4651,0.0],[24.1583,80.4646,0.0],[24.1625,80.4667,0.0],[24.1771,80.4667,4.702],[24.1786,80.4682,10.7013],[24.1313,80.4688,30.1314],[24.1271,80.4667,0.0],[24.1109,80.4661,0.0],[24.1125,80.4646,0.0],[24.1333,80.4646,0.0],[24.1375,80.4667,3.4792],[24.1458,80.4667,7.9131],[24.1484,80.4651,0.0]]],
[[[24.0854,80.4667,0.0],[24.0896,80.4667,0.0],[24.0911,80.4682,2.8085],[24.0812,80.4708,38.4181],[24.0589,80.4703,0.0],[24.0604,80.4688,0.0],[24.0771,80.4688,7.1538],[24.0812,80.4667,0.0],[24.0854,80.4667,0.0]]],
[[[24.1479,80.4708,103.2153],[24.1516,80.4724,49.4352],[24.1417,80.475,47.1659],[24.1333,80.475,108.9715],[24.1276,80.4724,97.4596],[24.1292,80.4708,85.4049],[24.1479,80.4708,103.2153]]],
[[[24.0917,80.4792,103.4657],[24.0958,80.4792,96.3839],[24.0974,80.4807,49.7934],[24.0875,80.4833,67.5377],[24.0667,80.4833,198.5019],[24.0609,80.4807,163.3587],[24.0688,80.4771,70.6049],[24.0917,80.4792,103.4657]]],
[[[22.8792,80.4792,10.7001],[22.8854,80.4792,0.0],[22.887,80.4807,0.0],[22.8792,80.4833,0.0],[22.8693,80.4828,0.0],[22.8693,80.4818,0.0],[22.8792,80.4792,10.7001]]],
[[[24.0333,80.4854,204.7888],[24.0271,80.4854,189.1586],[24.0229,80.4875,62.0055],[23.988,80.487,0.0],[24.0104,80.4792,0.0],[24.0187,80.4792,5.7965],[24.0229,80.4812,84.6822],[24.0375,80.4812,142.66],[24.0417,80.4833,202.7155],[24.0578,80.4838,222.6293],[24.0562,80.4854,210.9224],[24.0333,80.4854,204.7888]]],
[[[18.2396,79.9979,0.0],[18.2438,79.9958,0.0],[18.2521,79.9958,0.0],[18.2563,79.9979,0.0],[18.2687,79.9979,0.0],[18.2703,79.9995,0.0],[18.2339,79.9995,0.0],[18.2354,79.9979,0.0],[18.2396,79.9979,0.0]]],
[[[18.1495,79.9984,3.8409],[18.1536,80.0016,0.0],[18.1464,80.0026,0.477],[18.1495,80.0047,1.1622],[18.1479,80.0062,0.0],[18.1396,80.0062,0.0],[18.1297,80.0016,0.0],[18.1396,79.9979,0.0],[18.1495,79.9984,3.8409]]],
[[[18.4411,80.0068,0.0],[18.4396,80.0083,2.0626],[18.4297,80.0078,0.0],[18.4313,80.0062,0.0],[18.4411,80.0068,0.0]]],
[[[18.2146,80.0104,0.0],[18.2062,80.0104,2.9277],[18.2026,80.0068,0.0],[18.2104,80.0062,0.0],[18.2161,80.0089,4.5665],[18.2146,80.0104,0.0]]],
[[[18.4599,80.0109,0.0],[18.4583,80.0125,0.0],[18.4458,80.0146,14.129],[18.4417,80.0167,0.0],[18.4339,80.0162,0.0],[18.4354,80.0146,0.0],[18.4411,80.0141,16.6023],[18.438,80.0109,1.9743],[18.4479,80.0083,0.0],[18.4542,80.0083,2.1008],[18.4599,80.0109,0.0]]],
[[[18.3917,80.0146,0.0],[18.3859,80.0151,5.0792],[18.387,80.0182,0.0],[18.3771,80.0208,0.0],[18.3568,80.0203,0.0],[18.3583,80.0188,0.0],[18.3708,80.0167,0.0],[18.3917,80.0104,4.1645],[18.3995,80.0109,2.7231],[18.3917,80.0146,0.0]]],
[[[18.3286,80.0172,0.0],[18.3271,80.0188,0.0],[18.3229,80.0188,0.0],[18.3104,80.0229,0.0],[18.3021,80.0229,0.0],[18.2922,80.0182,0.0],[18.2938,80.0167,0.0],[18.3104,80.0167,11.5383],[18.3146,80.0146,2.8313],[18.3229,80.0146,0.0],[18.3286,80.0172,0.0]]],
[[[18.0766,80.0453,0.0],[18.0583,80.0458,-0.2694],[18.0542,80.0479,-0.1587],[18.0458,80.0479,0.0],[18.0401,80.0443,0.0],[18.0474,80.0432,0.0],[18.0443,80.0401,0.0],[18.0516,80.0391,0.0],[18.0495,80.0359,0.0],[18.0464,80.0349,0.0],[18.0479,80.0333,0.0],[18.0646,80.0333,0.0],[18.0854,80.0271,0.0],[18.1182,80.0276,0.0],[18.1167,80.0292,0.2967],[18.0943,80.0339,8.4075],[18.0974,80.037,0.0],[18.0901,80.038,3.6507],[18.0932,80.0411,0.2122],[18.0766,80.0453,0.0]]],
[[[17.7932,80.1505,0.0],[17.7917,80.1521,0.0],[17.7818,80.1516,0.0],[17.7833,80.15,0.0],[17.7932,80.1505,0.0]]],
[[[18.3167,80.1833,0.0],[18.3042,80.1833,0.0],[18.3026,80.1818,0.0],[18.3266,80.1818,0.0],[18.325,80.1833,0.0],[18.3167,80.1833,0.0]]],
[[[18.1557,80.1818,0.3369],[18.1542,80.1833,0.0],[18.1443,80.1828,-0.2821],[18.1458,80.1813,-0.5139],[18.1557,80.1818,0.3369]]],
[[[18.3146,80.3604,0.2762],[18.3063,80.3604,-0.1386],[18.2938,80.3646,0.0],[18.2729,80.3646,0.0],[18.2714,80.363,0.0],[18.2854,80.3604,-0.0375],[18.287,80.3588,-0.113],[18.2813,80.3562,0.5816],[18.2563,80.3562,0.0578],[18.2505,80.3526,0.0],[18.2813,80.3521,-0.1427],[18.2828,80.3505,-0.0047],[18.2563,80.35,-0.1727],[18.2521,80.3479,0.1769],[18.2417,80.3479,1.2032],[18.2333,80.3438,-0.0427],[18.2208,80.3438,0.0],[18.2151,80.3401,0.0],[18.2224,80.3391,0.3732],[18.2193,80.3359,-0.1785],[18.225,80.3354,-0.2776],[18.2266,80.3339,-0.1402],[18.2146,80.3333,-0.3524],[18.2021,80.3271,-0.2508],[18.1896,80.3271,-0.3223],[18.1729,80.3187,0.8443],[18.1292,80.3208,0.0],[18.1276,80.3193,0.0],[18.1333,80.3187,2.1029],[18.1349,80.3172,2.0751],[18.1151,80.3068,0.0],[18.1458,80.3063,0.9319],[18.1557,80.3037,0.7774],[18.1547,80.3005,0.2861],[18.1604,80.3,0.3673],[18.162,80.2984,0.4821],[18.1479,80.2979,-0.0959],[18.1396,80.2937,4.3462],[18.1188,80.2958,-0.3049],[18.1146,80.2937,0.6668],[18.1021,80.2937,-0.925],[18.1005,80.2922,-0.8117],[18.1083,80.2917,0.1773],[18.1099,80.2901,1.6863],[18.0958,80.2896,0.0],[18.0943,80.288,0.0],[18.1016,80.287,1.132],[18.0984,80.2849,0.0],[18.1,80.2833,0.0],[18.1333,80.2833,0.0],[18.1417,80.2875,0.1482],[18.15,80.2875,0.8841],[18.1516,80.2859,-0.4943],[18.1484,80.2839,0.241],[18.1583,80.2813,0.0],[18.1917,80.2813,0.2369],[18.1932,80.2828,-1.0],[18.1854,80.2833,-1.0],[18.1839,80.2849,-0.3565],[18.1938,80.2854,-0.2365],[18.1979,80.2833,-1.0],[18.2146,80.2833,-0.3224],[18.2188,80.2813,-0.3163],[18.2229,80.2813,-0.158],[18.2245,80.2807,-0.2692],[18.2234,80.2776,0.0],[18.2333,80.275,0.0],[18.2625,80.275,-0.1507],[18.2667,80.2729,0.0],[18.2938,80.2729,0.2325],[18.3083,80.2688,0.0],[18.3229,80.2688,0.017],[18.3458,80.2625,0.0],[18.3625,80.2625,3.4754],[18.3641,80.2609,0.6343],[18.3609,80.2599,1.0654],[18.3625,80.2583,0.0],[18.3792,80.2583,-0.104],[18.3833,80.2562,0.7277],[18.3958,80.2542,-0.279],[18.3974,80.2526,1.9844],[18.3901,80.2484,0.0],[18.3958,80.2479,0.0],[18.3974,80.2464,0.373],[18.3901,80.2422,0.0],[18.4125,80.2417,1.7583],[18.4167,80.2438,0.0],[18.4307,80.2443,0.0],[18.4234,80.2474,0.0],[18.4375,80.2479,0.0],[18.4391,80.2495,0.0],[18.4333,80.25,0.0],[18.4318,80.2516,-0.2122],[18.4438,80.2521,0.2039],[18.4479,80.2542,2.5976],[18.4688,80.2542,0.3574],[18.487,80.2495,0.9782],[18.4839,80.2474,0.0],[18.4854,80.2458,0.0],[18.4896,80.2458,0.0],[18.4938,80.2438,0.0],[18.5021,80.2438,0.0],[18.5146,80.25,0.2504],[18.5271,80.25,0.0],[18.5354,80.2542,-1.0],[18.5542,80.2542,0.1241],[18.5583,80.2521,0.0],[18.5667,80.2521,0.0],[18.5708,80.2542,0.0],[18.6,80.2562,0.0],[18.6125,80.2625,0.0],[18.6266,80.263,0.0],[18.625,80.2646,0.0],[18.6193,80.2651,0.0],[18.6203,80.2682,0.0],[18.613,80.2693,1.1043],[18.6161,80.2724,0.0],[18.6089,80.2734,1.4162],[18.612,80.2766,0.0],[18.6047,80.2776,11.4781],[18.6078,80.2807,0.6462],[18.6005,80.2818,11.9699],[18.6021,80.2833,7.9012],[18.6146,80.2833,0.0],[18.6229,80.2875,2.2131],[18.6479,80.2875,0.0],[18.6521,80.2896,0.4348],[18.6833,80.2896,25.6231],[18.6875,80.2875,0.0],[18.6958,80.2875,0.0],[18.7125,80.2958,47.9287],[18.7266,80.2963,2.3015],[18.7193,80.2995,40.7048],[18.7266,80.3037,31.5658],[18.7167,80.3063,13.8376],[18.6833,80.3063,0.0],[18.6818,80.3047,0.8493],[18.6875,80.3042,5.1561],[18.6891,80.3026,1.8236],[18.6833,80.3,2.6042],[18.6125,80.3,0.0],[18.6083,80.3021,0.0],[18.6042,80.3021,0.0],[18.6026,80.3037,0.0],[18.6083,80.3063,0.0],[18.6208,80.3063,0.0],[18.6266,80.3089,13.7981],[18.6193,80.312,3.4632],[18.6333,80.3125,3.1165],[18.6349,80.3141,3.6667],[18.6276,80.3151,17.8943],[18.6307,80.3172,7.3511],[18.6292,80.3187,5.9633],[18.6083,80.3167,7.0239],[18.5901,80.3214,0.0],[18.5953,80.3266,0.0],[18.5797,80.3297,0.0],[18.5828,80.3328,0.0],[18.5729,80.3354,2.9495],[18.5521,80.3333,0.0],[18.5396,80.3375,0.0],[18.5104,80.3375,7.7875],[18.5063,80.3396,0.9721],[18.4896,80.3396,6.2978],[18.488,80.3411,5.6121],[18.4911,80.3422,4.6345],[18.4896,80.3438,2.0934],[18.4688,80.3417,4.4896],[18.4646,80.3438,0.0],[18.4354,80.3438,1.7586],[18.4339,80.3453,1.5138],[18.437,80.3464,0.0],[18.4354,80.3479,0.0],[18.3729,80.35,2.5751],[18.3714,80.3516,1.4566],[18.3745,80.3526,5.2847],[18.3729,80.3542,3.3993],[18.3438,80.3542,0.1617],[18.3229,80.3604,0.0],[18.3146,80.3604,0.2762]]],
[[[18.1729,80.3333,0.0],[18.1646,80.3333,0.0],[18.163,80.3318,-0.0192],[18.1745,80.3318,0.4699],[18.1729,80.3333,0.0]]],
[[[18.6453,80.0068,3.4204],[18.6437,80.0083,0.0],[18.6297,80.0109,26.6318],[18.6328,80.013,0.0],[18.6313,80.0146,0.0],[18.6229,80.0146,0.0],[18.613,80.0099,0.0],[18.6146,80.0083,0.0],[18.6203,80.0078,0.0],[18.6172,80.0047,0.0],[18.6271,80.0021,0.0],[18.6495,80.0026,41.0079],[18.6479,80.0042,39.9569],[18.6422,80.0047,38.7897],[18.6453,80.0068,3.4204]]],
[[[18.8089,80.0109,103.6763],[18.812,80.0141,4.0169],[18.8047,80.0151,5.4992],[18.8078,80.0172,14.4899],[18.8063,80.0188,0.0],[18.7484,80.0182,0.0],[18.75,80.0167,0.0],[18.7557,80.0162,2.4537],[18.7505,80.0109,0.0],[18.7604,80.0083,5.2631],[18.8161,80.0089,236.3179],[18.8146,80.0104,181.8093],[18.8089,80.0109,103.6763]]],
[[[18.5063,80.0208,1.6569],[18.5146,80.0208,0.0],[18.5161,80.0224,0.0],[18.5063,80.025,4.7365],[18.4979,80.025,17.0599],[18.4922,80.0224,4.1532],[18.4938,80.0208,0.0],[18.5063,80.0208,1.6569]]],
[[[18.7307,80.0349,96.4542],[18.7021,80.0375,213.6765],[18.6979,80.0354,86.4151],[18.6729,80.0354,0.0],[18.6714,80.0339,0.0],[18.6911,80.0328,12.8302],[18.6839,80.0286,0.0],[18.6854,80.0271,0.0],[18.6911,80.0266,13.9767],[18.6859,80.0224,0.0],[18.6875,80.0208,0.0],[18.7188,80.0208,0.0],[18.7203,80.0224,0.0],[18.713,80.0234,6.1071],[18.7161,80.0266,0.0],[18.7104,80.0271,0.0],[18.7089,80.0286,0.0],[18.7188,80.0333,0.0],[18.7292,80.0333,0.0],[18.7307,80.0349,96.4542]]],
[[[18.8417,80.0333,0.0],[18.85,80.0333,0.0],[18.8599,80.0391,1.0584],[18.8375,80.0396,49.5303],[18.8333,80.0375,18.8577],[18.7771,80.0375,229.5075],[18.7729,80.0396,216.3586],[18.7667,80.0396,222.2182],[18.7625,80.0375,234.4503],[18.75,80.0375,194.039],[18.7401,80.0318,0.0],[18.7729,80.0333,0.0],[18.7771,80.0313,0.0],[18.7854,80.0313,0.0],[18.7896,80.0333,0.0],[18.8104,80.0333,2.3207],[18.812,80.0318,4.0429],[18.8089,80.0297,0.0],[18.8188,80.0292,0.0],[18.8229,80.0313,18.9461],[18.8333,80.0313,15.4648],[18.8375,80.0333,15.0967],[18.8417,80.0333,0.0]]],
[[[18.8771,80.0437,10.8365],[18.8708,80.0437,36.0948],[18.8651,80.0401,0.0],[18.8729,80.0396,0.0],[18.8771,80.0417,1.7682],[18.8896,80.0417,0.0],[18.8979,80.0458,0.0],[18.9104,80.0458,0.0],[18.9161,80.0495,0.0],[18.9063,80.05,42.3455],[18.9021,80.0479,10.4627],[18.8896,80.0479,55.4517],[18.8828,80.0443,13.0989],[18.8771,80.0437,10.8365]]],
[[[18.8057,80.0682,228.9499],[18.7875,80.0687,240.6885],[18.7833,80.0708,248.8743],[18.7521,80.0708,299.9539],[18.7422,80.0651,280.4246],[18.7521,80.0625,266.8267],[18.7687,80.0625,275.6091],[18.7729,80.0604,250.7186],[18.7792,80.0604,250.4951],[18.7833,80.0625,245.355],[18.7958,80.0625,235.2517],[18.8057,80.0682,228.9499]]],
[[[18.7328,80.0859,236.9105],[18.7313,80.0875,211.3143],[18.7214,80.087,271.1721],[18.7229,80.0854,271.6144],[18.7328,80.0859,236.9105]]],
[[[19.2458,80.1042,0.0],[19.2375,80.1042,0.0],[19.2339,80.1005,0.0],[19.2417,80.1,0.0],[19.2474,80.1026,0.0],[19.2458,80.1042,0.0]]],
[[[19.337,80.1047,0.0],[19.3354,80.1062,0.0],[19.3255,80.1057,0.0],[19.3271,80.1042,0.0],[19.337,80.1047,0.0]]],
[[[19.0891,80.1276,0.0],[19.0875,80.1292,0.0],[19.0776,80.1286,0.0],[19.0792,80.1271,0.0],[19.0891,80.1276,0.0]]],
[[[19.0625,80.1333,0.0],[19.0641,80.1349,4.6218],[19.0547,80.1349,0.0],[19.0563,80.1333,0.0],[19.0625,80.1333,0.0]]],
[[[20.3078,80.4151,0.0],[20.3063,80.4167,0.0],[20.2964,80.4161,0.0],[20.2979,80.4146,0.0],[20.3078,80.4151,0.0]]],
[[[19.7036,80.4193,22.1566],[19.7021,80.4208,18.6516],[19.6922,80.4203,63.2171],[19.6938,80.4187,46.8846],[19.7036,80.4193,22.1566]]],
[[[20.0271,80.4437,0.0],[20.0417,80.4437,0.0],[20.0474,80.4474,0.0],[19.9859,80.4474,115.1136],[19.9958,80.4437,3.9033],[20.0271,80.4437,0.0]]],
[[[20.2062,80.4833,0.0],[20.1896,80.4833,94.5321],[20.1854,80.4854,44.2127],[20.1771,80.4854,14.8031],[20.1729,80.4833,34.5971],[20.1604,80.4833,0.0],[20.1521,80.4792,5.9732],[20.1396,80.4792,0.0],[20.1339,80.4755,0.0],[20.1521,80.475,4.3059],[20.1536,80.4734,3.6961],[20.1505,80.4724,0.0],[20.1521,80.4708,0.0],[20.1729,80.4708,0.0],[20.1771,80.4729,3.2352],[20.1911,80.4734,0.0],[20.1896,80.475,0.0],[20.1714,80.4755,57.4344],[20.1755,80.4786,102.6256],[20.2078,80.4818,0.0],[20.2062,80.4833,0.0]]],
[[[19.7938,80.4896,0.0],[19.7974,80.4901,0.0],[19.8016,80.4932,0.0],[19.7917,80.4958,0.0],[19.7833,80.4958,0.0],[19.7734,80.4912,0.0],[19.775,80.4896,0.0],[19.7938,80.4896,0.0]]],
[[[20.2604,80.5042,185.4936],[20.2687,80.5042,45.4493],[20.2703,80.5057,77.3179],[20.263,80.5068,241.3978],[20.2661,80.5089,138.7182],[20.2646,80.5104,75.2697],[20.2438,80.5104,5.6335],[20.2313,80.5042,102.3329],[20.2151,80.5036,0.0],[20.2109,80.5005,0.0],[20.2167,80.5,0.0],[20.2182,80.4984,13.0418],[20.2109,80.4943,0.0],[20.2182,80.4932,10.6824],[20.2151,80.4901,0.0],[20.225,80.4875,0.0],[20.2557,80.487,0.0],[20.2542,80.4854,0.0],[20.2401,80.4849,0.0],[20.2417,80.4833,0.0],[20.2625,80.4833,0.0],[20.2667,80.4854,0.0],[20.275,80.4854,0.0],[20.2792,80.4833,0.0],[20.2875,80.4833,0.0],[20.2932,80.4859,0.0],[20.2859,80.4891,0.0],[20.2932,80.4932,59.1337],[20.2792,80.4958,65.7151],[20.2776,80.4974,44.6368],[20.2938,80.4979,112.4098],[20.2953,80.4995,18.4337],[20.2646,80.5,39.3934],[20.2547,80.5026,192.3212],[20.2563,80.5042,205.0054],[20.2604,80.5042,185.4936]]],
[[[20.1974,80.5005,0.0],[20.1958,80.5021,0.0],[20.1859,80.5016,0.0],[20.1875,80.5,0.0],[20.1974,80.5005,0.0]]],
[[[20.0104,80.5292,129.5654],[20.0068,80.5297,118.4658],[20.0099,80.5328,23.3146],[20.0,80.5354,57.8316],[19.9917,80.5354,93.404],[19.9875,80.5333,100.2138],[19.95,80.5333,0.0],[19.9458,80.5313,0.0],[19.9333,80.5313,0.0],[19.9276,80.5286,0.9785],[19.9292,80.5271,1.2442],[19.9349,80.5266,10.2132],[19.9318,80.5234,0.6433],[19.95,80.5229,10.0504],[19.9516,80.5214,5.3768],[19.9484,80.5193,0.0],[19.9625,80.5167,0.0],[19.9641,80.5151,0.0],[19.9229,80.5146,0.0],[19.9214,80.513,0.0],[19.9271,80.5125,17.3315],[19.9286,80.5109,86.4087],[19.9021,80.5104,9.978],[19.8979,80.5083,45.8122],[19.8896,80.5083,94.3836],[19.8854,80.5104,36.9814],[19.8563,80.5104,27.1066],[19.8521,80.5125,19.3752],[19.8438,80.5125,0.0],[19.8422,80.5109,0.0],[19.8495,80.5099,0.0],[19.8464,80.5068,0.0],[19.8521,80.5062,4.1535],[19.8536,80.5047,0.0],[19.838,80.5036,0.0],[19.8453,80.5005,0.0],[19.8401,80.4995,0.0],[19.8359,80.4964,0.0],[19.8417,80.4958,0.0],[19.8432,80.4943,0.0],[19.8375,80.4917,0.0],[19.825,80.4917,0.0],[19.8234,80.4901,0.0],[19.8542,80.4896,20.836],[19.8557,80.488,0.0],[19.8526,80.4859,0.0],[19.8599,80.4849,0.0],[19.8568,80.4828,0.0],[19.8583,80.4812,0.0],[19.8958,80.4792,66.5143],[19.9083,80.475,0.0],[19.9292,80.4771,111.0595],[19.9333,80.475,6.4481],[19.9667,80.475,0.0],[19.9708,80.4771,0.0],[19.9792,80.4771,0.0],[19.9833,80.475,0.0],[19.9917,80.475,0.0],[20.0063,80.4812,0.9125],[20.0187,80.4812,0.0],[20.0245,80.4838,0.0],[20.0229,80.4854,0.0],[20.0172,80.4859,0.2318],[20.0187,80.4875,0.7957],[20.0313,80.4875,0.0],[20.0396,80.4917,1.2267],[20.0521,80.4917,0.0],[20.0604,80.4958,92.9861],[20.075,80.4958,123.7832],[20.0891,80.5026,262.1054],[20.0875,80.5042,285.3083],[20.0818,80.5047,280.4284],[20.0849,80.5078,236.1756],[20.0776,80.5089,233.5773],[20.0807,80.512,25.6286],[20.0708,80.5125,46.7745],[20.0667,80.5104,215.8664],[20.0583,80.5104,221.3657],[20.0568,80.512,185.9968],[20.0599,80.5141,126.556],[20.0583,80.5146,86.7824],[20.0542,80.5146,139.6306],[20.05,80.5167,89.7636],[20.0318,80.5172,210.1717],[20.0333,80.5188,188.1156],[20.0458,80.5188,43.5865],[20.0474,80.5203,28.0731],[20.0234,80.5255,132.9806],[20.0266,80.5286,18.4143],[20.0104,80.5292,129.5654]]],
[[[20.6307,80.6255,0.0],[20.6292,80.6271,0.0],[20.6193,80.6266,0.0],[20.6208,80.625,0.0],[20.6307,80.6255,0.0]]],
[[[20.6354,80.6646,123.8274],[20.6167,80.6646,156.8562],[20.6125,80.6667,14.4946],[20.6042,80.6667,0.0],[20.6,80.6646,0.0],[20.5875,80.6646,0.0],[20.5833,80.6625,71.0422],[20.5563,80.6625,0.0],[20.5505,80.6599,25.3694],[20.5521,80.6583,130.5376],[20.5578,80.6578,226.5486],[20.5521,80.6542,352.4109],[20.5313,80.6542,386.7207],[20.5271,80.6563,341.1258],[20.5104,80.6563,305.5967],[20.5063,80.6583,152.8317],[20.4833,80.6583,0.0],[20.4818,80.6568,0.0],[20.4891,80.6557,0.0],[20.4859,80.6536,0.2547],[20.4875,80.6521,0.0],[20.5,80.65,3.9589],[20.5042,80.6479,0.0],[20.5208,80.6479,0.0],[20.5667,80.6354,0.0],[20.5833,80.6354,0.0],[20.5875,80.6333,0.0],[20.6437,80.6333,0.0],[20.6453,80.6318,0.0],[20.6422,80.6307,0.0],[20.6437,80.6292,0.0],[20.6604,80.6292,0.0],[20.6703,80.6266,2.3281],[20.6651,80.6245,0.0],[20.6667,80.6229,0.0],[20.6979,80.6229,52.325],[20.6995,80.6214,23.9983],[20.6943,80.6193,0.0],[20.7266,80.612,0.0],[20.7234,80.6099,0.0],[20.725,80.6083,0.0],[20.7333,80.6083,0.0],[20.7495,80.6151,0.0],[20.7479,80.6167,0.0],[20.7422,80.6172,19.6982],[20.7437,80.6188,69.6581],[20.7646,80.6167,0.0],[20.7703,80.6203,0.0],[20.7396,80.6208,57.7531],[20.7354,80.6229,0.0],[20.7146,80.6208,115.6222],[20.7047,80.6245,140.1152],[20.7104,80.6271,7.8573],[20.7229,80.6271,0.0],[20.7349,80.6318,0.0],[20.7333,80.6333,0.0],[20.7276,80.6339,0.0],[20.7292,80.6354,0.0],[20.7417,80.6354,0.0],[20.7458,80.6375,0.0],[20.7729,80.6375,0.0],[20.7828,80.6422,0.0],[20.7813,80.6438,13.7487],[20.7755,80.6443,36.1391],[20.7786,80.6474,31.2253],[20.7714,80.6484,87.0867],[20.7729,80.65,108.4173],[20.7958,80.65,71.5722],[20.8083,80.6458,0.0],[20.8307,80.6464,0.0],[20.8292,80.6479,0.0],[20.8151,80.6505,111.4681],[20.8182,80.6526,14.5219],[20.8167,80.6542,12.1198],[20.8125,80.6542,40.642],[20.8083,80.6563,56.747],[20.7917,80.6563,251.8516],[20.7792,80.6604,224.7368],[20.7313,80.6604,43.1445],[20.7229,80.6563,240.6507],[20.6896,80.6563,84.1887],[20.6797,80.6589,0.0],[20.6828,80.662,0.0],[20.6729,80.6646,0.0],[20.6354,80.6646,123.8274]]],
[[[20.6474,80.7099,0.0],[20.6354,80.7104,0.0],[20.6339,80.7089,0.0],[20.6458,80.7083,0.0],[20.6474,80.7099,0.0]]],
[[[20.6,80.7146,0.0],[20.5938,80.7146,0.0],[20.588,80.7109,0.0],[20.5979,80.7104,0.0],[20.6036,80.713,0.0],[20.6,80.7146,0.0]]],
[[[20.6203,80.738,142.4418],[20.6188,80.7396,201.3896],[20.6089,80.7391,89.4276],[20.6104,80.7375,0.0],[20.6203,80.738,142.4418]]],
[[[20.575,80.7542,286.732],[20.5688,80.7542,280.0637],[20.5563,80.7583,0.0],[20.5479,80.7583,0.0],[20.5276,80.7484,0.0],[20.5349,80.7474,0.0],[20.5318,80.7443,0.0],[20.5391,80.7432,0.0],[20.5318,80.7391,0.0],[20.5333,80.7375,0.0],[20.55,80.7375,0.0],[20.5542,80.7354,0.0],[20.575,80.7354,0.0],[20.5896,80.7417,174.6929],[20.6208,80.7438,357.2947],[20.6224,80.7453,356.9404],[20.6167,80.7458,382.1151],[20.6151,80.7474,412.3484],[20.6208,80.75,369.216],[20.6474,80.7505,211.2134],[20.6458,80.7521,161.1225],[20.6167,80.7521,303.8209],[20.6125,80.7542,242.4425],[20.5958,80.7542,265.0812],[20.5917,80.7562,148.9459],[20.5812,80.7562,112.6139],[20.575,80.7542,286.732]]],
[[[20.4974,80.7474,0.0],[20.4854,80.7479,0.0],[20.4839,80.7464,0.0],[20.4958,80.7458,0.0],[20.4974,80.7474,0.0]]],
[[[20.4547,80.7505,0.0],[20.4354,80.7562,37.194],[20.4271,80.7562,0.0],[20.4151,80.7516,0.0],[20.4167,80.75,0.0],[20.4479,80.75,0.0],[20.4521,80.7479,0.0],[20.462,80.7484,0.0],[20.4604,80.75,0.0],[20.4547,80.7505,0.0]]],
[[[20.6625,80.7542,0.0],[20.6563,80.7542,13.6298],[20.6547,80.7526,32.726],[20.6661,80.7526,0.0],[20.6625,80.7542,0.0]]],
[[[21.0,80.6854,0.0],[21.0063,80.6854,0.0],[21.0078,80.687,0.0],[20.9979,80.6896,0.0],[20.988,80.6891,0.0],[20.9896,80.6875,0.0],[21.0,80.6854,0.0]]],
[[[20.9646,80.6937,9.8002],[20.9589,80.6932,4.1598],[20.9547,80.6901,0.0],[20.9646,80.6896,0.0],[20.9703,80.6922,12.0052],[20.9688,80.6937,16.5964],[20.9646,80.6937,9.8002]]],
[[[21.2455,80.7021,0.0],[21.2375,80.7021,0.0],[21.2359,80.7005,0.0],[21.2474,80.7005,0.0],[21.2455,80.7021,0.0]]],
[[[21.2188,80.7063,0.0],[21.2083,80.7063,0.0],[21.2068,80.7047,0.0],[21.2307,80.7047,0.0],[21.2292,80.7063,0.0],[21.2188,80.7063,0.0]]],
[[[20.675,80.7375,246.3841],[20.6625,80.7375,259.1269],[20.6609,80.7391,267.258],[20.6641,80.7412,252.4534],[20.6542,80.7417,248.4432],[20.6484,80.738,216.7227],[20.6542,80.7375,205.8519],[20.6557,80.7359,114.6905],[20.6479,80.7333,8.8297],[20.6354,80.7333,0.0],[20.6312,80.7312,0.0],[20.6042,80.7312,0.0],[20.5984,80.7276,0.0],[20.6167,80.7271,0.0],[20.6208,80.725,0.0],[20.6333,80.7229,0.0],[20.6349,80.7214,0.0],[20.6318,80.7203,0.0],[20.6333,80.7188,0.0],[20.6516,80.7182,35.3651],[20.65,80.7167,18.768],[20.6375,80.7167,0.0],[20.6359,80.7151,0.0],[20.6682,80.7078,0.0],[20.6667,80.7063,0.0],[20.6505,80.7057,0.0],[20.6604,80.7021,0.0],[20.6833,80.7021,0.0],[20.6917,80.7063,118.2883],[20.7188,80.7083,0.0],[20.7396,80.7021,0.0],[20.7604,80.7021,0.0],[20.762,80.7037,0.0],[20.7437,80.7042,0.0],[20.7313,80.7083,0.0],[20.7271,80.7083,0.0],[20.7255,80.7099,12.0676],[20.7604,80.7104,0.0],[20.7646,80.7083,0.0],[20.7833,80.7083,0.0],[20.7849,80.7068,0.0],[20.7797,80.7047,0.0],[20.787,80.7037,0.0],[20.7839,80.7005,0.0],[20.7911,80.6995,0.0],[20.788,80.6964,0.0],[20.7953,80.6953,0.0],[20.7859,80.6901,0.0],[20.8099,80.6849,0.0],[20.7984,80.6776,0.0],[20.8167,80.6729,0.0],[20.8333,80.6729,0.0],[20.8375,80.6708,0.0],[20.8474,80.6713,0.0],[20.8401,80.6745,47.9851],[20.8604,80.6833,0.0],[20.8729,80.6833,0.0],[20.8813,80.6875,0.0],[20.8958,80.6875,0.0],[20.9,80.6896,0.0],[20.9328,80.6922,0.0],[20.9229,80.6958,0.1997],[20.9063,80.6958,0.2532],[20.8964,80.6984,2.4818],[20.9021,80.7021,21.9925],[20.9146,80.7021,28.1906],[20.9229,80.7063,140.114],[20.9458,80.7063,181.8485],[20.9667,80.7,51.3234],[20.975,80.7,66.6267],[20.9792,80.7021,28.5413],[21.0016,80.7016,55.3054],[21.0,80.7,115.7879],[20.9859,80.6995,157.5383],[20.9875,80.6979,273.5003],[21.0083,80.6979,148.3931],[21.0203,80.7026,217.9756],[21.0104,80.7063,0.0],[20.9875,80.7042,24.012],[20.9833,80.7063,19.2824],[20.9667,80.7063,32.415],[20.9568,80.7089,186.3936],[20.962,80.712,41.3185],[20.9547,80.713,112.7359],[20.9578,80.7151,68.5335],[20.9562,80.7167,133.0586],[20.9521,80.7167,225.2305],[20.9479,80.7188,223.7478],[20.925,80.7188,54.6202],[20.9167,80.7146,225.3598],[20.9042,80.7146,72.41],[20.9,80.7125,197.4041],[20.8771,80.7146,0.0],[20.8688,80.7104,14.0762],[20.8563,80.7104,0.0],[20.8521,80.7083,4.4463],[20.8438,80.7083,0.0],[20.8396,80.7104,0.0],[20.8292,80.7104,0.0],[20.8234,80.7078,17.0844],[20.8333,80.7042,167.7177],[20.8563,80.7063,22.2628],[20.8667,80.7021,16.2625],[20.887,80.7016,11.9567],[20.875,80.6958,2.1691],[20.8542,80.6979,5.6203],[20.8526,80.6964,4.679],[20.8583,80.6958,3.2216],[20.8599,80.6943,2.7909],[20.8354,80.6937,147.4987],[20.8339,80.6953,102.5886],[20.8391,80.6974,35.5472],[20.8047,80.6984,13.6797],[20.8063,80.7,122.9846],[20.8208,80.7,172.2001],[20.8266,80.7037,253.1506],[20.8167,80.7063,96.4338],[20.7984,80.7068,58.7783],[20.8016,80.7099,2.3722],[20.7943,80.7109,2.1807],[20.7974,80.7141,0.0],[20.7651,80.7214,204.1929],[20.7703,80.7234,97.7822],[20.7687,80.725,0.0],[20.7646,80.725,0.0],[20.7604,80.7271,0.0],[20.7375,80.7271,0.0],[20.7333,80.725,4.7307],[20.725,80.725,14.7683],[20.7208,80.7271,0.0],[20.6917,80.7271,49.6238],[20.6901,80.7286,67.7282],[20.6932,80.7307,130.0401],[20.6859,80.7318,257.1235],[20.6891,80.7349,274.679],[20.675,80.7375,246.3841]]],
[[[19.3417,80.1333,0.0],[19.3453,80.1349,0.0],[19.3354,80.1375,0.0],[19.3146,80.1375,0.0],[19.3089,80.1349,0.0],[19.3104,80.1333,0.0],[19.3417,80.1333,0.0]]],
[[[18.7521,80.3229,0.0],[18.7536,80.3245,6.9899],[18.7438,80.3271,0.0],[18.7089,80.3266,0.0],[18.7104,80.325,0.0],[18.7286,80.3245,12.9564],[18.7214,80.3203,0.0],[18.7229,80.3187,0.0],[18.7313,80.3187,0.0],[18.7354,80.3208,0.0],[18.7479,80.3208,0.0],[18.7521,80.3229,0.0]]],
[[[18.7594,80.3292,5.2015],[18.7661,80.3297,2.5164],[18.7703,80.3318,0.0],[18.7724,80.3349,6.7691],[18.7521,80.3354,0.0],[18.7464,80.3328,0.0],[18.7479,80.3313,0.0],[18.7594,80.3292,5.2015]]],
[[[18.5896,82.3042,0.0],[18.5839,82.3005,0.0],[18.5958,82.3,0.0],[18.6036,82.3026,0.0],[18.6021,82.3042,0.0],[18.5896,82.3042,0.0]]],
[[[18.7375,82.3063,0.0],[18.7339,82.3047,0.0],[18.7495,82.3047,0.0],[18.7479,82.3063,0.0],[18.7375,82.3063,0.0]]]]}
,"properties": {"GID_1": "SJM.2_1","GID_0": "SJM","country": "SvalbardandJanMayen","province": "Svalbard","VARNAME_1": "NA","NL_NAME_1": "NA","TYPE_1": "Territory","ENGTYPE_1": "Territory","CC_1": "NA","HASC_1": "SJ.SV","ISO_1": "NA","name": "Svalbard.province","area_km2": 59445.79,"hist_schema_id": "Elevation0-9000","hist_area_km2": {"0": 3430.12,"25": 2978.77,"50": 2116.09,"75": 1815.98,"100": 1773.61,"125": 1717.7,"150": 1740.5,"175": 1850.4,"200": 1988.19,"225": 1987.2,"250": 1991.24,"275": 1961.62,"300": 2001.72,"325": 2009.41,"350": 2019.18,"375": 1989.63,"400": 1987.33,"425": 1978.78,"450": 1910.47,"475": 1790.97,"500": 1708.33,"525": 1680.84,"550": 1586.28,"575": 1443.07,"600": 1279.85,"625": 1186.86,"650": 1108.68,"675": 1021.23,"700": 897.99,"725": 784.38,"750": 701.7,"775": 625.68,"800": 469.98,"825": 435.26,"850": 412.69,"875": 381.58,"900": 342.02,"925": 300.83,"950": 282.75,"975": 254.03,"1000": 222.71,"1025": 203.9,"1050": 183.89,"1075": 167.98,"1100": 147.78,"1125": 123.33,"1150": 103.87,"1175": 77.15,"1200": 63.21,"1225": 50.21,"1250": 38.97,"1275": 31.08,"1300": 22.84,"1325": 17.08,"1350": 12.75,"1375": 9.61,"1400": 6.86,"1425": 4.92,"1450": 3.98,"1475": 3.24,"1500": 2.36,"1525": 1.66,"1550": 1.29,"1575": 0.74,"1600": 0.51}}}