{"type":"Feature","properties":{"GID_1":"NOR.17_1","GID_0":"NOR","country":"Norway","province":"Troms","VARNAME_1":"Tromsfylke|Tromsø|Troms-Fylki","NL_NAME_1":"NA","TYPE_1":"Fylke","ENGTYPE_1":"County","CC_1":"NA","HASC_1":"NO.TR","ISO_1":"NA","name":"Troms.province"},
"geometry":{"type": "MultiPolygon","coordinates": [[[[17.2588,68.5608,204.5569],[17.291,68.5613,401.2706],[17.2905,68.5658,418.7111],[17.364,68.5669,388.9053],[17.3634,68.5714,356.0922],[17.3879,68.5718,262.5164],[17.3874,68.5763,266.9691],[17.4242,68.5768,317.7407],[17.4237,68.5813,335.5378],[17.4604,68.5818,307.4],[17.4599,68.5863,327.6327],[17.4967,68.5869,411.1581],[17.4962,68.5914,401.812],[17.533,68.5919,682.3407],[17.5325,68.5964,698.3913],[17.8514,68.6006,411.5619],[17.851,68.6051,403.7316],[17.986,68.6066,583.3489],[17.9856,68.6111,575.8386],[18.0102,68.6114,1215.0144],[18.0105,68.6069,1275.2805],[18.0228,68.6071,1372.8966],[18.0236,68.5981,1029.2943],[18.0359,68.5982,856.112],[18.0366,68.5892,572.5031],[18.0489,68.5893,522.176],[18.0497,68.5803,798.57],[18.0619,68.5805,1027.7556],[18.0623,68.576,1088.4639],[18.0746,68.5761,1280.3508],[18.0753,68.5671,1247.4083],[18.0876,68.5672,1215.251],[18.0883,68.5582,809.7273],[18.1006,68.5583,818.0202],[18.1013,68.5493,800.9326],[18.1136,68.5495,801.1312],[18.1143,68.5405,1044.8848],[18.1266,68.5406,1064.6763],[18.1269,68.5361,1067.9843],[18.1392,68.5362,1013.6948],[18.1388,68.5407,957.5659],[18.1633,68.541,743.6592],[18.1629,68.5455,774.1222],[18.1996,68.5459,663.0318],[18.1993,68.5504,633.3351],[18.2238,68.5506,1032.0854],[18.2234,68.5551,1009.4257],[18.2602,68.5555,901.2684],[18.2598,68.56,927.5],[18.2843,68.5602,974.9443],[18.284,68.5647,973.4422],[18.3207,68.5651,1094.9349],[18.3204,68.5696,1126.1344],[18.3449,68.5698,1091.3567],[18.3446,68.5743,987.8148],[18.3814,68.5747,847.7432],[18.381,68.5792,901.3278],[18.4178,68.5795,1195.6802],[18.4181,68.575,1165.535],[18.4304,68.5751,1209.2655],[18.4307,68.5706,1238.2657],[18.4552,68.5708,1045.365],[18.4555,68.5663,993.9733],[18.4678,68.5664,1024.6843],[18.4681,68.5619,975.8254],[18.4803,68.562,1057.6846],[18.4806,68.5575,973.5599],[18.4929,68.5576,991.991],[18.4932,68.5531,970.2124],[18.5054,68.5532,948.9814],[18.5057,68.5487,901.8948],[18.5179,68.5488,938.4442],[18.5182,68.5443,972.424],[18.5305,68.5444,1054.4514],[18.5308,68.5399,1025.0544],[18.543,68.54,1013.9709],[18.5433,68.5355,974.9135],[18.5555,68.5356,831.189],[18.5558,68.5311,862.8522],[18.5681,68.5312,708.6245],[18.5683,68.5267,769.535],[18.5806,68.5268,651.5852],[18.5808,68.5223,682.2288],[18.5931,68.5224,605.7664],[18.5936,68.5134,570.6463],[18.6059,68.5135,480.0246],[18.6061,68.509,497.0365],[18.8384,68.5107,833.9857],[18.8382,68.5152,848.5258],[18.9971,68.5162,1030.647],[18.9973,68.5117,907.4874],[19.034,68.5119,923.0718],[19.0342,68.5074,959.7754],[19.0586,68.5075,888.3148],[19.0588,68.503,876.8636],[19.0833,68.5031,951.8602],[19.0834,68.4986,951.3165],[19.1079,68.4988,1074.5337],[19.108,68.4943,936.6379],[19.1325,68.4944,1002.9594],[19.1327,68.4899,936.9143],[19.1571,68.49,880.8887],[19.1573,68.4855,893.5838],[19.1817,68.4856,871.2548],[19.1818,68.4811,819.1768],[19.2063,68.4812,773.543],[19.2064,68.4767,741.6784],[19.243,68.4769,613.6967],[19.2432,68.4724,668.9699],[19.2676,68.4725,765.351],[19.2677,68.468,829.6704],[19.2921,68.4681,852.1788],[19.2923,68.4636,872.0341],[19.3167,68.4637,917.7131],[19.3168,68.4592,956.6681],[19.3412,68.4593,1041.5132],[19.3414,68.4548,1098.4592],[19.3657,68.4548,1186.7235],[19.3659,68.4503,1132.6598],[19.3903,68.4504,1096.2003],[19.3904,68.4459,1151.97],[19.4148,68.446,1024.7726],[19.4149,68.4415,933.5531],[19.4393,68.4416,1255.7325],[19.4394,68.4371,1150.037],[19.4759,68.4372,1273.8068],[19.476,68.4327,1394.9318],[19.5004,68.4328,1283.8992],[19.5005,68.4283,1337.6772],[19.5249,68.4283,1249.7676],[19.525,68.4238,1407.3085],[19.5493,68.4239,1220.4318],[19.5494,68.4194,1510.6127],[19.5738,68.4194,1118.083],[19.5738,68.4149,1153.9153],[19.5982,68.415,1079.4816],[19.5983,68.4105,1128.9543],[19.6226,68.4106,942.4916],[19.6227,68.4061,957.9249],[19.647,68.4061,1079.7499],[19.6471,68.4016,1062.942],[19.6714,68.4016,921.6615],[19.6715,68.3971,959.1774],[19.6958,68.3972,829.1766],[19.6959,68.3927,834.8099],[19.7202,68.3927,758.6901],[19.7203,68.3882,751.6544],[19.7568,68.3883,658.9588],[19.7568,68.3838,625.6918],[19.7811,68.3838,623.0815],[19.7812,68.3793,590.5951],[19.8055,68.3793,566.3657],[19.8055,68.3748,569.8795],[19.8298,68.3748,567.6724],[19.8299,68.3703,574.1466],[19.8542,68.3704,596.9391],[19.8542,68.3659,602.2336],[19.8785,68.3659,690.1841],[19.8785,68.3614,650.7311],[19.9028,68.3614,700.2415],[19.9028,68.3569,684.7268],[19.9271,68.3569,736.5775],[19.9271,68.3614,619.8444],[19.9393,68.3614,544.6686],[19.9392,68.3704,530.0435],[19.9514,68.3704,519.1803],[19.9514,68.3749,500.379],[19.9635,68.3749,496.6455],[19.9635,68.3839,501.4455],[19.9757,68.3839,511.8378],[19.9757,68.3884,512.2071],[19.9878,68.3884,500.4056],[19.9878,68.3929,505.28],[20.0,68.3929,503.9632],[20.0,68.3974,526.5189],[20.0122,68.3974,526.9783],[20.0122,68.4065,538.7532],[20.0243,68.4065,554.0314],[20.0243,68.411,574.8448],[20.0365,68.411,588.0464],[20.0365,68.4155,641.1569],[20.0487,68.4155,643.0959],[20.0487,68.42,681.0538],[20.0609,68.42,677.7635],[20.0609,68.4245,720.2822],[20.0731,68.4245,712.3598],[20.0731,68.429,743.3498],[20.0853,68.429,738.8802],[20.0853,68.4335,775.1237],[20.0975,68.4334,775.9128],[20.0975,68.438,765.9361],[20.1097,68.4379,729.5455],[20.1097,68.447,678.6169],[20.1219,68.4469,697.0135],[20.122,68.4514,698.3037],[20.1341,68.4514,722.8318],[20.1342,68.4559,748.1376],[20.1464,68.4559,711.718],[20.1464,68.4604,733.8834],[20.1586,68.4604,689.5214],[20.1586,68.4649,702.1608],[20.1708,68.4649,699.4897],[20.1709,68.4694,650.9366],[20.1831,68.4694,646.2328],[20.1831,68.4739,648.6511],[20.1953,68.4739,645.9239],[20.1954,68.4784,646.0276],[20.2076,68.4784,655.4211],[20.2076,68.4829,670.8033],[20.2198,68.4829,675.8358],[20.2199,68.4919,775.7979],[20.2077,68.4919,805.2951],[20.2077,68.4964,793.0147],[20.1833,68.4964,789.3417],[20.1833,68.5009,813.1452],[20.1711,68.5009,773.9379],[20.1711,68.5055,798.394],[20.1467,68.5055,737.1898],[20.1467,68.51,826.0635],[20.1223,68.51,750.1598],[20.1223,68.5145,778.4177],[20.0978,68.5145,723.0825],[20.0979,68.519,677.1864],[20.0734,68.519,655.2986],[20.0734,68.5235,635.6728],[20.0489,68.5235,634.2111],[20.0489,68.528,648.3218],[20.0245,68.5281,725.522],[20.0245,68.5326,739.8331],[20.0122,68.5326,726.206],[20.0122,68.5371,705.486],[20.0,68.5371,738.1739],[20.0,68.5416,715.2697],[19.9878,68.5416,679.6871],[19.9878,68.5461,646.2616],[19.9755,68.5461,647.8365],[19.9755,68.5506,628.3877],[19.951,68.5506,633.7588],[19.951,68.5551,658.8351],[19.9387,68.5551,766.2709],[19.9387,68.5596,791.5649],[19.951,68.5596,682.3017],[19.951,68.5641,668.5353],[19.9632,68.5641,667.675],[19.9632,68.5686,758.7585],[19.9877,68.5686,837.1193],[19.9877,68.5731,905.6902],[20.0,68.5731,896.3051],[20.0,68.5776,903.1868],[20.0123,68.5776,871.0675],[20.0123,68.5821,864.357],[20.0368,68.5821,680.8524],[20.0368,68.5866,635.8884],[20.0491,68.5866,644.353],[20.0491,68.5911,625.5637],[20.0613,68.5911,617.9406],[20.0614,68.5956,618.8838],[20.0736,68.5956,638.8561],[20.0737,68.6046,689.6793],[20.0859,68.6046,832.0155],[20.086,68.6091,813.1365],[20.0982,68.6091,889.0359],[20.0983,68.6181,846.5703],[20.1106,68.6181,886.0102],[20.1106,68.6226,882.7762],[20.1229,68.6226,900.1654],[20.1229,68.6271,915.1101],[20.1352,68.6271,929.3962],[20.1352,68.6361,959.0891],[20.1475,68.6361,960.7917],[20.1476,68.6406,978.4919],[20.1599,68.6406,961.1317],[20.1599,68.6451,959.2974],[20.1722,68.6451,880.7292],[20.1723,68.6541,754.8882],[20.1846,68.6541,744.3942],[20.1846,68.6586,740.8051],[20.1969,68.6586,721.3514],[20.1969,68.6631,721.4189],[20.2092,68.6631,720.6384],[20.2094,68.6766,821.7294],[20.2217,68.6766,889.3542],[20.2218,68.6901,906.1177],[20.2341,68.69,927.1595],[20.2343,68.7036,880.6709],[20.2466,68.7035,863.0663],[20.2468,68.7171,886.4799],[20.2591,68.717,871.2873],[20.2593,68.7306,894.6901],[20.2716,68.7305,893.439],[20.2718,68.744,946.8168],[20.2841,68.744,916.9343],[20.2842,68.753,876.5052],[20.2966,68.753,817.6611],[20.2968,68.7665,848.4106],[20.3091,68.7665,840.2804],[20.3093,68.78,799.2543],[20.3217,68.78,850.6851],[20.3219,68.7935,692.6208],[20.3343,68.7935,678.744],[20.3349,68.8385,717.5836],[20.3225,68.8386,736.0735],[20.3232,68.8836,728.2898],[20.3107,68.8836,691.1209],[20.3114,68.9287,615.316],[20.2989,68.9287,621.2537],[20.299,68.9332,652.1098],[20.2865,68.9332,659.5249],[20.2866,68.9377,706.6631],[20.2741,68.9378,713.0699],[20.2742,68.9423,828.1207],[20.2617,68.9423,872.8442],[20.2618,68.9468,945.6375],[20.2493,68.9468,983.2623],[20.2494,68.9558,1225.6899],[20.2369,68.9558,1431.9188],[20.237,68.9603,1230.954],[20.2245,68.9604,1367.0002],[20.2245,68.9649,1345.6783],[20.2121,68.9649,1064.8599],[20.2122,68.9739,930.6676],[20.1997,68.9739,1089.5886],[20.1997,68.9784,1097.3329],[20.1872,68.9784,1243.1202],[20.1873,68.9874,1134.4728],[20.1748,68.9874,1183.7516],[20.1749,68.9919,1002.106],[20.1624,68.992,972.2777],[20.1624,68.9965,1254.8721],[20.1499,68.9965,1369.6718],[20.15,69.0055,1189.3668],[20.1375,69.0055,1438.2377],[20.1375,69.01,1482.3573],[20.125,69.01,1478.6136],[20.125,69.019,1162.2659],[20.1125,69.019,934.8751],[20.1126,69.0235,896.1522],[20.1001,69.0235,868.8806],[20.1001,69.028,838.9707],[20.0876,69.028,857.5359],[20.0876,69.0371,882.5502],[20.0751,69.0371,914.1181],[20.0751,69.0416,997.7775],[20.0626,69.0416,1102.8463],[20.0626,69.0461,1287.5547],[20.1628,69.046,765.8885],[20.1628,69.0505,810.087],[20.3131,69.0503,827.5544],[20.3131,69.0548,770.2584],[20.4509,69.0545,666.3345],[20.451,69.059,553.4788],[20.5512,69.0588,490.0711],[20.5513,69.0633,511.858],[20.5638,69.0632,509.1411],[20.564,69.0677,512.3624],[20.5765,69.0677,531.3292],[20.5766,69.0722,597.391],[20.5891,69.0722,664.4579],[20.5893,69.0767,782.0168],[20.6018,69.0766,737.399],[20.6019,69.0811,763.793],[20.6145,69.0811,810.5477],[20.6146,69.0856,868.2986],[20.6271,69.0855,890.5649],[20.6273,69.09,878.1827],[20.6398,69.09,874.7354],[20.6399,69.0945,827.9564],[20.6525,69.0945,776.0],[20.6526,69.099,834.8038],[20.6652,69.0989,893.8363],[20.6653,69.1034,945.4185],[20.6778,69.1034,745.4625],[20.678,69.1079,749.0586],[20.6905,69.1078,597.0783],[20.6907,69.1124,569.9324],[20.7032,69.1123,625.9036],[20.7034,69.1168,633.7953],[20.7159,69.1168,577.1877],[20.7161,69.1213,624.0863],[20.7286,69.1212,584.3632],[20.7285,69.1167,560.2475],[20.741,69.1167,549.9059],[20.7409,69.1121,540.984],[20.7535,69.1121,520.4591],[20.7533,69.1076,524.7737],[20.7784,69.1075,518.8807],[20.7783,69.103,550.8206],[20.7908,69.1029,524.7098],[20.7906,69.0984,571.1913],[20.8157,69.0983,571.9984],[20.8156,69.0938,712.4633],[20.8281,69.0937,732.3169],[20.828,69.0892,894.881],[20.853,69.0891,665.2923],[20.8529,69.0846,815.5316],[20.8654,69.0846,717.8851],[20.8652,69.0801,809.8382],[20.8903,69.0799,722.719],[20.8901,69.0754,879.3511],[20.9027,69.0754,736.0942],[20.9025,69.0709,883.1971],[20.9275,69.0707,652.4761],[20.9274,69.0662,760.8344],[20.9399,69.0662,663.6799],[20.9397,69.0617,722.0352],[20.9648,69.0615,640.7517],[20.9646,69.057,672.3357],[20.9771,69.057,696.2574],[20.9769,69.0524,690.2997],[21.0019,69.0523,678.4123],[21.0017,69.0478,678.0771],[21.0142,69.0477,663.5],[21.014,69.0432,676.8523],[21.0391,69.0431,726.1335],[21.0389,69.0386,759.7165],[21.0639,69.0384,785.0769],[21.0645,69.0519,679.5],[21.0771,69.0519,706.0441],[21.0779,69.0699,731.4641],[21.0905,69.0698,696.2479],[21.0914,69.0878,792.4288],[21.1039,69.0878,818.0342],[21.1048,69.1058,1034.6858],[21.0922,69.1059,940.1539],[21.0925,69.1104,861.8699],[21.0799,69.1104,856.2541],[21.0801,69.1149,893.3623],[21.0676,69.115,969.5274],[21.0678,69.1195,991.2331],[21.0552,69.1196,1022.7647],[21.0561,69.1376,1089.8979],[21.0435,69.1377,1106.8059],[21.0439,69.1467,1085.5966],[21.0314,69.1468,1081.1412],[21.032,69.1603,1051.4921],[21.0194,69.1604,1004.7874],[21.0198,69.1694,1019.3829],[21.0072,69.1694,1033.6797],[21.0078,69.183,953.2591],[20.9953,69.183,894.2192],[20.9971,69.2236,1045.8984],[21.0097,69.2235,1057.7665],[21.0099,69.228,1097.6331],[21.0225,69.2279,1116.4152],[21.0227,69.2324,1137.5645],[21.0353,69.2324,1149.5054],[21.0356,69.2369,1111.0873],[21.0482,69.2368,1115.8497],[21.0484,69.2413,1091.1934],[21.061,69.2412,1024.8405],[21.0615,69.2502,1033.1327],[21.0741,69.2502,1023.2961],[21.0743,69.2547,1024.9246],[21.087,69.2546,1002.8107],[21.0872,69.2591,1042.4114],[21.0998,69.259,1067.7389],[21.1001,69.2635,1023.1037],[21.1127,69.2635,916.9417],[21.1129,69.268,990.8972],[21.1256,69.2679,941.1849],[21.1258,69.2724,891.3058],[21.1511,69.2722,880.6643],[21.1513,69.2767,918.5667],[21.164,69.2767,934.2391],[21.1642,69.2812,961.7778],[21.1769,69.2811,1036.8333],[21.1771,69.2856,1095.8744],[21.1898,69.2855,1125.254],[21.19,69.29,1150.7333],[21.2153,69.2898,1263.3851],[21.2156,69.2943,1223.9855],[21.2282,69.2943,1091.3959],[21.2285,69.2988,1152.0135],[21.2411,69.2987,1039.7278],[21.2414,69.3032,1199.9213],[21.2541,69.3031,1118.6597],[21.2543,69.3076,1257.6381],[21.267,69.3075,1303.5355],[21.2672,69.312,1306.4398],[21.3053,69.3118,1147.0853],[21.305,69.3073,1134.0852],[21.343,69.307,1105.0581],[21.3427,69.3025,1166.5476],[21.3934,69.3021,909.471],[21.3931,69.2976,945.6202],[21.4437,69.2972,826.0292],[21.4434,69.2927,830.6019],[21.494,69.2923,774.6151],[21.4937,69.2878,768.2079],[21.5444,69.2873,733.8489],[21.544,69.2828,731.8106],[21.5946,69.2824,852.7195],[21.5943,69.2779,823.9485],[21.6323,69.2775,825.2894],[21.6316,69.2685,785.3088],[21.6442,69.2684,758.2692],[21.6439,69.2639,766.5785],[21.6565,69.2638,759.8638],[21.6559,69.2548,782.7991],[21.6685,69.2547,758.182],[21.6678,69.2457,793.3778],[21.6804,69.2456,799.8463],[21.6801,69.2411,821.9437],[21.6927,69.2409,792.3289],[21.692,69.2319,780.0779],[21.7047,69.2318,745.5139],[21.704,69.2228,774.8307],[21.7166,69.2227,815.8248],[21.7159,69.2137,863.6526],[21.7285,69.2136,846.5384],[21.7281,69.2091,850.2076],[21.7407,69.2089,815.7387],[21.74,69.1999,789.1418],[21.7526,69.1998,761.0975],[21.7523,69.1953,742.7271],[21.7649,69.1952,736.7465],[21.7642,69.1862,708.4999],[21.7768,69.186,681.0673],[21.7764,69.1815,672.3198],[21.789,69.1814,677.2772],[21.7883,69.1724,703.4584],[21.8008,69.1723,700.1516],[21.8005,69.1678,696.0851],[21.8131,69.1677,700.8851],[21.8123,69.1587,689.0745],[21.8249,69.1585,699.5981],[21.8245,69.154,688.3115],[21.8371,69.1539,688.5536],[21.8364,69.1449,791.7307],[21.8489,69.1448,816.9593],[21.8486,69.1403,831.623],[21.8611,69.1401,719.6119],[21.8607,69.1356,720.6618],[21.8733,69.1355,659.5772],[21.8725,69.1265,641.8426],[21.8851,69.1264,627.1935],[21.8847,69.1218,612.6068],[21.8973,69.1217,609.4367],[21.8969,69.1172,595.9044],[21.9095,69.1171,600.5909],[21.9087,69.1081,568.6722],[21.9212,69.1079,577.0891],[21.9208,69.1034,562.1171],[21.9334,69.1033,572.2859],[21.933,69.0988,568.4291],[21.9455,69.0987,573.2578],[21.9447,69.0897,542.4377],[21.9573,69.0895,547.7474],[21.9569,69.085,537.8456],[21.9694,69.0849,533.1612],[21.9686,69.0759,540.2414],[21.9812,69.0757,520.722],[21.9808,69.0712,509.186],[22.081,69.0701,554.8898],[22.0814,69.0746,551.7361],[22.1816,69.0734,536.6685],[22.1821,69.0779,542.083],[22.2823,69.0767,529.5863],[22.2828,69.0812,526.5581],[22.3204,69.0807,510.9297],[22.3208,69.0852,509.5095],[22.3334,69.085,504.3409],[22.3339,69.0895,502.0289],[22.3589,69.0892,509.9876],[22.3594,69.0937,503.6113],[22.3719,69.0936,491.2675],[22.3724,69.0981,491.7455],[22.385,69.0979,484.6672],[22.3855,69.1024,486.7864],[22.4105,69.1021,501.8281],[22.411,69.1066,502.5055],[22.4487,69.106,516.6302],[22.4492,69.1105,525.8376],[22.4743,69.1102,603.0783],[22.4758,69.1237,555.7566],[22.4883,69.1235,542.1961],[22.4903,69.1415,507.8201],[22.5029,69.1414,514.4698],[22.509,69.1954,460.1914],[22.5216,69.1952,469.5205],[22.5252,69.2267,521.706],[22.5126,69.2269,496.3467],[22.5152,69.2494,540.7362],[22.5025,69.2496,566.3101],[22.5031,69.2541,614.2396],[22.4904,69.2543,642.4557],[22.4914,69.2633,668.5146],[22.4788,69.2635,726.7336],[22.4793,69.268,728.7365],[22.4667,69.2681,717.4382],[22.4677,69.2771,696.5196],[22.455,69.2773,670.7979],[22.4561,69.2863,659.6334],[22.4434,69.2865,638.8519],[22.4449,69.3,619.9702],[22.4323,69.3002,603.7848],[22.4328,69.3047,594.8589],[22.4201,69.3048,594.2773],[22.4206,69.3093,620.8089],[22.4079,69.3095,626.7897],[22.4089,69.3185,710.0218],[22.3963,69.3187,702.6638],[22.3972,69.3277,780.6932],[22.3846,69.3279,723.6779],[22.386,69.3414,695.0421],[22.3734,69.3415,688.3941],[22.3743,69.3505,745.5115],[22.3616,69.3507,737.8099],[22.3621,69.3552,780.2902],[22.3494,69.3554,746.5686],[22.3499,69.3599,804.3897],[22.3372,69.36,751.0724],[22.3377,69.3645,765.5176],[22.325,69.3647,790.5159],[22.326,69.3737,825.7523],[22.3133,69.3739,800.7917],[22.3161,69.4009,907.8737],[22.3034,69.401,906.6179],[22.3044,69.41,850.4908],[22.2916,69.4102,860.958],[22.2921,69.4147,809.788],[22.2794,69.4149,793.5371],[22.2832,69.4509,750.588],[22.2959,69.4507,787.9502],[22.2964,69.4552,818.1438],[22.2836,69.4554,802.8946],[22.2846,69.4644,741.3243],[22.2718,69.4646,716.5404],[22.2723,69.4691,688.2857],[22.2595,69.4692,683.1663],[22.26,69.4737,707.1252],[22.2728,69.4736,716.9764],[22.2737,69.4826,816.3016],[22.363,69.4815,604.6495],[22.3635,69.486,619.4308],[22.3763,69.4858,735.2766],[22.3768,69.4903,699.9467],[22.4023,69.49,594.9046],[22.4028,69.4945,606.3593],[22.4156,69.4943,549.7961],[22.4161,69.4988,555.8959],[22.4416,69.4985,538.8383],[22.4421,69.503,521.5062],[22.4549,69.5028,532.6816],[22.4554,69.5073,547.7736],[22.4682,69.5071,562.3771],[22.4687,69.5116,572.4578],[22.5198,69.5109,726.8622],[22.5203,69.5154,708.2936],[22.5842,69.5145,630.2645],[22.6737,69.5133,706.5916],[22.6731,69.5088,617.4435],[22.7115,69.5082,618.4849],[22.7131,69.5217,615.9366],[22.7004,69.5219,615.4835],[22.702,69.5354,636.174],[22.6892,69.5356,630.649],[22.6904,69.5446,630.0134],[22.716,69.5442,627.4225],[22.7165,69.5487,625.9379],[22.7421,69.5483,634.8838],[22.7467,69.5844,618.2253],[22.7595,69.5842,618.4578],[22.7624,69.6067,624.4997],[22.7752,69.6065,632.7659],[22.7758,69.611,635.712],[22.7886,69.6108,649.8641],[22.7892,69.6153,657.3267],[22.8149,69.6149,684.3704],[22.8155,69.6194,700.9449],[22.8283,69.6192,713.7245],[22.8289,69.6237,717.8999],[22.8417,69.6235,733.1857],[22.8423,69.628,727.6364],[22.8552,69.6278,739.4325],[22.8558,69.6323,756.2747],[22.8686,69.6321,760.3443],[22.8698,69.6411,794.3401],[22.8827,69.6409,782.9692],[22.8833,69.6454,778.379],[22.8704,69.6456,770.0463],[22.871,69.6501,770.1749],[22.8581,69.6503,763.8694],[22.8587,69.6548,776.7947],[22.8459,69.655,755.8076],[22.8465,69.6595,758.5206],[22.8336,69.6597,780.3835],[22.8342,69.6642,785.1105],[22.8085,69.6646,752.4355],[22.8079,69.6601,756.1162],[22.7822,69.6605,712.3484],[22.7816,69.656,702.5151],[22.7687,69.6562,696.1103],[22.7681,69.6517,673.9991],[22.7424,69.6521,696.4297],[22.7418,69.6476,698.6183],[22.729,69.6478,674.9907],[22.7296,69.6523,676.2505],[22.7167,69.6525,656.5695],[22.7173,69.657,657.5053],[22.6915,69.6574,651.245],[22.6921,69.6619,639.4358],[22.6792,69.662,654.0946],[22.6798,69.6666,641.8622],[22.6541,69.6669,625.1083],[22.6546,69.6714,624.2885],[22.6417,69.6716,616.1895],[22.6423,69.6761,619.3601],[22.6165,69.6765,614.9034],[22.6171,69.681,625.085],[22.6042,69.6812,628.4073],[22.6048,69.6857,634.2151],[22.579,69.686,697.1018],[22.5795,69.6905,711.6159],[22.5667,69.6907,683.6049],[22.5672,69.6952,706.4752],[22.5543,69.6954,673.0204],[22.5554,69.7044,659.751],[22.5425,69.7046,638.9181],[22.5441,69.7181,625.4297],[22.5312,69.7183,618.4737],[22.5333,69.7363,695.28],[22.5204,69.7365,693.7619],[22.5252,69.777,634.2663],[22.4734,69.7777,681.3856],[22.4739,69.7822,642.6072],[22.461,69.7824,590.408],[22.4615,69.7869,615.5654],[22.4486,69.787,608.8506],[22.4506,69.8051,718.854],[22.4636,69.8049,735.2548],[22.4651,69.8184,751.7668],[22.4781,69.8182,754.8192],[22.4797,69.8317,793.9927],[22.4926,69.8316,830.2405],[22.4932,69.8361,801.4475],[22.5061,69.8359,792.4004],[22.5067,69.8404,821.3314],[22.5326,69.8401,838.7507],[22.5347,69.8581,940.3689],[22.5218,69.8582,928.4838],[22.5223,69.862799999999993,908.938],[22.4574,69.8636,818.8694],[22.4579,69.8681,914.5107],[22.4449,69.8683,852.693],[22.4454,69.8728,834.3412],[22.4324,69.873,766.4627],[22.4329,69.8775,803.4337],[22.4459,69.8773,782.8984],[22.4464,69.8818,624.3179],[22.4594,69.8816,636.4833],[22.4599,69.8861,605.5218],[22.473,69.886,633.135],[22.4735,69.8905,665.7551],[22.4865,69.8903,616.3275],[22.487,69.8948,661.1521],[22.5,69.8946,631.2025],[22.5005,69.8991,666.752],[22.5136,69.899,653.9514],[22.5151,69.9125,689.8706],[22.5021,69.9127,677.8819],[22.5027,69.9172,699.7366],[22.4766,69.9175,658.003],[22.4771,69.922,710.9761],[22.4511,69.9223,644.1132],[22.4516,69.9269,663.9987],[22.3604,69.928,650.1027],[22.3609,69.9325,671.8061],[22.3348,69.9329,652.2634],[22.3353,69.9374,656.6661],[22.3093,69.9377,645.4563],[22.3098,69.9422,605.4604],[22.2837,69.9425,627.6705],[22.2842,69.947,630.9082],[22.2581,69.9473,617.0694],[22.2586,69.9519,664.1314],[22.2455,69.952,635.6838],[22.246,69.9565,603.7516],[22.233,69.9567,624.1532],[22.2358,69.9837,667.9254],[22.2227,69.9839,597.0696],[22.2232,69.9884,579.0737],[22.2101,69.9885,542.1168],[22.2111,69.9975,557.9034],[22.198,69.9977,445.9398],[22.1989,70.0067,445.6451],[22.1859,70.0068,445.9808],[22.1877,70.0249,182.501],[22.2008,70.0247,179.6562],[22.2032,70.0472,435.4558],[22.1901,70.0474,348.2852],[22.191,70.0564,555.0545],[22.1779,70.0566,629.8543],[22.1793,70.0701,928.9702],[22.1662,70.0702,863.1138],[22.1671,70.0792,844.6166],[22.154,70.0794,863.7178],[22.1549,70.0884,669.4991],[22.1418,70.0886,640.0844],[22.1427,70.0976,495.5147],[22.1295,70.0977,483.2264],[22.1304,70.1067,799.3524],[22.1173,70.1069,715.0389],[22.1187,70.1204,1028.5408],[22.1055,70.1205,937.925],[22.1082,70.1476,995.9274],[22.0951,70.1477,983.6804],[22.0955,70.1522,1031.8324],[22.0823,70.1524,1010.3134],[22.0832,70.1614,1097.9087],[22.0437,70.1618,1120.5035],[22.0441,70.1663,1160.4707],[22.031,70.1665,1121.891],[22.0301,70.1575,1079.7512],[22.0169,70.1576,1071.516],[22.0161,70.1486,964.9282],[22.0029,70.1487,788.0963],[22.0025,70.1442,836.6684],[21.9893,70.1444,669.3947],[21.9889,70.1399,616.0934],[21.9625,70.1401,493.6937],[21.963,70.1446,776.72],[21.9235,70.1451,858.2101],[21.9239,70.1496,816.0988],[21.9107,70.1497,949.2469],[21.9099,70.1407,985.0858],[21.8967,70.1408,735.5842],[21.8959,70.1318,213.075],[21.8827,70.1319,263.63869999999997],[21.8819,70.1229,593.4853],[21.8688,70.123,611.7162],[21.868,70.114,887.7438],[21.8548,70.1142,564.6869],[21.8544,70.1097,597.111],[21.8413,70.1098,428.5113],[21.8409,70.1053,415.2165],[21.8146,70.1055,743.0299],[21.8142,70.101,604.1448],[21.8011,70.1012,475.0406],[21.8019,70.1102,787.4461],[21.7887,70.1103,483.0942],[21.7895,70.1193,788.4124],[21.75,70.1197,927.512],[21.7504,70.1242,752.9192],[21.7241,70.1244,873.2197],[21.7248,70.1334,971.459],[21.7117,70.1336,966.7712],[21.7124,70.1426,1013.1378],[21.6992,70.1427,938.5943],[21.6996,70.1472,748.8761],[21.6864,70.1473,743.7955],[21.6868,70.1518,852.8134],[21.6736,70.1519,843.9961],[21.674,70.1565,466.9808],[21.6608,70.1566,860.4708],[21.6612,70.1611,879.0943],[21.648,70.1612,790.0094],[21.6483,70.1657,535.3246],[21.622,70.1659,397.6138],[21.6223,70.1704,444.8343],[21.6091,70.1705,262.4954],[21.6109,70.1931,257.396],[21.5317,70.1937,739.1258],[21.5314,70.1892,558.0804],[21.5182,70.1893,175.932],[21.5178,70.1848,159.6093],[21.4123,70.1857,638.489],[21.4126,70.1902,625.9038],[21.3862,70.1904,651.7761],[21.3865,70.1949,664.5096],[21.3601,70.1951,540.1959],[21.3604,70.1996,385.542],[21.334,70.1998,175.3253],[21.3343,70.2043,155.9382],[21.3078,70.2045,288.5475],[21.3081,70.209,337.0809],[21.2685,70.2092,421.6413],[21.2688,70.2137,324.4107],[21.2423,70.2139,97.2472],[21.2426,70.2184,153.5079],[21.203,70.2187,98.5712],[21.2032,70.2232,0.0],[21.1821,70.2233,0.0],[21.1896,70.2229,0.0],[21.1953,70.2203,41.0483],[21.1901,70.2141,28.0876],[21.1932,70.2109,41.369],[21.1901,70.2068,17.9628],[21.1958,70.2042,41.5351],[21.2042,70.2042,0.0],[21.2104,70.2083,0.0],[21.2203,70.2078,53.6312],[21.2172,70.2047,0.0],[21.2286,70.1995,0.0],[21.2276,70.1964,39.1188],[21.2333,70.1937,0.0],[21.25,70.1917,31.6153],[21.2557,70.1891,18.3408],[21.2526,70.1839,10.059],[21.2599,70.1797,15.1137],[21.2578,70.1776,181.7314],[21.2521,70.1771,67.717],[21.2505,70.1755,0.0],[21.2563,70.1729,0.0],[21.262,70.1724,53.5219],[21.2609,70.1693,0.0],[21.2687,70.1687,0.0],[21.2771,70.1646,38.1609],[21.2849,70.1641,89.2949],[21.2839,70.1609,0.0],[21.2854,70.1604,0.0],[21.2979,70.1604,0.0],[21.3021,70.1583,0.0],[21.3208,70.1583,33.9216],[21.325,70.1563,0.0],[21.3563,70.1563,0.0],[21.3625,70.1583,29.79],[21.3688,70.1563,0.0],[21.3729,70.1583,12.2817],[21.3958,70.1583,0.0],[21.4167,70.1646,0.0],[21.4396,70.1646,0.0],[21.4458,70.1687,0.0],[21.4562,70.1687,0.0],[21.4708,70.1729,0.0],[21.4724,70.1724,0.0],[21.4714,70.1693,0.0],[21.4724,70.1672,0.0],[21.462,70.1568,0.0],[21.4396,70.1521,0.0],[21.4333,70.1479,152.7957],[21.4214,70.1474,65.6297],[21.4255,70.1443,374.3755],[21.4333,70.1438,333.9456],[21.4349,70.1422,417.725],[21.425,70.1417,450.9662],[21.4208,70.1438,367.0099],[21.4125,70.1438,173.344],[21.4089,70.1412,0.0],[21.4328,70.1286,66.3554],[21.4318,70.1255,0.0],[21.4495,70.1162,67.7001],[21.4484,70.113,0.0],[21.4557,70.1099,100.3408],[21.4505,70.1036,0.0],[21.4547,70.1005,0.0],[21.4625,70.1,59.2129],[21.4708,70.0958,13.1497],[21.4813,70.0958,35.9893],[21.4896,70.0917,0.0],[21.4979,70.0938,53.9877],[21.5042,70.0917,0.0],[21.5104,70.0938,30.2346],[21.5146,70.0917,0.0],[21.5333,70.0917,59.8273],[21.5396,70.0896,0.0],[21.5438,70.0917,28.6953],[21.562,70.0922,0.0],[21.5672,70.0974,1.7061],[21.5745,70.0984,0.0],[21.5818,70.1057,0.0],[21.5854,70.1062,0.0],[21.5974,70.0995,0.0],[21.5953,70.0964,0.0],[21.588,70.0953,0.0],[21.5859,70.0922,0.0],[21.5891,70.0911,0.0],[21.588,70.088,0.0],[21.5911,70.087,107.1466],[21.5901,70.0839,0.0],[21.5995,70.0828,70.3035],[21.5984,70.0797,0.0],[21.6063,70.0792,0.0],[21.6292,70.0729,0.0],[21.6354,70.0729,0.0],[21.6396,70.0708,0.0],[21.6458,70.0708,29.2472],[21.6542,70.0667,0.0],[21.6667,70.0667,14.1999],[21.6792,70.0625,0.0],[21.6854,70.0625,0.0],[21.6938,70.0583,0.0],[21.7,70.0583,0.0],[21.7068,70.0547,0.0],[21.7146,70.0542,0.0],[21.7188,70.0521,0.0],[21.7583,70.0542,0.0],[21.7792,70.0604,0.0],[21.8021,70.0604,0.0],[21.8203,70.0651,0.0],[21.8224,70.0682,0.0],[21.8141,70.0724,0.0],[21.8063,70.0729,66.1507],[21.8005,70.0755,31.2815],[21.8057,70.0797,0.0],[21.8026,70.0828,0.0],[21.8099,70.0839,0.0],[21.8068,70.0859,0.0],[21.8083,70.0875,0.0],[21.8161,70.0849,0.0],[21.8151,70.0776,0.0],[21.8229,70.0771,0.0],[21.8297,70.0734,0.0],[21.8375,70.0729,0.0],[21.8417,70.0708,0.0],[21.8771,70.0729,0.0],[21.8813,70.075,0.0],[21.8958,70.075,0.0],[21.9,70.0771,7.1252],[21.9063,70.075,0.0],[21.9521,70.075,0.0],[21.9568,70.0787,0.0],[21.9641,70.0797,0.0],[21.9693,70.0849,0.0],[21.9766,70.0859,0.0],[21.9786,70.0891,0.0],[21.9755,70.0911,0.0],[21.987,70.0901,0.0],[21.9953,70.0984,0.0],[21.9922,70.1016,4.3426],[21.9958,70.1021,0.0],[22.0042,70.0979,0.0],[22.0125,70.0979,0.0],[22.025,70.1021,0.0],[22.0354,70.1021,0.0],[22.0516,70.1172,0.0],[22.0505,70.1203,0.0],[22.0604,70.1229,0.0],[22.0641,70.1224,0.0],[22.0661,70.1193,0.0],[22.0526,70.1057,0.0],[22.0557,70.1026,0.0],[22.0255,70.0974,0.0],[22.0203,70.0922,0.0],[22.013,70.0911,0.0],[22.0057,70.0839,0.0],[21.9984,70.0828,0.0],[21.9922,70.0787,0.0],[21.9953,70.0755,0.0],[21.9917,70.0729,0.0],[21.9833,70.075,0.0],[21.975,70.0687,10.2788],[21.9646,70.0687,0.0],[21.9604,70.0667,0.0],[21.9458,70.0667,0.0],[21.9417,70.0646,0.0],[21.9354,70.0667,0.0],[21.9271,70.0667,0.0],[21.9255,70.0651,0.0],[21.9286,70.0641,0.0],[21.9271,70.0625,0.0],[21.9063,70.0646,0.0],[21.9,70.0625,0.0],[21.8833,70.0708,0.0],[21.8771,70.0687,0.0],[21.8667,70.0687,0.0],[21.8604,70.0646,0.0],[21.8438,70.0687,0.0],[21.8422,70.0672,0.0],[21.8474,70.0641,0.0],[21.8453,70.0609,0.0],[21.8297,70.0578,0.0],[21.837,70.0537,0.0],[21.8349,70.0505,0.0],[21.8104,70.05,0.0],[21.8089,70.0484,0.0],[21.8167,70.0479,0.0],[21.8182,70.0463,0.0],[21.8,70.0458,0.0],[21.7984,70.0443,0.0],[21.8016,70.0422,21.2917],[21.7896,70.0417,0.0],[21.7849,70.038,90.7448],[21.7776,70.037,15.6124],[21.7755,70.0339,0.0],[21.7854,70.0292,0.0],[21.7979,70.0292,155.1261],[21.8089,70.0234,0.0],[21.8161,70.0224,0.0],[21.8255,70.0172,0.0],[21.8333,70.0167,3.5004],[21.8401,70.013,0.0],[21.8479,70.0125,0.0],[21.8521,70.0104,0.0],[21.8583,70.0125,27.7455],[21.8625,70.0104,0.0],[21.8896,70.0104,0.0],[21.8958,70.0125,30.4396],[21.9,70.0104,0.0],[21.9208,70.0104,0.0],[21.9333,70.0146,0.0],[21.9667,70.0146,0.0],[21.9766,70.0172,0.0],[21.9833,70.0229,0.0],[21.9896,70.0208,0.0],[21.9979,70.0229,0.0],[22.0042,70.0208,0.0],[22.0104,70.025,0.0],[22.0208,70.025,0.0],[22.0333,70.0292,19.6273],[22.0396,70.0271,0.0],[22.0604,70.0271,0.0],[22.0646,70.0292,0.0],[22.0828,70.0307,4.78],[22.0786,70.0276,0.0],[22.0714,70.0266,0.0],[22.0682,70.0234,0.0],[22.0583,70.0208,0.0],[22.0229,70.0188,0.0],[22.0047,70.0141,0.0],[22.0026,70.012,0.0],[22.0042,70.0104,0.0],[22.012,70.0099,0.0],[22.0089,70.0068,0.0],[22.0172,70.0026,0.0],[22.0266,70.0016,0.0],[22.0255,69.9984,0.0],[22.0349,69.9974,8.4918],[22.0318,69.9922,0.0],[22.0375,69.9917,0.0],[22.0432,69.9891,0.0],[22.0422,69.9859,3.245],[22.0453,69.9849,20.0241],[22.0438,69.9833,24.340699999999998],[22.038,69.9828,0.0],[22.0339,69.9786,0.0],[22.037,69.9766,0.0],[22.0339,69.9714,0.0],[22.037,69.9703,0.0],[22.0359,69.9672,0.0],[22.037,69.9651,0.0],[22.0318,69.9599,0.0],[22.0349,69.9568,13.6736],[22.0318,69.9526,0.0],[22.0453,69.9453,0.0],[22.037,69.9359,0.0],[22.0333,69.9354,0.0],[22.025,69.9396,0.0],[22.0083,69.9396,7.9089],[22.0042,69.9417,0.0],[21.9859,69.9443,0.0],[21.9875,69.9458,0.0],[21.9979,69.9458,0.0],[22.0026,69.9495,2.7968],[22.0099,69.9505,0.0],[22.0005,69.9537,17.3768],[22.0078,69.9547,0.0],[22.0099,69.9568,0.0],[22.0089,69.9599,1.3706],[22.0182,69.9693,0.0],[22.0167,69.9708,0.0],[22.0089,69.9714,16.2805],[22.012,69.9755,0.0],[22.0089,69.9776,13.3044],[22.012,69.9818,0.0],[22.0099,69.9849,0.0],[21.9938,69.9896,89.9991],[21.9688,69.9896,216.6977],[21.9625,69.9917,75.1389],[21.9583,69.9896,169.1733],[21.9521,69.9917,0.0],[21.9479,69.9896,125.2091],[21.9375,69.9896,12.0546],[21.9333,69.9875,145.9346],[21.9292,69.9875,98.9891],[21.9245,69.9838,270.9574],[21.9146,69.9812,405.1426],[21.8693,69.9786,0.0],[21.8724,69.9755,0.0],[21.8693,69.9714,0.0],[21.8807,69.9661,0.0],[21.888,69.9609,0.0],[21.8958,69.9604,25.4632],[21.9,69.9583,0.0],[21.9125,69.9583,41.9331],[21.9141,69.9578,12.3719],[21.913,69.9547,0.0],[21.9208,69.9542,0.0],[21.9224,69.9526,5.2842],[21.9151,69.9516,0.0],[21.9104,69.9479,1.88],[21.9042,69.95,0.0],[21.8896,69.95,0.0],[21.888,69.9484,0.0],[21.8911,69.9464,0.0],[21.8891,69.9443,88.0661],[21.8708,69.9437,20.2442],[21.863,69.9359,15.186],[21.8661,69.9349,22.1451],[21.8651,69.9276,0.0],[21.8745,69.9266,36.8825],[21.8734,69.9234,0.0],[21.8766,69.9224,0.0],[21.8755,69.9193,0.0],[21.8786,69.9182,23.4154],[21.8755,69.913,0.0],[21.8786,69.9109,9.4575],[21.8729,69.9104,0.0],[21.8714,69.9089,0.0],[21.8833,69.9083,50.9096],[21.8891,69.9057,20.6405],[21.888,69.9026,0.0],[21.8911,69.9005,0.0],[21.8859,69.8943,0.0],[21.8932,69.8912,1.4592],[21.8901,69.8859,8.4294],[21.8937,69.8833,0.0],[21.9016,69.8828,18.7704],[21.9005,69.8797,0.0],[21.9078,69.8766,30.2255],[21.9068,69.8734,0.0],[21.9146,69.8729,0.0],[21.9188,69.8708,0.0],[21.9292,69.8708,0.0],[21.9333,69.8688,0.0],[21.9583,69.8688,16.0397],[21.9708,69.8646,0.0],[21.9792,69.8667,0.0],[21.9938,69.8625,0.0],[22.0,69.8625,0.0],[22.0224,69.8536,0.0],[22.0214,69.8505,0.0],[22.0245,69.8495,0.0],[22.0224,69.8464,0.0],[22.0151,69.8453,0.0],[22.0104,69.8417,5.0842],[21.9896,69.8417,0.0],[21.9854,69.8438,0.0],[21.9792,69.8438,0.0],[21.9776,69.8432,0.0],[21.9786,69.8401,0.0],[21.9771,69.8396,0.0],[21.9396,69.8396,0.0],[21.9313,69.8438,0.0],[21.9146,69.8438,2.0108],[21.8937,69.85,0.0],[21.8922,69.8484,0.0],[21.8953,69.8464,0.0],[21.8859,69.8359,0.0],[21.8917,69.8333,0.0],[21.8974,69.8328,0.0],[21.8964,69.8297,0.0],[21.8979,69.8292,0.0],[21.9042,69.8292,1.4219],[21.9083,69.8271,0.0],[21.9266,69.8245,24.7937],[21.9286,69.8224,27.0727],[21.9276,69.8193,0.0],[21.937,69.8182,15.4866],[21.9359,69.8151,0.0],[21.9375,69.8146,0.0],[21.95,69.8146,21.0954],[21.9562,69.8125,0.0],[21.9661,69.8151,0.0],[21.9682,69.8182,0.0],[21.9651,69.8203,0.0],[21.9688,69.8229,0.0],[21.9724,69.8224,5.963],[21.988,69.813,0.0],[21.9958,69.8125,7.7218],[22.0016,69.8099,14.302],[22.0005,69.8068,0.0],[22.0078,69.8057,0.0],[22.0146,69.8021,0.0],[22.0208,69.8021,5.5552],[22.0292,69.7979,0.0],[22.037,69.7974,26.0314],[22.0443,69.7922,0.0],[22.0536,69.7911,17.1498],[22.0526,69.788,0.0],[22.0604,69.7875,20.759],[22.0672,69.7839,0.0],[22.0745,69.7828,32.4318],[22.0734,69.7797,0.0],[22.0812,69.7792,9.3225],[22.0911,69.7745,34.1072],[22.0896,69.7729,59.527],[22.0776,69.7724,0.0],[22.0807,69.7693,36.2417],[22.0708,69.7667,54.9922],[22.0646,69.7688,0.0],[22.0521,69.7688,28.4713],[22.0458,69.7708,0.0],[22.0417,69.7688,10.0933],[22.0318,69.7682,0.0],[22.0339,69.7651,0.0],[22.0375,69.7646,0.0],[22.0437,69.7667,0.0],[22.0583,69.7625,0.0],[22.0854,69.7604,50.2279],[22.0922,69.7568,0.0],[22.1,69.7562,0.0],[22.1068,69.7526,0.0],[22.1167,69.75,0.0],[22.1292,69.75,9.7699],[22.1391,69.7443,0.0],[22.1318,69.7432,0.0],[22.1286,69.7401,3.442],[22.1188,69.7375,0.0],[22.1042,69.7375,26.9447],[22.1,69.7396,0.0],[22.0917,69.7396,0.0],[22.0875,69.7375,15.2211],[22.0729,69.7375,0.0],[22.0682,69.7338,0.0],[22.0609,69.7328,0.0],[22.0568,69.7286,0.0],[22.0589,69.7255,0.0],[22.062,69.7245,0.0],[22.0604,69.7229,5.282],[22.0526,69.7234,21.5249],[22.0417,69.7292,2.3097],[22.0333,69.7292,0.0],[22.0271,69.725,77.2924],[22.0062,69.725,102.4175],[21.9938,69.7292,0.0],[21.9875,69.7292,43.8597],[21.9833,69.7312,0.0],[21.9672,69.7338,12.6865],[21.9589,69.7391,19.6771],[21.9688,69.7396,18.1174],[21.9729,69.7375,0.0],[21.9938,69.7333,0.0],[21.9979,69.7354,0.0],[22.025,69.7354,0.0],[22.0292,69.7375,0.0],[22.0458,69.7375,0.0],[22.0495,69.7412,4.9261],[22.0359,69.7422,0.0],[22.038,69.7453,0.0],[22.0453,69.7464,0.0],[22.0474,69.7495,34.4848],[22.0417,69.7521,0.0],[22.0234,69.7547,39.1067],[22.013,69.7609,12.611],[22.0141,69.7641,1.1351],[22.0109,69.7662,0.0],[22.0139,69.7685,0.0],[22.0203,69.7693,0.0],[22.0224,69.7714,5.6012],[22.0208,69.7729,0.0],[21.9979,69.7708,0.0],[21.9771,69.7646,73.1233],[21.9708,69.7646,85.1796],[21.9693,69.7651,87.2954],[21.9703,69.7682,0.0],[21.9688,69.7688,0.0],[21.9521,69.7708,89.3259],[21.9276,69.7776,77.5164],[21.9328,69.7849,0.0],[21.925,69.7854,24.4758],[21.9193,69.788,22.262],[21.9203,69.7911,0.0],[21.9151,69.7943,48.0706],[21.9161,69.7974,0.0],[21.9089,69.8005,0.0],[21.9099,69.8037,0.0],[21.8953,69.812,0.0],[21.8859,69.813,36.4317],[21.887,69.8161,0.0],[21.8828,69.8182,18.1293],[21.875,69.8187,131.2585],[21.8693,69.8214,142.7048],[21.8745,69.8266,0.0],[21.8714,69.8276,0.0],[21.8724,69.8307,0.0],[21.8693,69.8318,1.9356],[21.8703,69.8349,0.0],[21.8672,69.837,0.0],[21.8813,69.8396,0.0],[21.8828,69.8411,0.0],[21.875,69.8417,1.2785],[21.8708,69.8438,0.0],[21.8417,69.8438,0.0],[21.8333,69.8479,0.0],[21.8208,69.8479,21.2054],[21.8193,69.8484,16.4678],[21.8203,69.8516,0.0],[21.813,69.8526,32.5814],[21.8141,69.8557,0.0],[21.8109,69.8568,0.0],[21.812,69.8599,0.0],[21.7953,69.8682,0.0],[21.788,69.8693,37.7332],[21.7813,69.8729,0.0],[21.7672,69.8734,112.8528],[21.7682,69.8766,5.5331],[21.7625,69.8792,0.0],[21.75,69.8792,52.9911],[21.7443,69.8807,4.9037],[21.7464,69.8776,116.0413],[21.7542,69.8771,65.3463],[21.7599,69.8745,121.1643],[21.7563,69.8729,266.7358],[21.7521,69.875,213.3229],[21.7458,69.875,281.498],[21.7333,69.8792,215.7349],[21.7167,69.8812,204.9012],[21.7125,69.8833,69.6304],[21.7,69.8833,120.2538],[21.6917,69.8875,0.0],[21.6755,69.8901,45.055],[21.6688,69.8938,0.0],[21.6563,69.8938,76.8956],[21.6547,69.8943,76.8956],[21.6557,69.8974,0.0],[21.6396,69.9,0.0],[21.6354,69.9021,0.0],[21.6292,69.9021,35.416],[21.6208,69.9063,0.0],[21.5979,69.9063,7.9543],[21.5896,69.9104,0.0],[21.5818,69.9109,33.2292],[21.5651,69.9193,148.9294],[21.563,69.9213,101.4495],[21.5641,69.9245,20.54],[21.5609,69.9255,26.3723],[21.5661,69.9318,0.0],[21.563,69.9349,3.6136],[21.5651,69.937,0.0],[21.5724,69.938,0.0],[21.5766,69.9422,0.0],[21.5651,69.9484,0.0],[21.5661,69.9516,0.0],[21.5542,69.9521,5.8999],[21.55,69.9542,5.6097],[21.5333,69.9563,0.0],[21.5276,69.9589,0.0],[21.5286,69.962,0.0],[21.5172,69.9682,0.0],[21.5193,69.9703,0.0],[21.5266,69.9714,0.0],[21.5255,69.9745,0.0],[21.5286,69.9786,0.0],[21.5161,69.9849,0.0],[21.4979,69.9875,107.7292],[21.487,69.9932,0.0],[21.4797,69.9943,93.4303],[21.4729,69.9979,0.0],[21.4547,70.0005,7.8231],[21.4505,70.0026,0.0],[21.4516,70.0057,0.0],[21.4443,70.0089,0.0],[21.4474,70.012,0.0],[21.4417,70.0146,0.0],[21.4104,70.0146,0.0],[21.4021,70.0188,0.0],[21.3792,70.0188,0.0],[21.375,70.0208,0.0],[21.3688,70.0188,15.7735],[21.3604,70.0208,23.072],[21.3563,70.0188,44.5488],[21.3292,70.0188,38.2861],[21.3229,70.0208,0.0],[21.3167,70.0167,81.5675],[21.3,70.0167,0.0],[21.2953,70.013,0.0],[21.2854,70.0104,19.2265],[21.2583,70.0104,0.0],[21.2542,70.0083,13.2362],[21.2375,70.0083,0.0],[21.2318,70.0026,0.0],[21.2375,70.0,177.0591],[21.2438,70.0,311.7583],[21.2453,69.9984,376.0387],[21.2255,69.9974,31.6988],[21.2234,69.9943,0.0],[21.2266,69.9922,10.2545],[21.2182,69.9838,0.0],[21.2161,69.9818,11.9069],[21.2089,69.9807,0.0],[21.212,69.9786,0.0],[21.2109,69.9755,4.2398],[21.2141,69.9734,62.4167],[21.2089,69.9682,0.0],[21.2099,69.9651,0.0],[21.2089,69.963,0.0],[21.2167,69.9625,53.1399],[21.2182,69.9609,160.7584],[21.2047,69.9599,108.91],[21.1943,69.9495,0.0],[21.1974,69.9474,0.0],[21.1964,69.9443,0.0],[21.1995,69.9422,32.5203],[21.1974,69.9401,111.5159],[21.1833,69.9375,0.0],[21.1818,69.9359,0.0],[21.1958,69.9292,0.0],[21.2021,69.9292,0.0],[21.2104,69.925,0.0],[21.225,69.9229,0.0],[21.2292,69.9208,0.0],[21.2354,69.9208,5.1012],[21.2396,69.9187,0.0],[21.2521,69.9187,0.0],[21.2563,69.9167,0.0],[21.2854,69.9167,0.0],[21.2896,69.9146,0.0],[21.3083,69.9146,2.6334],[21.3245,69.9099,0.0],[21.3146,69.9,0.0],[21.2729,69.9,0.0],[21.263,69.8974,59.1687],[21.2646,69.8958,144.369],[21.2833,69.8958,90.1783],[21.2875,69.8938,139.6134],[21.2938,69.8938,121.5521],[21.3057,69.8859,449.361],[21.3021,69.8854,544.8104],[21.2979,69.8875,473.3096],[21.275,69.8875,619.908],[21.2682,69.8912,485.4834],[21.2604,69.8917,479.7893],[21.2563,69.8938,368.9634],[21.2333,69.8938,264.1142],[21.2188,69.8979,125.5044],[21.1979,69.8958,122.1005],[21.1917,69.8979,0.0],[21.1839,69.8901,0.0],[21.1911,69.887,0.0],[21.1901,69.8839,0.0],[21.1974,69.8797,0.0],[21.1667,69.8792,1.9174],[21.1604,69.875,268.4714],[21.1521,69.875,347.8663],[21.1396,69.8708,501.3821],[21.1271,69.8688,448.2895],[21.1224,69.8651,491.314],[21.1083,69.8625,410.0843],[21.1036,69.8588,543.478],[21.0938,69.8562,502.5418],[21.0901,69.8578,295.27],[21.0964,69.8641,113.6003],[21.1104,69.8667,153.7487],[21.1151,69.8703,129.2109],[21.1224,69.8714,198.0442],[21.1193,69.8734,91.9859],[21.1203,69.8766,2.4697],[21.1,69.8771,0.0],[21.0958,69.8792,0.0],[21.0729,69.8812,0.0],[21.0646,69.875,15.3331],[21.0438,69.8771,0.0],[21.0339,69.8745,0.0],[21.0411,69.8693,0.0],[21.037,69.8651,14.2303],[21.0297,69.8641,0.0],[21.0276,69.862,0.0],[21.0307,69.8599,5.9078],[21.0297,69.8568,0.0],[21.0375,69.8562,5.4327],[21.0417,69.8542,0.0],[21.0557,69.8536,1.3299],[21.0547,69.8505,0.0],[21.0578,69.8495,0.0],[21.0599,69.8464,0.0],[21.0474,69.8339,0.0],[21.0375,69.8333,0.0],[21.0276,69.8307,28.7797],[21.0307,69.8287,97.4979],[21.0286,69.8255,228.4822],[21.0167,69.825,223.2152],[21.0042,69.8208,324.0345],[20.9958,69.8229,37.189],[20.988,69.8151,0.0],[20.9911,69.8141,0.0],[20.9901,69.8109,0.0],[21.0083,69.8083,32.7818],[21.0099,69.8078,26.6965],[21.0089,69.8047,0.0],[21.013,69.8026,0.0],[21.0187,69.8021,0.0],[21.0255,69.7984,0.0],[21.0333,69.7979,3.7259],[21.0391,69.7953,0.0],[21.0354,69.7917,0.0],[21.025,69.7958,0.0],[21.0167,69.7958,0.0],[21.0099,69.7901,0.0],[21.0026,69.7891,0.0],[21.0099,69.7849,0.0],[21.0083,69.7833,0.0],[21.0021,69.7854,0.0],[20.9958,69.7854,0.0],[20.9917,69.7833,0.0],[20.9813,69.7833,0.0],[20.9771,69.7813,0.0],[20.9672,69.7818,0.0],[20.963,69.7839,4.6131],[20.9641,69.787,0.0],[20.9516,69.7932,0.0],[20.9396,69.7937,0.0],[20.9255,69.8005,0.0],[20.9266,69.8037,0.0],[20.9193,69.8068,43.3441],[20.9203,69.8099,0.0],[20.9172,69.8109,36.9208],[20.9203,69.8161,0.0],[20.9109,69.8172,28.6085],[20.9047,69.8214,0.0],[20.9057,69.8245,0.0],[20.9026,69.8255,15.2074],[20.9036,69.8287,0.0],[20.9005,69.8297,37.111],[20.9021,69.8313,0.0],[20.9078,69.8318,0.0],[20.9109,69.8349,0.0],[20.9208,69.8375,0.0],[20.9557,69.838,0.0],[20.9432,69.8453,0.0],[20.9339,69.8464,24.3741],[20.9411,69.8495,0.0],[20.9354,69.8521,0.0],[20.8792,69.8521,0.0],[20.8667,69.8479,30.4759],[20.8625,69.85,0.0],[20.8484,69.8505,15.2627],[20.8495,69.8536,0.0],[20.8464,69.8557,3.386],[20.8583,69.8562,0.0],[20.8625,69.8583,0.0],[20.8729,69.8583,0.0],[20.8807,69.8609,0.0],[20.8854,69.8646,22.1267],[20.9078,69.8693,0.0],[20.9141,69.8755,0.0],[20.9109,69.8786,73.5358],[20.9182,69.8797,0.0],[20.938,69.8995,0.0],[20.9453,69.9005,0.0],[20.95,69.9042,0.0],[20.962,69.9047,0.0],[20.9703,69.913,0.0],[20.9672,69.9161,0.0],[20.9792,69.9167,0.0],[20.9854,69.9208,0.0],[20.9958,69.9208,0.0],[21.0005,69.9245,0.0],[21.0078,69.9255,0.0],[21.0109,69.9287,2.2474],[21.0161,69.9297,4.3187],[21.0208,69.9333,32.7858],[21.0313,69.9333,3.7399],[21.0521,69.9396,22.541],[21.0703,69.9401,0.0],[21.0724,69.9432,0.0],[21.0693,69.9453,0.0],[21.0734,69.9495,0.0],[21.0807,69.9505,0.0],[21.0776,69.9526,15.4662],[21.0786,69.9557,16.429],[21.0729,69.9583,2.9786],[21.0354,69.9583,0.0],[21.0271,69.9521,103.3373],[21.0229,69.9521,35.3348],[21.0187,69.95,87.666],[21.0068,69.9495,18.3309],[20.9995,69.9422,25.9222],[20.9859,69.9411,0.0],[20.9891,69.938,50.0105],[20.9818,69.937,11.055],[20.9771,69.9333,0.0],[20.9667,69.9333,7.879],[20.9604,69.9292,6.7078],[20.9521,69.9313,0.0],[20.9396,69.9271,0.0],[20.925,69.9271,6.8976],[20.9208,69.925,43.239],[20.9104,69.925,8.1447],[20.9089,69.9234,51.3739],[20.9161,69.9193,245.2195],[20.9063,69.9167,403.7289],[20.8583,69.9146,0.0],[20.8505,69.9078,0.0],[20.8516,69.9047,7.7919],[20.8474,69.9005,0.0],[20.8422,69.8995,0.0],[20.8359,69.8932,69.7719],[20.8391,69.8901,202.4504],[20.8292,69.8875,339.8777],[20.8146,69.8875,284.2624],[20.8042,69.8917,29.6439],[20.7943,69.8891,103.26],[20.7896,69.8854,178.5653],[20.7792,69.8854,239.3714],[20.7693,69.8828,35.1162],[20.7578,69.8693,265.5821],[20.7505,69.8682,7.1533],[20.7464,69.863,0.0],[20.7536,69.862,32.5413],[20.7547,69.8588,0.0],[20.762,69.8578,16.4464],[20.7755,69.8505,0.0],[20.7833,69.85,0.0],[20.7891,69.8474,3.4976],[20.788,69.8443,0.0],[20.7911,69.8422,7.8809],[20.7839,69.8411,0.0],[20.7776,69.8349,0.0],[20.7807,69.8328,0.0],[20.7797,69.8297,0.0],[20.7828,69.8276,0.0],[20.7766,69.8214,16.3445],[20.7693,69.8203,0.0],[20.762,69.813,34.1816],[20.7234,69.8037,0.0],[20.7203,69.8005,8.3842],[20.713,69.7995,0.0],[20.7062,69.7937,0.0],[20.6958,69.7937,0.0],[20.6917,69.7917,0.0],[20.6458,69.7917,0.0],[20.6396,69.7875,16.0681],[20.6354,69.7875,3.5058],[20.6312,69.7854,50.9821],[20.6146,69.7854,0.0],[20.6083,69.7813,4.904],[20.6,69.7813,0.0],[20.5938,69.7771,22.0814],[20.5833,69.7771,0.0],[20.5792,69.775,18.907],[20.5104,69.775,0.0],[20.5063,69.7771,0.0],[20.4979,69.7771,0.0],[20.4943,69.7734,0.0],[20.5187,69.7708,0.0],[20.5245,69.7672,0.0],[20.5146,69.7667,0.0],[20.5104,69.7688,0.0],[20.4958,69.7688,0.0],[20.4833,69.7646,0.0],[20.4625,69.7646,0.0],[20.4589,69.762,0.0],[20.4688,69.7562,0.0],[20.4807,69.7557,1.5264],[20.4891,69.7516,0.0],[20.4818,69.7484,0.0],[20.4917,69.7438,0.0],[20.4979,69.7438,5.4298],[20.5063,69.7396,0.0],[20.5141,69.7391,2.5007],[20.5224,69.7349,4.6985],[20.5214,69.7318,0.0],[20.5245,69.7307,0.0],[20.5214,69.7255,0.0],[20.5245,69.7234,0.0],[20.5214,69.7193,0.0],[20.5245,69.7182,1.4622],[20.5234,69.7151,0.0],[20.5266,69.7141,8.4406],[20.5255,69.7109,0.0],[20.5266,69.7089,0.0],[20.525,69.7063,1.8279],[20.5266,69.7026,16.8384],[20.5224,69.6984,13.592],[20.5172,69.6974,1.2091],[20.513,69.6932,0.0],[20.5161,69.6901,13.539],[20.5057,69.6797,19.523],[20.4984,69.6787,2.6654],[20.5016,69.6755,19.4129],[20.488,69.6745,0.0],[20.4995,69.6672,177.7214],[20.4833,69.6687,58.6255],[20.4734,69.6661,0.0],[20.4672,69.6599,0.0],[20.4703,69.6568,0.0],[20.4609,69.6453,0.0],[20.4641,69.6422,74.9687],[20.4609,69.638,0.0],[20.4641,69.637,50.9837],[20.463,69.6339,0.0],[20.4651,69.6318,0.0],[20.4682,69.6307,2.5275],[20.4672,69.6276,0.0],[20.4745,69.6245,13.6996],[20.4734,69.6214,0.0],[20.4849,69.6162,19.4421],[20.4839,69.613,0.0],[20.4917,69.6125,7.1888],[20.4984,69.6088,0.0],[20.5063,69.6083,1.081],[20.5104,69.6062,0.0],[20.5208,69.6062,0.0],[20.525,69.6042,0.0],[20.5313,69.6042,9.4695],[20.5328,69.6036,6.8635],[20.5318,69.6005,0.0],[20.5396,69.6,0.0],[20.5505,69.5943,0.0],[20.5578,69.5932,8.4104],[20.5568,69.5901,0.0],[20.5661,69.5891,2.8471],[20.5703,69.587,1.7398],[20.5693,69.5839,0.0],[20.5771,69.5833,0.0],[20.5828,69.5807,4.279],[20.5818,69.5776,0.0],[20.5849,69.5766,4.095],[20.5839,69.5734,0.0],[20.587,69.5724,2.7285],[20.5859,69.5693,0.0],[20.5953,69.5641,13.1332],[20.5943,69.5609,0.0],[20.6141,69.5516,5.869],[20.613,69.5484,0.0],[20.6286,69.5474,67.3723],[20.6276,69.5443,0.0],[20.6312,69.5417,0.0],[20.6391,69.5411,24.8371],[20.638,69.538,0.0],[20.6474,69.537,0.0],[20.6583,69.5313,0.0],[20.6646,69.5313,19.5277],[20.6771,69.5271,1.789],[20.6833,69.5271,26.0429],[20.6917,69.5229,1.9589],[20.7104,69.525,11.5698],[20.7146,69.5229,0.0],[20.7229,69.5229,0.0],[20.7292,69.525,7.7076],[20.7354,69.5229,0.0],[20.7417,69.525,41.6291],[20.7432,69.5245,31.4966],[20.7422,69.5214,0.0],[20.7458,69.5208,0.0],[20.75,69.5229,0.0],[20.7687,69.5229,0.6613],[20.787,69.5141,19.0976],[20.7891,69.512,8.8721],[20.788,69.5089,0.0],[20.7974,69.5078,17.0212],[20.8141,69.4995,0.3703],[20.8109,69.4943,0.9017],[20.8255,69.4859,91.2445],[20.8354,69.4854,12.8407],[20.8417,69.4875,10.7788],[20.85,69.4833,14.9634],[20.8563,69.4833,16.8477],[20.8734,69.4734,139.6186],[20.8813,69.4729,94.5913],[20.888,69.4693,130.0253],[20.8953,69.4682,69.2185],[20.8943,69.4651,201.1095],[20.9036,69.4641,123.9177],[20.9203,69.4547,130.1641],[20.9104,69.4542,602.0955],[20.9042,69.4563,547.6953],[20.9,69.4542,738.3491],[20.8917,69.4542,902.9971],[20.8849,69.4578,965.7784],[20.8688,69.4604,1109.8457],[20.8604,69.4646,1082.3646],[20.8401,69.4641,891.6845],[20.8432,69.462,972.5564],[20.8422,69.4589,941.4081],[20.8479,69.4583,985.3969],[20.8495,69.4568,1022.0569],[20.8354,69.4563,1065.735],[20.8339,69.4568,1065.735],[20.8349,69.4599,940.0995],[20.8318,69.4609,952.4526],[20.8328,69.4641,796.8801],[20.813,69.4672,1174.8115],[20.8161,69.4724,1110.2878],[20.8089,69.4734,1229.1492],[20.8161,69.4776,846.3607],[20.8125,69.4812,802.6714],[20.8089,69.4807,864.0409],[20.812,69.4776,973.0372],[20.8021,69.4771,1225.4843],[20.7875,69.4812,1188.767],[20.7792,69.4792,1001.0721],[20.7729,69.4833,941.0661],[20.7646,69.4833,1074.3121],[20.7604,69.4812,1181.4995],[20.7458,69.4812,1068.2841],[20.7359,69.4838,957.8907],[20.7292,69.4875,1067.3834],[20.7083,69.4854,1266.0344],[20.7042,69.4875,1110.8555],[20.6938,69.4875,1243.0974],[20.6922,69.488,1236.1648],[20.6932,69.4912,1111.0797],[20.6839,69.4922,1204.5657],[20.6849,69.4953,1178.0977],[20.6792,69.4979,1179.6825],[20.6667,69.4979,1198.3246],[20.6542,69.5021,1030.5948],[20.6479,69.5021,969.5419],[20.6396,69.5062,658.7308],[20.6318,69.5068,402.5526],[20.6349,69.5109,314.418],[20.6318,69.513,156.1968],[20.6328,69.5162,35.1481],[20.6245,69.5203,0.0],[20.6172,69.5214,33.2274],[20.6047,69.5276,100.6187],[20.6057,69.5307,0.0],[20.6026,69.5318,63.4719],[20.6036,69.5349,0.0],[20.5854,69.5354,470.1072],[20.5693,69.5401,238.7529],[20.5708,69.5417,224.1107],[20.5833,69.5417,210.4257],[20.5917,69.5375,188.9302],[20.5953,69.538,36.9274],[20.587,69.5432,87.1877],[20.5771,69.5458,163.8941],[20.5625,69.5458,75.4815],[20.5583,69.5437,56.1616],[20.538,69.5443,0.0],[20.5391,69.5474,0.0],[20.5359,69.5495,0.0],[20.5391,69.5537,0.0],[20.5359,69.5547,0.0],[20.537,69.5578,0.0],[20.5339,69.5589,0.0],[20.5349,69.562,0.0],[20.5224,69.5682,30.2614],[20.513,69.5693,133.7546],[20.5141,69.5724,0.0],[20.5047,69.5724,53.9801],[20.5057,69.5693,269.6656],[20.5042,69.5687,337.0823],[20.5,69.5708,214.9949],[20.4922,69.5714,280.5256],[20.4813,69.5771,70.9527],[20.4625,69.5771,414.9819],[20.4526,69.5797,462.0798],[20.4458,69.5833,339.3671],[20.4396,69.5833,519.0422],[20.4328,69.587,328.8022],[20.425,69.5875,253.7108],[20.4208,69.5896,138.5578],[20.4146,69.5896,49.3923],[20.4104,69.5875,71.3299],[20.4,69.5875,0.0],[20.3943,69.5828,0.0],[20.3974,69.5807,0.0],[20.3964,69.5776,0.0],[20.3995,69.5755,89.0489],[20.3922,69.5745,0.0],[20.3953,69.5714,45.4519],[20.388,69.5703,0.0],[20.3839,69.5661,0.0],[20.387,69.5641,0.0],[20.3859,69.5609,0.0],[20.3891,69.5599,0.0],[20.3839,69.5537,0.0],[20.387,69.5505,0.0],[20.3849,69.5484,0.0],[20.3776,69.5474,0.0],[20.3807,69.5443,0.0],[20.3714,69.5349,0.0],[20.3693,69.5307,0.0],[20.3703,69.5255,4.009],[20.3661,69.5214,42.1463],[20.3589,69.5203,15.793],[20.3547,69.5162,0.0],[20.3505,69.512,0.0],[20.3536,69.5089,0.0],[20.3318,69.487,0.0],[20.3349,69.4838,0.0],[20.3318,69.4797,0.0],[20.3349,69.4776,63.4656],[20.3328,69.4755,57.2407],[20.3276,69.4745,0.0],[20.3214,69.4682,0.0],[20.3245,69.4661,5.0162],[20.3234,69.463,6.3164],[20.3266,69.4609,63.7747],[20.3203,69.4547,73.3078],[20.3047,69.4516,0.0],[20.3026,69.4495,0.0],[20.3057,69.4474,7.4304],[20.3036,69.4443,0.0],[20.2818,69.4391,0.0],[20.2755,69.4328,0.0],[20.2786,69.4297,0.0],[20.2714,69.4286,0.0],[20.2745,69.4255,0.0],[20.2703,69.4213,52.8303],[20.263,69.4203,19.0104],[20.2547,69.4161,1.3302],[20.2578,69.4141,33.7995],[20.2568,69.4109,0.0],[20.2599,69.4099,9.0034],[20.2589,69.4068,0.0],[20.2641,69.4036,1.1977],[20.263,69.4005,0.0],[20.2661,69.3995,1.6441],[20.2651,69.3964,0.0],[20.2682,69.3953,1.9224],[20.2641,69.3901,7.1464],[20.2542,69.3896,0.0],[20.2505,69.387,0.0],[20.2599,69.3839,0.0],[20.25,69.3833,0.0],[20.2437,69.3854,0.0],[20.2422,69.3839,0.0],[20.2453,69.3818,3.9842],[20.2417,69.3792,0.0],[20.2229,69.3792,0.0],[20.2146,69.3833,0.0],[20.1875,69.3875,0.0],[20.1807,69.3818,102.3076],[20.1734,69.3807,57.7757],[20.1714,69.3786,127.6656],[20.1807,69.3755,418.9874],[20.1609,69.3745,168.846],[20.1625,69.3729,249.2549],[20.1766,69.3724,575.9244],[20.1734,69.3672,755.4716],[20.1828,69.3661,933.7409],[20.1812,69.3646,1026.1615],[20.1771,69.3646,1054.8168],[20.1729,69.3625,1059.775],[20.1646,69.3625,865.4827],[20.163,69.363,831.8653],[20.1641,69.3661,681.7138],[20.1583,69.3688,418.1113],[20.1521,69.3688,295.8925],[20.1458,69.3667,355.1388],[20.1417,69.3688,148.0739],[20.1271,69.3688,0.0],[20.1083,69.3625,6.1467],[20.0979,69.3625,0.0],[20.0922,69.3578,0.0],[20.0953,69.3557,22.6308],[20.0932,69.3526,176.7989],[20.0708,69.3521,0.0],[20.0667,69.35,24.7399],[20.0625,69.35,0.0],[20.0589,69.3474,0.0],[20.062,69.3453,39.3503],[20.0599,69.3422,25.3847],[20.0438,69.3417,0.0],[20.037,69.3359,0.0],[20.0234,69.3349,0.0],[20.0182,69.3276,0.0],[20.0109,69.3266,0.0],[20.0068,69.3224,0.0],[20.0099,69.3193,4.7254],[20.0026,69.3182,0.0],[19.9891,69.3026,13.0757],[19.9818,69.3016,0.0],[19.9766,69.2963,71.3563],[19.963,69.2932,0.0],[19.9609,69.2901,0.0],[19.9641,69.288,115.0992],[19.9568,69.2807,0.0],[19.9599,69.2776,11.441],[19.9417,69.2729,6.4026],[19.9208,69.2729,0.0],[19.9161,69.2693,0.0],[19.9083,69.2688,0.7622],[19.9047,69.2734,0.7057],[19.9047,69.2766,0.0],[19.9255,69.2974,0.0],[19.9307,69.2984,0.0],[19.9359,69.3036,0.0],[19.9432,69.3047,0.0],[19.9505,69.312,0.0],[19.9578,69.313,0.0],[19.9589,69.3161,0.0],[19.9714,69.3287,20.1476],[19.9786,69.3297,0.0],[19.9849,69.3359,0.0],[19.9807,69.3391,0.0],[19.9729,69.3396,0.0],[19.9714,69.3411,0.0],[19.9755,69.3453,0.0],[19.9807,69.3464,0.0],[19.988,69.3536,0.0],[20.0,69.3542,0.0],[20.0047,69.3578,0.0],[20.012,69.3588,0.0],[20.013,69.362,1.1582],[20.0313,69.3667,0.0],[20.0417,69.3667,0.0],[20.0562,69.375,0.0],[20.0604,69.375,0.0],[20.0646,69.3771,8.4951],[20.075,69.3771,0.0],[20.0792,69.3792,0.0],[20.0875,69.3792,0.0],[20.1141,69.3859,0.0],[20.1167,69.3896,6.3683],[20.1474,69.3964,0.0],[20.1484,69.3995,0.0],[20.1536,69.4047,0.0],[20.1505,69.4068,0.0],[20.1536,69.412,44.2259],[20.1505,69.4141,35.8293],[20.1578,69.4151,0.0],[20.1547,69.4182,0.0],[20.162,69.4255,0.0],[20.1547,69.4297,4.9644],[20.1557,69.4328,0.0],[20.1526,69.4349,8.7867],[20.1547,69.437,0.0],[20.162,69.438,0.0],[20.1641,69.4401,0.0],[20.1568,69.4453,0.0],[20.1724,69.4609,0.0],[20.1693,69.463,16.8231],[20.1745,69.4714,0.0],[20.1714,69.4745,17.1671],[20.1786,69.4755,0.0],[20.1755,69.4776,0.0],[20.1776,69.4807,0.0],[20.1813,69.4812,0.0],[20.1911,69.4766,0.0],[20.1896,69.475,0.0],[20.1839,69.4745,0.0],[20.1818,69.4714,0.0],[20.1911,69.4703,0.0],[20.1901,69.4672,0.0],[20.1979,69.4667,14.0915],[20.2036,69.4641,0.0],[20.2021,69.4625,24.8792],[20.1964,69.462,0.0],[20.1922,69.4578,0.0],[20.1979,69.4542,0.0],[20.2062,69.4542,0.0],[20.213,69.4599,0.0],[20.2229,69.4604,0.0],[20.2276,69.4641,0.0],[20.2349,69.4651,0.0],[20.2391,69.4693,0.0],[20.2359,69.4724,28.9148],[20.2432,69.4734,0.0],[20.2453,69.4755,0.0],[20.2422,69.4786,0.0],[20.2495,69.4859,0.0],[20.2464,69.4891,0.0],[20.2495,69.4922,0.0],[20.2495,69.4953,2.338],[20.2375,69.4958,11.2289],[20.2333,69.4979,0.0],[20.2146,69.4979,0.3046],[20.213,69.4995,0.848],[20.2203,69.5005,0.3446],[20.2255,69.5057,0.4804],[20.2328,69.5068,0.0],[20.2297,69.5099,0.0],[20.2339,69.5141,0.0],[20.2411,69.5151,0.0],[20.2453,69.5193,0.0],[20.2438,69.5208,0.0],[20.2359,69.5214,2.5462],[20.237,69.5245,0.0],[20.2339,69.5255,3.1068],[20.2443,69.537,0.0],[20.2521,69.5396,0.0],[20.2625,69.5396,0.0],[20.2672,69.5432,4.6162],[20.2745,69.5443,0.0],[20.2766,69.5474,10.8974],[20.2708,69.55,0.0],[20.2521,69.55,0.0],[20.2479,69.5521,0.0],[20.2417,69.55,0.0],[20.2354,69.55,0.0],[20.2214,69.5568,3.0564],[20.2328,69.5693,0.0],[20.2255,69.5745,0.0],[20.2292,69.5771,0.0],[20.2563,69.5771,0.0],[20.2604,69.5792,9.2203],[20.2708,69.5792,0.0],[20.2724,69.5807,0.0],[20.2693,69.5828,12.1162],[20.2766,69.5839,0.0],[20.2734,69.5859,0.0],[20.275,69.5875,0.0],[20.2896,69.5833,0.0],[20.3141,69.5859,0.0],[20.3245,69.5964,0.0],[20.3214,69.5995,0.0],[20.3255,69.6057,7.3264],[20.3411,69.6088,0.0],[20.3516,69.6193,0.0],[20.3484,69.6224,15.8273],[20.3536,69.6286,0.0],[20.3505,69.6297,0.0],[20.3516,69.6328,0.0],[20.3484,69.6339,16.283],[20.3495,69.637,15.2927],[20.3453,69.6391,0.0],[20.3297,69.6401,5.1458],[20.3307,69.6432,0.0],[20.3208,69.6479,17.4523],[20.2979,69.6479,13.7143],[20.2938,69.65,4.0891],[20.2875,69.65,37.1341],[20.2714,69.6589,11.3874],[20.2729,69.6625,0.0],[20.2693,69.6693,49.4669],[20.2708,69.6729,0.0],[20.2693,69.6755,25.5098],[20.2703,69.6807,0.0],[20.2583,69.6813,0.0],[20.2568,69.6828,0.0],[20.2589,69.6849,0.0],[20.2661,69.6859,0.0],[20.2693,69.6911,98.791],[20.2766,69.6922,0.0],[20.287,69.7037,0.0],[20.2542,69.7042,733.4533],[20.2479,69.7,859.3301],[20.2396,69.7,928.3276],[20.2339,69.7026,887.7887],[20.2349,69.7057,710.819],[20.2318,69.7078,515.7985],[20.2453,69.7089,446.8801],[20.238,69.713,476.83],[20.2417,69.7167,367.6542],[20.2479,69.7146,298.0658],[20.2667,69.7146,4.284],[20.2708,69.7167,2.0451],[20.2771,69.7146,0.0],[20.2807,69.7151,0.0],[20.287,69.7224,389.736],[20.2792,69.7229,318.1429],[20.275,69.725,667.7011],[20.2646,69.725,798.4859],[20.263,69.7266,710.9235],[20.2708,69.7292,526.1603],[20.2813,69.7292,324.9466],[20.2849,69.7328,211.2957],[20.275,69.7375,821.0075],[20.2625,69.7375,952.1473],[20.2583,69.7354,1005.5981],[20.25,69.7354,1043.0396],[20.2193,69.7505,329.7086],[20.2208,69.7521,365.9915],[20.2266,69.7526,314.9312],[20.2234,69.7547,358.1267],[20.225,69.7562,294.4102],[20.2542,69.7562,150.0688],[20.2583,69.7583,251.09],[20.2708,69.7521,132.3175],[20.2917,69.7542,82.9487],[20.2979,69.7521,5.954],[20.2995,69.7536,1.4414],[20.2839,69.7609,397.2853],[20.2849,69.7641,698.2069],[20.2807,69.7662,847.5383],[20.2714,69.7672,922.4831],[20.2724,69.7703,835.8909],[20.2583,69.7688,993.8792],[20.2526,69.7714,1070.5197],[20.2557,69.7766,1229.8053],[20.2526,69.7786,1051.2229],[20.2578,69.7807,870.1863],[20.2474,69.787,629.1759],[20.2271,69.7875,576.3564],[20.2255,69.788,666.0196],[20.2266,69.7911,702.8565],[20.225,69.7917,813.0775],[20.2109,69.7922,636.8704],[20.2068,69.7953,485.8878],[20.2125,69.7958,523.322],[20.2141,69.7974,485.7257],[20.2042,69.8021,463.2558],[20.1922,69.8026,794.7104],[20.188,69.8047,801.1118],[20.1891,69.8078,810.1514],[20.1734,69.8151,777.2213],[20.1833,69.8187,914.569],[20.1958,69.8187,556.9441],[20.2,69.8167,575.9892],[20.2078,69.8161,376.7822],[20.2062,69.8146,356.4912],[20.1964,69.8141,510.6431],[20.1974,69.8109,674.9824],[20.1964,69.8089,620.9815],[20.2062,69.8042,345.2536],[20.2229,69.8021,295.014],[20.2271,69.8,306.8076],[20.2417,69.8,271.7802],[20.2458,69.8021,302.4167],[20.2495,69.8016,288.8057],[20.2599,69.7953,273.2726],[20.2589,69.7922,320.8073],[20.2667,69.7917,400.1265],[20.2776,69.7859,343.7785],[20.2854,69.7854,332.0673],[20.2938,69.7813,395.5992],[20.3016,69.7807,373.8782],[20.2979,69.7771,568.3929],[20.2875,69.7771,811.3121],[20.2833,69.775,758.616],[20.2714,69.7745,954.7188],[20.2729,69.7729,813.1724],[20.2807,69.7724,613.9162],[20.2797,69.7693,796.0449],[20.2875,69.7688,642.249],[20.2958,69.7646,475.1488],[20.2995,69.7651,195.2534],[20.2964,69.7672,417.1147],[20.2974,69.7703,422.7955],[20.2943,69.7724,532.6834],[20.3099,69.7755,31.4294],[20.3141,69.7797,25.5542],[20.3109,69.7828,208.7054],[20.3151,69.787,0.0],[20.3203,69.788,0.0],[20.3172,69.7901,103.9811],[20.3203,69.7943,247.7908],[20.3172,69.7963,360.3781],[20.3182,69.7995,403.5932],[20.3125,69.8,650.2972],[20.3109,69.8016,848.482],[20.3161,69.8026,662.7642],[20.3151,69.8057,565.2496],[20.3167,69.8063,575.8624],[20.3307,69.8047,185.1253],[20.3266,69.8078,333.1893],[20.3188,69.8083,511.3636],[20.3172,69.8099,534.1035],[20.3354,69.8104,49.9061],[20.3391,69.813,319.2976],[20.3375,69.8146,378.0575],[20.3234,69.8151,580.0064],[20.3276,69.8203,696.8022],[20.3396,69.8208,342.2096],[20.3438,69.8229,380.6103],[20.3521,69.8208,27.9849],[20.3536,69.8224,42.1367],[20.3417,69.8271,412.1181],[20.3375,69.825,679.9337],[20.3271,69.825,888.9296],[20.3229,69.8229,871.4473],[20.3188,69.8229,917.2488],[20.3141,69.8193,1116.9169],[20.3063,69.8167,1084.2537],[20.2979,69.8167,1067.4452],[20.2833,69.8208,831.6324],[20.2797,69.8203,832.2019],[20.275,69.8167,931.9529],[20.2687,69.8187,745.6844],[20.2625,69.8187,592.447],[20.2609,69.8203,502.8253],[20.2646,69.8229,520.5088],[20.2917,69.8229,629.8521],[20.2958,69.8208,886.6036],[20.3042,69.8208,930.2193],[20.3099,69.8266,810.6861],[20.3021,69.8271,1019.8535],[20.2979,69.8292,1115.0657],[20.2896,69.8271,932.3361],[20.2813,69.8313,1215.7179],[20.2651,69.8297,736.0337],[20.2672,69.8328,827.3742],[20.2729,69.8333,1002.5807],[20.2745,69.8349,1116.9189],[20.2589,69.8359,661.6197],[20.2661,69.8391,1002.6041],[20.2568,69.8401,755.4592],[20.2578,69.8432,758.5955],[20.2521,69.8438,684.9372],[20.2505,69.8453,613.8894],[20.2583,69.8479,788.8457],[20.2646,69.8458,870.8795],[20.2682,69.8474,1006.8505],[20.2583,69.8521,1008.0829],[20.2422,69.8547,652.3455],[20.238,69.8578,452.881],[20.2417,69.8604,488.4937],[20.2604,69.8604,636.4557],[20.262,69.8599,683.8716],[20.2609,69.8568,541.5098],[20.2766,69.8557,900.8567],[20.2807,69.8536,1153.9182],[20.2797,69.8505,1245.3656],[20.2813,69.85,1158.0363],[20.2958,69.85,707.4692],[20.2974,69.8516,796.8052],[20.2859,69.8578,1084.4185],[20.2979,69.8604,953.1403],[20.3234,69.8464,240.2574],[20.3396,69.8458,137.8292],[20.3432,69.8495,479.4066],[20.3318,69.8547,515.7845],[20.3349,69.8599,740.5511],[20.3318,69.862,738.9484],[20.3521,69.8604,151.6323],[20.3563,69.8583,105.6525],[20.3708,69.8583,0.0],[20.3786,69.8609,0.0],[20.3932,69.8755,0.0],[20.3901,69.8776,40.1554],[20.3911,69.8807,79.6708],[20.388,69.8818,128.0081],[20.3911,69.8859,70.5967],[20.388,69.888,188.8259],[20.3891,69.8912,177.9851],[20.3813,69.8917,293.9149],[20.3771,69.8938,285.1668],[20.3667,69.8938,369.1379],[20.3651,69.8943,377.2833],[20.3661,69.8974,255.2227],[20.3589,69.9005,75.833],[20.3625,69.9021,33.1644],[20.3688,69.9,55.6989],[20.3703,69.9016,29.6937],[20.3672,69.9026,28.9081],[20.3682,69.9057,11.9825],[20.3651,69.9068,51.2172],[20.3661,69.9099,122.4318],[20.3547,69.9151,359.9379],[20.3557,69.9182,103.7366],[20.3464,69.9193,64.9186],[20.3479,69.9208,9.3817],[20.3536,69.9213,1.0553],[20.3578,69.9266,0.0],[20.3464,69.9318,202.8717],[20.3479,69.9333,110.8107],[20.3536,69.9339,0.0],[20.3505,69.9359,0.0],[20.3516,69.9391,0.0],[20.3458,69.9417,0.0],[20.3318,69.9422,183.8871],[20.3333,69.9437,161.3486],[20.3391,69.9443,24.8921],[20.3411,69.9474,0.0],[20.3318,69.9484,114.354],[20.3349,69.9537,0.0],[20.3276,69.9568,7.7114],[20.3286,69.9599,18.8187],[20.3146,69.9604,181.7092],[20.313,69.9609,200.5345],[20.3141,69.9641,34.1709],[20.3099,69.9661,84.6959],[20.2964,69.9672,251.9725],[20.2995,69.9714,0.0],[20.2979,69.9729,47.0513],[20.2917,69.9708,295.6286],[20.2833,69.9708,362.9429],[20.2771,69.9729,310.5863],[20.2729,69.9708,355.2544],[20.2646,69.9708,145.3706],[20.263,69.9714,75.3451],[20.2641,69.9745,41.3644],[20.2604,69.975,10.2947],[20.2505,69.9661,0.0],[20.2536,69.9641,9.6222],[20.2526,69.9609,23.4422],[20.2604,69.9604,172.2219],[20.2646,69.9583,295.2113],[20.2807,69.9599,302.3103],[20.2745,69.9526,516.9431],[20.2479,69.9479,503.074],[20.2438,69.95,236.3674],[20.2359,69.9505,100.3438],[20.2391,69.9557,34.6815],[20.2354,69.9563,0.0],[20.2276,69.9537,1.4507],[20.2224,69.9484,4.149],[20.2089,69.9474,0.0],[20.1839,69.9224,0.0],[20.1911,69.9172,10.7176],[20.1891,69.9151,7.0029],[20.1818,69.9141,0.0],[20.1849,69.9109,3.9502],[20.1786,69.9047,0.0],[20.1734,69.9036,0.0],[20.1786,69.8984,0.0],[20.1734,69.8901,0.6661],[20.1807,69.8891,10.8876],[20.1797,69.8859,0.0],[20.1828,69.8849,0.3979],[20.1818,69.8818,0.0],[20.1974,69.8745,7.1006],[20.1964,69.8714,0.0],[20.2036,69.8682,5.2062],[20.1984,69.862,0.0],[20.2016,69.8588,0.0],[20.1979,69.8562,0.0],[20.1859,69.8609,16.9879],[20.1818,69.8672,0.0],[20.1828,69.8703,0.0],[20.1755,69.8734,0.0],[20.1786,69.8786,0.0],[20.1714,69.8818,0.0],[20.1745,69.887,0.0],[20.1547,69.8964,0.0],[20.1641,69.9068,0.0],[20.1609,69.9099,2.774],[20.1661,69.9151,0.0],[20.163,69.9182,1.8562],[20.1682,69.9234,0.0],[20.1651,69.9255,0.0],[20.1667,69.9292,0.0],[20.1651,69.9318,0.0],[20.1661,69.9349,0.0],[20.163,69.9359,5.1235],[20.1641,69.9391,0.0],[20.1583,69.9417,6.699],[20.15,69.9417,17.0195],[20.1401,69.9391,8.3528],[20.1354,69.9354,51.022],[20.1214,69.9328,0.0],[20.1193,69.9297,0.0],[20.1271,69.9292,8.2881],[20.1286,69.9276,32.8645],[20.1109,69.9099,0.0],[20.1141,69.9068,64.8707],[20.1068,69.9057,0.0],[20.1099,69.9036,25.5353],[20.1078,69.8984,5.1425],[20.0953,69.8859,17.501],[20.088,69.8849,0.0],[20.0807,69.8776,11.0482],[20.0734,69.8766,0.0],[20.0714,69.8734,0.0],[20.0745,69.8714,14.9465],[20.0724,69.8693,18.3208],[20.0651,69.8682,0.0],[20.0422,69.8432,0.0],[20.0453,69.8401,8.4899],[20.0432,69.838,2.7992],[20.0359,69.837,0.0],[20.0276,69.8287,0.0],[20.0307,69.8266,0.0],[20.0286,69.8234,0.0],[20.0214,69.8224,0.0],[20.0193,69.8203,0.0],[20.0224,69.8172,0.0],[20.0182,69.813,0.0],[20.013,69.812,0.0],[20.0109,69.8099,0.0],[20.0141,69.8068,0.0],[19.9911,69.7839,0.0],[19.9839,69.7828,0.0],[19.987,69.7797,0.0],[19.9818,69.7734,0.0],[19.9891,69.7693,8.0777],[19.9792,69.7688,0.0],[19.9583,69.7625,0.0],[19.9547,69.763,0.0],[19.9578,69.7682,0.0],[19.9547,69.7703,0.0],[19.9641,69.7797,0.0],[19.9609,69.7828,0.0],[19.9682,69.7839,0.0],[19.9651,69.787,0.0],[19.9745,69.7984,0.0],[19.9714,69.8016,11.0542],[19.9786,69.8026,0.0],[19.9755,69.8057,3.353],[19.9828,69.8068,0.0],[19.9932,69.8172,0.0],[19.9901,69.8203,0.0],[19.9932,69.8245,0.0],[19.9901,69.8266,0.0],[19.9974,69.8276,0.0],[19.9943,69.8297,0.0],[19.9953,69.8328,0.0],[19.9922,69.8339,0.0],[19.9953,69.838,0.0],[19.9922,69.8401,0.0],[19.9932,69.8432,0.0],[19.9875,69.8458,8.4222],[19.9792,69.8458,0.0],[19.9641,69.8318,14.3893],[19.9568,69.8307,0.0],[19.9516,69.8255,2.0687],[19.9464,69.8245,10.4953],[19.9432,69.8214,22.9099],[19.9359,69.8203,0.0],[19.8995,69.7818,10.8831],[19.8875,69.7813,0.0],[19.8833,69.7792,9.1877],[19.875,69.7813,0.0],[19.8703,69.7776,10.6247],[19.8568,69.7745,3.7956],[19.8521,69.7708,34.4687],[19.8464,69.7703,0.0],[19.8443,69.7672,0.0],[19.8474,69.7651,10.7233],[19.8401,69.7641,0.0],[19.8432,69.7609,3.2741],[19.8359,69.7536,0.0],[19.8391,69.7516,5.9584],[19.838,69.7484,0.0],[19.8453,69.7453,0.0],[19.8422,69.7401,0.0],[19.8453,69.738,0.0],[19.8401,69.7328,0.0],[19.8432,69.7297,0.0],[19.8271,69.725,7.033],[19.8167,69.725,0.0],[19.8078,69.7172,12.0856],[19.7943,69.7141,0.0],[19.7974,69.7109,38.1128],[19.7901,69.7099,0.0],[19.7932,69.7068,0.0],[19.7901,69.7026,0.0],[19.7932,69.7005,5.4385],[19.787,69.6943,8.0044],[19.7797,69.6932,0.0],[19.7828,69.6901,69.4766],[19.7755,69.6891,39.8368],[19.7724,69.6859,23.9218],[19.7672,69.6849,0.0],[19.7703,69.6828,0.0],[19.7693,69.6797,0.0],[19.7797,69.6734,0.0],[19.7875,69.6729,0.0],[19.7958,69.6687,0.0],[19.8021,69.6687,0.0],[19.8078,69.6661,0.0],[19.8068,69.663,0.0],[19.8161,69.662,13.8912],[19.8151,69.6589,0.0],[19.8182,69.6578,1.0642],[19.8172,69.6547,0.0],[19.8203,69.6526,3.2838],[19.813,69.6453,0.0],[19.8161,69.6432,15.2361],[19.8151,69.6401,0.0],[19.8224,69.637,8.2112],[19.8214,69.6339,1.4526],[19.8286,69.6307,9.3712],[19.8255,69.6255,0.0],[19.8396,69.6188,0.0],[19.8563,69.6167,0.0],[19.863,69.613,3.9669],[19.8729,69.6104,0.0],[19.8854,69.6104,0.0],[19.8896,69.6083,0.0],[19.9125,69.6083,0.0],[19.9167,69.6062,0.0],[19.925,69.6083,19.1156],[19.9396,69.6042,0.0],[19.9458,69.6042,0.0],[19.9526,69.6005,0.0],[19.9599,69.5995,6.5472],[19.9609,69.5964,0.0],[19.9771,69.5938,22.4926],[19.9854,69.5896,0.0],[19.9938,69.5917,16.4171],[20.0083,69.5875,0.0],[20.025,69.5875,0.0],[20.0292,69.5854,0.0],[20.0354,69.5875,18.3665],[20.0438,69.5875,28.8727],[20.0479,69.5854,0.0],[20.0792,69.5854,0.0],[20.0854,69.5875,11.2932],[20.0917,69.5854,0.0],[20.1021,69.5896,36.7855],[20.1083,69.5875,0.0],[20.1208,69.5875,0.0],[20.125,69.5854,0.0],[20.1328,69.5849,0.0],[20.1276,69.5776,400.9145],[20.1349,69.5734,483.136],[20.1104,69.5729,1007.1231],[20.1057,69.5693,891.3273],[20.0958,69.5687,886.0328],[20.0917,69.5667,894.601],[20.063,69.5661,1112.7031],[20.0651,69.563,1183.0397],[20.0724,69.5599,946.1917],[20.0672,69.5568,1148.2729],[20.0729,69.5563,871.2196],[20.0786,69.5537,841.4811],[20.0688,69.55,1095.1716],[20.0521,69.5583,909.2573],[20.038,69.5589,515.7896],[20.0339,69.562,486.8507],[20.0396,69.5625,527.0036],[20.0411,69.5641,533.1124],[20.0354,69.5667,490.1505],[20.0276,69.5672,482.845],[20.0208,69.5708,754.4827],[20.013,69.5703,1001.2401],[20.0161,69.5682,1003.0329],[20.0151,69.5651,897.8779],[20.0182,69.563,802.232],[20.0083,69.5625,1013.5436],[19.9917,69.5708,995.0212],[19.9833,69.5687,1216.0885],[19.9771,69.5708,862.796],[19.9729,69.5687,849.5178],[19.9688,69.5708,630.4292],[19.9625,69.5708,441.8289],[19.9583,69.5729,357.5474],[19.9521,69.5729,480.614],[19.9458,69.575,477.0776],[19.9443,69.5734,555.0659],[19.9474,69.5714,631.7576],[19.9458,69.5708,776.7429],[19.9313,69.5708,861.162],[19.9297,69.5724,712.4704],[19.9354,69.5729,666.9218],[19.937,69.5745,559.279],[19.9292,69.575,802.2085],[19.925,69.5771,868.2444],[19.9083,69.5771,766.0578],[19.8984,69.5818,296.2472],[19.9,69.5833,280.334],[19.9057,69.5839,376.4538],[19.9078,69.5859,313.2315],[19.9047,69.5891,123.8299],[19.9099,69.5953,4.3819],[19.9042,69.5979,0.0],[19.8958,69.5958,13.732],[19.8813,69.6,0.0],[19.8708,69.6,22.8545],[19.8667,69.6021,0.0],[19.8583,69.6021,0.0],[19.8521,69.6,0.0],[19.8453,69.6036,0.0],[19.8375,69.6042,38.5232],[19.8333,69.6062,0.0],[19.8271,69.6042,33.0939],[19.8208,69.6042,9.7328],[19.8167,69.6062,0.0],[19.8026,69.6068,58.7906],[19.8036,69.6099,0.0],[19.8021,69.6104,0.0],[19.7833,69.6104,78.7258],[19.7792,69.6125,0.0],[19.7729,69.6104,28.1782],[19.7646,69.6104,2.4925],[19.7583,69.6062,35.868],[19.7375,69.6062,21.1116],[19.7313,69.6083,0.0],[19.7276,69.6036,0.0],[19.7307,69.6005,0.9277],[19.725,69.6,0.0],[19.7234,69.5984,0.0],[19.7328,69.5974,17.2918],[19.7318,69.5943,0.0],[19.7375,69.5917,0.0],[19.7438,69.5958,0.0],[19.7521,69.5958,0.0],[19.7536,69.5953,2.9244],[19.7526,69.5922,0.0],[19.7599,69.5891,19.8081],[19.7484,69.5766,0.0],[19.7484,69.5734,0.0],[19.7516,69.5714,37.4976],[19.7443,69.5703,0.0],[19.7396,69.5667,5.5928],[19.7339,69.5661,0.0],[19.7266,69.5589,26.9109],[19.713,69.5557,0.0],[19.7161,69.5537,0.0],[19.7151,69.5505,0.0],[19.7182,69.5495,0.0],[19.7172,69.5463,0.0],[19.7245,69.5432,15.5436],[19.7234,69.5401,0.0],[19.7307,69.537,0.0],[19.7411,69.5297,19.6584],[19.737,69.5255,15.928],[19.7318,69.5245,18.4931],[19.7245,69.5172,45.9795],[19.7172,69.5162,12.3254],[19.7078,69.5068,0.0],[19.6938,69.5083,5.0958],[19.6922,69.5068,7.5838],[19.6979,69.5042,0.0],[19.7057,69.5036,0.0],[19.7047,69.5005,0.0],[19.7104,69.4979,0.0],[19.737,69.4932,167.9779],[19.7339,69.4891,14.3293],[19.737,69.487,91.8334],[19.7349,69.4838,74.2418],[19.7188,69.4833,0.0],[19.7141,69.4797,0.0],[19.7068,69.4786,0.0],[19.7016,69.4734,0.0],[19.6901,69.4724,0.0],[19.6911,69.4693,9.4783],[19.6813,69.4688,0.0],[19.6766,69.4651,9.0008],[19.6693,69.4641,0.0],[19.6557,69.4484,28.3147],[19.6484,69.4474,0.0],[19.6443,69.4432,0.0],[19.6474,69.4401,1.5106],[19.6401,69.4391,0.0],[19.638,69.437,0.0],[19.6495,69.4307,1.8278],[19.6484,69.4276,0.0],[19.6557,69.4234,0.9291],[19.6458,69.4208,0.0],[19.6417,69.4229,0.0],[19.6354,69.4229,41.7792],[19.6297,69.4255,12.2797],[19.6307,69.4287,0.0],[19.6167,69.4292,52.6436],[19.6151,69.4297,69.924],[19.6161,69.4328,0.0],[19.6146,69.4333,4.1765],[19.5938,69.4313,0.0],[19.5839,69.4287,0.0],[19.5807,69.4255,26.4075],[19.5734,69.4245,0.0],[19.5688,69.4187,48.1227],[19.5625,69.4208,0.0],[19.5589,69.4203,0.0],[19.5536,69.4151,0.0],[19.5464,69.4141,0.0],[19.5411,69.4068,4.2706],[19.5339,69.4057,0.0],[19.5292,69.4021,0.0],[19.5234,69.4016,0.0],[19.5203,69.3984,6.0792],[19.5104,69.3979,0.0],[19.4979,69.3938,3.9755],[19.4943,69.3953,0.0],[19.4984,69.3995,0.0],[19.5057,69.4005,0.0],[19.5172,69.4078,9.6812],[19.5245,69.4089,0.0],[19.5214,69.412,36.906],[19.5349,69.4151,0.0],[19.5422,69.4224,19.8164],[19.5495,69.4234,0.0],[19.5547,69.4287,0.0],[19.562,69.4297,0.0],[19.5589,69.4318,0.0],[19.5609,69.437,1.8617],[19.5766,69.4401,0.0],[19.5812,69.4437,10.6334],[19.5875,69.4417,0.0],[19.5911,69.4422,0.0],[19.5922,69.4453,0.0],[19.5995,69.4464,0.0],[19.6047,69.4516,48.095],[19.6203,69.4547,0.0],[19.6214,69.4578,4.9569],[19.6286,69.4589,0.0],[19.6339,69.4641,41.8849],[19.6495,69.4672,0.0],[19.6526,69.4703,0.0],[19.6578,69.4714,0.0],[19.6651,69.4786,0.0],[19.6724,69.4797,0.0],[19.6766,69.4838,0.0],[19.6682,69.4891,0.0],[19.65,69.4917,0.0],[19.6484,69.4922,0.0],[19.6495,69.4953,0.0],[19.6417,69.4958,3.4199],[19.6359,69.4984,36.197],[19.637,69.5016,0.0],[19.6339,69.5036,16.366],[19.637,69.5078,0.0],[19.6339,69.5089,14.8675],[19.6349,69.512,0.0],[19.6318,69.513,15.2632],[19.6349,69.5182,0.0],[19.6318,69.5203,0.0],[19.6453,69.5339,0.0],[19.6437,69.5396,0.0],[19.6484,69.5453,0.0],[19.6542,69.5458,0.0],[19.6589,69.5495,0.0],[19.6661,69.5505,0.0],[19.6755,69.562,6.7357],[19.6911,69.5651,0.0],[19.6932,69.5682,0.0],[19.6901,69.5703,17.2268],[19.6943,69.5745,15.6282],[19.7016,69.5755,0.0],[19.7,69.5771,0.0],[19.6922,69.5776,40.6931],[19.6932,69.5807,0.0],[19.6901,69.5828,19.6329],[19.6943,69.587,0.0],[19.6995,69.588,0.0],[19.7203,69.6088,0.0],[19.7089,69.6162,9.0922],[19.7141,69.6214,0.0],[19.7151,69.6245,8.8817],[19.7224,69.6255,0.0],[19.7318,69.6349,47.6357],[19.7391,69.6359,0.0],[19.7411,69.6391,0.0],[19.7339,69.6422,94.521],[19.7349,69.6453,0.0],[19.7333,69.6458,1.8209],[19.7234,69.6453,108.361],[19.7214,69.6422,168.9783],[19.7245,69.6401,255.3427],[19.7146,69.6396,372.9453],[19.713,69.6401,382.5862],[19.7141,69.6432,313.59],[19.6943,69.6526,107.9347],[19.6953,69.6557,18.2732],[19.6911,69.6578,7.8483],[19.6667,69.6583,2.9117],[19.6625,69.6604,0.0],[19.6547,69.6609,0.0],[19.6464,69.6661,0.0],[19.6505,69.6703,0.0],[19.6578,69.6713,0.0],[19.662,69.6755,0.0],[19.6589,69.6787,35.8862],[19.6661,69.6859,0.0],[19.6661,69.6891,0.0],[19.663,69.6911,23.7866],[19.6682,69.6964,0.0],[19.6651,69.6995,38.1937],[19.6755,69.7099,0.0],[19.6828,69.7109,0.0],[19.6797,69.7141,11.1807],[19.687,69.7151,0.0],[19.6891,69.7172,0.0],[19.6901,69.7203,0.0],[19.6974,69.7276,0.0],[19.6943,69.7307,37.2054],[19.7016,69.738,0.0],[19.6958,69.7417,7.7378],[19.688,69.7422,82.0091],[19.6911,69.7474,0.0],[19.6818,69.7484,30.3077],[19.6734,69.7536,7.6729],[19.6792,69.7583,26.88],[19.6875,69.7562,0.0],[19.6922,69.7599,0.0],[19.6995,69.7609,0.0],[19.7047,69.7682,8.2952],[19.712,69.7693,0.0],[19.7203,69.7776,35.4808],[19.7172,69.7807,16.5703],[19.7224,69.787,0.0],[19.7193,69.7891,31.321],[19.7266,69.7901,0.0],[19.7307,69.7943,0.0],[19.7276,69.7964,13.3007],[19.7313,69.8021,4.9059],[19.7286,69.8057,21.6096],[19.7229,69.8083,31.4096],[19.7146,69.8083,219.7672],[19.7104,69.8063,420.4837],[19.6875,69.8063,768.7409],[19.6833,69.8042,666.0696],[19.6734,69.8037,797.0482],[19.675,69.8021,809.2122],[19.6854,69.8021,546.9479],[19.6911,69.7995,622.0648],[19.6813,69.7958,945.8999],[19.6771,69.7979,1010.4705],[19.6693,69.7984,1018.6611],[19.6703,69.8016,954.9479],[19.6646,69.8042,874.1588],[19.6375,69.8042,341.7997],[19.6359,69.8026,383.063],[19.6453,69.8016,495.0004],[19.6443,69.7984,534.0053],[19.6474,69.7964,561.304],[19.6271,69.7979,718.5288],[19.6208,69.8,547.3862],[19.6167,69.7979,604.47],[19.6021,69.7979,410.9592],[19.5792,69.7896,476.4801],[19.5693,69.7901,127.1108],[19.5708,69.7917,169.3864],[19.5766,69.7922,277.2795],[19.5734,69.7943,111.1867],[19.5745,69.7974,39.3685],[19.5729,69.7979,24.7152],[19.5646,69.7979,0.0],[19.5604,69.7958,4.6522],[19.5458,69.8,0.0],[19.5313,69.8,0.0],[19.525,69.7958,108.8338],[19.5167,69.7979,3.5748],[19.5125,69.7958,29.1572],[19.4979,69.7958,0.0],[19.4771,69.7896,27.2149],[19.4667,69.7896,0.0],[19.462,69.7859,27.9282],[19.4568,69.7849,8.0828],[19.4599,69.7828,138.009],[19.4583,69.7813,151.7681],[19.4521,69.7833,29.523],[19.4458,69.7833,1.9332],[19.4417,69.7854,0.0],[19.4208,69.7854,0.0],[19.4161,69.7818,14.5789],[19.4,69.7771,0.0],[19.3917,69.7771,0.0],[19.3854,69.7792,0.0],[19.3729,69.775,10.4498],[19.3417,69.775,12.6753],[19.3375,69.7771,0.0],[19.325,69.7771,7.9283],[19.3208,69.7792,2.4702],[19.3125,69.7792,0.0],[19.3083,69.7771,0.0],[19.3,69.7771,0.0],[19.2938,69.775,4.0529],[19.2896,69.7771,0.0],[19.2771,69.7771,4.2289],[19.2708,69.7792,0.0],[19.2609,69.7766,0.0],[19.2578,69.7734,42.5553],[19.2443,69.7703,55.4626],[19.2396,69.7667,232.0508],[19.2292,69.7667,175.1662],[19.2167,69.7625,224.711],[19.2104,69.7625,150.2679],[19.2042,69.7646,1.7584],[19.1943,69.762,1.5019],[19.1922,69.7589,0.0],[19.1953,69.7568,32.7133],[19.1896,69.7562,7.9712],[19.1849,69.7526,6.5683],[19.1776,69.7516,0.0],[19.1766,69.7484,0.0],[19.1708,69.7438,0.0],[19.1625,69.7458,0.0],[19.1583,69.7438,0.0],[19.1437,69.7438,0.0],[19.1354,69.7479,0.0],[19.1292,69.7479,0.0],[19.1245,69.7443,19.4193],[19.1172,69.7432,0.0],[19.1141,69.7401,1.7272],[19.1068,69.7391,0.0],[19.1036,69.7359,1.6596],[19.0964,69.7349,0.0],[19.0943,69.7297,0.0],[19.0974,69.7276,8.3685],[19.0859,69.7161,0.0],[19.0891,69.7141,0.0],[19.0859,69.7089,0.0],[19.0891,69.7068,5.9871],[19.0797,69.7016,0.0],[19.0828,69.6984,17.7367],[19.0786,69.6943,13.0076],[19.0714,69.6932,0.0],[19.0693,69.6911,0.0],[19.0724,69.6891,8.2572],[19.0703,69.6859,13.9638],[19.0589,69.6849,0.0],[19.062,69.6818,13.5508],[19.0547,69.6807,0.0],[19.05,69.6771,7.5685],[19.0359,69.6745,0.0],[19.0328,69.6693,16.4928],[19.0255,69.6682,6.7194],[19.0208,69.6646,8.2829],[19.0151,69.6641,0.0],[19.0057,69.6526,0.0],[18.9938,69.6521,3.9693],[18.9839,69.6495,15.1732],[18.9786,69.6422,5.3406],[18.9714,69.6412,4.0219],[18.9667,69.6375,6.2918],[18.9609,69.637,0.0],[18.9557,69.6297,21.2825],[18.9484,69.6286,0.0],[18.9401,69.6203,2.0447],[18.9359,69.6162,0.0],[18.9396,69.6125,13.3469],[18.9359,69.6078,1.7787],[18.9391,69.6047,32.2611],[18.9339,69.5984,0.0],[18.937,69.5974,6.9388],[18.9359,69.5943,0.0],[18.9391,69.5932,26.3039],[18.938,69.5901,0.0],[18.9411,69.5891,36.9151],[18.938,69.5839,0.0],[18.9411,69.5818,8.8576],[18.9359,69.5807,0.0],[18.9391,69.5787,0.0],[18.938,69.5755,0.0],[18.9411,69.5745,8.5661],[18.938,69.5703,0.0],[18.9411,69.5682,0.5751],[18.938,69.5641,0.0],[18.9411,69.562,0.0],[18.9401,69.5589,0.0],[18.9479,69.5583,0.0],[18.9578,69.5537,5.972],[18.9562,69.5521,0.0],[18.9505,69.5516,0.0],[18.9484,69.5484,0.0],[18.9578,69.5474,0.0],[18.9568,69.5443,0.0],[18.9599,69.5432,0.0],[18.9589,69.5401,0.0],[18.9833,69.5375,0.0],[18.9917,69.5333,0.0],[18.9995,69.5328,10.7461],[18.9984,69.5297,0.0],[19.0,69.5292,0.0],[19.0187,69.5292,0.0],[19.0255,69.5349,19.0704],[19.0328,69.5359,0.0],[19.0391,69.5422,0.0],[19.0391,69.5453,0.0],[19.0359,69.5474,49.4756],[19.0432,69.5484,0.0],[19.0479,69.5521,0.0],[19.0521,69.5521,0.0],[19.0646,69.5563,10.8064],[19.0854,69.5563,0.0],[19.0917,69.5583,13.4619],[19.0979,69.5563,0.0],[19.1083,69.5604,19.1224],[19.1146,69.5583,0.0],[19.1229,69.5604,0.0],[19.1292,69.5583,0.0],[19.1333,69.5604,0.0],[19.1479,69.5604,0.0],[19.1526,69.5641,0.0],[19.1599,69.5651,0.0],[19.1651,69.5703,0.0],[19.1792,69.5708,0.0],[19.1807,69.5703,0.0],[19.1807,69.5672,0.0],[19.1755,69.5609,0.0],[19.187,69.5557,7.0982],[19.1859,69.5526,0.0],[19.1932,69.5495,0.0],[19.1922,69.5463,0.0],[19.2016,69.5453,0.0],[19.2057,69.5432,8.1239],[19.2047,69.5401,0.0],[19.2125,69.5396,21.5388],[19.2182,69.537,0.0],[19.2214,69.5339,0.0],[19.237,69.5266,0.0],[19.2359,69.5234,0.0],[19.2453,69.5224,12.5602],[19.2443,69.5193,0.0],[19.2474,69.5172,5.1897],[19.2318,69.5172,0.0],[19.2276,69.5193,0.0],[19.2286,69.5224,0.0],[19.2229,69.525,0.0],[19.2151,69.5255,20.4625],[19.2161,69.5286,0.0],[19.2104,69.5313,0.0],[19.2026,69.5318,15.0522],[19.1807,69.5432,0.0],[19.1714,69.5443,28.542],[19.1724,69.5474,0.0],[19.1693,69.5484,5.9871],[19.1703,69.5516,0.0],[19.1625,69.5521,43.3276],[19.1583,69.5542,8.4489],[19.1396,69.5521,29.2372],[19.1333,69.5542,0.0],[19.1234,69.5516,0.0],[19.1292,69.5479,165.1806],[19.1495,69.5474,175.9909],[19.1479,69.5458,249.5676],[19.1021,69.5458,273.5677],[19.0958,69.5437,327.8969],[19.0896,69.5458,211.4124],[19.0833,69.5437,212.981],[19.0792,69.5458,61.0561],[19.0729,69.5458,0.0],[19.0557,69.5297,5.2198],[19.0422,69.5266,0.0],[19.0391,69.5234,12.6336],[19.0292,69.5208,0.0],[19.0047,69.5182,0.0],[19.0005,69.5141,0.0],[19.0036,69.5109,0.0],[18.9984,69.5099,9.6894],[18.9901,69.5016,0.0],[18.9932,69.4995,0.0],[18.9922,69.4964,0.0],[18.9953,69.4953,0.0],[18.9922,69.4912,0.0],[18.9953,69.4891,0.0],[18.9932,69.4838,22.9391],[18.9859,69.4828,0.0],[18.9807,69.4776,9.422],[18.9734,69.4766,0.0],[18.9714,69.4734,0.0],[18.9745,69.4714,0.0],[18.9693,69.4703,0.0],[18.9724,69.4672,0.0],[18.9672,69.4609,0.0],[18.9828,69.4537,0.0],[18.9818,69.4505,0.0],[18.9896,69.45,0.0],[18.9995,69.4453,15.2456],[18.9984,69.4422,0.0],[19.0,69.4417,0.0],[19.0063,69.4417,5.5869],[19.0104,69.4396,0.0],[19.0333,69.4396,11.8295],[19.0375,69.4375,0.0],[19.0453,69.437,4.6187],[19.0536,69.4328,0.0],[19.0526,69.4297,0.0],[19.0557,69.4287,0.0],[19.0547,69.4255,0.0],[19.062,69.4224,5.3204],[19.0609,69.4193,0.0],[19.0641,69.4182,8.4784],[19.0609,69.413,0.0],[19.0641,69.412,0.0],[19.063,69.4089,0.0],[19.0661,69.4078,8.5956],[19.063,69.4026,0.0],[19.0661,69.4016,2.8772],[19.0651,69.3984,0.0],[19.0682,69.3974,0.0],[19.0672,69.3922,0.0],[19.0745,69.3912,0.0],[19.0896,69.3833,0.0],[19.0974,69.3828,32.8381],[19.0964,69.3797,0.0],[19.1042,69.3792,0.0],[19.1125,69.375,0.0],[19.1188,69.375,5.762],[19.1229,69.3729,0.0],[19.1771,69.3729,0.0],[19.1833,69.375,0.0],[19.1896,69.3729,0.0],[19.1938,69.375,0.0],[19.2083,69.375,0.0],[19.2125,69.3771,0.0],[19.2188,69.375,0.0],[19.2271,69.3771,0.0],[19.2333,69.375,0.0],[19.2375,69.3771,0.0],[19.2438,69.375,0.0],[19.2479,69.3771,0.0],[19.2646,69.3771,0.0],[19.2687,69.3792,0.0],[19.2729,69.3771,0.0],[19.2807,69.3766,0.0],[19.2875,69.3729,0.0],[19.2938,69.3729,0.0],[19.2979,69.3708,0.0],[19.3104,69.3708,0.0],[19.3146,69.3688,0.0],[19.3188,69.3708,0.0],[19.3271,69.3688,0.0],[19.3312,69.3708,0.0],[19.3417,69.3708,0.0],[19.3521,69.375,0.0],[19.362,69.3745,0.0],[19.3661,69.3714,0.0],[19.3542,69.3708,0.0],[19.3464,69.3682,0.0],[19.3495,69.3662,0.0],[19.3484,69.363,0.0],[19.3578,69.362,1.2881],[19.3568,69.3588,0.0],[19.3786,69.3474,0.0],[19.3776,69.3443,0.0],[19.387,69.3432,4.0505],[19.3859,69.3401,0.0],[19.4016,69.3328,11.4387],[19.4005,69.3297,0.0],[19.4036,69.3287,5.4884],[19.4026,69.3255,0.0],[19.4141,69.3203,0.0],[19.4089,69.3141,0.0],[19.412,69.312,0.0],[19.4109,69.3089,0.0],[19.4141,69.3068,12.4931],[19.4104,69.3021,0.0],[19.412,69.2963,37.4657],[19.4089,69.2932,0.0],[19.412,69.2901,37.5013],[19.4068,69.2849,0.0],[19.4099,69.2818,0.0],[19.4068,69.2776,0.0],[19.4099,69.2755,0.0],[19.4068,69.2714,0.0],[19.4099,69.2703,0.0],[19.4089,69.2672,0.0],[19.412,69.2662,9.3099],[19.4089,69.2609,0.0],[19.412,69.2599,0.0],[19.4172,69.2505,0.0],[19.4266,69.2495,0.0],[19.4255,69.2464,0.0],[19.4313,69.2438,0.0],[19.4391,69.2432,0.0],[19.438,69.2401,0.0],[19.4562,69.2375,4.594],[19.4667,69.2312,0.0],[19.4938,69.2271,17.0512],[19.5005,69.2234,0.0],[19.5104,69.2208,0.0],[19.5187,69.2229,13.3242],[19.5229,69.2208,0.0],[19.5292,69.2208,5.2065],[19.5349,69.2172,0.0],[19.5104,69.2167,0.0],[19.5063,69.2146,13.9478],[19.4854,69.225,0.0],[19.4708,69.2208,0.0],[19.4667,69.2229,0.0],[19.4542,69.2229,9.8907],[19.4458,69.2271,0.0],[19.4354,69.2271,5.4059],[19.4313,69.2292,0.0],[19.4125,69.2292,16.1958],[19.4042,69.2333,0.0],[19.3875,69.2333,4.2497],[19.3833,69.2354,0.0],[19.3708,69.2354,0.0],[19.3667,69.2375,0.0],[19.3542,69.2375,1.3524],[19.35,69.2354,32.056],[19.3417,69.2354,14.9907],[19.3354,69.2375,0.0],[19.3167,69.2312,3.4196],[19.3063,69.2312,0.0],[19.3047,69.2297,0.0],[19.3078,69.2276,0.0],[19.2979,69.2271,0.0],[19.2938,69.225,0.0],[19.2687,69.225,0.0],[19.2646,69.2271,0.0],[19.2568,69.2276,0.0],[19.2578,69.2307,0.0],[19.25,69.2312,0.0],[19.2401,69.2359,0.0],[19.2432,69.2412,0.0],[19.2359,69.2443,0.0],[19.237,69.2474,0.0],[19.2339,69.2495,2.9866],[19.2474,69.2526,0.0],[19.2547,69.2599,0.0],[19.262,69.2609,0.0],[19.2672,69.2662,11.2193],[19.2724,69.2672,0.0],[19.2776,69.2724,0.0],[19.2849,69.2734,0.0],[19.288,69.2766,0.0],[19.2932,69.2776,0.7079],[19.2922,69.2828,0.0],[19.3146,69.2875,0.0],[19.325,69.2917,0.0],[19.337,69.2922,0.0],[19.3411,69.2963,0.0],[19.338,69.2995,4.8085],[19.3432,69.3005,0.0],[19.3401,69.3037,2.858],[19.3474,69.312,5.4062],[19.3401,69.3151,22.9182],[19.3411,69.3182,8.2006],[19.338,69.3193,19.8122],[19.3391,69.3224,0.0],[19.3359,69.3234,9.8881],[19.337,69.3266,0.0],[19.3276,69.3276,87.9012],[19.3286,69.3307,0.0],[19.3193,69.3318,142.2139],[19.3203,69.3349,11.183],[19.312,69.3391,0.0],[19.2943,69.3422,64.8538],[19.2953,69.3453,0.0],[19.2938,69.3458,0.0],[19.25,69.3438,7.547],[19.2458,69.3458,0.0],[19.2375,69.3458,0.0],[19.2333,69.3438,35.728],[19.2271,69.3458,0.0],[19.2255,69.3443,52.7545],[19.2297,69.3422,114.5575],[19.2417,69.3417,79.3655],[19.2432,69.3411,98.8806],[19.2422,69.338,231.0051],[19.25,69.3375,163.1875],[19.2516,69.3359,214.6508],[19.2375,69.3354,425.0622],[19.2333,69.3375,368.1428],[19.1958,69.3375,478.1967],[19.1896,69.3354,533.82],[19.1812,69.3396,235.5141],[19.1672,69.3401,155.3241],[19.1688,69.3417,79.3029],[19.1807,69.3422,90.6712],[19.1828,69.3443,31.0393],[19.1812,69.3458,0.0],[19.175,69.3438,11.1884],[19.1437,69.3438,0.0],[19.1375,69.3458,0.0],[19.1313,69.3438,0.0],[19.125,69.3458,0.0],[19.1208,69.3438,14.3519],[19.1063,69.3479,0.0],[19.0938,69.3479,42.6044],[19.0896,69.35,0.0],[19.0833,69.35,42.7668],[19.0771,69.3479,238.1685],[19.063,69.3547,106.2092],[19.0641,69.3578,0.0],[19.0547,69.3588,53.5419],[19.0557,69.362,0.0],[19.0479,69.3625,15.0966],[19.0422,69.3651,23.9066],[19.0432,69.3682,0.0],[19.0354,69.3688,0.0],[19.0203,69.3766,0.0],[19.013,69.3776,34.1212],[19.012,69.3807,0.0],[18.9901,69.3922,0.0],[18.9911,69.3953,0.0],[18.988,69.3964,0.0],[18.9932,69.3984,0.0],[18.9901,69.4016,0.0],[18.9953,69.4078,0.0],[18.9922,69.4099,0.0],[18.9964,69.4141,0.0],[19.0036,69.4151,0.0],[19.0005,69.4172,0.0],[18.9995,69.4203,0.0],[18.9938,69.4229,4.1981],[18.9833,69.4229,71.8992],[18.9792,69.425,56.9242],[18.9729,69.425,85.8718],[18.9714,69.4255,51.8671],[18.9724,69.4287,0.0],[18.9708,69.4292,0.0],[18.9646,69.4271,9.6495],[18.9547,69.4276,12.6875],[18.9505,69.4297,0.0],[18.9536,69.4349,7.289],[18.9443,69.4359,0.4677],[18.9349,69.4411,11.2982],[18.9276,69.4422,10.4609],[18.9266,69.4453,0.0],[18.9193,69.4464,0.0],[18.9109,69.4505,0.0],[18.912,69.4537,0.0],[18.9089,69.4547,0.0],[18.9099,69.4599,0.0],[18.9068,69.4609,9.0003],[18.9078,69.4641,0.0],[18.9047,69.4651,19.9785],[18.9057,69.4682,0.0],[18.9026,69.4693,24.6202],[18.9036,69.4724,0.0],[18.9005,69.4734,10.8989],[18.9016,69.4766,0.0],[18.8984,69.4776,1.8652],[18.8995,69.4807,0.0],[18.8964,69.4818,0.7777],[18.8995,69.4859,0.0],[18.8964,69.488,0.0],[18.8974,69.4912,0.0],[18.8812,69.4917,0.0],[18.8625,69.4854,9.894],[18.8542,69.4854,0.0],[18.85,69.4875,0.0],[18.8422,69.488,0.0],[18.8432,69.4912,0.0],[18.8401,69.4932,0.0],[18.8422,69.4953,0.0],[18.8536,69.4964,0.0],[18.8589,69.5016,0.0],[18.8661,69.5026,0.0],[18.8724,69.5089,0.0],[18.8724,69.512,0.0],[18.8667,69.5167,0.0],[18.8672,69.5182,0.0],[18.8745,69.5193,0.0],[18.8766,69.5224,0.0],[18.8734,69.5234,0.0],[18.8745,69.5266,0.0],[18.8672,69.5297,0.0],[18.8682,69.5328,0.0],[18.8651,69.5349,0.0],[18.8682,69.5391,0.0],[18.8609,69.5422,0.0],[18.862,69.5453,0.0],[18.8547,69.5484,0.0],[18.8557,69.5537,0.0],[18.8333,69.5625,0.0],[18.8188,69.5625,0.0],[18.8089,69.5599,0.0],[18.8068,69.5568,0.0],[18.8099,69.5547,0.0],[18.7984,69.5537,0.0],[18.7932,69.5484,0.0],[18.7875,69.5479,0.0],[18.7771,69.5437,4.3313],[18.75,69.5437,16.1261],[18.7484,69.5453,0.0],[18.7536,69.5516,0.0],[18.7458,69.5521,9.8672],[18.7417,69.5542,0.0],[18.7354,69.5521,27.7852],[18.7146,69.5521,0.0],[18.7104,69.55,26.652],[18.7,69.55,0.0],[18.6984,69.5484,0.0],[18.7083,69.5437,0.0],[18.7229,69.5437,0.0],[18.7292,69.5458,7.649],[18.7349,69.5422,18.9655],[18.7042,69.5417,0.0],[18.7,69.5396,0.0],[18.6854,69.5396,0.0],[18.6729,69.5354,5.6011],[18.6396,69.5354,0.0],[18.6354,69.5333,19.4741],[18.6292,69.5354,0.0],[18.6104,69.5354,0.0],[18.5922,69.5307,0.0],[18.5901,69.5266,20.2369],[18.5917,69.525,82.5547],[18.6042,69.525,235.8501],[18.6042,69.5229,330.4318],[18.6083,69.5229,334.4918],[18.6208,69.5271,161.6163],[18.6313,69.5271,138.2781],[18.6354,69.5292,95.1868],[18.6417,69.5292,82.1997],[18.6578,69.5245,243.9086],[18.6547,69.5193,479.9158],[18.6578,69.5172,503.0185],[18.6479,69.5167,843.7115],[18.6437,69.5146,1064.1884],[18.6354,69.5146,1022.7849],[18.6292,69.5167,787.96],[18.6229,69.5125,935.6853],[18.5979,69.5125,850.7744],[18.5938,69.5146,695.4403],[18.5797,69.5151,555.5358],[18.5812,69.5167,501.108],[18.5953,69.5193,433.1556],[18.5938,69.5208,375.8143],[18.5521,69.5208,100.964],[18.5458,69.5229,0.0],[18.5359,69.5203,0.0],[18.5333,69.5167,32.6681],[18.5354,69.5146,87.8626],[18.5474,69.5141,66.9809],[18.5464,69.5109,213.7842],[18.5495,69.5099,242.1348],[18.5479,69.5083,291.7419],[18.5359,69.5109,218.7231],[18.5292,69.5146,175.9543],[18.5208,69.5146,140.2479],[18.5109,69.512,337.7003],[18.5089,69.5089,392.6245],[18.512,69.5068,472.8416],[18.5042,69.5042,799.3497],[18.4896,69.5042,558.3744],[18.4813,69.5083,332.9498],[18.4667,69.5083,264.0911],[18.4625,69.5062,319.6453],[18.4568,69.5089,120.4375],[18.4542,69.5125,0.0],[18.4495,69.5089,54.9624],[18.4422,69.5078,1.8544],[18.4401,69.5057,0.0],[18.438,69.5026,0.0],[18.4411,69.5016,11.0258],[18.4401,69.4984,0.0],[18.4542,69.4979,0.0],[18.4693,69.4901,0.0],[18.4786,69.4891,25.9082],[18.4755,69.4838,0.0],[18.4828,69.4797,12.4846],[18.4766,69.4714,0.0],[18.4693,69.4703,0.0],[18.4641,69.463,0.0],[18.4505,69.4495,0.0],[18.4542,69.4458,0.0],[18.4505,69.4401,0.0],[18.4583,69.4396,3.033],[18.4625,69.4375,0.0],[18.4813,69.4375,0.0],[18.4854,69.4396,0.0],[18.5,69.4396,0.0],[18.5042,69.4375,0.0],[18.5146,69.4375,3.1013],[18.5271,69.4313,0.0],[18.5453,69.4287,5.9997],[18.5443,69.4255,0.0],[18.5526,69.4213,0.0],[18.562,69.4203,0.0],[18.5703,69.4161,1.3008],[18.5693,69.413,0.0],[18.5734,69.4109,0.0],[18.5828,69.4099,11.894],[18.5953,69.4036,0.0],[18.5922,69.3984,0.0],[18.6036,69.3932,5.202],[18.6026,69.3901,0.0],[18.6057,69.3891,4.5094],[18.6042,69.3875,8.4571],[18.5984,69.387,0.0],[18.6016,69.3849,0.0],[18.6005,69.3818,0.0],[18.613,69.3755,0.0],[18.6224,69.3745,9.6313],[18.6375,69.3667,0.0],[18.6516,69.3662,49.87],[18.6505,69.363,0.0],[18.6521,69.3625,0.0],[18.675,69.3625,17.3861],[18.6833,69.3583,0.0],[18.6911,69.3578,0.0],[18.6901,69.3547,0.0],[18.6917,69.3542,0.0],[18.7188,69.35,25.2107],[18.7313,69.3458,0.0],[18.7563,69.3458,0.0],[18.7604,69.3438,0.0],[18.7708,69.3438,32.5213],[18.775,69.3417,0.0],[18.7917,69.3396,21.1162],[18.8,69.3354,0.0],[18.8167,69.3333,3.584],[18.8208,69.3313,0.0],[18.8245,69.3339,0.0],[18.8214,69.337,0.0],[18.8312,69.3375,0.0],[18.8354,69.3354,0.0],[18.8432,69.3349,0.0],[18.85,69.3313,5.6351],[18.8667,69.3313,12.8238],[18.8708,69.3292,0.0],[18.8833,69.3292,0.0],[18.8875,69.3271,0.0],[18.9292,69.3271,0.0],[18.9333,69.325,0.0],[18.9333,69.3229,0.0],[18.9417,69.3229,0.0],[18.9458,69.3208,0.0],[18.9536,69.3203,0.0],[18.9521,69.3187,0.0],[18.9464,69.3182,0.0],[18.9443,69.3161,0.0],[18.9526,69.3109,0.0],[18.9708,69.3083,0.0],[18.9766,69.3057,0.0],[18.9745,69.3026,0.0],[18.9672,69.3016,0.0],[18.9651,69.2984,0.0],[18.9745,69.2974,10.502],[18.9734,69.2943,0.0],[18.975,69.2937,0.0],[18.9875,69.2937,0.0],[18.9917,69.2917,0.0],[18.9979,69.2917,0.0],[18.9995,69.2901,0.0],[18.9896,69.2875,7.425],[18.9583,69.2875,0.0],[18.9484,69.2922,0.0],[18.9516,69.2963,5.2228],[18.95,69.2979,0.0],[18.9208,69.2979,7.2931],[18.9167,69.3,0.0],[18.9042,69.3,14.7091],[18.9,69.3021,0.0],[18.8833,69.3021,113.2792],[18.8792,69.3042,19.1899],[18.8729,69.3021,123.4169],[18.8583,69.3021,137.3137],[18.8568,69.3037,83.5473],[18.8703,69.3047,0.0],[18.8609,69.3078,0.0],[18.8682,69.3089,0.0],[18.8714,69.312,3.9242],[18.8937,69.3125,0.0],[18.9016,69.3193,0.0],[18.8958,69.3229,1.8348],[18.8833,69.3229,8.2135],[18.8792,69.325,0.0],[18.8667,69.325,0.7941],[18.8625,69.3271,0.0],[18.8583,69.325,3.8848],[18.8417,69.325,0.0],[18.8375,69.3229,21.7444],[18.8,69.3229,0.0],[18.7917,69.3271,0.0],[18.75,69.3271,0.0],[18.7453,69.3234,1.9901],[18.7354,69.3208,7.4754],[18.7292,69.3229,0.0],[18.725,69.3208,7.8916],[18.7167,69.3208,15.0923],[18.7125,69.3229,0.0],[18.6938,69.3229,0.0],[18.6896,69.3208,22.3856],[18.6813,69.3208,30.4413],[18.675,69.3229,0.0],[18.6646,69.3146,0.0],[18.6422,69.3141,0.0],[18.6401,69.3109,0.0],[18.6432,69.3099,4.1568],[18.6422,69.3068,0.0],[18.6453,69.3057,0.0],[18.6464,69.3026,0.0],[18.6641,69.2995,6.7894],[18.663,69.2963,0.0],[18.6755,69.2901,0.0],[18.6849,69.2891,14.253],[18.6839,69.2859,0.0],[18.6854,69.2854,0.0],[18.6917,69.2854,8.6847],[18.6958,69.2833,0.0],[18.7141,69.2807,5.9906],[18.713,69.2776,0.0],[18.7161,69.2755,25.9368],[18.713,69.2714,0.0],[18.7161,69.2693,0.0],[18.7109,69.2641,0.0],[18.7141,69.262,28.1194],[18.712,69.2568,20.7821],[18.7083,69.2542,5.3803],[18.7,69.2542,0.0],[18.6984,69.2547,0.0],[18.6995,69.2578,0.0],[18.6922,69.2609,0.0],[18.6979,69.2688,0.0],[18.6943,69.2714,23.81],[18.6953,69.2745,0.0],[18.6859,69.2755,17.25],[18.6812,69.2792,6.9992],[18.6729,69.2792,26.6242],[18.6688,69.2771,166.3089],[18.6542,69.2771,389.9932],[18.6526,69.2776,389.9932],[18.6536,69.2807,216.2051],[18.6521,69.2813,184.4935],[18.6417,69.2813,498.5171],[18.6349,69.2849,456.0211],[18.6271,69.2854,564.5451],[18.6187,69.2896,379.932],[18.6005,69.2922,411.4633],[18.6026,69.2953,298.4539],[18.6083,69.2958,178.8344],[18.6099,69.2974,66.8554],[18.6005,69.2984,284.2508],[18.6016,69.3016,105.0999],[18.5943,69.3047,131.9077],[18.5953,69.3078,19.9661],[18.5786,69.3161,0.0],[18.5708,69.3167,25.7316],[18.5651,69.3193,19.338],[18.5672,69.3224,8.1225],[18.5745,69.3234,0.0],[18.5776,69.3266,0.0],[18.5828,69.3276,0.0],[18.5911,69.337,0.0],[18.588,69.338,0.0],[18.5891,69.3432,0.0],[18.5818,69.3443,13.4834],[18.5828,69.3474,0.0],[18.5797,69.3484,13.4483],[18.5786,69.3516,0.0],[18.5714,69.3526,8.6324],[18.5703,69.3557,0.0],[18.5646,69.3583,0.0],[18.5401,69.3516,0.0],[18.5339,69.3453,0.0],[18.537,69.3432,0.0],[18.5359,69.3401,0.0],[18.5391,69.338,0.0],[18.5307,69.3339,0.0],[18.5234,69.3328,0.0],[18.5432,69.3224,0.0],[18.5359,69.3193,0.0],[18.5391,69.3182,0.0],[18.538,69.3151,0.0],[18.5411,69.3141,0.0],[18.538,69.3089,0.0],[18.5453,69.3047,6.7301],[18.5432,69.3026,0.0],[18.538,69.3016,0.0],[18.5359,69.2984,0.0],[18.5432,69.2943,0.0],[18.5276,69.2766,0.0],[18.5307,69.2734,0.0],[18.5234,69.2724,0.0],[18.5266,69.2693,0.7667],[18.513,69.2662,0.6332],[18.5161,69.263,0.0],[18.513,69.2589,0.0],[18.5161,69.2568,0.0],[18.5141,69.2526,4.338],[18.5068,69.2516,0.0],[18.5099,69.2484,2.9227],[18.5057,69.2443,0.0],[18.5021,69.2438,0.0],[18.5005,69.2453,0.0],[18.5036,69.2495,0.0],[18.4964,69.2536,0.0],[18.5036,69.2609,0.0],[18.5,69.2646,6.5905],[18.5078,69.2745,0.0],[18.4964,69.2797,0.0],[18.4974,69.2828,0.0],[18.4943,69.2839,0.0],[18.4953,69.287,0.0],[18.4922,69.2891,0.0],[18.4995,69.2984,0.0],[18.4964,69.3005,0.0],[18.4995,69.3057,0.0],[18.4964,69.3078,31.8874],[18.4984,69.3099,0.0],[18.5036,69.3109,0.0],[18.5005,69.3141,0.0],[18.5036,69.3182,0.0],[18.4958,69.3187,69.3126],[18.4943,69.3203,41.6666],[18.5016,69.3214,0.0],[18.5036,69.3245,0.0],[18.4943,69.3255,4.0481],[18.4953,69.3287,0.0],[18.4922,69.3297,0.0],[18.4932,69.3328,0.0],[18.4901,69.3339,0.0],[18.4911,69.337,0.0],[18.4875,69.3396,3.8866],[18.488,69.3411,0.0],[18.4953,69.3422,0.0],[18.4922,69.3453,0.0],[18.4974,69.3516,0.0],[18.4943,69.3536,0.0],[18.5036,69.3662,0.0],[18.4964,69.3693,0.0],[18.4974,69.3724,0.0],[18.488,69.3734,15.5135],[18.4891,69.3766,0.0],[18.4813,69.3771,6.5138],[18.4771,69.3792,0.0],[18.4646,69.3792,12.1884],[18.4521,69.3833,7.4264],[18.4458,69.3833,62.8938],[18.4443,69.3839,54.0632],[18.4453,69.387,0.0],[18.4438,69.3875,0.0],[18.4313,69.3875,65.0936],[18.4271,69.3896,23.948],[18.4188,69.3896,56.6764],[18.4172,69.388,120.7882],[18.4203,69.3859,217.3257],[18.4104,69.3854,247.1378],[18.4089,69.387,191.7714],[18.412,69.3912,24.222],[18.4021,69.3958,0.0],[18.3833,69.3958,0.0],[18.3766,69.3901,0.0],[18.3693,69.3891,0.0],[18.3667,69.3854,0.0],[18.3505,69.3859,0.0],[18.3557,69.3922,0.0],[18.3526,69.3953,0.0],[18.3578,69.3964,0.0],[18.3641,69.4026,0.0],[18.3625,69.4042,0.0],[18.3547,69.4047,12.3223],[18.3557,69.4078,0.0],[18.3526,69.4099,0.0],[18.3568,69.4161,15.5316],[18.3641,69.4172,0.0],[18.3609,69.4203,10.0084],[18.3724,69.4339,0.0],[18.3693,69.437,0.0],[18.3745,69.4432,0.0],[18.3672,69.4464,0.0],[18.3682,69.4495,10.9161],[18.3651,69.4516,47.7188],[18.3703,69.4526,0.0],[18.3724,69.4557,0.0],[18.3667,69.4583,41.3801],[18.3542,69.4583,0.0],[18.3443,69.4609,0.0],[18.3458,69.4646,6.5225],[18.3438,69.4667,5.7539],[18.3109,69.4714,2.8753],[18.3026,69.4755,0.0],[18.3036,69.4786,0.0],[18.3021,69.4792,0.0],[18.2896,69.4792,0.0],[18.2854,69.4812,13.7001],[18.2729,69.4812,93.9523],[18.2687,69.4833,4.2833],[18.2646,69.4812,67.584],[18.2417,69.4812,163.1832],[18.2318,69.4766,0.0],[18.2349,69.4734,63.8871],[18.2307,69.4693,23.1634],[18.225,69.4688,0.0],[18.2146,69.4646,3.0619],[18.2042,69.4646,0.0],[18.1979,69.4604,10.4352],[18.1688,69.4625,39.7337],[18.1672,69.463,6.9376],[18.1682,69.4661,0.0],[18.1667,69.4667,0.0],[18.1604,69.4646,64.4704],[18.15,69.4646,0.0],[18.1474,69.4609,63.866],[18.1401,69.4599,0.0],[18.1359,69.4547,0.0],[18.1391,69.4537,0.0],[18.138,69.4484,0.0],[18.1536,69.4411,10.1693],[18.1526,69.438,0.0],[18.1641,69.4328,5.5454],[18.1609,69.4276,0.0],[18.1641,69.4266,0.0],[18.163,69.4234,0.0],[18.1661,69.4213,0.0],[18.1609,69.413,0.0],[18.1641,69.4109,13.295],[18.1599,69.4068,94.4647],[18.1527,69.4057,0.0],[18.1526,69.4026,0.0],[18.1557,69.4016,8.9126],[18.1547,69.3984,8.3226],[18.1682,69.3974,6.6797],[18.1693,69.3943,0.0],[18.1766,69.3901,0.0],[18.1745,69.388,0.0],[18.1672,69.387,0.0],[18.1625,69.3833,12.9741],[18.1437,69.3833,45.1416],[18.1375,69.3854,2.4522],[18.1333,69.3833,42.2935],[18.1063,69.3833,0.0],[18.0964,69.3807,0.0],[18.0943,69.3786,0.0],[18.0943,69.3755,0.0],[18.1016,69.3724,0.0],[18.1005,69.3693,0.0],[18.1078,69.3662,0.0],[18.1047,69.3609,0.0],[18.1078,69.3588,0.0],[18.1005,69.3495,0.0],[18.1036,69.3464,0.0],[18.0995,69.3422,0.0],[18.0818,69.3411,0.0],[18.0661,69.3234,25.7881],[18.0589,69.3224,0.0],[18.0563,69.3187,16.964],[18.0438,69.3167,7.1884],[18.0396,69.3146,35.2179],[18.0333,69.3167,0.0],[18.0125,69.3104,15.1669],[17.9839,69.3099,0.0],[17.9839,69.3068,0.0],[17.9953,69.3016,0.0],[17.9922,69.2963,0.0],[17.9953,69.2943,3.2001],[17.9896,69.2875,0.0],[17.9932,69.2839,37.4652],[17.9911,69.2818,22.8237],[17.9839,69.2807,0.0],[17.9797,69.2755,0.0],[17.987,69.2703,0.0],[17.9859,69.2672,0.0],[17.9953,69.2662,0.0],[17.9943,69.263,0.0],[17.9974,69.262,0.0],[17.9964,69.2589,0.0],[17.9995,69.2568,0.0],[17.9891,69.2443,2.0746],[17.9818,69.2432,0.0],[17.9786,69.238,4.6745],[17.9714,69.237,0.0],[17.9693,69.2338,0.0],[17.9766,69.2297,8.2959],[17.9708,69.2292,0.0],[17.9693,69.2276,0.0],[17.975,69.225,0.0],[17.9813,69.2271,14.1329],[17.9979,69.2271,0.0],[18.0021,69.2292,0.0],[18.0104,69.2292,0.0],[18.0229,69.2333,8.632],[18.0271,69.2312,0.0],[18.0354,69.2312,0.0],[18.0396,69.2333,0.0],[18.0583,69.2333,4.0923],[18.0667,69.2292,0.0],[18.087,69.2286,3.1456],[18.0807,69.2214,9.0342],[18.0755,69.2203,0.0],[18.0714,69.2161,0.0],[18.0745,69.213,3.0903],[18.0703,69.2089,29.1222],[18.0568,69.2057,0.0],[18.0547,69.2037,0.0],[18.062,69.1984,0.0],[18.0578,69.1922,8.0631],[18.0505,69.1911,0.0],[18.0536,69.188,0.0],[18.0505,69.1849,0.0],[18.0505,69.1818,0.0],[18.0604,69.1771,0.0],[18.0786,69.1766,0.0],[18.0734,69.1703,0.0],[18.0714,69.1651,0.0],[18.0745,69.1641,32.308],[18.0734,69.1609,0.0],[18.0792,69.1583,0.0],[18.0917,69.1583,0.0],[18.0958,69.1604,0.0],[18.1063,69.1604,0.0],[18.1104,69.1625,0.0],[18.1141,69.162,4.6354],[18.113,69.1589,0.0],[18.1146,69.1583,0.0],[18.1396,69.1583,0.0],[18.1458,69.1604,0.0],[18.1474,69.1589,0.0],[18.1443,69.1547,0.0],[18.15,69.1521,0.0],[18.1563,69.1521,6.8959],[18.1578,69.1505,0.0],[18.1521,69.15,0.0],[18.1333,69.1438,26.1317],[18.1229,69.1438,0.0],[18.1125,69.1396,5.6442],[18.0979,69.1396,0.0],[18.0938,69.1375,11.43],[18.0708,69.1354,23.6606],[18.0609,69.138,0.0],[18.062,69.1412,0.0],[18.0583,69.1438,0.0],[18.0599,69.1474,0.0],[18.0542,69.15,0.0],[18.0229,69.15,0.0],[18.0187,69.1479,100.0695],[18.0146,69.15,0.0],[17.9854,69.1521,7.2908],[17.9729,69.1479,204.9726],[17.9646,69.15,0.0],[17.9583,69.1438,319.7454],[17.95,69.1438,127.5252],[17.9458,69.1458,0.0],[17.9333,69.1458,21.2114],[17.9292,69.1438,79.3467],[17.9188,69.1438,0.0],[17.9141,69.1401,60.4035],[17.9063,69.1375,26.6305],[17.8937,69.1354,0.0],[17.8896,69.1333,14.7868],[17.8813,69.1333,0.0],[17.8771,69.1312,41.8267],[17.8625,69.1312,0.0],[17.8583,69.1292,0.0],[17.8312,69.1292,0.0],[17.8042,69.1208,14.9657],[17.7958,69.1208,0.0],[17.7911,69.1172,0.0],[17.7813,69.1146,10.9691],[17.775,69.1167,0.0],[17.7625,69.1167,0.0],[17.7583,69.1146,8.0728],[17.75,69.1146,0.0],[17.7417,69.1188,0.0],[17.7062,69.1188,0.0],[17.6937,69.1146,33.2069],[17.6792,69.1146,0.0],[17.6667,69.1104,57.152],[17.6583,69.1104,0.0],[17.6542,69.1083,21.1099],[17.6396,69.1083,0.0],[17.6286,69.0984,8.7046],[17.6234,69.0974,0.0],[17.6214,69.0943,0.0],[17.6354,69.0938,0.0],[17.6396,69.0958,12.5189],[17.6479,69.0958,0.0],[17.6771,69.0875,0.0],[17.6833,69.0896,0.0],[17.6891,69.0859,0.0],[17.6839,69.0849,0.0],[17.6766,69.0776,0.0],[17.6651,69.0766,0.0],[17.6578,69.0693,43.6829],[17.65,69.0667,54.9243],[17.638,69.0661,0.0],[17.637,69.063,0.0],[17.6297,69.062,0.0],[17.625,69.0583,2.0077],[17.6193,69.0578,0.0],[17.6167,69.0542,16.8976],[17.6047,69.0537,0.0],[17.5953,69.0422,4.6262],[17.5729,69.0396,0.0],[17.5484,69.0328,0.0],[17.5438,69.0292,0.0],[17.538,69.0286,0.0],[17.537,69.0255,0.0],[17.5297,69.0182,0.0],[17.537,69.013,134.3139],[17.5255,69.012,16.1685],[17.5234,69.0089,42.1112],[17.5313,69.0083,169.935],[17.5328,69.0068,281.726],[17.5255,69.0057,157.5756],[17.5245,69.0026,294.2583],[17.5146,69.0,213.5091],[17.5,69.0,0.0],[17.4938,68.9958,6.9903],[17.4792,68.9958,7.5979],[17.4734,68.9912,0.0],[17.4849,68.9849,0.0],[17.4839,68.9818,9.2404],[17.4896,68.9792,0.0],[17.5271,68.9792,0.0],[17.5313,68.9812,0.0],[17.5453,68.9807,0.0],[17.5443,68.9755,0.0],[17.5474,68.9745,0.0],[17.5464,68.9714,0.0],[17.5495,68.9703,13.2971],[17.5484,68.9672,0.0],[17.5542,68.9646,0.0],[17.5682,68.9641,19.5262],[17.5667,68.9625,76.5068],[17.5609,68.962,0.0],[17.5589,68.9599,0.0],[17.5563,68.9563,0.0],[17.5583,68.9542,72.4308],[17.5688,68.9542,68.9545],[17.5755,68.9505,308.8693],[17.5833,68.95,313.5557],[17.5875,68.9479,422.3532],[17.5958,68.95,402.7998],[17.6,68.9479,573.3939],[17.6063,68.9479,608.4457],[17.6125,68.9521,501.7119],[17.6187,68.9521,650.759],[17.6203,68.9505,738.0901],[17.6151,68.9495,807.1353],[17.612,68.9464,835.351],[17.6042,68.9437,795.8599],[17.5979,68.9458,627.9556],[17.5833,68.9458,578.4391],[17.5807,68.9422,729.0312],[17.5688,68.9417,1039.2628],[17.5641,68.938,1107.8635],[17.5542,68.9375,1006.1653],[17.5479,68.9333,1141.1034],[17.5354,68.9333,931.4141],[17.5271,68.9375,1025.6268],[17.5104,68.9396,727.7993],[17.5005,68.9443,619.6716],[17.5042,68.9479,466.9142],[17.5203,68.9484,435.7561],[17.5172,68.9505,361.4553],[17.5182,68.9537,313.9507],[17.5167,68.9542,286.942],[17.5104,68.9521,402.7679],[17.5021,68.9521,296.4501],[17.4979,68.95,342.4299],[17.4896,68.95,264.5188],[17.4854,68.9521,141.9104],[17.4714,68.9516,47.5455],[17.4693,68.9484,0.0],[17.4807,68.9432,31.7356],[17.4797,68.9401,0.0],[17.4833,68.9375,20.0466],[17.4818,68.9339,0.0],[17.4849,68.9318,31.9896],[17.4807,68.9276,179.6741],[17.4708,68.9271,0.0],[17.4672,68.9234,61.4021],[17.4813,68.9229,141.6094],[17.4854,68.9208,201.8834],[17.4917,68.9229,168.095],[17.5016,68.9172,358.4852],[17.4875,68.9167,390.8271],[17.4813,68.9187,402.8902],[17.4771,68.9167,498.6613],[17.4646,68.9167,280.5844],[17.4604,68.9187,191.2236],[17.4568,68.9182,154.5873],[17.4484,68.9068,22.578],[17.4516,68.9057,101.1159],[17.4505,68.9026,0.0],[17.4536,68.9016,0.0],[17.4526,68.8984,0.0],[17.4557,68.8974,0.0],[17.4583,68.8938,18.0478],[17.4708,68.8938,0.0],[17.4755,68.8974,0.0],[17.4818,68.8995,0.0],[17.4938,68.9,0.0],[17.5016,68.9026,0.0],[17.5047,68.9057,24.6824],[17.5146,68.9083,0.0],[17.5187,68.9063,0.0],[17.5271,68.9063,0.0],[17.5458,68.9125,26.8001],[17.5542,68.9104,0.0],[17.5583,68.9125,0.0],[17.5667,68.9125,0.0],[17.5708,68.9146,32.9892],[17.5854,68.9146,0.0],[17.5896,68.9167,8.1552],[17.6,68.9167,0.0],[17.6042,68.9187,0.0],[17.6125,68.9187,0.0],[17.6167,68.9208,33.748],[17.6229,68.9187,0.0],[17.6354,68.9229,9.4959],[17.6396,68.9229,0.0],[17.6437,68.925,8.8806],[17.6521,68.925,0.0],[17.6646,68.9292,0.0],[17.6729,68.9292,0.0],[17.6771,68.9313,0.0],[17.6917,68.9313,0.0],[17.6958,68.9333,0.0],[17.7083,68.9333,10.9256],[17.7141,68.9307,0.0],[17.713,68.9255,0.0],[17.7203,68.9224,0.0],[17.7188,68.9208,3.9632],[17.7068,68.9203,0.0],[17.7047,68.9151,0.0],[17.7078,68.9141,0.0],[17.7068,68.9109,0.0],[17.7109,68.9089,0.0],[17.7375,68.9104,0.0],[17.75,68.9042,0.0],[17.7563,68.9063,0.0],[17.7687,68.9063,12.1161],[17.787,68.8974,0.0],[17.7859,68.8943,0.0],[17.7901,68.8922,0.0],[17.7979,68.8917,0.0],[17.8047,68.888,0.0],[17.812,68.887,0.0],[17.8203,68.8828,0.0],[17.8214,68.8797,0.0],[17.8276,68.8755,0.0],[17.8333,68.8729,0.0],[17.8411,68.8724,0.0],[17.8495,68.8672,0.0],[17.8458,68.8646,10.8369],[17.8146,68.8646,0.0],[17.8083,68.8625,6.8449],[17.8,68.8667,0.0],[17.7729,68.8688,3.6895],[17.7687,68.8708,0.0],[17.7625,68.8688,20.8261],[17.7479,68.8729,0.0],[17.7167,68.8708,116.1523],[17.7151,68.8714,68.1734],[17.7161,68.8745,9.4257],[17.7083,68.875,23.9514],[17.6984,68.8797,0.0],[17.7083,68.8833,0.0],[17.7167,68.8833,0.0],[17.7208,68.8854,0.0],[17.725,68.8854,0.0],[17.7286,68.888,0.0],[17.7286,68.8912,0.0],[17.7255,68.8922,76.7231],[17.7266,68.8953,0.0],[17.7172,68.8964,113.0103],[17.7203,68.9016,0.0],[17.7104,68.9021,0.0],[17.7062,68.9,27.1026],[17.6964,68.8995,0.0],[17.6932,68.8964,0.0],[17.6854,68.8938,0.0],[17.6792,68.8958,0.0],[17.6542,68.8958,0.0],[17.65,68.8938,0.0],[17.6354,68.8938,0.0],[17.6313,68.8917,15.9039],[17.6229,68.8917,0.0],[17.6182,68.888,16.8967],[17.6047,68.8849,0.0],[17.6016,68.8818,10.3668],[17.588,68.8786,13.4495],[17.5828,68.8734,29.0876],[17.5729,68.8729,24.4689],[17.563,68.8703,0.0],[17.5661,68.8672,82.9463],[17.5609,68.8662,0.0],[17.5578,68.863,32.3216],[17.5443,68.8599,0.0],[17.5391,68.8544,116.998],[17.5297,68.856,0.0],[17.5266,68.8526,22.6593],[17.4984,68.8453,0.0],[17.4932,68.8401,26.5449],[17.4797,68.837,19.2501],[17.4714,68.8318,0.0],[17.4875,68.8292,0.0],[17.4917,68.8271,0.0],[17.4979,68.8271,0.0],[17.5021,68.825,0.0],[17.5083,68.8271,22.04],[17.5125,68.825,0.0],[17.525,68.825,0.0],[17.5292,68.8229,0.0],[17.5396,68.8229,0.0],[17.5438,68.8208,0.0],[17.55,68.8208,11.1133],[17.5516,68.8203,18.1621],[17.5505,68.8172,0.0],[17.5521,68.8167,0.0],[17.5646,68.8167,18.6144],[17.5688,68.8146,3.1336],[17.575,68.8146,76.4266],[17.5958,68.8063,0.0],[17.6083,68.8063,13.8414],[17.6167,68.8021,0.0],[17.6313,68.8,0.0],[17.6354,68.7979,0.0],[17.6417,68.7979,0.0],[17.6458,68.7958,0.0],[17.6563,68.7958,0.0],[17.6604,68.7937,0.0],[17.6667,68.7958,13.958],[17.675,68.7958,53.2172],[17.6792,68.7937,0.0],[17.7354,68.7937,0.0],[17.7396,68.7917,0.0],[17.7667,68.7896,9.6785],[17.7693,68.7859,0.0],[17.775,68.7854,0.0],[17.7807,68.7828,1.8113],[17.7797,68.7797,0.0],[17.7839,68.7776,0.0],[17.7932,68.7766,0.0],[17.7922,68.7734,0.0],[17.7953,68.7724,0.0],[17.7943,68.7693,0.0],[17.8016,68.7641,0.0],[17.7984,68.7589,0.0],[17.8016,68.7568,0.0],[17.7974,68.7505,0.0],[17.7922,68.7505,0.0],[17.7932,68.7536,0.0],[17.7839,68.7547,2.626],[17.7714,68.7609,4.7831],[17.7724,68.7641,0.0],[17.7557,68.7724,0.0],[17.7375,68.775,7.7651],[17.7333,68.7771,0.0],[17.7229,68.7771,0.0],[17.7167,68.7792,0.0],[17.7104,68.7771,44.0543],[17.7062,68.7792,5.251],[17.6896,68.7792,57.6009],[17.6833,68.7813,0.0],[17.6818,68.7797,11.7364],[17.6849,68.7776,177.5886],[17.6833,68.7771,177.5886],[17.6604,68.7771,152.6075],[17.6563,68.7813,0.0],[17.6333,68.7813,8.7454],[17.6292,68.7833,0.0],[17.6187,68.7833,37.57],[17.6146,68.7854,12.1585],[17.6083,68.7854,52.4537],[17.6042,68.7875,0.0],[17.5896,68.7896,8.6747],[17.5854,68.7917,0.0],[17.5792,68.7917,11.5264],[17.5776,68.7922,17.7984],[17.5786,68.7953,0.0],[17.5771,68.7958,0.0],[17.5646,68.7958,10.5997],[17.5563,68.8,0.0],[17.525,68.8042,80.4447],[17.5234,68.8047,64.3372],[17.5245,68.8078,0.0],[17.5167,68.8083,5.5675],[17.5099,68.812,0.0],[17.5,68.8146,0.0],[17.4964,68.813,60.1935],[17.5036,68.8089,180.2267],[17.4833,68.8104,428.7987],[17.475,68.8146,198.3477],[17.4521,68.8146,226.5558],[17.4479,68.8125,396.4354],[17.4333,68.8125,233.5464],[17.4318,68.813,162.3322],[17.4328,68.8161,54.2411],[17.4312,68.8167,15.2843],[17.425,68.8146,21.368],[17.4151,68.8141,0.0],[17.413,68.812,0.0],[17.4161,68.8099,48.7538],[17.4146,68.8083,115.6468],[17.4,68.8083,0.0],[17.3922,68.8057,0.0],[17.3891,68.8026,4.6806],[17.3818,68.8016,0.0],[17.3807,68.7984,0.0],[17.3687,68.7979,0.0],[17.3609,68.7953,0.0],[17.3542,68.7896,7.7129],[17.3396,68.7896,0.0],[17.3297,68.787,0.0],[17.3286,68.7839,0.0],[17.3229,68.7833,0.0],[17.3042,68.7771,4.3175],[17.2896,68.7771,0.0],[17.2854,68.775,15.6871],[17.2708,68.775,0.0],[17.2667,68.7729,29.8264],[17.2625,68.7729,0.0],[17.2536,68.763,0.0],[17.2484,68.762,0.0],[17.2516,68.7599,0.0],[17.2505,68.7568,0.0],[17.2547,68.7547,4.9186],[17.2875,68.75,0.0],[17.3,68.7438,0.0],[17.3062,68.7458,23.2084],[17.312,68.7432,0.0],[17.313,68.7401,0.0],[17.3229,68.7354,0.0],[17.3354,68.7354,0.0],[17.3458,68.7396,26.4107],[17.3667,68.7396,0.0],[17.3766,68.7422,0.0],[17.3813,68.7458,32.1368],[17.4104,68.7458,13.9625],[17.4146,68.7438,0.0],[17.4271,68.7438,26.5692],[17.4339,68.7401,0.0],[17.4438,68.7375,0.0],[17.4578,68.737,9.5489],[17.4568,68.7338,0.0],[17.4641,68.7307,0.0],[17.463,68.7276,0.0],[17.4703,68.7245,0.0],[17.4651,68.7161,0.0],[17.4682,68.7141,0.0],[17.4672,68.7109,0.0],[17.4766,68.7099,33.9153],[17.4755,68.7068,0.0],[17.4786,68.7057,0.0],[17.4776,68.7005,0.0],[17.4849,68.6995,5.1555],[17.4958,68.6937,0.0],[17.5042,68.6937,0.0],[17.5083,68.6958,24.6716],[17.5125,68.6917,0.0],[17.5292,68.6917,0.0],[17.5333,68.6896,0.0],[17.55,68.6875,0.0],[17.5583,68.6937,0.0],[17.5938,68.6937,0.0],[17.5979,68.6917,0.0],[17.6083,68.6917,0.0],[17.6125,68.6896,0.0],[17.6292,68.6875,0.0],[17.6333,68.6854,0.0],[17.6437,68.6854,0.0],[17.6521,68.6813,0.0],[17.6688,68.6792,15.7302],[17.6828,68.6713,0.0],[17.6625,68.6708,0.0],[17.6583,68.6729,0.0],[17.6313,68.6771,23.7272],[17.6187,68.6813,0.0],[17.6021,68.6813,52.2625],[17.5875,68.6854,0.0],[17.5521,68.6854,8.4426],[17.5422,68.6828,0.0],[17.5391,68.6797,0.0],[17.5312,68.6771,44.6332],[17.5229,68.6771,17.3385],[17.5187,68.6792,0.0],[17.5125,68.6771,36.9293],[17.5083,68.6792,0.0],[17.4792,68.6792,19.5798],[17.475,68.6813,0.0],[17.4589,68.6839,0.0],[17.4562,68.6875,0.0],[17.4438,68.6875,0.0],[17.4375,68.6854,21.534],[17.4276,68.6901,8.9863],[17.4307,68.6953,0.0],[17.4276,68.6974,9.2034],[17.4318,68.7016,4.9625],[17.437,68.7026,0.0],[17.4339,68.7057,9.7615],[17.437,68.7099,0.0],[17.4297,68.713,0.0],[17.4286,68.7161,0.0],[17.4255,68.7172,47.563],[17.4224,68.7224,0.0],[17.4151,68.7234,5.4935],[17.4083,68.7271,0.0],[17.3896,68.7292,0.0],[17.3854,68.7271,37.9409],[17.3771,68.7271,20.7264],[17.3729,68.725,170.5712],[17.3646,68.725,57.2074],[17.3458,68.7188,314.703],[17.3375,68.7188,299.4813],[17.3312,68.7208,216.2344],[17.3271,68.7188,364.3892],[17.325,68.7208,320.2637],[17.3286,68.7255,43.3331],[17.3271,68.7271,0.0],[17.3234,68.7266,54.1731],[17.3188,68.7229,312.9994],[17.3042,68.7229,389.3012],[17.3,68.7208,513.326],[17.2938,68.7208,521.3099],[17.2854,68.725,406.7344],[17.2776,68.7255,278.169],[17.2812,68.7292,58.0309],[17.2974,68.7297,0.0],[17.2891,68.7349,13.9988],[17.2812,68.7354,18.1055],[17.275,68.7333,50.2385],[17.2708,68.7354,0.0],[17.2521,68.7354,0.0],[17.2484,68.7328,26.8083],[17.2516,68.7297,152.2042],[17.2479,68.7271,364.6875],[17.2396,68.7271,223.5144],[17.2271,68.7229,504.0188],[17.2208,68.725,154.8938],[17.2146,68.7208,445.7168],[17.1896,68.7208,64.1761],[17.1849,68.7172,209.8924],[17.1776,68.7161,276.7126],[17.1792,68.7146,353.161],[17.1917,68.7146,344.9255],[17.2042,68.7104,662.9999],[17.212,68.7099,818.629],[17.2042,68.7063,878.9866],[17.1958,68.7063,864.0756],[17.1917,68.7083,808.0261],[17.1792,68.7083,906.545],[17.175,68.7063,966.9111],[17.1563,68.7063,772.1838],[17.1437,68.7125,312.3175],[17.1375,68.7104,461.0397],[17.1313,68.7104,395.2854],[17.1271,68.7146,15.0385],[17.113,68.7141,0.0],[17.1068,68.7057,0.0],[17.1099,68.7026,0.0],[17.1047,68.6943,0.0],[17.1078,68.6922,56.2195],[17.1057,68.6901,82.526],[17.1005,68.6891,0.0],[17.0964,68.6839,0.0],[17.1057,68.6828,0.0],[17.1141,68.6776,0.0],[17.1104,68.675,14.9394],[17.0958,68.675,0.0],[17.0917,68.6729,79.8351],[17.0839,68.6734,17.6677],[17.0729,68.6792,4.3758],[17.0589,68.6797,9.4232],[17.062,68.6849,0.0],[17.0542,68.6854,6.9515],[17.0484,68.688,5.9583],[17.0495,68.6911,0.0],[17.0464,68.6922,0.0],[17.0474,68.6953,0.0],[17.0438,68.6979,0.0],[17.0495,68.7047,0.0],[17.0495,68.7078,0.0],[17.0464,68.7089,9.2437],[17.0474,68.712,0.0],[17.0375,68.7167,0.0],[17.0276,68.7141,30.1364],[17.0245,68.7109,262.9795],[17.0167,68.7083,456.3927],[17.0063,68.7083,519.6343],[17.0021,68.7063,607.1894],[16.9979,68.7083,446.6831],[16.9917,68.7063,499.6763],[16.9714,68.7068,211.5871],[16.9875,68.7125,51.8619],[16.9974,68.713,39.2803],[16.9958,68.7146,3.4608],[16.9896,68.7146,8.4848],[16.9854,68.7167,0.0],[16.9813,68.7146,0.0],[16.9667,68.7146,0.0],[16.9568,68.712,0.0],[16.9536,68.7068,0.0],[16.9234,68.6995,0.0],[16.9224,68.6964,0.0],[16.9161,68.6901,4.5554],[16.9047,68.6891,0.0],[16.9016,68.6839,0.0],[16.8896,68.6833,0.0],[16.8854,68.6813,0.0],[16.8667,68.6813,3.6747],[16.8651,68.6818,14.7422],[16.8661,68.6849,0.0],[16.8583,68.6854,14.7821],[16.8542,68.6875,0.0],[16.8354,68.6875,0.0],[16.8312,68.6854,5.7717],[16.8083,68.6854,4.2172],[16.8021,68.6875,0.0],[16.7922,68.6849,0.0],[16.7911,68.6818,0.0],[16.7875,68.6792,3.4184],[16.7542,68.6771,0.0],[16.7354,68.6708,14.8224],[16.7271,68.6708,0.0],[16.7172,68.6682,0.0],[16.7146,68.6646,0.0],[16.7182,68.6609,2.2348],[16.713,68.6557,0.0],[16.7167,68.6521,0.0],[16.7125,68.6479,26.1504],[16.7042,68.6479,94.9894],[16.6917,68.6521,0.0],[16.6833,68.6521,0.0],[16.6771,68.65,48.0975],[16.6729,68.6521,0.0],[16.6604,68.6479,78.3731],[16.6396,68.6479,0.0],[16.6292,68.6438,0.0],[16.613,68.6432,0.0],[16.6104,68.6396,3.9486],[16.6141,68.6359,16.6544],[16.6083,68.6354,0.0],[16.5979,68.6312,15.7217],[16.5859,68.6307,0.0],[16.5891,68.6276,11.3313],[16.5839,68.6266,0.0],[16.5786,68.6214,0.0],[16.5734,68.6203,0.0],[16.5766,68.6172,1.835],[16.5693,68.6162,0.0],[16.5609,68.6036,0.0],[16.5641,68.6005,7.9118],[16.5589,68.5995,0.0],[16.562,68.5974,9.3448],[16.5609,68.5943,0.0],[16.5641,68.5932,0.0],[16.563,68.5901,0.0],[16.5703,68.587,3.9709],[16.5651,68.5839,0.0],[16.5682,68.5828,5.8619],[16.5672,68.5797,0.0],[16.5714,68.5776,0.0],[16.5807,68.5766,0.0],[16.5917,68.5708,0.0],[16.6021,68.5708,0.0],[16.6104,68.5667,0.0],[16.6167,68.5667,3.3168],[16.6182,68.5661,4.222],[16.6172,68.563,0.0],[16.625,68.5625,3.592],[16.6292,68.5604,0.0],[16.6328,68.5609,0.0],[16.6359,68.5661,0.0],[16.6437,68.5687,0.0],[16.6474,68.5682,0.0],[16.6464,68.5651,0.0],[16.6495,68.563,0.0],[16.6234,68.5557,0.0],[16.6266,68.5537,2.9441],[16.6214,68.5474,0.0],[16.6245,68.5453,0.0],[16.6245,68.5422,0.0],[16.6167,68.5354,0.0],[16.5896,68.5375,0.0],[16.5755,68.5443,0.0],[16.5697,68.5442,44.5245],[16.5704,68.5397,138.0908],[16.5582,68.5395,385.5662],[16.5615,68.517,278.1013],[16.5738,68.5172,194.4626],[16.5758,68.5037,393.3114],[16.6246,68.5047,210.0363],[16.6253,68.5002,189.9572],[16.6619,68.5009,2.5966],[16.6612,68.5054,2.3807],[16.6979,68.5061,46.1958],[16.6972,68.5106,36.0788],[16.7216,68.511,65.7384],[16.7203,68.52,66.258],[16.7326,68.5202,25.1666],[16.7319,68.5247,36.8706],[16.7441,68.525,26.9059],[16.7428,68.534,41.3105],[16.7673,68.5344,37.3492],[16.7667,68.5389,39.7127],[16.7789,68.5391,99.4549],[16.7783,68.5436,160.678],[16.7905,68.5438,333.3732],[16.7899,68.5483,360.3473],[16.8021,68.5486,334.0333],[16.8015,68.5531,338.8228],[16.8137,68.5533,459.036],[16.8131,68.5578,359.8063],[16.8253,68.558,482.6207],[16.8247,68.5625,381.3124],[16.8369,68.5627,500.3931],[16.8363,68.5672,510.8457],[16.8485,68.5674,645.4336],[16.8479,68.5719,586.1176],[16.9336,68.5735,663.9412],[16.9342,68.569,765.3979],[17.0077,68.5702,562.1671],[17.0083,68.5657,589.1082],[17.0818,68.567,533.0698],[17.0823,68.5625,543.8302],[17.1558,68.5637,465.7624],[17.1564,68.5592,478.5788],[17.2588,68.5608,204.5569]]],
[[[17.0042,68.7146,6.5309],[17.0057,68.7161,0.0],[17.0005,68.7161,0.0],[17.0005,68.7151,7.4506],[17.0042,68.7146,6.5309]]],
[[[15.7424,68.7698,364.7523],[15.7432,68.7654,487.8642],[15.7309,68.7651,157.1768],[15.7318,68.7606,247.9082],[15.7071,68.76,136.172],[15.7079,68.7555,74.7765],[15.6956,68.7552,259.0156],[15.7025,68.7192,550.3026],[15.6901,68.7189,482.2637],[15.691,68.7144,310.2819],[15.7033,68.7147,689.96],[15.7042,68.7102,419.347],[15.7411,68.7111,183.974],[15.7419,68.7066,200.7593],[15.7788,68.7075,407.3074],[15.7797,68.703,261.3474],[15.792,68.7033,333.6875],[15.7928,68.6988,376.739],[15.7805,68.6985,311.5728],[15.7872,68.6626,177.4462],[15.7749,68.6623,119.545],[15.7758,68.6578,340.8606],[15.7635,68.6575,156.0495],[15.7652,68.6485,806.1827],[15.7529,68.6482,359.3412],[15.7537,68.6437,672.9112],[15.7415,68.6434,549.4461],[15.7423,68.6389,705.9385],[15.73,68.6386,409.4506],[15.7292,68.6431,623.4022],[15.7169,68.6428,558.8734],[15.7161,68.6473,472.0156],[15.6915,68.6467,540.4193],[15.6924,68.6422,596.4218],[15.6801,68.6419,787.8165],[15.681,68.6374,736.5705],[15.6564,68.6368,261.9312],[15.6573,68.6324,436.8347],[15.645,68.6321,492.6325],[15.6493,68.6096,261.6248],[15.6616,68.6099,275.0238],[15.6659,68.5874,401.336],[15.6536,68.5871,547.3447],[15.6545,68.5826,455.8718],[15.6422,68.5823,579.5062],[15.644,68.5733,717.4763],[15.595,68.5721,630.2479],[15.5968,68.5631,551.0074],[15.609,68.5634,701.8412],[15.6142,68.5365,589.071],[15.6264,68.5368,641.3518],[15.6272,68.5323,778.5566],[15.6395,68.5326,584.8553],[15.6403,68.5281,734.4227],[15.6525,68.5284,634.3499],[15.6568,68.506,545.459],[15.6446,68.5056,401.802],[15.6497,68.4787,294.7367],[15.6375,68.4784,254.6297],[15.6384,68.4739,508.4841],[15.6262,68.4736,543.1409],[15.6279,68.4646,658.2502],[15.6158,68.4643,718.3647],[15.6183,68.4508,383.5699],[15.6062,68.4505,307.7698],[15.607,68.446,447.9336],[15.6435,68.4469,648.4089],[15.6444,68.4425,841.5126],[15.6687,68.4431,628.4946],[15.6679,68.4475,526.7211],[15.68,68.4478,529.9597],[15.6783,68.4568,761.7531],[15.6905,68.4571,477.5525],[15.6888,68.4661,579.293],[15.701,68.4664,457.3541],[15.6993,68.4754,323.8498],[15.7115,68.4757,248.7832],[15.7106,68.4802,289.2299],[15.7228,68.4805,257.0842],[15.722,68.485,465.5936],[15.7342,68.4853,181.4568],[15.7325,68.4943,527.5124],[15.7447,68.4946,658.9583],[15.7439,68.4991,642.5181],[15.7561,68.4994,728.8837],[15.7552,68.5038,768.9704],[15.7674,68.5041,815.9409],[15.7666,68.5086,520.8506],[15.7788,68.5089,653.3641],[15.778,68.5134,701.4536],[15.7902,68.5137,636.4902],[15.7893,68.5182,598.6892],[15.8015,68.5185,483.3664],[15.8007,68.523,285.4342],[15.8129,68.5233,133.3259],[15.8121,68.5278,63.0474],[15.8243,68.5281,72.2812],[15.8235,68.5326,211.3955],[15.8357,68.5329,280.8658],[15.8349,68.5373,222.6741],[15.896,68.5388,251.8895],[15.8943,68.5478,309.0803],[15.9066,68.5481,286.8145],[15.9041,68.5615,571.0076],[15.9164,68.5618,427.9034],[15.9132,68.5798,650.5418],[15.9254,68.5801,688.7128],[15.923,68.5936,764.7628],[15.9352,68.5938,743.3207],[15.9336,68.6028,580.4954],[15.9459,68.6031,489.6747],[15.9443,68.6121,433.1948],[15.9565,68.6124,571.4932],[15.9557,68.6169,701.9482],[15.968,68.6172,539.1677],[15.9696,68.6082,575.2691],[15.9818,68.6085,610.2198],[15.9842,68.595,444.7324],[15.9965,68.5952,549.6839],[15.998,68.5863,483.6556],[16.0103,68.5865,463.7412],[16.0127,68.5731,705.645],[16.0249,68.5733,836.3339],[16.0241,68.5778,852.6953],[16.0363,68.5781,799.9935],[16.0356,68.5826,677.7032],[16.0478,68.5829,756.6597],[16.0462,68.5919,504.7941],[16.0585,68.5921,485.4583],[16.0577,68.5966,457.8919],[16.07,68.5969,509.3669],[16.0692,68.6014,506.9781],[16.1305,68.6028,319.3673],[16.1297,68.6072,445.6559],[16.142,68.6075,545.7993],[16.1412,68.612,496.9014],[16.1535,68.6123,627.2001],[16.1527,68.6168,689.8638],[16.214,68.6181,645.1614],[16.2133,68.6226,781.9185],[16.2378,68.6231,613.6599],[16.237,68.6276,440.6142],[16.2616,68.6281,745.2787],[16.2631,68.6191,225.0342],[16.2753,68.6194,226.8495],[16.2775,68.6059,365.8246],[16.3266,68.6069,758.4481],[16.328,68.598,481.7836],[16.3403,68.5982,387.8733],[16.341,68.5937,399.6453],[16.3533,68.594,757.7461],[16.354,68.5895,984.7498],[16.3662,68.5897,1001.0537],[16.3669,68.5852,874.6185],[16.3792,68.5855,785.7479],[16.3799,68.581,607.9776],[16.4044,68.5815,563.6606],[16.4051,68.577,359.2049],[16.4418,68.5777,143.2723],[16.4425,68.5732,97.7447],[16.4548,68.5735,105.6677],[16.457,68.5593,56.6],[16.4638,68.5595,45.9622],[16.4667,68.5563,0.0],[16.4792,68.5604,1.1514],[16.5,68.5625,0.0],[16.5042,68.5646,4.4325],[16.5146,68.5646,0.0],[16.5214,68.5745,0.0608],[16.5286,68.5755,0.0],[16.5271,68.5771,0.0],[16.5208,68.5771,0.0],[16.5167,68.5792,0.0],[16.5104,68.5771,0.0],[16.5047,68.5797,0.0],[16.5047,68.5828,0.0],[16.5078,68.587,0.0],[16.5047,68.588,2.8388],[16.5063,68.5917,0.0],[16.5026,68.5953,0.0],[16.5068,68.5995,0.0],[16.512,68.6016,0.0],[16.5047,68.6026,10.4345],[16.5036,68.6057,0.0],[16.5005,68.6078,0.0],[16.5104,68.6083,6.0743],[16.5167,68.6062,0.0],[16.5182,68.6078,1.3513],[16.5151,68.6099,0.0],[16.5229,68.6125,0.0],[16.5375,68.6125,0.0],[16.5453,68.6151,0.0],[16.5505,68.6203,0.0],[16.5641,68.6234,0.0],[16.5693,68.6307,0.0],[16.5807,68.6318,0.0],[16.5849,68.6359,0.0],[16.5818,68.638,0.0],[16.5839,68.6432,0.0],[16.5911,68.6443,0.0],[16.5974,68.6526,0.0],[16.5943,68.6547,15.9466],[16.5932,68.6578,0.0],[16.5875,68.6583,0.0],[16.5859,68.6599,0.0],[16.5995,68.663,0.0],[16.6005,68.6661,0.0],[16.6078,68.6672,0.0],[16.6125,68.6708,0.0],[16.6188,68.6708,0.0],[16.625,68.6687,0.0],[16.6328,68.6713,0.0],[16.6271,68.675,0.0],[16.6083,68.675,0.0],[16.6042,68.6729,0.0],[16.6,68.675,0.0],[16.5875,68.675,4.2115],[16.5859,68.6766,6.6551],[16.5932,68.6807,0.0],[16.5646,68.6813,0.0],[16.5505,68.688,0.0],[16.5521,68.6896,1.0376],[16.5604,68.6896,0.0],[16.5708,68.6937,0.0],[16.587,68.6943,0.0],[16.5839,68.6974,0.0],[16.5891,68.7026,0.0],[16.5901,68.7057,2.2662],[16.5943,68.7099,5.2991],[16.5995,68.7109,0.0],[16.5964,68.7141,0.0],[16.5995,68.7182,0.0],[16.5922,68.7214,0.0],[16.5917,68.7229,7.522],[16.5974,68.7297,0.0],[16.5958,68.7312,9.401],[16.5875,68.7312,0.0],[16.5828,68.7276,0.0],[16.5776,68.7266,0.0],[16.5734,68.7224,0.0],[16.5766,68.7203,0.0],[16.575,68.7188,0.0],[16.5563,68.7167,25.9519],[16.5521,68.7188,0.0],[16.5458,68.7188,0.0],[16.5443,68.7203,0.0],[16.5479,68.7229,3.317],[16.5578,68.7234,0.0],[16.5609,68.7286,2.289],[16.5682,68.7297,0.0],[16.5651,68.7328,13.3912],[16.5766,68.7338,0.0],[16.5693,68.738,8.4569],[16.5724,68.7422,0.0],[16.5724,68.7453,0.0],[16.5651,68.7464,0.0],[16.5646,68.7479,0.0],[16.5651,68.7495,0.0],[16.5724,68.7505,0.0],[16.5745,68.7526,0.0],[16.5745,68.7557,7.9391],[16.5714,68.7568,6.7892],[16.5724,68.7599,0.0],[16.563,68.7609,0.5],[16.5641,68.7641,0.0],[16.5609,68.7662,8.0434],[16.563,68.7703,0.0],[16.5667,68.7729,0.0],[16.5729,68.7708,0.5619],[16.5812,68.7708,0.0],[16.5839,68.7745,0.0],[16.5911,68.7755,0.0],[16.5938,68.7792,2.6386],[16.5901,68.7828,3.628],[16.5922,68.7849,1.5087],[16.5995,68.7859,0.0],[16.5943,68.7891,20.1089],[16.6016,68.7901,0.0],[16.5984,68.7932,0.0],[16.6036,68.7953,0.0],[16.5958,68.7958,0.0],[16.5896,68.7937,0.0],[16.5812,68.7979,4.9755],[16.575,68.7979,41.9584],[16.5708,68.7958,131.7071],[16.5604,68.7958,0.0],[16.5578,68.7922,56.6469],[16.5505,68.7911,1.4351],[16.5484,68.788,0.0],[16.5516,68.787,0.0],[16.5516,68.7839,2.9337],[16.5479,68.7833,3.7753],[16.5422,68.7859,3.5381],[16.5432,68.7911,3.7562],[16.5401,68.7922,7.1336],[16.5432,68.7974,5.5637],[16.5401,68.7995,19.8617],[16.5422,68.8016,12.8113],[16.5474,68.8026,0.0],[16.5443,68.8047,8.8446],[16.5453,68.8078,0.0],[16.5422,68.8099,43.7415],[16.5474,68.8109,2.7556],[16.5526,68.8161,7.7552],[16.5578,68.8172,0.0],[16.5609,68.8203,4.2656],[16.5682,68.8214,0.0],[16.5693,68.8245,11.9204],[16.5792,68.8271,28.5837],[16.5854,68.825,0.0],[16.5953,68.8276,0.0],[16.5922,68.8307,10.2071],[16.5953,68.837,0.0],[16.5875,68.8375,20.7805],[16.5833,68.8396,0.0],[16.5792,68.8375,39.2688],[16.5625,68.8375,0.0],[16.5521,68.8333,4.8946],[16.5479,68.8333,0.0],[16.5464,68.8328,0.0],[16.5464,68.8297,0.0],[16.5536,68.8287,28.8929],[16.5536,68.8255,13.5994],[16.5516,68.8234,0.8667],[16.5333,68.8208,0.0],[16.5271,68.8167,28.5423],[16.5125,68.8208,0.0],[16.4958,68.8208,8.5176],[16.4901,68.8234,0.0],[16.4911,68.8287,8.7662],[16.488,68.8307,7.1341],[16.4901,68.8349,18.3625],[16.4974,68.8359,0.0],[16.5,68.8396,0.0],[16.4964,68.8422,3.9058],[16.4974,68.8453,0.0],[16.4901,68.8484,14.6929],[16.4932,68.8536,0.0],[16.4875,68.8562,0.0],[16.4625,68.8562,105.1388],[16.4526,68.8536,37.5921],[16.4557,68.8516,171.5671],[16.4542,68.85,239.3015],[16.4354,68.85,166.7251],[16.4271,68.8542,18.1225],[16.4208,68.8542,142.9057],[16.4167,68.8562,55.8359],[16.4063,68.8562,199.9833],[16.3917,68.8604,306.6325],[16.3854,68.8604,429.8376],[16.3729,68.8667,283.3895],[16.3667,68.8667,401.8081],[16.3625,68.8688,266.4467],[16.3464,68.8714,258.1069],[16.3479,68.8729,185.5134],[16.3641,68.8734,35.5232],[16.35,68.8812,0.0],[16.3375,68.8812,17.3877],[16.3333,68.8833,1.9887],[16.3167,68.8854,46.1824],[16.3099,68.8891,0.0],[16.3042,68.8896,6.6645],[16.2938,68.8938,67.5415],[16.2896,68.8917,271.8643],[16.2813,68.8917,453.8015],[16.2771,68.8938,386.7187],[16.2693,68.8943,514.0459],[16.2625,68.8979,434.4442],[16.2563,68.8979,265.6373],[16.2505,68.8932,2.5183],[16.2505,68.8901,2.2527],[16.2604,68.8875,0.0],[16.2729,68.8875,47.9008],[16.2854,68.8812,0.0],[16.2979,68.8812,25.2473],[16.3036,68.8786,0.0],[16.3026,68.8755,0.0],[16.3057,68.8745,0.0],[16.3047,68.8714,0.0],[16.3078,68.8703,0.0],[16.3089,68.8672,0.0],[16.3161,68.8641,6.3391],[16.3151,68.8609,0.0],[16.3266,68.8557,27.2194],[16.3255,68.8526,0.0],[16.3328,68.8495,0.0],[16.3328,68.8464,0.0],[16.3297,68.8422,0.0],[16.337,68.8391,0.0],[16.3359,68.8359,0.0],[16.3391,68.8339,0.0],[16.3312,68.8313,0.0],[16.3125,68.8313,0.0],[16.3083,68.8333,0.0],[16.3005,68.8339,0.0],[16.3016,68.837,0.0],[16.2938,68.8375,0.0],[16.288,68.8401,1.8726],[16.2891,68.8432,0.0],[16.2818,68.8484,2.1804],[16.2828,68.8516,0.0],[16.2755,68.8547,11.5242],[16.2766,68.8578,0.0],[16.275,68.8583,0.0],[16.2625,68.8583,136.6186],[16.2583,68.8604,99.6296],[16.2479,68.8604,242.2185],[16.2437,68.8625,48.3021],[16.225,68.8625,22.4718],[16.2104,68.8667,0.0],[16.1979,68.8667,0.0],[16.1901,68.8641,2.2142],[16.187,68.8609,17.1022],[16.1797,68.8599,0.0],[16.1766,68.8547,8.0967],[16.1693,68.8536,0.0],[16.1682,68.8505,13.4395],[16.1646,68.8479,24.003],[16.1563,68.8479,7.8691],[16.1521,68.8458,50.1517],[16.1234,68.8453,0.0],[16.1203,68.8422,0.0],[16.1151,68.8411,0.0],[16.1182,68.838,6.2118],[16.1141,68.8318,11.6296],[16.1068,68.8307,0.0],[16.1036,68.8276,0.0],[16.0958,68.825,0.0],[16.0875,68.825,0.0],[16.0859,68.8234,0.0],[16.0891,68.8224,5.2783],[16.088,68.8193,0.0],[16.0911,68.8182,13.8828],[16.0901,68.813,0.0],[16.0974,68.8099,17.5348],[16.0964,68.8068,0.0],[16.1036,68.8037,0.0],[16.1026,68.7984,0.0],[16.1099,68.7953,0.0],[16.1089,68.7922,0.0],[16.112,68.7911,0.0],[16.1109,68.788,0.0],[16.1234,68.7818,0.0],[16.1583,68.7771,0.0],[16.175,68.7688,0.0],[16.2021,68.7667,2.525],[16.2062,68.7646,0.0],[16.2167,68.7646,20.5513],[16.225,68.7604,0.0],[16.2417,68.7583,0.0],[16.2516,68.7536,2.7372],[16.2495,68.7505,33.4952],[16.2443,68.7495,7.5712],[16.2422,68.7464,0.0],[16.25,68.7458,0.0],[16.2542,68.7438,0.0],[16.2646,68.7438,12.478],[16.2661,68.7432,0.0],[16.2661,68.7401,12.5972],[16.2563,68.7375,35.595],[16.2354,68.7375,0.0],[16.2313,68.7354,34.4935],[16.2083,68.7354,13.4506],[16.2021,68.7375,0.0],[16.1896,68.7333,3.6387],[16.1604,68.7333,20.0893],[16.1458,68.7375,0.0],[16.1188,68.7396,5.4035],[16.1146,68.7417,0.0],[16.1021,68.7417,46.4363],[16.0953,68.7453,0.0],[16.0854,68.7479,13.7042],[16.0771,68.7479,12.0054],[16.0667,68.7438,4.2328],[16.0547,68.7432,0.0],[16.0578,68.7401,0.0],[16.0526,68.7391,0.0],[16.0484,68.7328,0.0],[16.0516,68.7307,5.9162],[16.0505,68.7276,0.0],[16.0536,68.7266,12.5268],[16.0484,68.7182,0.0],[16.0516,68.7161,0.0],[16.0516,68.713,4.2091],[16.0458,68.7063,0.0],[16.0495,68.7026,0.0],[16.0453,68.6964,45.7242],[16.038,68.6953,3.6918],[16.0333,68.6917,15.5033],[16.0234,68.6911,0.0],[16.0214,68.6891,0.0],[16.0214,68.6859,0.0],[16.0286,68.6828,0.0],[16.0276,68.6797,0.0],[16.0333,68.6771,0.0],[16.0417,68.6792,1.2378],[16.0458,68.6771,0.0],[16.0562,68.6771,17.5563],[16.0604,68.675,0.0],[16.0682,68.6745,0.0],[16.0766,68.6703,0.0],[16.0734,68.663,0.0],[16.0766,68.6609,0.0],[16.0734,68.6568,0.0],[16.0911,68.6495,6.4195],[16.088,68.6443,0.0],[16.0911,68.6422,40.8081],[16.0859,68.6412,0.0],[16.0812,68.6375,0.0],[16.0547,68.638,0.0],[16.0562,68.6396,0.0],[16.062,68.6401,0.0],[16.0641,68.6453,0.0],[16.0609,68.6474,30.1228],[16.0661,68.6547,0.0],[16.063,68.6568,0.0],[16.0641,68.6599,0.0],[16.0526,68.6651,0.0],[16.0578,68.6682,0.0],[16.0521,68.6708,0.0],[16.0229,68.6708,35.7104],[16.0083,68.675,0.0],[15.9958,68.675,0.0],[15.9911,68.6713,19.4933],[15.9859,68.6703,24.9978],[15.9828,68.6672,30.8421],[15.9729,68.6667,0.0],[15.9682,68.663,15.2554],[15.962,68.6609,5.9062],[15.9339,68.6536,0.0],[15.9292,68.6479,92.201],[15.9188,68.6479,0.0],[15.9021,68.6417,64.8511],[15.8859,68.6412,0.0],[15.8839,68.6381,0.0],[15.8917,68.6375,11.6659],[15.8932,68.6359,0.0],[15.8833,68.6333,47.5515],[15.8771,68.6333,55.3883],[15.8708,68.6354,5.1054],[15.8667,68.6333,39.5642],[15.8542,68.6333,0.0],[15.8458,68.6375,0.0],[15.825,68.6354,0.0],[15.8203,68.6318,19.9298],[15.8151,68.6307,0.0],[15.813,68.6276,0.0],[15.8375,68.6271,0.0],[15.8432,68.6245,107.107],[15.8422,68.6214,279.6292],[15.8474,68.6203,418.8865],[15.8375,68.6167,604.8346],[15.8313,68.6188,253.3711],[15.8083,68.6188,0.0],[15.8047,68.6162,0.0],[15.812,68.612,0.0],[15.8109,68.6088,0.0],[15.8182,68.6057,0.0],[15.8193,68.6026,0.0],[15.8224,68.6016,0.0],[15.8203,68.5984,0.0],[15.8151,68.5974,0.0],[15.813,68.5943,0.0],[15.8203,68.5911,3.3393],[15.8188,68.5875,0.0],[15.8224,68.5839,2.2798],[15.8193,68.5797,26.2624],[15.8224,68.5787,0.0],[15.8214,68.5734,0.0],[15.8245,68.5724,0.0],[15.8234,68.5693,0.0],[15.826599999999999,68.5672,0.0],[15.8245,68.5651,0.0],[15.8193,68.5641,0.0],[15.8161,68.5609,0.0],[15.8083,68.5583,6.8881],[15.7797,68.5557,0.0],[15.7682,68.5484,23.2684],[15.7547,68.5453,0.0],[15.7474,68.5359,0.0],[15.7396,68.5333,0.0],[15.7271,68.5333,0.0],[15.7255,68.5339,0.0],[15.7255,68.537,0.0],[15.7297,68.5411,0.0],[15.7411,68.5422,0.0],[15.7484,68.5516,30.8763],[15.7536,68.5526,0.0],[15.7505,68.5547,0.0],[15.7526,68.5599,2.467],[15.7729,68.5583,0.0],[15.7771,68.5604,0.0],[15.7875,68.5604,0.0],[15.7917,68.5625,0.0],[15.8016,68.563,0.0],[15.8036,68.5682,0.0],[15.8005,68.5693,0.0],[15.8016,68.5724,0.0],[15.7984,68.5734,0.0],[15.7995,68.5766,0.0],[15.7943,68.5787,1.4611],[15.8016,68.5797,0.0],[15.8036,68.5828,0.0],[15.8005,68.5839,0.0],[15.7995,68.587,0.0],[15.7922,68.5901,0.0],[15.7932,68.5932,0.0],[15.7901,68.5953,0.0],[15.7953,68.5964,0.0],[15.7922,68.5984,0.0],[15.7932,68.6016,0.0],[15.7859,68.6047,1.0981],[15.787,68.6078,0.0],[15.7797,68.6109,0.0],[15.7786,68.6141,0.0],[15.7693,68.6151,0.0],[15.7708,68.6167,0.0],[15.7766,68.6172,0.0],[15.7786,68.6193,0.0],[15.7786,68.6224,0.0],[15.7755,68.6245,0.0],[15.7797,68.6307,4.3338],[15.7932,68.6339,0.0],[15.8047,68.6412,0.0],[15.8146,68.6438,26.3644],[15.8208,68.6417,0.0],[15.8271,68.6458,0.0],[15.8479,68.6479,0.0],[15.8521,68.65,0.0],[15.8896,68.65,0.0],[15.8932,68.6536,23.5481],[15.8901,68.6547,9.0422],[15.8911,68.6578,0.0],[15.8859,68.6599,0.0],[15.8932,68.6609,0.0],[15.8979,68.6646,0.0],[15.9125,68.6646,0.0],[15.9203,68.6672,0.0],[15.9224,68.6703,1.9529],[15.9193,68.6724,0.0],[15.9245,68.6734,0.0],[15.9297,68.6787,0.0],[15.9495,68.6839,0.0],[15.9526,68.6891,5.242],[15.9661,68.6922,0.0],[15.9776,68.7057,10.3271],[15.9875,68.7063,0.0],[15.9911,68.7089,0.0],[15.9932,68.7141,0.0],[15.9901,68.7161,18.239],[15.9979,68.7271,0.0],[15.9943,68.7307,45.1083],[16.0016,68.7318,0.0],[16.0036,68.7359,0.0],[16.0005,68.7391,0.0],[16.0042,68.7438,0.0],[16.0005,68.7474,7.5449],[16.0057,68.7557,9.3393],[16.0026,68.7578,14.2983],[16.0141,68.7745,0.0],[16.0068,68.7797,14.3118],[16.0078,68.7828,0.0],[16.0005,68.7859,0.0],[16.0016,68.7891,0.0],[15.9938,68.7896,10.9918],[15.9896,68.7917,16.062],[15.9729,68.7917,19.4824],[15.9646,68.7958,0.0],[15.9583,68.7958,27.4758],[15.9521,68.7979,0.0],[15.9484,68.7953,0.0],[15.9391,68.7818,0.0],[15.9339,68.7807,0.0],[15.9286,68.7755,0.0],[15.9125,68.7708,10.6372],[15.9063,68.7729,0.0],[15.9021,68.7708,10.6617],[15.8859,68.7703,0.0],[15.8828,68.7672,0.0],[15.8755,68.7662,0.0],[15.8745,68.763,0.0],[15.8526,68.7578,0.0],[15.8516,68.7547,3.3327],[15.838,68.7536,0.0],[15.8411,68.7516,0.0],[15.8411,68.7484,0.0],[15.837,68.7443,0.0],[15.8292,68.7417,3.4311],[15.8063,68.7396,0.0],[15.7958,68.7354,21.3977],[15.7818,68.7359,0.0],[15.7901,68.7412,0.0],[15.7979,68.7438,2.548],[15.8021,68.7438,0.0],[15.8063,68.7458,3.7093],[15.8146,68.7458,0.0],[15.8224,68.7484,0.0],[15.8292,68.7562,0.0],[15.8255,68.7599,0.0],[15.837,68.7609,0.0],[15.8464,68.7724,1.0659],[15.8625,68.7729,0.0],[15.8661,68.7755,0.0],[15.8672,68.7786,6.9119],[15.8745,68.7797,0.0],[15.8776,68.7828,0.0],[15.8828,68.7839,0.0],[15.8953,68.8005,0.0],[15.8922,68.8026,0.0],[15.8922,68.8057,0.0],[15.8943,68.8078,0.0],[15.9016,68.8089,0.0],[15.9016,68.812,0.0],[15.8984,68.8141,0.0],[15.9078,68.8255,0.0],[15.9042,68.8292,0.0],[15.9099,68.838,0.0],[15.9068,68.8411,6.6933],[15.9109,68.8453,2.6259],[15.9161,68.8464,0.0],[15.9214,68.8536,6.9623],[15.9286,68.8547,0.0],[15.9286,68.8578,0.0],[15.9255,68.8599,9.7814],[15.9318,68.8662,0.0],[15.9453,68.8714,0.0],[15.9474,68.8734,0.0],[15.9443,68.8755,12.8788],[15.9464,68.8807,31.4861],[15.9536,68.8818,0.0],[15.9599,68.8901,0.0],[15.9568,68.8922,0.0],[15.9557,68.8953,5.1798],[15.9349,68.9057,0.0],[15.9271,68.9063,0.0],[15.9172,68.9109,14.6893],[15.9182,68.9141,0.0],[15.9151,68.9151,7.5702],[15.9161,68.9203,0.0],[15.913,68.9213,3.3739],[15.9141,68.9245,0.0],[15.9109,68.9255,9.9419],[15.912,68.9307,0.0],[15.9089,68.9318,10.5549],[15.9099,68.9349,0.0],[15.9068,68.937,11.9688],[15.912,68.938,0.0],[15.9182,68.9443,0.0],[15.913,68.9474,1.3051],[15.9182,68.9537,0.0],[15.9151,68.9547,0.293],[15.9141,68.9578,0.0],[15.9068,68.9609,4.919],[15.9078,68.9641,0.0],[15.8917,68.9688,0.0],[15.8542,68.9688,0.0],[15.8566,68.9576,535.4371],[15.8691,68.9579,447.4536],[15.8699,68.9534,475.8404],[15.8575,68.9531,510.5782],[15.8583,68.9486,671.0754],[15.8459,68.9483,658.764],[15.8475,68.9394,597.2271],[15.8351,68.9391,657.6614],[15.8368,68.9301,600.7054],[15.8243,68.9298,423.8731],[15.8277,68.9118,146.1373],[15.8401,68.9121,483.8309],[15.8451,68.8851,407.6703],[15.8327,68.8848,214.2432],[15.8344,68.8758,313.8687],[15.822,68.8756,293.1933],[15.8236,68.8666,539.2357],[15.8113,68.8663,535.9547],[15.8129,68.8573,527.3497],[15.8253,68.8576,536.5051],[15.8287,68.8396,554.5693],[15.8163,68.8393,546.0446],[15.8196,68.8213,607.8577],[15.8073,68.821,522.9991],[15.8081,68.8166,566.3403],[15.7957,68.8163,366.8895],[15.7966,68.8118,202.5833],[15.7718,68.8112,326.1341],[15.7727,68.8067,480.7481],[15.7603,68.8064,576.1558],[15.762,68.7974,377.8416],[15.7744,68.7977,733.7063],[15.7777,68.7797,770.5364],[15.7654,68.7794,417.1285],[15.7662,68.7749,381.048],[15.7539,68.7746,412.5787],[15.7547,68.7701,516.2388],[15.7424,68.7698,364.7523]]],
[[[16.6714,68.7286,0.0],[16.6724,68.7307,0.0],[16.6646,68.7312,20.2886],[16.6589,68.7338,5.796],[16.6599,68.737,0.0],[16.6583,68.7375,6.0461],[16.6437,68.7375,0.0],[16.6401,68.7349,0.0],[16.6391,68.7318,25.6597],[16.6318,68.7307,0.0],[16.6349,68.7286,9.9735],[16.6359,68.7255,16.7539],[16.65,68.7188,0.0],[16.6661,68.7214,0.0],[16.6714,68.7286,0.0]]],
[[[16.6667,68.75,9.3528],[16.663,68.7484,0.0],[16.6708,68.7458,0.0],[16.6766,68.7516,0.0],[16.6729,68.7521,0.0],[16.6667,68.75,9.3528]]],
[[[16.0833,68.7792,126.7315],[16.0818,68.7797,87.4874],[16.0828,68.7828,0.0],[16.0755,68.7859,34.6359],[16.0766,68.7891,0.0],[16.0667,68.7896,0.0],[16.063,68.7859,0.0],[16.0682,68.7839,12.6503],[16.0661,68.7818,26.6468],[16.0589,68.7807,0.0],[16.0568,68.7755,0.0],[16.0667,68.7708,0.0],[16.0745,68.7703,6.4072],[16.0734,68.7672,0.0],[16.0828,68.7662,22.3332],[16.0818,68.763,0.0],[16.0911,68.762,5.4325],[16.0901,68.7589,0.0],[16.0958,68.7562,0.0],[16.1229,68.7542,3.2342],[16.1271,68.7521,0.0],[16.1349,68.7516,4.7076],[16.1417,68.7479,0.0],[16.1542,68.7479,0.0],[16.1583,68.7458,0.0],[16.1708,68.7458,0.0],[16.1786,68.7484,0.0],[16.1672,68.7547,0.7799],[16.1682,68.7578,0.0],[16.1667,68.7583,0.0],[16.1604,68.7583,2.4835],[16.1521,68.7625,0.0],[16.1292,68.7625,55.4556],[16.1276,68.763,20.0512],[16.1286,68.7662,0.0],[16.1245,68.7682,0.0],[16.1104,68.7688,102.9326],[16.1021,68.7729,90.5325],[16.0917,68.7729,239.2452],[16.0896,68.775,116.5851],[16.0911,68.7786,0.0],[16.0833,68.7792,126.7315]]],
[[[16.6078,68.7755,0.0],[16.6068,68.7734,0.0],[16.6099,68.7724,35.185],[16.6125,68.7688,0.0],[16.6203,68.7766,0.0],[16.6125,68.7792,0.0],[16.6078,68.7755,0.0]]],
[[[15.9609,68.8255,2.7478],[15.9641,68.8255,12.3353],[15.9641,68.8266,8.7996],[15.9609,68.8266,0.0],[15.9609,68.8255,2.7478]]],
[[[16.625,68.8292,5.0],[16.6193,68.8287,0.0],[16.6172,68.8255,0.0],[16.6286,68.8255,0.0],[16.6286,68.8287,3.5513],[16.625,68.8292,5.0]]],
[[[16.775,68.7229,3.7751],[16.7766,68.7245,0.0],[16.7714,68.7245,0.0],[16.7714,68.7234,3.7321],[16.775,68.7229,3.7751]]],
[[[17.0714,68.8391,0.0],[17.0724,68.8411,2.3198],[17.063,68.8422,0.0],[17.0505,68.8484,0.0],[17.0521,68.8521,0.0],[17.0484,68.8547,0.0],[17.0495,68.8578,0.0],[17.0464,68.8588,0.0],[17.0474,68.862,0.0],[17.0391,68.8662,0.0],[17.025,68.8667,0.0],[17.0203,68.863,3.1771],[17.013,68.862,0.0],[17.012,68.8588,2.4306],[17.0047,68.8578,0.0],[17.0026,68.8557,0.0],[17.0057,68.8536,0.0],[17.0057,68.8505,2.421],[16.9938,68.85,0.0],[16.9901,68.8474,0.0],[16.9891,68.8443,13.5077],[16.9755,68.8411,0.0],[16.9682,68.8339,0.0],[16.963,68.8328,0.0],[16.9578,68.8255,18.3212],[16.9505,68.8245,0.0],[16.9464,68.8203,0.0],[16.9495,68.8172,0.0],[16.9443,68.8161,0.0],[16.9396,68.8104,0.0],[16.9432,68.8068,63.7453],[16.9359,68.8057,0.0],[16.9286,68.7963,30.809],[16.9234,68.7953,0.0],[16.9193,68.7911,0.0],[16.9224,68.7891,3.6175],[16.9193,68.7828,0.0],[16.9224,68.7807,13.0761],[16.9193,68.7766,0.0],[16.9224,68.7745,111.725],[16.9203,68.7693,390.8109],[16.9167,68.7688,427.6441],[16.9125,68.7708,353.1036],[16.8875,68.7708,319.3181],[16.8828,68.7672,525.3076],[16.875,68.7667,256.8037],[16.8734,68.7672,197.0395],[16.8745,68.7703,64.7528],[16.8729,68.7708,38.3401],[16.8568,68.7703,0.0],[16.8568,68.7672,0.0],[16.8599,68.7651,0.0],[16.8568,68.7609,0.0],[16.8599,68.7599,0.0],[16.8583,68.7562,0.0],[16.862,68.7526,132.5497],[16.8599,68.7505,69.7049],[16.8464,68.7474,0.0],[16.8443,68.7443,0.0],[16.8474,68.7422,8.0428],[16.8432,68.7359,6.9224],[16.8359,68.7349,0.0],[16.8328,68.7318,0.0],[16.8276,68.7307,0.0],[16.8255,68.7276,0.0],[16.8333,68.7271,3.1551],[16.8375,68.725,0.0],[16.8438,68.725,0.0],[16.8479,68.7271,18.4724],[16.8563,68.725,0.0],[16.8604,68.7271,18.6961],[16.8688,68.7271,24.2462],[16.8729,68.725,0.0],[16.8792,68.725,0.0],[16.8854,68.7271,111.7675],[16.8896,68.725,0.0],[16.8958,68.725,0.0],[16.9146,68.7312,0.0],[16.9292,68.7312,0.0],[16.9333,68.7333,0.0],[16.9438,68.7333,0.0],[16.9479,68.7354,0.0],[16.9688,68.7375,0.0],[16.9813,68.7417,11.5823],[17.0,68.7417,0.0],[17.0063,68.7438,52.2187],[17.0125,68.7417,0.0],[17.0167,68.7438,0.0],[17.0375,68.7438,0.0],[17.0417,68.7458,32.8392],[17.0479,68.7438,0.0],[17.0771,68.7438,0.0],[17.0812,68.7458,0.0],[17.0958,68.7458,0.0],[17.1,68.7479,0.0],[17.1083,68.7458,0.0],[17.1188,68.75,15.1132],[17.1333,68.75,0.0],[17.1375,68.7521,0.0],[17.1417,68.7521,0.0],[17.1453,68.7547,0.0],[17.1464,68.7578,0.0],[17.1583,68.7583,0.0],[17.1688,68.7625,0.0],[17.1745,68.763,0.0],[17.1776,68.7682,0.0],[17.1849,68.7693,0.0],[17.187,68.7714,0.0],[17.1797,68.7786,0.0],[17.187,68.7797,0.0],[17.1891,68.7828,0.0],[17.1797,68.7839,4.0692],[17.1807,68.787,0.0],[17.1776,68.788,0.0],[17.1766,68.7911,0.0],[17.1667,68.7937,0.0],[17.1604,68.7917,0.0],[17.1521,68.7917,0.0],[17.1505,68.7922,0.0],[17.1516,68.7953,0.0],[17.138,68.7963,0.0],[17.137,68.7995,0.0],[17.1313,68.8021,0.0],[17.1146,68.8021,0.0],[17.113,68.8026,0.0],[17.1141,68.8057,0.0],[17.1125,68.8063,0.0],[17.0984,68.8068,17.8871],[17.0995,68.8099,0.0],[17.0922,68.813,8.0458],[17.0932,68.8161,2.6525],[17.0839,68.8172,0.0],[17.0849,68.8203,0.0],[17.0818,68.8224,7.1969],[17.0849,68.8287,0.0],[17.0776,68.8318,8.0655],[17.0786,68.8349,0.0],[17.0714,68.8391,0.0]]],
[[[16.7062,68.8313,0.0],[16.7078,68.8328,0.0],[16.7026,68.8328,0.0],[16.7026,68.8318,0.0],[16.7062,68.8313,0.0]]],
[[[17.2766,68.9255,0.0],[17.2646,68.9271,5.8289],[17.2563,68.9313,0.0],[17.25,68.9292,14.5611],[17.2292,68.9292,0.0],[17.2167,68.925,122.3362],[17.2068,68.9245,8.5381],[17.2036,68.9213,39.1547],[17.1984,68.9203,0.0],[17.1932,68.9151,0.0],[17.1896,68.9146,0.0],[17.1667,68.9208,0.0],[17.1437,68.9208,17.4127],[17.1396,68.9229,0.0],[17.1318,68.9234,2.5807],[17.125,68.9271,3.1168],[17.1167,68.9271,0.0],[17.113,68.9224,0.0],[17.1161,68.9193,8.3298],[17.113,68.9151,0.0],[17.1161,68.913,0.0],[17.1042,68.9104,0.0],[17.0964,68.9068,0.0],[17.1036,68.9036,7.3604],[17.1005,68.8984,0.0],[17.1146,68.8979,40.865],[17.1161,68.8974,65.0125],[17.1151,68.8943,0.0],[17.1245,68.8932,78.6312],[17.1234,68.8901,0.0],[17.1266,68.8891,6.2051],[17.1255,68.8859,0.0],[17.1286,68.8849,25.2461],[17.1276,68.8818,0.0],[17.1307,68.8807,0.0],[17.1297,68.8776,0.0],[17.137,68.8724,0.0],[17.1339,68.8672,0.0],[17.1432,68.8662,0.0],[17.1599,68.8578,13.6537],[17.1589,68.8547,0.0],[17.1661,68.8516,0.0],[17.1651,68.8484,0.0],[17.1724,68.8432,0.0],[17.1714,68.8401,0.0],[17.1828,68.8349,0.0],[17.1766,68.8276,0.0],[17.1714,68.8266,0.0],[17.1745,68.8245,4.98],[17.1734,68.8214,0.0],[17.1807,68.8182,20.6546],[17.1797,68.8151,0.0],[17.1828,68.8141,10.0442],[17.1828,68.8109,0.0],[17.1797,68.8068,0.0],[17.1854,68.8042,0.0],[17.1931,68.8037,0.0],[17.2,68.8,0.0],[17.2062,68.8,0.0],[17.2146,68.7958,0.0],[17.2375,68.7958,0.0],[17.2417,68.7937,0.0],[17.2458,68.7958,0.0],[17.2604,68.7958,0.0],[17.2646,68.7979,0.0],[17.275,68.7979,0.0],[17.2828,68.8005,0.0],[17.2859,68.8037,0.0],[17.2958,68.8063,0.0],[17.3042,68.8063,0.0],[17.3089,68.8099,0.0],[17.337,68.8172,0.0],[17.3432,68.8193,0.0],[17.3479,68.8229,0.0],[17.3682,68.8276,10.5958],[17.3745,68.8297,0.0],[17.3792,68.8333,0.0],[17.3833,68.8333,0.0],[17.4083,68.8417,0.0],[17.4125,68.8417,0.0],[17.4172,68.8453,0.0],[17.425,68.8479,0.0],[17.4292,68.8479,0.0],[17.4333,68.85,0.0],[17.4417,68.85,0.0],[17.4578,68.8547,0.0],[17.4641,68.8609,0.0],[17.4651,68.8641,10.1803],[17.4807,68.8672,0.0],[17.4818,68.8703,0.0],[17.487,68.8755,0.0],[17.4813,68.8792,0.0],[17.4734,68.8797,15.5985],[17.4745,68.8828,0.0],[17.4729,68.8833,0.0],[17.4542,68.8833,236.5205],[17.45,68.8812,405.4336],[17.4417,68.8812,445.399],[17.4333,68.8854,437.0038],[17.4151,68.8859,401.7148],[17.4068,68.8912,417.6573],[17.4146,68.8917,94.2847],[17.4208,68.8896,65.5231],[17.4224,68.8912,39.3873],[17.4125,68.8958,65.561],[17.4047,68.8964,191.8011],[17.4057,68.8995,70.8106],[17.3984,68.9026,183.0564],[17.3995,68.9057,51.648],[17.3839,68.913,275.2953],[17.3849,68.9161,30.0541],[17.3833,68.9167,89.8322],[17.363,68.9161,330.1496],[17.3609,68.913,425.861],[17.3682,68.9089,517.3973],[17.3583,68.9063,914.2866],[17.3292,68.9146,507.4348],[17.3125,68.9146,540.0005],[17.3083,68.9167,454.99],[17.2943,68.9172,437.4765],[17.2979,68.9208,250.8697],[17.3063,68.9208,203.7502],[17.3208,68.9167,323.9012],[17.3266,68.9224,44.0929],[17.3208,68.925,0.0],[17.2979,68.925,77.7275],[17.2938,68.9271,0.0],[17.2792,68.9271,0.0],[17.2766,68.9255,0.0]]],
[[[17.6688,68.7792,65.4234],[17.6703,68.7807,4.045],[17.6651,68.7807,0.0],[17.6651,68.7797,18.6369],[17.6688,68.7792,65.4234]]],
[[[17.4875,68.8146,58.9279],[17.4911,68.8161,5.7063],[17.4833,68.8167,11.4285],[17.4792,68.8187,0.0],[17.4714,68.8182,32.6527],[17.4813,68.8146,115.3835],[17.4875,68.8146,58.9279]]],
[[[17.7599,68.9016,0.0],[17.7401,68.9036,0.0],[17.7432,68.9016,0.0],[17.7422,68.8984,0.0],[17.7479,68.8958,0.0],[17.7557,68.8953,36.9015],[17.7553,68.892,0.0],[17.7625,68.8917,7.3745],[17.7667,68.8896,0.0],[17.7766,68.8901,0.0],[17.7651,68.8964,19.5845],[17.7641,68.8995,0.0],[17.7599,68.9016,0.0]]],
[[[17.7354,68.9,14.4511],[17.7271,68.9,0.0],[17.7255,68.8984,0.0],[17.737,68.8984,0.0],[17.7354,68.9,14.4511]]],
[[[17.675,68.9042,44.5924],[17.6714,68.9026,0.0],[17.6771,68.9,0.0],[17.6833,68.9,0.0],[17.687,68.9026,0.0],[17.6813,68.9063,0.0],[17.675,68.9042,44.5924]]],
[[[17.3563,68.9167,291.2594],[17.3578,68.9182,256.2691],[17.3526,68.9182,280.0967],[17.3526,68.9172,301.1902],[17.3563,68.9167,291.2594]]],
[[[17.3708,68.9229,0.0],[17.3625,68.9229,32.3879],[17.3609,68.9213,58.151],[17.3724,68.9213,16.5321],[17.3708,68.9229,0.0]]],
[[[17.5375,68.9396,742.3361],[17.5354,68.9417,880.6391],[17.5318,68.938,899.009],[17.5354,68.9375,730.0292],[17.5375,68.9396,742.3361]]],
[[[17.5229,68.9437,686.3481],[17.5245,68.9453,699.9221],[17.5193,68.9453,675.3071],[17.5193,68.9443,679.8595],[17.5229,68.9437,686.3481]]],
[[[17.537,68.9474,507.0252],[17.5411,68.9453,642.9863],[17.5401,68.9422,704.9983],[17.5438,68.9417,534.569],[17.5516,68.9443,525.1634],[17.5557,68.9495,379.8469],[17.5339,68.9495,483.4963],[17.537,68.9474,507.0252]]],
[[[15.9724,68.8359,0.0],[15.9693,68.8328,0.0],[15.9693,68.8297,2.0183],[15.9771,68.8292,0.0],[15.9818,68.8328,0.0],[15.9891,68.8339,0.0],[15.9953,68.8359,0.0],[15.9984,68.8391,0.0],[16.0036,68.8401,0.0],[16.0089,68.8474,1.6646],[16.0161,68.8484,0.0],[16.0193,68.8516,0.0],[16.0271,68.8542,0.0],[16.0328,68.8547,0.0],[16.0292,68.8583,0.0],[16.0297,68.8599,12.1346],[16.037,68.8609,0.0],[16.0333,68.8646,0.0],[16.0349,68.8682,15.9259],[16.0271,68.8688,0.0],[16.0229,68.8667,40.8864],[16.0187,68.8667,17.2125],[16.0141,68.863,21.9837],[16.0089,68.862,33.2966],[16.0036,68.8568,165.5935],[15.9938,68.8562,28.1491],[15.9891,68.8526,135.9837],[15.9693,68.8474,0.0],[15.9724,68.8453,18.7931],[15.9714,68.8422,0.0],[15.9744,68.8412,59.7775],[15.9745,68.8401,70.8116],[15.9693,68.8391,0.0],[15.9724,68.8359,0.0]]],
[[[16.5646,68.8604,64.0583],[16.5609,68.8599,23.3076],[16.5589,68.8547,0.0],[16.5667,68.8542,0.0],[16.5766,68.8568,0.0],[16.5786,68.8588,0.0],[16.5771,68.8604,4.3559],[16.5646,68.8604,64.0583]]],
[[[16.0625,68.8812,8.4042],[16.0568,68.8807,0.0],[16.0547,68.8776,0.0],[16.0661,68.8776,0.0],[16.0693,68.8828,4.884],[16.075,68.8833,0.0],[16.0766,68.8849,0.0],[16.0667,68.8854,3.7359],[16.0625,68.8812,8.4042]]],
[[[16.1708,68.8875,2.8516],[16.1724,68.8891,10.7408],[16.1672,68.8891,0.0],[16.1672,68.888,0.0],[16.1708,68.8875,2.8516]]],
[[[16.7203,68.8943,0.0],[16.7224,68.8974,0.0],[16.7146,68.8979,16.1204],[16.7104,68.9,0.0],[16.7042,68.8979,27.7974],[16.6833,68.8979,8.069],[16.6776,68.8912,0.0],[16.6807,68.888,18.0115],[16.6755,68.8859,0.0],[16.6854,68.8812,0.0],[16.6917,68.8812,0.0],[16.7078,68.8859,0.0],[16.713,68.8912,2.9523],[16.7182,68.8922,0.0],[16.7203,68.8943,0.0]]],
[[[16.2859,68.9005,35.5481],[16.287,68.9036,0.0],[16.2776,68.9047,96.9462],[16.2786,68.9078,3.769],[16.2714,68.9109,31.3808],[16.2714,68.9141,35.3331],[16.2745,68.9172,0.0],[16.2729,68.9187,0.0],[16.2589,68.9182,7.6137],[16.2521,68.9104,37.5376],[16.2557,68.9068,87.7545],[16.2422,68.9057,0.0],[16.2453,68.9036,5.3448],[16.2464,68.9005,20.1755],[16.2521,68.8979,36.4859],[16.2563,68.9,299.2378],[16.2646,68.9,252.0717],[16.2792,68.8958,243.4699],[16.2932,68.8964,3.2123],[16.2859,68.9005,35.5481]]],
[[[16.6172,68.9026,2.2226],[16.613,68.9047,8.6196],[16.6167,68.9104,0.0],[16.613,68.9141,9.7471],[16.6193,68.9203,0.0],[16.6391,68.9255,0.0],[16.6411,68.9287,0.0],[16.638,68.9307,21.8602],[16.6437,68.9313,0.0],[16.6453,68.9328,0.0],[16.6375,68.9333,0.0],[16.6318,68.9359,0.0],[16.6307,68.9391,0.0],[16.6188,68.9396,6.3678],[16.6089,68.9443,5.3432],[16.6109,68.9495,7.117],[16.6182,68.9505,0.0],[16.6151,68.9537,10.4824],[16.6182,68.9599,0.0],[16.6125,68.9625,6.5134],[16.6047,68.963,15.1303],[16.5938,68.9688,7.2955],[16.5812,68.9688,0.0],[16.5771,68.9667,25.6071],[16.5651,68.9661,0.0],[16.563,68.9609,0.0],[16.5661,68.9599,0.0],[16.5651,68.9568,0.0],[16.5682,68.9557,10.1276],[16.5693,68.9526,0.0],[16.5766,68.9495,8.0306],[16.5724,68.9443,6.5129],[16.5583,68.9437,45.6971],[16.5458,68.95,0.0],[16.5375,68.95,29.5234],[16.5359,68.9484,102.5808],[16.5391,68.9464,183.4345],[16.537,68.9422,380.2638],[16.525,68.9396,589.9388],[16.5234,68.9411,520.5874],[16.5286,68.9474,273.8434],[16.5234,68.9474,379.8699],[16.5187,68.9437,487.0603],[16.5063,68.9437,515.5847],[16.5047,68.9453,424.2654],[16.5099,68.9464,414.7051],[16.512,68.9495,280.1635],[16.4979,68.95,457.1236],[16.4917,68.9479,494.4901],[16.4901,68.9484,468.9693],[16.4911,68.9516,342.6932],[16.4896,68.9521,328.2216],[16.4833,68.95,535.2719],[16.4688,68.95,644.2288],[16.4578,68.9557,441.2467],[16.4479,68.9583,247.2158],[16.4354,68.9583,363.786],[16.4271,68.9625,165.1038],[16.4146,68.9625,582.7021],[16.4104,68.9646,596.3806],[16.3958,68.9667,604.0213],[16.3901,68.9703,305.322],[16.4036,68.9734,78.5315],[16.4036,68.9766,0.0],[16.3854,68.9854,16.3289],[16.3792,68.9854,73.4384],[16.3776,68.9838,85.0337],[16.3891,68.9786,159.979],[16.387,68.9755,299.4064],[16.3542,68.975,588.0707],[16.3526,68.9755,514.6977],[16.3536,68.9786,396.9854],[16.3479,68.9812,254.4639],[16.3229,68.9812,721.7432],[16.3167,68.9792,762.7977],[16.3083,68.9833,639.0538],[16.3021,68.9833,511.3063],[16.2875,68.9875,9.4045],[16.2776,68.9849,0.0],[16.2745,68.9818,15.9306],[16.2693,68.9807,0.0],[16.2526,68.9578,0.0],[16.2542,68.9563,0.7786],[16.2708,68.9563,3.4576],[16.2833,68.95,0.0],[16.2917,68.9521,14.5847],[16.2958,68.95,0.0],[16.3083,68.95,7.7322],[16.3208,68.9458,0.0],[16.3286,68.9453,0.0],[16.3396,68.9396,0.0],[16.3474,68.9391,0.0],[16.3516,68.937,0.0],[16.3505,68.9339,0.0],[16.3536,68.9328,1.643],[16.3547,68.9297,8.7264],[16.3578,68.9287,46.001],[16.3547,68.9234,0.0],[16.3661,68.9182,0.0],[16.3672,68.9151,0.0],[16.3755,68.9109,0.0],[16.3849,68.9099,39.9867],[16.3839,68.9068,0.0],[16.3917,68.9063,37.963],[16.4016,68.9036,0.0],[16.4083,68.9,0.0],[16.4161,68.8995,0.0],[16.4245,68.8953,0.0],[16.4255,68.8922,6.0549],[16.4312,68.8896,7.7948],[16.4583,68.8875,22.7863],[16.4708,68.8812,0.0],[16.5104,68.8812,2.6395],[16.525,68.8771,0.0],[16.5417,68.8771,2.1868],[16.5479,68.875,0.0],[16.5542,68.8771,41.2916],[16.5583,68.875,0.0],[16.5667,68.875,2.5384],[16.5708,68.8792,1.7022],[16.575,68.8792,0.0],[16.5792,68.8812,0.0],[16.5875,68.8812,0.0],[16.6,68.8854,1.976],[16.6083,68.8854,0.0],[16.6161,68.888,0.0],[16.6208,68.8917,5.8402],[16.6313,68.8917,0.0],[16.6417,68.8958,0.0],[16.6474,68.8964,0.0],[16.6375,68.9021,0.0],[16.6313,68.9,14.3668],[16.6229,68.9,27.7719],[16.6172,68.9026,2.2226]]],
[[[15.987,68.937,8.042],[15.9818,68.937,0.0],[15.9797,68.9339,0.0],[15.9849,68.9339,14.3808],[15.987,68.937,8.042]]],
[[[16.2333,68.9583,0.0],[16.2297,68.9568,0.0],[16.2354,68.9542,0.0],[16.2432,68.9547,11.8436],[16.2391,68.9578,1.3235],[16.2333,68.9583,0.0]]],
[[[16.5328,68.9537,8.2819],[16.5234,68.9547,11.4812],[16.5151,68.9589,0.0],[16.5161,68.962,0.0],[16.5104,68.9646,0.0],[16.4896,68.9625,0.0],[16.4839,68.9578,31.6988],[16.4854,68.9563,59.9015],[16.4979,68.9563,94.6804],[16.5021,68.9542,159.6551],[16.5083,68.9542,111.5364],[16.5125,68.9521,153.9988],[16.5313,68.9521,9.802],[16.5328,68.9537,8.2819]]],
[[[16.2375,68.9667,0.0],[16.2318,68.9609,3.8306],[16.2432,68.9609,0.0],[16.2432,68.9641,4.4751],[16.2375,68.9667,0.0]]],
[[[16.7208,68.875,33.2044],[16.7068,68.8755,0.0],[16.7083,68.8771,11.6757],[16.7182,68.8776,34.1714],[16.7151,68.8797,4.8693],[16.7161,68.8828,5.357],[16.7146,68.8833,10.9824],[16.7083,68.8812,18.3753],[16.6984,68.8807,0.0],[16.6953,68.8755,0.0],[16.6818,68.8745,0.0],[16.6776,68.8682,16.7755],[16.6807,68.8651,22.0295],[16.6776,68.8588,2.9665],[16.6813,68.8583,0.0],[16.6917,68.8625,0.0],[16.6958,68.8625,0.0],[16.7208,68.8708,0.0],[16.725,68.8708,0.0],[16.7286,68.8734,3.0647],[16.7271,68.875,16.016],[16.7208,68.875,33.2044]]],
[[[16.7208,68.9646,0.0],[16.7172,68.9651,4.2454],[16.7203,68.9724,0.0],[16.7062,68.9708,10.745],[16.7,68.9729,0.0],[16.6958,68.9708,8.5746],[16.6859,68.9703,10.0142],[16.6818,68.9661,0.0],[16.6849,68.9641,14.8007],[16.6833,68.9625,32.6013],[16.675,68.9625,0.0],[16.6708,68.9604,5.4005],[16.6625,68.9604,0.0],[16.6583,68.9583,0.0],[16.6479,68.9583,0.0],[16.6464,68.9568,0.0],[16.6495,68.9557,1.1233],[16.6484,68.9526,0.0],[16.6578,68.9516,0.0],[16.6526,68.9495,0.0],[16.6505,68.9464,0.0],[16.6563,68.9437,2.3129],[16.6688,68.9437,1.5574],[16.6745,68.9411,10.4936],[16.6724,68.938,16.2851],[16.6667,68.9375,0.0],[16.6651,68.9359,0.0],[16.6682,68.9349,4.8683],[16.6693,68.9318,21.2188],[16.6734,68.9297,8.8164],[16.6813,68.9292,0.0],[16.6974,68.9339,0.0],[16.7021,68.9375,12.7879],[16.7224,68.9422,0.0],[16.7234,68.9453,7.5373],[16.7391,68.9484,0.0],[16.7401,68.9516,3.1332],[16.762,68.9568,0.0],[16.7563,68.9604,0.0],[16.7422,68.9609,1.0762],[16.7432,68.9641,0.0],[16.7417,68.9646,0.0],[16.7208,68.9646,0.0]]],
[[[16.8542,69.0188,0.0],[16.8557,69.0203,0.0],[16.8505,69.0203,2.6788],[16.8505,69.0193,4.9524],[16.8542,69.0188,0.0]]],
[[[17.2479,69.0271,2.1515],[17.2422,69.0214,0.0],[17.2474,69.0214,5.865],[17.2516,69.0255,6.9946],[17.2479,69.0271,2.1515]]],
[[[16.2495,68.9724,5.6481],[16.2417,68.9729,2.5822],[16.2401,68.9714,6.9237],[16.2479,68.9708,12.7582],[16.2495,68.9724,5.6481]]],
[[[16.2208,68.9812,10.4954],[16.2172,68.9797,0.0],[16.2229,68.9771,0.0],[16.2292,68.9771,2.4609],[16.2328,68.9797,0.0],[16.2313,68.9812,3.0296],[16.2208,68.9812,10.4954]]],
[[[16.2339,68.987,4.6103],[16.2318,68.9838,9.693],[16.2375,68.9812,0.0],[16.2411,68.9818,0.0],[16.2411,68.9849,4.5622],[16.2339,68.987,4.6103]]],
[[[16.5696,69.0024,15.0935],[16.5703,69.0037,18.4802],[16.5688,69.0042,10.0375],[16.5651,69.0036,4.1855],[16.5667,69.0021,7.1282],[16.5696,69.0024,15.0935]]],
[[[16.5495,69.0214,0.0],[16.5557,69.0234,5.9699],[16.562,69.0307,0.0],[16.5521,69.0354,5.4024],[16.5083,69.0354,0.0],[16.5005,69.0328,1.5507],[16.5036,69.0297,0.0],[16.5,69.0271,0.0],[16.4875,69.0313,0.0],[16.4849,69.0276,0.0],[16.4792,69.0271,0.0],[16.4714,69.0234,0.0],[16.4917,69.0229,0.0],[16.4958,69.025,0.0],[16.5,69.0229,0.0],[16.5125,69.0229,0.0],[16.5141,69.0214,0.0],[16.5042,69.0208,0.0],[16.5,69.0188,9.8267],[16.4813,69.0188,0.0],[16.4771,69.0208,0.0],[16.4734,69.0203,0.0],[16.4766,69.0172,0.0],[16.4745,69.0151,13.273],[16.4693,69.0141,0.0],[16.4651,69.0099,0.0],[16.4682,69.0078,0.0],[16.4661,69.0047,20.1711],[16.4562,69.0042,0.0],[16.4464,69.0016,0.0],[16.4432,68.9964,34.8867],[16.4375,68.9958,0.0],[16.4359,68.9943,0.0],[16.4495,68.9912,3.8252],[16.4484,68.9859,0.0],[16.4604,68.9854,0.0],[16.4688,68.9812,0.0],[16.4771,68.9812,0.0],[16.4818,68.9849,0.0],[16.4917,68.9854,0.0],[16.4958,68.9875,2.7884],[16.5375,68.9875,73.3188],[16.5417,68.9854,0.0],[16.5495,68.9849,0.0],[16.5536,68.9828,1.5744],[16.5563,68.9792,0.0],[16.5766,68.9818,0.0],[16.5807,68.987,0.0],[16.5776,68.988,14.0347],[16.5786,68.9932,0.8269],[16.5714,68.9964,18.5202],[16.5724,68.9995,1.1215],[16.5521,69.0,0.0],[16.5479,68.9979,8.3482],[16.5396,68.9979,10.7555],[16.5297,69.0005,3.1243],[16.5297,69.0036,14.2957],[16.5349,69.0089,4.0541],[16.5359,69.012,9.2762],[16.5432,69.013,0.0],[16.5453,69.0151,0.0],[16.5453,69.0182,0.0],[16.5422,69.0203,0.0],[16.5495,69.0214,0.0]]],
[[[16.4536,69.0172,2.5918],[16.4526,69.0151,0.0],[16.4583,69.0125,0.0],[16.462,69.013,4.5143],[16.4646,69.0167,2.6676],[16.4625,69.0188,0.0],[16.4562,69.0188,0.0],[16.4536,69.0172,2.5918]]],
[[[16.3875,69.0125,0.0],[16.3818,69.0151,11.7357],[16.3828,69.0182,0.0],[16.3729,69.0229,7.7703],[16.3693,69.0224,0.0],[16.3693,69.0193,3.3863],[16.3766,69.0182,0.0],[16.3771,69.0167,0.0],[16.3766,69.0151,21.0851],[16.3708,69.0146,0.0],[16.3693,69.013,5.7441],[16.375,69.0104,0.0],[16.3911,69.0109,9.1789],[16.3875,69.0125,0.0]]],
[[[16.5141,69.0443,0.0],[16.5182,69.0495,0.0],[16.5104,69.0521,0.0],[16.4792,69.05,0.0],[16.4693,69.0474,0.0],[16.4688,69.0458,0.0],[16.4693,69.0443,0.0],[16.4766,69.0432,0.0],[16.4766,69.0401,0.0],[16.4646,69.0396,0.0],[16.4625,69.0375,0.9802],[16.4646,69.0354,0.0],[16.4688,69.0375,6.0957],[16.4896,69.0375,0.0],[16.4995,69.0401,3.9706],[16.5042,69.0437,0.2489],[16.5141,69.0443,0.0]]],
[[[16.875,69.0292,0.0],[16.8693,69.0286,1.2106],[16.8672,69.0255,0.0],[16.9,69.025,0.0],[16.9188,69.0313,6.9739],[16.9245,69.0318,0.0],[16.925,69.0333,0.0],[16.9203,69.037,0.0],[16.9125,69.0375,0.0],[16.8937,69.0313,0.0],[16.8833,69.0313,0.0],[16.8792,69.0292,0.0],[16.875,69.0292,0.0]]],
[[[17.2583,69.0687,10.3892],[17.2547,69.0682,0.0],[17.2526,69.063,0.0],[17.2578,69.063,5.7379],[17.2599,69.0672,8.3725],[17.2583,69.0687,10.3892]]],
[[[17.225,69.0771,0.0],[17.2167,69.0771,0.0],[17.2151,69.0755,0.0],[17.2266,69.0755,0.0],[17.225,69.0771,0.0]]],
[[[16.8708,69.1583,0.0],[16.863,69.1578,0.0],[16.863,69.1547,0.0],[16.8833,69.1542,0.0],[16.8911,69.1568,0.0],[16.8896,69.1583,13.4785],[16.8708,69.1583,0.0]]],
[[[16.5536,69.0568,0.0],[16.5484,69.0589,0.0],[16.5516,69.0641,0.0],[16.5484,69.0651,0.0],[16.5495,69.0682,1.0419],[16.5479,69.0687,0.0],[16.538,69.0682,0.0],[16.5453,69.0641,0.0],[16.5438,69.0625,0.5254],[16.5375,69.0625,0.0],[16.5333,69.0646,0.0],[16.5187,69.0646,0.0],[16.5109,69.062,1.3588],[16.5141,69.0589,0.0],[16.5109,69.0547,0.0],[16.5187,69.0542,35.4609],[16.5229,69.0521,11.1218],[16.5354,69.0521,17.0797],[16.5396,69.05,0.0],[16.5464,69.0557,0.0],[16.5536,69.0568,0.0]]],
[[[16.4891,69.0745,0.0],[16.4813,69.075,0.0],[16.4797,69.0734,0.0],[16.4875,69.0729,0.0],[16.4891,69.0745,0.0]]],
[[[16.5203,69.0755,0.0],[16.5224,69.0787,0.0],[16.513,69.0797,2.6677],[16.5141,69.0828,0.0],[16.5083,69.0854,0.0],[16.5,69.0854,0.0],[16.4901,69.0828,0.0],[16.488,69.0787,0.1295],[16.4896,69.0771,0.0],[16.4958,69.0771,1.3552],[16.5016,69.0745,6.0165],[16.5,69.0729,1.4623],[16.4943,69.0724,0.0],[16.5,69.0687,0.0],[16.5203,69.0693,3.0886],[16.5224,69.0724,0.0],[16.5193,69.0734,0.0],[16.5203,69.0755,0.0]]],
[[[16.6167,69.1604,9.4172],[16.6083,69.1604,0.0],[16.6068,69.1589,0.0],[16.6229,69.1583,0.0],[16.6266,69.162,0.0],[16.6229,69.1625,5.4907],[16.6167,69.1604,9.4172]]],
[[[18.0589,69.213,9.4126],[18.062,69.213,3.4967],[18.062,69.2141,18.944],[18.0589,69.2141,0.0],[18.0589,69.213,9.4126]]],
[[[18.0109,69.3411,6.3384],[18.0026,69.338,4.9469],[18.025,69.3375,0.0],[18.0328,69.3401,0.0],[18.0349,69.3432,0.0],[18.025,69.3438,0.0],[18.0208,69.3417,9.0118],[18.0109,69.3411,6.3384]]],
[[[17.5187,69.0042,176.9823],[17.5203,69.0057,99.0754],[17.5151,69.0057,21.8314],[17.5151,69.0047,48.4698],[17.5187,69.0042,176.9823]]],
[[[17.5505,69.0807,0.0],[17.5526,69.0828,0.0],[17.5625,69.0854,0.0],[17.5771,69.0854,0.0],[17.587,69.0911,0.0],[17.5839,69.0922,12.5581],[17.5849,69.0953,1.4802],[17.5812,69.0958,0.0],[17.5771,69.0938,8.534],[17.5625,69.0938,0.0],[17.5583,69.0917,49.8534],[17.5375,69.0917,0.0],[17.5328,69.088,56.5123],[17.5229,69.0875,45.1309],[17.5187,69.0854,95.2613],[17.5104,69.0854,31.3185],[17.5062,69.0875,0.0],[17.5,69.0854,28.419],[17.4938,69.0875,0.0],[17.4896,69.0854,126.2679],[17.4688,69.0854,55.612],[17.4646,69.0833,115.4329],[17.4562,69.0833,127.7976],[17.4521,69.0813,213.9984],[17.4417,69.0813,185.8788],[17.4375,69.0792,252.9254],[17.4229,69.0792,148.3304],[17.4104,69.075,136.5155],[17.4005,69.0745,0.0],[17.3984,69.0714,0.0],[17.4016,69.0693,57.9084],[17.3995,69.0672,145.0398],[17.3943,69.0661,40.0117],[17.3911,69.063,33.8573],[17.3839,69.062,0.0],[17.3896,69.0583,110.3834],[17.3974,69.0578,303.492],[17.3953,69.0547,388.3839],[17.3854,69.0542,145.8327],[17.3818,69.0516,34.8847],[17.3849,69.0484,241.0637],[17.3797,69.0474,70.5077],[17.3776,69.0443,65.8008],[17.3849,69.0401,406.2657],[17.3792,69.0396,201.9511],[17.3688,69.0354,268.1593],[17.3583,69.0354,68.879],[17.3505,69.0328,0.0],[17.3536,69.0307,40.5196],[17.3526,69.0276,0.0],[17.3557,69.0266,25.485],[17.3526,69.0214,0.0],[17.3557,69.0203,0.0],[17.3568,69.0172,0.0],[17.3641,69.0141,12.3306],[17.3568,69.0047,34.0548],[17.3708,69.0042,156.7495],[17.3724,69.0026,252.1236],[17.3625,69.0,330.2763],[17.3563,69.0021,196.4805],[17.3521,69.0,355.8617],[17.3417,69.0,0.0],[17.3401,68.9984,0.0],[17.3432,68.9974,10.7782],[17.3443,68.9943,0.0],[17.3516,68.9932,81.9525],[17.3526,68.9901,0.0],[17.3599,68.9891,0.0],[17.3667,68.9854,0.0],[17.3875,68.9875,0.0],[17.3922,68.9912,0.0],[17.4021,68.9938,26.9891],[17.4083,68.9917,0.0],[17.4182,68.9943,0.0],[17.4234,69.0016,26.7849],[17.437,69.0047,0.0],[17.4432,69.0109,0.0],[17.4401,69.0141,11.0662],[17.4453,69.0151,0.0],[17.4526,69.0224,6.7393],[17.4578,69.0234,0.0],[17.4651,69.0307,0.0],[17.4703,69.0318,0.0],[17.4755,69.037,0.0],[17.4896,69.0354,0.0],[17.4938,69.0375,3.7551],[17.5104,69.0375,0.0],[17.5146,69.0396,14.4223],[17.5245,69.0401,0.0],[17.538,69.0557,0.0],[17.5432,69.0568,0.0],[17.5484,69.062,0.0],[17.5536,69.063,0.0],[17.5557,69.0651,0.0],[17.5526,69.0682,24.7326],[17.5557,69.0724,0.0],[17.5484,69.0755,30.5957],[17.5505,69.0807,0.0]]],
[[[17.6172,69.088,5.4547],[17.6203,69.088,0.0],[17.6203,69.0891,0.0],[17.6172,69.0891,1.5731],[17.6172,69.088,5.4547]]],
[[[17.41,69.1444,18.8907],[17.4089,69.1422,4.7445],[17.4146,69.1396,4.2382],[17.4396,69.1396,4.6713],[17.4474,69.1422,0.0],[17.4495,69.1453,0.0],[17.4375,69.15,0.0],[17.4271,69.1458,12.9379],[17.4125,69.1458,0.0],[17.41,69.1444,18.8907]]],
[[[17.4604,69.1438,0.0],[17.462,69.1453,3.7833],[17.4568,69.1453,0.0],[17.4568,69.1443,0.0],[17.4604,69.1438,0.0]]],
[[[17.4688,69.1479,0.0],[17.4703,69.1495,5.0846],[17.4651,69.1495,0.0],[17.4651,69.1484,0.0],[17.4688,69.1479,0.0]]],
[[[17.4809,69.1611,0.0],[17.4953,69.1651,0.0],[17.4974,69.1682,0.0],[17.4896,69.1708,0.0],[17.4859,69.1682,0.0],[17.4849,69.1651,0.0],[17.4813,69.1646,24.3668],[17.475,69.1667,0.0],[17.4651,69.1641,3.623],[17.4646,69.1625,0.0],[17.4651,69.1609,0.0],[17.4708,69.1583,0.0],[17.4809,69.1611,0.0]]],
[[[17.8,69.1604,0.0],[17.8062,69.1625,8.361],[17.8146,69.1583,0.0],[17.8458,69.1583,0.0],[17.8583,69.1625,0.0],[17.8667,69.1625,0.0],[17.8708,69.1646,0.0],[17.875,69.1646,0.0],[17.8792,69.1667,3.4291],[17.8875,69.1667,0.0],[17.8917,69.1687,0.0],[17.9083,69.1687,0.0],[17.9146,69.1729,0.0],[17.9396,69.1729,0.0],[17.9438,69.175,3.3583],[17.9667,69.1771,0.0],[17.9714,69.1807,10.9195],[17.9813,69.1833,24.505],[17.9896,69.1833,0.0],[17.9943,69.187,0.0],[18.0016,69.188,0.0],[18.0099,69.1922,0.0],[18.0042,69.1958,6.8511],[17.9937,69.1958,37.323],[17.9854,69.2,0.0],[17.9708,69.2,0.0],[17.9604,69.1958,56.3175],[17.9542,69.1979,0.0],[17.9396,69.1979,0.0],[17.9333,69.1958,0.0],[17.9318,69.1974,14.5974],[17.9349,69.2016,0.0],[17.9234,69.2068,0.0],[17.9245,69.2099,0.0],[17.9214,69.2109,0.0],[17.9245,69.2161,0.0],[17.9208,69.2167,0.0],[17.9167,69.2146,33.1261],[17.9021,69.2146,13.0399],[17.8979,69.2167,0.0],[17.8875,69.2167,3.12],[17.8792,69.2208,0.0],[17.8714,69.2214,9.8237],[17.8672,69.2234,1.34],[17.8682,69.2266,0.0],[17.8604,69.2271,0.0],[17.8589,69.2286,0.0],[17.8661,69.2297,0.0],[17.8688,69.2333,0.0],[17.8896,69.2312,0.0],[17.8937,69.2333,0.0],[17.9,69.2333,0.0],[17.9063,69.2312,0.0],[17.9104,69.2333,0.0],[17.9313,69.2333,0.0],[17.9411,69.2359,0.0],[17.9443,69.2391,4.9517],[17.9578,69.2422,0.0],[17.9682,69.2547,0.0],[17.9667,69.2562,0.0],[17.9604,69.2562,17.6414],[17.9562,69.2583,0.0],[17.9422,69.2589,0.0],[17.9495,69.2682,0.0],[17.9464,69.2693,1.4982],[17.9474,69.2724,0.0],[17.9417,69.275,0.0],[17.9229,69.275,21.3555],[17.9167,69.2771,0.0],[17.9125,69.275,5.9571],[17.8964,69.2734,0.0],[17.9005,69.2807,0.0],[17.9104,69.2833,0.0],[17.9224,69.2839,0.0],[17.9245,69.2891,0.0],[17.9172,69.2922,27.5488],[17.9203,69.2974,0.0],[17.913,69.3005,4.2431],[17.9141,69.3037,0.0],[17.9,69.3042,0.0],[17.8958,69.3063,0.0],[17.888,69.3068,8.5747],[17.8911,69.312,0.0],[17.8833,69.3125,0.0],[17.8776,69.3161,0.0],[17.8896,69.3167,0.0],[17.8937,69.3187,0.0],[17.8979,69.3167,0.0],[17.9104,69.3167,3.1624],[17.9146,69.3146,0.0],[17.9245,69.3151,0.0],[17.913,69.3224,2.3531],[17.9151,69.3245,0.0],[17.9203,69.3255,0.0],[17.9286,69.3339,0.0],[17.9297,69.337,2.3019],[17.9396,69.3396,6.9068],[17.9583,69.3375,0.0],[17.963,69.3411,0.0],[17.9729,69.3438,3.5186],[17.9813,69.3438,0.0],[17.9854,69.3417,0.0],[18.0063,69.3479,0.0],[18.0125,69.3458,0.0],[18.0187,69.3458,0.0],[18.025,69.3479,0.0],[18.0313,69.3458,0.0],[18.0359,69.3495,0.0],[18.0438,69.3521,2.6585],[18.0521,69.3521,5.507],[18.0563,69.35,0.0],[18.0646,69.3521,3.6873],[18.0688,69.35,0.0],[18.0812,69.35,0.0],[18.0849,69.3526,0.0],[18.0818,69.3557,0.0],[18.0953,69.3588,0.0],[18.0974,69.3609,0.0],[18.0958,69.3625,0.0],[18.088,69.363,14.3747],[18.0812,69.3667,0.0],[18.075,69.3667,0.0],[18.0688,69.3646,0.0],[18.0646,69.3667,0.0],[18.0583,69.3667,11.9553],[18.0568,69.3672,12.7508],[18.0578,69.3703,0.0],[18.0547,69.3714,0.0],[18.062,69.3745,0.0],[18.0589,69.3755,0.0],[18.0599,69.3807,0.0],[18.0526,69.3849,0.0],[18.0682,69.388,0.0],[18.0682,69.3912,0.0],[18.0609,69.3922,0.0],[18.0604,69.3938,0.0],[18.0609,69.3953,0.0],[18.0667,69.3958,0.0],[18.0682,69.3974,0.0],[18.0589,69.3984,4.1836],[18.0505,69.4036,0.0],[18.0578,69.4047,0.0],[18.0609,69.4078,0.0],[18.0661,69.4089,0.0],[18.063,69.412,3.9021],[18.0672,69.4161,3.4569],[18.0745,69.4172,0.0],[18.0766,69.4193,0.0],[18.0828,69.4287,0.0],[18.0755,69.4318,0.0],[18.0766,69.4349,0.0],[18.0688,69.4354,36.0724],[18.0646,69.4375,6.2289],[18.0521,69.4375,25.4896],[18.0464,69.4401,0.0],[18.0474,69.4432,4.9569],[18.0417,69.4458,0.0],[18.0354,69.4437,54.1076],[18.0193,69.4432,0.0],[18.0016,69.4234,22.033],[17.9964,69.4224,0.0],[17.9922,69.4182,0.0],[17.9953,69.4151,3.9786],[17.9901,69.4089,0.0],[17.9979,69.4083,0.0],[17.9995,69.4068,0.0],[17.9917,69.4042,9.6158],[17.9833,69.4042,24.9166],[17.9792,69.4063,0.0],[17.9714,69.4068,0.0],[17.9646,69.4104,1.4697],[17.9568,69.4109,14.6027],[17.9578,69.4141,0.0],[17.9464,69.4193,15.3517],[17.9484,69.4224,7.3593],[17.962,69.4255,0.0],[17.9682,69.4318,0.0],[17.9651,69.4339,2.736],[17.9672,69.437,0.0],[17.975,69.4396,0.0],[17.9854,69.4396,0.0],[17.9932,69.4422,0.0],[18.0026,69.4516,0.0],[18.0099,69.4526,0.0],[18.0099,69.4557,0.0],[18.0068,69.4578,0.0],[18.0089,69.4599,0.0],[18.0161,69.4609,0.0],[18.0182,69.463,3.7701],[18.0151,69.4651,3.9913],[18.0161,69.4703,0.0],[18.013,69.4724,0.0],[18.0375,69.4729,0.0],[18.0401,69.4766,12.5593],[18.0542,69.4792,0.0],[18.0589,69.4828,0.0],[18.0641,69.4838,0.0],[18.0682,69.4891,0.0],[18.0604,69.4896,89.8362],[18.0563,69.4917,50.8574],[18.0438,69.4917,151.0867],[18.037,69.4953,156.6612],[18.0297,69.4964,172.6257],[18.0286,69.4995,95.6997],[18.0214,69.5005,142.2662],[18.0203,69.5036,57.1449],[18.0161,69.5057,57.8094],[18.0089,69.5068,43.3339],[18.0078,69.5099,8.4591],[17.9896,69.5104,209.2794],[17.988,69.5109,189.7956],[17.9891,69.5141,41.0585],[17.9849,69.5162,72.474],[17.9813,69.5167,46.5165],[17.975,69.5146,175.0902],[17.9604,69.5208,4.2427],[17.9589,69.5193,0.0],[17.962,69.5182,30.3208],[17.9604,69.5167,0.0],[17.9443,69.5162,3.54],[17.938,69.5099,0.0],[17.9411,69.5068,186.6998],[17.9339,69.5057,0.0],[17.9339,69.5026,13.477],[17.937,69.5005,173.7295],[17.9328,69.4964,305.1274],[17.9042,69.4958,13.016],[17.9026,69.4943,0.0],[17.9057,69.4922,13.4898],[17.8995,69.4859,26.9407],[17.8859,69.4828,15.5807],[17.8839,69.4797,0.0],[17.8911,69.4766,50.9677],[17.888,69.4714,0.0],[17.8932,69.4703,0.0],[17.8974,69.4672,42.3302],[17.8828,69.4505,0.0],[17.8583,69.4479,8.9963],[17.8536,69.4443,104.8449],[17.85,69.4437,164.3293],[17.8443,69.4464,22.7432],[17.8453,69.4495,0.0],[17.837,69.4537,0.0],[17.8188,69.4563,0.0],[17.8172,69.4578,0.0],[17.8208,69.4604,0.0],[17.8354,69.4604,36.6088],[17.8396,69.4583,0.0],[17.8464,69.4641,4.5526],[17.8536,69.4651,0.0],[17.8557,69.4672,0.0],[17.8578,69.4724,0.0],[17.8505,69.4755,4.9749],[17.8516,69.4786,0.0],[17.8484,69.4797,0.0],[17.8495,69.4828,0.0],[17.8464,69.4838,0.0],[17.8484,69.4891,17.9561],[17.8526,69.4932,12.5839],[17.8682,69.4964,0.0],[17.8708,69.5,0.0],[17.8813,69.5,0.0],[17.8854,69.5021,16.1187],[17.8917,69.5,0.0],[17.8953,69.5005,0.0],[17.8964,69.5036,0.0],[17.9036,69.5047,0.0],[17.9057,69.5068,0.0],[17.9026,69.5099,1.6913],[17.9068,69.5141,10.1402],[17.9203,69.5172,0.0],[17.9224,69.5193,0.0],[17.9193,69.5224,9.6774],[17.9224,69.5266,0.0],[17.913,69.5297,0.0],[17.9141,69.5328,0.0],[17.9109,69.5349,7.5892],[17.9172,69.5411,0.0],[17.9224,69.5422,0.0],[17.9193,69.5453,39.8706],[17.9224,69.5495,0.0],[17.9109,69.5547,9.4336],[17.912,69.5578,0.0],[17.9026,69.5589,11.1764],[17.9036,69.562,0.0],[17.8922,69.5609,24.0915],[17.8953,69.5651,0.0],[17.8922,69.5672,14.9229],[17.8932,69.5724,0.0],[17.8807,69.5787,15.5053],[17.8625,69.5813,0.0],[17.8583,69.5792,104.2152],[17.8464,69.5787,2.9914],[17.8479,69.5771,0.0],[17.8557,69.5766,52.7564],[17.8484,69.5734,0.0],[17.8557,69.5703,0.0],[17.8568,69.5672,0.0],[17.8599,69.5661,0.0],[17.8583,69.5646,0.0],[17.8484,69.5651,8.3059],[17.8333,69.5729,8.866],[17.8214,69.5703,143.6576],[17.8245,69.5682,198.011],[17.8234,69.563,398.5879],[17.8307,69.5599,420.2354],[17.8292,69.5583,554.0],[17.8146,69.5646,99.2159],[17.8026,69.562,0.0],[17.7995,69.5589,0.0],[17.7943,69.5578,3.5854],[17.7901,69.5537,0.0],[17.7932,69.5505,0.0],[17.7901,69.5463,0.0],[17.7932,69.5453,0.0],[17.7922,69.5401,0.0],[17.7953,69.538,39.2749],[17.7911,69.5339,0.0],[17.7813,69.5333,0.0],[17.7661,69.5411,6.3341],[17.7583,69.5417,0.0],[17.7526,69.5443,44.1357],[17.7557,69.5495,0.0],[17.7443,69.5547,26.1035],[17.7453,69.5578,0.0],[17.7297,69.5589,10.7413],[17.7328,69.5641,0.0],[17.7161,69.5724,10.0282],[17.7109,69.5734,25.5542],[17.7141,69.5776,0.0],[17.7109,69.5797,0.0],[17.712,69.5828,4.2597],[17.6922,69.5859,260.122],[17.6974,69.5932,0.0],[17.6859,69.5932,20.1135],[17.6891,69.5901,186.8372],[17.6818,69.5891,150.2597],[17.6849,69.587,254.7428],[17.6828,69.5839,411.02],[17.6688,69.5833,491.3778],[17.6646,69.5854,442.2021],[17.6568,69.5859,391.9119],[17.65,69.5896,213.4351],[17.6422,69.5901,294.7258],[17.6313,69.5958,87.5608],[17.6276,69.5953,0.0],[17.6432,69.587,4.3475],[17.6422,69.5839,0.0],[17.6536,69.5787,0.0],[17.6547,69.5755,0.0],[17.662,69.5724,10.8273],[17.6609,69.5693,0.0],[17.6641,69.5682,55.1417],[17.663,69.5651,19.0924],[17.6661,69.5641,68.7021],[17.663,69.5589,0.0],[17.6682,69.5578,26.5426],[17.6672,69.5547,3.8946],[17.6703,69.5526,31.7803],[17.6672,69.5484,7.1801],[17.6703,69.5463,8.774],[17.6542,69.5458,0.0],[17.6526,69.5443,0.0],[17.6583,69.5417,0.0],[17.6646,69.5437,16.733],[17.6708,69.5437,0.0],[17.6766,69.5411,9.8878],[17.6776,69.538,11.3163],[17.6807,69.5359,8.88],[17.6734,69.5276,0.0],[17.6833,69.5229,0.0],[17.7016,69.5203,0.0],[17.7167,69.5125,30.8834],[17.7292,69.5125,222.0897],[17.7333,69.5104,330.0882],[17.7479,69.5104,223.2206],[17.7536,69.512,213.8445],[17.7536,69.5089,224.4283],[17.7521,69.5083,253.9426],[17.7313,69.5083,443.5721],[17.7271,69.5104,394.5544],[17.7146,69.5104,140.4594],[17.7104,69.5125,0.0],[17.7062,69.5104,25.622],[17.6943,69.5099,60.3017],[17.6974,69.5068,182.2226],[17.6917,69.5062,325.0113],[17.6813,69.5021,539.3056],[17.6729,69.5021,331.3265],[17.6714,69.5036,325.5014],[17.6734,69.5057,320.3786],[17.6786,69.5078,203.1661],[17.6714,69.5089,311.3122],[17.6646,69.5125,116.1755],[17.6609,69.512,77.8982],[17.6589,69.5089,2.0091],[17.662,69.5078,7.58],[17.6609,69.5047,0.0],[17.6641,69.5026,3.7087],[17.6609,69.4984,0.0],[17.6682,69.4953,0.0],[17.6693,69.4922,0.0],[17.6771,69.4917,57.4422],[17.6828,69.4891,23.9999],[17.6818,69.4859,0.0],[17.6849,69.4849,54.225],[17.6839,69.4818,61.4557],[17.687,69.4807,156.2435],[17.6854,69.4792,259.6419],[17.675,69.4771,322.4699],[17.6625,69.4812,435.1441],[17.6443,69.4838,601.6219],[17.6453,69.487,552.5234],[17.6437,69.4875,530.1508],[17.6354,69.4854,515.8033],[17.6255,69.4901,400.0146],[17.6292,69.4917,281.1297],[17.6333,69.4896,346.626],[17.6458,69.4896,325.2375],[17.6516,69.4953,0.0],[17.6484,69.4964,15.8444],[17.6495,69.4995,0.0],[17.6479,69.5,40.6175],[17.6339,69.5005,239.3023],[17.6349,69.5036,48.6602],[17.6318,69.5047,2.4185],[17.6328,69.5078,0.0],[17.6255,69.513,31.1466],[17.6271,69.5146,22.9057],[17.6328,69.5151,0.0],[17.6349,69.5172,0.0],[17.6318,69.5193,0.0],[17.6328,69.5245,0.0],[17.6229,69.5292,109.8941],[17.6151,69.5297,124.9374],[17.6161,69.5328,10.6468],[17.6089,69.5359,26.7049],[17.6099,69.5391,0.0],[17.6026,69.5422,12.4183],[17.6057,69.5474,0.0],[17.6026,69.5484,6.2326],[17.6016,69.5516,43.948],[17.5917,69.5542,110.1566],[17.5708,69.5542,231.7638],[17.5667,69.5521,281.4872],[17.5464,69.5526,383.4789],[17.5479,69.5542,284.1976],[17.5625,69.5542,143.8502],[17.5667,69.5563,97.7147],[17.5891,69.5568,3.3488],[17.5818,69.5609,59.8247],[17.5828,69.5641,17.7463],[17.5734,69.5651,349.6858],[17.5583,69.5729,0.0],[17.5443,69.5734,14.1931],[17.5453,69.5766,0.0],[17.5396,69.5792,10.2013],[17.5005,69.5839,386.4557],[17.5021,69.5854,274.4959],[17.5167,69.5854,115.7676],[17.5203,69.5891,0.0],[17.5062,69.5958,217.566],[17.5,69.5958,328.8667],[17.4958,69.5979,348.0277],[17.4813,69.5979,0.0],[17.4797,69.5964,0.0],[17.4854,69.5938,1.715],[17.4917,69.5938,81.2789],[17.4932,69.5922,269.8404],[17.4911,69.5901,163.7678],[17.4859,69.5891,0.0],[17.4839,69.5859,0.0],[17.487,69.5839,0.0],[17.4828,69.5797,99.916],[17.4776,69.5776,170.4813],[17.4896,69.5771,183.7051],[17.4938,69.575,264.6217],[17.5016,69.5745,316.8848],[17.4995,69.5693,527.2247],[17.4896,69.5687,562.985],[17.475,69.5729,293.2314],[17.4667,69.5729,35.0793],[17.4651,69.5714,9.3907],[17.4766,69.5661,19.387],[17.4776,69.563,3.1915],[17.4807,69.562,5.5393],[17.4797,69.5589,0.0],[17.487,69.5557,22.3504],[17.4859,69.5526,0.0],[17.4917,69.55,0.0],[17.4995,69.5495,17.072],[17.4984,69.5463,0.0],[17.5016,69.5453,5.5656],[17.5005,69.5401,0.0],[17.5146,69.5354,0.0],[17.5313,69.5333,37.0878],[17.5438,69.5271,0.0],[17.5516,69.5266,36.2779],[17.5682,69.5182,53.8035],[17.5693,69.5151,0.0],[17.5734,69.513,0.0],[17.5828,69.512,78.2418],[17.5818,69.5089,0.0],[17.5859,69.5068,0.0],[17.5953,69.5057,308.7121],[17.5943,69.5026,0.0],[17.5974,69.5016,171.3841],[17.5964,69.4984,0.0],[17.6036,69.4953,21.7009],[17.6026,69.4922,0.0],[17.612,69.4912,3.1275],[17.6245,69.4849,45.4271],[17.6234,69.4818,0.0],[17.6313,69.4812,0.0],[17.6396,69.4771,0.0],[17.6458,69.4771,18.5666],[17.6542,69.4729,0.0],[17.6604,69.4729,0.0],[17.6646,69.4708,0.0],[17.6771,69.4708,38.3501],[17.6828,69.4672,4.6941],[17.6708,69.4667,0.0],[17.6682,69.463,166.0115],[17.6609,69.462,346.8789],[17.6589,69.4599,390.5432],[17.6604,69.4583,379.2258],[17.6667,69.4583,284.8198],[17.6724,69.4557,342.3685],[17.6688,69.4521,638.0352],[17.6563,69.4521,825.3176],[17.6521,69.4542,790.8629],[17.6443,69.4547,876.7759],[17.6375,69.4583,460.3432],[17.6063,69.4583,259.7572],[17.5964,69.4557,176.4001],[17.5917,69.4521,407.6622],[17.5417,69.4521,429.2315],[17.5328,69.4443,407.5],[17.5229,69.4437,422.2707],[17.5172,69.4464,439.0971],[17.5182,69.4495,423.2369],[17.5151,69.4505,465.0844],[17.5161,69.4537,471.7913],[17.513,69.4547,517.8135],[17.5151,69.4578,415.1767],[17.5479,69.4583,425.2275],[17.5521,69.4563,417.9098],[17.5604,69.4563,412.9177],[17.563,69.4599,284.7272],[17.5703,69.4609,130.1002],[17.5745,69.4661,0.0],[17.5646,69.4667,235.0558],[17.5604,69.4646,314.8914],[17.5563,69.4646,240.2766],[17.5521,69.4604,437.7389],[17.5458,69.4625,380.2007],[17.5318,69.463,529.9661],[17.5354,69.4667,326.4822],[17.5563,69.4667,141.9875],[17.562,69.4714,0.0],[17.5604,69.4729,0.0],[17.5526,69.4734,2.6225],[17.5542,69.4771,0.0],[17.5505,69.4807,67.8351],[17.5578,69.4818,0.0],[17.5547,69.4838,21.9903],[17.5557,69.487,8.5377],[17.5479,69.4896,94.103],[17.5417,69.4854,422.9872],[17.5276,69.4859,553.5141],[17.5266,69.4891,466.4756],[17.5234,69.4912,389.8142],[17.5271,69.4917,183.5132],[17.5333,69.4896,144.5705],[17.5391,69.4953,0.0],[17.5187,69.4958,252.7484],[17.5172,69.4964,147.6751],[17.5182,69.4995,15.751],[17.5167,69.5,0.0],[17.5083,69.5,0.0],[17.5005,69.4974,3.3538],[17.4911,69.488,0.0],[17.4875,69.4875,5.5867],[17.4818,69.4912,0.0],[17.4859,69.4953,6.6471],[17.4932,69.4964,2.7041],[17.4932,69.4995,0.0],[17.4901,69.5016,2.2119],[17.4932,69.5057,0.0],[17.4792,69.5125,101.2151],[17.4667,69.5125,160.8336],[17.4625,69.5146,11.5998],[17.4443,69.5172,0.0],[17.4359,69.5214,22.922],[17.437,69.5245,7.0489],[17.4354,69.525,21.8448],[17.4292,69.5229,27.5577],[17.4104,69.5229,29.9925],[17.4042,69.525,40.3001],[17.3979,69.5229,302.8512],[17.3917,69.525,373.8388],[17.3839,69.5214,387.6036],[17.3953,69.5151,329.9125],[17.3854,69.5146,631.699],[17.3688,69.5229,476.3583],[17.3396,69.525,314.3686],[17.3339,69.5276,338.8057],[17.3354,69.5292,324.9195],[17.3474,69.5297,179.2813],[17.35,69.5333,60.4588],[17.3479,69.5354,29.6739],[17.3354,69.5354,316.0839],[17.3307,69.5318,464.8709],[17.3271,69.5313,386.4557],[17.3146,69.5375,255.2858],[17.3063,69.5375,0.0],[17.3047,69.5359,0.0],[17.312,69.5328,17.1187],[17.313,69.5297,0.0],[17.3208,69.5292,10.9428],[17.3266,69.5266,49.0748],[17.3255,69.5234,0.0],[17.3349,69.5224,61.5698],[17.3339,69.5193,0.0],[17.3453,69.5141,0.0],[17.3443,69.5109,0.0],[17.3542,69.5062,0.0],[17.362,69.5057,9.9914],[17.3609,69.5026,0.0],[17.3667,69.5,0.0],[17.3745,69.4995,0.0],[17.4016,69.4859,0.0],[17.3974,69.4818,0.0],[17.3875,69.4792,0.0],[17.3813,69.4812,0.0],[17.375,69.4812,15.2314],[17.3688,69.4792,162.6913],[17.3646,69.4812,220.662],[17.3521,69.4812,372.2656],[17.3438,69.4854,297.0871],[17.3375,69.4854,69.1359],[17.3292,69.4896,0.0],[17.3255,69.4891,0.0],[17.3292,69.4854,0.0],[17.3234,69.4786,0.0],[17.3266,69.4766,0.0],[17.3255,69.4734,0.0],[17.3432,69.4661,2.439],[17.3422,69.463,0.0],[17.3495,69.4599,0.0],[17.3474,69.4568,1.7349],[17.3401,69.4557,0.0],[17.3432,69.4537,17.0958],[17.3432,69.4505,189.7508],[17.3333,69.45,446.2177],[17.3318,69.4505,372.2767],[17.3328,69.4537,113.5664],[17.3234,69.4547,221.5407],[17.3245,69.4578,105.3353],[17.3042,69.4583,370.0383],[17.3026,69.4599,392.2739],[17.3057,69.4641,64.7663],[17.2917,69.4646,447.6974],[17.2859,69.4672,263.0034],[17.2875,69.4688,187.1942],[17.2995,69.4714,10.2552],[17.2922,69.4755,12.9045],[17.2953,69.4797,0.0],[17.2953,69.4828,0.0],[17.288,69.4838,1.3805],[17.2813,69.4875,0.0],[17.2776,69.487,6.6741],[17.2807,69.4838,10.2297],[17.2708,69.4833,391.0105],[17.2693,69.4838,316.3558],[17.2703,69.487,48.9957],[17.2521,69.4958,0.0],[17.2292,69.4917,453.2728],[17.2167,69.4979,442.844],[17.2042,69.4979,191.1054],[17.2026,69.4964,77.8914],[17.2099,69.4932,16.8331],[17.2068,69.488,0.0],[17.2141,69.4828,68.6865],[17.213,69.4797,26.0694],[17.2286,69.4724,0.0],[17.2255,69.4682,0.0],[17.2255,69.4651,4.5507],[17.2474,69.4578,6.9922],[17.2464,69.4547,0.0],[17.2646,69.4521,0.0],[17.2729,69.4479,0.0],[17.2792,69.4479,8.6277],[17.3021,69.4417,0.0],[17.3083,69.4437,10.4189],[17.3167,69.4437,67.3372],[17.3208,69.4417,0.0],[17.3333,69.4417,10.1164],[17.3375,69.4396,0.0],[17.3438,69.4396,0.0],[17.35,69.4417,46.5027],[17.3516,69.4411,22.4504],[17.3505,69.438,0.0],[17.3521,69.4375,0.0],[17.3583,69.4375,1.892],[17.3625,69.4354,0.0],[17.375,69.4354,0.0],[17.3792,69.4333,0.0],[17.3875,69.4333,0.0],[17.3917,69.4354,0.0],[17.4,69.4354,0.0],[17.4042,69.4375,2.5529],[17.4146,69.4375,0.0],[17.425,69.4417,0.0],[17.4458,69.4417,0.0],[17.45,69.4396,0.0],[17.4604,69.4396,2.7362],[17.4646,69.4375,0.0],[17.4708,69.4375,0.0],[17.4901,69.4276,0.0],[17.4979,69.4271,8.6781],[17.4995,69.4255,7.3173],[17.4943,69.4245,0.0],[17.4922,69.4224,41.0745],[17.4953,69.4193,204.7512],[17.4917,69.4167,446.8371],[17.4729,69.4187,464.1191],[17.4661,69.4224,213.1614],[17.4589,69.4234,165.568],[17.4604,69.425,77.6475],[17.4703,69.4255,15.2341],[17.4688,69.4271,0.0],[17.4562,69.4271,20.5472],[17.4438,69.4229,442.8926],[17.4292,69.4229,299.6986],[17.4229,69.425,37.7878],[17.4203,69.4213,65.4181],[17.4104,69.4187,24.1405],[17.4021,69.4187,213.9705],[17.3979,69.4167,311.8112],[17.3813,69.4167,99.5261],[17.375,69.4146,372.6349],[17.3708,69.4167,204.4512],[17.3521,69.4167,0.0],[17.3396,69.4125,104.7498],[17.3318,69.4151,86.8066],[17.3328,69.4182,5.675],[17.3234,69.4193,55.68],[17.3245,69.4224,0.0],[17.3187,69.425,0.0],[17.3063,69.425,0.0],[17.2964,69.4224,17.299],[17.2943,69.4193,0.0],[17.2974,69.4182,0.0],[17.2964,69.4151,0.0],[17.3042,69.4146,0.0],[17.3125,69.4104,0.0],[17.3307,69.4078,0.0],[17.3292,69.4063,0.0],[17.3146,69.4063,0.0],[17.3104,69.4042,0.0],[17.3021,69.4042,16.2518],[17.2953,69.4078,0.0],[17.2875,69.4083,2.5473],[17.2833,69.4104,0.0],[17.2797,69.4099,0.0],[17.275,69.4063,0.0],[17.2724,69.4099,0.0],[17.2625,69.4146,0.0],[17.2563,69.4125,19.5015],[17.2521,69.4146,0.0],[17.2208,69.4146,3.5647],[17.2167,69.4167,2.7303],[17.2104,69.4167,8.7105],[17.1896,69.4104,22.1557],[17.1813,69.4146,0.0],[17.1667,69.4146,0.0],[17.162,69.4109,144.7076],[17.1568,69.4099,115.1258],[17.1536,69.4068,268.3076],[17.1437,69.4042,328.5099],[17.1297,69.4057,0.0],[17.1255,69.4016,0.0],[17.1286,69.3984,0.0],[17.1245,69.3943,3.6095],[17.1167,69.3917,3.4534],[17.1104,69.3938,0.0],[17.1068,69.3932,0.0],[17.1042,69.3896,0.0],[17.1078,69.3859,4.8485],[17.1042,69.3833,0.0],[17.0958,69.3833,3.0232],[17.0833,69.3896,0.0],[17.0651,69.3922,28.6128],[17.0682,69.3974,0.0],[17.0583,69.4021,0.0],[17.0521,69.4,185.5603],[17.0417,69.4,193.3209],[17.0375,69.3979,398.9549],[17.025,69.3979,195.0533],[17.0187,69.4,0.0],[17.0141,69.3964,0.0],[17.0063,69.3938,0.7423],[16.9854,69.3938,0.7158],[16.9771,69.3979,0.0],[16.9604,69.4,303.5865],[16.9521,69.4042,15.6242],[16.9479,69.4021,217.9668],[16.9375,69.4021,0.0],[16.9339,69.3995,0.0],[16.9411,69.3922,7.2135],[16.9292,69.3917,15.6603],[16.9193,69.3891,0.0],[16.9286,69.3839,0.0],[16.9245,69.3797,0.0],[16.9172,69.3786,0.0],[16.9161,69.3755,0.0],[16.9063,69.3729,0.0],[16.8917,69.3729,406.8287],[16.8875,69.375,8.0116],[16.8833,69.3729,236.6545],[16.875,69.3729,85.0707],[16.8734,69.3745,103.2493],[16.8792,69.375,16.966],[16.8807,69.3766,0.0],[16.8693,69.3766,38.6594],[16.8672,69.3734,0.0],[16.8786,69.3682,22.1442],[16.8797,69.3651,0.0],[16.8854,69.3625,0.0],[16.9042,69.3625,0.0],[16.9104,69.3646,88.9072],[16.9167,69.3625,0.0],[16.9208,69.3646,78.2369],[16.9271,69.3625,0.0],[16.9333,69.3646,55.7784],[16.9375,69.3625,0.0],[16.9562,69.3625,6.0937],[16.9604,69.3604,0.0],[16.9979,69.3604,0.0],[17.0026,69.3662,0.0],[17.0125,69.3688,0.0],[17.0271,69.3688,0.0],[17.0313,69.3708,0.0],[17.0396,69.3708,0.0],[17.0438,69.3688,0.0],[17.0604,69.3688,31.6575],[17.0646,69.3667,0.0],[17.0708,69.3667,0.0],[17.0854,69.3625,0.0],[17.125,69.3604,12.9391],[17.1292,69.3583,0.0],[17.1583,69.3562,0.0],[17.1625,69.3542,0.0],[17.1688,69.3562,14.2033],[17.1833,69.3521,0.0],[17.1896,69.3521,31.094],[17.1995,69.3474,214.3886],[17.1958,69.3438,502.1239],[17.1708,69.3438,549.6104],[17.1667,69.3458,484.1358],[17.15,69.3458,361.2764],[17.1458,69.3479,505.4014],[17.1333,69.3479,360.3456],[17.1167,69.3562,12.8429],[17.0958,69.3542,237.4776],[17.0917,69.3521,395.789],[17.0417,69.3521,476.8936],[17.0333,69.3562,372.2083],[17.0208,69.3562,0.0],[17.0193,69.3547,0.0],[17.025,69.3542,0.0],[17.0307,69.3516,0.0],[17.0318,69.3484,0.0],[17.0396,69.3479,0.0],[17.0547,69.3401,0.0],[17.0625,69.3396,62.7854],[17.075,69.3354,0.0],[17.1021,69.3354,0.0],[17.1063,69.3375,0.0],[17.1146,69.3375,0.0],[17.1229,69.3438,43.0951],[17.1417,69.3438,72.4729],[17.1458,69.3417,0.0],[17.1521,69.3417,36.4407],[17.1536,69.3401,0.0],[17.1375,69.3396,0.0],[17.1313,69.3354,4.8417],[17.1271,69.3354,0.0],[17.1229,69.3333,0.0],[17.1146,69.3333,0.0],[17.1099,69.3297,9.3786],[17.1026,69.3287,4.1596],[17.0995,69.3234,7.4673],[17.0896,69.3208,0.0],[17.0792,69.325,0.0],[17.0479,69.325,233.1451],[17.0417,69.3229,426.0143],[17.0401,69.3245,298.8485],[17.0432,69.3287,75.7006],[17.0271,69.3292,51.1739],[17.0229,69.325,272.0709],[17.0083,69.325,320.6108],[17.0042,69.3271,91.7104],[16.9958,69.3271,12.5892],[16.9943,69.3255,70.0155],[16.9995,69.3234,105.925],[16.9708,69.3229,0.0],[16.9583,69.3187,1.5995],[16.9521,69.3208,0.0],[16.9396,69.3208,0.0],[16.9271,69.3167,301.8596],[16.9063,69.3167,10.1039],[16.8964,69.3141,0.0],[16.8995,69.312,30.1155],[16.9005,69.3089,-0.0154],[16.9203,69.2995,16.3002],[16.9193,69.2963,0.0],[16.9208,69.2958,0.0],[16.9292,69.2958,0.0],[16.9354,69.2979,1.8493],[16.9396,69.2958,0.0],[16.9583,69.2958,0.0],[16.9688,69.3,0.0],[16.9792,69.3,0.0],[16.9839,69.3037,0.0],[16.9938,69.3042,0.0],[16.9979,69.3063,8.9356],[17.0182,69.3057,0.0],[17.0182,69.3026,4.9747],[17.0083,69.3,13.1696],[16.9938,69.3,0.0],[16.9839,69.2974,0.0],[16.9807,69.2922,15.5064],[16.9651,69.2891,26.7581],[16.9682,69.287,187.9756],[16.9667,69.2854,377.4469],[16.9526,69.287,4.6703],[16.9505,69.2839,4.2764],[16.9536,69.2828,8.7922],[16.9521,69.2792,0.0],[16.9542,69.2771,1.7142],[16.9708,69.275,0.0],[16.9771,69.2792,7.7663],[16.9854,69.2792,0.0],[16.9917,69.2833,22.0734],[17.0021,69.2833,0.0],[17.0063,69.2854,4.9692],[17.0104,69.2833,0.0],[17.0292,69.2833,4.8053],[17.0375,69.2792,0.0],[17.0667,69.2792,0.0],[17.0682,69.2786,0.0],[17.0672,69.2755,4.6472],[17.0703,69.2734,181.9074],[17.0625,69.2708,410.0415],[17.0521,69.2708,327.4969],[17.0479,69.2688,420.0896],[17.0438,69.2708,289.8637],[17.0297,69.2714,267.7906],[17.037,69.2755,4.1224],[17.0354,69.2771,0.0],[17.0229,69.2771,0.0],[17.013,69.2745,8.9835],[17.0109,69.2714,0.0],[17.0167,69.2688,0.0],[17.0438,69.2646,66.4147],[17.0521,69.2604,0.0],[17.0708,69.2604,0.0],[17.0755,69.2641,21.0835],[17.0828,69.2651,0.0],[17.0922,69.2766,21.9692],[17.1083,69.2813,29.9816],[17.1167,69.2813,0.0],[17.1292,69.2854,11.8979],[17.1354,69.2833,0.0],[17.1417,69.2833,0.0],[17.1458,69.2854,9.5681],[17.1563,69.2854,0.0],[17.1604,69.2875,0.0],[17.1917,69.2875,69.8013],[17.2,69.2833,387.7362],[17.2078,69.2828,444.9295],[17.2062,69.2813,449.504],[17.1854,69.2813,431.897],[17.1813,69.2833,209.062],[17.1771,69.2813,380.8238],[17.1667,69.2813,59.0063],[17.1479,69.275,98.0535],[17.1375,69.275,10.3725],[17.1333,69.2708,258.4406],[17.1271,69.2729,53.4429],[17.1188,69.2729,0.0],[17.1151,69.2703,0.0],[17.1141,69.2672,25.7872],[17.1068,69.2662,0.0],[17.1099,69.263,53.7392],[17.1026,69.262,0.0],[17.0984,69.2547,0.0],[17.1016,69.2536,0.0],[17.1005,69.2505,0.0],[17.1078,69.2474,5.6146],[17.1089,69.2443,0.0],[17.113,69.2422,0.0],[17.1208,69.2417,0.0],[17.1255,69.2453,0.0],[17.1313,69.2458,0.0],[17.1417,69.25,0.0],[17.1516,69.2495,0.0],[17.1479,69.2458,9.035],[17.1396,69.2458,0.0],[17.1297,69.2432,0.0],[17.1276,69.2401,0.0],[17.1307,69.2391,0.0],[17.1307,69.2359,21.9498],[17.1245,69.2297,0.0],[17.1109,69.2266,3.3142],[17.1141,69.2234,198.4158],[17.1083,69.2188,523.3939],[17.1042,69.2208,533.0507],[17.0964,69.2214,204.9325],[17.0979,69.225,42.6871],[17.0958,69.2271,0.0],[17.0896,69.2271,0.0],[17.0854,69.2292,0.0],[17.075,69.2292,0.0],[17.0708,69.2312,0.0],[17.0583,69.2312,23.2478],[17.0542,69.2333,0.0],[17.0479,69.2333,5.7531],[17.0438,69.2354,0.0],[17.0375,69.2354,19.5286],[17.025,69.2396,0.0],[17.0187,69.2396,4.2916],[17.0146,69.2417,0.0],[17.0083,69.2417,4.0706],[17.0021,69.2438,9.253],[16.9984,69.2401,26.6006],[17.0125,69.2396,43.4905],[17.0182,69.2359,243.3035],[17.0021,69.2354,289.6351],[16.9974,69.2318,557.9882],[16.9938,69.2312,477.9829],[16.9922,69.2318,418.3244],[16.9932,69.2349,161.1069],[16.9875,69.2375,91.3654],[16.9813,69.2354,318.8126],[16.9729,69.2354,135.7969],[16.9688,69.2375,11.8591],[16.9375,69.2375,0.0],[16.9333,69.2354,34.6983],[16.9271,69.2375,0.0],[16.9255,69.2359,27.4118],[16.9286,69.2338,73.5266],[16.9167,69.2333,318.0767],[16.9125,69.2292,411.5212],[16.9042,69.2292,413.4308],[16.9,69.2312,155.1581],[16.8901,69.2307,0.0],[16.8891,69.2276,34.355],[16.8818,69.2266,0.0],[16.8797,69.2234,8.1816],[16.9146,69.2188,14.5239],[16.9229,69.2146,0.0],[16.9333,69.2146,35.381],[16.9391,69.212,3.1261],[16.9401,69.2089,0.0],[16.9432,69.2068,34.7397],[16.9333,69.2042,56.539],[16.9146,69.2042,103.0534],[16.9104,69.2063,0.0],[16.9042,69.2063,49.3477],[16.8979,69.2083,0.0],[16.8901,69.2057,0.0],[16.8974,69.2026,47.9233],[16.8875,69.2021,0.0],[16.8859,69.2005,0.0],[16.8917,69.1979,0.0],[16.9042,69.1979,0.0],[16.9083,69.2,0.0],[16.9354,69.2,26.6261],[16.9396,69.1979,0.0],[16.9625,69.1979,13.6469],[16.9708,69.1937,0.0],[16.9786,69.1932,88.4033],[16.9854,69.1896,0.0],[17.0438,69.1896,3.7788],[17.0521,69.1854,0.0],[17.0646,69.1854,42.8605],[17.0714,69.1818,0.0],[17.0792,69.1813,16.2401],[17.0833,69.1792,0.0],[17.0875,69.1813,18.9821],[17.1042,69.1813,0.0],[17.1146,69.1854,10.5021],[17.1292,69.1854,0.0],[17.15,69.1917,20.3349],[17.1833,69.1937,0.0],[17.2042,69.2,8.1001],[17.2057,69.1995,0.0],[17.2047,69.1964,0.0],[17.2078,69.1953,0.0],[17.2078,69.1922,31.2799],[17.1958,69.1917,9.1434],[17.1922,69.188,64.4591],[17.2083,69.1896,119.9407],[17.2141,69.1859,265.1908],[17.2005,69.1849,317.144],[17.2078,69.1797,485.7451],[17.2,69.1771,560.0101],[17.1938,69.1792,550.3436],[17.1672,69.1787,292.7772],[17.1651,69.1755,324.2672],[17.1724,69.1713,514.2497],[17.1646,69.1687,662.4543],[17.1583,69.1708,627.486],[17.1271,69.1708,462.9355],[17.1229,69.1687,434.2779],[17.1068,69.1682,225.7202],[17.1182,69.162,401.9343],[17.1167,69.1604,486.6264],[17.1021,69.1604,539.0126],[17.0979,69.1625,569.2035],[17.0792,69.1625,707.1243],[17.0729,69.1583,550.8842],[17.0667,69.1604,100.6916],[17.0589,69.1536,22.4063],[17.0589,69.1505,0.0],[17.0667,69.1521,45.3001],[17.0708,69.15,0.0],[17.0833,69.15,20.7518],[17.0849,69.1495,21.0391],[17.0839,69.1464,0.0],[17.087,69.1443,60.8222],[17.0771,69.1417,61.3394],[17.0547,69.1412,0.0],[17.0583,69.1375,38.0157],[17.0542,69.1333,293.7474],[17.0479,69.1354,256.9258],[17.0354,69.1354,63.7488],[17.0229,69.1396,0.0],[17.0083,69.1396,92.0948],[17.0021,69.1375,452.9945],[16.9938,69.1417,483.2191],[16.9813,69.1417,33.3281],[16.9688,69.1375,0.0],[16.9625,69.1375,14.8916],[16.9562,69.1396,0.0],[16.9521,69.1375,36.3809],[16.9438,69.1375,46.5353],[16.9255,69.1328,395.4839],[16.9255,69.1297,553.0161],[16.9271,69.1292,499.1666],[16.9375,69.1292,300.668],[16.9417,69.1271,350.6212],[16.9495,69.1266,298.8302],[16.9417,69.1229,549.4017],[16.9313,69.1271,423.7811],[16.9188,69.1271,596.8928],[16.9146,69.1292,466.2694],[16.9005,69.1307,0.0],[16.8984,69.1255,0.0],[16.9057,69.1224,16.2611],[16.9047,69.1193,0.0],[16.9125,69.1188,32.3237],[16.9182,69.1162,8.0374],[16.9151,69.1109,0.0],[16.9224,69.1057,154.7442],[16.9214,69.1026,250.7237],[16.9245,69.1016,298.1284],[16.9229,69.1,426.74],[16.9167,69.1021,299.2752],[16.9,69.1021,601.0319],[16.8958,69.1042,324.4147],[16.8896,69.1042,292.4265],[16.888,69.1047,228.3467],[16.8891,69.1099,0.0],[16.875,69.1146,0.0],[16.8563,69.1146,408.9694],[16.8417,69.1188,288.0609],[16.8188,69.1188,325.7295],[16.8146,69.1208,72.4652],[16.8063,69.1208,0.0],[16.8042,69.1188,0.0],[16.8078,69.1151,125.285],[16.8016,69.1088,83.5963],[16.7964,69.1078,16.1646],[16.7911,69.1026,50.5434],[16.7797,69.1016,0.0],[16.7776,69.0984,0.0],[16.7807,69.0974,0.0],[16.7797,69.0943,0.0],[16.787,69.0911,0.0],[16.7875,69.0896,0.0],[16.7797,69.0787,0.0],[16.787,69.0734,1.5081],[16.7813,69.0729,0.0],[16.7797,69.0714,0.0],[16.7958,69.0667,0.0],[16.8021,69.0687,0.0],[16.812,69.0682,24.4773],[16.8078,69.063,0.0],[16.8,69.0604,5.0628],[16.7896,69.0604,0.0],[16.7818,69.0568,0.0],[16.7917,69.0542,3.186],[16.8104,69.0542,12.2706],[16.8146,69.0521,1.6749],[16.8396,69.0521,0.0],[16.8438,69.0542,8.2903],[16.8937,69.0542,0.0],[16.8979,69.0563,20.5778],[16.9078,69.0568,0.0],[16.9125,69.0604,0.0],[16.9208,69.0583,0.0],[16.925,69.0604,0.0],[16.9313,69.0583,0.0],[16.9375,69.0625,5.5612],[16.9474,69.063,0.0],[16.9547,69.0703,0.0],[16.9708,69.075,0.0],[16.9792,69.075,0.0],[16.9833,69.0771,0.0],[17.0083,69.0771,2.9244],[17.0141,69.0745,0.0],[17.013,69.0693,0.0],[17.0333,69.0687,0.0],[17.0375,69.0708,0.0],[17.0474,69.0714,0.0],[17.0521,69.075,0.0],[17.0604,69.0729,0.0],[17.0646,69.075,3.2261],[17.0896,69.075,0.0],[17.0938,69.0771,13.9506],[17.1104,69.0771,0.0],[17.1146,69.0792,0.0],[17.1229,69.0792,0.0],[17.1333,69.0833,23.6136],[17.1599,69.0828,0.0],[17.1599,69.0797,14.9834],[17.1526,69.0787,0.0],[17.1495,69.0755,0.0],[17.138,69.0745,0.0],[17.1313,69.0667,1.1871],[17.1042,69.0667,0.0],[17.0995,69.063,10.661],[17.0922,69.062,0.0],[17.0896,69.0583,6.27],[17.0792,69.0583,6.5395],[17.075,69.0563,0.0],[17.0688,69.0563,0.0],[17.0625,69.0583,0.0],[17.0438,69.0521,0.0],[17.0318,69.0516,0.0],[17.0474,69.0432,0.0],[17.0458,69.0417,0.0],[17.0359,69.0411,0.0],[17.0339,69.0391,0.9701],[17.0339,69.0359,2.1903],[17.0411,69.0349,0.0],[17.0495,69.0307,0.0],[17.0505,69.0276,0.0],[17.0536,69.0266,0.0],[17.0516,69.0234,15.2987],[17.0443,69.0224,0.0],[17.0443,69.0193,0.0],[17.0474,69.0172,20.9959],[17.0401,69.0162,0.0],[17.038,69.0141,0.0],[17.0411,69.012,0.6949],[17.0401,69.0089,0.0],[17.0542,69.0083,10.768],[17.0583,69.0062,0.0],[17.0667,69.0062,0.0],[17.0708,69.0083,8.4855],[17.075,69.0062,0.0],[17.0833,69.0062,0.0],[17.0875,69.0083,9.7326],[17.0958,69.0083,0.0],[17.1,69.0104,1.2339],[17.1167,69.0104,0.0],[17.1208,69.0125,0.0],[17.1354,69.0125,0.0],[17.1396,69.0146,0.0],[17.1437,69.0125,0.0],[17.1521,69.0146,12.2301],[17.1583,69.0125,0.0],[17.1661,69.0151,0.0],[17.1708,69.0188,0.0],[17.1854,69.0188,0.0],[17.1979,69.0229,0.0],[17.2167,69.0208,0.0],[17.2266,69.0234,0.0],[17.2328,69.0328,0.0],[17.2297,69.0339,2.2711],[17.2307,69.037,0.0],[17.2234,69.0401,3.5257],[17.2224,69.0432,3.4334],[17.2193,69.0443,0.0],[17.2224,69.0495,0.0],[17.2182,69.0516,0.0],[17.2104,69.0521,0.0],[17.2062,69.0542,4.1041],[17.1979,69.0542,0.0],[17.1953,69.0505,20.8713],[17.188,69.0495,0.0],[17.1911,69.0463,5.8958],[17.1875,69.0437,0.0],[17.1813,69.0437,13.3816],[17.1797,69.0443,11.0076],[17.1807,69.0474,0.0],[17.1714,69.0484,0.0],[17.1729,69.0521,0.0],[17.1693,69.0557,4.65],[17.1766,69.0568,0.0],[17.1839,69.0661,10.7026],[17.1974,69.0693,0.0],[17.2036,69.0755,7.083],[17.1859,69.0849,0.0],[17.2042,69.0854,0.0],[17.2083,69.0875,20.3667],[17.2229,69.0875,0.0],[17.2333,69.0917,13.9719],[17.2458,69.0938,0.0],[17.2484,69.0974,51.9682],[17.2557,69.0984,0.0],[17.2609,69.1036,27.2245],[17.2724,69.1047,0.0],[17.2745,69.1078,0.0],[17.2714,69.1099,19.7551],[17.2734,69.112,0.0],[17.2917,69.1146,0.0],[17.3021,69.1188,12.3802],[17.3224,69.1234,0.0],[17.3255,69.1266,2.5444],[17.3307,69.1276,0.0],[17.3276,69.1297,4.0808],[17.3286,69.1328,0.0],[17.3193,69.1339,0.0],[17.3214,69.137,0.0],[17.3312,69.1396,4.8748],[17.35,69.1396,11.7219],[17.3563,69.1375,0.0],[17.3641,69.1401,0.0],[17.3672,69.1432,14.3098],[17.3745,69.1443,0.0],[17.3776,69.1474,0.0],[17.3911,69.1505,0.0],[17.3964,69.1578,11.8206],[17.4036,69.1589,5.7743],[17.4057,69.1609,0.0],[17.4026,69.1641,4.1652],[17.4141,69.1651,0.0],[17.4161,69.1682,0.0],[17.413,69.1703,0.0],[17.4151,69.1724,0.0],[17.4286,69.1755,0.0],[17.4333,69.1792,11.5419],[17.4432,69.1797,0.0],[17.4453,69.1828,0.0],[17.4422,69.1849,0.0],[17.4505,69.1953,4.3352],[17.4708,69.2,0.0],[17.4813,69.2042,9.0283],[17.4896,69.2042,0.0],[17.4938,69.2021,0.0],[17.5229,69.2021,0.0],[17.5339,69.1964,0.0],[17.5417,69.1958,4.6228],[17.5432,69.1943,0.0],[17.5313,69.1937,0.0],[17.5286,69.1901,0.0],[17.5146,69.1875,0.0],[17.5042,69.1833,16.1369],[17.4922,69.1828,0.0],[17.4901,69.1807,0.0],[17.4901,69.1776,0.0],[17.4958,69.175,0.0],[17.5021,69.175,0.0],[17.5062,69.1771,23.3593],[17.5125,69.175,0.0],[17.5187,69.1771,8.0154],[17.5224,69.1766,0.0],[17.5307,69.1724,0.0],[17.5234,69.1693,0.8633],[17.5307,69.1651,4.8681],[17.5271,69.1604,0.0],[17.5187,69.1604,0.0],[17.5083,69.1646,0.0],[17.4896,69.1583,4.3528],[17.4839,69.1578,0.0],[17.4776,69.1495,4.7795],[17.4792,69.1479,0.0],[17.4979,69.1479,0.0],[17.5042,69.1521,0.0],[17.5187,69.1521,0.0],[17.5203,69.1536,0.0],[17.5172,69.1557,0.0],[17.5354,69.1604,6.472],[17.5417,69.1604,6.8536],[17.5458,69.1583,0.0],[17.5938,69.1583,2.57],[17.5979,69.1604,0.0],[17.6063,69.1604,0.0],[17.612,69.1578,0.0],[17.6068,69.1484,0.0],[17.6125,69.1458,0.0],[17.625,69.1458,0.0],[17.6375,69.15,24.3411],[17.6521,69.15,0.0],[17.6682,69.1547,0.0],[17.6729,69.1583,17.8185],[17.6875,69.1583,0.0],[17.7057,69.163,0.0],[17.7104,69.1667,5.3277],[17.7188,69.1667,0.0],[17.7229,69.1687,0.0],[17.7354,69.1687,0.0],[17.7396,69.1667,0.0],[17.7583,69.1667,5.5448],[17.7729,69.1625,0.0],[17.7958,69.1625,0.0],[17.8,69.1604,0.0]]],
[[[17.0766,69.1703,13.4248],[17.0688,69.1708,4.6353],[17.0672,69.1693,0.0],[17.075,69.1687,16.099],[17.0766,69.1703,13.4248]]],
[[[17.1979,69.1813,434.9644],[17.1995,69.1828,417.9308],[17.1943,69.1828,414.5178],[17.1943,69.1818,448.8428],[17.1979,69.1813,434.9644]]],
[[[17.1688,69.1813,132.5861],[17.1703,69.1828,87.7794],[17.1651,69.1828,54.1198],[17.1651,69.1818,94.5403],[17.1688,69.1813,132.5861]]],
[[[16.8229,69.1917,0.0],[16.8193,69.1901,0.0],[16.825,69.1875,0.0],[16.8286,69.188,0.0],[16.8286,69.1891,0.0],[16.8229,69.1917,0.0]]],
[[[16.7797,69.2693,0.0],[16.7828,69.2682,10.176],[16.7818,69.263,0.0],[16.7833,69.2625,0.0],[16.7958,69.2625,0.0],[16.8016,69.2672,0.0],[16.7917,69.2729,0.0],[16.7813,69.2708,0.0],[16.7797,69.2693,0.0]]],
[[[16.7896,69.2937,0.0],[16.7859,69.2922,0.0],[16.7917,69.2896,0.0],[16.7953,69.2901,8.6305],[16.7953,69.2911,5.0632],[16.7896,69.2937,0.0]]],
[[[17.0042,69.3417,49.5368],[17.0005,69.3401,10.7091],[17.0063,69.3375,0.0],[17.0224,69.338,13.9219],[17.0167,69.3417,0.0],[17.0042,69.3417,49.5368]]],
[[[17.0786,69.3588,15.6668],[17.0771,69.3604,15.9152],[17.0667,69.3604,34.8129],[17.0625,69.3625,0.0],[17.0464,69.362,46.9313],[17.0479,69.3604,112.6583],[17.0542,69.3604,66.5946],[17.0583,69.3583,97.8019],[17.0786,69.3588,15.6668]]],
[[[17.1557,69.412,60.4933],[17.1479,69.4125,14.3285],[17.1464,69.4109,0.0],[17.1542,69.4104,83.7575],[17.1557,69.412,60.4933]]],
[[[17.2958,69.4104,0.0],[17.2995,69.412,0.0],[17.2917,69.4125,9.7034],[17.2875,69.4146,0.0],[17.2776,69.4141,0.0],[17.2792,69.4125,0.0],[17.2958,69.4104,0.0]]],
[[[17.237,69.4391,0.0],[17.2229,69.4396,19.4716],[17.2188,69.4417,0.0],[17.2047,69.4411,0.0],[17.2062,69.4396,12.6336],[17.2125,69.4396,25.1382],[17.2167,69.4375,0.0],[17.2354,69.4375,11.0513],[17.237,69.4391,0.0]]],
[[[17.1229,69.4458,30.5094],[17.1188,69.4479,12.723],[17.1109,69.4484,25.1064],[17.1042,69.4521,0.0],[17.1005,69.4516,3.1297],[17.0984,69.4495,0.0],[17.1,69.4479,0.0],[17.1078,69.4474,28.5583],[17.1047,69.4432,0.0],[17.1063,69.4417,0.0],[17.1313,69.4417,0.0],[17.1354,69.4396,16.6687],[17.1495,69.4401,0.0],[17.1479,69.4417,0.0],[17.1417,69.4417,7.707],[17.1375,69.4437,0.0],[17.1229,69.4458,30.5094]]],
[[[17.1286,69.4599,0.0],[17.1208,69.4604,0.0],[17.1193,69.4589,0.0],[17.1271,69.4583,4.2029],[17.1286,69.4599,0.0]]],
[[[17.2984,69.4672,113.2126],[17.3016,69.4672,37.652],[17.3016,69.4682,22.0639],[17.2984,69.4682,57.6932],[17.2984,69.4672,113.2126]]],
[[[17.2234,69.5016,117.9737],[17.2214,69.4984,289.2659],[17.2271,69.4958,163.5351],[17.2391,69.4984,3.7754],[17.2333,69.5021,0.0],[17.2234,69.5016,117.9737]]],
[[[18.0729,69.3729,0.0],[18.0672,69.3724,0.0],[18.0651,69.3693,0.0],[18.0688,69.3688,0.0],[18.0766,69.3714,0.0],[18.0729,69.3729,0.0]]],
[[[18.475,69.425,23.5886],[18.4714,69.4234,6.0083],[18.4771,69.4208,0.0],[18.4854,69.4208,0.0],[18.4891,69.4234,4.1277],[18.4833,69.4271,0.0],[18.475,69.425,23.5886]]],
[[[18.4438,69.475,0.0],[18.4422,69.4714,0.0],[18.4479,69.4688,43.815],[18.4557,69.4693,0.0],[18.4599,69.4734,0.0],[18.4542,69.4771,0.0],[18.4458,69.4771,14.9445],[18.4438,69.475,0.0]]],
[[[17.5229,69.4542,407.5],[17.5245,69.4557,435.2776],[17.5193,69.4557,414.6672],[17.5193,69.4547,415.6836],[17.5229,69.4542,407.5]]],
[[[17.3911,69.5321,0.0],[17.3896,69.5333,0.0],[17.3859,69.5328,32.5027],[17.3875,69.5313,49.6035],[17.3911,69.5321,0.0]]],
[[[17.85,69.5938,0.0],[17.8339,69.5984,11.6016],[17.8349,69.6016,0.0],[17.8333,69.6021,0.0],[17.825,69.6021,0.0],[17.8234,69.6005,7.0238],[17.8266,69.5984,17.6047],[17.8151,69.5974,5.1809],[17.8193,69.5943,0.0],[17.8271,69.5938,10.4284],[17.8312,69.5917,0.0],[17.8516,69.5922,11.4589],[17.85,69.5938,0.0]]],
[[[18.013,69.6109,0.0],[18.0161,69.6109,0.0],[18.0161,69.612,0.0],[18.013,69.612,2.6141],[18.013,69.6109,0.0]]],
[[[18.2833,69.6146,0.0],[18.2849,69.6162,0.0],[18.2797,69.6162,0.0],[18.2797,69.6151,0.0],[18.2833,69.6146,0.0]]],
[[[17.9292,69.6167,2.6559],[17.925,69.6188,0.0],[17.9172,69.6193,19.4215],[17.9182,69.6224,0.0],[17.9125,69.625,2.9109],[17.9042,69.625,21.1396],[17.8937,69.6208,0.0],[17.888,69.6203,6.2883],[17.8911,69.6182,8.8963],[17.8901,69.6151,0.0],[17.8917,69.6146,0.0],[17.9104,69.6146,31.9305],[17.9188,69.6104,0.0],[17.9313,69.6104,0.0],[17.937,69.6151,0.0],[17.9354,69.6167,0.0],[17.9292,69.6167,2.6559]]],
[[[18.0313,69.6167,0.0],[18.0349,69.6182,1.5863],[18.0271,69.6188,0.0],[18.0229,69.6208,0.0],[18.0005,69.6203,0.0],[18.0063,69.6167,0.0],[18.0313,69.6167,0.0]]],
[[[17.9953,69.6224,0.0],[17.9875,69.6229,3.9378],[17.9859,69.6214,3.0012],[17.9937,69.6208,0.0],[17.9953,69.6224,0.0]]],
[[[17.9917,69.6458,1.7246],[17.9771,69.6458,92.1092],[17.9729,69.6479,40.8317],[17.9667,69.6438,2.9748],[17.9547,69.6432,3.1399],[17.9526,69.6401,0.0],[17.9708,69.6312,0.0],[17.9917,69.6333,0.0],[17.9979,69.6312,0.0],[18.0042,69.6333,0.0],[18.0083,69.6312,0.0],[18.0187,69.6312,0.0],[18.0313,69.625,0.0],[18.0411,69.6255,19.4333],[18.0453,69.6297,5.0656],[18.0396,69.6333,0.0],[18.0313,69.6312,0.0],[18.0187,69.6375,0.8877],[18.0,69.6375,0.0],[17.9943,69.6412,0.0],[18.0063,69.6417,0.0],[18.0078,69.6432,2.6912],[18.0021,69.6458,0.0],[17.9917,69.6458,1.7246]]],
[[[18.1813,69.6417,8.4574],[18.1734,69.638,0.0],[18.1828,69.638,15.3717],[18.1849,69.6412,0.0],[18.1813,69.6417,8.4574]]],
[[[18.1151,69.6755,290.0261],[18.1161,69.6787,112.4302],[18.1083,69.6792,243.2402],[18.1042,69.6813,75.1849],[18.1005,69.6807,49.474],[18.0958,69.6771,171.6681],[18.0875,69.6792,34.6318],[18.0833,69.6771,83.2622],[18.0734,69.6766,6.1963],[18.0714,69.6734,0.0],[18.0771,69.6708,0.0],[18.1021,69.6708,0.0],[18.1063,69.6687,0.0],[18.1333,69.6667,0.0],[18.1349,69.6651,0.0],[18.1307,69.6609,48.9094],[18.1229,69.6583,197.278],[18.1167,69.6604,159.0503],[18.0979,69.6604,212.3755],[18.0917,69.6625,0.0],[18.088,69.6589,0.0],[18.0995,69.6536,0.0],[18.0995,69.6505,27.4715],[18.0974,69.6484,9.4568],[18.0854,69.6458,10.1535],[18.0812,69.6479,6.0884],[18.075,69.6479,69.4791],[18.0688,69.65,24.2111],[18.0672,69.6495,66.5256],[18.0672,69.6464,0.0],[18.0771,69.6438,0.0],[18.1021,69.6438,11.1057],[18.1083,69.6417,0.0],[18.1208,69.6458,0.0],[18.1354,69.6458,0.0],[18.1417,69.65,17.5182],[18.1667,69.6542,0.0],[18.1724,69.6589,32.1301],[18.1688,69.6625,61.3053],[18.1724,69.6672,0.0],[18.1708,69.6687,11.4221],[18.1646,69.6687,98.79],[18.1578,69.6724,47.22],[18.15,69.6729,145.8087],[18.1458,69.675,0.0],[18.1396,69.6729,132.9483],[18.1333,69.6729,133.0108],[18.1292,69.675,22.3202],[18.1151,69.6755,290.0261]]],
[[[18.1609,69.6797,42.8536],[18.1708,69.6792,0.0],[18.1786,69.6828,24.0448],[18.1672,69.688,0.0],[18.1682,69.6911,0.0],[18.1651,69.6922,0.0],[18.1661,69.6953,0.0],[18.163,69.6964,0.0],[18.1641,69.6995,0.0],[18.1599,69.7016,0.0],[18.1437,69.7021,54.4947],[18.138,69.6974,0.0],[18.1411,69.6953,20.3426],[18.1422,69.6922,0.0],[18.1453,69.6911,0.0],[18.1443,69.688,0.0],[18.1474,69.687,0.0],[18.1464,69.6839,0.0],[18.1609,69.6797,42.8536]]],
[[[18.275,69.6917,397.7684],[18.2667,69.6917,574.7712],[18.2651,69.6901,618.5677],[18.2766,69.6901,335.8478],[18.275,69.6917,397.7684]]],
[[[18.2833,69.6917,250.1406],[18.2849,69.6932,251.8745],[18.2797,69.6932,382.4265],[18.2797,69.6922,381.4303],[18.2833,69.6917,250.1406]]],
[[[18.2958,69.6958,0.0],[18.2922,69.6943,98.1727],[18.2979,69.6917,135.5598],[18.3016,69.6922,44.8153],[18.3016,69.6932,29.0804],[18.2958,69.6958,0.0]]],
[[[18.4583,69.6958,59.1629],[18.4599,69.6943,151.33],[18.4568,69.6901,379.9521],[18.4667,69.6896,278.0795],[18.4766,69.6922,117.7063],[18.4807,69.6974,22.9084],[18.4568,69.6974,8.3888],[18.4583,69.6958,59.1629]]],
[[[18.4479,69.6958,92.5379],[18.4495,69.6974,30.7097],[18.4443,69.6974,12.8889],[18.4443,69.6964,44.4951],[18.4479,69.6958,92.5379]]],
[[[18.2313,69.7167,8.3096],[18.2276,69.7151,13.1052],[18.2333,69.7125,0.0],[18.237,69.713,2.5253],[18.237,69.7141,9.7828],[18.2313,69.7167,8.3096]]],
[[[18.0974,69.7349,4.8603],[18.0943,69.737,3.9453],[18.0984,69.7412,0.7394],[18.1042,69.7417,7.0881],[18.1057,69.7432,0.0],[18.0896,69.7438,4.836],[18.0771,69.7396,242.3272],[18.0688,69.7396,402.0115],[18.0646,69.7417,338.6536],[18.0604,69.7396,296.1874],[18.0484,69.7391,0.0],[18.0583,69.7333,0.0],[18.0708,69.7333,11.4624],[18.0854,69.7292,0.0],[18.0953,69.7318,13.3278],[18.0974,69.7349,4.8603]]],
[[[18.2432,69.7495,0.0],[18.2255,69.7547,14.5476],[18.2266,69.7599,1.1195],[18.2208,69.7625,12.0966],[18.2104,69.7542,287.694],[18.1938,69.7542,215.7208],[18.1896,69.75,265.2367],[18.1589,69.7495,0.0],[18.162,69.7464,58.4973],[18.1589,69.7401,0.0],[18.1729,69.7396,0.0],[18.1745,69.7391,0.0105],[18.1734,69.7359,0.0],[18.2,69.7312,0.0],[18.2167,69.7229,0.0],[18.2313,69.7229,0.0],[18.2354,69.725,20.2635],[18.2474,69.7255,0.0],[18.2516,69.7297,0.0],[18.2464,69.7318,11.8104],[18.2495,69.737,0.0],[18.2464,69.738,1.5105],[18.2474,69.7412,0.0],[18.2443,69.7422,19.3236],[18.2453,69.7453,0.0],[18.2422,69.7464,4.5739],[18.2432,69.7495,0.0]]],
[[[18.1042,69.7625,50.7801],[18.1036,69.7609,97.74],[18.0979,69.7604,16.9964],[18.0964,69.7589,0.0],[18.1125,69.7583,0.0],[18.1146,69.7604,0.0],[18.1141,69.762,0.0],[18.1083,69.7646,20.5574],[18.1047,69.7641,20.9806],[18.1042,69.7625,50.7801]]],
[[[18.1417,69.7708,0.0],[18.1411,69.7724,0.0],[18.1333,69.7729,16.5112],[18.1292,69.775,3.5221],[18.1193,69.7724,0.0],[18.1172,69.7693,0.0],[18.1203,69.7682,0.0],[18.1193,69.7651,0.0],[18.1286,69.7641,0.0],[18.1255,69.7599,0.0],[18.1271,69.7583,0.0],[18.1479,69.7583,13.4893],[18.1578,69.7609,0.0],[18.1599,69.763,0.0],[18.1599,69.7662,0.0],[18.1557,69.7682,36.6441],[18.1437,69.7688,7.8102],[18.1417,69.7708,0.0]]],
[[[18.1401,69.7901,11.8858],[18.15,69.7896,5.1517],[18.1516,69.7911,7.848],[18.1417,69.7958,0.0],[18.1318,69.7932,15.5941],[18.1401,69.7901,11.8858]]],
[[[18.4083,69.8313,0.0],[18.4099,69.8297,0.0],[18.4068,69.8266,0.0],[18.4083,69.825,10.1951],[18.4229,69.825,0.0],[18.4266,69.8276,16.3249],[18.4193,69.8318,17.534],[18.4203,69.8349,0.0],[18.4167,69.8375,2.5762],[18.4182,69.8411,0.0],[18.4151,69.8422,12.6072],[18.4161,69.8453,0.0],[18.4146,69.8458,25.0975],[18.4063,69.8458,0.0],[18.4026,69.8432,0.0],[18.4026,69.8401,6.8214],[18.4057,69.8391,67.025],[18.4047,69.8359,0.0],[18.4078,69.8349,11.9174],[18.4068,69.8318,0.0],[18.4083,69.8313,0.0]]],
[[[18.4875,69.8438,170.8498],[18.4891,69.8453,220.1713],[18.4839,69.8453,150.8919],[18.4839,69.8443,147.2776],[18.4875,69.8438,170.8498]]],
[[[18.3021,69.8521,0.0],[18.3036,69.8536,0.0],[18.2984,69.8536,8.4038],[18.2984,69.8526,0.0],[18.3021,69.8521,0.0]]],
[[[18.9807,69.2903,0.0],[18.9792,69.2917,0.0],[18.9755,69.2911,0.0],[18.9771,69.2896,0.0],[18.9807,69.2903,0.0]]],
[[[18.9313,69.3167,0.0],[18.9349,69.3172,0.0],[18.937,69.3203,0.0],[18.9333,69.3208,6.4947],[18.9333,69.3229,0.0],[18.9271,69.325,0.0],[18.9188,69.325,0.0],[18.9146,69.3229,13.0132],[18.9083,69.325,0.0],[18.9047,69.3245,0.0],[18.9104,69.3208,0.0],[18.9229,69.3208,1.7683],[18.9245,69.3203,9.1088],[18.9234,69.3172,0.0],[18.9313,69.3167,0.0]]],
[[[20.0297,69.5755,245.778],[20.0354,69.5729,346.171],[20.0385,69.5732,330.3444],[20.0391,69.5745,288.8427],[20.0359,69.5766,157.6159],[20.0432,69.5776,131.1849],[20.0453,69.5807,40.935],[20.0396,69.5833,0.0],[20.0313,69.5833,0.0],[20.0214,69.5807,42.0565],[20.0229,69.5792,107.0968],[20.0307,69.5787,116.6323],[20.0297,69.5755,245.778]]],
[[[19.9667,69.5854,0.0],[19.9521,69.5854,58.0479],[19.9479,69.5875,0.0],[19.938,69.587,104.3025],[19.9396,69.5854,150.339],[19.9474,69.5849,83.6865],[19.9542,69.5813,133.8179],[19.9667,69.5813,72.9588],[19.9708,69.5792,154.4492],[19.9745,69.5818,50.2539],[19.9703,69.5849,0.0],[19.9667,69.5854,0.0]]],
[[[18.6021,69.5208,378.5871],[18.6042,69.5208,380.0584],[18.6036,69.5224,330.4318],[18.5984,69.5224,321.2093],[18.5984,69.5214,350.9015],[18.6021,69.5208,378.5871]]],
[[[18.8578,69.6359,0.0],[18.8536,69.6391,0.0],[18.8438,69.6417,0.0],[18.8401,69.6412,0.0],[18.838,69.6391,0.0],[18.8411,69.637,0.0],[18.8401,69.6339,0.0],[18.85,69.6292,5.0065],[18.8536,69.6297,6.011],[18.8557,69.6318,0.0],[18.8526,69.6349,0.0],[18.8578,69.6359,0.0]]],
[[[18.8266,69.6547,0.0],[18.837,69.6661,0.0],[18.8312,69.6687,4.091],[18.8104,69.6687,0.4728],[18.8057,69.6651,0.0],[18.7979,69.6625,5.8807],[18.7771,69.6625,0.0],[18.7708,69.6646,0.8731],[18.7672,69.662,0.0],[18.7703,69.6599,0.0],[18.7693,69.6547,0.0],[18.7917,69.6458,0.0],[18.8,69.6458,0.0],[18.8042,69.6479,2.9132],[18.8146,69.6479,0.0],[18.8188,69.65,1.1461],[18.8229,69.65,0.0],[18.8266,69.6547,0.0]]],
[[[19.9271,69.5896,35.0083],[19.9286,69.5911,6.8781],[19.9234,69.5911,24.7497],[19.9234,69.5901,43.0247],[19.9271,69.5896,35.0083]]],
[[[19.7125,69.6479,91.8558],[19.7141,69.6495,84.7517],[19.7089,69.6495,119.4663],[19.7089,69.6484,165.6198],[19.7125,69.6479,91.8558]]],
[[[18.9809,69.6729,0.0],[18.9828,69.6745,0.0],[18.9797,69.6766,3.4125],[18.9896,69.6771,0.0],[18.9943,69.6807,2.6804],[19.0016,69.6818,1.5997],[19.0078,69.688,9.715],[19.0089,69.6911,4.3059],[19.0161,69.6922,2.7075],[19.0203,69.6964,2.3813],[19.0172,69.6995,7.0897],[19.0224,69.7047,0.0],[19.0193,69.7068,0.0],[19.0203,69.7099,0.0],[19.0083,69.7146,0.0],[18.9875,69.7083,40.3062],[18.9776,69.7078,0.0],[18.9667,69.6979,7.957],[18.9396,69.6979,5.5922],[18.9214,69.6932,0.0],[18.9167,69.6896,0.0],[18.9083,69.6896,0.0],[18.9036,69.6859,2.4494],[18.8964,69.6849,0.0],[18.8995,69.6818,0.0],[18.8964,69.6776,0.0],[18.9042,69.6771,7.3833],[18.9099,69.6745,5.8927],[18.9089,69.6713,1.6326],[18.912,69.6693,4.6466],[18.9063,69.6625,0.0],[18.9099,69.6589,12.0951],[18.9078,69.6568,8.6398],[18.9005,69.6557,0.0],[18.8984,69.6536,0.0],[18.9016,69.6505,4.6889],[18.8964,69.6453,0.0],[18.8995,69.6422,1.5519],[18.8964,69.638,0.0],[18.8995,69.637,0.0],[18.9005,69.6339,0.0],[18.9078,69.6328,10.4885],[18.9089,69.6297,0.0],[18.9146,69.6271,6.6263],[18.9193,69.6307,6.7647],[18.9266,69.6318,3.7781],[18.9318,69.637,6.7707],[18.9391,69.638,0.0],[18.9422,69.6432,15.1874],[18.9495,69.6443,3.711],[18.9547,69.6495,16.7599],[18.962,69.6505,0.0],[18.9682,69.6589,6.5734],[18.9651,69.662,19.0529],[18.9755,69.6724,3.1448],[18.9809,69.6729,0.0]]],
[[[19.6,69.8042,73.1068],[19.6016,69.8057,4.3857],[19.5964,69.8057,0.0],[19.5964,69.8047,0.0],[19.6,69.8042,73.1068]]],
[[[20.8042,69.4854,743.4213],[20.7958,69.4854,956.972],[20.7943,69.4838,1051.6685],[20.8057,69.4838,731.7101],[20.8042,69.4854,743.4213]]],
[[[20.713,69.4984,1148.8085],[20.7078,69.5016,946.8217],[20.6979,69.5042,758.0266],[20.6943,69.5036,713.4844],[20.6901,69.4995,791.6213],[20.6917,69.4979,794.4833],[20.6979,69.4979,777.567],[20.7021,69.4958,884.1515],[20.7141,69.4953,1155.5996],[20.713,69.4922,1178.7693],[20.7188,69.4896,1311.8535],[20.7313,69.4896,1113.7983],[20.7354,69.4875,933.1301],[20.7516,69.4901,823.1231],[20.7557,69.4943,903.4161],[20.7521,69.4958,950.6956],[20.7474,69.4922,1009.6125],[20.7437,69.4917,1013.0729],[20.7339,69.4943,1291.4718],[20.7271,69.4979,1310.1069],[20.7188,69.4958,1310.0333],[20.713,69.4984,1148.8085]]],
[[[20.775,69.4958,411.7951],[20.7766,69.4974,325.7892],[20.7714,69.4974,435.6832],[20.7714,69.4964,440.5498],[20.775,69.4958,411.7951]]],
[[[20.8193,69.4745,821.7448],[20.8224,69.4724,775.4366],[20.8214,69.4693,922.7157],[20.8229,69.4688,922.7157],[20.8312,69.4688,704.4294],[20.8349,69.4714,760.0598],[20.825,69.4771,638.5891],[20.8214,69.4766,710.9387],[20.8193,69.4745,821.7448]]],
[[[20.9875,69.7875,0.0],[20.9792,69.7875,0.0],[20.9776,69.7859,0.0],[20.9891,69.7859,0.0],[20.9875,69.7875,0.0]]],
[[[20.7375,69.5021,937.5693],[20.7339,69.5005,1117.4268],[20.7411,69.4984,820.45],[20.7411,69.4995,801.9279],[20.7375,69.5021,937.5693]]],
[[[20.2771,69.5396,5.1215],[20.2714,69.5339,2.5376],[20.2766,69.5339,0.0],[20.2807,69.538,0.0],[20.2771,69.5396,5.1215]]],
[[[20.2599,69.5547,0.0],[20.262,69.5578,0.0],[20.2479,69.5604,0.0],[20.2443,69.5578,0.0],[20.25,69.5542,0.0],[20.2599,69.5547,0.0]]],
[[[20.4021,69.6042,0.0],[20.4036,69.6057,0.0],[20.3984,69.6057,0.0],[20.3984,69.6047,0.0],[20.4021,69.6042,0.0]]],
[[[20.3729,69.6792,0.0],[20.3583,69.6792,15.7082],[20.3542,69.6813,0.0],[20.3458,69.6813,0.0],[20.3443,69.6797,0.0],[20.3521,69.6792,0.0],[20.3536,69.6776,0.0],[20.3438,69.6771,34.0761],[20.3396,69.6792,0.7183],[20.3359,69.6787,0.0],[20.3318,69.6734,12.4765],[20.3391,69.6703,0.0],[20.338,69.6672,0.0],[20.3411,69.6651,0.0],[20.338,69.6609,0.0],[20.3411,69.6589,0.0],[20.3391,69.6568,0.0],[20.3333,69.6563,0.0],[20.3318,69.6547,0.0],[20.3479,69.6542,0.9574],[20.3521,69.6563,13.7499],[20.3641,69.6568,0.0],[20.3714,69.6641,2.123],[20.3766,69.6651,3.1942],[20.3734,69.6682,0.0],[20.3786,69.6745,8.4962],[20.3755,69.6755,36.7473],[20.3766,69.6787,0.0],[20.3729,69.6792,0.0]]],
[[[18.5458,69.6833,390.355],[18.5474,69.6849,315.541],[18.5422,69.6849,393.5116],[18.5422,69.6839,420.0437],[18.5458,69.6833,390.355]]],
[[[18.5583,69.6833,446.1185],[18.5599,69.6849,494.26],[18.5547,69.6849,309.2805],[18.5547,69.6839,314.9106],[18.5583,69.6833,446.1185]]],
[[[18.544,69.6945,5.0852],[18.525,69.6979,0.0],[18.5208,69.6958,13.1675],[18.5042,69.6958,68.9087],[18.5005,69.6922,233.2952],[18.5042,69.6917,248.0771],[18.5083,69.6937,132.5336],[18.5292,69.6937,66.4853],[18.5375,69.6896,133.7771],[18.5516,69.688,160.5522],[18.5536,69.6932,0.0],[18.544,69.6945,5.0852]]],
[[[18.7307,69.8651,1.3952],[18.6974,69.8828,4.8698],[18.6938,69.8833,0.0],[18.6891,69.8797,19.1296],[18.6839,69.8786,59.2877],[18.6807,69.8755,0.0],[18.6734,69.8745,0.0],[18.6714,69.8724,0.0],[18.6807,69.8693,195.1253],[18.6708,69.8667,217.3313],[18.6625,69.8688,0.0],[18.6589,69.8662,76.337],[18.6578,69.863,147.195],[18.6458,69.8625,12.5371],[18.6422,69.8588,0.0],[18.6495,69.8557,41.5468],[18.6464,69.8505,0.0],[18.6495,69.8495,8.5816],[18.6484,69.8464,0.0],[18.6516,69.8453,0.0],[18.6505,69.8422,0.0],[18.6688,69.8396,0.0],[18.6745,69.837,0.0],[18.6729,69.8354,0.0],[18.663,69.8349,2.2724],[18.6661,69.8318,108.0593],[18.6604,69.8313,0.0],[18.6589,69.8297,8.1697],[18.6755,69.8214,0.0],[18.6849,69.8203,16.7843],[18.6958,69.8146,7.1604],[18.7021,69.8146,46.9709],[18.7062,69.8125,0.0],[18.7245,69.8099,21.7324],[18.7328,69.8057,7.6393],[18.7318,69.8026,40.8753],[18.7333,69.8021,45.9687],[18.7438,69.8021,50.2514],[18.7479,69.8,0.0],[18.7729,69.8,0.0],[18.7786,69.7974,54.7835],[18.7771,69.7958,89.3894],[18.7714,69.7953,0.0],[18.7672,69.7911,0.0],[18.7714,69.788,0.0],[18.7766,69.787,0.0],[18.775,69.7854,26.1072],[18.7604,69.7854,44.4819],[18.7563,69.7875,9.0514],[18.7479,69.7875,14.8455],[18.7417,69.7854,69.4228],[18.7354,69.7875,3.1428],[18.7318,69.7839,1.6752],[18.7375,69.7813,0.0],[18.7578,69.7807,0.0],[18.7547,69.7766,7.4608],[18.7563,69.775,30.2819],[18.775,69.775,47.306399999999996],[18.7896,69.7708,199.0114],[18.8036,69.7703,111.642],[18.8021,69.7688,144.9159],[18.7438,69.7688,399.0876],[18.7375,69.7667,403.4433],[18.7359,69.7672,324.6816],[18.737,69.7703,313.7251],[18.7313,69.7729,140.3891],[18.7229,69.7729,13.2585],[18.7193,69.7703,0.0],[18.7224,69.7672,70.6664],[18.7151,69.7578,0.0],[18.7182,69.7547,4.5228],[18.7068,69.7432,0.0],[18.7047,69.7391,0.0],[18.7078,69.7359,60.1265],[18.7047,69.7318,9.39],[18.7078,69.7297,22.2285],[18.7005,69.7224,0.0],[18.7036,69.7203,0.0],[18.7016,69.7151,0.0],[18.6974,69.7109,52.4428],[18.6901,69.7099,0.0],[18.6932,69.7068,139.5428],[18.6797,69.7057,0.0],[18.6776,69.7005,0.0],[18.6807,69.6995,0.0],[18.6797,69.6964,0.0],[18.6813,69.6958,0.0],[18.6875,69.6958,25.7632],[18.6958,69.6917,0.0],[18.7062,69.6917,34.7729],[18.7104,69.6896,0.0],[18.7167,69.6896,4.4585],[18.7234,69.6859,0.0],[18.7313,69.6854,3.4004],[18.7328,69.6839,0.0],[18.7229,69.6833,0.0],[18.7167,69.6813,21.7333],[18.7083,69.6854,0.0],[18.7,69.6854,0.0],[18.6938,69.6833,9.109],[18.6896,69.6854,7.8968],[18.6813,69.6854,37.6524],[18.6797,69.6839,80.956],[18.6828,69.6818,198.7806],[18.6729,69.6813,182.2067],[18.6714,69.6818,182.2067],[18.6724,69.6849,40.087],[18.6708,69.6854,31.5883],[18.6542,69.6854,6.2841],[18.6443,69.6901,32.5439],[18.6458,69.6937,0.0],[18.6422,69.6974,0.0],[18.6578,69.7141,0.0],[18.6505,69.7193,23.0641],[18.6516,69.7224,0.0],[18.6443,69.7255,0.0],[18.6453,69.7286,0.0],[18.6422,69.7297,0.0],[18.6432,69.7328,0.0],[18.6401,69.7338,6.7573],[18.6432,69.738,0.0],[18.6401,69.7401,22.7285],[18.6411,69.7432,1.7876],[18.6297,69.7484,15.2851],[18.6307,69.7516,0.0],[18.6188,69.7562,0.0],[18.613,69.7568,26.112],[18.6146,69.7583,0.0],[18.6229,69.7583,0.0],[18.6271,69.7604,18.7637],[18.6333,69.7583,0.0],[18.6417,69.7583,0.0],[18.6474,69.763,3.523],[18.6359,69.7693,3.0924],[18.638,69.7745,0.0],[18.6453,69.7818,0.0],[18.6422,69.7849,6.8243],[18.6516,69.7963,0.0],[18.6443,69.8005,24.1737],[18.6453,69.8037,0.0],[18.6437,69.8042,0.0],[18.6292,69.8042,10.5407],[18.625,69.8021,105.6802],[18.6167,69.8021,7.5341],[18.6151,69.8005,83.0747],[18.6182,69.7995,172.1211],[18.6167,69.7979,244.4467],[18.6104,69.8,159.9157],[18.6042,69.8,204.6412],[18.6,69.8021,103.546],[18.5854,69.8021,87.0233],[18.5812,69.7979,231.1721],[18.5833,69.7958,302.0541],[18.5896,69.7958,332.2735],[18.5958,69.7979,284.7248],[18.6016,69.7953,401.9915],[18.6,69.7937,487.1037],[18.5521,69.7917,318.3017],[18.5479,69.7896,420.9751],[18.5339,69.7911,42.3572],[18.5297,69.7859,0.0],[18.5328,69.7849,0.0],[18.5318,69.7818,0.0],[18.5349,69.7797,0.0],[18.5286,69.7734,90.3449],[18.5172,69.7724,8.0427],[18.5151,69.7693,0.0],[18.5182,69.7672,40.8416],[18.5109,69.7662,0.0],[18.5036,69.7589,0.0],[18.4984,69.7578,0.0],[18.4964,69.7557,0.0],[18.4995,69.7536,0.0],[18.4964,69.7484,0.0],[18.4995,69.7464,15.5088],[18.4922,69.7453,0.0],[18.4891,69.7401,0.0],[18.4818,69.7391,14.169],[18.4849,69.737,26.8089],[18.4839,69.7338,56.3597],[18.4854,69.7333,95.6462],[18.4917,69.7354,28.215],[18.5063,69.7354,150.9351],[18.5125,69.7375,240.8286],[18.5271,69.7333,500.202],[18.5333,69.7333,581.1606],[18.5391,69.7307,737.708],[18.5375,69.7292,808.0302],[18.5292,69.7292,757.5135],[18.525,69.7312,650.041],[18.5063,69.7312,403.3535],[18.5,69.7292,291.1389],[18.4958,69.7312,173.9905],[18.4922,69.7307,178.0964],[18.5021,69.725,363.0],[18.5187,69.7229,453.8133],[18.5245,69.7203,765.0274],[18.5146,69.7167,765.0228],[18.4938,69.7167,523.6176],[18.4839,69.7193,728.8602],[18.4755,69.7234,705.9369],[18.4745,69.7266,578.3937],[18.4703,69.7286,545.2447],[18.4625,69.7271,637.547],[18.4609,69.7276,660.5767],[18.462,69.7307,577.3078],[18.4526,69.7318,614.6199],[18.4542,69.7333,636.782],[18.4641,69.7338,350.7688],[18.4703,69.7401,86.3683],[18.4672,69.7432,198.3231],[18.4745,69.7443,19.835],[18.4766,69.7464,5.3172],[18.4693,69.7536,147.0576],[18.4766,69.7547,28.1735],[18.4786,69.7578,12.0345],[18.4729,69.7604,132.1212],[18.4438,69.7604,736.6173],[18.438,69.7662,360.1674],[18.4479,69.7688,235.1847],[18.4625,69.7688,274.243],[18.475,69.7625,61.7287],[18.4833,69.7625,0.0],[18.4849,69.7641,0.0],[18.4818,69.7651,0.0],[18.4828,69.7703,0.0],[18.4797,69.7714,0.0],[18.4807,69.7745,2.3977],[18.4708,69.7792,32.9482],[18.4521,69.7813,0.0],[18.4417,69.7771,19.3728],[18.4313,69.7771,0.0],[18.4167,69.7729,10.4861],[18.4005,69.7776,0.0],[18.4078,69.787,0.0],[18.4,69.7875,58.3774],[18.3917,69.7917,5.8766],[18.3708,69.7917,47.7854],[18.363,69.7828,393.4695],[18.3661,69.7807,342.5182],[18.3646,69.7792,440.6198],[18.3563,69.7792,572.4394],[18.3521,69.7813,393.5731],[18.3333,69.7813,130.4975],[18.3271,69.7771,296.0868],[18.3042,69.7771,0.0],[18.3005,69.7745,0.0],[18.2984,69.7693,0.0],[18.3016,69.7682,0.0],[18.3005,69.7651,0.0],[18.3036,69.7641,0.0],[18.3026,69.7609,0.0],[18.3099,69.7578,34.8945],[18.3089,69.7547,4.4628],[18.312,69.7536,20.4982],[18.3109,69.7484,0.0],[18.3182,69.7453,82.088],[18.3172,69.7422,20.1508],[18.3203,69.7412,22.9233],[18.3193,69.738,0.0],[18.3224,69.737,0.0],[18.3193,69.7318,0.0],[18.3224,69.7307,19.4871],[18.3214,69.7276,20.7624],[18.3245,69.7266,112.9189],[18.3234,69.7214,119.0679],[18.3266,69.7193,201.5619],[18.3214,69.713,0.0],[18.3292,69.7125,2.0654],[18.3333,69.7104,0.0],[18.3583,69.7104,0.0],[18.3625,69.7125,9.9299],[18.3771,69.7125,0.0],[18.3833,69.7104,0.0],[18.3875,69.7125,14.944],[18.4063,69.7125,13.3897],[18.4125,69.7104,0.0],[18.4167,69.7125,8.5174],[18.425,69.7125,9.2096],[18.4313,69.7104,0.0],[18.4375,69.7125,48.4091],[18.4417,69.7104,0.0],[18.4542,69.7104,0.0],[18.4625,69.7063,0.0],[18.4667,69.7083,49.4333],[18.4875,69.7083,0.0],[18.4938,69.7063,0.0],[18.5063,69.7104,62.706],[18.5125,69.7083,0.0],[18.5187,69.7104,52.3341],[18.525,69.7083,0.0],[18.5313,69.7104,75.3408],[18.5354,69.7083,0.0],[18.5479,69.7083,22.1349],[18.5625,69.7042,0.0],[18.5688,69.7042,0.0],[18.5729,69.7021,0.0],[18.6125,69.7,0.0],[18.6141,69.6995,0.0],[18.613,69.6964,0.0],[18.6161,69.6943,0.0],[18.6141,69.6922,3.2347],[18.6042,69.6896,0.0],[18.5896,69.6896,10.7752],[18.5771,69.6854,373.6233],[18.5688,69.6854,448.4067],[18.5625,69.6813,564.4023],[18.5396,69.6792,675.3925],[18.5354,69.6813,563.1957],[18.5063,69.6813,771.4051],[18.5021,69.6833,601.1709],[18.4896,69.6833,600.8346],[18.488,69.6849,528.0796],[18.4938,69.6854,525.7463],[18.4953,69.687,492.0636],[18.4896,69.6896,521.9096],[18.475,69.6854,496.1445],[18.4667,69.6875,424.1899],[18.4625,69.6854,558.1276],[18.4521,69.6896,479.8335],[18.4484,69.687,568.5447],[18.4516,69.6839,673.9348],[18.4479,69.6833,754.6649],[18.4438,69.6854,795.7911],[18.4375,69.6854,763.6682],[18.4333,69.6875,743.9918],[18.4151,69.6901,301.2018],[18.4307,69.6953,121.9993],[18.4208,69.7,0.0],[18.4063,69.7,0.0],[18.4016,69.6964,130.1489],[18.3917,69.6937,344.6174],[18.3854,69.6958,96.8978],[18.3755,69.6932,281.016],[18.3828,69.6891,515.1643],[18.3813,69.6875,637.5087],[18.3729,69.6875,689.6629],[18.3646,69.6917,248.8514],[18.3563,69.6917,0.0],[18.3458,69.6875,0.0],[18.3339,69.687,97.7137],[18.337,69.6849,180.3761],[18.3354,69.6833,296.4509],[18.3271,69.6833,499.09],[18.3208,69.6854,658.8678],[18.3109,69.6807,680.3226],[18.3125,69.6792,743.6846],[18.3354,69.6792,225.2124],[18.3396,69.6771,262.5468],[18.3474,69.6766,231.2808],[18.3458,69.675,331.628],[18.3375,69.675,417.5195],[18.3333,69.6729,692.9686],[18.325,69.6729,764.6669],[18.3208,69.675,780.4893],[18.313,69.6755,740.5967],[18.3063,69.6792,517.484],[18.2984,69.6797,478.9549],[18.3005,69.6828,328.8671],[18.3078,69.6839,404.7868],[18.3099,69.6859,350.4113],[18.3042,69.6896,131.745],[18.2979,69.6875,367.5341],[18.2875,69.6875,526.5818],[18.2833,69.6854,564.5315],[18.2771,69.6875,492.8594],[18.2708,69.6854,758.3114],[18.2396,69.6854,617.6495],[18.2354,69.6875,481.6312],[18.2292,69.6875,583.2484],[18.2276,69.6891,590.8488],[18.25,69.6896,260.6843],[18.2536,69.6932,257.853],[18.2417,69.6979,88.5589],[18.2229,69.6917,746.0673],[18.2146,69.6917,640.1335],[18.2089,69.6953,536.1987],[18.2146,69.6958,337.0637],[18.2161,69.6974,325.4302],[18.2083,69.6979,457.9053],[18.1984,69.7026,261.1736],[18.2057,69.7057,14.3266],[18.1979,69.7083,8.9075],[18.1932,69.7047,199.4222],[18.1859,69.7037,70.101],[18.1818,69.6995,0.0],[18.1818,69.6964,0.0],[18.1974,69.6891,17.0897],[18.1964,69.6859,0.0],[18.2057,69.6849,38.1019],[18.2047,69.6818,0.0],[18.212,69.6787,10.5704],[18.2109,69.6755,0.0],[18.2141,69.6745,0.0],[18.213,69.6713,0.0],[18.2161,69.6703,0.0],[18.2151,69.6672,0.0],[18.2188,69.6646,80.9793],[18.2172,69.6609,0.0],[18.2229,69.6583,0.0],[18.2307,69.6578,15.6778],[18.2391,69.6536,16.3154],[18.238,69.6505,0.0],[18.2411,69.6495,69.2803],[18.2401,69.6464,22.983],[18.2432,69.6453,46.3411],[18.2422,69.6422,0.0],[18.2536,69.637,0.0],[18.2526,69.6339,0.0],[18.2651,69.6276,0.0],[18.2729,69.6271,48.0026],[18.2786,69.6245,0.0],[18.2776,69.6214,0.0],[18.2818,69.6193,7.6844],[18.3104,69.6188,0.0],[18.3146,69.6208,3.6306],[18.3229,69.6208,0.0],[18.3354,69.625,3.1326],[18.3458,69.625,0.0],[18.3563,69.6292,0.0],[18.3667,69.6292,0.0],[18.3766,69.6318,0.0],[18.3813,69.6354,0.0],[18.4016,69.6349,1.862],[18.3984,69.6297,39.6765],[18.4016,69.6286,189.1674],[18.4016,69.6255,311.9314],[18.3964,69.6255,270.8372],[18.3937,69.6292,43.4306],[18.3896,69.6271,62.7135],[18.3792,69.6271,0.0],[18.3755,69.6234,36.5389],[18.3896,69.6229,287.262],[18.3911,69.6214,333.8819],[18.3875,69.6188,430.4411],[18.3792,69.6208,216.36],[18.3688,69.6167,353.8808],[18.3521,69.6167,65.4771],[18.3479,69.6146,62.969],[18.3375,69.6146,0.0],[18.3349,69.6109,64.1203],[18.325,69.6083,91.5995],[18.3083,69.6083,6.0564],[18.3057,69.6047,37.1745],[18.2984,69.6036,0.0],[18.3016,69.6005,14.9116],[18.2974,69.5964,5.5549],[18.2875,69.5938,0.0],[18.2854,69.5958,6.6713],[18.2891,69.6016,0.0],[18.2766,69.6078,0.0],[18.2672,69.6088,16.5523],[18.2703,69.6141,0.0],[18.2646,69.6167,4.4912],[18.2438,69.6146,173.9899],[18.2422,69.6162,138.2627],[18.2479,69.6167,67.1848],[18.2495,69.6182,10.7873],[18.2438,69.6208,0.0],[18.2359,69.6214,21.227],[18.237,69.6245,0.0],[18.2208,69.6292,0.0],[18.2109,69.6286,0.0],[18.2182,69.6234,0.0],[18.2104,69.6208,0.0],[18.2021,69.6208,7.192],[18.2005,69.6214,7.7752],[18.2016,69.6245,0.0],[18.2,69.625,0.0],[18.1917,69.6229,11.0],[18.1875,69.625,0.0],[18.1797,69.6255,44.8658],[18.1714,69.6297,0.0],[18.1724,69.6328,0.0],[18.1708,69.6333,0.0],[18.1563,69.6333,9.8507],[18.1516,69.6276,73.0654],[18.1443,69.6266,29.6465],[18.1474,69.6245,108.5946],[18.1464,69.6214,223.428],[18.1495,69.6203,264.2271],[18.1479,69.6188,383.2706],[18.1167,69.6188,93.0521],[18.1104,69.6208,0.0],[18.1005,69.6182,0.0],[18.0979,69.6146,5.3325],[18.088,69.6151,0.0],[18.0839,69.6172,4.433],[18.0849,69.6203,0.0],[18.0833,69.6208,0.0],[18.0646,69.6208,5.0541],[18.0583,69.6229,0.0],[18.0526,69.6182,0.0],[18.0484,69.612,0.0],[18.0516,69.6099,9.0283],[18.0495,69.6068,0.0],[18.0208,69.6062,20.0912],[18.0193,69.6047,33.8203],[18.0224,69.6026,19.9099],[18.0203,69.6005,13.2591],[18.013,69.5995,2.026],[18.0172,69.5964,0.0],[18.025,69.5958,0.0],[18.0266,69.5943,3.4247],[18.0193,69.5932,0.0],[18.0172,69.588,0.0],[18.0203,69.5859,7.8394],[18.013,69.5849,0.0],[18.0089,69.5807,0.0],[18.0161,69.5734,136.965],[18.0089,69.5651,11.5965],[18.012,69.5641,13.9406],[18.0109,69.5609,0.0],[18.0151,69.5589,0.0],[18.0229,69.5583,3.5684],[18.0313,69.5542,0.0],[18.05,69.5542,9.353],[18.0542,69.5521,0.0],[18.0667,69.5521,51.6541],[18.0708,69.55,0.0],[18.0771,69.55,0.0],[18.0812,69.5521,12.7876],[18.0917,69.5521,0.0],[18.0964,69.5557,0.0],[18.1,69.5563,0.0],[18.1083,69.5521,0.0],[18.1245,69.5495,8.8875],[18.1255,69.5463,0.0],[18.1411,69.5391,14.021],[18.1401,69.5359,0.0],[18.1609,69.5255,0.0],[18.1688,69.525,6.2124],[18.1729,69.5229,0.0],[18.1833,69.5229,37.9284],[18.1979,69.5188,0.0],[18.2188,69.5188,0.0],[18.2229,69.5208,3.3725],[18.2375,69.5208,0.0],[18.25,69.525,10.318],[18.2563,69.5229,0.0],[18.2687,69.5229,0.0],[18.2896,69.5292,5.9052],[18.3813,69.5292,0.0],[18.3854,69.5313,15.781],[18.4021,69.5313,0.0],[18.4292,69.5396,6.4717],[18.4396,69.5396,0.0],[18.4438,69.5417,0.0],[18.4583,69.5417,0.0],[18.4625,69.5437,0.0],[18.4729,69.5437,0.0],[18.4771,69.5458,5.5856],[18.5021,69.5458,7.9118],[18.5083,69.5437,0.0],[18.5125,69.5458,0.0],[18.5208,69.5458,0.0],[18.525,69.5479,0.0],[18.5542,69.5479,0.0],[18.5583,69.55,4.5097],[18.5792,69.55,0.0],[18.5839,69.5537,0.0],[18.5891,69.5547,0.0],[18.5943,69.5599,7.1407],[18.6078,69.5609,0.0],[18.6151,69.5703,8.8094],[18.625,69.5729,0.0],[18.6437,69.5729,0.0],[18.6521,69.5687,0.0],[18.6599,69.5682,4.1997],[18.6792,69.5583,0.0],[18.7,69.5583,0.0],[18.7042,69.5604,0.0],[18.7104,69.5604,0.0],[18.725,69.5563,0.0],[18.7313,69.5583,15.1104],[18.7417,69.5583,0.0],[18.7542,69.5625,0.0],[18.7641,69.563,0.0],[18.7693,69.5682,11.6138],[18.7766,69.5693,0.0],[18.7776,69.5724,6.2152],[18.7849,69.5734,0.0],[18.7896,69.5771,0.0],[18.7953,69.5776,0.0],[18.8021,69.5854,0.0],[18.7984,69.5891,18.17],[18.8057,69.5901,0.0],[18.8109,69.5953,0.0],[18.8333,69.5958,0.6554],[18.8411,69.6026,0.0],[18.8339,69.6068,0.2498],[18.8349,69.6099,0.0],[18.8255,69.6109,0.0],[18.8266,69.6141,0.0],[18.8234,69.6151,0.0],[18.8245,69.6182,0.0],[18.8214,69.6193,0.0],[18.8224,69.6224,0.0],[18.8167,69.625,0.0],[18.8089,69.6255,3.0532],[18.812,69.6297,0.0],[18.812,69.6328,0.0],[18.8047,69.6339,4.1589],[18.7979,69.6375,0.0],[18.7833,69.6375,0.0],[18.775,69.6312,2.4313],[18.7604,69.6312,0.0],[18.7542,69.6292,4.0101],[18.7526,69.6297,6.0515],[18.7536,69.6328,0.0],[18.7354,69.6354,0.0],[18.7297,69.638,2.2736],[18.7313,69.6396,0.0],[18.737,69.6401,0.0],[18.7339,69.6432,1.1976],[18.7411,69.6443,0.0],[18.7443,69.6495,0.0],[18.7516,69.6505,0.0],[18.7484,69.6526,0.0],[18.7495,69.6557,0.0],[18.7464,69.6568,4.2106],[18.7505,69.662,19.5459],[18.762,69.663,0.0],[18.7578,69.6661,0.0],[18.75,69.6667,22.4905],[18.7443,69.6693,46.3648],[18.7453,69.6724,0.0],[18.7422,69.6745,33.7775],[18.7521,69.675,2.1674],[18.7563,69.6729,0.0],[18.7646,69.6729,0.0],[18.7745,69.6755,0.0],[18.7776,69.6787,0.0],[18.7854,69.6813,5.2034],[18.8021,69.6813,0.0],[18.8063,69.6833,3.7689],[18.8458,69.6833,0.0],[18.85,69.6854,0.0],[18.8646,69.6854,0.0],[18.8714,69.6911,2.5846],[18.8833,69.6917,0.0],[18.8875,69.6937,1.0878],[18.8917,69.6937,0.0],[18.8964,69.6974,0.0],[18.9042,69.7,0.0],[18.9146,69.7021,7.2657],[18.9208,69.7,0.0],[18.925,69.7021,1.6562],[18.9292,69.7021,0.0],[18.9318,69.7057,2.4126],[18.9391,69.7068,0.0],[18.9443,69.712,0.0],[18.9578,69.713,0.0],[18.9547,69.7151,1.5195],[18.9557,69.7182,0.0],[18.9526,69.7193,0.0],[18.9536,69.7224,0.0],[18.9505,69.7234,3.1384],[18.9505,69.7266,0.0],[18.9604,69.7292,5.9827],[18.9667,69.7271,0.0],[18.975,69.7271,0.0],[18.9911,69.7318,0.0],[18.9958,69.7354,8.8727],[19.0021,69.7333,0.0],[19.0057,69.7338,0.0],[19.013,69.7412,0.0],[19.0203,69.7422,0.0],[19.0214,69.7453,1.8993],[19.0318,69.7557,9.7375],[19.0474,69.7589,0.0],[19.0495,69.7641,0.0],[19.0464,69.7662,6.9432],[19.0484,69.7682,10.0208],[19.0557,69.7693,0.0],[19.0578,69.7714,0.0],[19.0547,69.7734,0.0],[19.0557,69.7766,0.0],[19.0464,69.7776,17.1328],[19.0474,69.7807,0.0],[19.0359,69.7859,30.263],[19.037,69.7891,0.0],[19.0297,69.7922,0.0],[19.0307,69.7953,0.0],[19.0193,69.8005,6.2204],[19.0203,69.8037,0.0],[19.0109,69.8047,25.3739],[19.012,69.8078,0.0],[19.0005,69.813,3.6299],[19.0016,69.8161,0.0],[18.9849,69.8245,0.0],[18.9755,69.8255,20.1743],[18.9646,69.8313,0.0],[18.9375,69.8313,0.0],[18.925,69.8271,0.0],[18.9208,69.8292,0.0],[18.913,69.8297,11.5326],[18.9047,69.8339,8.1825],[18.9057,69.837,0.0],[18.9042,69.8375,0.0],[18.8854,69.8396,0.0],[18.8792,69.8375,0.0],[18.875,69.8396,0.0],[18.8688,69.8396,3.1921],[18.8672,69.8401,6.7464],[18.8682,69.8432,0.0],[18.85,69.8458,6.798],[18.8417,69.85,0.0],[18.8297,69.8474,0.0],[18.825,69.8417,30.4786],[18.8167,69.8438,0.0],[18.8125,69.8417,5.2291],[18.7979,69.8417,0.0],[18.7922,69.8443,4.0905],[18.7958,69.8479,0.0],[18.8125,69.8479,0.0],[18.8203,69.8505,0.0],[18.8286,69.8588,0.0],[18.8255,69.8609,2.0851],[18.8266,69.8641,0.0],[18.8193,69.8672,0.0],[18.8203,69.8703,0.0],[18.8172,69.8714,0.0],[18.8182,69.8745,0.0],[18.8125,69.8771,0.0],[18.8042,69.8771,17.378],[18.7979,69.875,221.565],[18.7964,69.8755,210.5719],[18.7974,69.8786,69.9905],[18.7875,69.8792,173.7386],[18.7859,69.8776,236.5328],[18.7891,69.8755,274.6395],[18.7875,69.875,336.2513],[18.7729,69.875,417.8798],[18.7687,69.8771,273.086],[18.7375,69.8771,41.3881],[18.7359,69.8755,0.0],[18.7391,69.8745,12.0837],[18.738,69.8714,0.0],[18.7536,69.863,6.3476],[18.7333,69.8583,72.3626],[18.7318,69.8588,103.2115],[18.7328,69.862,11.0196],[18.7297,69.863,42.0029],[18.7307,69.8651,1.3952]]],
[[[18.7016,69.7578,20.0922],[18.6964,69.7578,25.8113],[18.6943,69.7547,0.0],[18.6995,69.7547,13.4922],[18.7016,69.7578,20.0922]]],
[[[18.6297,69.8266,37.0873],[18.6349,69.8328,0.0],[18.6167,69.8417,5.0905],[18.6047,69.8391,0.0],[18.613,69.8339,0.0],[18.6224,69.8328,4.6991],[18.6203,69.8276,39.8559],[18.6146,69.8271,0.0],[18.613,69.8255,0.0],[18.6271,69.825,17.3472],[18.6297,69.8266,37.0873]]],
[[[18.5328,69.8536,130.6622],[18.5172,69.8547,257.4962],[18.5089,69.8588,78.9619],[18.5099,69.862,5.5546],[18.5063,69.8625,0.0],[18.5005,69.8568,0.0],[18.5078,69.8526,89.2622],[18.5026,69.8516,97.8244],[18.5005,69.8484,165.3273],[18.5146,69.8417,412.2369],[18.5625,69.8417,24.9902],[18.5641,69.8401,33.3577],[18.5521,69.8396,194.772],[18.5479,69.8375,361.6906],[18.5396,69.8375,463.2168],[18.5354,69.8354,532.5128],[18.525,69.8396,439.523],[18.5167,69.8396,509.7922],[18.5125,69.8375,684.4431],[18.5063,69.8396,511.2945],[18.4917,69.8396,436.1005],[18.4875,69.8375,627.2207],[18.475,69.8375,694.5683],[18.4708,69.8396,537.3516],[18.4562,69.8396,395.1909],[18.4438,69.8354,179.1793],[18.4333,69.8354,0.0],[18.4318,69.8339,0.0],[18.4391,69.8287,0.0],[18.438,69.8255,0.0],[18.4464,69.8214,10.2001],[18.4604,69.8208,7.7158],[18.4646,69.8187,0.0],[18.4688,69.8208,11.1565],[18.4917,69.8208,0.0],[18.4958,69.8229,0.0],[18.5063,69.8229,0.0],[18.5104,69.825,7.5661],[18.5417,69.825,13.0303],[18.5458,69.8229,3.6518],[18.5646,69.8229,3.516],[18.5708,69.8208,0.0],[18.5812,69.825,5.4067],[18.587,69.8255,0.0],[18.5932,69.8318,3.9043],[18.5776,69.8401,1.6381],[18.5797,69.8432,0.0],[18.5896,69.8438,3.3429],[18.5932,69.8464,0.0],[18.5849,69.8516,0.0],[18.5771,69.8521,10.7047],[18.5729,69.8542,9.5611],[18.5646,69.8542,20.6021],[18.5604,69.8521,120.816],[18.5521,69.8521,102.2235],[18.5458,69.85,248.7077],[18.5328,69.8536,130.6622]]],
[[[18.5484,69.8766,0.0],[18.5401,69.8734,0.0],[18.55,69.8729,0.0],[18.5536,69.8755,4.3729],[18.5521,69.8771,0.0],[18.5484,69.8766,0.0]]],
[[[18.7828,69.8818,17.54],[18.7813,69.8833,0.0],[18.7776,69.8828,0.0],[18.7792,69.8812,28.7024],[18.7828,69.8818,17.54]]],
[[[18.7646,69.8833,28.86],[18.7604,69.8833,20.3852],[18.7589,69.8818,16.513],[18.7703,69.8818,17.3173],[18.7687,69.8833,10.7967],[18.7646,69.8833,28.86]]],
[[[18.5745,69.887,1.6105],[18.5583,69.8917,0.0],[18.5464,69.8891,20.5581],[18.5495,69.887,4.8909],[18.5484,69.8839,0.0],[18.55,69.8833,0.0],[18.5766,69.8828,0.0],[18.5729,69.8792,0.0],[18.5609,69.8786,5.6552],[18.5625,69.8771,0.0],[18.5688,69.8771,4.5992],[18.575,69.875,0.0],[18.5932,69.8797,0.0],[18.5849,69.8849,0.0],[18.5771,69.8854,6.6892],[18.5745,69.887,1.6105]]],
[[[18.6708,69.8917,4.7457],[18.6771,69.8896,0.0],[18.6807,69.8901,0.0],[18.6776,69.8922,1.015],[18.6786,69.8953,0.0],[18.6771,69.8958,0.0],[18.6688,69.8958,0.0],[18.6651,69.8932,0.0],[18.6667,69.8917,0.0],[18.6708,69.8917,4.7457]]],
[[[19.3984,69.8203,16.9162],[19.3964,69.8172,21.6948],[19.4042,69.8146,0.0],[19.4141,69.8172,0.0],[19.4167,69.8208,0.0],[19.412,69.8245,29.086],[19.4042,69.825,0.0],[19.3984,69.8203,16.9162]]],
[[[19.4167,69.8292,0.0],[19.4182,69.8307,13.2847],[19.413,69.8307,12.4297],[19.413,69.8297,0.0],[19.4167,69.8292,0.0]]],
[[[19.7458,69.8688,0.0],[19.7516,69.8693,0.0],[19.7557,69.8734,0.0],[19.7526,69.8766,9.6232],[19.7661,69.8901,0.0],[19.763,69.8932,18.3908],[19.7672,69.8974,12.5834],[19.7724,69.8984,0.0],[19.7708,69.9021,12.2575],[19.7724,69.9057,0.0],[19.7693,69.9078,11.6214],[19.7714,69.9099,29.8366],[19.7786,69.9109,0.0],[19.7755,69.9141,25.6987],[19.7797,69.9182,20.4172],[19.787,69.9193,0.0],[19.7839,69.9224,0.0],[19.788,69.9266,4.5569],[19.7953,69.9276,0.0],[19.8047,69.937,6.1312],[19.8182,69.9401,0.0],[19.8234,69.9453,2.5833],[19.8307,69.9464,0.0],[19.8354,69.95,3.975],[19.8495,69.9526,0.0],[19.8589,69.962,1.6128],[19.8703,69.963,0.0],[19.8828,69.9766,0.0],[19.8729,69.9812,0.0],[19.8651,69.9818,2.9518],[19.8526,69.988,14.7662],[19.8536,69.9912,0.0],[19.8443,69.9922,31.5967],[19.8453,69.9953,0.0],[19.8396,69.9979,34.3066],[19.8318,69.9984,32.2975],[19.825,70.0021,0.0],[19.8146,70.0021,13.0196],[19.8083,70.0042,0.0],[19.8021,70.0021,15.4072],[19.7979,70.0042,8.8019],[19.7854,70.0042,35.1203],[19.7813,70.0062,11.3134],[19.7729,70.0062,8.7323],[19.7682,70.0026,24.6427],[19.7609,70.0016,0.0],[19.7578,69.9984,26.5331],[19.7479,69.9979,0.0],[19.7411,69.9922,0.0],[19.7339,69.9912,0.0],[19.737,69.988,6.765],[19.7203,69.9714,0.0],[19.6943,69.9682,0.0],[19.6974,69.9661,4.8563],[19.6953,69.963,18.3224],[19.688,69.962,0.0],[19.6828,69.9568,7.6668],[19.6542,69.9521,0.0],[19.6516,69.9484,9.8355],[19.6443,69.9474,0.0],[19.6396,69.9437,17.1572],[19.6255,69.9411,0.0],[19.6208,69.9375,1.3628],[19.6104,69.9375,0.0],[19.6063,69.9354,0.0],[19.5917,69.9354,4.3171],[19.5734,69.9307,0.0],[19.5766,69.9276,135.4307],[19.5667,69.925,144.578],[19.5604,69.9271,2.9689],[19.5458,69.9271,0.0],[19.5411,69.9234,8.6311],[19.5313,69.9229,0.0],[19.5266,69.9193,31.672],[19.5193,69.9182,6.4209],[19.5141,69.913,8.3685],[19.5068,69.912,0.0],[19.4953,69.8984,51.8941],[19.4797,69.8953,0.0],[19.4828,69.8932,25.5858],[19.4807,69.8901,79.5602],[19.4672,69.8891,0.0],[19.4599,69.8818,0.0],[19.4547,69.8807,0.0],[19.4464,69.8724,0.0],[19.4495,69.8703,29.5844],[19.4474,69.8672,41.2399],[19.4401,69.8662,0.0],[19.4328,69.8588,3.3221],[19.4276,69.8578,0.0],[19.4307,69.8547,82.5391],[19.4271,69.8542,145.2538],[19.4208,69.8562,29.8482],[19.4109,69.8536,0.0],[19.4047,69.8474,0.0],[19.4078,69.8443,1.7852],[19.4047,69.8401,0.0],[19.4146,69.8354,0.0],[19.4333,69.8333,0.0],[19.4375,69.8354,4.1489],[19.4479,69.8354,0.0],[19.4521,69.8375,10.6555],[19.4667,69.8375,0.0],[19.4792,69.8417,20.1392],[19.4896,69.8417,0.0],[19.4938,69.8438,76.6938],[19.5021,69.8417,0.0],[19.5063,69.8438,14.334],[19.5271,69.8438,0.0],[19.5313,69.8458,12.7491],[19.5417,69.8458,0.0],[19.5542,69.85,26.0425],[19.6125,69.85,0.0],[19.6167,69.8521,8.1655],[19.6313,69.8521,0.0],[19.6437,69.8562,0.0],[19.6708,69.8562,20.655],[19.675,69.8542,0.0],[19.7042,69.8542,6.2622],[19.7104,69.8521,0.0],[19.7146,69.8542,3.0898],[19.7266,69.8547,0.0],[19.7339,69.862,8.6061],[19.7391,69.863,0.0],[19.7411,69.8651,0.0],[19.738,69.8682,74.3433],[19.7458,69.8688,0.0]]],
[[[19.3495,69.8255,29.8873],[19.3557,69.8276,0.0],[19.3578,69.8307,6.8754],[19.3547,69.8328,4.3081],[19.3568,69.8349,0.0],[19.3641,69.8359,0.0],[19.3682,69.8401,0.0],[19.3651,69.8432,2.225],[19.3693,69.8474,2.4969],[19.3766,69.8484,0.0],[19.3818,69.8557,0.0],[19.3891,69.8568,0.0],[19.3958,69.8625,14.9532],[19.4078,69.863,0.0],[19.4182,69.8755,4.7038],[19.4151,69.8786,18.7013],[19.4224,69.8797,0.0],[19.4318,69.8891,0.0],[19.4391,69.8901,0.0],[19.4438,69.8938,6.3433],[19.4521,69.8938,0.0],[19.4703,69.8984,0.0],[19.4776,69.9057,2.7956],[19.4849,69.9068,0.0],[19.4891,69.913,0.0],[19.4859,69.9161,0.0],[19.4932,69.9234,0.0],[19.4901,69.9266,0.0],[19.4932,69.9307,0.0],[19.4734,69.9401,2.6589],[19.4766,69.9443,0.0],[19.4734,69.9464,2.3432],[19.4755,69.9495,0.0],[19.4792,69.95,3.8608],[19.4833,69.9479,0.0],[19.5042,69.9479,0.0],[19.5083,69.95,5.4515],[19.5167,69.95,0.0],[19.5208,69.9521,9.2606],[19.525,69.9521,0.0],[19.5292,69.9542,9.3956],[19.5458,69.9542,0.0],[19.55,69.9563,11.047],[19.5771,69.9563,0.0],[19.5812,69.9583,7.9194],[19.5979,69.9583,0.0],[19.6021,69.9604,3.0704],[19.6104,69.9583,0.0],[19.6203,69.9609,0.0],[19.6255,69.9661,11.1267],[19.6333,69.9688,0.6238],[19.6375,69.9688,0.0],[19.65,69.9729,0.0],[19.6604,69.9729,0.0],[19.6703,69.9755,0.0],[19.6724,69.9786,0.0],[19.6693,69.9807,0.0],[19.6724,69.9849,0.0],[19.6693,69.987,27.438],[19.6745,69.9922,2.2429],[19.6745,69.9953,10.1607],[19.6688,69.9979,108.039],[19.663,69.9984,109.2358],[19.6641,70.0016,0.0],[19.6557,70.0057,0.0],[19.6464,70.0068,12.124],[19.6474,70.0099,0.0],[19.6396,70.0104,9.1182],[19.6313,70.0146,8.191],[19.625,70.0146,75.5687],[19.6125,70.0208,0.0],[19.6042,70.0188,31.2506],[19.5938,70.0229,6.566],[19.5891,70.0193,7.2891],[19.5818,70.0182,0.0],[19.5786,70.0151,6.5857],[19.5714,70.0141,0.0],[19.5682,70.0109,2.6331],[19.5547,70.0078,0.0],[19.5526,70.0047,0.0],[19.5557,70.0036,0.0],[19.5547,70.0005,0.0],[19.5578,69.9995,0.0],[19.5547,69.9943,0.0],[19.5578,69.9922,0.0],[19.5521,69.9875,4.5924],[19.5479,69.9875,0.0],[19.5438,69.9854,5.7523],[19.5354,69.9854,0.0],[19.5339,69.9859,5.2269],[19.5349,69.9891,68.0746],[19.5318,69.9912,142.6971],[19.5339,69.9932,117.669],[19.5411,69.9943,0.0],[19.5474,70.0005,0.0],[19.5443,70.0026,0.0],[19.5453,70.0057,0.0],[19.5422,70.0068,0.0],[19.5453,70.012,0.0],[19.5359,70.013,63.4913],[19.5391,70.0182,0.0],[19.5359,70.0203,0.0],[19.5432,70.0276,0.0],[19.5396,70.0313,0.0],[19.5411,70.0349,5.2126],[19.538,70.0359,33.2119],[19.5411,70.0411,0.0],[19.5333,70.0417,19.2667],[19.5266,70.0453,13.0572],[19.5187,70.0458,27.6058],[19.5146,70.0479,6.9378],[19.4979,70.0479,39.1528],[19.4938,70.05,3.9446],[19.4792,70.05,0.0],[19.4745,70.0463,34.8359],[19.4708,70.0458,45.3405],[19.4625,70.05,0.0],[19.4562,70.05,36.7468],[19.45,70.0521,0.0],[19.4391,70.0422,13.1462],[19.4083,70.0396,0.0],[19.4068,70.038,0.0],[19.4099,70.0359,1.5438],[19.4078,70.0339,0.0],[19.3937,70.0313,10.3872],[19.3901,70.0286,0.0],[19.3974,70.0234,0.0],[19.3932,70.0172,2.1584],[19.3859,70.0162,0.0],[19.3776,70.0068,0.0],[19.3807,70.0057,1.4154],[19.3797,70.0026,0.0],[19.3828,70.0016,2.9173],[19.3818,69.9984,0.0],[19.3891,69.9953,0.4819],[19.388,69.9922,0.0],[19.3958,69.9917,0.0],[19.3974,69.9901,0.0],[19.3729,69.9896,0.0],[19.3687,69.9875,4.4716],[19.3646,69.9896,0.0],[19.3521,69.9896,124.0453],[19.3339,69.9984,43.1584],[19.3349,70.0016,0.0],[19.3276,70.0047,0.0],[19.3286,70.0078,0.0],[19.3203,70.012,10.452],[19.3167,70.0125,0.0],[19.3104,70.0104,133.7028],[19.3005,70.0151,0.0],[19.3036,70.0193,0.0],[19.3036,70.0224,19.3529],[19.2828,70.0328,4.2649],[19.2755,70.0339,0.0],[19.2755,70.037,0.0],[19.2776,70.0391,0.0],[19.2849,70.0401,0.0],[19.287,70.0422,0.0],[19.2839,70.0443,0.0],[19.2849,70.0474,0.0],[19.2818,70.0484,0.0],[19.2849,70.0537,0.0],[19.2818,70.0557,0.0],[19.2901,70.0641,0.0],[19.2974,70.0651,0.0],[19.2984,70.0682,0.0],[19.3057,70.0755,2.2383],[19.2984,70.0797,37.1669],[19.2995,70.0828,16.5063],[19.2958,70.0833,0.0],[19.2833,70.0792,57.7451],[19.2687,70.0792,0.0],[19.2641,70.0755,46.6957],[19.2458,70.0708,188.0489],[19.2292,70.0708,0.0],[19.2245,70.0672,0.0],[19.2172,70.0661,0.0],[19.2141,70.063,0.0],[19.2062,70.0625,0.0],[19.2047,70.063,0.0],[19.2057,70.0661,0.0],[19.2026,70.0682,0.0],[19.2078,70.0693,0.0],[19.2151,70.0766,0.0],[19.2224,70.0776,0.0],[19.2266,70.0818,0.0],[19.2234,70.0839,0.0],[19.2245,70.087,0.0],[19.2042,70.0875,171.1015],[19.2,70.0896,0.0],[19.1917,70.0896,0.0],[19.1854,70.0875,157.6964],[19.1792,70.0896,0.0],[19.163,70.0849,16.2408],[19.1563,70.0792,8.6396],[19.1479,70.0792,0.0],[19.1437,70.0813,0.0],[19.1042,70.0813,0.0],[19.1,70.0792,32.8814],[19.0958,70.0792,0.0],[19.0922,70.0766,0.0],[19.0891,70.0714,59.7642],[19.0818,70.0703,11.3152],[19.0776,70.0661,0.0],[19.0807,70.063,72.5916],[19.0625,70.0583,40.0144],[19.0484,70.0609,5.7556],[19.0536,70.0682,0.0],[19.0505,70.0693,4.9168],[19.0516,70.0724,13.3685],[19.0458,70.075,54.2798],[19.0339,70.0724,0.0],[19.0292,70.0687,53.4051],[19.0234,70.0682,0.0],[19.0292,70.0646,0.0],[19.037,70.0641,0.0],[19.037,70.0609,8.1247],[19.0313,70.0604,11.4106],[19.0297,70.0589,3.2541],[19.037,70.0547,0.0],[19.0313,70.0542,0.0],[19.0297,70.0526,0.0],[19.0547,70.0401,0.0],[19.0687,70.0396,29.4328],[19.0703,70.0391,16.2288],[19.0693,70.0359,0.0],[19.0771,70.0354,1.9556],[19.087,70.0307,0.0],[19.0839,70.0255,0.0],[19.087,70.0245,1.0204],[19.0859,70.0214,0.0],[19.0891,70.0193,0.0],[19.0604,70.0188,0.0],[19.0568,70.0162,0.0],[19.0682,70.0099,13.7115],[19.0667,70.0083,3.8883],[19.0583,70.0083,0.0],[19.0422,70.013,10.6757],[19.0474,70.0203,0.0],[19.0443,70.0214,0.0],[19.0453,70.0266,0.0],[19.0411,70.0286,7.0329],[19.0187,70.0313,19.289],[19.0172,70.0318,34.4745],[19.0182,70.0349,0.0],[19.0104,70.0354,35.1128],[19.0021,70.0396,0.0],[18.9938,70.0396,15.2319],[18.9755,70.0349,12.4129],[18.9672,70.0266,0.0],[18.9703,70.0234,33.5433],[18.9542,70.0188,0.0],[18.9443,70.0193,0.0],[18.9495,70.0266,0.0],[18.9354,70.0271,16.6106],[18.9313,70.0292,5.7755],[18.8688,70.0292,0.0],[18.8604,70.0229,99.4299],[18.8542,70.025,36.8576],[18.8458,70.025,0.0],[18.8359,70.0224,0.0],[18.8453,70.0193,12.0809],[18.8391,70.013,0.0],[18.8292,70.0125,3.5794],[18.8245,70.0089,10.7611],[18.8172,70.0078,14.4109],[18.8047,69.9953,0.0],[18.8026,69.9901,0.0],[18.8057,69.988,0.0],[18.8026,69.9838,0.0],[18.8083,69.9812,0.0],[18.8161,69.9807,13.8141],[18.8396,69.9688,0.0],[18.8458,69.9688,4.9993],[18.85,69.9667,15.5714],[18.8688,69.9667,0.0],[18.8729,69.9646,0.0],[18.8807,69.9641,0.0],[18.8745,69.9568,45.4443],[18.8609,69.9557,0.0],[18.8521,69.9458,0.0],[18.8484,69.9464,0.0],[18.85,69.95,0.0],[18.8479,69.9521,0.0],[18.8333,69.95,8.95],[18.8318,69.9484,4.0331],[18.8391,69.9443,0.0],[18.8292,69.9437,9.2211],[18.8125,69.9521,6.5424],[18.8063,69.9521,3.5524],[18.8,69.9542,0.0],[18.7938,69.9521,24.895],[18.7854,69.9563,0.0],[18.7729,69.9563,3.5906],[18.7583,69.9604,0.0],[18.75,69.9604,19.1016],[18.7458,69.9583,100.9734],[18.7417,69.9625,0.0],[18.7349,69.9568,68.3494],[18.7193,69.9537,2.3995],[18.713,69.9474,0.0],[18.713,69.9443,0.0],[18.7161,69.9422,21.7963],[18.7068,69.9328,0.0],[18.7099,69.9297,0.0],[18.7047,69.9245,0.0],[18.7078,69.9224,9.9473],[18.7089,69.9193,0.0],[18.7224,69.9161,27.8506],[18.7214,69.913,0.0],[18.7255,69.9109,0.0],[18.7417,69.9083,4.2464],[18.7604,69.9021,0.0],[18.7667,69.9021,0.0],[18.7708,69.9,0.0],[18.7896,69.9,0.0],[18.8042,69.8958,0.0],[18.8104,69.8958,0.0],[18.8146,69.8938,0.0],[18.8208,69.8938,11.4078],[18.8292,69.8896,0.0],[18.8354,69.8896,6.7437],[18.85,69.8854,0.0],[18.8771,69.8833,27.0117],[18.8786,69.8828,5.1774],[18.8776,69.8797,0.0],[18.8849,69.8766,0.0],[18.8859,69.8734,4.194],[18.8891,69.8724,17.8239],[18.888,69.8693,0.0],[18.8896,69.8688,0.0],[18.9021,69.8688,17.0456],[18.9063,69.8667,0.0],[18.9104,69.8688,10.1249],[18.9266,69.8682,2.433],[18.9208,69.8604,2.6783],[18.9245,69.8578,31.4101],[18.9234,69.8547,0.0],[18.9333,69.85,0.0],[18.9604,69.8479,0.0],[18.9646,69.8458,0.0],[18.9917,69.8417,0.0],[19.0,69.8375,0.0],[19.0078,69.837,7.9121],[19.0068,69.8339,0.0],[19.0099,69.8328,0.0],[19.0089,69.8297,0.0],[19.012,69.8287,0.0],[19.0109,69.8255,0.0],[19.0141,69.8245,0.0],[19.013,69.8214,0.0],[19.0224,69.8203,3.5387],[19.0151,69.8172,0.0],[19.0229,69.8167,9.8629],[19.0339,69.8109,0.0],[19.0432,69.8099,0.0],[19.0422,69.8068,0.0],[19.0599,69.8016,61.4063],[19.0568,69.7963,0.0],[19.0641,69.7932,0.0],[19.063,69.7901,0.0],[19.0646,69.7896,0.0],[19.0771,69.7896,16.0518],[19.0812,69.7875,0.0],[19.0938,69.7875,2.4762],[19.0979,69.7854,0.0],[19.1167,69.7875,0.0],[19.1229,69.7854,0.0],[19.1271,69.7875,2.7239],[19.1437,69.7875,0.0],[19.1479,69.7896,5.232],[19.1688,69.7896,0.0],[19.1896,69.7958,17.0815],[19.2229,69.7958,0.0],[19.2292,69.7979,3.7751],[19.2354,69.7958,0.0],[19.2536,69.8005,0.0],[19.2583,69.8042,0.0],[19.3021,69.8083,0.0],[19.3078,69.813,0.0],[19.3089,69.8161,0.0],[19.3208,69.8167,0.0],[19.3417,69.8229,15.1681],[19.3458,69.8229,0.0],[19.3495,69.8255,29.8873]]],
[[[20.2849,69.7443,462.8876],[20.2797,69.738,681.8723],[20.2911,69.738,60.1521],[20.2995,69.7474,0.0],[20.2938,69.75,274.5921],[20.2854,69.75,305.3993],[20.2818,69.7474,332.5043],[20.2849,69.7443,462.8876]]],
[[[20.2979,69.7583,145.3567],[20.2995,69.7599,102.5935],[20.2943,69.7599,265.9434],[20.2943,69.7589,229.5846],[20.2979,69.7583,145.3567]]],
[[[20.2542,69.7958,271.882],[20.2458,69.7958,305.7981],[20.2443,69.7943,412.7973],[20.2563,69.7937,294.9439],[20.2563,69.7958,271.796],[20.2542,69.7958,271.882]]],
[[[20.325,69.8,289.2836],[20.3266,69.8016,288.6788],[20.3214,69.8016,480.0121],[20.3214,69.8005,441.4187],[20.325,69.8,289.2836]]],
[[[20.3458,69.8146,46.2112],[20.3474,69.8161,4.0147],[20.3422,69.8161,200.0031],[20.3422,69.8151,162.9062],[20.3458,69.8146,46.2112]]],
[[[20.7359,69.8349,0.6085],[20.737,69.837,0.0],[20.7313,69.8396,0.0],[20.7188,69.8396,267.7717],[20.7042,69.8438,273.3267],[20.6797,69.8443,368.2592],[20.6818,69.8474,188.8036],[20.6896,69.85,122.526],[20.7016,69.8505,40.5502],[20.6984,69.8526,21.9882],[20.6995,69.8557,0.0],[20.6917,69.8562,5.9049],[20.688,69.8588,0.0],[20.6911,69.8641,0.0],[20.688,69.8662,1.3124],[20.6901,69.8682,2.5498],[20.6953,69.8693,0.0],[20.6995,69.8734,0.0],[20.6984,69.8766,0.7045],[20.6995,69.8786,1.4254],[20.6964,69.8807,5.3364],[20.7068,69.8912,3.3363],[20.712,69.8922,8.163],[20.7151,69.8953,15.8956],[20.7224,69.8964,-0.2755],[20.7255,69.8995,1.0806],[20.7328,69.9005,0.0],[20.7391,69.9068,0.7407],[20.7292,69.9125,2.6957],[20.7229,69.9125,11.9057],[20.7188,69.9104,55.5282],[20.6958,69.9104,0.0],[20.6911,69.9068,37.6668],[20.6839,69.9057,1.7315],[20.6818,69.9036,32.0461],[20.6833,69.9021,50.4692],[20.6911,69.9016,110.7199],[20.687,69.8964,305.6278],[20.675,69.8958,438.5265],[20.6708,69.8938,522.4338],[20.6646,69.8958,385.0988],[20.6583,69.8958,359.2271],[20.6542,69.8979,282.3185],[20.6375,69.8979,147.4081],[20.6307,69.9016,0.0],[20.6229,69.9021,1.8308],[20.6188,69.9042,0.0],[20.6,69.9042,17.1652],[20.5938,69.9063,0.0],[20.5875,69.9042,104.3916],[20.5818,69.9057,13.295],[20.5703,69.8943,131.8348],[20.5583,69.8938,30.7822],[20.5526,69.8891,2.0752],[20.5599,69.8849,0.0],[20.5589,69.8818,0.0],[20.562,69.8797,68.226],[20.5484,69.8651,0.0],[20.5625,69.8646,229.5852],[20.5641,69.863,325.9153],[20.5542,69.8604,253.367],[20.5438,69.8604,43.7531],[20.5391,69.8568,98.1604],[20.5318,69.8557,16.5446],[20.5245,69.8484,7.7676],[20.5172,69.8474,0.2723],[20.5151,69.8443,0.0],[20.5182,69.8422,15.4966],[20.513,69.837,0.0],[20.5161,69.8349,0.0],[20.5151,69.8318,0.0],[20.5224,69.8287,14.1745],[20.5214,69.8255,0.0],[20.5286,69.8224,0.0],[20.5276,69.8193,0.0],[20.5307,69.8182,6.7759],[20.5297,69.8151,0.0],[20.5328,69.8141,2.8677],[20.5297,69.8089,0.0],[20.5328,69.8078,0.0],[20.5318,69.8047,0.0],[20.5349,69.8037,4.5941],[20.5339,69.8005,0.0],[20.5411,69.7974,2.3679],[20.5401,69.7943,0.0],[20.5474,69.7932,3.6072],[20.5583,69.7875,0.0],[20.5792,69.7875,0.0],[20.5833,69.7896,19.5328],[20.5938,69.7896,0.0],[20.6208,69.7979,7.6864],[20.6312,69.7979,0.0],[20.6604,69.8063,19.3413],[20.675,69.8063,0.0],[20.6875,69.8104,0.0],[20.6979,69.8104,0.0],[20.7042,69.8146,0.0],[20.7146,69.8146,0.0],[20.7214,69.8203,0.0],[20.7286,69.8214,0.0],[20.7349,69.8276,0.0],[20.737,69.8318,0.0],[20.7359,69.8349,0.6085]]],
[[[20.3521,69.8333,253.4362],[20.3458,69.8354,557.6415],[20.3396,69.8354,793.0491],[20.3354,69.8375,790.6251],[20.3255,69.837,862.7173],[20.3286,69.8349,905.8702],[20.3276,69.8318,507.8126],[20.3354,69.8313,414.3867],[20.3396,69.8292,307.3999],[20.3458,69.8313,289.6428],[20.3578,69.8318,9.072],[20.3563,69.8333,58.1772],[20.3521,69.8333,253.4362]]],
[[[21.9922,69.7984,0.0],[21.9932,69.8016,0.0],[21.9854,69.8021,0.0],[21.9813,69.8042,0.0],[21.9729,69.8042,0.0],[21.9687,69.8021,9.7344],[21.9625,69.8042,0.0],[21.9589,69.8036,0.0],[21.962,69.8016,4.2844],[21.9609,69.7984,0.0],[21.975,69.7917,0.0],[21.9917,69.7917,0.0],[22.0062,69.7875,0.0],[22.0161,69.788,0.0],[22.0104,69.7917,0.0],[22.0026,69.7922,1.4376],[21.9922,69.7984,0.0]]],
[[[20.987,69.8214,19.6077],[20.9854,69.8229,37.9727],[20.9818,69.8224,24.987],[20.9833,69.8208,0.0],[20.987,69.8214,19.6077]]],
[[[21.2,69.9042,15.5102],[21.1964,69.9026,0.0],[21.2021,69.9,0.0],[21.212,69.9005,26.3193],[21.2062,69.9042,0.0],[21.2,69.9042,15.5102]]],
[[[20.3104,69.8354,555.8457],[20.3068,69.8339,940.7962],[20.3125,69.8313,672.7098],[20.3203,69.8318,738.9398],[20.3161,69.8349,670.12],[20.3104,69.8354,555.8457]]],
[[[20.7083,69.8458,120.946],[20.7099,69.8474,51.773],[20.7047,69.8474,116.7327],[20.7047,69.8464,168.9809],[20.7083,69.8458,120.946]]],
[[[20.3667,69.8542,0.0],[20.3682,69.8557,0.0],[20.363,69.8557,19.0438],[20.363,69.8547,20.1576],[20.3667,69.8542,0.0]]],
[[[21.8099,69.9224,0.0],[21.7938,69.9271,0.0],[21.7854,69.9271,0.0],[21.7797,69.9213,0.0],[21.787,69.9182,27.6918],[21.7859,69.9151,0.0],[21.7901,69.913,0.0],[21.7979,69.9125,0.0],[21.8036,69.9099,61.8511],[21.8026,69.9068,0.0],[21.8047,69.9047,0.0],[21.812,69.9016,15.3087],[21.8109,69.8984,0.0],[21.8266,69.8912,8.979],[21.8255,69.888,0.0],[21.8276,69.8859,0.0],[21.8333,69.8833,0.0],[21.837,69.8839,12.4457],[21.8391,69.887,0.0],[21.8359,69.8891,7.5619],[21.838,69.8912,2.2441],[21.8453,69.8922,0.0],[21.8443,69.8953,0.0],[21.8474,69.8995,0.0],[21.838,69.9005,10.5956],[21.8391,69.9036,0.0],[21.8375,69.9042,0.0],[21.8208,69.9063,134.6026],[21.8151,69.9089,95.3874],[21.8203,69.9141,0.0],[21.813,69.9172,63.3096],[21.8141,69.9203,0.0],[21.8099,69.9224,0.0]]],
[[[21.7255,69.9391,0.0],[21.7266,69.9411,0.0],[21.7188,69.9417,8.5578],[21.7146,69.9437,4.7841],[21.6708,69.9437,0.0],[21.6661,69.9401,71.2351],[21.6589,69.9391,0.0],[21.662,69.9359,127.7722],[21.6547,69.9349,59.6277],[21.6516,69.9318,32.0927],[21.6417,69.9292,69.9296],[21.625,69.9292,0.0],[21.6234,69.9276,0.0],[21.6333,69.9229,0.0],[21.6625,69.9229,0.0],[21.6771,69.9187,0.0],[21.6917,69.9187,0.0],[21.6958,69.9208,6.2054],[21.7104,69.9167,0.0],[21.7313,69.9167,15.4],[21.737,69.9213,0.0],[21.7339,69.9245,31.6776],[21.737,69.9287,0.0],[21.7297,69.9318,0.0],[21.7307,69.9349,0.0],[21.7255,69.9391,0.0]]],
[[[21.825,69.9479,31.6647],[21.8193,69.9474,0.0],[21.8172,69.9443,0.0],[21.825,69.9437,0.0],[21.8307,69.9464,13.2512],[21.8292,69.9479,50.3204],[21.825,69.9479,31.6647]]],
[[[21.8063,69.95,20.796],[21.8026,69.9484,0.0],[21.8104,69.9458,0.0],[21.8161,69.9516,0.0],[21.8125,69.9521,0.0],[21.8063,69.95,20.796]]],
[[[20.6922,69.9203,0.0],[20.6875,69.9187,19.8459],[20.6818,69.9213,0.0],[20.6891,69.9245,4.2035],[20.6813,69.9271,0.0],[20.6771,69.925,46.3777],[20.6651,69.9245,12.6003],[20.6609,69.9193,1.2657],[20.6688,69.9167,0.0],[20.6734,69.9203,0.0],[20.6771,69.9208,0.0],[20.6786,69.9193,7.8079],[20.6755,69.9151,0.0],[20.6833,69.9146,6.1392],[20.6875,69.9125,0.0],[20.6995,69.9151,3.7998],[20.7016,69.9172,0.0],[20.6974,69.9203,0.0],[20.6922,69.9203,0.0]]],
[[[20.6583,69.9375,0.0],[20.6682,69.9401,0.0],[20.6807,69.9526,0.0],[20.6828,69.9557,0.0],[20.6797,69.9578,12.6406],[20.6849,69.9641,0.0],[20.6422,69.9859,46.7005],[20.6432,69.9891,0.0],[20.6391,69.9912,12.547],[20.6292,69.9917,0.0],[20.6245,69.988,0.0],[20.6172,69.987,0.0],[20.6172,69.9838,0.0],[20.6193,69.9818,0.0],[20.6307,69.9755,15.858],[20.6255,69.9703,0.0],[20.6286,69.9672,0.0],[20.6245,69.963,0.0],[20.6172,69.962,0.0],[20.6089,69.9526,0.0],[20.6161,69.9495,9.4689],[20.6151,69.9464,0.0],[20.625,69.9417,0.0],[20.6312,69.9417,0.0],[20.6458,69.9375,0.0],[20.6583,69.9375,0.0]]],
[[[20.7589,70.0432,0.0],[20.7568,70.0401,0.0],[20.7609,70.038,0.0],[20.7724,70.038,0.0],[20.7641,70.0432,0.0],[20.7589,70.0432,0.0]]],
[[[20.4437,70.0458,0.0],[20.4453,70.0474,70.1895],[20.4401,70.0474,22.6951],[20.4401,70.0463,0.0],[20.4437,70.0458,0.0]]],
[[[21.5349,69.9682,5.1662],[21.5297,69.9682,15.0883],[21.5276,69.9651,0.0],[21.5391,69.9651,0.0],[21.5349,69.9682,5.1662]]],
[[[21.7583,69.9792,3.9608],[21.75,69.9792,18.7196],[21.7484,69.9776,0.0],[21.7599,69.9776,0.0],[21.7583,69.9792,3.9608]]],
[[[20.8141,70.0432,0.0],[20.8083,70.0458,0.0],[20.8021,70.0458,0.0],[20.7958,70.0479,0.0],[20.7859,70.0453,0.0],[20.7932,70.0411,0.0],[20.7917,70.0396,0.0],[20.7833,70.0396,0.0],[20.7771,70.0417,0.0],[20.7755,70.0401,0.0],[20.7786,70.038,0.0],[20.775,70.0354,4.2273],[20.7646,70.0354,0.0],[20.7521,70.0313,0.0],[20.7458,70.0333,0.0],[20.7422,70.0328,0.0],[20.737,70.0276,3.0246],[20.7234,70.0245,0.0],[20.713,70.0141,0.0],[20.7141,70.0109,3.6551],[20.7109,70.0068,0.0],[20.7141,70.0057,0.0],[20.713,70.0026,0.0],[20.7203,69.9995,0.0],[20.7193,69.9964,0.0],[20.7359,69.988,0.0],[20.7453,69.987,117.9393],[20.7422,69.9818,0.0],[20.7536,69.9766,67.3337],[20.7526,69.9734,0.0],[20.7557,69.9724,27.312],[20.7505,69.9661,0.0],[20.7536,69.9641,41.2337],[20.7505,69.9589,5.9669],[20.7557,69.9557,61.8566],[20.7547,69.9526,0.0],[20.7745,69.9432,15.5411],[20.7734,69.9401,0.0],[20.7943,69.9297,0.0],[20.8104,69.9271,9.9476],[20.8188,69.9229,0.0],[20.8312,69.9229,0.0],[20.8375,69.9208,0.0],[20.8417,69.9229,2.109],[20.8521,69.9229,0.0],[20.8729,69.9292,0.0],[20.8813,69.9292,0.0],[20.8937,69.9333,6.4012],[20.9188,69.9354,0.0],[20.9234,69.9391,0.0],[20.9375,69.9417,0.0],[20.9422,69.9453,3.4947],[20.9495,69.9464,0.0],[20.9589,69.9557,33.2516],[20.9661,69.9568,0.0],[20.9682,69.9589,0.0],[20.9557,69.9661,0.0],[20.9479,69.9667,31.0491],[20.9422,69.9703,1.0],[20.9458,69.9708,1.0],[20.9521,69.9688,0.0],[20.9583,69.9708,14.2686],[20.9646,69.9688,0.0],[20.9745,69.9714,0.0],[20.9813,69.9771,19.2215],[20.9938,69.9792,0.0],[20.9979,69.9812,0.0],[21.0063,69.9812,0.0],[21.0104,69.9833,23.6879],[21.025,69.9833,0.0],[21.0313,69.9812,0.0],[21.0354,69.9833,16.2525],[21.0458,69.9833,0.0],[21.0505,69.987,12.5461],[21.0578,69.988,0.0],[21.0609,69.9912,0.0],[21.0682,69.9922,0.0],[21.0703,69.9943,0.0],[21.0672,69.9964,17.8708],[21.0682,69.9995,12.2399],[21.0583,70.0,0.0],[21.0375,69.9938,127.2981],[21.0276,69.9943,105.5398],[21.0297,69.9974,0.0],[21.037,69.9984,0.0],[21.0339,70.0005,0.0],[21.0349,70.0036,14.7328],[21.0333,70.0042,11.2842],[21.0271,70.0042,0.0],[21.0172,70.0016,0.0],[21.0125,69.9979,70.0928],[21.0021,69.9979,24.9123],[20.9979,69.9958,81.0186],[20.9896,69.9958,97.0819],[20.9813,70.0,19.4025],[20.9729,70.0,0.0],[20.963,69.9974,0.0],[20.9589,69.9932,0.0],[20.9661,69.9891,0.0],[20.9599,69.9818,41.9101],[20.95,69.9792,29.3376],[20.9417,69.9792,0.0],[20.9349,69.9828,0.0],[20.9276,69.9838,9.4039],[20.8984,69.9984,4.185],[20.9057,70.0016,0.0],[20.9,70.0042,12.8398],[20.8922,70.0047,48.2084],[20.8932,70.0078,5.2417],[20.8776,70.0089,67.2969],[20.8786,70.0162,0.0],[20.8609,70.0214,28.3874],[20.862,70.0245,0.0],[20.8495,70.0307,0.0],[20.8312,70.0333,58.2113],[20.8271,70.0354,14.4598],[20.8208,70.0354,39.8875],[20.8167,70.0375,0.0],[20.8104,70.0354,62.886],[20.8047,70.038,0.0],[20.8068,70.0411,0.0],[20.8125,70.0417,0.0],[20.8141,70.0432,0.0]]],
[[[21.4813,70.0042,0.0],[21.4828,70.0057,0.0],[21.4776,70.0057,0.0],[21.4776,70.0047,0.0],[21.4813,70.0042,0.0]]],
[[[21.0771,70.0188,30.6797],[21.0714,70.013,4.3346],[21.0812,70.0125,0.0],[21.0911,70.0151,0.0],[21.0932,70.0172,0.0],[21.0875,70.0208,0.0],[21.0771,70.0188,30.6797]]],
[[[21.6526,70.038,0.0],[21.65,70.0396,0.0],[21.6422,70.0401,0.0],[21.6354,70.0437,6.8459],[21.6271,70.0437,53.0283],[21.6208,70.0417,75.5993],[21.6146,70.0437,0.0],[21.6083,70.0396,39.1432],[21.6,70.0396,0.0],[21.5901,70.037,53.8236],[21.5911,70.0339,32.1544],[21.5896,70.0333,6.8081],[21.5771,70.0313,0.0],[21.5729,70.0292,35.6783],[21.563,70.0286,64.4086],[21.5609,70.0255,0.0],[21.5729,70.025,37.3508],[21.5745,70.0234,0.0],[21.5672,70.0224,0.0],[21.5703,70.0203,0.0],[21.5688,70.0188,0.0],[21.5521,70.0188,0.0],[21.5484,70.0151,0.0],[21.5688,70.0146,7.6113],[21.5729,70.0125,0.0],[21.5917,70.0125,8.3749],[21.5958,70.0104,0.0],[21.6063,70.0104,0.0],[21.6208,70.0062,0.0],[21.6375,70.0042,0.0],[21.6417,70.0021,0.0],[21.6604,70.0021,44.3972],[21.6651,69.9984,0.0],[21.6729,69.9979,0.0],[21.6786,69.9953,0.0],[21.6776,69.9922,0.0],[21.6854,69.9917,16.2116],[21.6896,69.9896,0.0],[21.7099,69.9943,0.0],[21.712,69.9974,0.0],[21.7089,69.9995,0.0],[21.7161,70.0005,0.0],[21.7208,70.0042,0.0],[21.7266,70.0047,0.0],[21.7328,70.0109,36.952],[21.7313,70.0125,65.7437],[21.7234,70.013,82.1977],[21.7245,70.0162,23.3807],[21.7203,70.0182,0.0],[21.7042,70.0208,0.0],[21.6958,70.025,0.0],[21.6792,70.0271,0.0],[21.6734,70.0297,0.0],[21.6745,70.0328,0.0],[21.6672,70.0339,0.0],[21.6604,70.0375,0.0],[21.6526,70.038,0.0]]],
[[[21.2917,70.0208,0.0],[21.2932,70.0224,0.0],[21.288,70.0224,3.8472],[21.288,70.0214,0.0],[21.2917,70.0208,0.0]]],
[[[20.875,70.025,0.0],[20.8766,70.0266,0.0],[20.8714,70.0266,0.0],[20.8714,70.0255,0.0],[20.875,70.025,0.0]]],
[[[18.4813,69.9271,0.0],[18.4776,69.9255,23.3703],[18.4833,69.9229,0.0],[18.4896,69.925,0.0],[18.4995,69.9255,0.0],[18.4979,69.9271,3.7307],[18.4813,69.9271,0.0]]],
[[[18.5313,69.9542,0.0],[18.5328,69.9557,0.0],[18.5276,69.9557,2.3398],[18.5276,69.9547,5.8514],[18.5313,69.9542,0.0]]],
[[[18.5286,69.9786,0.0],[18.5255,69.9797,0.0],[18.5266,69.9828,7.9437],[18.5187,69.9854,0.0],[18.5146,69.9833,6.2112],[18.5042,69.9833,0.0],[18.5,69.9812,12.8836],[18.4958,69.9812,6.0553],[18.4943,69.9797,18.8245],[18.5083,69.9792,0.0],[18.5141,69.9755,12.1357],[18.5068,69.9745,0.0],[18.5021,69.9708,0.0],[18.4938,69.9708,0.0],[18.4839,69.9672,6.1296],[18.5271,69.9667,24.2713],[18.5286,69.9661,12.6728],[18.5276,69.963,16.2411],[18.5333,69.9604,0.0],[18.537,69.9609,7.1701],[18.5391,69.9641,11.7407],[18.5359,69.9651,0.0],[18.537,69.9682,11.5845],[18.5313,69.9708,0.0],[18.5234,69.9714,10.8379],[18.525,69.9729,0.0],[18.5307,69.9734,0.0],[18.5276,69.9755,0.0],[18.5286,69.9786,0.0]]],
[[[18.4917,69.9854,14.0585],[18.4859,69.9849,3.0571],[18.4839,69.9818,0.0],[18.4875,69.9812,0.0],[18.4974,69.9838,8.1168],[18.4995,69.987,0.0],[18.4958,69.9875,0.0],[18.4917,69.9854,14.0585]]],
[[[19.9271,70.0125,3.6187],[19.9146,70.0125,5.2937],[19.8979,70.0208,21.8911],[19.8604,70.0208,7.6283],[19.8526,70.0141,0.0],[19.8557,70.012,0.0],[19.8547,70.0089,0.0],[19.8604,70.0062,0.0],[19.8667,70.0062,0.0],[19.875,70.0021,0.0],[19.8875,70.0021,2.3943],[19.8958,69.9979,0.0],[19.9021,69.9979,0.0],[19.9063,69.9958,0.0],[19.9167,69.9958,16.1714],[19.9208,69.9938,3.7507],[19.9354,69.9938,0.0],[19.95,69.9979,5.4532],[19.9542,69.9958,0.0],[19.9604,69.9958,0.0],[19.9667,69.9938,0.0],[19.9786,70.0047,0.0],[19.9729,70.0083,8.8862],[19.9583,70.0083,0.0],[19.9542,70.0062,44.2511],[19.9458,70.0062,46.0371],[19.9391,70.0099,4.6779],[19.9313,70.0104,6.9302],[19.9271,70.0125,3.6187]]],
[[[19.375,70.0792,5.2669],[19.3687,70.0813,0.0],[19.3625,70.0813,122.11],[19.3583,70.0833,28.9964],[19.3484,70.0807,0.0],[19.3516,70.0787,0.0],[19.3505,70.0755,0.0],[19.3536,70.0745,0.0],[19.3484,70.0682,0.0],[19.3516,70.0651,0.0],[19.3495,70.063,0.0],[19.3438,70.0625,0.0],[19.3422,70.0609,6.7528],[19.3479,70.0583,0.0],[19.3557,70.0578,18.9484],[19.3625,70.0542,0.0],[19.3771,70.0542,0.0],[19.3839,70.0599,0.0],[19.3911,70.0609,0.0],[19.3932,70.063,0.0],[19.3932,70.0661,0.0],[19.3818,70.0714,0.0],[19.3828,70.0745,4.314],[19.3797,70.0755,12.5985],[19.3807,70.0787,0.0],[19.375,70.0792,5.2669]]],
[[[18.4958,69.9958,0.0],[18.4943,69.9943,4.6818],[18.4974,69.9932,0.0],[18.5,69.9896,0.0],[18.5125,69.9896,0.0],[18.5182,69.9943,0.0],[18.5167,69.9958,0.0],[18.4958,69.9958,0.0]]],
[[[18.5536,70.0224,2.2854],[18.5458,70.0229,4.9768],[18.5443,70.0214,2.2519],[18.5521,70.0208,0.0],[18.5536,70.0224,2.2854]]],
[[[18.7958,70.0313,5.1353],[18.8182,70.0359,0.0],[18.825,70.0417,2.0244],[18.8438,70.0396,0.0],[18.8563,70.0437,1.9926],[18.8854,70.0437,0.0],[18.8917,70.0458,13.411],[18.8958,70.0437,6.9486],[18.9146,70.0437,0.0],[18.9188,70.0458,0.0],[18.9229,70.0458,0.0],[18.9276,70.0495,3.3538],[18.9349,70.0505,0.0],[18.938,70.0537,0.0],[18.9536,70.0568,0.0],[18.9536,70.0599,0.0],[18.9464,70.0641,3.0657],[18.9703,70.0693,0.0],[18.9755,70.0745,4.5298],[18.9828,70.0755,7.1726],[18.9854,70.0792,0.0],[18.9849,70.0807,0.0],[18.975,70.0833,1.3807],[18.9625,70.0833,36.3561],[18.9609,70.0839,31.986],[18.962,70.087,0.0],[18.9542,70.0875,22.9302],[18.9458,70.0917,20.3159],[18.9396,70.0917,34.5813],[18.9313,70.0958,0.0],[18.9276,70.0953,14.141],[18.9229,70.0917,0.0],[18.913,70.0922,0.0],[18.9089,70.0953,17.0889],[18.9161,70.0964,0.0],[18.913,70.0995,0.0],[18.9161,70.1057,0.0],[18.913,70.1068,10.3914],[18.9141,70.1099,0.0],[18.9083,70.1125,8.6233],[18.9047,70.112,20.8594],[18.9,70.1083,22.5093],[18.8839,70.1078,18.0067],[18.8745,70.0984,0.0],[18.8672,70.0974,0.0],[18.8578,70.0859,41.6639],[18.8479,70.0854,22.131],[18.8422,70.0891,0.0],[18.8464,70.0953,1.8098],[18.8599,70.1088,0.0],[18.8583,70.1104,0.0],[18.8505,70.1109,1.0501],[18.8516,70.1141,0.0],[18.8484,70.1151,0.0],[18.8521,70.1208,0.0],[18.8484,70.1234,0.0],[18.8495,70.1266,0.0],[18.8464,70.1286,0.0],[18.8521,70.1292,0.0],[18.8536,70.1307,0.0],[18.8208,70.1312,156.8569],[18.8167,70.1333,15.9434],[18.8104,70.1312,256.2752],[18.8042,70.1312,218.2915],[18.7979,70.1333,14.241],[18.7943,70.1307,0.0],[18.7974,70.1286,0.0],[18.7964,70.1255,0.0],[18.8036,70.1224,0.0],[18.7984,70.1151,0.0],[18.8078,70.1141,2.8895],[18.8057,70.1109,12.4529],[18.8,70.1104,17.0129],[18.7984,70.1088,0.0],[18.8016,70.1078,19.8716],[18.8026,70.1047,0.0],[18.812,70.1036,13.0884],[18.8109,70.1005,0.0],[18.8141,70.0995,0.0],[18.813,70.0964,0.0],[18.8161,70.0953,0.0],[18.8109,70.0891,0.0],[18.8141,70.0859,30.8896],[18.8083,70.0854,0.0],[18.8068,70.0839,0.0],[18.8229,70.0792,0.0],[18.8292,70.0813,0.0],[18.8328,70.0807,0.0],[18.8266,70.0734,18.4049],[18.813,70.0703,0.0],[18.8068,70.0641,0.0],[18.8141,70.0599,0.0],[18.8099,70.0547,0.0],[18.8063,70.0542,18.7088],[18.8005,70.0568,3.795],[18.8016,70.0599,0.0],[18.7943,70.063,0.0],[18.8016,70.0714,0.0],[18.7984,70.0745,0.0],[18.8021,70.0792,0.0],[18.7984,70.0828,13.5352],[18.8016,70.087,0.0],[18.7943,70.0901,23.4692],[18.7953,70.0932,0.0],[18.7839,70.0984,82.9308],[18.787,70.1036,0.0],[18.7771,70.1042,51.9092],[18.7708,70.1021,242.6644],[18.7693,70.1026,239.293],[18.7703,70.1057,34.3758],[18.7609,70.1068,132.9273],[18.762,70.1099,0.0],[18.7604,70.1104,39.7279],[18.7542,70.1083,206.6068],[18.7458,70.1083,240.2446],[18.7443,70.1099,232.3826],[18.7474,70.1141,0.0],[18.7458,70.1146,0.0],[18.7359,70.1141,129.523],[18.7391,70.112,195.6675],[18.7375,70.1104,318.1299],[18.7229,70.1104,466.3905],[18.7188,70.1125,512.9268],[18.7104,70.1125,183.8082],[18.7062,70.1104,289.4667],[18.6958,70.1104,0.0],[18.6943,70.1088,0.0],[18.7078,70.1036,220.8489],[18.7047,70.0984,0.0],[18.7203,70.0911,25.1493],[18.7188,70.0896,89.3823],[18.713,70.0891,64.8801],[18.7109,70.087,161.3413],[18.7182,70.0828,0.0],[18.7141,70.0755,0.0],[18.7083,70.075,0.0],[18.7036,70.0714,187.1712],[18.6854,70.0667,505.3185],[18.6672,70.0661,0.0],[18.6745,70.0589,198.6959],[18.6672,70.0578,39.3978],[18.6599,70.0505,100.276],[18.6526,70.0495,0.0],[18.6505,70.0463,0.0],[18.6536,70.0453,0.0],[18.6526,70.0422,0.0],[18.6578,70.0401,140.9408],[18.6557,70.038,97.8096],[18.6484,70.037,0.0],[18.6516,70.0339,3.1173],[18.6443,70.0328,0.0],[18.6458,70.0313,0.0],[18.6646,70.0313,16.6106],[18.6661,70.0307,18.1303],[18.6651,70.0276,0.0],[18.6667,70.0271,0.0],[18.6875,70.0271,0.0],[18.6979,70.0313,1.6284],[18.7062,70.0313,0.0],[18.712,70.0286,0.0],[18.7104,70.0271,37.828],[18.6958,70.0271,0.0],[18.6859,70.0245,17.9072],[18.6766,70.0151,0.0],[18.6693,70.0141,0.0],[18.6766,70.0089,20.1282],[18.6651,70.0078,120.8927],[18.6682,70.0057,62.1937],[18.6672,70.0026,0.0],[18.6766,70.0016,0.0],[18.6734,69.9964,0.0],[18.6807,69.9932,0.0],[18.6797,69.9901,0.0],[18.687,69.987,0.0],[18.6833,69.9812,0.0],[18.6854,69.9792,0.0],[18.6979,69.9792,0.0],[18.7026,69.9828,0.0],[18.7099,69.9838,0.0],[18.7151,69.9891,0.0],[18.7286,69.9922,0.0],[18.7255,69.9943,9.6649],[18.7286,69.9995,0.0],[18.7255,70.0016,7.3078],[18.7391,70.0026,0.0],[18.7484,70.012,0.0],[18.7536,70.013,0.0],[18.7505,70.0162,25.0041],[18.7578,70.0172,4.7777],[18.7599,70.0193,0.0],[18.7568,70.0214,10.1914],[18.7589,70.0245,12.6483],[18.7708,70.0271,2.3937],[18.7724,70.0266,0.0],[18.7714,70.0234,0.0],[18.7792,70.0208,0.0],[18.7859,70.0266,7.2235],[18.7911,70.0276,0.0],[18.7958,70.0313,5.1353]]],
[[[18.6411,70.0359,4.6706],[18.6396,70.0375,2.8113],[18.6359,70.037,25.8542],[18.6375,70.0354,7.4716],[18.6411,70.0359,4.6706]]],
[[[18.5688,70.0479,0.0],[18.5563,70.0479,100.9403],[18.5547,70.0484,114.2411],[18.5557,70.0516,9.3638],[18.5521,70.0521,5.2482],[18.5474,70.0484,298.0518],[18.5339,70.0453,322.644],[18.5318,70.0422,225.4886],[18.5349,70.0401,233.9584],[18.5193,70.037,20.0787],[18.5172,70.0339,0.0],[18.5245,70.0307,17.8298],[18.5271,70.0271,31.9832],[18.5333,70.0271,19.879],[18.5375,70.025,4.5556],[18.55,70.025,6.3503],[18.5589,70.0328,3.7769],[18.5661,70.0339,0.0],[18.5714,70.0391,1.5515],[18.5766,70.0401,12.3356],[18.575,70.0417,0.0],[18.5672,70.0422,17.7632],[18.5703,70.0463,0.0],[18.5688,70.0479,0.0]]],
[[[18.5005,70.1036,180.1286],[18.4922,70.1005,27.5114],[18.5083,70.1,0.0],[18.5161,70.1026,11.4968],[18.5146,70.1042,66.7932],[18.5005,70.1036,180.1286]]],
[[[18.7214,70.1182,93.3703],[18.7193,70.1151,413.3785],[18.725,70.1125,337.0302],[18.7286,70.113,188.8723],[18.7328,70.1172,4.6359],[18.7313,70.1188,0.0],[18.7214,70.1182,93.3703]]],
[[[21.013,70.0411,0.0],[21.0141,70.0432,19.8955],[21.0068,70.0463,3.8115],[21.0078,70.0495,0.0],[21.0057,70.0516,0.0],[20.9984,70.0547,0.0],[20.9995,70.0578,0.0],[20.9917,70.0604,36.1657],[20.9818,70.0578,96.1498],[20.9786,70.0547,252.3896],[20.9714,70.0537,83.1603],[20.9651,70.0474,0.0],[20.9745,70.0443,67.1301],[20.9609,70.0432,0.0],[20.9536,70.0359,154.0693],[20.9464,70.0349,0.0],[20.9411,70.0297,0.0],[20.9339,70.0286,0.0],[20.9286,70.0234,142.3502],[20.9214,70.0224,0.0],[20.9182,70.0193,33.7686],[20.9125,70.0188,0.0],[20.9109,70.0172,0.0],[20.9141,70.0162,0.0],[20.913,70.013,0.0],[20.9161,70.012,0.0],[20.9151,70.0089,0.0],[20.9312,70.0042,0.0],[20.9396,70.0042,0.0],[20.9438,70.0062,0.0],[20.9583,70.0062,0.0],[20.9625,70.0083,0.0],[20.9729,70.0083,0.0],[20.9776,70.012,0.0],[20.9849,70.013,0.0],[20.988,70.0162,0.0],[20.9953,70.0172,0.0],[21.0026,70.0245,0.0],[21.0099,70.0255,0.0],[21.0042,70.0292,26.0124],[20.9734,70.0297,0.0],[20.9776,70.0349,10.2884],[21.0,70.0354,0.0],[21.0047,70.0391,27.6767],[21.013,70.0411,0.0]]],
[[[21.2734,70.0484,0.0],[21.2604,70.0521,28.8856],[21.2333,70.0521,67.7688],[21.2286,70.0484,77.2534],[21.2188,70.0458,134.29],[21.2021,70.0458,0.0],[21.1964,70.0401,3.4321],[21.2188,70.0292,0.0],[21.225,70.0292,25.6627],[21.2292,70.0271,9.2106],[21.2542,70.0271,0.0],[21.2557,70.0286,0.0],[21.2526,70.0307,5.512],[21.275,70.0354,0.0],[21.2786,70.038,0.0],[21.2755,70.0401,133.8553],[21.2766,70.0432,0.0],[21.2734,70.0443,29.6652],[21.2745,70.0474,0.0],[21.2734,70.0484,0.0]]],
[[[20.875,70.0437,0.0],[20.8766,70.0453,0.0],[20.8625,70.0479,0.0],[20.8563,70.0437,0.0],[20.8458,70.0437,0.0],[20.8359,70.0411,0.0],[20.8339,70.038,0.0],[20.8438,70.0333,0.0],[20.8521,70.0333,0.0],[20.8557,70.0359,0.0],[20.8526,70.0391,0.0],[20.875,70.0437,0.0]]],
[[[21.8057,70.0505,0.0],[21.8042,70.0521,0.0],[21.8005,70.0516,0.0],[21.8021,70.05,0.0],[21.8057,70.0505,0.0]]],
[[[20.8167,70.05,0.0],[20.8229,70.0479,0.0],[20.8266,70.0484,0.0],[20.8167,70.0542,0.0],[20.813,70.0537,0.0],[20.8109,70.0516,0.0],[20.8125,70.05,0.0],[20.8167,70.05,0.0]]],
[[[21.3464,70.1151,33.0124],[21.3411,70.1182,17.9939],[21.3312,70.1208,0.0],[21.325,70.1188,55.7007],[21.3167,70.1208,0.0],[21.3104,70.1188,63.4475],[21.3042,70.1208,0.0],[21.2984,70.1151,0.0],[21.3063,70.1146,59.9666],[21.3078,70.113,106.0469],[21.3005,70.112,20.0501],[21.2964,70.1078,0.0],[21.2995,70.1047,98.2292],[21.2964,70.1026,0.0],[21.3021,70.1,0.0],[21.3146,70.1,51.6258],[21.3188,70.0979,0.0],[21.3375,70.0979,0.0],[21.3417,70.0958,0.0],[21.3625,70.0958,0.0],[21.3682,70.1005,0.0],[21.3651,70.1026,22.3903],[21.3661,70.1057,0.0],[21.3589,70.1088,42.3106],[21.3599,70.112,0.0],[21.3521,70.1125,112.7738],[21.3464,70.1151,33.0124]]],
[[[20.8536,70.1443,113.848],[20.8516,70.1474,27.5235],[20.8422,70.1484,291.5761],[20.8432,70.1516,105.8207],[20.8391,70.1536,52.7583],[20.8276,70.1536,0.0],[20.8224,70.1484,19.8064],[20.8068,70.1453,0.0],[20.7849,70.1234,5.6861],[20.7776,70.1224,0.0],[20.7729,70.1188,0.0],[20.7672,70.1182,0.0],[20.763,70.113,0.0],[20.7703,70.1099,0.0],[20.7693,70.1068,0.0],[20.7724,70.1047,0.0],[20.7693,70.1005,0.0],[20.7766,70.0974,0.0],[20.7734,70.0922,0.0],[20.7792,70.0896,0.0],[20.7849,70.0891,5.8827],[20.7839,70.0859,0.0],[20.7922,70.0818,0.0],[20.8016,70.0807,10.919],[20.8182,70.0724,0.0],[20.8172,70.0693,0.0],[20.8214,70.0672,0.0],[20.8292,70.0667,0.0],[20.8333,70.0646,0.0],[20.8646,70.0646,0.0],[20.8688,70.0667,0.0],[20.8807,70.0672,0.0],[20.888,70.0745,0.0],[20.8953,70.0755,0.0],[20.8984,70.0787,0.0],[20.9057,70.0797,0.0],[20.9109,70.0849,0.0],[20.9182,70.0859,0.0],[20.9286,70.0964,0.0],[20.9255,70.0984,60.2543],[20.9266,70.1016,0.0],[20.9224,70.1036,23.6525],[20.9146,70.1042,129.1687],[20.9078,70.1078,59.8937],[20.9005,70.1088,295.3064],[20.9016,70.112,21.5617],[20.8958,70.1146,65.7055],[20.888,70.1151,161.1366],[20.8891,70.1182,18.2751],[20.8734,70.1255,368.7906],[20.8807,70.1286,2.3531],[20.8724,70.1328,241.324],[20.8625,70.1333,457.4008],[20.8563,70.1312,445.1316],[20.8505,70.1339,494.1027],[20.8536,70.1391,381.3332],[20.8505,70.1412,376.5253],[20.8536,70.1443,113.848]]],
[[[21.2,70.2,0.0],[21.2016,70.2016,0.0],[21.1964,70.2016,15.3868],[21.1964,70.2005,0.0],[21.2,70.2,0.0]]],
[[[20.738,70.2297,227.8357],[20.7354,70.2312,119.1062],[20.725,70.2312,361.2045],[20.7208,70.2333,223.9753],[20.6875,70.2333,22.5624],[20.6833,70.2312,10.9424],[20.6479,70.2312,0.0],[20.6437,70.2292,3.2387],[20.6229,70.2312,5.9895],[20.6104,70.2271,279.4633],[20.5896,70.2292,1.8124],[20.5854,70.2271,15.7086],[20.5771,70.2271,10.8899],[20.5755,70.2255,84.8531],[20.5786,70.2234,172.871],[20.575,70.2208,394.1926],[20.5688,70.2229,267.1438],[20.5589,70.2224,168.7533],[20.5604,70.2208,222.7724],[20.5682,70.2203,363.4124],[20.5667,70.2188,335.9592],[20.5583,70.2188,358.4024],[20.55,70.2229,133.0396],[20.5417,70.2229,91.7843],[20.537,70.2193,122.8241],[20.5297,70.2182,14.259],[20.5276,70.2151,72.3719],[20.5307,70.213,179.1903],[20.5286,70.2109,194.9848],[20.5214,70.2099,89.81],[20.5193,70.2078,8.2955],[20.5224,70.2047,8.1781],[20.5193,70.2005,0.0],[20.5224,70.1984,5.7451],[20.5161,70.1922,4.3642],[20.5042,70.1896,14.2094],[20.5,70.1917,0.0],[20.4875,70.1917,73.2052],[20.4833,70.1937,0.0],[20.4688,70.1937,0.0],[20.4625,70.1896,0.0],[20.4583,70.1896,0.0],[20.4542,70.1875,53.361],[20.4375,70.1875,0.0],[20.4307,70.1818,26.981],[20.4208,70.1792,0.0],[20.4109,70.1787,0.0],[20.4089,70.1766,0.0],[20.412,70.1745,2.3617],[20.4089,70.1703,0.0],[20.412,70.1682,6.4803],[20.4099,70.1651,11.2581],[20.4078,70.163,37.3193],[20.4005,70.162,0.0],[20.4036,70.1589,83.6816],[20.4016,70.1568,117.5098],[20.3943,70.1557,17.2847],[20.3922,70.1536,29.7956],[20.3953,70.1505,97.1009],[20.388,70.1495,13.4347],[20.3807,70.1422,55.7606],[20.3734,70.1412,0.0],[20.375,70.1396,0.0],[20.3828,70.1391,3.5913],[20.3818,70.1359,0.0],[20.3849,70.1339,1.1046],[20.3792,70.1333,0.0],[20.3776,70.1318,0.0],[20.3849,70.1276,60.5569],[20.3776,70.1266,0.0],[20.3755,70.1245,0.0],[20.3786,70.1214,0.0],[20.3714,70.1203,0.0],[20.3786,70.1162,0.0],[20.3734,70.1088,0.0],[20.3813,70.1083,162.1708],[20.387,70.1057,378.5779],[20.3833,70.1042,408.1901],[20.3792,70.1062,188.0793],[20.3755,70.1057,0.0],[20.3786,70.1026,101.6361],[20.3755,70.0984,18.4826],[20.387,70.0922,458.0027],[20.3807,70.0859,213.0131],[20.3734,70.0849,36.2087],[20.3693,70.0797,0.0],[20.3724,70.0787,39.3629],[20.3714,70.0755,8.8351],[20.3828,70.0703,117.4246],[20.3818,70.0672,26.1445],[20.3932,70.062,7.6313],[20.3964,70.0589,37.748],[20.4146,70.0563,65.8007],[20.4188,70.0542,7.6825],[20.425,70.0542,47.6103],[20.4266,70.0537,21.4178],[20.4255,70.0505,0.0],[20.4271,70.05,0.0],[20.4333,70.0521,62.9781],[20.4417,70.0521,150.1832],[20.4542,70.0458,0.0],[20.4854,70.0458,0.0],[20.4917,70.0479,6.81],[20.4979,70.0458,0.0],[20.4995,70.0474,0.0],[20.4964,70.0495,6.1695],[20.4995,70.0537,0.0],[20.4922,70.0568,24.226],[20.4938,70.0583,20.4937],[20.4995,70.0589,0.0],[20.4964,70.0609,0.0],[20.4974,70.0641,0.0],[20.4943,70.0651,0.0],[20.4964,70.0682,0.0],[20.5,70.0687,0.0],[20.5068,70.0651,0.0],[20.5146,70.0646,0.0],[20.5187,70.0625,0.0],[20.5271,70.0625,0.0],[20.5318,70.0661,0.0],[20.5391,70.0672,0.0],[20.5422,70.0703,0.0],[20.5495,70.0714,0.0],[20.5536,70.0755,0.0],[20.5464,70.0797,0.0],[20.5474,70.0828,0.0],[20.5443,70.0839,0.0],[20.5453,70.087,0.0],[20.5422,70.088,0.0],[20.5432,70.0911,0.0],[20.5359,70.0943,0.0],[20.5401,70.0995,0.0],[20.5438,70.1,0.0],[20.5453,70.0995,0.0],[20.5443,70.0964,0.0],[20.5516,70.0932,13.4663],[20.5505,70.0901,0.0],[20.5563,70.0875,0.0],[20.5641,70.087,29.6737],[20.563,70.0839,0.0],[20.5661,70.0828,0.0],[20.5651,70.0797,0.0],[20.5724,70.0766,5.0143],[20.5661,70.0693,0.0],[20.5589,70.0682,0.0],[20.5547,70.0641,0.0],[20.5641,70.0609,48.6292],[20.5568,70.0599,10.6627],[20.5505,70.0537,2.4928],[20.5536,70.0505,35.9204],[20.5516,70.0484,55.3373],[20.5443,70.0474,10.2323],[20.5359,70.0391,13.1918],[20.5391,70.037,4.4647],[20.538,70.0339,5.1319],[20.5458,70.0333,9.8532],[20.55,70.0313,0.0],[20.5625,70.0313,0.0],[20.5688,70.0333,6.8055],[20.575,70.0313,0.0],[20.5792,70.0333,2.1465],[20.5958,70.0333,0.0],[20.6,70.0354,1.9873],[20.6104,70.0354,0.0],[20.6146,70.0375,1.8506],[20.6188,70.0375,0.0],[20.6234,70.0411,1.9068],[20.6307,70.0422,0.0],[20.6349,70.0474,0.0],[20.6318,70.0484,11.8996],[20.6328,70.0516,0.0],[20.6297,70.0537,14.836],[20.637,70.0547,0.0],[20.6417,70.0583,0.0],[20.6495,70.0557,9.8422],[20.6484,70.0526,0.0],[20.6516,70.0516,12.8359],[20.6505,70.0484,1.5605],[20.6604,70.0458,0.0],[20.6729,70.0458,7.7478],[20.6771,70.0437,0.0],[20.7083,70.0437,0.0],[20.7125,70.0417,0.0],[20.7188,70.0437,5.7788],[20.7271,70.0437,7.697],[20.7333,70.0417,0.0],[20.7375,70.0437,0.0],[20.7458,70.0437,0.0],[20.75,70.0458,0.0],[20.7604,70.0458,0.0],[20.7646,70.0479,0.0],[20.7813,70.0479,0.0],[20.7854,70.05,0.0],[20.8036,70.0505,0.0],[20.8078,70.0547,0.0],[20.8047,70.0568,0.0],[20.8057,70.0599,0.0],[20.8026,70.0609,0.0],[20.8057,70.0661,0.0],[20.7964,70.0672,0.0],[20.7922,70.0693,9.7197],[20.7932,70.0724,0.0],[20.7875,70.075,0.0],[20.7797,70.0755,18.1932],[20.7807,70.0787,0.0],[20.7734,70.0797,9.7751],[20.7745,70.0828,0.0],[20.7667,70.0833,0.0],[20.7609,70.0859,9.6393],[20.762,70.0891,0.0],[20.7526,70.0901,14.9497],[20.7536,70.0932,0.0],[20.7505,70.0953,0.0],[20.7557,70.1016,0.0],[20.7484,70.1057,15.0238],[20.7599,70.1172,0.0],[20.7526,70.1224,5.305],[20.7599,70.1234,0.0],[20.762,70.1255,0.0],[20.7589,70.1276,0.0],[20.7609,70.1307,0.0],[20.7682,70.1318,0.0],[20.7745,70.138,0.0],[20.7714,70.1412,3.2014],[20.7786,70.1422,0.0],[20.7849,70.1484,0.0],[20.7818,70.1516,7.6877],[20.7911,70.1609,0.0],[20.788,70.163,3.2245],[20.7891,70.1661,0.0],[20.7859,70.1682,17.1773],[20.7932,70.1693,0.0],[20.7901,70.1724,74.8369],[20.7974,70.1734,0.0],[20.7943,70.1766,83.2981],[20.8016,70.1776,0.0],[20.7984,70.1797,30.3276],[20.7995,70.1828,88.2558],[20.7964,70.1849,442.149],[20.8036,70.1859,138.961],[20.8005,70.1891,489.8618],[20.8078,70.1901,118.2308],[20.8047,70.1932,155.9154],[20.8078,70.1953,38.1419],[20.7979,70.2,545.3368],[20.7901,70.2005,533.913],[20.7859,70.2037,470.989],[20.7995,70.2047,134.3326],[20.8036,70.2099,0.0],[20.7896,70.2167,0.0],[20.7813,70.2146,25.2295],[20.7771,70.2167,7.8812],[20.7589,70.2193,8.8339],[20.762,70.2245,0.0],[20.7589,70.2255,0.0],[20.7599,70.2286,0.0],[20.7542,70.2312,45.9195],[20.7479,70.2292,69.4484],[20.738,70.2297,227.8357]]],
[[[20.1604,70.1583,67.066],[20.1688,70.1542,5.3604],[20.1724,70.1547,7.4584],[20.1651,70.1589,86.4387],[20.1661,70.162,35.7028],[20.1646,70.1625,18.7701],[20.1609,70.162,103.8495],[20.1589,70.1599,95.0938],[20.1604,70.1583,67.066]]],
[[[20.1631,70.1648,0.0],[20.1641,70.1661,4.1019],[20.1589,70.1661,51.4536],[20.1604,70.1646,54.4013],[20.1631,70.1648,0.0]]],
[[[20.2083,70.3,39.1876],[20.1943,70.3026,266.3951],[20.1953,70.3057,151.3882],[20.1896,70.3083,149.4461],[20.175,70.3083,138.0088],[20.1734,70.3068,184.7635],[20.1766,70.3057,202.3263],[20.1755,70.3026,173.9798],[20.1786,70.3005,288.6375],[20.1745,70.2963,286.3831],[20.1688,70.2958,47.9819],[20.1672,70.2943,68.7446],[20.1745,70.2911,314.8698],[20.1734,70.288,169.5105],[20.1828,70.287,164.6902],[20.1818,70.2839,8.0597],[20.1896,70.2833,225.9081],[20.1953,70.2807,338.0484],[20.188,70.2776,0.0],[20.1974,70.2766,296.7376],[20.1943,70.2724,75.0244],[20.1974,70.2693,147.3951],[20.1943,70.2651,4.4652],[20.1974,70.2641,109.6259],[20.1964,70.2609,0.0],[20.1995,70.2599,0.0],[20.1984,70.2568,0.0],[20.2016,70.2557,0.0],[20.1984,70.2505,0.0],[20.2016,70.2484,0.0],[20.1964,70.2422,0.0],[20.2036,70.2391,0.0],[20.1984,70.2318,0.0],[20.2057,70.2286,53.1183],[20.2047,70.2255,0.0],[20.2078,70.2245,36.3708],[20.2068,70.2214,0.0],[20.2151,70.2172,21.3809],[20.2203,70.2172,194.8779],[20.2276,70.2245,98.1408],[20.2349,70.2255,0.0],[20.2443,70.2349,2.9158],[20.2599,70.238,0.0],[20.2651,70.2432,4.8668],[20.2724,70.2443,0.0],[20.2771,70.2479,0.0],[20.2828,70.2484,0.0],[20.287,70.2526,0.0],[20.2839,70.2557,302.4603],[20.2911,70.2568,0.0],[20.2953,70.2609,0.0],[20.2896,70.2646,0.0],[20.2813,70.2646,0.0],[20.2766,70.2609,309.2193],[20.2714,70.2609,302.4409],[20.2724,70.2641,53.7075],[20.2599,70.2703,0.0],[20.2521,70.2708,12.3946],[20.2422,70.2755,0.0],[20.2432,70.2786,0.0],[20.2318,70.2839,39.7747],[20.2328,70.287,0.0],[20.2271,70.2896,10.3279],[20.2193,70.2901,209.259],[20.2203,70.2932,95.7048],[20.2172,70.2943,193.4397],[20.2182,70.2974,37.8635],[20.2125,70.3,9.1659],[20.2083,70.3,39.1876]]],
[[[19.0036,70.1255,0.0],[19.0021,70.1271,0.0],[18.9958,70.1271,10.8398],[18.9917,70.1292,0.0],[18.9646,70.1292,15.7817],[18.9547,70.1266,2.8574],[18.9526,70.1234,0.0],[18.9599,70.1203,0.4667],[18.9547,70.1182,0.0],[18.9578,70.1162,0.0],[18.9568,70.113,0.0],[18.9661,70.112,2.6163],[18.963,70.1068,0.0],[18.9786,70.0995,7.6742],[18.9776,70.0964,0.0],[18.9807,70.0953,0.0],[18.9771,70.0938,0.0],[18.9729,70.0958,2.2794],[18.9667,70.0958,50.9099],[18.9604,70.0979,15.8653],[18.9568,70.0943,0.0],[18.9625,70.0917,6.8233],[18.975,70.0917,0.0],[18.9766,70.0901,0.0],[18.9708,70.0896,0.0],[18.9693,70.088,0.0],[18.9771,70.0875,0.0],[18.9854,70.0833,0.0],[18.9938,70.0833,0.0],[19.0036,70.0859,0.0],[18.9943,70.0891,0.0],[18.9984,70.0932,0.0],[19.0057,70.0943,0.0],[19.0104,70.0979,0.0],[19.0187,70.0979,9.301],[19.0313,70.0917,0.0],[19.0349,70.0922,3.0667],[19.037,70.0943,0.0],[19.0318,70.0974,2.9469],[19.0391,70.0984,0.0],[19.0411,70.1016,0.0],[19.0229,70.1042,7.0216],[19.0172,70.1068,7.8533],[19.0245,70.1099,0.0],[19.0167,70.1104,0.0],[19.0151,70.112,6.2512],[19.0172,70.1141,0.0],[19.0229,70.1146,5.5467],[19.0245,70.1162,2.0042],[19.0146,70.1208,0.0],[19.0068,70.1214,0.0],[19.0026,70.1234,0.0],[19.0036,70.1255,0.0]]],
[[[19.0438,70.1104,0.0],[19.0453,70.112,0.0],[19.0401,70.112,8.0305],[19.0401,70.1109,3.6646],[19.0438,70.1104,0.0]]],
[[[19.1854,70.1104,0.0],[19.187,70.112,0.0],[19.1818,70.112,0.0],[19.1818,70.1109,0.0],[19.1854,70.1104,0.0]]],
[[[19.4208,70.1604,340.5749],[19.4146,70.1625,292.3361],[19.4083,70.1625,259.8598],[19.4042,70.1646,222.4194],[19.3979,70.1625,190.9848],[19.3917,70.1646,7.3891],[19.388,70.1641,0.0],[19.3849,70.1589,12.7804],[19.3729,70.1583,68.7482],[19.3682,70.1547,204.3761],[19.3609,70.1536,240.7825],[19.3589,70.1505,322.3412],[19.362,70.1484,416.5563],[19.3464,70.1453,190.7981],[19.338,70.137,14.0285],[19.3318,70.1276,19.2169],[19.3516,70.1182,0.0],[19.3505,70.1151,0.0],[19.3536,70.1141,0.0],[19.3526,70.1109,0.0],[19.3542,70.1104,0.0],[19.3625,70.1104,0.0],[19.3687,70.1125,4.2664],[19.3729,70.1104,0.0],[19.3917,70.1104,0.0],[19.3958,70.1083,0.0],[19.4078,70.1078,5.6293],[19.4068,70.1047,0.0],[19.4083,70.1042,0.0],[19.4224,70.1036,0.0],[19.4214,70.1005,0.0],[19.4229,70.1,0.0],[19.4479,70.1,6.7686],[19.4521,70.0979,0.0],[19.4646,70.0979,0.0],[19.4688,70.0958,0.0],[19.4875,70.0958,9.0511],[19.4917,70.0938,0.0],[19.5063,70.0938,0.0],[19.5187,70.0979,0.0],[19.5313,70.0979,0.0],[19.5354,70.0958,0.0],[19.5625,70.0958,0.0],[19.5724,70.0984,0.0],[19.5807,70.1068,0.0],[19.5776,70.1099,0.0],[19.5807,70.1141,0.0],[19.5714,70.1151,17.0686],[19.5604,70.1208,0.0],[19.5438,70.1229,154.0035],[19.5328,70.1286,0.0],[19.525,70.1292,5.344],[19.5208,70.1312,0.0],[19.5125,70.1312,206.0299],[19.5063,70.1292,381.2508],[19.5021,70.1312,379.1923],[19.4896,70.1312,347.145],[19.488,70.1328,285.9126],[19.5,70.1333,234.0457],[19.5016,70.1349,71.734],[19.4833,70.1375,160.1006],[19.475,70.1417,94.0316],[19.4688,70.1417,219.7434],[19.4672,70.1422,164.8521],[19.4682,70.1453,0.0],[19.4641,70.1474,20.062],[19.4562,70.1479,162.8783],[19.4411,70.1557,102.1803],[19.4333,70.1563,365.0939],[19.4266,70.1599,262.9691],[19.4208,70.1604,340.5749]]],
[[[20.0104,70.1729,20.677],[19.9943,70.1734,6.9558],[19.9953,70.1766,0.0],[19.9854,70.1813,12.3427],[19.9792,70.1792,34.6937],[19.9688,70.1792,0.0],[19.9641,70.1755,54.6542],[19.9568,70.1745,0.0],[19.9495,70.1672,33.7958],[19.9443,70.1661,10.4862],[19.9422,70.163,12.2773],[19.9479,70.1604,0.0],[19.9557,70.1599,0.0],[19.9625,70.1563,0.0],[19.9854,70.1563,0.0],[19.9896,70.1542,0.0],[20.0021,70.1542,0.0],[20.0063,70.1521,0.0],[20.0187,70.1521,0.0],[20.0354,70.1438,0.0],[20.0453,70.1443,0.0],[20.0526,70.1516,7.0013],[20.0599,70.1526,0.0],[20.0641,70.1568,0.0],[20.0516,70.1641,0.0],[20.0422,70.1651,45.275],[20.0432,70.1682,0.0],[20.0417,70.1687,0.0],[20.0292,70.1687,35.4712],[20.025,70.1708,0.0],[20.0104,70.1729,20.677]]],
[[[19.6479,70.2792,18.5922],[19.6437,70.2813,64.4613],[19.6359,70.2818,138.7659],[19.6292,70.2854,65.8689],[19.6255,70.2849,10.6004],[19.6208,70.2813,179.9949],[19.6021,70.2813,285.5317],[19.5958,70.2833,79.0338],[19.5891,70.2776,344.2988],[19.5755,70.2766,8.5534],[19.5786,70.2734,120.78],[19.5734,70.2672,17.4057],[19.5766,70.2651,160.2878],[19.5646,70.2646,0.0],[19.5604,70.2625,0.0],[19.5563,70.2625,0.0],[19.5526,70.2599,0.0],[19.5557,70.2568,0.0],[19.5422,70.2557,0.0],[19.5464,70.2526,0.0],[19.5542,70.2521,4.8662],[19.5641,70.2474,0.0],[19.563,70.2443,4.642],[19.5672,70.2422,0.0],[19.5766,70.2412,7.9387],[19.5688,70.2375,185.5805],[19.5604,70.2375,246.3438],[19.5495,70.2432,91.3506],[19.5401,70.2443,340.6136],[19.5292,70.25,223.8674],[19.5208,70.25,85.8373],[19.5146,70.2458,0.0],[19.4979,70.2458,6.2909],[19.4964,70.2443,0.0],[19.512,70.2432,1.8681],[19.5047,70.2338,0.0],[19.5125,70.2333,13.4523],[19.5141,70.2318,32.5893],[19.5068,70.2234,0.0],[19.5234,70.2151,0.0],[19.5375,70.2146,23.7169],[19.5521,70.2104,0.0],[19.5583,70.2104,0.0],[19.5625,70.2083,0.0],[19.5708,70.2104,7.6004],[19.5792,70.2063,0.0],[19.5932,70.2057,4.6548],[19.6099,70.1974,5.6373],[19.6089,70.1943,0.0],[19.6297,70.1839,0.0],[19.6391,70.1828,6.3095],[19.6516,70.1766,13.4659],[19.6505,70.1734,6.2564],[19.6578,70.1703,3.7471],[19.6568,70.1672,0.0],[19.6651,70.163,0.0],[19.6729,70.1625,13.4006],[19.6786,70.1599,34.715],[19.6745,70.1547,15.8538],[19.6646,70.1521,14.8205],[19.6542,70.1521,0.0],[19.6526,70.1505,2.7721],[19.6682,70.1432,1.5794],[19.6672,70.1401,0.0],[19.6766,70.1391,36.6838],[19.6755,70.1359,0.0],[19.6797,70.1339,0.0],[19.6995,70.1307,0.0],[19.6984,70.1276,0.0],[19.7016,70.1266,0.0],[19.7005,70.1234,0.0],[19.7036,70.1224,0.0],[19.7026,70.1193,0.0],[19.7141,70.1141,0.0],[19.713,70.1109,0.0],[19.7203,70.1078,22.6415],[19.7161,70.1026,0.0],[19.7083,70.1,26.6393],[19.6854,70.1,0.0],[19.6839,70.0984,5.7513],[19.6932,70.0974,107.4995],[19.6901,70.0922,0.0],[19.6979,70.0917,4.6457],[19.7036,70.0891,0.0],[19.7026,70.0859,0.0],[19.7057,70.0849,3.6367],[19.7047,70.0818,0.0],[19.712,70.0787,4.3184],[19.7068,70.0714,2.8328],[19.7125,70.0687,8.6524],[19.7203,70.0682,123.5642],[19.7193,70.0651,27.8007],[19.7318,70.0589,0.0],[19.7396,70.0583,7.8891],[19.7438,70.0563,5.0261],[19.7625,70.0563,13.7433],[19.7667,70.0542,0.0],[19.7896,70.0542,9.4047],[19.7938,70.0521,0.0],[19.8146,70.0542,16.2549],[19.8208,70.0521,0.0],[19.8271,70.0542,26.4281],[19.8333,70.0521,0.0],[19.8375,70.0542,2.6395],[19.8458,70.0542,1.5676],[19.8521,70.0521,0.0],[19.8563,70.0542,3.4666],[19.8708,70.05,2.805],[19.8875,70.0479,6.9477],[19.8917,70.0458,0.0],[19.8979,70.0479,3.1476],[19.9083,70.0479,0.0],[19.9125,70.05,4.9124],[19.9417,70.05,0.0],[19.9479,70.0521,6.7697],[19.9521,70.05,0.0],[19.9562,70.0521,4.627],[19.9729,70.0521,0.0],[19.9792,70.0563,88.0656],[19.9911,70.0568,0.0],[19.9964,70.062,0.0],[20.0036,70.063,0.0],[20.0057,70.0651,0.0],[20.0026,70.0672,15.4233],[20.0036,70.0703,25.6545],[19.988,70.0714,7.2197],[19.9896,70.0729,0.0],[19.9953,70.0734,0.0],[19.9995,70.0776,0.0],[20.0016,70.0797,0.0],[19.9984,70.0818,0.0],[20.0,70.0833,0.7459],[20.0271,70.0833,0.0],[20.0313,70.0854,0.0],[20.0417,70.0854,0.0],[20.0458,70.0875,13.3946],[20.0625,70.0875,0.0],[20.0667,70.0896,0.0],[20.0896,70.0896,0.0],[20.0911,70.0911,0.0],[20.088,70.0932,0.0],[20.0917,70.0958,0.0],[20.1063,70.0958,10.6822],[20.1104,70.0938,0.0],[20.1151,70.0974,10.365],[20.1224,70.0984,0.0],[20.1245,70.1005,5.9771],[20.1214,70.1026,3.5102],[20.1224,70.1057,0.0],[20.1208,70.1062,26.0169],[20.1146,70.1062,39.2918],[20.1083,70.1083,0.0],[20.1042,70.1062,9.9427],[20.0854,70.1062,58.5193],[20.0703,70.1141,17.1744],[20.0625,70.1146,6.5957],[20.0542,70.1188,0.0],[20.0396,70.1188,0.0],[20.0333,70.1167,34.8999],[20.025,70.1208,2.1223],[20.0187,70.1188,2.249],[20.0042,70.1188,10.3439],[19.9958,70.1229,3.8317],[19.9854,70.1229,1.0911],[19.9813,70.125,0.0],[19.9734,70.1255,0.0],[19.975,70.1271,0.0],[20.0021,70.1271,0.0],[20.0099,70.1349,0.0],[19.9943,70.1422,0.0],[19.9974,70.1474,1.3175],[19.9813,70.1521,0.0],[19.9589,70.1495,0.0],[19.9703,70.1432,0.0],[19.9667,70.1396,0.0],[19.9521,70.1396,0.0],[19.9479,70.1417,0.0],[19.9313,70.1438,6.5636],[19.9229,70.1479,2.636],[19.9151,70.1484,24.7582],[19.9182,70.1526,0.0],[19.9151,70.1547,2.0759],[19.9161,70.1578,0.0],[19.8979,70.1604,12.6544],[19.8937,70.1625,0.0],[19.8875,70.1625,8.5472],[19.8859,70.1641,15.7806],[19.8953,70.1734,0.0],[19.8922,70.1766,5.8705],[19.9125,70.175,0.0],[19.9188,70.1729,0.0],[19.9266,70.1807,0.0],[19.9141,70.187,0.0],[19.9047,70.188,6.312],[19.9078,70.1922,0.5104],[19.9063,70.1937,0.0],[19.8563,70.2,3.1672],[19.8479,70.2042,1.0309],[19.8401,70.2047,52.3757],[19.8411,70.2078,5.1288],[19.8396,70.2083,15.6896],[19.8359,70.2078,22.4823],[19.8214,70.1932,0.0],[19.8245,70.1911,4.4737],[19.8214,70.1859,0.0],[19.8245,70.1839,5.1527],[19.8172,70.1828,0.0],[19.8182,70.1755,0.0],[19.8161,70.1734,0.7579],[19.8089,70.1724,0.0],[19.8026,70.1661,3.6756],[19.8057,70.1641,5.7976],[19.8036,70.1609,1.0977],[19.7854,70.1563,0.0],[19.7589,70.1589,45.1779],[19.7599,70.162,0.0],[19.7568,70.1641,0.0],[19.7599,70.1682,0.0],[19.7526,70.1713,7.7077],[19.7536,70.1745,0.0],[19.7505,70.1755,2.207],[19.7516,70.1787,0.0],[19.7484,70.1797,27.9044],[19.7557,70.188,0.0],[19.7526,70.1901,0.0],[19.7536,70.1932,0.0],[19.7505,70.1943,7.0959],[19.7536,70.1995,0.0],[19.7505,70.2005,17.4244],[19.7516,70.2037,0.0],[19.7484,70.2047,11.5524],[19.7495,70.2078,0.0],[19.7339,70.2151,25.8459],[19.7349,70.2182,0.0],[19.7276,70.2224,1.0104],[19.7313,70.225,0.0],[19.7396,70.2229,0.0],[19.7438,70.225,0.6652],[19.7583,70.225,0.0],[19.7714,70.237,10.7044],[19.7786,70.238,0.0],[19.7807,70.2412,0.0],[19.7776,70.2422,10.2499],[19.7786,70.2453,0.0],[19.7755,70.2464,13.3085],[19.7786,70.2505,0.0],[19.7755,70.2526,24.7679],[19.7766,70.2557,0.0],[19.7667,70.2604,72.8383],[19.7396,70.2604,107.1379],[19.7214,70.2557,0.0],[19.7245,70.2536,0.0],[19.7224,70.2505,0.0],[19.7068,70.2474,0.0],[19.7068,70.2443,0.0],[19.7099,70.2432,0.0],[19.7089,70.2401,0.0],[19.7188,70.2354,0.0],[19.7307,70.2349,9.3813],[19.7318,70.2318,0.0],[19.7391,70.2286,7.8623],[19.7375,70.2271,0.0],[19.7292,70.2271,3.6911],[19.7146,70.2312,30.7312],[19.7021,70.2312,131.7219],[19.6938,70.2354,0.0],[19.6854,70.2354,0.1665],[19.6755,70.2328,0.0],[19.6786,70.2307,0.0],[19.6776,70.2276,0.0],[19.6807,70.2255,0.0],[19.6708,70.225,0.0],[19.6693,70.2266,0.0],[19.6724,70.2307,0.0],[19.663,70.2318,77.2617],[19.6646,70.2333,6.7253],[19.6703,70.2338,0.0],[19.6672,70.237,0.0],[19.6703,70.2412,0.0],[19.6672,70.2432,0.0],[19.6703,70.2474,0.0],[19.6672,70.2495,0.0],[19.6703,70.2536,0.0],[19.6646,70.2562,0.0],[19.6568,70.2568,178.4831],[19.6583,70.2583,60.0419],[19.6641,70.2589,0.0],[19.6661,70.262,0.0],[19.663,70.263,0.0],[19.662,70.2662,0.0],[19.6464,70.2734,3.9426],[19.6495,70.2776,0.0],[19.6479,70.2792,18.5922]]],
[[[19.0021,70.1771,0.0],[19.0005,70.1755,0.0],[19.0036,70.1734,0.0],[19.0,70.1729,0.0],[18.9901,70.1776,0.8394],[18.9932,70.1818,9.2413],[18.9901,70.1839,4.0486],[18.9911,70.187,0.0],[18.9813,70.1917,0.4586],[18.9667,70.1917,0.0],[18.9651,70.1901,0.0],[18.9682,70.1891,0.0],[18.9667,70.1875,0.0],[18.9484,70.187,0.0],[18.9521,70.1833,4.2435],[18.9484,70.1787,0.0],[18.9516,70.1766,15.316],[18.9505,70.1734,5.5499],[18.962,70.1682,16.6038],[18.9568,70.162,0.0],[18.9583,70.1604,0.0],[18.9729,70.1604,0.0],[18.9771,70.1625,16.4002],[18.9875,70.1625,0.0],[18.9938,70.1667,0.0],[19.0167,70.1687,0.0],[19.0214,70.1724,0.0],[19.0286,70.1734,0.0],[19.0255,70.1755,0.3412],[19.0266,70.1787,1.3784],[19.0208,70.1813,4.2941],[19.0021,70.1771,0.0]]],
[[[19.2172,70.2484,23.7507],[19.2182,70.2516,0.0],[19.2089,70.2526,3.3833],[19.2047,70.2547,9.19],[19.2057,70.2578,0.0],[19.2042,70.2583,0.7369],[19.1922,70.2557,6.3013],[19.1891,70.2526,3.9151],[19.1854,70.2521,3.9151],[19.1708,70.2583,8.9941],[19.1609,70.2557,0.0],[19.1547,70.2495,0.0],[19.1578,70.2464,0.0],[19.1505,70.2453,0.9003],[19.1484,70.2432,0.0],[19.1557,70.2391,0.0],[19.1542,70.2375,0.0],[19.1458,70.2375,133.1474],[19.1401,70.2401,167.1701],[19.1411,70.2432,9.2469],[19.1271,70.2458,0.0],[19.1234,70.2422,0.0],[19.1286,70.2412,36.3593],[19.1271,70.2396,0.0],[19.1063,70.2417,177.9447],[19.1021,70.2396,287.5188],[19.0917,70.2396,86.1445],[19.0818,70.237,0.0],[19.0943,70.2297,0.0],[19.1036,70.2286,31.3568],[19.1203,70.2203,0.6587],[19.1182,70.2172,3.458],[19.0964,70.212,1.7253],[19.0995,70.2099,108.2011],[19.0984,70.2068,0.0],[19.1417,70.2063,16.9191],[19.1458,70.2042,0.0],[19.1536,70.2037,0.0],[19.162,70.1995,0.0],[19.1542,70.1958,4.378],[19.1479,70.1979,-0.2018],[19.1271,70.1979,1.4487],[19.1229,70.1958,10.5954],[19.1063,70.1958,-0.025],[19.0964,70.1932,0.0],[19.0911,70.188,46.6045],[19.0839,70.187,0.0],[19.0911,70.1828,23.5275],[19.0901,70.1797,0.0],[19.0995,70.1766,0.0],[19.0984,70.1734,0.0],[19.1016,70.1724,0.0],[19.1005,70.1693,0.0],[19.1078,70.1661,2.768],[19.1057,70.163,0.0],[19.0984,70.162,0.0],[19.0922,70.1557,0.0],[19.0995,70.1505,0.0],[19.0958,70.15,10.2411],[19.0859,70.1547,0.0],[19.087,70.1578,0.0],[19.0839,70.1599,0.0],[19.087,70.1641,0.0],[19.0786,70.1682,0.0],[19.0708,70.1687,151.8056],[19.0667,70.1708,22.6546],[19.0604,70.1687,207.3952],[19.0438,70.1687,17.7945],[19.0396,70.1667,4.4867],[19.0292,70.1667,0.0],[19.0266,70.163,11.1568],[19.0167,70.1604,21.0535],[19.0083,70.1625,0.0],[19.0016,70.1568,0.9901],[18.9833,70.1563,0.0],[18.9797,70.1526,9.981],[18.9958,70.1479,0.0],[19.0083,70.1479,0.0],[19.0099,70.1474,53.6716],[19.0089,70.1443,0.0],[19.0104,70.1438,0.0],[19.0167,70.1438,11.5187],[19.0208,70.1417,0.0],[19.0333,70.1417,51.319],[19.0417,70.1375,0.0],[19.0479,70.1375,0.0],[19.0563,70.1333,0.0],[19.0625,70.1333,10.825],[19.0682,70.1307,62.0391],[19.0672,70.1276,0.0],[19.0797,70.1214,0.0],[19.0854,70.1188,0.0],[19.0932,70.1182,13.8889],[19.0922,70.1151,0.0],[19.1083,70.1104,0.0],[19.1354,70.1104,0.0],[19.1396,70.1125,28.5897],[19.1688,70.1125,0.0],[19.1792,70.1167,0.0],[19.1958,70.1167,0.0],[19.1974,70.1182,0.0],[19.1943,70.1203,0.0],[19.2026,70.1286,0.0137],[19.2286,70.1297,0.0],[19.2255,70.1328,43.6566],[19.2307,70.1349,0.0],[19.2276,70.137,2.7482],[19.2297,70.1391,0.0],[19.2354,70.1396,0.0],[19.237,70.1412,0.0],[19.2292,70.1417,34.7488],[19.2193,70.1464,2.8727],[19.2214,70.1495,4.1198],[19.2286,70.1505,0.0],[19.2214,70.1557,3.9657],[19.2286,70.1568,0.0],[19.238,70.1661,0.0],[19.2453,70.1672,0.0],[19.2484,70.1724,2.8781],[19.2557,70.1734,0.0],[19.262,70.1807,0.0],[19.2563,70.1833,13.1192],[19.2484,70.1839,10.7938],[19.2495,70.187,0.0],[19.2464,70.1891,2.4656],[19.2495,70.1932,0.0],[19.2422,70.1964,43.1265],[19.2474,70.2037,0.0],[19.2333,70.2104,10.967],[19.2297,70.2099,36.2406],[19.2328,70.2078,177.9601],[19.2313,70.2063,240.6823],[19.2229,70.2063,355.8286],[19.2172,70.2089,191.6087],[19.2188,70.2104,135.1716],[19.2245,70.2109,43.779],[19.2214,70.213,0.3342],[19.2234,70.2161,0.9329],[19.2349,70.2172,0.0953],[19.2432,70.2255,0.0],[19.2401,70.2286,99.1869],[19.2458,70.2292,0.0],[19.2474,70.2307,0.0],[19.2417,70.2333,0.0],[19.2339,70.2338,45.1642],[19.2349,70.237,0.0],[19.2255,70.238,18.4389],[19.2266,70.2412,0.0],[19.2193,70.2443,13.2033],[19.2203,70.2474,0.0],[19.2172,70.2484,23.7507]]],
[[[18.6479,70.1458,0.0],[18.6464,70.1422,12.6852],[18.6521,70.1396,0.0],[18.662,70.1422,0.0],[18.6589,70.1443,3.2672],[18.6599,70.1474,0.0],[18.6583,70.1479,0.0],[18.65,70.1479,14.1062],[18.6479,70.1458,0.0]]],
[[[18.7026,70.1453,37.2369],[18.6943,70.1422,0.0],[18.7042,70.1417,6.1247],[18.7078,70.1443,5.3361],[18.7062,70.1458,0.0],[18.7026,70.1453,37.2369]]],
[[[18.8979,70.1813,0.3483],[18.8964,70.1829,0.2216],[18.9016,70.1891,0.0],[18.8984,70.1901,25.494],[18.8995,70.1932,0.0],[18.8979,70.1937,8.5785],[18.8917,70.1917,0.0],[18.8797,70.1911,0.0],[18.8828,70.1891,8.3077],[18.8812,70.1875,13.999],[18.8714,70.188,0.2137],[18.8724,70.1911,4.1407],[18.8708,70.1917,4.3739],[18.8646,70.1896,56.7265],[18.8563,70.1917,26.9974],[18.8521,70.1896,138.5124],[18.8354,70.1896,106.281],[18.8297,70.1849,115.5291],[18.8286,70.1818,123.8877],[18.8234,70.1766,0.0],[18.8266,70.1745,90.9311],[18.8245,70.1713,212.6435],[18.8146,70.1687,173.5815],[18.8042,70.1687,0.0],[18.8026,70.1672,0.0],[18.8057,70.1651,61.3362],[18.7958,70.1646,88.2711],[18.7917,70.1625,108.8626],[18.7833,70.1646,19.3768],[18.7776,70.1589,0.0],[18.7807,70.1578,0.0],[18.7797,70.1547,0.0],[18.7828,70.1536,32.0903],[18.7818,70.1505,0.0],[18.7875,70.1479,0.0],[18.8021,70.1479,0.0],[18.8083,70.15,65.924],[18.8125,70.1479,0.0],[18.8438,70.1479,0.0],[18.8479,70.1458,0.0],[18.8557,70.1453,0.0],[18.8625,70.1417,0.0],[18.8771,70.1417,0.0],[18.8849,70.1443,2.0752],[18.888,70.1474,4.7587],[18.8953,70.1484,0.0],[18.8922,70.1505,6.9233],[18.8932,70.1536,0.0],[18.8901,70.1547,11.0933],[18.8932,70.1599,0.0],[18.8901,70.162,0.0],[18.8932,70.1661,0.0],[18.8901,70.1672,0.0],[18.8911,70.1724,3.5416],[18.888,70.1745,0.0],[18.8953,70.1755,0.0],[18.8995,70.1797,0.0],[18.8979,70.1813,0.3483]]],
[[[18.8854,70.2,7.713],[18.8771,70.2,0.0],[18.8755,70.1984,0.0],[18.887,70.1984,0.0],[18.8854,70.2,7.713]]],
[[[19.525,70.2542,1.4332],[19.5187,70.2542,0.0],[19.5172,70.2526,0.6334],[19.5286,70.2526,26.4441],[19.525,70.2542,1.4332]]],
[[[19.6979,70.2583,3.7921],[19.6995,70.2599,1.5711],[19.6943,70.2599,-0.5],[19.6943,70.2589,-0.5],[19.6979,70.2583,3.7921]]],
[[[19.1708,70.2667,0.0],[19.1651,70.2662,4.9555],[19.163,70.263,0.0],[19.1667,70.2625,0.0],[19.1766,70.2651,0.0],[19.175,70.2667,0.0],[19.1708,70.2667,0.0]]],
[[[19.7828,70.288,1.4915],[19.7849,70.2911,0.0],[19.7771,70.2917,69.3818],[19.7687,70.2958,0.0],[19.7609,70.2953,2.1286],[19.7693,70.2901,0.0],[19.7792,70.2875,0.0],[19.7828,70.288,1.4915]]]]}}