{"type": "Feature","bbox": [8.2375,62.2547,12.2541,64.425],"geometry": {"type": "MultiPolygon","coordinates": [[[[10.0101,62.4115,1108.9108],[10.0485,62.4142,1000.2025],[10.047,62.4186,980.3463],[10.0758,62.4207,1005.1127],[10.0743,62.4251,988.0723],[10.0839,62.4258,1006.3903],[10.0765,62.448,962.4186],[10.0669,62.4473,970.7947],[10.0595,62.4695,994.4177],[10.0499,62.4688,992.7338],[10.0425,62.491,1036.3701],[10.0328,62.4903,1005.6641],[10.0254,62.5125,1016.3082],[10.0158,62.5118,1013.9066],[10.0023,62.5517,1174.0364],[10.012,62.5524,1182.7148],[10.0105,62.5568,1150.5474],[10.0297,62.5582,1045.7222],[10.0283,62.5626,1064.7051],[10.0379,62.5633,984.1561],[10.0364,62.5677,964.8919],[10.0557,62.5691,1047.0562],[10.0542,62.5735,1028.1051],[10.0638,62.5742,1017.9169],[10.0624,62.5786,1008.5011],[10.0817,62.58,1075.5254],[10.0802,62.5844,1045.5955],[10.0995,62.5858,900.4669],[10.098,62.5902,891.4028],[10.1076,62.5909,824.4034],[10.1032,62.6042,892.1249],[10.1128,62.6049,904.2098],[10.1084,62.6182,1015.8898],[10.0987,62.6175,1029.8785],[10.0972,62.622,1062.1196],[10.0876,62.6213,1080.2937],[10.0861,62.6257,1093.8475],[10.0958,62.6264,1086.6405],[10.0943,62.6308,1068.7445],[10.1039,62.6315,1031.1062],[10.1024,62.6359,1010.624],[10.1121,62.6366,996.0633],[10.1032,62.6632,922.3027],[10.1129,62.6639,923.2154],[10.1114,62.6684,905.9695],[10.1307,62.6697,784.7537],[10.1293,62.6741,734.2657],[10.1486,62.6755,507.9406],[10.1471,62.6799,498.2979],[10.3408,62.6932,1157.7498],[10.3423,62.6888,1163.8749],[10.3713,62.6907,990.6383],[10.3728,62.6863,983.9344],[10.4018,62.6883,933.9033],[10.4033,62.6838,931.5463],[10.4227,62.6851,981.6642],[10.4241,62.6807,994.3104],[10.4532,62.6827,1146.4747],[10.4546,62.6782,1138.9054],[10.474,62.6795,1194.038],[10.4754,62.6751,1191.0272],[10.5045,62.677,1119.4989],[10.5059,62.6726,1164.6959],[10.535,62.6745,1009.7572],[10.5364,62.6701,1043.8329],[10.5557,62.6714,1121.8214],[10.5572,62.6669,1153.1511],[10.5862,62.6688,971.9433],[10.5876,62.6644,987.6473],[10.6167,62.6663,1027.8522],[10.6153,62.6708,1024.1428],[10.6347,62.672,969.3541],[10.6332,62.6765,991.6637],[10.6914,62.6803,1050.948],[10.6928,62.6759,1026.3715],[10.7025,62.6765,1029.2979],[10.7039,62.6721,1059.5469],[10.7233,62.6733,1103.3701],[10.7316,62.6467,1079.3619],[10.751,62.6479,1047.4419],[10.7496,62.6524,1039.8641],[10.7593,62.653,1058.7253],[10.7579,62.6574,1103.6105],[10.7676,62.6581,1051.2786],[10.7662,62.6625,1068.5881],[10.7759,62.6631,1137.3779],[10.7745,62.6676,1139.9132],[10.7842,62.6682,1093.9589],[10.7828,62.6727,1115.9218],[10.7925,62.6733,1139.5065],[10.7911,62.6777,1213.0811],[10.8008,62.6784,1092.1976],[10.7994,62.6828,1053.442],[10.8091,62.6834,991.4413],[10.8077,62.6879,991.3187],[10.8465,62.6904,1107.8477],[10.8451,62.6948,1122.1824],[10.9033,62.6986,895.7841],[10.9047,62.6941,920.4532],[10.9338,62.696,876.7282],[10.9352,62.6915,884.2144],[10.9546,62.6928,917.3785],[10.9559,62.6883,958.4274],[10.9753,62.6895,1114.2902],[10.9767,62.6851,1157.5549],[10.9961,62.6863,1054.2039],[10.9974,62.6819,1055.9445],[11.0168,62.6831,1031.8478],[11.0182,62.6787,1117.2325],[11.0279,62.6793,1073.611],[11.0292,62.6748,1166.3503],[11.0486,62.676,1138.0323],[11.05,62.6716,1145.3031],[11.0888,62.674,1049.5956],[11.0901,62.6696,1022.3533],[11.0998,62.6702,1018.7202],[11.1011,62.6657,987.848],[11.1205,62.667,994.5623],[11.1219,62.6625,946.3629],[11.1316,62.6631,918.2788],[11.1329,62.6587,871.5972],[11.1426,62.6593,818.2071],[11.1439,62.6548,855.1249],[11.1536,62.6554,940.1606],[11.1616,62.6287,930.3734],[11.1519,62.6281,957.7449],[11.1559,62.6148,938.5645],[11.1656,62.6154,894.8923],[11.1682,62.6065,918.3403],[11.1779,62.6071,913.9041],[11.1805,62.5982,887.8574],[11.1902,62.5988,882.6568],[11.1955,62.581,816.3542],[11.1858,62.5804,818.5712],[11.1885,62.5715,805.4165],[11.1981,62.5721,806.5621],[11.1994,62.5677,813.0266],[11.2381,62.57,749.7262],[11.2499,62.53,786.2563],[11.2596,62.5306,722.541],[11.2609,62.5262,704.0812],[11.2995,62.5285,614.439],[11.3008,62.5241,649.1308],[11.3104,62.5247,731.6824],[11.3117,62.5202,768.6924],[11.3214,62.5208,822.5606],[11.3227,62.5164,855.1104],[11.3323,62.517,900.1797],[11.3349,62.5081,943.1058],[11.3446,62.5086,996.5245],[11.3459,62.5042,974.9271],[11.3555,62.5048,982.0236],[11.3568,62.5003,963.4929],[11.3664,62.5009,972.492],[11.3677,62.4965,1024.0991],[11.3774,62.4971,973.3196],[11.3787,62.4926,1005.3314],[11.3883,62.4932,988.4839],[11.3896,62.4888,997.1546],[11.3992,62.4893,1037.3705],[11.4005,62.4849,967.4636],[11.4102,62.4855,1002.6902],[11.4114,62.481,970.1625],[11.4211,62.4816,1017.4285],[11.4224,62.4772,1010.5358],[11.432,62.4777,1069.0797],[11.4346,62.4688,935.0664],[11.4442,62.4694,909.1071],[11.4468,62.4605,867.1985],[11.4564,62.4611,852.6011],[11.4589,62.4522,776.6688],[11.4686,62.4528,790.0947],[11.4711,62.4439,848.3536],[11.4807,62.4445,848.369],[11.4833,62.4356,896.5652],[11.4929,62.4361,888.8231],[11.503,62.4005,953.8351],[11.5127,62.4011,977.8639],[11.5152,62.3922,964.9413],[11.5248,62.3928,943.4396],[11.5273,62.3839,920.8285],[11.5369,62.3844,935.8285],[11.5394,62.3755,955.0246],[11.5491,62.3761,950.5641],[11.5516,62.3672,816.6862],[11.5804,62.3689,782.9578],[11.5791,62.3734,777.1406],[11.6272,62.3763,929.7878],[11.6259,62.3807,949.7482],[11.674,62.3836,942.1203],[11.6765,62.3746,941.6828],[11.6861,62.3752,971.3558],[11.6923,62.3529,847.0118],[11.7019,62.3535,812.1033],[11.7031,62.3491,799.5069],[11.7319,62.3508,693.5837],[11.7307,62.3552,695.7102],[11.7403,62.3558,736.7327],[11.7391,62.3602,718.6939],[11.7487,62.3608,768.6641],[11.7475,62.3652,786.7095],[11.7571,62.3658,797.9341],[11.7558,62.3703,777.5087],[11.7655,62.3708,792.4275],[11.7642,62.3753,776.9831],[11.8027,62.3775,848.3139],[11.8039,62.3731,875.3239],[11.8327,62.3747,908.5193],[11.834,62.3703,936.6302],[11.8628,62.3719,862.58],[11.864,62.3675,897.226],[11.8929,62.3691,791.5557],[11.8941,62.3647,810.5859],[11.9133,62.3658,732.6399],[11.9145,62.3613,726.7707],[11.9433,62.363,661.5],[11.9445,62.3585,661.5],[11.9734,62.3602,661.5],[11.9745,62.3557,661.5],[11.9938,62.3568,672.897],[11.995,62.3524,683.9807],[12.0238,62.354,710.4689],[12.025,62.3495,710.9283],[12.0442,62.3506,715.777],[12.0454,62.3462,718.1694],[12.055,62.3467,714.3087],[12.0562,62.3423,724.6772],[12.0658,62.3428,719.2009],[12.0669,62.3383,723.1094],[12.076599999999999,62.3389,723.5728],[12.0777,62.3344,719.7454],[12.0873,62.335,729.113],[12.0897,62.326,720.4911],[12.0993,62.3266,728.7043],[12.1005,62.3221,719.5362],[12.1101,62.3227,734.0977],[12.1124,62.3138,722.7124],[12.122,62.3143,720.3131],[12.1232,62.3098,723.6491],[12.1808,62.313,754.8333],[12.1796,62.3175,749.3731],[12.1892,62.318,750.1916],[12.1881,62.3225,750.5],[12.2073,62.3236,782.2803],[12.2061,62.328,751.9632],[12.2541,62.3307,756.8159],[12.2495,62.3485,763.2158],[12.2399,62.348,762.0328],[12.2342,62.3703,808.1864],[12.2245,62.3697,802.2783],[12.2188,62.392,908.2557],[12.2091,62.3915,907.6606],[12.2033,62.4138,831.7963],[12.1937,62.4132,834.3658],[12.1879,62.4355,856.771],[12.1782,62.435,849.8453],[12.1724,62.4573,877.0176],[12.1628,62.4568,868.9847],[12.1569,62.479,1076.2267],[12.1472,62.4785,1031.5237],[12.1414,62.5008,1053.5409],[12.1317,62.5003,1095.7118],[12.1258,62.5225,1014.3779],[12.1162,62.522,1074.4712],[12.1103,62.5443,967.4637],[12.1006,62.5438,1015.4223],[12.0947,62.566,958.9317],[12.085,62.5655,1066.4993],[12.0791,62.5878,1112.2063],[12.0694,62.5873,1033.7235],[12.0598,62.6229,994.6389],[12.0695,62.6234,974.2218],[12.066,62.6368,869.0563],[12.0757,62.6374,853.5204],[12.0733,62.6463,845.9782],[12.083,62.6468,848.6824],[12.0794,62.6602,898.6852],[12.0891,62.6607,889.9774],[12.0868,62.6696,947.6949],[12.0965,62.6702,928.1451],[12.0941,62.6791,905.6622],[12.1038,62.6796,855.0688],[12.1002,62.693,832.1334],[12.11,62.6935,826.0988],[12.1076,62.7025,795.3247],[12.1173,62.703,831.9208],[12.1137,62.7164,830.132],[12.1235,62.7169,833.8511],[12.1211,62.7258,868.21],[12.1308,62.7264,896.4091],[12.1273,62.7397,906.8566],[12.137,62.7403,890.4005],[12.1191,62.8071,1046.1113],[12.1094,62.8066,982.8419],[12.089,62.8824,1051.0844],[12.0792,62.8818,1221.3759],[12.0732,62.9041,1061.3274],[12.083,62.9047,1032.6234],[12.0818,62.9091,1077.981],[12.0916,62.9097,1038.5251],[12.0904,62.9141,1101.9757],[12.1002,62.9147,1095.0793],[12.099,62.9191,1118.567],[12.1088,62.9196,1013.2825],[12.1064,62.9286,1024.8767],[12.1162,62.9291,963.6142],[12.115,62.9336,915.8871],[12.1248,62.9341,865.9601],[12.1236,62.9386,829.1058],[12.1334,62.9391,832.1462],[12.1322,62.9436,836.3588],[12.142,62.9441,835.0678],[12.1408,62.9485,834.4564],[12.1506,62.9491,903.8256],[12.1494,62.9535,859.4263],[12.1592,62.9541,881.0732],[12.1568,62.963,870.7614],[12.1667,62.9635,900.9398],[12.1655,62.968,926.3983],[12.1753,62.9685,928.7042],[12.1741,62.973,892.1402],[12.1839,62.9735,910.9954],[12.1827,62.978,945.1152],[12.1925,62.9785,979.9508],[12.1913,62.983,1024.6078],[12.2011,62.9835,1070.23],[12.2,62.988,1256.24],[12.2098,62.9885,1177.5707],[12.2086,62.9929,1336.304],[12.2184,62.9935,1403.9241],[12.2172,62.9979,1551.9708],[12.2271,62.9985,1403.3724],[12.2259,63.0029,1666.1268],[12.216,63.0024,1529.1123],[12.2125,63.0158,1308.5817],[12.2026,63.0152,1544.6338],[12.1979,63.0331,1506.9658],[12.188,63.0325,1539.5209],[12.1845,63.0459,1135.688],[12.1746,63.0454,1195.6954],[12.1698,63.0632,972.7861],[12.16,63.0627,959.3649],[12.1552,63.0805,1022.3947],[12.1453,63.08,1011.7531],[12.1417,63.0933,969.064],[12.1319,63.0928,988.8148],[12.1271,63.1106,864.2767],[12.1172,63.1101,869.2738],[12.1124,63.1279,775.7296],[12.1025,63.1274,793.7899],[12.0989,63.1408,758.888],[12.089,63.1402,759.4615],[12.0841,63.1581,751.9405],[12.0743,63.1575,762.8207],[12.0706,63.1709,793.5049],[12.0607,63.1703,814.017],[12.0571,63.1837,732.7119],[12.0077,63.181,755.6716],[12.0064,63.1855,745.8882],[11.9076,63.18,861.1654],[11.9064,63.1844,888.6011],[11.8175,63.1794,797.285],[11.8162,63.1839,797.4093],[11.7273,63.1788,928.4204],[11.726,63.1833,900.7443],[11.6371,63.1782,1310.4811],[11.6359,63.1826,1352.4227],[11.626,63.182,1364.3726],[11.6247,63.1865,1136.7484],[11.6148,63.1859,1021.3994],[11.611,63.1993,825.3428],[11.6011,63.1987,773.9855],[11.5985,63.2076,982.5751],[11.5886,63.207,995.0562],[11.5847,63.2204,989.6444],[11.5748,63.2198,872.7861],[11.5709,63.2332,641.8203],[11.561,63.2326,631.0708],[11.5584,63.2415,645.8364],[11.5486,63.2409,696.3455],[11.5446,63.2543,686.8657],[11.5347,63.2537,710.8737],[11.5321,63.2626,680.2109],[11.5222,63.262,672.6997],[11.5183,63.2754,730.9807],[11.5084,63.2748,775.9371],[11.5045,63.2882,820.2648],[11.4946,63.2876,888.9717],[11.4919,63.2965,929.0989],[11.482,63.2959,969.2608],[11.4781,63.3093,1056.4803],[11.4682,63.3087,1032.4091],[11.4655,63.3176,1043.8345],[11.4556,63.317,930.9902],[11.453,63.3259,1140.8031],[11.4431,63.3253,1037.7065],[11.4417,63.3298,1028.9047],[11.4219,63.3286,793.9164],[11.4206,63.3331,850.1775],[11.3908,63.3313,686.3948],[11.3895,63.3357,671.8251],[11.3597,63.334,533.7536],[11.3584,63.3384,538.433],[11.3286,63.3367,502.4428],[11.3272,63.3411,474.9945],[11.2975,63.3393,455.6305],[11.2961,63.3438,442.8894],[11.2664,63.342,538.0258],[11.265,63.3464,507.6625],[11.2352,63.3446,495.5132],[11.2339,63.3491,495.4854],[11.2041,63.3473,555.2964],[11.2028,63.3517,567.3794],[11.173,63.3499,454.5386],[11.1743,63.3455,506.536],[11.1545,63.3443,431.9934],[11.1559,63.3398,421.2794],[11.1459,63.3392,481.1838],[11.1446,63.3437,419.494],[11.095,63.3406,400.4353],[11.0936,63.3451,392.3631],[10.9845,63.3384,436.7574],[10.9859,63.3339,453.4245],[10.9462,63.3314,455.9886],[10.9448,63.3359,420.2913],[10.9349,63.3353,412.2017],[10.9335,63.3397,475.5238],[10.9236,63.3391,417.0129],[10.9222,63.3435,409.9215],[10.9123,63.3429,368.0258],[10.9109,63.3474,356.4737],[10.901,63.3468,349.9854],[10.8996,63.3512,305.4731],[10.8896,63.3506,362.3886],[10.8882,63.355,279.2531],[10.8783,63.3544,322.8261],[10.8769,63.3588,311.2185],[10.867,63.3582,271.9462],[10.8656,63.3627,276.654],[10.8556,63.362,283.1147],[10.8528,63.3709,351.0053],[10.8627,63.3716,294.2982],[10.8443,63.4294,269.7442],[10.8543,63.43,247.3329],[10.8519,63.4374,74.3368],[10.8479,63.4333,169.8844],[10.8443,63.4339,46.5904],[10.8396,63.4375,5.1694],[10.8333,63.4354,3.7212],[10.8089,63.4349,13.3993],[10.8026,63.4224,0.0],[10.8057,63.4203,0.0],[10.8057,63.4172,0.0],[10.7979,63.4125,6.2692],[10.7875,63.4125,8.2852],[10.7776,63.4172,21.4645],[10.7786,63.4203,12.9459],[10.775,63.4229,69.5376],[10.7766,63.4266,0.0],[10.7667,63.4313,0.0],[10.7583,63.4313,23.9709],[10.7542,63.4333,0.0],[10.7167,63.4333,0.0],[10.7125,63.4354,0.0],[10.6938,63.4354,13.6003],[10.6839,63.438,0.0],[10.6771,63.4417,0.0],[10.6729,63.4396,24.0171],[10.6583,63.4396,3.3075],[10.6542,63.4417,7.406],[10.6354,63.4437,0.0],[10.625,63.4396,0.0],[10.6125,63.4396,0.0],[10.6083,63.4417,0.0],[10.5938,63.4417,0.0],[10.5833,63.4375,13.3546],[10.5755,63.437,0.0],[10.5688,63.4333,3.777],[10.5609,63.4328,0.0],[10.5562,63.4292,3.097],[10.5521,63.4313,0.0],[10.5292,63.4313,0.0],[10.525,63.4333,0.0],[10.5104,63.4333,2.0792],[10.5057,63.437,1.274],[10.4937,63.4375,8.6358],[10.4854,63.4417,5.2423],[10.4729,63.4417,0.0],[10.4703,63.4453,0.0],[10.4672,63.4464,0.0],[10.4682,63.4516,0.0],[10.4641,63.4536,0.0],[10.4542,63.4562,16.9762],[10.4396,63.4562,0.0],[10.4349,63.4505,0.0],[10.4307,63.4484,21.8053],[10.4214,63.4474,0.0],[10.4224,63.4422,0.0],[10.4167,63.4417,2.9757],[10.413,63.4391,0.0],[10.413,63.4359,3.3985],[10.4161,63.4339,14.3963],[10.3896,63.4333,3.6631],[10.387,63.4297,16.8305],[10.3833,63.4292,18.168],[10.3792,63.4313,0.0],[10.3521,63.4313,18.5519],[10.35,63.4333,36.3756],[10.3516,63.4391,0.0],[10.3443,63.4422,56.4086],[10.3411,63.4453,30.0205],[10.3359,63.4453,79.2558],[10.3333,63.4417,176.5958],[10.3234,63.4443,161.3665],[10.326599999999999,63.4474,51.0258],[10.3224,63.4495,22.3668],[10.3042,63.4542,0.0],[10.2937,63.45,168.5306],[10.2792,63.45,123.2742],[10.2714,63.4474,221.734],[10.2688,63.4437,307.1247],[10.2672,63.4443,298.0531],[10.2661,63.4495,259.3094],[10.2646,63.45,272.6392],[10.2589,63.4495,295.0367],[10.2563,63.4458,345.441],[10.2484,63.4464,267.1954],[10.25,63.45,115.2012],[10.2479,63.4521,15.9199],[10.2229,63.4521,0.0],[10.2188,63.45,33.497],[10.2063,63.45,0.0],[10.2021,63.4521,0.0],[10.1958,63.4521,0.0],[10.1839,63.4474,2.9799],[10.1818,63.4453,0.0],[10.1807,63.4401,38.812],[10.1729,63.4396,12.8347],[10.1687,63.4375,21.654],[10.1568,63.437,0.0],[10.1536,63.4318,6.1332],[10.1417,63.425,4.6109],[10.1208,63.425,0.0],[10.1167,63.4229,59.9542],[10.1104,63.4229,0.0],[10.0958,63.4167,24.5105],[10.088,63.4161,0.0],[10.087,63.4109,41.3623],[10.0755,63.4078,0.0],[10.0729,63.4042,40.2785],[10.0651,63.4036,0.0],[10.0599,63.388,0.0],[10.0547,63.387,0.0],[10.0542,63.3854,0.0],[10.0547,63.3839,0.0],[10.0661,63.3786,13.6555],[10.0651,63.3755,0.0],[10.0682,63.3745,0.0],[10.0693,63.3714,0.0],[10.0792,63.3708,12.8709],[10.0875,63.3667,0.0],[10.0932,63.3661,24.5217],[10.0943,63.363,0.0],[10.1016,63.362,5.3211],[10.1005,63.3589,0.0],[10.113,63.3526,0.0],[10.1292,63.3521,20.2842],[10.1359,63.3484,0.0],[10.1432,63.3474,8.3055],[10.1479,63.3437,0.0],[10.1771,63.3437,0.0],[10.1812,63.3458,0.0],[10.1854,63.3437,0.0],[10.1958,63.3437,0.0],[10.2,63.3458,1.9604],[10.2146,63.3458,2.1889],[10.2188,63.3437,0.0],[10.2328,63.3432,0.0],[10.2312,63.3417,0.0],[10.2193,63.3411,0.0],[10.2182,63.338,1.008],[10.2151,63.337,-0.3446],[10.2161,63.3339,4.1065],[10.2109,63.3307,0.0],[10.2099,63.3255,0.0],[10.2078,63.3234,0.0],[10.1932,63.3172,7.8985],[10.1818,63.3141,0.0],[10.175,63.3104,14.7771],[10.1708,63.3125,0.0],[10.1604,63.3125,4.8945],[10.1505,63.3151,11.9363],[10.1516,63.3182,0.0],[10.1458,63.3208,0.0],[10.1229,63.3229,33.8152],[10.1104,63.3271,0.0],[10.0917,63.3271,0.0],[10.0875,63.325,51.0055],[10.0813,63.325,8.1551],[10.0693,63.3318,36.7869],[10.0682,63.3349,0.0],[10.0651,63.3359,11.7312],[10.0661,63.3391,0.0],[10.0479,63.3479,8.4816],[10.0333,63.35,0.0],[10.0292,63.3479,15.445],[10.0104,63.3479,0.0],[10.0063,63.3458,6.1382],[10.0021,63.3479,0.0],[9.9875,63.3458,17.286],[9.9833,63.3479,9.4195],[9.9583,63.3479,0.0],[9.9557,63.3443,0.0],[9.9464,63.3411,0.0],[9.9453,63.338,66.5496],[9.9417,63.3354,160.7543],[9.9375,63.3375,0.0],[9.9229,63.3312,120.521],[9.9167,63.3312,32.6494],[9.9063,63.3271,72.1105],[9.8958,63.3271,0.0],[9.8932,63.3234,66.6863],[9.8813,63.3208,6.2104],[9.8646,63.3146,1.7609],[9.8417,63.3167,2.3873],[9.8391,63.313,3.2014],[9.8354,63.3125,5.1287],[9.8339,63.313,0.0],[9.8349,63.3161,3.3556],[9.8292,63.3187,0.0],[9.825,63.3167,0.0],[9.8214,63.3172,0.0],[9.8234,63.3224,0.0],[9.8687,63.3396,56.4732],[9.875,63.3396,0.0],[9.8818,63.3432,8.9491],[9.8896,63.3437,0.0],[9.9042,63.35,10.6498],[9.912,63.3505,0.0],[9.913,63.3536,8.9534],[9.9182,63.3547,0.0],[9.9193,63.3578,0.0],[9.9245,63.3589,0.0],[9.9255,63.3641,36.7622],[9.9307,63.3651,0.0],[9.9318,63.3682,0.0],[9.937,63.3693,0.0],[9.938,63.3724,2.8118],[9.9432,63.3734,0.0],[9.9464,63.3828,19.5292],[9.9515999999999991,63.3839,0.0],[9.9547,63.3953,7.2889],[9.962,63.4005,0.0],[9.9651,63.412,0.0],[9.9724,63.4172,0.0],[9.9688,63.4208,8.0042],[9.9714,63.4286,26.5686],[9.9766,63.4297,0.0],[9.9807,63.4411,0.0],[9.9667,63.4458,0.0],[9.9521,63.4458,148.1957],[9.9479,63.45,64.6129],[9.9255,63.4547,57.34],[9.9307,63.4568,0.0],[9.9307,63.4599,0.0],[9.9292,63.4604,0.0],[9.9089,63.4609,0.0],[9.9057,63.4703,0.0],[9.8833,63.475,2.1075],[9.8766,63.4786,0.0],[9.8693,63.4797,36.4624],[9.8682,63.4828,0.0],[9.8583,63.4833,11.14],[9.8526,63.4859,0.0],[9.8516,63.4891,0.0],[9.8484,63.4901,0.0],[9.85,63.4938,0.0],[9.8495,63.4974,0.0],[9.8464,63.4984,36.2453],[9.8516,63.5016,0.0],[9.8417,63.5042,10.8175],[9.8375,63.5021,0.0],[9.8313,63.5021,0.0],[9.8292,63.5042,0.0],[9.8307,63.5078,3.6717],[9.8172,63.5089,56.8251],[9.8182,63.512,8.4544],[9.8109,63.5151,0.0],[9.8109,63.5182,0.0],[9.813,63.5224,0.0],[9.825,63.525,0.0],[9.8286,63.5276,0.0],[9.8255,63.5307,107.9214],[9.8307,63.5339,20.3567],[9.8328,63.5411,0.0],[9.8214,63.5464,0.0],[9.8224,63.5516,0.0],[9.8099,63.5578,0.0],[9.8,63.5604,0.0],[9.7901,63.5609,5.7567],[9.7958,63.5667,0.0],[9.7953,63.5682,0.0],[9.788,63.5714,0.0],[9.7891,63.5766,0.0],[9.7729,63.5771,68.8942],[9.7589,63.5818,0.0],[9.762,63.5932,0.0],[9.7547,63.5943,68.0336],[9.7542,63.5979,0.0],[9.7557,63.6016,0.0],[9.7458,63.6063,11.0568],[9.7401,63.6068,89.9596],[9.7411,63.6161,0.0],[9.7292,63.6167,0.0],[9.725,63.6146,4.4576],[9.7193,63.6151,3.0006],[9.7234,63.6182,0.0],[9.7349,63.6214,0.0],[9.7411,63.6255,0.0],[9.7443,63.6349,3.3767],[9.7495,63.638,0.0],[9.7464,63.6411,6.0287],[9.7516,63.6422,0.0],[9.7521,63.6437,0.0],[9.7516,63.6453,21.1373],[9.7458,63.6479,0.0],[9.7417,63.6458,11.9812],[9.7167,63.6437,0.0],[9.7021,63.6396,2.9293],[9.6958,63.6417,0.0],[9.6813,63.6333,33.0054],[9.6708,63.6354,0.0],[9.6693,63.6339,6.4735],[9.6724,63.6318,0.0],[9.6703,63.6297,5.5607],[9.6672,63.6286,0.0],[9.6661,63.6255,19.5763],[9.6583,63.6229,67.3957],[9.6479,63.6229,0.0],[9.6438,63.6208,19.2899],[9.6188,63.6208,10.4837],[9.6146,63.6229,0.0],[9.6104,63.6208,4.4462],[9.5958,63.6208,0.0],[9.587,63.6151,0.0],[9.5625,63.6063,0.0],[9.5521,63.6063,0.0],[9.5438,63.6021,0.0],[9.5333,63.6021,0.0],[9.5255,63.5995,0.0],[9.5234,63.5943,0.0],[9.5266,63.5922,0.0],[9.5208,63.5896,0.0],[9.5167,63.5917,19.6388],[9.513,63.5911,27.6784],[9.5161,63.5891,0.0],[9.5161,63.5859,0.0],[9.5083,63.5833,14.0549],[9.4979,63.5833,0.0],[9.4922,63.5797,0.0],[9.4979,63.5771,8.7792],[9.5021,63.5792,0.0],[9.5125,63.5792,0.0],[9.5167,63.5771,0.0],[9.5208,63.5771,13.8413],[9.5234,63.5807,0.0],[9.5417,63.5833,0.0],[9.5458,63.5854,0.0],[9.55,63.5833,0.0],[9.5646,63.5833,22.3805],[9.5661,63.5828,27.8872],[9.5661,63.5797,0.0],[9.5589,63.5745,0.0],[9.5583,63.5708,0.0],[9.5651,63.5651,0.0],[9.5724,63.562,7.9192],[9.5724,63.5568,0.0],[9.5703,63.5547,0.0],[9.5672,63.5547,11.0111],[9.563,63.5568,142.8918],[9.5599,63.5641,0.0],[9.5542,63.5646,69.2018],[9.5474,63.5682,73.2009],[9.5375,63.5708,0.0],[9.5229,63.5667,23.4747],[9.5125,63.5667,0.0],[9.5083,63.5646,10.7664],[9.4922,63.5672,0.0],[9.4953,63.5703,0.0],[9.4917,63.5729,10.532],[9.4854,63.5729,0.0],[9.4776,63.5703,0.0],[9.4776,63.5651,0.0],[9.4807,63.5641,0.0],[9.4786,63.5609,26.5223],[9.4729,63.5625,0.0],[9.4609,63.562,33.3073],[9.4599,63.5589,0.0],[9.4547,63.5578,3.5726],[9.4547,63.5547,20.0637],[9.4578,63.5526,0.0],[9.4526,63.5516,0.0],[9.4516,63.5484,0.0],[9.4474,63.5464,0.0],[9.4422,63.5453,0.0],[9.4458,63.5417,0.0],[9.4432,63.538,52.8421],[9.4297,63.537,0.0],[9.4286,63.5318,0.0],[9.4271,63.5313,19.8614],[9.4125,63.5333,32.6848],[9.4089,63.5307,10.9187],[9.4125,63.5271,0.0],[9.4109,63.5234,0.0],[9.4141,63.5224,48.3353],[9.4151,63.5172,0.0],[9.4182,63.5161,75.0214],[9.4167,63.5125,9.4217],[9.4208,63.5083,3.4609],[9.4193,63.5047,0.0],[9.4224,63.5036,0.0],[9.4167,63.5,8.7774],[9.4063,63.5042,10.2866],[9.4005,63.5047,32.7833],[9.4016,63.5078,0.0],[9.3922,63.5089,196.4809],[9.3938,63.5125,21.0135],[9.3901,63.5161,0.0],[9.3953,63.5203,39.0931],[9.388,63.5245,32.8028],[9.3901,63.5307,35.6818],[9.3955,63.5324,0.0],[9.3953,63.5349,0.0],[9.3922,63.537,0.0],[9.3943,63.5411,0.0],[9.4,63.5438,0.0],[9.4104,63.5396,11.8577],[9.4266,63.5401,0.0],[9.4328,63.5443,0.0],[9.4349,63.5516,0.0],[9.4229,63.5521,0.0],[9.4021,63.5458,0.0],[9.4005,63.5464,0.0],[9.4005,63.5495,0.0],[9.4099,63.5505,0.0],[9.412,63.5526,0.0],[9.412,63.5557,0.0],[9.4,63.5542,0.0],[9.3984,63.5547,0.0],[9.3995,63.5578,0.0],[9.3875,63.5583,0.0],[9.3797,63.5557,0.0],[9.3771,63.5521,9.3357],[9.3729,63.5542,0.0],[9.3667,63.5542,0.0],[9.3625,63.5521,10.4939],[9.3547,63.5516,0.0],[9.3578,63.5484,0.0],[9.3443,63.5432,19.1409],[9.3255,63.5307,0.0],[9.3224,63.5214,5.8971],[9.3146,63.5187,10.499],[9.3,63.5167,0.0],[9.2943,63.5193,0.0],[9.2932,63.5224,15.5426],[9.2833,63.5271,32.0891],[9.2792,63.5271,22.9586],[9.275,63.525,96.514],[9.2646,63.525,35.1096],[9.2604,63.5229,105.0171],[9.25,63.5229,63.0756],[9.2396,63.5187,0.0],[9.2292,63.5187,22.0736],[9.225,63.5167,41.1052],[9.2188,63.5167,12.4038],[9.2161,63.513,54.4424],[9.2109,63.512,3.3553],[9.2099,63.5068,39.4263],[9.1995,63.5026,19.3123],[9.1875,63.5021,0.0],[9.1833,63.5042,0.0],[9.1797,63.5016,0.0],[9.1786,63.4964,2.2893],[9.1667,63.4917,21.0194],[9.1484,63.4891,0.0],[9.1583,63.4833,0.0],[9.1682,63.4828,0.0],[9.1693,63.4797,52.6958],[9.1724,63.4786,94.1548],[9.1693,63.4693,0.0],[9.1771,63.4688,24.4065],[9.1828,63.4661,24.2461],[9.1776,63.4641,0.0],[9.1776,63.4609,19.0988],[9.2,63.4583,36.522],[9.2042,63.4562,0.0],[9.2104,63.4562,0.0],[9.2146,63.4583,55.0376],[9.2245,63.4536,0.0],[9.2255,63.4505,23.9634],[9.2313,63.4479,0.0],[9.25,63.4479,0.0],[9.2583,63.4521,68.8267],[9.2917,63.4521,0.0],[9.2943,63.4484,0.0],[9.3042,63.4458,0.0],[9.3146,63.4521,16.0291],[9.3265999999999991,63.4526,0.0],[9.3297,63.4578,17.5747],[9.3354,63.4604,0.0],[9.3391,63.4599,0.0],[9.338,63.4568,0.0],[9.3396,63.4562,12.2748],[9.3646,63.4562,0.0],[9.3792,63.4625,0.0],[9.3833,63.4604,0.0],[9.3875,63.4625,0.0],[9.4083,63.4625,0.0],[9.4229,63.4688,38.2484],[9.4292,63.4667,3.7441],[9.4438,63.4729,0.0],[9.4542,63.4729,0.0],[9.4688,63.4771,0.0],[9.4703,63.4755,0.0],[9.4646,63.4708,0.0],[9.4688,63.4667,0.0],[9.4792,63.4667,0.0],[9.4911,63.4703,8.1693],[9.4911,63.4672,0.0],[9.4875,63.4646,6.0221],[9.4688,63.4646,0.0],[9.4646,63.4625,144.3471],[9.4583,63.4625,41.5848],[9.45,63.4667,32.3909],[9.4354,63.4667,0.0],[9.4328,63.463,0.0],[9.4286,63.4609,0.0],[9.4089,63.4557,114.8229],[9.4,63.45,299.2581],[9.3938,63.45,279.6623],[9.3896,63.4479,421.7597],[9.3854,63.4521,0.0],[9.3776,63.4495,16.0796],[9.3734,63.4474,41.0525],[9.3766,63.4453,176.4885],[9.375,63.4437,321.0761],[9.3604,63.4479,14.2988],[9.3458,63.4479,37.8904],[9.3375,63.4437,77.4692],[9.3313,63.4437,8.1681],[9.3271,63.4458,0.0],[9.3167,63.4417,47.5945],[9.3063,63.4417,0.0],[9.3036,63.438,18.0053],[9.2917,63.4333,81.1586],[9.2839,63.4339,0.0],[9.2849,63.437,0.0],[9.2792,63.4396,35.6991],[9.2688,63.4396,12.6016],[9.2542,63.4333,60.2135],[9.2396,63.4354,46.1011],[9.2292,63.4313,0.0],[9.2104,63.4333,56.494],[9.2021,63.4292,138.5886],[9.1958,63.4292,59.3716],[9.188,63.4266,0.0],[9.1911,63.4234,68.3479],[9.188,63.4224,85.2977],[9.1849,63.4172,10.6089],[9.1818,63.4161,43.1611],[9.1792,63.4125,30.4677],[9.1828,63.4099,143.545],[9.1818,63.4047,0.0],[9.1891,63.4016,87.1294],[9.1901,63.3984,0.0],[9.1932,63.3974,66.5019],[9.1922,63.3943,0.0],[9.1995,63.3932,0.0],[9.2036,63.3911,0.0],[9.2047,63.388,0.0],[9.212,63.387,0.0],[9.213,63.3839,11.5939],[9.2188,63.3833,0.0],[9.2229,63.3854,0.0],[9.2349,63.387,0.0],[9.2354,63.3833,0.0],[9.2313,63.3729,27.861],[9.2333,63.3708,0.0],[9.2375,63.3708,0.0],[9.2417,63.3688,0.0],[9.2563,63.3688,168.3893],[9.2604,63.3667,0.0],[9.2646,63.3688,96.1629],[9.3,63.3708,0.0],[9.3042,63.3729,0.0],[9.3146,63.3729,0.0],[9.3188,63.375,0.0],[9.3229,63.3729,0.0],[9.3563,63.3729,0.0],[9.3604,63.375,35.7514],[9.3646,63.375,41.0232],[9.3688,63.3729,0.0],[9.3729,63.375,0.0],[9.3896,63.3771,0.0],[9.3938,63.3792,0.0],[9.4125,63.3792,0.0],[9.4292,63.3854,0.0],[9.4521,63.3854,0.0],[9.4667,63.3896,0.0],[9.4729,63.3896,0.0],[9.4755,63.3932,0.0],[9.4833,63.3958,20.8199],[9.4979,63.3958,0.0],[9.4995,63.3943,0.0],[9.4901,63.3911,0.0],[9.4911,63.388,0.0],[9.4896,63.3875,34.1462],[9.4854,63.3875,9.3235],[9.4813,63.3854,72.9718],[9.4708,63.3854,39.5034],[9.4526,63.3786,105.1308],[9.4516,63.3755,184.4123],[9.4375,63.3708,358.8691],[9.4271,63.3708,106.7866],[9.4146,63.3667,217.5519],[9.3958,63.3688,0.0],[9.3896,63.3667,52.976],[9.3854,63.3688,0.0],[9.3813,63.3667,30.1317],[9.3708,63.3667,0.0],[9.3682,63.363,26.7358],[9.3604,63.3625,47.9312],[9.3563,63.3604,203.4837],[9.3521,63.3625,61.9273],[9.3417,63.3625,0.0],[9.3375,63.3583,26.1383],[9.3271,63.3583,30.7576],[9.3245,63.362,29.0822],[9.3188,63.3646,0.0],[9.3042,63.3646,0.0],[9.3,63.3604,1.7635],[9.2896,63.3625,0.0],[9.2839,63.3599,0.0],[9.2807,63.3547,0.0],[9.2714,63.3516,0.0],[9.2688,63.3479,36.1644],[9.2625,63.3479,0.0],[9.2583,63.35,0.0],[9.2422,63.3495,0.0],[9.2411,63.3464,64.2011],[9.238,63.3443,0.0],[9.2432,63.3411,0.0],[9.2432,63.3359,41.9866],[9.2354,63.3312,14.0654],[9.2229,63.3375,8.721],[9.2188,63.3375,33.6951],[9.2146,63.3396,0.0],[9.2042,63.3396,11.8517],[9.1995,63.3339,0.0],[9.1922,63.3328,38.8425],[9.1891,63.3276,124.0148],[9.1755,63.3245,0.0],[9.1724,63.3214,57.6818],[9.1625,63.3187,106.8313],[9.1521,63.3187,21.9281],[9.1464,63.3203,1.5049],[9.1391,63.3151,0.0],[9.1234,63.3099,0.0],[9.1266,63.3078,0.0],[9.1276,63.3047,0.0],[9.1307,63.3036,2.9313],[9.1286,63.3005,0.0],[9.1193,63.2974,0.0],[9.112,63.2922,0.0],[9.1,63.2875,0.0],[9.0943,63.288,0.0],[9.0932,63.2911,0.0],[9.0901,63.2922,0.0],[9.0911,63.2974,0.0],[9.088,63.2984,11.7082],[9.0932,63.3005,0.0],[9.0938,63.3021,0.0],[9.0953,63.3099,0.0],[9.0922,63.312,0.0],[9.1078,63.3214,0.0],[9.1109,63.3266,0.0],[9.1161,63.3297,0.0],[9.1172,63.3328,0.0],[9.1292,63.3375,0.0],[9.137,63.338,0.0],[9.137,63.3432,0.0],[9.1255,63.3443,2.5839],[9.1245,63.3474,16.8571],[9.1214,63.3484,0.0],[9.1234,63.3536,2.8876],[9.1286,63.3547,0.0],[9.1375,63.3604,0.0],[9.1521,63.3625,0.0],[9.1667,63.3688,23.1355],[9.1745,63.3693,0.0],[9.1771,63.375,0.0],[9.175,63.3771,0.0],[9.1505,63.3776,0.0],[9.1495,63.3807,0.0],[9.1464,63.3828,0.0],[9.1516,63.3859,0.0],[9.1505,63.3911,46.6828],[9.1542,63.3937,0.0],[9.1516,63.3995,130.7897],[9.1443,63.4005,216.8801],[9.1432,63.4057,74.8845],[9.1359,63.4068,87.2655],[9.1411,63.4099,0.0],[9.138,63.4109,0.0],[9.137,63.4141,152.7433],[9.1328,63.4161,217.4862],[9.1229,63.4188,229.5965],[9.1146,63.4188,118.9867],[9.1104,63.4208,0.0],[9.1042,63.4188,32.9593],[9.0984,63.4224,0.0],[9.1063,63.4229,0.0],[9.1078,63.4245,45.9126],[9.0979,63.425,17.5967],[9.088,63.4276,25.3729],[9.088,63.4328,106.6684],[9.0932,63.4339,0.0],[9.0932,63.4391,38.4522],[9.0833,63.4396,15.1442],[9.0792,63.4417,0.0],[9.0604,63.4417,71.5245],[9.0521,63.4458,17.9469],[9.0479,63.4437,113.0948],[9.0375,63.4437,104.8473],[9.0333,63.4458,13.1695],[9.0292,63.4458,0.0],[9.0271,63.4479,0.0],[9.0292,63.4521,0.0],[9.0286,63.4557,0.0],[9.0214,63.4589,42.6776],[9.0224,63.462,0.0],[9.0021,63.4625,18.7557],[8.9979,63.4583,13.0797],[9.0016,63.4557,27.7695],[9.0016,63.4526,55.3825],[8.9964,63.4495,10.0935],[8.9995,63.4464,0.0],[8.9917,63.4458,0.0],[8.987,63.4516,0.0],[8.9792,63.4521,38.0346],[8.9776,63.4516,47.0708],[8.9755,63.4464,38.0344],[8.9828,63.4432,0.0],[8.9839,63.438,26.7765],[8.9974,63.4307,7.6605],[8.9974,63.4255,49.7769],[8.988,63.4245,12.7028],[8.988,63.4214,26.5966],[8.9958,63.4167,15.7628],[9.0104,63.4167,0.0],[9.0161,63.413,0.0],[8.9979,63.4063,0.0],[8.9667,63.4063,0.0],[8.9641,63.4099,0.0],[8.9557,63.4141,85.9658],[8.9417,63.4167,19.8124],[8.9359,63.4193,8.7284],[8.9349,63.4224,34.5326],[8.9292,63.4229,44.2755],[8.9245,63.4193,72.6065],[8.9151,63.4182,0.0],[8.9224,63.4141,0.0],[8.9224,63.4109,26.2606],[8.9208,63.4104,27.6845],[8.9151,63.4109,0.0],[8.9083,63.4146,0.0],[8.9005,63.4141,0.0],[8.9078,63.4099,23.5902],[8.9063,63.4083,12.8755],[8.9021,63.4083,0.0],[8.8964,63.4109,26.5524],[8.8938,63.4146,0.0],[8.8875,63.4146,0.0],[8.8818,63.412,1.6688],[8.8849,63.4099,0.0],[8.888,63.4047,0.0],[8.8974,63.4036,52.8103],[8.9036,63.3995,6.3724],[8.9063,63.3896,3.1277],[8.9042,63.3875,0.0],[8.8984,63.388,6.7771],[8.8859,63.3943,0.0],[8.887,63.3995,0.0],[8.8714,63.4068,14.5016],[8.8766,63.4109,0.0],[8.8792,63.4188,8.7929],[8.8786,63.4203,0.0],[8.8714,63.4234,14.1932],[8.8724,63.4286,0.0],[8.8708,63.4292,0.0],[8.8604,63.4292,0.0],[8.8458,63.425,23.9305],[8.8417,63.4271,0.0],[8.8318,63.4276,10.981],[8.8208,63.4333,0.0],[8.8146,63.4333,0.0],[8.8104,63.4313,0.0],[8.8063,63.4333,0.0],[8.8026,63.4307,8.7289],[8.8016,63.4276,0.0],[8.7958,63.425,0.0],[8.7896,63.425,0.0],[8.7854,63.4271,4.4635],[8.7667,63.4271,0.0],[8.7625,63.425,12.7535],[8.7521,63.425,0.0],[8.7485,63.4231,16.0121],[8.7514,63.4233,18.475],[8.7532,63.4189,60.8456],[8.7631,63.4197,45.2796],[8.7665,63.4108,73.7107],[8.7764,63.4116,83.0171],[8.7782,63.4072,83.4571],[8.7881,63.408,149.6266],[8.795,63.3903,91.2736],[8.7851,63.3895,139.2344],[8.7868,63.3851,398.7165],[8.7967,63.3858,323.4594],[8.8002,63.377,491.0961],[8.8101,63.3778,383.4612],[8.8118,63.3733,347.637],[8.8217,63.3741,198.7657],[8.8234,63.3697,296.5636],[8.8629,63.3727,382.7755],[8.8681,63.3595,354.7867],[8.878,63.3602,392.0587],[8.8848,63.3425,232.1937],[8.8651,63.341,251.0307],[8.8668,63.3366,243.1937],[8.857,63.3358,275.0153],[8.8621,63.3226,460.7206],[8.8522,63.3218,510.3142],[8.8574,63.3085,455.6073],[8.8475,63.3078,208.6056],[8.8544,63.2901,422.5677],[8.8446,63.2893,477.526],[8.848,63.2805,382.6831],[8.8382,63.2797,435.8932],[8.8416,63.2709,498.9467],[8.8317,63.2701,488.7749],[8.8352,63.2613,475.3774],[8.8253,63.2605,526.8913],[8.8288,63.2517,727.188],[8.8189,63.2509,686.3315],[8.8241,63.2376,697.4312],[8.8339,63.2384,683.4254],[8.8356,63.234,407.1753],[8.8455,63.2347,444.8105],[8.8506,63.2215,607.5958],[8.8408,63.2207,566.1212],[8.8442,63.2119,467.2725],[8.8344,63.2111,402.4103],[8.8359,63.2071,345.7732],[8.8437,63.2077,397.7608],[8.8398,63.2021,106.1857],[8.8833,63.2021,0.0],[8.8896,63.2042,63.1343],[8.8938,63.2021,0.0],[8.8979,63.2021,0.0],[8.9021,63.2042,0.0],[8.9083,63.2042,0.0],[8.9125,63.2021,0.0],[8.9167,63.2042,0.0],[8.9313,63.2042,0.0],[8.9354,63.2021,0.0],[8.9396,63.2042,0.0],[8.95,63.2042,0.0],[8.9542,63.2062,0.0],[8.9583,63.2042,0.0],[8.9729,63.2083,35.0515],[8.9786,63.2057,0.0],[8.9792,63.2042,0.0],[8.9771,63.2021,0.0],[8.9667,63.2021,0.0],[8.9625,63.2,25.771],[8.9479,63.2,0.0],[8.9438,63.1979,38.4682],[8.9229,63.1979,0.0],[8.9187,63.1958,36.1173],[8.9146,63.1958,46.5254],[8.9104,63.1979,0.0],[8.9042,63.1958,51.3885],[8.9,63.1979,0.0],[8.8958,63.1979,0.0],[8.8917,63.1958,34.5219],[8.8771,63.1958,0.0],[8.8729,63.1937,8.8996],[8.8667,63.1937,0.0],[8.8625,63.1958,0.0],[8.8354,63.1958,36.904],[8.8313,63.1937,92.6885],[8.8234,63.1932,0.0],[8.8208,63.1896,17.3016],[8.8167,63.1917,0.0],[8.8104,63.1917,0.0],[8.8078,63.188,24.4377],[8.8,63.1854,187.8299],[8.7917,63.1896,0.0],[8.7875,63.1896,0.0],[8.7833,63.1875,0.0],[8.7651,63.1849,0.0],[8.7644,63.1829,157.2728],[8.7742,63.1836,96.1469],[8.7777,63.1748,430.3362],[8.7875,63.1756,408.82],[8.7909,63.1667,662.312],[8.8007,63.1675,575.1609],[8.8042,63.1586,741.7662],[8.814,63.1594,741.7011],[8.8174,63.1506,757.3831],[8.8272,63.1513,765.3082],[8.8289,63.1469,818.5108],[8.8191,63.1461,879.9588],[8.8208,63.1417,561.0131],[8.811,63.1409,613.8715],[8.8145,63.1321,576.4293],[8.8047,63.1313,811.3635],[8.8064,63.1269,813.1883],[8.826,63.1284,738.4839],[8.8277,63.124,821.3692],[8.8473,63.1255,552.7853],[8.8507,63.1167,693.9153],[8.8801,63.119,429.5002],[8.8784,63.1234,393.5771],[8.8882,63.1242,418.8434],[8.8899,63.1197,404.1452],[8.9095,63.1212,619.7658],[8.9112,63.1168,645.2246],[8.9308,63.1183,528.2016],[8.9291,63.1228,544.6198],[8.9487,63.1243,454.3689],[8.947,63.1287,474.2525],[8.9666,63.1302,524.36],[8.9649,63.1346,556.3974],[8.9747,63.1354,526.2994],[8.973,63.1398,539.7609],[8.9926,63.1413,722.0033],[8.9909,63.1457,724.7652],[9.0105,63.1472,692.6146],[9.0122,63.1428,729.8536],[9.0416,63.145,700.1713],[9.0433,63.1406,651.685],[9.0531,63.1414,613.5889],[9.0548,63.1369,555.339],[9.0744,63.1384,247.0422],[9.0761,63.134,300.5233],[9.0859,63.1347,308.9071],[9.0876,63.1303,325.7051],[9.1072,63.1318,655.4813],[9.1088,63.1274,678.4032],[9.1383,63.1296,693.6315],[9.1399,63.1252,728.0051],[9.1791,63.1281,744.9398],[9.1775,63.1326,835.0982],[9.1873,63.1333,860.9586],[9.1856,63.1377,817.8446],[9.1954,63.1385,897.5298],[9.1921,63.1473,872.3366],[9.1823,63.1466,886.9011],[9.179,63.1554,651.739],[9.1692,63.1547,709.6646],[9.1642,63.168,721.6154],[9.1544,63.1672,907.3035],[9.1511,63.1761,863.4683],[9.1412,63.1754,997.7289],[9.1396,63.1798,911.6976],[9.169,63.182,687.8085],[9.1674,63.1864,610.662],[9.187,63.1879,532.7723],[9.1854,63.1923,546.5092],[9.205,63.1938,657.2749],[9.2034,63.1982,719.5638],[9.2132,63.199,692.5673],[9.2116,63.2034,660.8343],[9.2312,63.2049,607.9663],[9.2296,63.2093,534.02],[9.2394,63.21,494.9996],[9.241,63.2056,578.3093],[9.2607,63.2071,406.5193],[9.2624,63.2026,424.2418],[9.2722,63.2034,323.3461],[9.2738,63.1989,323.5917],[9.2935,63.2004,316.777],[9.2952,63.196,312.6638],[9.3148,63.1974,377.0054],[9.3132,63.2019,292.425],[9.3328,63.2033,296.3568],[9.3312,63.2077,282.3286],[9.341,63.2085,279.7427],[9.3394,63.2129,293.0772],[9.3591,63.2144,277.3514],[9.3607,63.2099,277.4147],[9.3706,63.2106,277.4673],[9.3722,63.2062,354.9778],[9.382,63.2069,340.5072],[9.3837,63.2025,387.7681],[9.3935,63.2032,342.2401],[9.3951,63.1988,367.4191],[9.405,63.1995,334.646],[9.4066,63.1951,404.7171],[9.4164,63.1958,358.8516],[9.418,63.1914,413.5674],[9.4279,63.1921,349.7754],[9.4295,63.1877,498.6476],[9.4393,63.1884,410.7419],[9.441,63.184,568.2283],[9.4508,63.1847,438.3793],[9.4524,63.1803,414.4504],[9.4622,63.181,277.5734],[9.4639,63.1766,260.5493],[9.454,63.1758,355.1735],[9.4556,63.1714,262.4342],[9.4458,63.1707,321.8149],[9.4474,63.1663,258.0851],[9.4376,63.1655,302.9474],[9.4425,63.1522,320.5576],[9.4523,63.153,303.4442],[9.4587,63.1352,399.3268],[9.4489,63.1345,377.3907],[9.4522,63.1257,482.7924],[9.4424,63.1249,450.3517],[9.4456,63.1161,480.7531],[9.4358,63.1154,455.4343],[9.439,63.1065,434.3834],[9.4292,63.1058,335.6888],[9.4341,63.0925,308.8237],[9.4537,63.0939,375.591],[9.4601,63.0762,541.4292],[9.4503,63.0755,556.3076],[9.4535,63.0666,633.1458],[9.4437,63.0659,561.2774],[9.4453,63.0615,554.8222],[9.4258,63.0601,503.2964],[9.4274,63.0556,562.7363],[9.4176,63.0549,494.3158],[9.4192,63.0505,539.6305],[9.429,63.0512,546.2089],[9.4322,63.0423,587.2906],[9.4518,63.0438,504.0634],[9.4534,63.0393,528.4529],[9.4827,63.0415,687.032],[9.4844,63.0371,637.7512],[9.4941,63.0378,680.7652],[9.4989,63.0245,563.8964],[9.5185,63.0259,542.3471],[9.5201,63.0215,600.8185],[9.5494,63.0236,596.0297],[9.551,63.0192,650.6526],[9.5706,63.0206,783.5944],[9.5738,63.0118,935.8918],[9.5835,63.0125,1023.0992],[9.5851,63.008,1021.2092],[9.546,63.0052,793.9681],[9.5476,63.0008,820.3915],[9.5183,62.9986,716.0229],[9.5199,62.9942,696.319],[9.4808,62.9913,565.6323],[9.4824,62.9869,540.8411],[9.4727,62.9862,497.3986],[9.4759,62.9773,502.9018],[9.4661,62.9766,493.3159],[9.4693,62.9677,507.2398],[9.4596,62.967,533.5704],[9.4612,62.9626,588.926],[9.4416,62.9612,766.2108],[9.4432,62.9567,846.3663],[9.4237,62.9553,907.6494],[9.427,62.9464,833.0128],[9.4172,62.9457,689.6915],[9.43,62.9103,844.638],[9.4398,62.911,854.865],[9.4558,62.8667,1043.7423],[9.4461,62.866,1122.6416],[9.454,62.8438,772.3621],[9.4443,62.8431,727.4158],[9.4459,62.8387,841.9591],[9.4362,62.838,785.9539],[9.4378,62.8335,1019.3293],[9.4281,62.8328,1003.0798],[9.4313,62.824,1381.2119],[9.4216,62.8232,1353.5956],[9.4232,62.8188,1441.5896],[9.4135,62.8181,1427.8705],[9.4167,62.8092,1333.797],[9.3584,62.8049,999.7883],[9.36,62.8005,1141.5918],[9.3018,62.7961,859.9412],[9.3035,62.7917,914.5925],[9.255,62.788,1192.583],[9.2566,62.7836,1122.7589],[9.1984,62.7792,1218.4299],[9.2001,62.7748,1256.802],[9.1419,62.7703,792.0663],[9.1436,62.7659,797.5535],[9.0855,62.7615,867.121],[9.0871,62.757,856.3578],[9.0387,62.7533,922.7263],[9.0404,62.7489,1098.0029],[8.9823,62.7444,1437.1323],[8.9839,62.74,1337.5417],[8.9549,62.7377,997.9489],[8.9566,62.7333,884.6785],[8.9373,62.7318,796.6245],[8.9389,62.7274,760.0652],[8.9196,62.7259,876.1817],[8.9246,62.7126,1221.5211],[8.9149,62.7118,1293.3987],[8.9183,62.703,1081.8586],[8.9086,62.7022,1106.7699],[8.9119,62.6934,1074.0544],[8.9023,62.6926,868.7957],[8.9073,62.6794,1112.6371],[8.9266,62.6809,945.7086],[8.9282,62.6764,1099.0623],[8.9379,62.6772,1013.9892],[8.9396,62.6728,1136.3823],[8.9492,62.6735,1046.4309],[8.9509,62.6691,1110.2041],[8.9605,62.6699,1111.8135],[8.9622,62.6654,1139.1127],[8.9815,62.6669,1288.7625],[8.9831,62.6625,1395.9376],[8.9928,62.6633,1134.4211],[8.9944,62.6588,1116.3246],[9.0041,62.6596,1240.8823],[9.0057,62.6552,1079.8842],[9.025,62.6567,1309.5206],[9.0283,62.6478,1262.0964],[9.038,62.6486,1398.9033],[9.0413,62.6397,1458.1852],[9.0509,62.6404,1302.3499],[9.0542,62.6316,1290.3934],[9.0638,62.6323,1416.8073],[9.0671,62.6235,1499.2849],[9.0767,62.6242,1594.5856],[9.08,62.6154,1268.0929],[9.0897,62.6161,1316.2789],[9.0929,62.6073,1076.1678],[9.1026,62.608,1281.4799],[9.1058,62.5992,1060.4147],[9.1155,62.5999,1254.7516],[9.1187,62.5911,1013.0703],[9.1283,62.5918,1073.6334],[9.1316,62.583,812.2183],[9.1412,62.5837,838.1597],[9.1445,62.5748,235.2516],[9.1541,62.5756,493.4106],[9.1557,62.5712,229.9024],[9.2135,62.5756,476.1863],[9.2151,62.5711,681.4455],[9.2247,62.5719,678.0181],[9.2344,62.5453,1241.8925],[9.2248,62.5446,1281.6177],[9.2296,62.5313,1248.6427],[9.22,62.5306,1253.4171],[9.2216,62.5261,1235.292],[9.212,62.5254,1225.7339],[9.2152,62.5166,1223.938],[9.2056,62.5158,1177.3848],[9.2072,62.5114,1018.5457],[9.1976,62.5107,964.471],[9.2056,62.4885,1608.7668],[9.196,62.4878,1595.921],[9.1993,62.4789,1561.4337],[9.1897,62.4782,1653.6628],[9.1929,62.4693,1525.233],[9.1833,62.4686,1507.9297],[9.1946,62.4376,1633.8123],[9.185,62.4369,1602.4144],[9.1866,62.4325,1467.0345],[9.177,62.4317,1348.9501],[9.1786,62.4273,1440.9485],[9.1691,62.4266,1510.2904],[9.1707,62.4221,1451.0068],[9.1611,62.4214,1575.3291],[9.1643,62.4126,1493.2477],[9.1547,62.4118,1528.9736],[9.1563,62.4074,1617.7666],[9.1468,62.4067,1639.2786],[9.1484,62.4022,1620.0306],[9.1388,62.4015,1633.797],[9.142,62.3926,1598.5081],[9.1133,62.3904,1731.7472],[9.115,62.386,1673.7661],[9.0958,62.3845,1788.6345],[9.0975,62.3801,1776.567],[9.0688,62.3779,1655.7156],[9.0704,62.3734,1543.1926],[9.0608,62.3727,1970.428],[9.0625,62.3683,1797.1887],[9.0816,62.3697,1541.963],[9.0832,62.3653,1550.8231],[9.0928,62.3661,1530.3],[9.0944,62.3616,1645.9221],[9.1135,62.3631,1639.2068],[9.1151,62.3587,1481.7468],[9.1342,62.3602,1440.3108],[9.1358,62.3558,1571.7073],[9.1549,62.3572,1399.7576],[9.1565,62.3528,1324.2954],[9.1756,62.3543,1301.6312],[9.1773,62.3498,1310.9943],[9.1868,62.3506,1327.2294],[9.1884,62.3462,1395.6503],[9.2075,62.3476,1409.5698],[9.2091,62.3432,1549.054],[9.2282,62.3447,1546.3898],[9.2298,62.3402,1600.4934],[9.2489,62.3417,1634.4884],[9.2505,62.3373,1683.3486],[9.2601,62.338,1711.7267],[9.2617,62.3336,1774.9554],[9.2808,62.335,1698.3127],[9.2823,62.3306,1732.9344],[9.3015,62.3321,1695.0089],[9.303,62.3276,1702.2688],[9.3126,62.3284,1651.3688],[9.3142,62.3239,1604.4313],[9.3333,62.3254,1579.6594],[9.3348,62.321,1583.1692],[9.3539,62.3224,1531.8579],[9.3555,62.318,1614.9318],[9.3651,62.3187,1641.1969],[9.3666,62.3143,1590.4752],[9.3857,62.3157,1516.9336],[9.3873,62.3113,1547.3809],[9.3969,62.312,1461.9181],[9.3984,62.3076,1449.6552],[9.4175,62.309,1406.891],[9.4191,62.3046,1425.33],[9.4286,62.3053,1371.0951],[9.4302,62.3009,1339.832],[9.4493,62.3023,1326.4955],[9.4508,62.2979,1283.1575],[9.4699,62.2993,1489.0317],[9.4715,62.2949,1485.4943],[9.481,62.2956,1557.3713],[9.4826,62.2912,1556.4677],[9.4921,62.2919,1590.7727],[9.4952,62.2831,1432.8309],[9.5048,62.2838,1364.4738],[9.5079,62.2749,1096.8134],[9.5174,62.2756,1087.3254],[9.519,62.2712,1087.2517],[9.538,62.2726,1060.0591],[9.5396,62.2682,1054.2097],[9.5491,62.2689,1025.4597],[9.5507,62.2645,1004.2588],[9.5697,62.2659,964.9017],[9.5713,62.2615,992.4207],[9.5808,62.2622,992.2635],[9.5824,62.2577,1027.1794],[9.6014,62.2592,1027.7296],[9.603,62.2547,1069.179],[9.6316,62.2568,1020.1757],[9.63,62.2613,993.644],[9.7063,62.2669,1147.1572],[9.7048,62.2713,1181.9139],[9.7716,62.2762,1105.1974],[9.7701,62.2806,1135.2238],[9.7892,62.282,1107.9229],[9.7877,62.2865,1106.7224],[9.7972,62.2872,1102.3785],[9.7957,62.2916,1123.4125],[9.8053,62.2923,1118.7042],[9.8038,62.2967,1121.7715],[9.8133,62.2974,1089.0115],[9.8118,62.3019,1090.7592],[9.8214,62.3026,1049.9885],[9.8198,62.307,1057.3529],[9.8294,62.3077,1029.6389],[9.8204,62.3343,1081.5662],[9.8299,62.335,1035.4351],[9.8239,62.3527,1121.0249],[9.8335,62.3534,1199.4167],[9.8319,62.3578,1255.4475],[9.8415,62.3585,1269.9794],[9.843,62.3541,1210.6736],[9.8526,62.3548,1209.3434],[9.8541,62.3503,1169.1069],[9.8732,62.3517,1107.3945],[9.8747,62.3473,1063.6427],[9.8843,62.348,1054.1018],[9.8858,62.3435,1024.5358],[9.9049,62.3449,1021.0],[9.9034,62.3494,1021.0],[9.9322,62.3514,1233.5991],[9.9307,62.3559,1152.7721],[9.9402,62.3565,1189.0593],[9.9387,62.361,1192.3014],[9.9483,62.3617,1186.4948],[9.9453,62.3705,1203.2893],[9.9549,62.3712,1237.88],[9.9459,62.3978,1408.4348],[9.9843,62.4006,1205.0978],[9.9828,62.405,1214.6775],[10.0116,62.407,1091.8514],[10.0101,62.4115,1108.9108]]],
[[[9.4521,63.5687,41.1151],[9.4443,63.5682,0.0],[9.4443,63.5651,0.0],[9.4578,63.5651,0.0],[9.4578,63.5703,53.3502],[9.4521,63.5687,41.1151]]],
[[[9.4526,63.5734,0.0],[9.4542,63.5729,0.0],[9.4557,63.5745,0.0],[9.4542,63.575,9.1665],[9.4526,63.5734,0.0]]],
[[[9.3042,63.5646,13.3092],[9.3146,63.5646,0.0],[9.3224,63.5672,1.5116],[9.3234,63.5703,0.0],[9.3313,63.5729,0.0],[9.3391,63.5734,0.0],[9.3401,63.5786,3.7787],[9.3417,63.5792,0.0],[9.3521,63.5792,0.0],[9.3703,63.5839,0.0],[9.3724,63.5891,0.0],[9.3646,63.5896,0.0],[9.3604,63.5875,0.0],[9.3458,63.5875,0.0],[9.3417,63.5854,15.5391],[9.3313,63.5854,0.0],[9.3271,63.5833,15.7771],[9.3089,63.5828,0.0],[9.3016,63.5776,0.0],[9.2943,63.5766,8.4873],[9.2901,63.5682,0.0],[9.2917,63.5667,0.0],[9.3042,63.5646,13.3092]]],
[[[9.4026,63.5943,0.0],[9.3854,63.5979,1.8659],[9.3839,63.5974,0.0],[9.3807,63.588,18.0817],[9.3755,63.5859,0.0],[9.3813,63.5833,0.0],[9.3917,63.5833,0.0],[9.3995,63.5859,0.0],[9.3964,63.588,15.8013],[9.3964,63.5911,30.7254],[9.4057,63.5901,0.0],[9.4057,63.5932,0.0],[9.4026,63.5943,0.0]]],
[[[9.5167,63.6375,0.0],[9.5271,63.6375,16.5381],[9.5401,63.6432,0.0],[9.5479,63.6437,0.0],[9.5557,63.6474,0.0],[9.5479,63.65,0.0],[9.5396,63.6458,19.5716],[9.4984,63.6453,0.0],[9.4984,63.6401,0.0],[9.5167,63.6375,0.0]]],
[[[9.3453,63.6487,0.0],[9.3438,63.65,0.0],[9.3318,63.6505,0.0],[9.3297,63.6557,0.0],[9.3328,63.6568,0.0],[9.3349,63.662,0.0],[9.3292,63.6646,2.3835],[9.3214,63.6599,0.0],[9.3245,63.6578,0.0],[9.3234,63.6547,0.0],[9.3265999999999991,63.6536,0.0],[9.3265999999999991,63.6505,0.0],[9.3172,63.6516,12.115],[9.3161,63.6464,0.0],[9.3109,63.6453,0.0],[9.3141,63.6422,2.6932],[9.3089,63.6401,0.0],[9.312,63.6391,0.0],[9.313,63.6359,4.6402],[9.3208,63.6375,0.0],[9.3255,63.6339,0.0],[9.3333,63.6312,0.0],[9.3349,63.6318,0.0],[9.3359,63.637,3.6861],[9.3453,63.638,0.0],[9.3422,63.6411,2.3301],[9.3453,63.6487,0.0]]],
[[[9.4375,63.6792,0.0],[9.4234,63.6839,0.0],[9.4182,63.6911,8.368],[9.4109,63.6911,0.0],[9.4099,63.688,3.4234],[9.4047,63.687,0.0],[9.4036,63.6839,0.0],[9.3943,63.6849,0.0],[9.3932,63.6797,0.0],[9.3818,63.6766,0.0],[9.3807,63.6734,0.0],[9.3714,63.6724,0.0],[9.3745,63.6693,0.0],[9.3651,63.6682,0.0],[9.3651,63.6651,0.0],[9.3682,63.6641,0.0],[9.3708,63.6583,0.0],[9.3672,63.6547,0.0],[9.3708,63.6521,0.0],[9.3786,63.6536,0.0],[9.3776,63.6484,0.0],[9.3792,63.6479,0.0],[9.4083,63.6479,0.0],[9.4151,63.6443,0.0],[9.4208,63.6437,0.0],[9.4276,63.6401,0.0],[9.4375,63.6375,0.0],[9.4479,63.6396,33.2383],[9.4521,63.6375,0.0],[9.4599,63.6401,0.0],[9.462,63.6474,0.0],[9.4521,63.6521,0.0],[9.4375,63.6521,5.8158],[9.4318,63.6547,0.0],[9.4318,63.6578,0.0],[9.437,63.6589,2.5194],[9.4375,63.6604,2.3497],[9.4354,63.6625,0.0],[9.4297,63.663,0.0],[9.4318,63.6703,0.0],[9.4354,63.6729,0.0],[9.4411,63.6734,0.0],[9.4432,63.6755,0.0],[9.4375,63.6792,0.0]]],
[[[9.4818,63.7193,0.0],[9.4849,63.7193,0.0],[9.4849,63.7203,1.9857],[9.4833,63.7208,0.0],[9.4818,63.7193,0.0]]],
[[[9.3688,63.7729,0.0],[9.363,63.7724,0.0],[9.3609,63.7693,0.0],[9.3729,63.7687,0.0],[9.3766,63.7714,0.0],[9.375,63.7729,0.0],[9.3688,63.7729,0.0]]],
[[[9.3974,63.7797,0.0],[9.3958,63.7813,5.255],[9.3854,63.7813,3.236],[9.3813,63.7833,0.0],[9.3792,63.7813,0.0],[9.3797,63.7797,0.0],[9.3854,63.7771,1.3479],[9.3974,63.7797,0.0]]],
[[[8.7415,63.4226,0.0],[8.7423,63.4226,0.0],[8.7458,63.4229,22.0787],[8.7417,63.4229,0.0],[8.7415,63.4226,0.0]]],
[[[8.9099,63.4474,14.8983],[8.8958,63.4479,13.184],[8.8896,63.45,0.0],[8.888,63.4495,0.0],[8.887,63.4443,14.6033],[8.8818,63.4411,0.0],[8.8797,63.438,0.0],[8.8958,63.4396,24.0957],[8.9,63.4375,0.0],[8.9078,63.437,16.1206],[8.9146,63.4333,0.0],[8.9266,63.4359,54.3624],[8.925,63.4375,10.2255],[8.9187,63.4375,7.651],[8.913,63.4401,35.5549],[8.9141,63.4453,51.3493],[8.9099,63.4474,14.8983]]],
[[[8.8276,63.4484,0.0],[8.8292,63.4479,0.0],[8.8307,63.4495,0.0],[8.8292,63.45,0.0],[8.8276,63.4484,0.0]]],
[[[9.1807,63.3589,0.0],[9.1807,63.362,12.8655],[9.1776,63.362,8.9694],[9.1776,63.3589,0.0],[9.1807,63.3589,0.0]]],
[[[9.1641,63.3932,0.0],[9.1589,63.3932,0.0],[9.1589,63.388,0.0],[9.1661,63.388,18.0459],[9.1661,63.3911,17.0631],[9.1641,63.3932,0.0]]],
[[[9.1464,63.4516,60.1047],[9.1401,63.4495,55.7608],[9.1401,63.4464,24.7878],[9.1495,63.4484,18.1473],[9.1495,63.4516,68.3],[9.1464,63.4516,60.1047]]],
[[[9.2172,63.4526,11.7529],[9.2125,63.4542,0.0],[9.2104,63.4521,14.8803],[9.2109,63.4505,18.1429],[9.2167,63.45,0.0],[9.2182,63.4505,0.0],[9.2172,63.4526,11.7529]]],
[[[9.1292,63.4708,54.5005],[9.1276,63.4693,41.8178],[9.1307,63.4682,37.6909],[9.1333,63.4646,47.867],[9.1438,63.4646,0.0],[9.1458,63.4667,0.0],[9.1453,63.4682,0.0],[9.1354,63.4729,0.0],[9.1292,63.4708,54.5005]]],
[[[9.1521,63.4958,0.0],[9.1599,63.4964,0.0],[9.1641,63.4984,0.0],[9.1661,63.5016,0.0],[9.15,63.5021,0.0],[9.1354,63.4979,46.4751],[9.1292,63.4979,15.4685],[9.125,63.5,0.0],[9.1104,63.5,0.0],[9.1078,63.4964,14.8689],[9.1026,63.4953,4.9128],[9.1021,63.4896,9.7933],[9.1047,63.4818,26.6297],[9.125,63.4792,0.0],[9.1411,63.4839,21.2952],[9.1411,63.487,0.0],[9.138,63.4891,0.0],[9.1417,63.4917,0.0],[9.1495,63.4922,0.0],[9.1521,63.4958,0.0]]],
[[[9.1818,63.5464,0.0],[9.1833,63.5458,4.7842],[9.1849,63.5474,1.0932],[9.1833,63.5479,0.0],[9.1818,63.5464,0.0]]],
[[[9.1917,63.5479,0.0],[9.1943,63.5443,0.0],[9.2,63.5417,3.4393],[9.212,63.5464,0.0],[9.2141,63.5484,0.0],[9.2146,63.5521,0.0],[9.2141,63.5536,0.0],[9.2083,63.5563,0.0],[9.2042,63.5542,0.0],[9.1964,63.5536,5.4332],[9.1901,63.5495,0.0],[9.1917,63.5479,0.0]]],
[[[9.2354,63.5542,0.0],[9.2391,63.5547,0.0],[9.2391,63.5578,0.0],[9.2292,63.5604,1.523],[9.2172,63.5599,0.0],[9.2203,63.5578,0.0],[9.2214,63.5526,0.0],[9.2229,63.5521,13.9063],[9.2354,63.5542,0.0]]],
[[[9.1745,63.588,18.6457],[9.1745,63.5911,0.0],[9.1714,63.5911,0.0],[9.1714,63.588,0.0],[9.1745,63.588,18.6457]]],
[[[9.1214,63.6214,0.0],[9.1229,63.6208,0.0],[9.1245,63.6224,1.7915],[9.1214,63.6224,3.421],[9.1214,63.6214,0.0]]],
[[[9.0953,63.6807,0.0],[9.0813,63.6813,17.5773],[9.0729,63.6854,0.0],[9.0667,63.6854,2.2746],[9.0625,63.6833,0.0],[9.0438,63.6833,0.0],[9.0328,63.6755,0.0],[9.0193,63.6745,0.0],[9.0193,63.6714,8.7111],[9.0266,63.6682,0.0],[9.0292,63.6646,0.0],[9.0333,63.6667,6.0932],[9.0563,63.6667,0.0],[9.0578,63.6661,4.023],[9.0583,63.6625,0.0],[9.0563,63.6604,18.7143],[9.0521,63.6625,0.0],[9.0443,63.662,0.0],[9.0443,63.6589,0.0],[9.0474,63.6568,11.182],[9.0422,63.6547,5.4535],[9.0453,63.6536,0.0],[9.0464,63.6505,13.7722],[9.0495,63.6484,20.4476],[9.0443,63.6474,0.0],[9.0432,63.6443,6.3792],[9.037,63.6422,0.0],[9.0276,63.6411,0.0],[9.0276,63.6359,0.0],[9.0307,63.6339,0.0],[9.0286,63.6297,9.4913],[9.0234,63.6286,0.0],[9.0224,63.6234,11.7136],[9.0172,63.6224,0.0],[9.0172,63.6172,12.6525],[9.0354,63.6125,0.0],[9.0396,63.6146,18.955],[9.0438,63.6125,0.0],[9.0688,63.6125,32.9792],[9.0729,63.6104,0.0],[9.0771,63.6125,29.7036],[9.0813,63.6104,0.0],[9.0854,63.6125,12.3319],[9.0917,63.6125,0.0],[9.1099,63.6172,0.0],[9.1141,63.6193,0.0],[9.1151,63.6224,0.0],[9.1203,63.6234,18.8008],[9.1229,63.6271,0.0],[9.1307,63.6255,0.0],[9.1307,63.6286,5.1059],[9.1276,63.6297,0.0],[9.1292,63.6312,0.0],[9.1396,63.6312,6.1618],[9.1479,63.6271,0.0],[9.1542,63.6312,0.0],[9.1703,63.6339,0.0],[9.1729,63.6375,0.0],[9.1693,63.6411,0.0],[9.1849,63.6464,0.0],[9.1833,63.6479,6.81],[9.1771,63.6479,8.3484],[9.1729,63.65,10.9926],[9.1604,63.65,0.0],[9.1563,63.6542,0.0],[9.1458,63.6542,0.0],[9.1417,63.6521,0.0],[9.1375,63.6521,0.0],[9.1333,63.6542,0.0],[9.1318,63.6536,0.0],[9.1333,63.65,15.287],[9.1313,63.6479,0.0],[9.1214,63.6505,0.0],[9.1266,63.6547,0.0],[9.1234,63.6568,0.0],[9.1224,63.6599,9.4264],[9.1125,63.6604,53.8966],[9.1068,63.6641,0.0],[9.1161,63.6693,0.0],[9.113,63.6724,6.0197],[9.1208,63.675,0.0],[9.1313,63.675,0.0],[9.1328,63.6766,0.0],[9.1297,63.6776,3.1891],[9.1271,63.6813,0.0],[9.1167,63.6771,0.0],[9.1125,63.6771,1.0772],[9.1083,63.6792,0.0],[9.1021,63.6771,0.0],[9.0953,63.6807,0.0]]],
[[[9.1495,63.6568,7.6017],[9.1479,63.6583,0.0],[9.1464,63.6578,0.0],[9.1464,63.6568,0.0],[9.1495,63.6568,7.6017]]],
[[[9.1714,63.6641,0.0],[9.1724,63.6661,0.0],[9.163,63.6672,0.0],[9.1589,63.6693,0.0],[9.1599,63.6724,6.4637],[9.1542,63.675,0.0],[9.1464,63.6745,0.0],[9.1422,63.6724,10.6854],[9.1396,63.6688,0.0],[9.1401,63.6651,0.0],[9.1458,63.6625,0.0],[9.1557,63.662,0.0],[9.1583,63.6583,2.3346],[9.1641,63.6589,19.8568],[9.1609,63.662,0.0],[9.1688,63.6625,0.0],[9.1714,63.6641,0.0]]],
[[[9.1547,63.9901,0.0],[9.1557,63.9932,0.0],[9.1464,63.9943,0.0],[9.1474,63.9974,0.0],[9.1458,63.9979,0.0],[9.1396,63.9979,0.0],[9.125,63.9917,0.0],[9.1172,63.9911,0.0],[9.1172,63.988,0.0],[9.1203,63.9859,7.2575],[9.0979,63.9833,0.0],[9.088,63.9859,10.9687],[9.088,63.9891,0.0],[9.0932,63.9911,0.0],[9.0854,63.9917,8.4138],[9.0813,63.9896,0.0],[9.0734,63.9891,3.1583],[9.0724,63.9859,2.0534],[9.0646,63.9854,0.0],[9.0464,63.9786,0.0],[9.0536,63.9745,2.5498],[9.0547,63.9714,0.0],[9.0578,63.9693,0.0],[9.0542,63.9688,0.0],[9.05,63.9708,0.0],[9.0354,63.9708,0.0],[9.0297,63.9672,2.4375],[9.0438,63.9604,0.0],[9.0479,63.9625,0.0],[9.0557,63.963,0.0],[9.0583,63.9667,0.0],[9.0625,63.9646,0.0],[9.0661,63.9651,2.577],[9.0672,63.9703,4.5719],[9.0765999999999991,63.9714,0.0],[9.0797,63.9745,5.0574],[9.0958,63.9813,11.7422],[9.1021,63.9813,0.0],[9.1036,63.9807,0.0],[9.1036,63.9776,9.4428],[9.0958,63.9771,0.0],[9.088,63.9734,0.0],[9.0953,63.9724,0.0],[9.0979,63.9688,0.0],[9.1125,63.9667,0.0],[9.1141,63.9672,0.0],[9.1151,63.9724,0.0],[9.1203,63.9734,0.0],[9.1214,63.9766,17.6023],[9.1354,63.9771,0.0],[9.1411,63.9797,0.0],[9.137,63.9828,5.3445],[9.1271,63.9833,4.74],[9.1255,63.9849,1.0783],[9.1578,63.9859,0.0],[9.1578,63.9891,0.0],[9.1547,63.9901,0.0]]],
[[[9.1458,63.9813,0.0],[9.1474,63.9828,0.0],[9.1422,63.9828,0.0],[9.1422,63.9818,0.0],[9.1458,63.9813,0.0]]],
[[[9.0089,63.9484,4.5956],[9.0104,63.9479,0.0],[9.012,63.9495,0.0],[9.0104,63.95,0.6282],[9.0089,63.9484,4.5956]]],
[[[9.0208,63.9562,7.1257],[9.0193,63.9526,1.1414],[9.0234,63.9505,0.0],[9.0266,63.9505,0.0],[9.0286,63.9526,0.6994],[9.0286,63.9557,0.0],[9.0245,63.9578,6.449],[9.0214,63.9578,0.0],[9.0208,63.9562,7.1257]]],
[[[8.7958,63.9542,0.0],[8.7974,63.9557,0.0],[8.7922,63.9557,0.0],[8.7922,63.9547,1.3016],[8.7958,63.9542,0.0]]],
[[[9.0396,63.9583,6.5154],[9.0313,63.9583,0.0],[9.0297,63.9568,0.0],[9.0432,63.9568,0.0],[9.0396,63.9583,6.5154]]],
[[[8.8526,63.963,0.0],[8.8542,63.9625,0.0],[8.8557,63.9641,0.3567],[8.8526,63.9641,0.356],[8.8526,63.963,0.0]]],
[[[8.9776,63.9693,3.9871],[8.9807,63.9693,10.194],[8.9807,63.9703,6.7242],[8.9792,63.9708,3.3381],[8.9776,63.9693,3.9871]]],
[[[9.0125,63.975,1.6337],[9.0104,63.9771,0.0],[9.0068,63.9734,0.0],[9.0104,63.9729,0.0],[9.0125,63.975,1.6337]]],
[[[8.9901,63.9776,4.7524],[8.9932,63.9776,7.247],[8.9932,63.9786,6.9243],[8.9901,63.9786,4.1784],[8.9901,63.9776,4.7524]]],
[[[9.0479,63.9896,0.0],[9.0443,63.9859,0.0],[9.0495,63.9859,0.0],[9.0495,63.9891,0.0],[9.0479,63.9896,0.0]]],
[[[8.7667,63.8312,0.0],[8.7682,63.8328,2.3691],[8.763,63.8328,0.6612],[8.763,63.8318,0.0],[8.7667,63.8312,0.0]]],
[[[8.7505,63.8818,0.0],[8.7521,63.8812,0.0],[8.7536,63.8828,8.2752],[8.7521,63.8833,0.0],[8.7505,63.8818,0.0]]],
[[[8.9266,63.9193,1.2132],[8.925,63.9208,0.0],[8.9193,63.9203,3.4433],[8.9208,63.9188,2.4845],[8.9266,63.9193,1.2132]]],
[[[8.8625,63.9229,0.608],[8.8589,63.9224,2.3324],[8.8568,63.9203,2.7897],[8.8568,63.9172,1.4403],[8.8661,63.9172,0.0],[8.8672,63.9203,0.0],[8.8766,63.9245,0.0],[8.8688,63.925,0.0],[8.8625,63.9229,0.608]]],
[[[8.6151,63.8693,5.8154],[8.6167,63.8688,5.8154],[8.6182,63.8703,2.7026],[8.6151,63.8703,4.4675],[8.6151,63.8693,5.8154]]],
[[[8.7,63.8708,0.0],[8.6979,63.8729,0.0],[8.6943,63.8693,0.0],[8.6979,63.8688,0.0],[8.7,63.8708,0.0]]],
[[[8.6057,63.8745,7.4951],[8.5979,63.875,0.0],[8.5964,63.8734,0.0],[8.6042,63.8729,0.0],[8.6057,63.8745,7.4951]]],
[[[8.6068,63.888,1.3349],[8.6099,63.888,3.109],[8.6099,63.8891,3.8266],[8.6068,63.8891,1.6532],[8.6068,63.888,1.3349]]],
[[[8.6745,63.9151,1.0728],[8.6745,63.9161,2.2421],[8.6714,63.9161,0.0],[8.6714,63.9151,0.0],[8.6745,63.9151,1.0728]]],
[[[8.8938,63.9333,3.3483],[8.8932,63.9297,6.9546],[8.888,63.9276,0.0],[8.9042,63.9271,7.2587],[8.912,63.9297,0.0],[8.913,63.9328,0.0],[8.9182,63.937,3.1221],[8.9021,63.9375,0.0],[8.8943,63.9349,0.0],[8.8938,63.9333,3.3483]]],
[[[8.7693,63.9401,0.6135],[8.7724,63.9401,0.4342],[8.7724,63.9411,0.0],[8.7693,63.9411,0.0],[8.7693,63.9401,0.6135]]],
[[[8.9984,63.9422,0.4892],[9.0016,63.9422,3.8985],[9.0016,63.9432,3.5785],[9.0,63.9437,0.0],[8.9984,63.9422,0.4892]]],
[[[8.8943,63.9443,2.1742],[8.8896,63.9458,0.0],[8.8875,63.9437,0.0],[8.8896,63.9417,0.0],[8.8974,63.9422,0.0],[8.8943,63.9443,2.1742]]],
[[[8.4458,63.4167,0.0],[8.4521,63.4167,0.0],[8.4536,63.4182,0.0],[8.4438,63.4208,0.0],[8.4359,63.4182,9.5441],[8.4354,63.4167,0.0],[8.4375,63.4146,0.0],[8.4417,63.4167,9.2922],[8.4458,63.4167,0.0]]],
[[[8.325,63.4292,11.0936],[8.3167,63.4333,9.9164],[8.3125,63.4333,38.9131],[8.3083,63.4354,17.6501],[8.3026,63.4349,4.0039],[8.3078,63.4307,8.7808],[8.3089,63.4255,16.9704],[8.3146,63.425,0.0],[8.3208,63.4271,16.4707],[8.3224,63.4266,5.1714],[8.3214,63.4234,3.5467],[8.3307,63.4234,0.0],[8.325,63.4292,11.0936]]],
[[[8.2854,63.4354,10.6763],[8.2813,63.4375,0.0],[8.2776,63.4339,0.0],[8.287,63.4339,3.8126],[8.2854,63.4354,10.6763]]],
[[[8.2943,63.4391,6.6458],[8.2943,63.438,19.8707],[8.2974,63.438,9.6015],[8.2958,63.4396,0.0],[8.2943,63.4391,6.6458]]],
[[[8.3099,63.4682,0.0],[8.3068,63.4682,0.0],[8.3005,63.4651,0.0],[8.3141,63.4651,0.0],[8.3099,63.4682,0.0]]],
[[[8.3005,63.4766,0.0],[8.3021,63.475,0.0],[8.3036,63.4755,0.0],[8.3021,63.4771,0.0],[8.3005,63.4766,0.0]]],
[[[8.2771,63.5187,0.0],[8.2729,63.5208,2.4882],[8.2693,63.5172,0.0],[8.2786,63.5172,12.7563],[8.2771,63.5187,0.0]]],
[[[8.2797,63.5224,2.7041],[8.2807,63.5245,7.6061],[8.2792,63.525,6.8359],[8.2755,63.5245,0.0],[8.275,63.5229,6.5435],[8.2771,63.5208,0.0],[8.2797,63.5224,2.7041]]],
[[[8.4682,63.4172,0.0],[8.4589,63.4161,1.5959],[8.4589,63.413,13.4247],[8.4724,63.413,0.0],[8.4724,63.4182,0.0],[8.4682,63.4172,0.0]]],
[[[8.4771,63.5667,0.0],[8.4807,63.5672,0.0],[8.4807,63.5682,9.1987],[8.4755,63.5682,5.7976],[8.4771,63.5667,0.0]]],
[[[8.4839,63.5787,0.0],[8.4891,63.5797,0.0],[8.4896,63.5812,0.0],[8.4833,63.5875,0.0],[8.4792,63.5854,22.2422],[8.475,63.5854,19.7383],[8.4708,63.5875,0.0],[8.4646,63.5875,8.371],[8.4604,63.5854,0.0],[8.4563,63.5875,0.0],[8.4401,63.587,9.3889],[8.4516,63.5807,0.0],[8.4505,63.5755,0.0],[8.4604,63.5708,0.0],[8.4661,63.5714,6.2497],[8.4651,63.5745,0.0],[8.4667,63.575,0.0],[8.475,63.575,16.2486],[8.4813,63.5729,0.0],[8.4828,63.5734,0.0],[8.4839,63.5787,0.0]]],
[[[8.5063,63.5875,6.6848],[8.4979,63.5875,5.4903],[8.4958,63.5854,8.588],[8.4979,63.5833,9.5772],[8.5063,63.5833,0.0],[8.5099,63.587,0.0],[8.5063,63.5875,6.6848]]],
[[[8.3021,63.525,0.0],[8.3036,63.5255,4.21],[8.3036,63.5266,0.0],[8.3005,63.5266,12.2475],[8.3021,63.525,0.0]]],
[[[8.3516,63.5328,0.0],[8.3458,63.5333,9.2422],[8.3443,63.5318,0.0],[8.35,63.5313,0.0],[8.3516,63.5328,0.0]]],
[[[8.4234,63.5641,3.2005],[8.4234,63.563,8.8037],[8.4266,63.563,5.4754],[8.425,63.5646,0.0],[8.4234,63.5641,3.2005]]],
[[[8.3161,63.5651,0.0],[8.3146,63.5667,3.355],[8.3068,63.5661,3.5497],[8.3083,63.5646,10.2821],[8.3161,63.5651,0.0]]],
[[[9.0516,63.4641,21.0598],[9.0396,63.4625,18.0353],[9.037,63.4661,0.0],[9.0313,63.4667,75.3855],[9.0276,63.463,0.0],[9.0401,63.4568,0.0],[9.05,63.4542,24.1938],[9.0563,63.4542,0.0],[9.062,63.4568,65.5583],[9.0516,63.4641,21.0598]]],
[[[8.8271,63.6604,16.5871],[8.8104,63.6604,5.6517],[8.8063,63.6625,0.0],[8.8021,63.6604,17.1939],[8.7979,63.6625,0.0],[8.7875,63.6583,19.1201],[8.7797,63.6578,0.0],[8.7828,63.6557,0.0],[8.7813,63.6542,0.0],[8.7417,63.6521,0.0],[8.7271,63.6458,4.6763],[8.7229,63.65,0.0],[8.7125,63.65,0.0],[8.7057,63.6464,0.0],[8.6979,63.6458,0.0],[8.6938,63.6437,3.5858],[8.6896,63.6458,0.0],[8.6833,63.6458,0.0],[8.6792,63.6417,15.7154],[8.663,63.6411,0.0],[8.6703,63.637,0.0],[8.6734,63.6318,0.0],[8.6766,63.6307,14.7984],[8.6776,63.6276,0.0],[8.6953,63.6266,0.0],[8.6917,63.6229,3.567],[8.6625,63.6229,12.7788],[8.6609,63.6245,0.0],[8.663,63.6307,26.3879],[8.6682,63.6328,0.0],[8.6625,63.6354,0.0],[8.6568,63.6359,0.0],[8.6542,63.6396,0.0],[8.6396,63.6396,0.0],[8.638,63.638,5.832],[8.6453,63.6349,0.0],[8.6453,63.6318,1.9527],[8.6271,63.6292,0.0],[8.6229,63.625,0.0],[8.6063,63.625,0.0],[8.6047,63.6234,0.0],[8.6104,63.6208,0.0],[8.6354,63.6208,0.0],[8.6396,63.6229,14.6311],[8.65,63.6229,0.0],[8.6516,63.6214,0.0],[8.6333,63.6146,0.0],[8.6229,63.6146,8.3165],[8.6187,63.6167,0.0],[8.6146,63.6167,0.0],[8.6104,63.6146,0.0],[8.6,63.6146,0.0],[8.5896,63.6104,16.0164],[8.5833,63.6104,0.0],[8.5745,63.6047,12.5811],[8.5609,63.6016,0.0],[8.5599,63.5984,9.3377],[8.5521,63.5979,0.0],[8.5443,63.5953,0.0],[8.5437,63.5938,0.0],[8.5458,63.5917,0.0],[8.5646,63.5917,0.0],[8.5688,63.5896,0.0],[8.5875,63.5896,3.9641],[8.5891,63.588,0.0],[8.5542,63.5875,0.0],[8.55,63.5854,20.4729],[8.5354,63.5875,9.8239],[8.5172,63.5807,0.0],[8.5161,63.5776,9.2834],[8.5109,63.5766,0.0],[8.5099,63.5734,11.4555],[8.5047,63.5724,0.0],[8.5036,63.5693,12.1067],[8.4984,63.5661,0.0],[8.5,63.5646,0.0],[8.5063,63.5646,6.3958],[8.5104,63.5625,0.0],[8.5188,63.5625,0.0],[8.5203,63.5609,0.0],[8.5125,63.5583,20.6414],[8.5083,63.5604,0.0],[8.4938,63.5604,0.0],[8.4896,63.5563,3.7046],[8.4854,63.5583,0.0],[8.475,63.5583,0.0],[8.4563,63.5521,0.0],[8.4458,63.5521,0.0],[8.4312,63.5479,0.0],[8.4146,63.5479,0.0],[8.3984,63.5411,0.0],[8.3958,63.5375,0.0],[8.3922,63.538,9.9285],[8.3932,63.5411,0.0],[8.3917,63.5417,0.0],[8.3771,63.5417,0.0],[8.3708,63.5375,14.4722],[8.3563,63.5375,0.0],[8.3547,63.5359,7.1174],[8.3583,63.5333,0.0],[8.3568,63.5276,0.0],[8.3646,63.5271,0.0],[8.3688,63.5313,16.192],[8.3745,63.5276,11.5533],[8.3688,63.525,15.4038],[8.3609,63.5245,0.0],[8.3578,63.5172,0.0],[8.3484,63.5141,0.0],[8.3474,63.5109,27.7606],[8.338,63.5109,6.5434],[8.3391,63.5161,0.0],[8.3359,63.5172,0.0],[8.3401,63.5203,28.7143],[8.3453,63.5214,0.0],[8.3453,63.5266,0.0],[8.3354,63.5271,4.6362],[8.3276,63.5245,0.0],[8.325,63.5208,0.0],[8.3193,63.5234,0.0],[8.3167,63.5271,6.8052],[8.3021,63.5208,20.0082],[8.2917,63.5208,0.0],[8.2839,63.5182,0.0],[8.2807,63.5109,3.3035],[8.2792,63.5104,6.1374],[8.2646,63.5104,0.0],[8.2568,63.5078,0.0],[8.2661,63.5047,0.0],[8.2609,63.5036,2.4671],[8.2599,63.5005,0.0],[8.2563,63.4979,3.2695],[8.2521,63.4979,0.0],[8.2479,63.5,0.0],[8.2422,63.4995,0.0],[8.2375,63.4896,0.0],[8.2396,63.4875,0.0],[8.2437,63.4896,7.3646],[8.25,63.4896,3.0622],[8.2516,63.4891,0.0],[8.2505,63.4859,0.0],[8.2583,63.4854,0.0],[8.2661,63.488,0.0],[8.2672,63.4932,0.0],[8.275,63.4958,0.0],[8.2807,63.4943,0.0],[8.2818,63.4974,18.0741],[8.2854,63.5,0.0],[8.2911,63.4995,0.0],[8.2938,63.4958,0.0],[8.2995,63.4964,11.9937],[8.3016,63.4995,0.0],[8.2984,63.5005,0.0],[8.2984,63.5036,0.0],[8.3167,63.5104,0.0],[8.3208,63.5062,0.0],[8.3307,63.5057,0.0],[8.3109,63.4974,10.6371],[8.3099,63.4943,33.5568],[8.3005,63.4932,0.0],[8.2974,63.488,0.0],[8.288,63.4849,9.207],[8.287,63.4818,0.0],[8.2734,63.4786,0.0],[8.2708,63.475,0.0],[8.2729,63.4729,0.0],[8.2833,63.4771,38.8193],[8.2891,63.4766,0.0],[8.2797,63.4703,0.0],[8.2786,63.4672,3.4339],[8.2734,63.4661,0.0],[8.2792,63.4625,0.0],[8.287,63.4651,0.0],[8.288,63.4703,5.1766],[8.2974,63.4714,0.0],[8.2974,63.4745,14.8046],[8.2943,63.4766,0.0],[8.3083,63.4813,0.0],[8.3141,63.4786,0.0],[8.312,63.4734,0.0],[8.3089,63.4714,0.0],[8.3146,63.4708,16.5824],[8.3203,63.4682,0.0],[8.3182,63.463,0.0],[8.313,63.4599,0.0],[8.312,63.4547,0.0],[8.3099,63.4526,0.0],[8.2922,63.4495,0.0],[8.2901,63.4443,0.0],[8.3063,63.4437,0.0],[8.312,63.4411,0.0],[8.313,63.438,5.8501],[8.3187,63.4354,0.0],[8.3245,63.4349,5.2218],[8.3313,63.4313,0.0],[8.3349,63.4359,0.0],[8.3318,63.438,0.0],[8.3318,63.4411,0.0],[8.3479,63.4375,0.0],[8.3521,63.4417,0.0],[8.3646,63.4354,0.0],[8.3807,63.4349,0.0],[8.3755,63.4318,0.0],[8.3854,63.4271,0.0],[8.4,63.4271,0.0],[8.4042,63.4292,0.0],[8.4083,63.4292,3.6864],[8.4125,63.4271,5.8716],[8.4271,63.4271,0.0],[8.4312,63.425,0.0],[8.4458,63.425,0.0],[8.45,63.4271,6.9728],[8.4542,63.425,0.0],[8.4604,63.425,0.0],[8.4646,63.4271,12.3916],[8.4688,63.425,0.0],[8.4729,63.425,0.0],[8.4771,63.4271,18.8848],[8.5354,63.4271,0.0],[8.5458,63.4333,0.0],[8.55,63.4333,0.0],[8.5542,63.4354,0.0],[8.5646,63.4354,0.0],[8.5724,63.438,0.0],[8.5776,63.4411,0.0],[8.5797,63.4453,0.0],[8.5932,63.4484,0.0],[8.5979,63.4521,3.7954],[8.6099,63.4547,0.0],[8.6125,63.4583,0.0],[8.6229,63.4583,0.0],[8.6438,63.4646,0.0],[8.6479,63.4646,0.0],[8.6521,63.4625,0.0],[8.6651,63.4682,0.0],[8.6729,63.4688,0.0],[8.6771,63.4708,0.0],[8.6917,63.4688,0.0],[8.7063,63.4729,23.3682],[8.7104,63.4708,0.0],[8.7146,63.4729,0.0],[8.725,63.4729,0.0],[8.7396,63.4771,38.5343],[8.7458,63.475,0.0],[8.7542,63.4792,13.1319],[8.7557,63.4786,0.0],[8.7568,63.4734,0.0],[8.7625,63.4729,0.0],[8.7979,63.4833,8.8558],[8.8125,63.4833,0.0],[8.8208,63.4792,0.0],[8.8313,63.4792,0.0],[8.8354,63.4813,9.8395],[8.8375,63.4792,0.0],[8.8359,63.4755,0.0],[8.8479,63.475,5.3045],[8.8625,63.4792,27.1774],[8.8729,63.4792,0.0],[8.8813,63.4833,18.4022],[8.9167,63.4854,0.0],[8.9313,63.4917,0.0],[8.9391,63.4922,0.0],[8.9458,63.4958,29.5023],[8.9625,63.4958,0.0],[8.9708,63.5,0.0],[8.9875,63.5021,0.0],[8.9958,63.5062,0.0],[9.0021,63.5062,0.0],[9.0063,63.5042,0.0],[9.0104,63.5062,3.5229],[9.025,63.5062,0.0],[9.0292,63.5083,3.8968],[9.0458,63.5083,0.0],[9.0542,63.5125,42.3231],[9.0688,63.5125,0.0],[9.0792,63.5167,8.7085],[9.0896,63.5167,0.0],[9.1,63.5208,0.0],[9.1057,63.5203,0.0],[9.0875,63.5125,0.0],[9.0771,63.5125,0.0],[9.0672,63.5099,0.0],[9.0646,63.5062,6.0787],[9.0667,63.5042,4.3736],[9.0813,63.5042,0.0],[9.0958,63.5104,5.5555],[9.1036,63.5109,0.0],[9.1125,63.5167,0.0],[9.1245,63.5172,1.8665],[9.1255,63.5203,0.0],[9.1307,63.5214,0.0],[9.1354,63.525,6.3189],[9.1349,63.5266,0.0],[9.1292,63.5271,10.0921],[9.1276,63.5286,0.0],[9.1328,63.5297,0.0],[9.1417,63.5354,0.0],[9.1495,63.5359,0.0],[9.1536,63.538,0.0],[9.1547,63.5411,0.0],[9.1609,63.5453,0.0],[9.1688,63.5458,0.0],[9.1766,63.5484,0.0],[9.1776,63.5516,0.0],[9.1911,63.5547,0.0],[9.1943,63.5578,1.692],[9.2036,63.5589,0.0],[9.2005,63.5609,0.0],[9.2005,63.5661,0.0],[9.2203,63.5693,0.0],[9.2188,63.5708,0.0],[9.213,63.5714,14.1056],[9.212,63.5745,0.0],[9.2021,63.5771,0.0],[9.1943,63.5766,0.0],[9.1917,63.5729,0.0],[9.1875,63.575,0.0],[9.1833,63.575,0.0],[9.1813,63.5771,0.0],[9.1828,63.5828,0.0],[9.1771,63.5854,2.6907],[9.1708,63.5854,37.2342],[9.1641,63.5818,0.0],[9.163,63.5776,0.0],[9.1729,63.5771,7.5972],[9.1786,63.5734,4.8465],[9.1714,63.5724,0.0],[9.1667,63.5687,27.9734],[9.1589,63.5682,0.0],[9.1484,63.562,0.0],[9.1516,63.5589,0.0],[9.1438,63.5583,0.0],[9.138,63.562,15.4284],[9.1401,63.5661,0.0],[9.1453,63.5672,0.0],[9.1474,63.5734,5.2553],[9.1516,63.5755,0.7704],[9.1516,63.5786,0.0],[9.1495,63.5807,3.7193],[9.1286,63.5911,0.0],[9.1188,63.5917,0.0],[9.1063,63.5979,0.0],[9.0984,63.5984,0.0],[9.0938,63.6021,0.0],[9.0792,63.6021,0.0],[9.0688,63.5979,0.0],[9.0625,63.5979,20.9949],[9.0563,63.6021,0.0],[9.0354,63.6021,0.0],[9.0271,63.5979,15.8999],[9.0167,63.6,0.0],[9.013,63.5953,0.0],[9.012,63.5901,34.029],[9.0068,63.5891,0.0],[9.0057,63.5839,0.0],[9.0021,63.5833,0.0],[8.9938,63.5875,0.0],[8.9792,63.5812,29.5602],[8.9729,63.5812,0.0],[8.9714,63.5828,0.0],[8.9734,63.5849,0.0],[8.9828,63.588,0.0],[8.9797,63.5901,4.7673],[8.9797,63.5932,0.0],[8.9849,63.5964,0.0],[8.9859,63.5995,7.0891],[8.9911,63.6005,0.0],[8.9797,63.6078,0.0],[8.9891,63.6089,0.0],[8.9917,63.6146,0.0],[8.9896,63.6167,0.0],[8.9797,63.6172,0.0],[8.9786,63.6203,0.0],[8.9714,63.6214,0.0],[8.9714,63.6245,0.0],[8.987,63.6297,0.0],[8.988,63.6349,5.6911],[8.9995,63.638,0.0],[8.9995,63.6411,2.8716],[8.9958,63.6437,0.0],[8.9964,63.6453,0.0],[9.0016,63.6464,0.0],[9.0016,63.6516,0.0],[8.9958,63.6542,0.0],[8.9917,63.6521,8.7362],[8.9875,63.6542,0.0],[8.9771,63.6542,2.7155],[8.9729,63.6521,0.0],[8.9688,63.6542,0.776],[8.9646,63.6521,12.7508],[8.9396,63.6521,0.0],[8.9276,63.6474,0.0],[8.9229,63.6437,7.5392],[8.9146,63.6437,9.6523],[8.9,63.6479,0.0],[8.8958,63.6458,0.0],[8.8854,63.6458,0.0],[8.8724,63.638,3.5228],[8.8646,63.6375,16.6574],[8.8589,63.6401,11.852],[8.8599,63.6432,0.0],[8.8583,63.6437,6.4356],[8.8479,63.6437,0.0],[8.8333,63.6396,15.8572],[8.8313,63.6417,0.0],[8.8318,63.6432,8.5267],[8.8396,63.6458,0.0],[8.8646,63.6479,0.0],[8.8703,63.6505,4.534],[8.8661,63.6536,0.0],[8.8589,63.6547,0.0],[8.8641,63.6568,0.0],[8.8641,63.6599,0.0],[8.8396,63.6604,5.1302],[8.8333,63.6583,0.0],[8.8271,63.6604,16.5871]]],
[[[9.012,63.6484,0.0],[9.0068,63.6453,0.0],[9.0047,63.6422,0.0],[9.0083,63.6417,0.0],[9.0167,63.6458,0.0],[9.0245,63.6464,0.0],[9.025,63.6479,0.0],[9.0229,63.65,4.6063],[9.0146,63.65,0.0],[9.012,63.6484,0.0]]],
[[[8.8833,63.6542,12.0925],[8.887,63.6547,8.157],[8.887,63.6557,6.5464],[8.8818,63.6557,0.0],[8.8833,63.6542,12.0925]]],
[[[8.7172,63.4516,0.0],[8.7172,63.4505,0.0],[8.7203,63.4505,0.0],[8.7203,63.4516,0.0],[8.7172,63.4516,0.0]]],
[[[8.7224,63.4693,0.0],[8.7208,63.4708,0.0],[8.713,63.4703,6.4719],[8.7146,63.4688,0.0],[8.7224,63.4693,0.0]]],
[[[8.5964,63.6224,10.2544],[8.5979,63.6208,0.0],[8.5995,63.6214,0.0],[8.5995,63.6224,3.4758],[8.5964,63.6224,10.2544]]],
[[[8.6292,63.6354,0.0],[8.6328,63.6359,2.9281],[8.6328,63.637,4.8908],[8.6276,63.637,0.0],[8.6292,63.6354,0.0]]],
[[[8.6021,63.6417,1.9912],[8.6083,63.6417,0.0],[8.6099,63.6432,0.0],[8.6,63.6458,0.0],[8.588,63.6453,0.0],[8.5938,63.6417,6.4861],[8.6021,63.6417,1.9912]]],
[[[8.6604,63.65,0.0],[8.6547,63.6495,8.4629],[8.6505,63.6464,0.0],[8.6563,63.6458,1.4479],[8.6641,63.6484,0.0],[8.6604,63.65,0.0]]],
[[[8.6292,63.6458,4.3019],[8.6438,63.6458,0.0],[8.6458,63.6479,4.2457],[8.6438,63.65,0.0],[8.6375,63.6479,0.0],[8.6333,63.65,6.6266],[8.6292,63.65,0.0],[8.6271,63.6479,3.8443],[8.6292,63.6458,4.3019]]],
[[[8.638,63.6516,0.0],[8.6396,63.65,0.0],[8.6411,63.6505,0.0],[8.6411,63.6516,4.8879],[8.638,63.6516,0.0]]],
[[[8.888,63.6578,3.0776],[8.888,63.6568,4.1768],[8.8911,63.6568,0.0],[8.8896,63.6583,0.0],[8.888,63.6578,3.0776]]],
[[[8.8599,63.663,0.0],[8.8583,63.6646,0.0],[8.8526,63.6641,0.0],[8.8542,63.6625,1.6147],[8.8599,63.663,0.0]]],
[[[8.863,63.6661,0.0],[8.863,63.6651,4.0448],[8.8661,63.6651,0.9926],[8.8661,63.6661,0.0],[8.863,63.6661,0.0]]],
[[[8.75,63.675,0.0],[8.7516,63.6766,0.0],[8.7443,63.6766,0.0],[8.7458,63.675,5.4589],[8.75,63.675,0.0]]],
[[[8.4297,63.5661,6.3705],[8.4297,63.5651,11.1735],[8.4328,63.5651,4.633],[8.4312,63.5667,0.0],[8.4297,63.5661,6.3705]]],
[[[8.3766,63.563,0.0],[8.3807,63.5651,0.0],[8.3807,63.5682,0.0],[8.3708,63.5708,0.0],[8.3563,63.5708,0.0],[8.3505,63.5682,0.0],[8.3479,63.5646,14.841],[8.35,63.5625,0.0],[8.3766,63.563,0.0]]],
[[[8.3526,63.5745,1.9627],[8.3542,63.5729,0.0],[8.3557,63.5734,0.0],[8.3542,63.575,2.597],[8.3526,63.5745,1.9627]]],
[[[8.35,63.5792,8.4383],[8.3516,63.5807,0.0],[8.3443,63.5807,9.7252],[8.3458,63.5792,0.0],[8.35,63.5792,8.4383]]],
[[[8.4318,63.5776,2.9235],[8.4328,63.5807,0.0],[8.4234,63.5818,0.0],[8.4245,63.5849,0.0],[8.4214,63.5859,0.0],[8.4203,63.5911,0.0],[8.4172,63.5922,7.7732],[8.4182,63.5953,0.0],[8.4125,63.5979,0.0],[8.4089,63.5953,6.7617],[8.412,63.5932,0.0],[8.4104,63.5917,0.0],[8.4,63.5917,0.0],[8.3917,63.5875,0.0],[8.3708,63.5875,0.0],[8.3651,63.5849,3.7866],[8.3703,63.5807,12.0912],[8.3714,63.5776,4.5946],[8.3786,63.5766,0.0],[8.3813,63.5729,0.0],[8.387,63.5724,5.1994],[8.3839,63.5693,0.0],[8.388,63.5672,0.0],[8.4021,63.5667,0.0],[8.4063,63.5646,0.0],[8.4208,63.5646,0.0],[8.4255,63.5682,0.6739],[8.4375,63.5687,0.0],[8.4401,63.5724,3.876],[8.4453,63.5734,0.0],[8.4438,63.575,0.0],[8.4375,63.575,9.0925],[8.4318,63.5776,2.9235]]],
[[[8.3917,63.5896,4.3034],[8.3932,63.5901,2.7053],[8.3932,63.5911,0.0],[8.3901,63.5911,0.0],[8.3917,63.5896,4.3034]]],
[[[8.4417,63.5958,12.5031],[8.4396,63.5979,0.0],[8.4354,63.5979,0.0],[8.4333,63.5958,0.0],[8.4339,63.5943,2.3076],[8.4396,63.5938,2.1771],[8.4417,63.5958,12.5031]]],
[[[8.4208,63.5979,0.0],[8.4245,63.5984,0.0],[8.4245,63.5995,0.0],[8.4193,63.5995,12.3175],[8.4208,63.5979,0.0]]],
[[[8.4938,63.5958,0.0],[8.4854,63.5958,5.1253],[8.4833,63.5938,0.0],[8.4854,63.5917,0.0],[8.4974,63.5922,0.0],[8.4974,63.5953,13.4975],[8.4938,63.5958,0.0]]],
[[[8.55,63.6063,4.619],[8.5536,63.6068,0.0],[8.5536,63.6078,2.8129],[8.5484,63.6078,4.2942],[8.55,63.6063,4.619]]],
[[[8.5547,63.612,0.0],[8.5547,63.6109,0.0],[8.5578,63.6109,0.0],[8.5578,63.612,0.7543],[8.5547,63.612,0.0]]],
[[[8.4813,63.6104,0.0],[8.4786,63.6141,0.0],[8.4688,63.6146,0.0],[8.4646,63.6167,0.0],[8.4458,63.6167,0.0],[8.438,63.6141,5.9558],[8.4479,63.6083,0.0],[8.4521,63.6104,0.0],[8.4667,63.6104,0.0],[8.475,63.6063,0.0],[8.4813,63.6083,4.2601],[8.487,63.6068,0.0],[8.487,63.6099,4.791],[8.4813,63.6104,0.0]]],
[[[8.4151,63.6141,0.0],[8.4167,63.6125,13.2634],[8.4182,63.613,4.5674],[8.4167,63.6146,1.4751],[8.4151,63.6141,0.0]]],
[[[8.3813,63.6167,3.6593],[8.3776,63.6151,0.0],[8.3807,63.6141,11.2456],[8.3818,63.6109,0.0],[8.3953,63.6109,0.0],[8.387,63.6161,0.0],[8.3813,63.6167,3.6593]]],
[[[8.4167,63.6583,0.0],[8.4188,63.6604,1.9682],[8.4167,63.6625,3.1834],[8.4146,63.6604,3.5363],[8.4167,63.6583,0.0]]],
[[[8.4333,63.6625,5.9922],[8.4255,63.662,0.0],[8.4234,63.6589,7.5213],[8.4396,63.6583,2.7036],[8.4432,63.6609,0.5127],[8.4417,63.6625,0.0],[8.4333,63.6625,5.9922]]],
[[[8.3818,63.662,4.703],[8.3833,63.6604,0.0],[8.3849,63.6609,5.3037],[8.3833,63.6625,0.0],[8.3818,63.662,4.703]]],
[[[8.2609,63.6661,2.8729],[8.2609,63.6651,0.0],[8.2641,63.6651,0.0],[8.2641,63.6661,2.35],[8.2609,63.6661,2.8729]]],
[[[8.4604,63.6646,0.0],[8.462,63.6661,2.8225],[8.4547,63.6661,8.4291],[8.4563,63.6646,0.0],[8.4604,63.6646,0.0]]],
[[[8.4318,63.6682,0.0],[8.4333,63.6667,0.5009],[8.4349,63.6672,1.6918],[8.4333,63.6688,0.0],[8.4318,63.6682,0.0]]],
[[[8.5667,63.6125,0.0],[8.5708,63.6146,16.766],[8.5771,63.6125,0.0],[8.5797,63.6161,0.0],[8.5917,63.6167,0.0],[8.5938,63.6188,6.1533],[8.5901,63.6214,3.9401],[8.5911,63.6245,0.0],[8.5833,63.625,0.0],[8.575,63.6208,6.8583],[8.55,63.6208,0.0],[8.5422,63.6182,0.0],[8.5479,63.6146,0.0],[8.5583,63.6146,0.0],[8.5625,63.6125,0.0],[8.5667,63.6125,0.0]]],
[[[8.5568,63.6661,9.7712],[8.5568,63.6651,1.5748],[8.5599,63.6651,0.0],[8.5599,63.6661,8.0752],[8.5568,63.6661,9.7712]]],
[[[8.5964,63.7307,10.7767],[8.5979,63.7292,0.0],[8.5995,63.7297,0.0],[8.5979,63.7313,6.5088],[8.5964,63.7307,10.7767]]],
[[[8.5922,63.7328,0.0],[8.5922,63.7318,0.0],[8.5953,63.7318,3.4814],[8.5953,63.7328,0.0],[8.5922,63.7328,0.0]]],
[[[8.4146,63.7562,0.8168],[8.4063,63.7562,0.0],[8.4042,63.7542,0.0],[8.4063,63.7521,0.0],[8.4125,63.7521,2.8138],[8.4182,63.7547,1.4262],[8.4146,63.7562,0.8168]]],
[[[8.4208,63.8021,0.0],[8.413,63.7995,0.0],[8.413,63.7964,1.7524],[8.4208,63.7958,0.0],[8.4266,63.7984,1.1339],[8.4266,63.8016,0.0],[8.4208,63.8021,0.0]]],
[[[8.4151,63.8349,5.7684],[8.4167,63.8333,0.0],[8.4182,63.8339,4.0117],[8.4182,63.8349,0.0],[8.4151,63.8349,5.7684]]],
[[[8.4214,63.8391,3.5688],[8.4333,63.8375,6.4848],[8.4349,63.838,5.6838],[8.4354,63.8417,3.9177],[8.4333,63.8438,3.7976],[8.4188,63.8438,0.0],[8.4109,63.8411,3.1463],[8.4167,63.8375,0.0],[8.4214,63.8391,3.5688]]],
[[[8.5854,63.7917,0.0],[8.5755,63.788,0.0],[8.5891,63.788,0.0],[8.5891,63.7911,0.0],[8.5854,63.7917,0.0]]],
[[[8.5479,63.7979,0.0],[8.5521,63.7958,0.0],[8.5599,63.7984,0.0],[8.5599,63.8016,1.6506],[8.5568,63.8036,0.0],[8.5599,63.8047,0.0],[8.562,63.8078,1.8944],[8.5542,63.8083,0.0],[8.55,63.8063,0.0],[8.5396,63.8063,0.0],[8.5375,63.8042,0.6587],[8.5411,63.8005,0.0],[8.5375,63.8,1.7894],[8.5333,63.8021,0.0],[8.5313,63.8,0.0],[8.5318,63.7964,0.0],[8.5333,63.7958,0.0],[8.5479,63.7979,0.0]]],
[[[8.5755,63.8036,0.0],[8.5755,63.8026,0.0],[8.5786,63.8026,5.3831],[8.5786,63.8036,1.4863],[8.5755,63.8036,0.0]]],
[[[8.4979,63.8479,0.0],[8.4995,63.8484,0.0],[8.4995,63.8516,7.9858],[8.4917,63.85,0.0],[8.4901,63.8505,0.0],[8.4911,63.8536,2.4239],[8.4896,63.8542,0.0],[8.4646,63.8542,0.0],[8.462,63.8505,5.0462],[8.4542,63.8479,32.7791],[8.4464,63.8474,0.0],[8.4422,63.8453,5.5607],[8.4401,63.8422,0.0],[8.4458,63.8396,3.4648],[8.4536,63.8391,0.0],[8.4526,63.8359,0.0],[8.4583,63.8333,3.1321],[8.4688,63.8312,0.0],[8.4729,63.8333,0.0],[8.4771,63.8312,0.0],[8.4813,63.8333,4.1999],[8.4891,63.8339,4.5665],[8.4917,63.8396,2.6065],[8.4896,63.8417,3.5656],[8.4849,63.838,0.0],[8.4818,63.838,0.0],[8.4776,63.8401,0.0],[8.4786,63.8432,0.0],[8.4755,63.8443,0.0],[8.4755,63.8474,4.6828],[8.4979,63.8479,0.0]]],
[[[8.6766,63.6568,6.2876],[8.6688,63.6563,0.0],[8.6672,63.6547,0.0],[8.6792,63.6542,0.0],[8.6813,63.6563,0.0],[8.6792,63.6583,0.0],[8.6766,63.6568,6.2876]]],
[[[8.5979,63.6708,0.0],[8.5964,63.6693,1.8691],[8.5995,63.6682,0.0],[8.6021,63.6646,0.0],[8.6047,63.6682,0.0],[8.6099,63.6693,0.0],[8.6083,63.6708,12.0737],[8.5979,63.6708,0.0]]],
[[[8.5932,63.7599,0.0],[8.5875,63.7604,0.0],[8.5818,63.7589,3.6075],[8.5807,63.7641,0.0],[8.5792,63.7646,0.0],[8.5714,63.762,0.0],[8.5786,63.7568,0.0],[8.5667,63.7521,0.0],[8.5604,63.7521,0.0],[8.5583,63.75,0.0],[8.563,63.7464,0.0],[8.5729,63.7438,0.0],[8.5776,63.7474,0.0],[8.5833,63.7479,0.0],[8.5958,63.7417,0.0],[8.6,63.7438,4.0037],[8.6078,63.7443,0.0],[8.6005,63.7484,0.0],[8.6026,63.7516,0.0],[8.6083,63.75,0.0],[8.6146,63.7542,0.0],[8.6245,63.7516,0.0],[8.6271,63.7479,0.0],[8.6354,63.7479,0.0],[8.6396,63.75,0.0],[8.6563,63.75,0.0],[8.6589,63.7536,19.1491],[8.6641,63.7547,0.0],[8.6609,63.7568,0.0],[8.6599,63.7599,5.685],[8.65,63.7604,11.3557],[8.6458,63.7625,0.0],[8.6396,63.7625,1.8026],[8.6292,63.7583,0.0],[8.6146,63.7583,2.9939],[8.6063,63.7542,0.0],[8.6026,63.7547,0.0],[8.6036,63.7578,0.0],[8.5958,63.7583,2.9734],[8.5932,63.7599,0.0]]],
[[[8.6729,63.7604,0.0],[8.6651,63.7599,0.0],[8.6651,63.7568,2.4591],[8.6745,63.7589,0.0],[8.6729,63.7604,0.0]]],
[[[8.5849,63.7432,0.0],[8.5771,63.7438,5.8276],[8.5755,63.7422,0.0],[8.5833,63.7417,0.0],[8.5849,63.7432,0.0]]],
[[[8.7172,63.8182,0.0],[8.7266,63.8193,0.0],[8.7266,63.8224,0.0],[8.7208,63.825,0.9845],[8.7146,63.8229,0.0],[8.7104,63.825,0.0],[8.7063,63.8229,0.0],[8.6943,63.8224,0.0],[8.6932,63.8193,0.0],[8.6896,63.8167,1.6911],[8.6776,63.8161,0.0],[8.6776,63.813,0.0],[8.6813,63.8104,0.0],[8.6797,63.8068,0.0],[8.6854,63.8042,0.0],[8.6974,63.8036,0.0],[8.6958,63.8021,0.0],[8.6604,63.7979,6.5048],[8.6589,63.7964,11.7544],[8.662,63.7943,0.0],[8.6542,63.7938,0.0],[8.65,63.7917,2.943],[8.6422,63.7922,0.0],[8.6432,63.7953,0.0],[8.6417,63.7958,0.0],[8.6313,63.7958,0.0],[8.6271,63.7938,0.0],[8.6193,63.7932,5.1718],[8.6167,63.7896,0.8119],[8.6,63.7896,0.0],[8.5943,63.787,0.0],[8.6083,63.7813,0.0],[8.6161,63.7839,2.2982],[8.6172,63.787,0.0],[8.625,63.7875,0.0],[8.6266,63.7859,2.151],[8.6245,63.7818,5.4814],[8.6193,63.7797,8.9688],[8.625,63.7771,0.0],[8.6313,63.7792,0.0],[8.6458,63.7792,0.9332],[8.65,63.7813,0.0],[8.6646,63.7813,0.0],[8.6688,63.7833,0.0],[8.6792,63.7833,0.0],[8.6807,63.7818,0.0],[8.6766,63.7797,20.2196],[8.6688,63.7792,7.562],[8.6609,63.7766,0.0],[8.6609,63.7734,7.123],[8.6682,63.7724,0.0],[8.6688,63.7708,0.0],[8.6682,63.7693,0.0],[8.663,63.7682,0.0],[8.663,63.763,0.0],[8.6771,63.7625,5.6032],[8.6833,63.7604,0.0],[8.6917,63.7646,11.3198],[8.6979,63.7646,8.4561],[8.7036,63.7609,20.4809],[8.6958,63.7604,1.8112],[8.6813,63.7542,18.0703],[8.6646,63.7521,0.0],[8.65,63.7458,22.1951],[8.6422,63.7453,0.0],[8.6411,63.7422,0.0],[8.6318,63.7411,0.0],[8.6307,63.738,2.5924],[8.6255,63.737,3.4788],[8.6271,63.7354,0.0],[8.6328,63.7349,0.0],[8.6313,63.7333,0.0],[8.625,63.7333,1.7239],[8.6208,63.7313,0.0],[8.6104,63.7313,0.0],[8.6021,63.7271,1.1607],[8.5917,63.7271,0.0],[8.5901,63.7255,0.0],[8.5932,63.7234,0.0],[8.5917,63.7229,19.6376],[8.5812,63.7229,0.0],[8.5771,63.7271,2.4385],[8.5651,63.7245,0.0],[8.5667,63.7229,7.102],[8.5724,63.7224,0.0],[8.5693,63.7203,0.0],[8.5672,63.7151,0.0],[8.5729,63.7167,11.8677],[8.5807,63.7161,0.0],[8.5755,63.7141,0.0],[8.5745,63.7089,0.0],[8.5729,63.7083,0.0],[8.5625,63.7083,24.2586],[8.5583,63.7125,0.0],[8.5479,63.7083,23.5448],[8.538,63.712,0.0],[8.5458,63.7146,3.076],[8.55,63.7125,0.0],[8.5516,63.713,0.0],[8.5516,63.7161,1.9987],[8.5271,63.7167,0.0],[8.5021,63.7083,16.3025],[8.4958,63.7083,16.7868],[8.4917,63.7104,0.0],[8.4875,63.7083,1.8269],[8.4771,63.7083,0.0],[8.4729,63.7062,1.7108],[8.4438,63.7062,3.4751],[8.4359,63.7036,0.0],[8.4333,63.7,0.0],[8.4292,63.7021,0.0],[8.4188,63.6979,6.3761],[8.3938,63.6979,0.0],[8.3854,63.6937,8.5051],[8.3563,63.6937,4.9867],[8.3417,63.6896,0.0],[8.3313,63.6896,2.789],[8.3271,63.6917,0.0],[8.3125,63.6854,1.3985],[8.3021,63.6854,0.0],[8.2979,63.6833,1.433],[8.2917,63.6833,3.3535],[8.2875,63.6792,1.9829],[8.2813,63.6813,0.0],[8.2755,63.6807,3.1339],[8.2734,63.6786,3.0234],[8.2714,63.6693,0.0],[8.2807,63.6682,0.0],[8.2797,63.6651,0.0],[8.2854,63.6625,1.6381],[8.2958,63.6667,1.6076],[8.3,63.6667,2.7815],[8.3083,63.6625,8.8433],[8.3292,63.6625,0.0],[8.3333,63.6646,8.9459],[8.3375,63.6625,0.0],[8.3417,63.6625,0.0],[8.3458,63.6646,6.4165],[8.3667,63.6646,0.0],[8.3708,63.6667,0.0],[8.375,63.6646,9.6993],[8.3813,63.6646,7.6695],[8.3891,63.6693,0.0],[8.3891,63.6724,0.0],[8.3859,63.6734,0.0],[8.3875,63.675,0.0],[8.3938,63.675,0.0],[8.3974,63.6724,0.0],[8.3974,63.6693,11.1881],[8.3943,63.6672,0.0],[8.4042,63.6667,0.0],[8.4083,63.6688,4.8862],[8.425,63.6688,0.0],[8.4333,63.6729,0.0],[8.4396,63.6708,1.8523],[8.4479,63.6708,6.3904],[8.4521,63.6729,1.5969],[8.4625,63.6729,2.7643],[8.4688,63.675,0.0],[8.4745,63.6714,4.0931],[8.463,63.6672,0.0],[8.4729,63.6625,0.0],[8.4792,63.6625,0.0],[8.4833,63.6646,3.5444],[8.4875,63.6625,0.0],[8.4938,63.6625,0.0],[8.4979,63.6646,19.1329],[8.5021,63.6625,0.0],[8.5063,63.6625,0.0],[8.5104,63.6646,9.1205],[8.5208,63.6646,0.0],[8.525,63.6667,0.0],[8.5417,63.6667,0.0],[8.55,63.6708,19.9467],[8.5604,63.6688,8.1489],[8.5646,63.6708,9.9457],[8.5688,63.6688,0.0],[8.5766,63.6682,5.9665],[8.5714,63.6651,5.1612],[8.5833,63.6646,0.0],[8.5964,63.6724,12.1105],[8.6042,63.6729,0.0],[8.6083,63.675,18.4188],[8.6125,63.6729,0.0],[8.6167,63.675,27.1058],[8.6229,63.675,0.0],[8.6292,63.6771,18.2456],[8.6333,63.675,0.0],[8.6479,63.675,0.0],[8.6521,63.6771,11.3348],[8.6625,63.6771,0.0],[8.6708,63.6813,0.0],[8.6771,63.6813,7.697],[8.6813,63.6792,0.0],[8.6854,63.6813,7.2718],[8.6958,63.6813,1.1725],[8.7,63.6833,0.0],[8.7063,63.6833,10.5158],[8.7104,63.6813,2.1204],[8.7229,63.6813,0.0],[8.7271,63.6792,0.0],[8.7375,63.6792,0.0],[8.7417,63.6813,2.7428],[8.7495,63.6818,0.0],[8.7521,63.6854,0.0],[8.7536,63.6849,0.0],[8.7547,63.6797,0.0],[8.7563,63.6792,0.0],[8.7589,63.6828,0.0],[8.7667,63.6854,0.0],[8.7771,63.6854,0.0],[8.7813,63.6896,2.2594],[8.7917,63.6896,9.229],[8.7958,63.6875,0.0],[8.8063,63.6937,0.0],[8.8167,63.6937,0.0],[8.8245,63.6964,0.0],[8.8255,63.6995,1.0642],[8.8349,63.7005,0.0],[8.838,63.7099,5.292],[8.8432,63.7109,0.0],[8.8453,63.7203,0.0],[8.838,63.7234,3.4078],[8.8354,63.7292,0.0],[8.8354,63.7333,0.0],[8.838,63.7411,0.0],[8.8432,63.7422,0.0],[8.8432,63.7453,0.0],[8.8359,63.7484,11.9826],[8.837,63.7536,0.0],[8.8214,63.762,0.0],[8.8396,63.7625,0.0],[8.8479,63.7667,2.7685],[8.8542,63.7667,0.0],[8.8557,63.7651,0.0],[8.8505,63.763,0.0],[8.8604,63.7583,1.7706],[8.8786,63.763,3.4168],[8.8901,63.7703,2.9724],[8.8979,63.7708,0.0],[8.9,63.7729,4.9835],[8.8995,63.7745,2.0563],[8.8922,63.7776,10.8139],[8.8932,63.7807,0.0],[8.8875,63.7833,1.575],[8.8813,63.7833,3.0129],[8.8729,63.7792,10.378],[8.8521,63.7792,0.0],[8.8479,63.7771,0.0],[8.8313,63.775,0.0],[8.8292,63.7729,2.4333],[8.8328,63.7693,2.1968],[8.8208,63.7667,0.0],[8.8188,63.7687,0.0],[8.8208,63.7729,0.0],[8.8208,63.7771,0.0],[8.8188,63.7813,0.0],[8.8203,63.7891,0.0],[8.8167,63.7917,19.247],[8.8172,63.7932,21.4024],[8.8224,63.7943,0.0],[8.8224,63.7995,0.0],[8.8167,63.8021,0.0],[8.8125,63.8,0.0],[8.7979,63.8,0.0],[8.7938,63.7979,7.4201],[8.7901,63.7984,0.0],[8.7922,63.8016,0.0],[8.8,63.8063,0.0],[8.8042,63.8042,0.0],[8.8203,63.8047,3.3636],[8.8172,63.8068,0.0],[8.8161,63.8099,0.0],[8.813,63.8109,0.0],[8.8141,63.8141,0.0],[8.8099,63.8161,3.0388],[8.7979,63.8167,0.0],[8.7938,63.8187,0.902],[8.788,63.8182,0.0],[8.7859,63.8151,0.0],[8.7891,63.8141,0.0],[8.7891,63.8089,0.0],[8.7813,63.8063,0.0],[8.7734,63.8057,0.0],[8.7693,63.8036,0.0],[8.7646,63.7979,0.0],[8.7589,63.7984,6.2266],[8.7640999999999991,63.8026,0.0],[8.7640999999999991,63.8057,0.0],[8.7583,63.8083,0.0],[8.7521,63.8083,0.0],[8.7422,63.8057,0.0],[8.7333,63.8,2.5678],[8.7229,63.8,0.0],[8.7167,63.7979,0.0],[8.7151,63.7984,1.2886],[8.7161,63.8016,0.0],[8.7068,63.8026,0.0],[8.712,63.8078,0.0],[8.7047,63.812,0.0],[8.7083,63.8146,5.1591],[8.7141,63.8151,6.8355],[8.7172,63.8182,0.0]]],
[[[8.5526,63.7568,1.8462],[8.5542,63.7562,0.0],[8.5557,63.7578,0.0],[8.5542,63.7583,0.0],[8.5526,63.7568,1.8462]]],
[[[8.5896,63.7625,0.0],[8.5911,63.7641,11.1569],[8.5859,63.7641,3.7172],[8.5859,63.763,0.0],[8.5896,63.7625,0.0]]],
[[[8.6109,63.763,5.7237],[8.6141,63.763,5.232],[8.6141,63.7641,1.9373],[8.6109,63.7641,0.0],[8.6109,63.763,5.7237]]],
[[[8.6042,63.7625,0.0],[8.6057,63.7641,0.0],[8.6005,63.7641,6.8218],[8.6005,63.763,0.0],[8.6042,63.7625,0.0]]],
[[[8.6349,63.7682,1.7035],[8.6271,63.7687,1.2967],[8.6255,63.7672,0.0],[8.6333,63.7667,0.0],[8.6349,63.7682,1.7035]]],
[[[8.6359,63.7693,11.8198],[8.6375,63.7687,0.0],[8.6391,63.7703,7.4661],[8.6375,63.7708,12.7496],[8.6359,63.7693,11.8198]]],
[[[8.9276,63.738,0.8266],[8.925,63.7396,0.0],[8.9167,63.7396,0.0],[8.9125,63.7417,0.0],[8.8917,63.7417,0.0],[8.8875,63.7396,0.0],[8.8797,63.7391,0.0],[8.8729,63.7354,0.0],[8.8667,63.7375,0.0],[8.8646,63.7354,1.8115],[8.8651,63.7339,0.0],[8.8724,63.7307,2.4236],[8.8714,63.7234,0.0],[8.8745,63.7224,0.8462],[8.8755,63.7193,0.0],[8.8813,63.7167,0.0],[8.8854,63.7188,7.0367],[8.9016,63.7214,0.0],[8.9099,63.7276,0.0],[8.9109,63.7307,3.1249],[8.9187,63.7313,0.0],[8.9307,63.7359,1.3019],[8.9276,63.738,0.8266]]],
[[[8.8292,63.7875,3.4898],[8.8255,63.787,0.0],[8.8234,63.7849,0.0],[8.8234,63.7818,0.0],[8.8292,63.7833,3.152],[8.8396,63.7833,0.0],[8.8438,63.7875,0.0],[8.8417,63.7896,0.0],[8.8375,63.7875,0.0],[8.8292,63.7875,3.4898]]],
[[[8.9068,63.7901,0.0],[8.9161,63.7932,1.3899],[8.9104,63.7958,0.0],[8.9042,63.7938,0.0],[8.9,63.7958,4.7687],[8.8958,63.7938,0.0],[8.8839,63.7932,2.4107],[8.887,63.7911,0.0],[8.8859,63.788,0.0],[8.8917,63.7854,0.0],[8.8995,63.7859,0.0],[8.9005,63.7891,2.4882],[8.9042,63.7917,0.4607],[8.9068,63.7901,0.0]]],
[[[8.7833,63.8271,0.0],[8.7797,63.8255,0.0],[8.7875,63.8229,0.0],[8.7901,63.8266,1.6323],[8.7953,63.8286,0.0],[8.7875,63.8292,0.0],[8.7833,63.8271,0.0]]],
[[[8.5891,63.7745,5.6512],[8.5813,63.775,0.0],[8.5792,63.7729,1.8832],[8.5813,63.7708,1.9581],[8.5875,63.7708,0.0],[8.5891,63.7714,0.0],[8.5891,63.7745,5.6512]]],
[[[8.5484,63.7786,0.0],[8.5443,63.7755,0.0],[8.55,63.7729,3.2753],[8.5542,63.775,0.0],[8.5604,63.775,4.5607],[8.5625,63.7771,0.0],[8.562,63.7807,0.0],[8.5604,63.7813,4.2333],[8.5484,63.7786,0.0]]],
[[[8.5911,63.7797,0.0],[8.5896,63.7813,0.0],[8.5818,63.7807,0.0],[8.5833,63.7792,0.0],[8.5911,63.7797,0.0]]],
[[[8.5964,63.7807,4.0797],[8.5979,63.7792,0.0],[8.5995,63.7797,0.0],[8.5995,63.7807,5.466],[8.5964,63.7807,4.0797]]],
[[[8.6458,63.7729,0.0],[8.6495,63.7703,0.0],[8.6484,63.7651,0.0],[8.6578,63.7651,3.3633],[8.6542,63.7687,13.4245],[8.6547,63.7703,0.0],[8.6599,63.7724,0.0],[8.6542,63.775,0.0],[8.6479,63.775,4.7928],[8.6458,63.7729,0.0]]],
[[[8.6604,63.8104,9.6291],[8.6568,63.8089,0.0],[8.6599,63.8078,0.0],[8.6609,63.8047,0.0],[8.6641,63.8047,3.7503],[8.6661,63.8078,0.0],[8.6604,63.8104,9.6291]]],
[[[8.7109,63.812,0.0],[8.7125,63.8104,1.1446],[8.7141,63.8109,0.0],[8.7141,63.812,0.0],[8.7109,63.812,0.0]]],
[[[8.6672,63.8141,0.0],[8.6682,63.8161,17.1017],[8.6667,63.8167,13.3164],[8.663,63.813,0.0],[8.6646,63.8125,0.0],[8.6672,63.8141,0.0]]],
[[[8.6833,63.825,0.0],[8.6797,63.8214,5.2532],[8.6854,63.8187,0.0],[8.6891,63.8214,0.0],[8.6891,63.8224,2.1865],[8.6833,63.825,0.0]]],
[[[8.6109,63.8245,3.7433],[8.6125,63.8229,6.6821],[8.6141,63.8234,0.0],[8.6125,63.825,0.0],[8.6109,63.8245,3.7433]]],
[[[8.6063,63.8521,0.0],[8.6026,63.8484,0.0],[8.6083,63.8458,0.0],[8.612,63.8464,0.0],[8.612,63.8495,0.0],[8.6063,63.8521,0.0]]],
[[[8.6089,63.8526,0.0],[8.6208,63.8521,0.0],[8.6224,63.8536,1.2417],[8.6167,63.8563,0.0],[8.6005,63.8557,0.0],[8.6089,63.8526,0.0]]],
[[[8.6109,63.8599,0.0],[8.6125,63.8583,0.0],[8.6141,63.8589,0.0],[8.6125,63.8604,0.0],[8.6109,63.8599,0.0]]],
[[[8.6438,63.8667,0.0],[8.6422,63.8682,0.0],[8.6516,63.8693,0.0],[8.6516,63.8724,0.0],[8.6375,63.8792,0.0],[8.6255,63.8766,0.0],[8.6193,63.8724,0.0],[8.6208,63.8708,0.0],[8.6286,63.8703,0.0],[8.6276,63.8672,0.0],[8.6333,63.8646,0.0],[8.6391,63.8641,0.0],[8.6474,63.8599,0.0],[8.6479,63.8583,0.0],[8.6458,63.8563,12.3821],[8.6339,63.8557,0.0],[8.6339,63.8526,0.0],[8.637,63.8505,0.0],[8.6276,63.8516,0.0],[8.6266,63.8484,0.0],[8.6214,63.8474,0.0],[8.6214,63.8422,2.3134],[8.6313,63.8417,0.0],[8.6417,63.8458,2.273],[8.6479,63.8438,0.0],[8.6536,63.8464,0.0],[8.6563,63.8542,0.0],[8.6526,63.8578,0.0],[8.6661,63.8589,0.0],[8.6682,63.8609,0.0],[8.6693,63.8661,0.0],[8.6745,63.8703,9.6682],[8.6688,63.8729,0.0],[8.6661,63.8693,0.0],[8.6583,63.8667,13.7835],[8.6438,63.8667,0.0]]],
[[[8.6984,63.8641,0.0],[8.7,63.8625,2.8522],[8.7016,63.863,0.0],[8.7,63.8646,0.0],[8.6984,63.8641,0.0]]],
[[[8.6958,63.8667,0.0],[8.6917,63.8688,0.0],[8.688,63.8651,15.9955],[8.6974,63.8651,0.0],[8.6958,63.8667,0.0]]],
[[[8.4229,63.8479,3.8482],[8.4208,63.85,0.0],[8.4188,63.8479,6.4875],[8.4208,63.8458,0.0],[8.4229,63.8479,3.8482]]],
[[[8.4932,63.8453,0.0],[8.4854,63.8458,2.2616],[8.4833,63.8438,0.0],[8.4854,63.8417,3.2579],[8.4932,63.8453,0.0]]],
[[[8.5979,63.8438,18.0549],[8.6042,63.8438,0.0],[8.6057,63.8453,0.0],[8.5958,63.8479,0.0],[8.588,63.8453,0.0],[8.5896,63.8438,0.0],[8.5979,63.8438,18.0549]]],
[[[8.4922,63.8578,0.0],[8.4922,63.8568,0.0],[8.4953,63.8568,0.0],[8.4953,63.8578,0.9461],[8.4922,63.8578,0.0]]],
[[[8.6083,63.8688,0.0],[8.5917,63.8688,4.8986],[8.5875,63.8708,0.0],[8.5755,63.8661,0.0],[8.5786,63.863,0.0],[8.5693,63.8599,7.3602],[8.5724,63.8578,5.1437],[8.5714,63.8526,0.0],[8.5849,63.8526,0.0],[8.588,63.862,0.0],[8.6,63.8625,0.0],[8.612,63.8672,0.0],[8.6083,63.8688,0.0]]],
[[[8.5437,63.8625,0.0],[8.5359,63.8599,0.0],[8.5359,63.8568,0.0],[8.5417,63.8563,0.0],[8.5458,63.8583,0.0],[8.5521,63.8583,0.0],[8.5599,63.8609,0.0],[8.5604,63.8646,8.7605],[8.5599,63.8661,14.7641],[8.5542,63.8688,0.0],[8.5516,63.8651,6.6602],[8.5437,63.8625,0.0]]],
[[[8.5651,63.8641,0.0],[8.5667,63.8625,6.4355],[8.5682,63.863,7.4035],[8.5667,63.8646,0.0],[8.5651,63.8641,0.0]]],
[[[8.537,63.863,0.0],[8.5354,63.8646,3.9484],[8.5276,63.8641,0.0],[8.5292,63.8625,2.5479],[8.537,63.863,0.0]]],
[[[8.5708,63.8729,0.0],[8.5667,63.875,2.4632],[8.5563,63.875,0.0],[8.5521,63.8771,0.0],[8.5495,63.8734,17.5728],[8.538,63.8693,7.1153],[8.55,63.8688,0.0],[8.5542,63.8708,1.8113],[8.5724,63.8714,0.0],[8.5708,63.8729,0.0]]],
[[[8.5208,63.8875,3.3833],[8.5151,63.887,0.0],[8.5151,63.8839,0.0],[8.5208,63.8833,0.0],[8.5245,63.8859,0.0],[8.5208,63.8875,3.3833]]],
[[[10.4107,63.7237,301.7831],[10.4092,63.7282,279.5075],[10.4192,63.7288,345.8192],[10.4177,63.7332,407.3065],[10.4278,63.7339,433.3981],[10.4263,63.7383,257.0375],[10.4363,63.739,337.9048],[10.4348,63.7434,261.996],[10.4449,63.7441,300.7833],[10.4418,63.753,169.6286],[10.4519,63.7536,171.8074],[10.4489,63.7625,208.2314],[10.4589,63.7632,168.2038],[10.4559,63.7721,513.2214],[10.466,63.7727,321.7321],[10.463,63.7816,386.7033],[10.4731,63.7822,398.5575],[10.4701,63.7911,442.2794],[10.4801,63.7918,377.3536],[10.4771,63.8007,331.692],[10.4872,63.8013,355.6889],[10.4842,63.8102,366.4314],[10.4943,63.8108,377.1941],[10.4913,63.8197,310.794],[10.5013,63.8204,338.8289],[10.4998,63.8248,293.5877],[10.5099,63.8255,313.3557],[10.5069,63.8344,344.422],[10.517,63.835,329.2993],[10.514,63.8439,361.0888],[10.5241,63.8445,375.4914],[10.5211,63.8534,350.0083],[10.5312,63.8541,369.3825],[10.5297,63.8585,406.1759],[10.5398,63.8592,415.9879],[10.5383,63.8636,414.4759],[10.5484,63.8643,437.7539],[10.5454,63.8731,395.6609],[10.5555,63.8738,403.5171],[10.554,63.8782,386.6144],[10.5641,63.8789,395.512],[10.5626,63.8833,408.986],[10.5727,63.884,439.3921],[10.5697,63.8928,464.9711],[10.5798,63.8935,482.9464],[10.5783,63.8979,463.0713],[10.5884,63.8986,508.182],[10.5869,63.903,471.5173],[10.597,63.9037,497.2656],[10.594,63.9126,541.9352],[10.6244,63.9145,527.0796],[10.6229,63.9189,480.8808],[10.6431,63.9202,486.0648],[10.6416,63.9246,455.9872],[10.6618,63.9259,389.2781],[10.6604,63.9304,377.5681],[10.6806,63.9316,356.0943],[10.6791,63.9361,372.2268],[10.6994,63.9374,360.8589],[10.6979,63.9418,367.5493],[10.708,63.9424,445.5673],[10.7065,63.9469,348.5681],[10.7166,63.9475,503.5866],[10.7152,63.952,486.5971],[10.7253,63.9526,539.2997],[10.7224,63.9615,538.8073],[10.7325,63.9621,508.539],[10.731,63.9666,519.2235],[10.7411,63.9672,444.5867],[10.7397,63.9717,424.1292],[10.7498,63.9723,390.541],[10.7483,63.9767,367.6],[10.7585,63.9774,352.477],[10.7555,63.9863,359.3063],[10.7657,63.9869,335.5306],[10.7642,63.9913,285.4161],[10.7743,63.992,277.8107],[10.7729,63.9964,264.4081],[10.783,63.997,271.113],[10.7772,64.0148,259.5],[10.767,64.0142,265.5489],[10.7611,64.032,335.2408],[10.7713,64.0326,295.8742],[10.7698,64.037,379.2166],[10.78,64.0377,316.1788],[10.7785,64.0421,462.4672],[10.7887,64.0428,369.9175],[10.7872,64.0472,485.3511],[10.7974,64.0478,389.7907],[10.7959,64.0523,387.6801],[10.8162,64.0535,305.838],[10.8147,64.058,312.407],[10.8249,64.0586,384.526],[10.8205,64.0719,327.0078],[10.8307,64.0726,330.3946],[10.8263,64.0859,294.4201],[10.8365,64.0865,323.7212],[10.8336,64.0954,324.9606],[10.8641,64.0973,454.4985],[10.8626,64.1018,494.7687],[10.8728,64.1024,553.3111],[10.867,64.1202,541.8894],[10.7957,64.1158,574.4453],[10.7942,64.1202,559.8074],[10.784,64.1196,585.8732],[10.7781,64.1374,508.5976],[10.7679,64.1367,528.1429],[10.7605,64.159,347.8179],[10.7503,64.1583,346.3431],[10.7444,64.1761,452.7581],[10.7546,64.1768,550.3013],[10.7531,64.1812,590.3614],[10.7736,64.1825,425.9802],[10.7721,64.1869,398.6887],[10.7925,64.1882,523.8384],[10.791,64.1926,487.8085],[10.8114,64.1939,508.9132],[10.81,64.1983,501.2242],[10.8406,64.2002,445.5483],[10.8392,64.2047,411.0331],[10.88,64.2072,499.6126],[10.8786,64.2116,487.6301],[10.899,64.2129,425.224],[10.8961,64.2217,311.0732],[10.9063,64.2224,257.9893],[10.9034,64.2313,231.5992],[10.9136,64.2319,278.4508],[10.9092,64.2452,233.2801],[10.9195,64.2459,247.5093],[10.9166,64.2547,197.3863],[10.9268,64.2554,215.1877],[10.9224,64.2687,395.0531],[10.9327,64.2693,334.2179],[10.9297,64.2782,435.5331],[10.9195,64.2776,453.7094],[10.918,64.2821,354.2951],[10.8975,64.2808,282.712],[10.8961,64.2853,326.3048],[10.8756,64.284,416.4997],[10.8741,64.2885,436.8182],[10.8536,64.2872,490.0753],[10.8521,64.2916,494.4541],[10.8316,64.2904,414.3322],[10.8302,64.2948,422.7289],[10.8097,64.2936,486.0574],[10.8082,64.298,328.5045],[10.7979,64.2974,292.0532],[10.7964,64.3018,349.0948],[10.7862,64.3012,362.4336],[10.7832,64.3101,412.9953],[10.773,64.3095,440.6059],[10.7715,64.3139,448.0417],[10.7612,64.3133,434.7863],[10.7597,64.3177,428.9484],[10.7495,64.3171,372.0162],[10.7465,64.326,394.8891],[10.7362,64.3254,443.1797],[10.7347,64.3298,409.6586],[10.7245,64.3292,425.8469],[10.7215,64.3381,400.9657],[10.7112,64.3374,281.624],[10.7037,64.3597,398.3323],[10.6935,64.359,149.0362],[10.692,64.3635,189.0048],[10.6817,64.3628,45.1165],[10.6787,64.3717,231.6376],[10.6684,64.3711,201.2808],[10.6669,64.3755,372.3548],[10.6566,64.3749,392.0689],[10.6551,64.3793,198.2184],[10.6448,64.3787,210.8222],[10.6433,64.3831,112.0007],[10.6245,64.382,31.5581],[10.6229,64.3792,6.7712],[10.6234,64.3755,30.9115],[10.6307,64.3745,65.3183],[10.6307,64.3714,0.0],[10.6229,64.3708,0.0],[10.6151,64.3682,13.8644],[10.613,64.3651,14.2212],[10.6188,64.3625,0.0],[10.6292,64.3646,6.3598],[10.6333,64.3604,0.0],[10.6438,64.3604,0.0],[10.6583,64.3646,30.7321],[10.6625,64.3625,0.0],[10.6771,64.3625,0.0],[10.6828,64.3588,54.3287],[10.6708,64.3542,293.2932],[10.6438,64.3542,0.0],[10.6422,64.3536,0.0],[10.6411,64.3484,16.9198],[10.639099999999999,64.3464,144.3504],[10.6313,64.3438,0.0],[10.6229,64.3438,7.2196],[10.612,64.3495,80.1195],[10.6026,64.3505,172.5433],[10.5995,64.3536,0.0],[10.588,64.3588,153.0833],[10.5891,64.3641,0.0],[10.5833,64.3667,27.4936],[10.5771,64.3667,102.9774],[10.5646,64.3708,0.0],[10.5583,64.3688,61.7887],[10.5542,64.3708,14.3681],[10.55,64.3708,32.5087],[10.5458,64.3688,51.1402],[10.5375,64.3729,7.5941],[10.5271,64.3729,35.2695],[10.5229,64.375,0.0],[10.5167,64.3729,89.7593],[10.5109,64.3745,0.0],[10.5109,64.3714,9.0448],[10.514099999999999,64.3703,70.6218],[10.513,64.3672,4.633],[10.5167,64.3646,2.2534],[10.514099999999999,64.3588,162.5743],[10.5089,64.3568,0.0],[10.5188,64.3521,0.0],[10.5307,64.3516,48.4106],[10.5443,64.3443,0.0],[10.5516,64.3432,0.0],[10.5682,64.3349,0.0],[10.5714,64.3318,0.0],[10.5807,64.3307,85.0281],[10.5797,64.3276,97.2576],[10.5828,64.3266,91.0986],[10.5813,64.325,286.2562],[10.5771,64.325,230.5844],[10.5729,64.3271,16.5124],[10.5625,64.3271,27.7801],[10.5599,64.3307,130.2682],[10.5359,64.3359,195.6194],[10.537,64.3411,0.0],[10.5292,64.3417,93.5481],[10.5109,64.3464,54.1401],[10.5099,64.3495,50.1325],[10.4958,64.3562,6.3678],[10.4771,64.3583,0.0],[10.4714,64.3557,24.2659],[10.4693,64.3526,3.7012],[10.4854,64.35,37.2524],[10.4922,64.3464,28.0344],[10.4995,64.3453,0.0],[10.512,64.338,9.3167],[10.5042,64.3375,38.5232],[10.5,64.3396,2.4273],[10.4938,64.3375,164.0681],[10.4839,64.3422,77.4808],[10.4849,64.3453,0.0],[10.4833,64.3458,0.0],[10.4688,64.3458,38.1971],[10.4505,64.3516,31.4324],[10.4484,64.3484,22.2934],[10.4521,64.3458,0.0],[10.4505,64.3401,11.0012],[10.4563,64.3375,0.0],[10.4703,64.3349,0.0],[10.475,64.3313,0.0],[10.4729,64.3292,58.1762],[10.4688,64.3313,0.0],[10.4625,64.3313,0.0],[10.4583,64.3292,23.3226],[10.4521,64.3313,0.0],[10.4464,64.3287,2.2914],[10.4443,64.3255,0.0],[10.4599,64.3182,0.0],[10.4604,64.3167,0.0],[10.4578,64.313,12.3826],[10.4484,64.312,0.0],[10.451599999999999,64.3089,0.0],[10.4464,64.3068,0.0],[10.4557,64.3057,0.0],[10.4547,64.3026,0.0],[10.4563,64.3021,0.0],[10.4667,64.3042,0.0],[10.475,64.3,0.0],[10.4896,64.3042,0.0],[10.4958,64.3042,0.0],[10.4974,64.3037,0.0],[10.4974,64.3005,0.0],[10.4859,64.2963,3.4548],[10.4938,64.2958,0.0],[10.4995,64.2974,0.0],[10.4995,64.2943,41.6176],[10.4974,64.2922,11.2626],[10.4896,64.2875,142.1935],[10.4812,64.2917,0.0],[10.4672,64.2943,0.0],[10.4604,64.2979,34.1417],[10.4458,64.2979,0.0],[10.4417,64.2958,0.0],[10.4354,64.2958,85.2306],[10.4313,64.2979,82.9712],[10.4208,64.2979,0.0],[10.4167,64.2958,49.9859],[10.4104,64.2958,15.7541],[10.4057,64.2901,26.1226],[10.4026,64.2891,0.0],[10.4057,64.2859,62.5278],[10.4016,64.2797,0.0],[10.3938,64.2792,3.1516],[10.3917,64.2771,0.0],[10.3922,64.2755,0.0],[10.413,64.2651,0.0],[10.4188,64.2646,56.8767],[10.4245,64.262,84.0902],[10.4224,64.2547,0.0],[10.413,64.2547,0.0],[10.4047,64.2589,33.799],[10.4057,64.262,0.0],[10.4016,64.2641,41.1653],[10.3922,64.2651,200.3745],[10.3932,64.2703,0.0],[10.3859,64.2734,57.2183],[10.387,64.2766,0.0],[10.3797,64.2797,0.0],[10.3786,64.2828,0.0],[10.3667,64.2833,81.2985],[10.3625,64.2813,17.5187],[10.3547,64.2807,0.0],[10.3547,64.2776,0.0],[10.3583,64.275,2.3483],[10.3557,64.2714,22.857],[10.3438,64.2729,0.0],[10.3411,64.2693,0.0],[10.3359,64.2682,0.0],[10.3401,64.2651,0.0],[10.3474,64.2641,0.0],[10.3484,64.2609,10.9086],[10.3557,64.2599,1.7604],[10.3557,64.2568,1.8507],[10.3438,64.2562,8.527],[10.3349,64.2505,0.0],[10.3271,64.2479,8.0719],[10.3021,64.2479,15.6155],[10.288,64.2432,0.0],[10.287,64.2401,6.2138],[10.2818,64.2391,10.4102],[10.2807,64.2359,4.6518],[10.2755,64.2349,6.8758],[10.2839,64.2297,0.0],[10.2911,64.2286,9.3739],[10.3104,64.2208,0.0],[10.325,64.2208,80.4462],[10.3292,64.2188,0.0],[10.3396,64.2188,98.2574],[10.3729,64.2083,0.0],[10.3849,64.2078,80.6297],[10.3839,64.2047,0.0],[10.3911,64.2016,0.0],[10.3911,64.1964,46.0971],[10.387,64.1901,103.6281],[10.3755,64.1828,0.0],[10.3745,64.1797,0.0],[10.3667,64.1771,0.0],[10.3609,64.1797,0.0],[10.3609,64.1828,0.0],[10.363,64.1849,0.0],[10.3682,64.1859,0.0],[10.3708,64.1937,0.0],[10.3703,64.1974,0.0],[10.3641,64.2016,0.0],[10.3563,64.2021,20.3435],[10.3521,64.2042,5.9996],[10.3396,64.2042,85.9227],[10.3354,64.2063,0.0],[10.325,64.2063,56.3111],[10.3208,64.2083,8.5998],[10.3104,64.2083,7.6387],[10.3063,64.2104,25.365],[10.3021,64.2104,17.0949],[10.2943,64.2068,0.0],[10.3,64.2042,0.0],[10.3057,64.2037,0.0],[10.3057,64.1984,0.0],[10.2979,64.1979,52.5788],[10.2922,64.2005,0.0],[10.2911,64.2037,0.0],[10.2875,64.2063,0.0],[10.2771,64.2063,0.0],[10.2625,64.2021,112.4662],[10.2563,64.2021,67.2843],[10.2521,64.2042,28.3223],[10.2484,64.2016,0.0],[10.2521,64.1979,0.0],[10.2505,64.1922,0.0],[10.2563,64.1896,0.0],[10.2682,64.1891,50.7919],[10.2646,64.1854,0.0],[10.2542,64.1854,19.3476],[10.2443,64.188,99.1597],[10.2453,64.1932,0.0],[10.2286,64.2016,19.6678],[10.2188,64.2021,0.0],[10.2146,64.2042,0.0],[10.2042,64.2042,0.0],[10.2005,64.2016,0.0],[10.1995,64.1964,6.7702],[10.1943,64.1953,0.0],[10.1943,64.1922,0.0],[10.1974,64.1901,0.0],[10.1922,64.187,0.0],[10.1901,64.1839,0.0],[10.1958,64.1813,11.3667],[10.212,64.1807,0.0],[10.2161,64.1787,21.6392],[10.2151,64.1755,5.7873],[10.2167,64.175,0.0],[10.2245,64.1766,3.4832],[10.2245,64.1734,5.6432],[10.2193,64.1724,0.0],[10.2146,64.1604,7.1992],[10.2151,64.1589,0.0],[10.2224,64.1578,51.7438],[10.2234,64.1547,0.0],[10.2266,64.1536,117.6777],[10.2245,64.1484,0.0],[10.2068,64.1484,62.9605],[10.1901,64.1568,0.7792],[10.1953,64.1589,0.0],[10.1958,64.1625,13.2662],[10.1891,64.1682,0.0],[10.175,64.175,8.2242],[10.1646,64.175,0.0],[10.1609,64.1703,0.0],[10.1641,64.1672,0.0],[10.1589,64.1651,0.0],[10.1661,64.162,0.0],[10.1672,64.1589,0.0],[10.1745,64.1578,0.0],[10.1786,64.1547,0.0],[10.1734,64.1536,0.0],[10.1724,64.1484,0.0],[10.1703,64.1464,0.0],[10.1542,64.1458,0.0],[10.1453,64.1401,0.0],[10.1297,64.1349,0.0],[10.1276,64.1328,0.7877],[10.1266,64.1276,2.7747],[10.1214,64.1266,13.2691],[10.1193,64.1224,0.0],[10.1266,64.1182,9.5923],[10.1276,64.1151,0.0],[10.1359,64.1109,0.0],[10.1458,64.1104,8.1935],[10.1557,64.1078,0.0],[10.1625,64.1042,0.0],[10.1729,64.1042,46.0592],[10.1771,64.1021,0.0],[10.1812,64.1042,0.0],[10.1875,64.1042,14.2119],[10.1917,64.1021,0.0],[10.2104,64.1021,0.0],[10.2208,64.1062,11.7933],[10.225,64.1042,0.0],[10.2339,64.1099,0.0],[10.2479,64.1146,28.33],[10.2599,64.1141,26.4826],[10.2547,64.1109,0.0],[10.2578,64.1099,105.0898],[10.2568,64.1068,0.0],[10.2599,64.1047,157.6646],[10.2542,64.1021,0.0],[10.2479,64.1021,0.0],[10.2438,64.1042,0.0],[10.2396,64.1021,59.8183],[10.2333,64.1021,0.0],[10.2307,64.0984,62.83],[10.2229,64.0958,185.3701],[10.2167,64.0958,17.7025],[10.2063,64.0917,33.7869],[10.2,64.0917,0.0],[10.1792,64.0833,55.0636],[10.1714,64.0828,0.0],[10.1703,64.0776,0.0],[10.1688,64.0771,0.0],[10.1583,64.0813,9.0347],[10.1542,64.0813,0.0],[10.1464,64.0787,0.0],[10.1453,64.0734,0.0],[10.1401,64.0724,0.0],[10.1354,64.0687,0.0],[10.1297,64.0693,0.0],[10.1292,64.0708,22.4036],[10.1297,64.0724,0.0],[10.1349,64.0734,0.0],[10.1359,64.0766,0.0],[10.1411,64.0776,0.0],[10.138,64.0797,0.0],[10.137,64.0828,0.0],[10.1255,64.0839,18.3381],[10.112,64.0911,0.0],[10.1047,64.0922,94.2098],[10.0813,64.1042,0.0],[10.0771,64.1042,0.0],[10.0729,64.1062,0.0],[10.0625,64.1062,0.0],[10.0479,64.1,0.0],[10.0417,64.1021,0.0],[10.0375,64.1,6.6289],[10.0297,64.0995,0.0],[10.0297,64.0943,3.7019],[10.0328,64.0922,11.7451],[10.0276,64.0901,0.0],[10.0307,64.088,0.0],[10.0271,64.0854,0.0],[10.0151,64.0849,0.0],[10.0151,64.0818,0.0],[10.0182,64.0807,0.0],[10.0172,64.0776,0.0],[10.0245,64.0745,0.0],[10.0255,64.0714,0.0],[10.037,64.0661,12.028],[10.0359,64.063,0.0],[10.0396,64.0625,0.0],[10.0396,64.0604,0.0],[10.0495,64.0599,34.2367],[10.0557,64.0557,0.0],[10.0568,64.0526,18.3574],[10.0609,64.0505,0.0],[10.0641,64.0505,0.0],[10.0688,64.0542,0.0],[10.0729,64.0542,0.0],[10.0786,64.0505,0.0],[10.0734,64.0495,0.0],[10.0724,64.0443,51.4741],[10.0646,64.0417,28.1268],[10.0583,64.0417,0.0],[10.0542,64.0396,0.0],[10.0359,64.037,0.0],[10.0458,64.0333,0.0],[10.0536,64.0328,27.709],[10.0516,64.0297,0.0],[10.0422,64.0286,0.0],[10.0495,64.0214,0.0],[10.0417,64.0208,47.9748],[10.0401,64.0214,39.9509],[10.0411,64.0245,0.0],[10.0396,64.025,0.0],[10.0208,64.0271,0.0],[10.0172,64.0245,0.0],[10.0161,64.0214,0.0],[10.0083,64.0208,0.0],[10.0005,64.0172,0.0],[10.0224,64.0141,3.5391],[10.0224,64.0109,0.0],[10.0208,64.0104,0.0],[10.0068,64.0099,0.0],[10.0068,64.0068,0.0],[10.0151,64.0026,0.0],[10.0224,64.0016,23.4388],[10.025,63.9979,0.0],[10.0333,63.9979,0.0],[10.0417,63.9938,0.0],[10.0474,63.9932,28.1187],[10.0484,63.9901,0.0],[10.0542,63.9896,0.0],[10.0557,63.988,31.8466],[10.0479,63.9875,0.0],[10.0438,63.9854,170.4631],[10.0354,63.9896,8.7826],[10.0297,63.9901,64.7567],[10.0271,63.9938,0.0],[10.0188,63.9938,0.0],[10.012,63.9974,0.0],[10.0021,64.0,0.0],[9.9943,63.9995,0.0],[9.9922,63.9922,0.0],[9.9979,63.9917,1.538],[10.0036,63.9891,0.0],[10.0021,63.9875,0.0],[9.9943,63.987,0.0],[9.9943,63.9839,0.0],[9.9974,63.9828,26.8554],[9.9964,63.9797,0.0],[9.9995,63.9776,0.0],[9.9875,63.9771,0.0],[9.9833,63.975,15.3473],[9.9755,63.9745,2.8075],[9.9786,63.9714,0.0],[9.9693,63.9682,9.1668],[9.9682,63.9651,0.0],[9.963,63.9641,0.0],[9.962,63.9609,4.5893],[9.9505,63.9578,0.0],[9.9542,63.9542,0.0],[9.9536,63.9505,0.0],[9.9515999999999991,63.9484,0.0],[9.9438,63.9479,2.4552],[9.938,63.9443,0.0],[9.9542,63.9437,0.0],[9.9568,63.9474,0.0],[9.9646,63.95,0.0],[9.9708,63.95,0.0],[9.975,63.9521,0.0],[9.9854,63.9521,0.0],[9.9896,63.9542,12.2263],[10.0,63.9542,0.0],[10.0104,63.9583,0.0],[10.025,63.9604,0.0],[10.0313,63.9646,10.6288],[10.0354,63.9625,0.0],[10.0417,63.9646,0.0],[10.0432,63.9641,0.0],[10.0422,63.9609,0.0],[10.05,63.9604,0.0],[10.063,63.9661,9.9647],[10.0708,63.9667,0.0],[10.075,63.9688,0.0],[10.0792,63.9646,0.0],[10.0833,63.9667,2.0426],[10.087,63.9661,0.0],[10.0849,63.963,0.0],[10.0755,63.9568,0.0],[10.0813,63.9562,0.0],[10.0958,63.9625,3.4977],[10.1021,63.9625,0.0],[10.1036,63.9609,0.0],[10.0984,63.9599,0.0],[10.1016,63.9578,0.0],[10.1016,63.9547,0.0],[10.0922,63.9516,0.0],[10.0875,63.9458,0.0],[10.0833,63.9479,0.0],[10.0667,63.9479,0.0],[10.0417,63.9396,5.2583],[10.0313,63.9396,0.0],[10.0271,63.9375,7.4359],[10.0208,63.9375,0.0],[10.0182,63.9339,0.0],[10.0104,63.9313,0.0],[10.0026,63.9307,0.0],[9.9937,63.925,16.5056],[9.9833,63.925,0.0],[9.9792,63.9271,0.0],[9.9771,63.925,6.2174],[9.9807,63.9224,0.0],[9.9792,63.9208,0.0],[9.9688,63.9208,0.0],[9.9646,63.9229,0.0],[9.9568,63.9203,0.0],[9.9563,63.9188,0.0],[9.9568,63.9172,0.0],[9.9641,63.9141,0.0],[9.962,63.9109,1.0178],[9.95,63.9104,0.0],[9.9396,63.9063,5.689],[9.9333,63.9063,0.0],[9.9318,63.9047,5.9066],[9.9583,63.9042,0.0],[9.9667,63.9,0.0],[9.9813,63.9021,0.0],[9.9891,63.9047,0.0],[9.9859,63.9078,5.6265],[9.9979,63.9083,0.0],[10.0005,63.912,10.2393],[10.0057,63.913,0.0],[10.0026,63.9151,4.3953],[10.0026,63.9182,18.6458],[10.0167,63.9188,0.0],[10.0271,63.925,0.0],[10.0375,63.925,0.0],[10.0417,63.9271,0.0],[10.0443,63.9234,0.0],[10.0526,63.9193,0.0],[10.0583,63.9188,0.0],[10.0688,63.9229,0.0],[10.0792,63.9229,0.0],[10.087,63.9255,0.0],[10.0911,63.9276,0.0],[10.0938,63.9313,0.0],[10.0901,63.9339,0.0],[10.0901,63.937,0.0],[10.0953,63.938,0.0],[10.0984,63.9453,0.0],[10.1,63.9458,0.0],[10.1125,63.9396,0.0],[10.1167,63.9417,0.0],[10.1292,63.9417,0.0],[10.1333,63.9437,0.0],[10.1396,63.9437,0.0],[10.1516,63.9484,0.0],[10.1542,63.9521,26.5911],[10.1604,63.95,0.0],[10.175,63.9562,1.8523],[10.187,63.9557,20.0363],[10.1854,63.9521,0.0],[10.1875,63.95,0.0],[10.1953,63.9505,0.0],[10.1979,63.9542,0.0],[10.2057,63.9536,0.0],[10.2005,63.938,0.0],[10.2063,63.9354,0.0],[10.2125,63.9375,43.1239],[10.2224,63.9349,33.77],[10.2203,63.9276,0.0],[10.2182,63.9255,0.0],[10.2063,63.925,0.0],[10.2021,63.9271,0.0],[10.1979,63.9271,0.0],[10.188,63.9318,43.382],[10.1891,63.937,0.0],[10.1849,63.9391,33.5628],[10.175,63.9417,9.3676],[10.1646,63.9417,0.0],[10.162,63.938,0.0],[10.1568,63.937,0.0],[10.1557,63.9339,0.0],[10.1479,63.9333,25.5528],[10.1438,63.9313,0.0],[10.1333,63.9313,0.0],[10.1292,63.9292,0.0],[10.1188,63.9292,0.0],[10.1151,63.9266,11.0829],[10.1182,63.9234,0.0],[10.1,63.9208,58.7642],[10.0917,63.9167,255.937],[10.0604,63.9146,0.0],[10.0563,63.9125,7.7083],[10.0458,63.9125,0.0],[10.0417,63.9104,42.3112],[10.0354,63.9104,0.0],[10.0234,63.9057,23.5776],[10.0188,63.9021,144.4037],[10.0125,63.9021,17.9454],[9.9979,63.8958,104.4542],[9.9859,63.8953,0.0],[9.9828,63.8901,0.0],[9.9734,63.887,0.0],[9.9724,63.8839,28.335],[9.9583,63.8792,54.2649],[9.9438,63.8771,0.0],[9.9333,63.8729,2.5914],[9.9313,63.875,0.0],[9.9318,63.8786,0.0],[9.9396,63.8792,0.0],[9.9458,63.8833,13.8378],[9.9536,63.8839,0.0],[9.9536,63.8891,18.9721],[9.9479,63.8875,0.0],[9.9458,63.8896,0.0],[9.9464,63.8911,0.0],[9.9515999999999991,63.8922,0.0],[9.9557,63.8953,14.1944],[9.95,63.8979,0.0],[9.9396,63.8917,0.0],[9.9292,63.8917,2.8696],[9.9234,63.8943,11.1065],[9.9245,63.8974,0.0],[9.9208,63.8979,0.0],[9.9021,63.8896,0.0],[9.8958,63.8917,24.5393],[9.8875,63.8917,0.0],[9.8833,63.8896,0.0],[9.8771,63.8896,0.0],[9.8745,63.8932,0.0],[9.863,63.8943,0.0],[9.8641,63.8995,0.0],[9.8563,63.9,0.0],[9.8354,63.8917,26.5439],[9.8276,63.8911,5.551],[9.8276,63.888,0.0],[9.8307,63.8859,0.0],[9.8286,63.8818,13.4439],[9.8255,63.8807,0.0],[9.8271,63.8792,11.4864],[9.8411,63.8786,0.0],[9.8396,63.8771,0.0],[9.8318,63.8766,0.0],[9.8297,63.8693,0.0],[9.8417,63.8688,11.5052],[9.8474,63.8661,5.6514],[9.8464,63.863,0.0],[9.8557,63.862,0.0],[9.8516,63.8547,6.7361],[9.8443,63.8557,0.0],[9.8443,63.8526,0.0],[9.8495,63.8495,0.0],[9.8495,63.8464,5.6595],[9.8479,63.8458,0.0],[9.8422,63.8484,8.1281],[9.8396,63.8521,0.0],[9.8271,63.8521,0.0],[9.8214,63.8547,0.0],[9.8203,63.8599,0.0],[9.8172,63.8609,32.0864],[9.8188,63.8646,0.0],[9.8167,63.8667,0.0],[9.8021,63.8646,0.0],[9.7979,63.8625,0.0],[9.7917,63.8625,0.0],[9.7875,63.8604,8.2761],[9.7813,63.8604,0.0],[9.7771,63.8583,3.208],[9.7708,63.8583,0.0],[9.7667,63.8563,0.0],[9.7651,63.8568,0.0],[9.7641,63.862,0.0],[9.7547,63.8672,0.0],[9.7589,63.8703,0.0],[9.7641,63.8714,0.0],[9.7625,63.8729,2.9587],[9.7375,63.8729,0.0],[9.7333,63.8688,6.2837],[9.7271,63.8688,0.0],[9.7229,63.8708,0.0],[9.7131,63.8703,0.3455],[9.7203,63.8672,0.0],[9.7151,63.8661,0.0],[9.7125,63.8625,2.1425],[9.7083,63.8646,0.0],[9.7047,63.8641,0.0],[9.7036,63.8609,0.6017],[9.6984,63.8599,0.0],[9.6979,63.8563,0.0],[9.7042,63.8542,0.0],[9.7146,63.8583,0.0],[9.725,63.8583,0.0],[9.7292,63.8604,0.0],[9.7307,63.8599,0.0],[9.7307,63.8568,0.0],[9.7229,63.8563,0.0],[9.7151,63.8536,0.0],[9.7141,63.8505,0.0],[9.7063,63.85,0.0],[9.7021,63.8479,3.68],[9.6901,63.8495,0.0],[9.6797,63.8453,0.0],[9.6786,63.8422,5.4627],[9.6734,63.8411,0.0],[9.6724,63.838,0.0],[9.6672,63.837,0.0],[9.6661,63.8339,0.0],[9.6479,63.8333,6.1025],[9.6438,63.8292,2.5842],[9.6318,63.8286,0.0],[9.6307,63.8255,0.0],[9.6224,63.8193,0.0],[9.613,63.8182,0.0],[9.6125,63.8146,0.0],[9.613,63.813,0.0],[9.6188,63.8125,0.0],[9.6292,63.8167,0.896],[9.6354,63.8167,0.0],[9.6438,63.8208,2.8376],[9.6542,63.8208,0.0],[9.6583,63.8187,0.0],[9.6646,63.8187,0.0],[9.6688,63.8208,0.0],[9.6771,63.8208,0.0],[9.6786,63.8193,0.0],[9.6729,63.8187,0.0],[9.6625,63.8146,13.9453],[9.6547,63.8141,0.0],[9.6547,63.8109,3.6229],[9.6578,63.8089,0.0],[9.6542,63.8063,5.3601],[9.65,63.8063,0.0],[9.6458,63.8083,0.0],[9.6417,63.8063,13.8261],[9.6292,63.8063,0.0],[9.6208,63.8021,4.8859],[9.6089,63.8016,0.0],[9.6068,63.7984,0.0],[9.6099,63.7974,0.0],[9.6104,63.7938,0.0],[9.6078,63.7901,3.567],[9.5859,63.7891,0.0],[9.5828,63.7839,0.0],[9.5672,63.7786,0.0],[9.5641,63.7734,1.7692],[9.5589,63.7703,0.0],[9.5589,63.7672,0.0],[9.5813,63.7604,0.0],[9.5917,63.7604,0.0],[9.5958,63.7583,0.0],[9.6042,63.7583,0.0],[9.6083,63.7562,0.0],[9.6333,63.7562,0.0],[9.6375,63.7583,1.5977],[9.6521,63.7583,0.0],[9.6563,63.7604,13.4432],[9.6682,63.7578,0.0],[9.6604,63.7542,11.7517],[9.6526,63.7536,0.0],[9.6542,63.7521,0.0],[9.6688,63.7521,0.0],[9.6766,63.7547,0.0],[9.6734,63.7578,0.0],[9.6813,63.7583,0.0],[9.6854,63.7604,0.0],[9.7042,63.7604,0.0],[9.7104,63.7625,6.9575],[9.7146,63.7604,0.0],[9.7188,63.7604,0.0],[9.7333,63.7646,4.3148],[9.7438,63.7646,0.0],[9.7479,63.7667,2.0616],[9.7688,63.7667,0.0],[9.7729,63.7687,0.0],[9.7833,63.7667,0.0],[9.7875,63.7687,8.2586],[9.7958,63.7687,0.0],[9.8016,63.7661,0.0],[9.8016,63.763,0.0],[9.7958,63.7625,14.7821],[9.7917,63.7646,0.0],[9.7625,63.7646,0.0],[9.7458,63.7583,73.1131],[9.7313,63.7604,0.0],[9.7229,63.7562,7.5432],[9.7167,63.7562,0.0],[9.7125,63.7542,19.8547],[9.7063,63.7542,3.1909],[9.7021,63.7562,0.0],[9.6891,63.7484,3.9787],[9.6776,63.7453,0.0],[9.6708,63.7417,0.0],[9.6646,63.7417,0.0],[9.6604,63.7396,0.0],[9.6542,63.7396,0.0],[9.6396,63.7354,0.5709],[9.6333,63.7354,0.0],[9.6234,63.7328,0.7686],[9.6188,63.7292,0.0],[9.6042,63.7292,0.0],[9.6,63.7271,0.0],[9.5938,63.7271,0.0],[9.5792,63.7229,6.0963],[9.575,63.725,0.0],[9.5708,63.7229,4.2151],[9.5646,63.7229,0.0],[9.5604,63.7208,9.105],[9.55,63.7208,0.0],[9.5422,63.7182,0.0],[9.5411,63.7151,0.2677],[9.5318,63.7141,0.0],[9.5297,63.7109,0.0],[9.5354,63.7083,0.0],[9.5417,63.7083,0.0],[9.5521,63.7125,0.0],[9.5563,63.7125,0.0],[9.5661,63.7099,0.0],[9.5672,63.7068,0.0],[9.5745,63.7026,0.0],[9.5693,63.7016,0.0],[9.5724,63.6984,0.0],[9.5672,63.6974,0.0],[9.5651,63.6901,0.0],[9.5682,63.688,0.0],[9.5563,63.6875,0.0],[9.5521,63.6854,0.0],[9.5359,63.6828,0.0],[9.5375,63.6813,0.0],[9.5432,63.6807,0.0],[9.5422,63.6776,0.0],[9.5542,63.6771,0.0],[9.5557,63.6755,0.0],[9.5505,63.6745,0.0],[9.5495,63.6714,0.0],[9.5401,63.6682,0.0],[9.5417,63.6667,0.0],[9.5474,63.6661,0.0],[9.5422,63.6641,0.0],[9.5411,63.6609,0.0],[9.538,63.6609,0.0],[9.5354,63.6646,0.0],[9.5318,63.6609,0.0],[9.55,63.6521,12.0335],[9.5646,63.6521,0.0],[9.5688,63.65,0.0],[9.5724,63.6547,0.0],[9.5734,63.6599,1.4768],[9.5786,63.6609,0.0],[9.5797,63.6641,0.0],[9.5849,63.6651,0.0],[9.5875,63.6688,0.0],[9.5938,63.6688,0.0],[9.6042,63.6729,0.0],[9.6292,63.6729,0.0],[9.6333,63.675,0.0],[9.6521,63.675,0.0],[9.6563,63.6729,0.0],[9.6604,63.675,1.0718],[9.6682,63.6755,0.0],[9.6646,63.6792,0.0],[9.6672,63.6828,0.0],[9.6703,63.6839,0.0],[9.6672,63.687,2.7214],[9.6714,63.6974,2.0829],[9.6729,63.6979,3.8972],[9.6792,63.6958,0.0],[9.6818,63.6995,0.0],[9.6896,63.7,0.0],[9.6937,63.7021,3.2551],[9.6979,63.6979,0.0],[9.7021,63.7,0.0],[9.7063,63.6979,0.0],[9.7125,63.7,2.0548],[9.7167,63.6979,0.0],[9.7292,63.6979,0.0],[9.7333,63.6958,0.0],[9.7396,63.6958,0.0],[9.7474,63.6984,0.0],[9.75,63.7021,0.0],[9.7563,63.7021,0.0],[9.7604,63.7042,3.1098],[9.775,63.7042,0.0],[9.7854,63.7083,2.5019],[9.7958,63.7083,0.0],[9.8,63.7104,0.0],[9.8062,63.7104,0.0],[9.8208,63.7167,0.0],[9.8286,63.7172,0.0],[9.8297,63.7203,0.0],[9.8375,63.7229,0.0],[9.85,63.7188,0.0],[9.8563,63.7188,0.0],[9.8708,63.725,0.0],[9.8786,63.7255,0.0],[9.8807,63.7328,0.0],[9.8776,63.7339,0.0],[9.8776,63.737,0.0],[9.8958,63.7396,0.0],[9.9,63.7417,0.0],[9.9063,63.7417,0.0],[9.9208,63.7479,0.0],[9.9286,63.7484,0.0],[9.9297,63.7516,0.0],[9.9375,63.7542,0.0],[9.9479,63.7521,0.0],[9.9521,63.7542,0.0],[9.9813,63.7542,0.0],[9.9854,63.7562,0.0],[10.0,63.7562,0.0],[10.0104,63.7604,0.0],[10.0354,63.7625,0.0],[10.0417,63.7667,22.8513],[10.0458,63.7667,0.0],[10.0625,63.7729,0.0],[10.0771,63.775,0.0],[10.0786,63.7734,11.3425],[10.0734,63.7724,0.0],[10.0672,63.7682,0.0],[10.0688,63.7667,0.0],[10.076599999999999,63.7661,16.2846],[10.0745,63.763,0.0],[10.0625,63.7625,0.0],[10.0542,63.7583,42.2776],[10.0479,63.7583,15.7395],[10.0401,63.7557,0.0],[10.037,63.7464,4.633],[10.0349,63.7443,32.5011],[10.0271,63.7438,0.0],[10.0188,63.7396,16.9721],[10.0083,63.7396,0.0],[10.0047,63.737,11.7485],[10.0188,63.7292,0.0],[10.0229,63.7292,0.0],[10.0271,63.7313,57.4941],[10.0438,63.7313,0.0],[10.0464,63.7349,0.0],[10.0568,63.7391,0.0],[10.0646,63.7396,0.0],[10.0786,63.7443,0.0],[10.0813,63.7479,0.0],[10.1078,63.7495,0.0],[10.1,63.7458,0.0],[10.0938,63.7458,0.0],[10.0818,63.7411,0.0],[10.0807,63.738,11.0704],[10.0755,63.737,0.0],[10.0792,63.7333,0.0],[10.076599999999999,63.7297,55.6935],[10.0667,63.7313,0.0],[10.0578,63.7255,0.0],[10.05,63.7229,24.1782],[10.0422,63.7224,0.0],[10.0453,63.7203,0.0],[10.0438,63.7188,0.0],[10.0146,63.7188,0.0],[10.0083,63.7146,0.0],[9.9979,63.7146,0.0],[9.9896,63.7104,21.9685],[9.9818,63.7109,0.0],[9.9828,63.7141,0.0],[9.9797,63.7161,0.0],[9.9828,63.7182,0.0],[9.9771,63.7208,0.0],[9.9729,63.7188,2.2376],[9.9563,63.7167,0.0],[9.9479,63.7125,0.0],[9.9401,63.712,0.0],[9.938,63.7068,0.0],[9.9557,63.7036,0.0],[9.9547,63.7005,0.0],[9.9578,63.6995,0.0],[9.9578,63.6964,0.0],[9.9542,63.6958,47.4403],[9.95,63.6979,0.0],[9.9229,63.6979,0.0],[9.9203,63.7016,0.0],[9.9146,63.7042,0.0],[9.9063,63.7,33.2375],[9.9,63.7,0.0],[9.8818,63.6953,0.0],[9.8807,63.6922,25.6212],[9.8714,63.6891,0.0],[9.8745,63.6859,0.0],[9.8667,63.6813,0.0],[9.863,63.6818,0.0],[9.8641,63.687,0.0],[9.8583,63.6896,0.0],[9.8542,63.6896,0.0],[9.85,63.6917,0.0],[9.8458,63.6896,0.0],[9.8396,63.6896,0.0],[9.8354,63.6917,0.0],[9.8313,63.6917,0.0],[9.813,63.6849,0.0],[9.8161,63.6828,0.0],[9.8193,63.6776,8.9994],[9.8224,63.6766,4.7541],[9.8224,63.6714,0.0],[9.8203,63.6693,0.0],[9.8125,63.6688,0.0],[9.8068,63.6661,0.0],[9.8099,63.663,0.0],[9.8047,63.662,0.0],[9.8042,63.6604,19.8779],[9.8047,63.6589,7.2227],[9.8104,63.6563,6.2682],[9.8188,63.6563,0.0],[9.8286,63.6536,0.0],[9.8297,63.6484,18.1063],[9.8339,63.6464,0.0],[9.8438,63.6437,0.0],[9.8536,63.6432,0.0],[9.8313,63.6333,38.6293],[9.8208,63.6333,7.4211],[9.8146,63.6292,29.9368],[9.8089,63.6307,0.0],[9.8068,63.6286,0.0],[9.8062,63.625,0.0],[9.8068,63.6234,0.0],[9.8141,63.6224,5.5361],[9.8265999999999991,63.6161,22.5984],[9.8214,63.6109,0.0],[9.837,63.6057,0.0],[9.8354,63.6021,0.0],[9.8359,63.5984,29.2459],[9.8536,63.5891,49.882],[9.8547,63.5859,0.0],[9.8646,63.5854,0.0],[9.8688,63.5875,58.2677],[9.8854,63.5875,0.0],[9.8896,63.5896,17.4296],[9.8938,63.5875,0.0],[9.9042,63.5917,13.9593],[9.9188,63.5917,0.0],[9.9245,63.5891,5.1117],[9.9224,63.5859,5.688],[9.9193,63.5849,0.0],[9.9224,63.5818,0.0],[9.9042,63.575,4.2704],[9.8964,63.5745,0.0],[9.8938,63.5687,0.0],[9.8974,63.5661,2.7144],[9.8984,63.563,4.8241],[9.9036,63.5599,0.0],[9.9047,63.5568,0.0],[9.9203,63.5495,2.4155],[9.9161,63.538,40.6135],[9.9109,63.537,0.0],[9.9104,63.5333,0.0],[9.9141,63.5307,91.3088],[9.913,63.5276,0.0],[9.9203,63.5224,52.7891],[9.9193,63.5193,0.0],[9.9229,63.5167,0.0],[9.9214,63.513,0.0],[9.9286,63.5099,0.0],[9.9297,63.5047,0.0],[9.9318,63.5026,0.0],[9.9458,63.4958,0.0],[9.9563,63.4958,0.0],[9.9604,63.4979,30.0353],[9.9646,63.4958,0.0],[9.9688,63.4979,0.0],[9.975,63.4979,0.9542],[9.9792,63.4958,0.0],[9.9833,63.4958,0.0],[9.9859,63.4922,0.0],[9.9891,63.4911,6.6078],[9.9875,63.4875,4.8961],[9.9896,63.4854,0.0],[9.9937,63.4854,0.0],[10.0042,63.4896,0.0],[10.0104,63.4896,0.0],[10.0188,63.4938,0.8126],[10.0375,63.4917,0.0],[10.0417,63.4896,0.0],[10.0563,63.4896,0.0],[10.0708,63.4938,36.1968],[10.0958,63.4938,0.0],[10.1,63.4958,10.0201],[10.1104,63.4958,0.0],[10.1172,63.4995,0.0],[10.1286,63.5026,0.0],[10.1297,63.5057,51.9931],[10.1453,63.5109,0.0],[10.1464,63.5161,0.0],[10.1578,63.5193,0.0],[10.1589,63.5224,2.0932],[10.1692,63.5265,25.3262],[10.1615,63.5255,67.0693],[10.1507,63.5566,240.9599],[10.1408,63.5559,219.8475],[10.13,63.587,143.8858],[10.14,63.5877,141.5575],[10.1384,63.5921,150.5181],[10.1484,63.5928,131.7852],[10.1469,63.5972,231.554],[10.1569,63.5979,135.2232],[10.1553,63.6023,188.0135],[10.1653,63.603,128.5939],[10.1638,63.6074,146.4522],[10.1738,63.6081,206.122],[10.1707,63.617,128.6842],[10.1807,63.6177,127.9847],[10.1776,63.6265,142.4935],[10.1876,63.6272,153.0972],[10.1861,63.6317,144.7649],[10.1961,63.6323,129.3309],[10.193,63.6412,131.0545],[10.203,63.6419,127.76],[10.2,63.6508,185.4546],[10.21,63.6514,188.1344],[10.2069,63.6603,241.112],[10.2369,63.6623,222.6283],[10.2354,63.6667,285.7097],[10.2554,63.6681,331.7465],[10.2539,63.6725,228.596],[10.2739,63.6738,406.5175],[10.2724,63.6783,368.6283],[10.2924,63.6796,457.6242],[10.2909,63.6841,365.6056],[10.311,63.6854,458.8987],[10.3095,63.6898,335.8727],[10.3295,63.6911,491.9483],[10.328,63.6956,301.4478],[10.348,63.6969,397.5133],[10.3465,63.7013,304.0026],[10.3666,63.7027,389.2207],[10.3651,63.7071,319.1882],[10.3751,63.7078,283.6958],[10.3736,63.7122,326.874],[10.3836,63.7129,342.5406],[10.3821,63.7173,224.7585],[10.4022,63.7186,251.7508],[10.4007,63.7231,233.5753],[10.4107,63.7237,301.7831]]],
[[[10.0042,63.7292,5.6912],[9.9984,63.7286,6.1842],[9.9964,63.7255,0.0],[10.0057,63.7255,0.0],[10.0057,63.7286,7.32],[10.0042,63.7292,5.6912]]],
[[[9.9813,63.7313,0.0],[9.987,63.7297,8.6338],[9.9849,63.7328,0.0],[9.9792,63.7354,0.0],[9.9729,63.7354,0.0],[9.9708,63.7333,13.2525],[9.9729,63.7313,0.0],[9.9771,63.7333,0.0],[9.9813,63.7313,0.0]]],
[[[9.9521,63.7396,0.0],[9.9484,63.7391,0.0],[9.9443,63.7359,0.0],[9.95,63.7354,0.0],[9.9578,63.738,0.0],[9.9563,63.7396,0.0],[9.9521,63.7396,0.0]]],
[[[9.6026,63.8109,2.2643],[9.6042,63.8104,1.8659],[9.6057,63.812,0.0],[9.6026,63.812,0.0],[9.6026,63.8109,2.2643]]],
[[[9.438,63.8255,0.0],[9.4354,63.8271,0.0],[9.4276,63.8276,0.0],[9.4286,63.8307,1.9353],[9.4229,63.8333,0.0],[9.4193,63.8307,0.0],[9.4182,63.8276,0.0],[9.4104,63.825,0.0],[9.4,63.825,0.6573],[9.3958,63.8229,2.8818],[9.388,63.8224,0.0],[9.3911,63.8203,0.0],[9.3911,63.8172,0.0],[9.3755,63.812,0.0],[9.375,63.8104,13.2926],[9.3771,63.8083,0.0],[9.387,63.8078,0.0],[9.387,63.8026,0.0],[9.3714,63.8016,0.0],[9.3703,63.7984,0.0],[9.3609,63.7953,0.0],[9.3599,63.7922,0.0],[9.3547,63.7891,0.0],[9.3526,63.7859,0.0],[9.3557,63.7849,0.0],[9.3568,63.7818,0.0],[9.3641,63.7807,0.0],[9.363,63.7755,0.0],[9.3708,63.775,0.0],[9.3729,63.7771,0.0],[9.3693,63.7807,0.0],[9.3745,63.7818,0.0],[9.3714,63.7849,0.0],[9.3792,63.7875,0.0],[9.3833,63.7854,1.19],[9.3938,63.7875,0.0],[9.3979,63.7854,0.0],[9.4021,63.7875,0.0],[9.4125,63.7875,0.0],[9.4167,63.7896,1.9057],[9.4286,63.7901,0.0],[9.4307,63.7922,0.0],[9.4318,63.7974,0.0],[9.437,63.7984,0.0],[9.438,63.8036,0.0],[9.4453,63.8089,0.0],[9.4479,63.8167,0.0],[9.4474,63.8203,0.0],[9.438,63.8255,0.0]]],
[[[9.5097,63.8294,2.9229],[9.5062,63.8312,2.9571],[9.4964,63.8318,2.3266],[9.4953,63.8349,0.0],[9.4896,63.8375,0.0],[9.4776,63.837,0.0],[9.4807,63.8339,0.0],[9.4714,63.8328,0.0],[9.4703,63.8297,0.0],[9.4589,63.8224,0.0],[9.4563,63.8146,0.0],[9.4599,63.8109,1.004],[9.4505,63.8099,4.9894],[9.4464,63.7984,0.0],[9.45,63.7979,0.0],[9.4557,63.8005,0.3586],[9.462,63.8047,0.0],[9.4589,63.8078,0.0],[9.4667,63.8104,0.0],[9.4688,63.8083,0.0],[9.4672,63.8047,0.0],[9.4729,63.8021,0.0],[9.4849,63.8047,0.0],[9.487,63.8078,0.0],[9.4813,63.8083,0.0],[9.4797,63.8099,0.0],[9.4854,63.8125,1.0439],[9.4917,63.8125,0.0],[9.4995,63.8151,0.0],[9.5109,63.8224,0.0],[9.5161,63.8234,0.0],[9.5161,63.8286,0.0],[9.5097,63.8294,2.9229]]],
[[[9.5245,63.8359,0.0],[9.5229,63.8375,6.2633],[9.5172,63.837,0.7489],[9.5188,63.8354,0.0],[9.5245,63.8359,0.0]]],
[[[9.5042,63.8396,0.0],[9.4964,63.8359,0.0],[9.5057,63.8359,0.0],[9.5057,63.8391,0.0],[9.5042,63.8396,0.0]]],
[[[9.6979,63.8563,0.0],[9.6937,63.8563,0.0],[9.6922,63.8547,0.0],[9.6958,63.8542,0.0],[9.6979,63.8563,0.0]]],
[[[9.6839,63.8568,2.3827],[9.687,63.8568,0.0],[9.687,63.8578,0.0],[9.6839,63.8578,0.9607],[9.6839,63.8568,2.3827]]],
[[[9.8292,63.8604,0.0],[9.8307,63.8599,0.0],[9.8297,63.8547,11.7144],[9.8328,63.8547,4.9478],[9.8349,63.8568,7.5238],[9.8349,63.862,2.3143],[9.8276,63.862,0.0],[9.8292,63.8604,0.0]]],
[[[9.6104,63.8667,0.0],[9.612,63.8682,0.5067],[9.6068,63.8682,5.9234],[9.6068,63.8672,2.2496],[9.6104,63.8667,0.0]]],
[[[9.7813,63.8688,0.0],[9.7854,63.8688,0.0],[9.787,63.8703,0.0],[9.7771,63.8729,0.0],[9.7734,63.8724,0.0],[9.7734,63.8693,6.5028],[9.7813,63.8688,0.0]]],
[[[9.6083,63.875,0.0],[9.6099,63.8766,0.0],[9.6047,63.8766,0.2357],[9.6047,63.8755,0.0],[9.6083,63.875,0.0]]],
[[[9.8182,63.8786,2.5197],[9.8042,63.8833,0.0],[9.7964,63.8807,0.0],[9.7995,63.8786,0.0],[9.7979,63.8729,0.0],[9.8,63.8708,0.0],[9.8042,63.8708,0.0],[9.8146,63.875,15.3367],[9.8224,63.8755,0.0],[9.8182,63.8786,2.5197]]],
[[[9.6729,63.8896,0.0],[9.6651,63.8859,0.0],[9.6745,63.8859,0.0],[9.6745,63.8891,1.6065],[9.6729,63.8896,0.0]]],
[[[10.0349,63.9172,4.7602],[10.0333,63.9188,0.0],[10.0276,63.9182,0.0],[10.0292,63.9167,0.0],[10.0349,63.9172,4.7602]]],
[[[10.0411,63.9193,3.3378],[10.0411,63.9224,0.0],[10.038,63.9224,0.0],[10.038,63.9193,0.0],[10.0411,63.9193,3.3378]]],
[[[10.1373,63.9361,13.7889],[10.1339,63.937,0.0],[10.1318,63.9339,0.0],[10.137,63.9339,0.0],[10.1373,63.9361,13.7889]]],
[[[10.1867,63.9442,0.0],[10.187,63.9453,0.8456],[10.1839,63.9453,0.0],[10.1839,63.9443,0.0],[10.1867,63.9442,0.0]]],
[[[10.0354,63.9479,0.0],[10.0318,63.9453,0.0],[10.0318,63.9422,6.0161],[10.0375,63.9417,0.0],[10.0453,63.9443,0.0],[10.0458,63.9458,0.0],[10.0438,63.9479,0.7439],[10.0354,63.9479,0.0]]],
[[[10.0651,63.9547,0.0],[10.0682,63.9547,0.0],[10.0682,63.9557,8.4405],[10.0651,63.9557,2.6956],[10.0651,63.9547,0.0]]],
[[[10.0333,63.9583,0.9759],[10.0276,63.9578,0.0],[10.0255,63.9547,0.0],[10.0349,63.9547,0.0],[10.0349,63.9578,0.0],[10.0333,63.9583,0.9759]]],
[[[10.0021,64.0104,0.0],[10.0036,64.012,0.0],[9.9984,64.012,0.0],[9.9984,64.0109,0.0],[10.0021,64.0104,0.0]]],
[[[10.1161,64.1286,0.0],[10.1083,64.1292,0.0],[10.1068,64.1276,0.0],[10.1146,64.1271,8.6299],[10.1161,64.1286,0.0]]],
[[[10.0432,64.1391,7.2845],[10.0401,64.1391,0.0],[10.038,64.1339,0.514],[10.0474,64.1359,0.0],[10.0432,64.1391,7.2845]]],
[[[10.0568,64.1453,0.0],[10.0505,64.1432,0.0],[10.0505,64.1401,0.0],[10.0563,64.1396,0.0],[10.0703,64.1443,0.0],[10.0708,64.1458,0.0],[10.0703,64.1474,0.0],[10.0646,64.15,0.0],[10.062,64.1464,1.8203],[10.0568,64.1453,0.0]]],
[[[10.0286,64.1495,0.0],[10.0208,64.15,0.0],[10.0193,64.1484,0.7991],[10.0271,64.1479,0.0],[10.0286,64.1495,0.0]]],
[[[10.0443,64.1536,0.0],[10.0443,64.1484,1.2133],[10.05,64.1458,0.0],[10.0578,64.1484,0.0],[10.0583,64.15,0.0],[10.0578,64.1536,0.8788],[10.0563,64.1542,2.3988],[10.0443,64.1536,0.0]]],
[[[10.1458,64.1542,0.0],[10.1443,64.1505,0.0],[10.15,64.1479,0.0],[10.1563,64.1479,0.0],[10.162,64.1505,0.0],[10.1599,64.1536,0.0],[10.1542,64.1563,0.0],[10.1479,64.1563,0.0],[10.1458,64.1542,0.0]]],
[[[10.213,64.1547,0.0],[10.2161,64.1547,0.6361],[10.2161,64.1557,3.2244],[10.213,64.1557,3.6416],[10.213,64.1547,0.0]]],
[[[10.2099,64.1734,0.0],[10.2099,64.1766,0.0],[10.2068,64.1766,0.0],[10.2068,64.1734,0.0],[10.2099,64.1734,0.0]]],
[[[9.9099,64.0474,0.0],[9.8958,64.0521,0.0],[9.8839,64.0516,0.0],[9.8818,64.0443,0.0],[9.8849,64.0432,4.5047],[9.8849,64.038,0.3416],[9.8771,64.0354,0.0],[9.8625,64.0396,0.0],[9.8542,64.0396,0.0],[9.85,64.0417,0.0],[9.8422,64.0391,0.0],[9.8396,64.0333,0.0],[9.8438,64.0292,17.6638],[9.8422,64.0234,0.0],[9.8464,64.0214,0.0],[9.8521,64.0208,0.0],[9.8563,64.0229,0.0],[9.8667,64.0229,0.0],[9.8729,64.025,19.6753],[9.8828,64.0224,2.8928],[9.8875,64.0188,0.0],[9.8849,64.0151,9.867],[9.8792,64.0125,0.0],[9.8625,64.0146,0.0],[9.85,64.0104,12.7532],[9.8438,64.0104,0.0697],[9.8422,64.0089,0.0],[9.85,64.0042,0.0],[9.8604,64.0042,4.0628],[9.8646,64.0021,0.0],[9.8708,64.0042,0.0],[9.8771,64.0,0.0],[9.8833,64.0,0.0],[9.8917,63.9958,0.0],[9.9,63.9958,3.0165],[9.9042,63.9938,0.0],[9.9146,63.9979,0.0],[9.9224,63.9984,0.0],[9.9234,64.0016,3.2908],[9.9313,64.0042,1.8073],[9.9474,64.0047,0.0],[9.9505,64.0099,0.0],[9.9557,64.0109,0.0],[9.9557,64.0162,0.0],[9.95,64.0167,0.0],[9.9443,64.0193,0.0],[9.9453,64.0224,0.0],[9.9422,64.0234,0.0],[9.9411,64.0266,0.0],[9.9339,64.0276,0.0],[9.9297,64.0297,0.0],[9.9286,64.0328,0.0],[9.9214,64.0339,21.3007],[9.9224,64.0411,1.3199],[9.9167,64.0417,0.0],[9.912,64.038,0.0],[9.9089,64.038,1.1185],[9.9099,64.0432,0.0],[9.9068,64.0453,0.4358],[9.9099,64.0474,0.0]]],
[[[9.9417,64.0417,4.818],[9.9432,64.0432,0.0],[9.938,64.0432,0.0],[9.938,64.0422,0.0],[9.9417,64.0417,4.818]]],
[[[9.8641,64.0932,1.8755],[9.8641,64.0901,2.4268],[9.8589,64.088,0.0],[9.8667,64.0875,0.0],[9.8745,64.0901,0.0],[9.8688,64.0958,9.9237],[9.863,64.0953,0.6044],[9.8641,64.0932,1.8755]]],
[[[9.8917,64.1062,19.7403],[9.8839,64.1057,0.0],[9.8839,64.1026,0.0],[9.8974,64.1026,0.0],[9.8974,64.1057,0.0],[9.8917,64.1062,19.7403]]],
[[[10.0292,64.0396,2.6366],[10.0458,64.0417,1.9117],[10.0474,64.0432,0.0],[10.0354,64.0437,0.0],[10.0313,64.0417,21.8143],[10.0271,64.0437,0.0],[10.0234,64.0411,0.0],[10.025,64.0396,16.1429],[10.0292,64.0396,2.6366]]],
[[[10.0641,64.0474,0.0],[10.0563,64.0479,0.0],[10.0547,64.0463,0.0],[10.0625,64.0458,0.0],[10.0641,64.0474,0.0]]],
[[[10.05,64.0542,0.0],[10.0443,64.0547,54.3722],[10.0432,64.0578,0.0],[10.0396,64.0583,0.0],[10.0396,64.0604,0.0],[10.0318,64.0609,32.2835],[9.9932,64.0807,0.0],[9.9833,64.0833,0.0],[9.9755,64.0807,0.0],[9.9729,64.0771,13.4435],[9.9505,64.0766,0.0],[9.9495,64.0734,7.8832],[9.9401,64.0724,1.3857],[9.9318,64.0661,3.4969],[9.9307,64.063,0.0],[9.9255,64.062,0.0],[9.9354,64.0563,0.0],[9.9432,64.0578,0.0],[9.9453,64.0526,0.0],[9.9422,64.0516,0.0],[9.9401,64.0484,0.0],[9.95,64.0437,0.0],[9.962,64.0432,28.117],[9.9609,64.0401,0.0],[9.9625,64.0396,0.0],[9.9745,64.0391,0.0],[9.9771,64.0354,0.0],[9.9917,64.0354,7.1632999999999996],[10.0,64.0396,0.0],[10.0104,64.0375,0.0],[10.012,64.0391,0.0],[10.0089,64.0411,0.0],[10.0151,64.0453,0.0],[10.0229,64.0479,0.0],[10.0438,64.0479,0.0],[10.0495,64.0505,0.0],[10.0516,64.0526,0.0],[10.05,64.0542,0.0]]],
[[[10.0255,64.1234,2.8938],[10.0286,64.1234,0.0],[10.0286,64.1245,0.0],[10.0255,64.1245,2.8524],[10.0255,64.1234,2.8938]]],
[[[9.9578,64.113,0.0],[9.9547,64.1109,0.0],[9.9646,64.1104,0.0],[9.9724,64.113,0.0],[9.9729,64.1146,0.0],[9.9708,64.1167,0.0],[9.9547,64.1162,14.8947],[9.9578,64.113,0.0]]],
[[[9.4266,64.1766,0.0],[9.4229,64.1771,0.0],[9.4214,64.1755,0.0],[9.425,64.175,0.0],[9.4266,64.1766,0.0]]],
[[[9.5375,63.8396,0.0],[9.5318,63.8391,0.0],[9.5297,63.8359,0.0],[9.5333,63.8354,0.0],[9.5391,63.838,0.0],[9.5375,63.8396,0.0]]],
[[[9.5422,63.8401,1.6286],[9.5438,63.8396,2.4394],[9.5453,63.8411,0.0],[9.5422,63.8411,0.0],[9.5422,63.8401,1.6286]]],
[[[9.5167,63.8417,0.0],[9.5182,63.8432,0.0],[9.513,63.8432,0.0],[9.513,63.8422,0.0],[9.5167,63.8417,0.0]]],
[[[9.5401,63.9589,0.0],[9.5432,63.9589,7.4594],[9.5432,63.9599,3.8892],[9.5401,63.9599,0.0],[9.5401,63.9589,0.0]]],
[[[9.8,63.8854,0.0],[9.8042,63.8875,11.2562],[9.812,63.888,0.0],[9.8146,63.8937,28.6229],[9.8141,63.8974,3.6312],[9.7964,63.8974,0.0],[9.7995,63.8943,0.0],[9.7875,63.8896,0.0],[9.7818,63.8911,0.0],[9.7745,63.8859,0.0],[9.7724,63.8818,0.0],[9.7646,63.8812,0.0],[9.763,63.8797,0.0],[9.7792,63.8792,0.0],[9.8,63.8854,0.0]]],
[[[9.8401,63.9099,0.0],[9.8432,63.9078,6.4809],[9.8422,63.9047,0.0],[9.8516,63.9047,0.0],[9.8516,63.9078,0.0],[9.8474,63.9099,0.0],[9.8401,63.9099,0.0]]],
[[[9.9479,63.9167,0.0],[9.9401,63.913,0.0],[9.9479,63.9125,0.9866],[9.9536,63.9151,0.0],[9.9521,63.9167,1.8721],[9.9479,63.9167,0.0]]],
[[[9.8682,63.9245,0.0],[9.8604,63.925,0.0],[9.8589,63.9234,7.1775],[9.8667,63.9229,0.0],[9.8682,63.9245,0.0]]],
[[[9.7557,63.9161,0.0],[9.7547,63.913,0.0],[9.7604,63.9104,0.0],[9.7682,63.913,0.0],[9.7651,63.9161,0.0],[9.7688,63.925,0.0],[9.7651,63.9286,0.0],[9.7703,63.9318,0.0],[9.7672,63.9349,0.0],[9.7724,63.938,1.5529],[9.7745,63.9411,0.0],[9.7667,63.9437,0.0],[9.7651,63.9432,0.0],[9.7641,63.938,0.0],[9.762,63.9359,7.6502],[9.7526,63.9349,0.0],[9.75,63.925,0.0],[9.7536,63.9224,18.9127],[9.7526,63.9172,0.0],[9.7557,63.9161,0.0]]],
[[[9.9563,63.9333,0.0],[9.9542,63.9354,0.6368],[9.9458,63.9354,4.8274],[9.9417,63.9375,0.0],[9.9271,63.9375,0.0],[9.9229,63.9354,3.107],[9.9151,63.9349,0.0],[9.913,63.9318,0.0],[9.9161,63.9297,0.0],[9.913,63.9286,0.0],[9.9109,63.9255,0.0],[9.9141,63.9245,0.0],[9.9151,63.9193,1.9944],[9.9167,63.9188,0.0],[9.9354,63.9188,0.0],[9.938,63.9224,0.0],[9.9432,63.9234,0.0],[9.9464,63.9286,0.0],[9.9557,63.9318,0.0],[9.9563,63.9333,0.0]]],
[[[9.8755,63.9297,6.3142],[9.8771,63.9292,1.0028],[9.8786,63.9307,0.0],[9.8771,63.9313,0.0],[9.8755,63.9297,6.3142]]],
[[[9.8193,63.9318,4.2698],[9.8208,63.9313,6.3373],[9.8224,63.9328,10.1911],[9.8193,63.9328,16.4368],[9.8193,63.9318,4.2698]]],
[[[9.9667,63.9375,0.0],[9.9682,63.9391,0.0],[9.963,63.9391,0.4295],[9.963,63.938,2.8789],[9.9667,63.9375,0.0]]],
[[[9.8526,63.9464,2.646],[9.8557,63.9464,6.489],[9.8557,63.9474,4.2639],[9.8526,63.9474,0.0],[9.8526,63.9464,2.646]]],
[[[9.5901,63.9693,7.5771],[9.5932,63.9693,0.0],[9.5932,63.9703,0.0],[9.5917,63.9708,0.0],[9.5901,63.9693,7.5771]]],
[[[9.8453,63.9943,3.0958],[9.8443,63.9901,0.0],[9.85,63.9875,3.1615],[9.8542,63.9875,0.0],[9.8578,63.9901,4.1616],[9.8589,63.9932,2.3721],[9.8641,63.9953,0.0],[9.8583,63.9979,0.0],[9.8521,63.9979,0.0],[9.8453,63.9943,3.0958]]],
[[[9.0979,63.9917,0.0],[9.1042,63.9896,0.0],[9.112,63.9901,0.0],[9.113,63.9953,0.0],[9.1151,63.9974,0.0],[9.1245,63.9984,0.0],[9.1245,64.0036,0.0],[9.112,64.0099,6.6177],[9.1063,64.0104,5.2171],[9.1036,64.0068,4.2911],[9.0818,64.0016,0.0],[9.0849,63.9995,2.0003],[9.0859,63.9964,0.0],[9.0979,63.9917,0.0]]],
[[[9.1896,63.9979,0.0],[9.1953,64.0005,0.0],[9.1922,64.0036,0.0],[9.1974,64.0047,0.0],[9.1917,64.0104,0.0],[9.1859,64.0099,0.0],[9.1828,64.0068,0.0],[9.175,64.0042,0.0],[9.1734,64.0047,0.0],[9.1745,64.0099,0.0],[9.1688,64.0104,0.0],[9.1547,64.0057,0.0],[9.1536,64.0026,0.0],[9.1484,64.0016,0.0],[9.1516,63.9995,0.0],[9.1526,63.9964,0.0],[9.1625,63.9917,0.0],[9.1688,63.9917,0.0],[9.1729,63.9938,0.0],[9.1771,63.9917,0.0],[9.1818,63.9974,0.0],[9.1896,63.9979,0.0]]],
[[[9.1292,64.0083,0.0],[9.1328,64.0089,0.0],[9.1328,64.0099,0.0],[9.1276,64.0099,0.0],[9.1292,64.0083,0.0]]],
[[[9.1453,64.0099,0.0],[9.1396,64.0125,0.0],[9.1375,64.0104,0.0],[9.1396,64.0083,0.0],[9.1438,64.0083,0.0],[9.1453,64.0099,0.0]]],
[[[9.5854,63.9646,0.0],[9.587,63.9661,0.0],[9.5797,63.9661,0.0],[9.5813,63.9646,6.6486],[9.5854,63.9646,0.0]]],
[[[9.2333,64.0625,0.0],[9.2297,64.0589,0.0],[9.2354,64.0563,0.0],[9.2432,64.0568,0.0],[9.2432,64.0578,0.0],[9.2333,64.0625,0.0]]],
[[[9.2396,64.0667,0.0],[9.2411,64.0682,0.0],[9.2339,64.0682,0.0],[9.2354,64.0667,0.0],[9.2396,64.0667,0.0]]],
[[[9.2333,64.0813,0.0],[9.2292,64.0813,0.0],[9.2276,64.0797,0.0],[9.2333,64.0771,0.0],[9.237,64.0807,0.0],[9.2333,64.0813,0.0]]],
[[[9.1583,64.025,0.0],[9.162,64.0255,0.0],[9.162,64.0266,0.0],[9.1568,64.0266,0.0],[9.1583,64.025,0.0]]],
[[[9.1766,64.0307,0.0],[9.1776,64.0276,0.0],[9.1833,64.0271,0.0],[9.187,64.0297,0.0],[9.1875,64.0333,0.0],[9.187,64.0349,0.0],[9.1813,64.0375,0.0],[9.1693,64.0328,0.0],[9.1708,64.0313,0.0],[9.1766,64.0307,0.0]]],
[[[9.1979,64.0292,0.0],[9.2042,64.0292,0.0],[9.2161,64.0349,0.0],[9.2104,64.0354,0.0],[9.2042,64.0333,0.0],[9.2,64.0354,0.0],[9.1958,64.0354,0.0],[9.1922,64.0328,0.0],[9.1979,64.0292,0.0]]],
[[[9.1536,64.0328,0.0],[9.1563,64.0313,0.0],[9.1703,64.0359,0.0],[9.1724,64.0432,0.0],[9.1646,64.0437,0.0],[9.1568,64.0411,0.0],[9.1557,64.038,0.0],[9.1479,64.0354,0.0],[9.1438,64.0396,0.0],[9.1396,64.0396,0.0],[9.1354,64.0375,0.0],[9.1313,64.0396,0.0],[9.125,64.0396,0.0],[9.1229,64.0375,0.0],[9.1234,64.0359,0.0],[9.1307,64.0349,0.0],[9.1318,64.0318,0.0],[9.1417,64.0313,0.0],[9.1458,64.0292,0.0],[9.1505,64.0328,0.0],[9.1536,64.0328,0.0]]],
[[[9.1896,64.05,0.0],[9.187,64.0463,0.0],[9.1818,64.0443,0.0],[9.1938,64.0437,0.0],[9.1974,64.0463,0.0],[9.1974,64.0495,0.0],[9.1896,64.05,0.0]]],
[[[9.2224,64.0526,0.0],[9.2208,64.0542,0.0],[9.213,64.0537,0.0],[9.2146,64.0521,0.0],[9.2224,64.0526,0.0]]],
[[[9.2292,64.0521,0.0],[9.2328,64.0526,0.0],[9.2328,64.0537,0.0],[9.2276,64.0537,0.0],[9.2292,64.0521,0.0]]],
[[[9.2208,64.0604,0.0],[9.2167,64.0604,0.0],[9.2151,64.0589,0.0],[9.2208,64.0563,0.0],[9.2245,64.0568,0.0],[9.2245,64.0599,0.0],[9.2208,64.0604,0.0]]],
[[[9.1422,64.0661,0.0],[9.1422,64.0651,0.0],[9.1453,64.0651,0.0],[9.1453,64.0661,0.0],[9.1422,64.0661,0.0]]],
[[[9.1276,64.0682,0.0],[9.125,64.0667,0.0],[9.1188,64.0667,0.0],[9.1172,64.0651,0.0],[9.1292,64.0646,0.0],[9.1328,64.0672,0.0],[9.1313,64.0687,0.0],[9.1276,64.0682,0.0]]],
[[[9.1167,64.0729,0.0],[9.1109,64.0703,0.0],[9.1089,64.0672,0.0],[9.1224,64.0693,0.0],[9.1167,64.0729,0.0]]],
[[[9.1563,64.0792,0.0],[9.1505,64.0766,0.0],[9.1484,64.0734,0.0],[9.1563,64.0729,0.0],[9.1641,64.0755,0.0],[9.1641,64.0787,0.0],[9.1563,64.0792,0.0]]],
[[[9.225,64.0813,0.0],[9.2266,64.0828,0.0],[9.2234,64.0828,0.0],[9.2234,64.0818,0.0],[9.225,64.0813,0.0]]],
[[[9.2729,64.0833,0.0],[9.2703,64.0797,0.0],[9.2651,64.0776,0.0],[9.2745,64.0776,0.0],[9.275,64.0813,0.0],[9.2729,64.0833,0.0]]],
[[[9.3125,64.1021,0.0],[9.3083,64.1021,0.0],[9.3068,64.1005,0.0],[9.3125,64.0979,0.0],[9.3203,64.1005,0.0],[9.3188,64.1021,0.0],[9.3125,64.1021,0.0]]],
[[[9.4083,64.1188,0.0],[9.4057,64.1151,0.0],[9.4005,64.113,0.0],[9.4083,64.1125,0.0],[9.4161,64.1172,0.0],[9.4146,64.1188,0.0],[9.4083,64.1188,0.0]]],
[[[9.3188,64.1208,0.0],[9.3224,64.1214,0.0],[9.3224,64.1224,0.0],[9.3172,64.1224,0.0],[9.3188,64.1208,0.0]]],
[[[9.3328,64.1245,0.0],[9.3292,64.125,0.0],[9.3276,64.1234,0.0],[9.3333,64.1208,0.0],[9.337,64.1214,0.0],[9.3328,64.1245,0.0]]],
[[[9.3042,64.1229,0.0],[9.3104,64.1229,0.0],[9.312,64.1245,0.0],[9.3005,64.1266,0.0],[9.3005,64.1234,0.0],[9.3042,64.1229,0.0]]],
[[[9.3839,64.1745,0.0],[9.3839,64.1734,0.0],[9.387,64.1734,0.0],[9.387,64.1745,0.0],[9.3839,64.1745,0.0]]],
[[[9.412,64.1766,0.0],[9.4042,64.1771,0.0],[9.4021,64.175,0.0],[9.4026,64.1734,0.0],[9.4083,64.1729,0.0],[9.412,64.1766,0.0]]],
[[[10.0047,64.1766,0.0],[10.0026,64.1693,24.2328],[10.0104,64.1687,0.0],[10.0453,64.1818,0.0],[10.0474,64.187,0.0],[10.0401,64.1901,0.0],[10.0411,64.1953,0.0],[10.0354,64.1979,6.7277],[10.0292,64.1979,4.2543],[10.0266,64.1943,0.0],[10.0109,64.1891,5.9836],[10.0182,64.1849,0.0],[10.013,64.1828,5.6222],[10.0161,64.1797,6.2396],[10.0083,64.1792,0.0],[10.0047,64.1766,0.0]]],
[[[10.1208,64.1937,0.0],[10.1172,64.1932,0.0],[10.1167,64.1917,0.0],[10.1208,64.1875,0.0],[10.1245,64.188,0.0],[10.1255,64.1911,0.0],[10.1307,64.1922,23.3713],[10.1292,64.1937,0.0],[10.1208,64.1937,0.0]]],
[[[10.1646,64.2,0.0],[10.1568,64.1964,0.0],[10.1661,64.1964,0.0],[10.1661,64.1995,0.0],[10.1646,64.2,0.0]]],
[[[10.0979,64.2042,0.0],[10.0896,64.2042,0.0],[10.0813,64.2083,3.6849],[10.075,64.2063,4.4682],[10.0708,64.2083,0.0],[10.0682,64.2047,0.0],[10.063,64.2037,4.0377],[10.0589,64.2005,0.0],[10.0646,64.2,6.778],[10.0703,64.1974,0.0],[10.0651,64.1953,0.0],[10.063,64.1911,0.0],[10.0646,64.1896,4.0631],[10.0708,64.1896,0.0],[10.075,64.1917,0.0],[10.0854,64.1917,0.0],[10.0896,64.1937,4.4621],[10.0938,64.1917,0.0],[10.1,64.1917,0.0],[10.1042,64.1937,0.0],[10.112,64.1943,0.0],[10.1083,64.1979,1.8348],[10.1099,64.2016,0.0],[10.0979,64.2042,0.0]]],
[[[10.2604,64.2208,6.5589],[10.2458,64.225,0.0],[10.238,64.2245,0.0],[10.2464,64.2193,0.0],[10.2536,64.2182,0.0],[10.2646,64.2125,0.0],[10.2792,64.2125,20.9417],[10.2828,64.2151,0.0],[10.2771,64.2188,0.0],[10.2729,64.2188,0.0],[10.2688,64.2208,0.0],[10.2604,64.2208,6.5589]]],
[[[10.2854,64.2542,7.2465],[10.2875,64.2521,19.0041],[10.2859,64.2484,4.1392],[10.2953,64.2484,0.0],[10.3057,64.2526,11.0237],[10.3089,64.2599,0.0],[10.3141,64.2641,0.0],[10.3,64.2708,0.0],[10.2958,64.2688,5.722],[10.288,64.2682,4.7621],[10.2818,64.2641,11.1751],[10.2792,64.2583,26.9444],[10.2797,64.2568,0.0],[10.2854,64.2542,7.2465]]],
[[[10.1068,64.2151,7.945],[10.1099,64.2151,0.0],[10.1099,64.2161,0.0],[10.1068,64.2161,6.2715],[10.1068,64.2151,7.945]]],
[[[10.2266,64.2453,0.0],[10.2188,64.2458,2.0849],[10.2172,64.2443,7.6886],[10.225,64.2438,0.0],[10.2266,64.2453,0.0]]],
[[[10.2661,64.2464,0.0],[10.2661,64.2516,21.1438],[10.2589,64.2547,28.9847],[10.2599,64.2578,20.2947],[10.2359,64.2578,0.0],[10.2359,64.2547,2.609],[10.2432,64.2536,0.0],[10.2443,64.2505,0.0],[10.2474,64.2495,13.6192],[10.2464,64.2443,24.0116],[10.2625,64.2438,0.0],[10.2661,64.2464,0.0]]],
[[[10.2229,64.275,13.8362],[10.2146,64.275,0.0],[10.213,64.2734,6.7267],[10.2266,64.2734,0.0],[10.2229,64.275,13.8362]]],
[[[10.2432,64.2901,0.0],[10.2432,64.2911,0.0],[10.2401,64.2911,2.4227],[10.2401,64.2901,9.308],[10.2432,64.2901,0.0]]],
[[[10.3042,64.2875,0.0],[10.3099,64.2901,0.0],[10.312,64.2932,0.0],[10.3089,64.2943,0.0],[10.3078,64.2974,0.0],[10.2979,64.3021,0.0],[10.2792,64.3021,0.0],[10.2714,64.2995,3.5251],[10.2693,64.2953,0.0],[10.275,64.2917,0.0],[10.2792,64.2937,0.644],[10.287,64.2932,0.0],[10.287,64.2901,23.4594],[10.2792,64.2875,29.8391],[10.2714,64.287,27.6207],[10.2771,64.2813,0.0],[10.2812,64.2813,9.5775],[10.2854,64.2833,11.7729],[10.2917,64.2813,0.0],[10.3005,64.287,0.0],[10.3042,64.2875,0.0]]],
[[[10.3141,64.3005,2.1682],[10.3141,64.3037,24.0631],[10.3109,64.3037,22.2615],[10.3109,64.3005,1.4287],[10.3141,64.3005,2.1682]]],
[[[10.2729,64.325,0.0],[10.2651,64.3214,0.0],[10.2771,64.3208,0.0],[10.2891,64.3255,6.6789],[10.2911,64.3287,0.0],[10.2833,64.3292,0.0],[10.2729,64.325,0.0]]],
[[[10.3818,64.3255,31.9203],[10.3766,64.3287,6.432],[10.3708,64.3292,59.4952],[10.3651,64.3318,5.614],[10.3661,64.3349,0.0],[10.3646,64.3354,0.0],[10.3583,64.3354,2.2197],[10.3505,64.3328,0.0],[10.3536,64.3297,0.0],[10.3484,64.3287,0.0],[10.3479,64.3271,0.0],[10.3484,64.3255,0.0],[10.3568,64.3214,0.0],[10.3641,64.3203,0.0],[10.3667,64.3167,0.0],[10.3708,64.3187,9.4957],[10.3875,64.3187,0.0],[10.3917,64.3208,0.0],[10.3995,64.3214,0.0],[10.3979,64.3229,13.3218],[10.3875,64.3229,14.1502],[10.3818,64.3255,31.9203]]],
[[[10.3016,64.3318,4.1429],[10.2937,64.3313,0.0],[10.2922,64.3297,0.9185],[10.3042,64.3292,0.0],[10.3083,64.3313,19.1964],[10.3146,64.3313,0.0],[10.3224,64.3339,11.864],[10.3245,64.3391,0.0],[10.3208,64.3396,1.1149],[10.3016,64.3318,4.1429]]],
[[[10.425,64.3417,0.0],[10.4292,64.3417,0.0],[10.4307,64.3432,0.0],[10.4234,64.3443,16.8721],[10.4208,64.3479,0.0],[10.4063,64.3479,17.847],[10.4047,64.3464,0.0],[10.412,64.3422,0.0],[10.3938,64.3396,0.0],[10.3896,64.3354,0.0],[10.3901,64.3339,0.0],[10.4,64.3292,0.0],[10.4083,64.3292,0.0],[10.4229,64.325,0.0],[10.4333,64.325,0.0],[10.4411,64.3297,0.0],[10.4411,64.3328,0.0],[10.4396,64.3333,28.3302],[10.4313,64.3333,0.0],[10.4271,64.3354,0.0],[10.4193,64.3359,105.6267],[10.4203,64.3391,0.0],[10.4172,64.3411,0.0],[10.425,64.3417,0.0]]],
[[[10.4292,64.3521,18.603],[10.4255,64.3505,5.0058],[10.4313,64.3479,0.0],[10.4349,64.3505,0.0],[10.4333,64.3521,0.0],[10.4292,64.3521,18.603]]],
[[[10.4229,64.3604,0.0],[10.425,64.3625,6.3859],[10.4245,64.3662,0.0],[10.4146,64.3688,0.0],[10.4083,64.3688,0.774],[10.4016,64.3651,3.3686],[10.3901,64.362,0.0],[10.3958,64.3583,0.0],[10.4063,64.3625,18.7161],[10.4125,64.3604,0.0],[10.4229,64.3604,0.0]]],
[[[10.4943,64.3662,11.5387],[10.4922,64.363,0.0],[10.4979,64.3604,0.0],[10.5016,64.3609,17.722],[10.5016,64.3662,5.2026],[10.4943,64.3662,11.5387]]],
[[[10.4307,64.3682,8.9957],[10.4333,64.3667,0.0],[10.4396,64.3667,0.0],[10.4438,64.3688,23.7348],[10.4542,64.3688,5.6599],[10.4557,64.3703,0.0],[10.4526,64.3714,29.0615],[10.45,64.375,0.0],[10.4354,64.375,9.2687],[10.4234,64.3703,2.3665],[10.425,64.3688,0.0],[10.4307,64.3682,8.9957]]],
[[[10.6167,64.3833,0.0],[10.6222,64.3833,0.0],[10.6212,64.3863,28.3083],[10.6109,64.3859,30.6209],[10.6127,64.3833,7.0824],[10.6167,64.3833,0.0]]],
[[[10.5458,64.3854,0.0],[10.5417,64.3875,10.5212],[10.5396,64.3854,11.8797],[10.5417,64.3833,0.0],[10.5474,64.3839,0.0],[10.5458,64.3854,0.0]]],
[[[10.5218,64.4164,144.9744],[10.5165,64.416,68.227],[10.5134,64.4249,77.7589],[10.4979,64.425,7.049],[10.4901,64.4224,0.4345],[10.4891,64.4172,0.0],[10.4734,64.4161,0.0],[10.4724,64.413,2.2822],[10.463,64.4099,2.3828],[10.4599,64.4047,9.0307],[10.4547,64.4036,0.0],[10.4542,64.4021,0.0],[10.4547,64.4005,1.944],[10.462,64.3995,0.0],[10.4688,64.3958,0.0],[10.4849,64.3953,0.0],[10.4839,64.3922,7.3552],[10.4896,64.3896,21.9319],[10.5,64.3896,0.0],[10.5016,64.3912,2.3263],[10.4984,64.3932,0.0],[10.5005,64.3953,0.4547],[10.5083,64.3958,0.0],[10.5125,64.3979,0.0],[10.5229,64.3979,0.0],[10.5271,64.4,3.5806],[10.5625,64.4021,23.3055],[10.5695,64.3988,0.0],[10.5683,64.4014,20.2734],[10.5517,64.4054,155.3863],[10.5504,64.4091,205.5461],[10.5401,64.4084,113.3973],[10.5386,64.4129,228.8859],[10.5283,64.4122,58.8532],[10.5268,64.4167,186.4733],[10.5218,64.4164,144.9744]]],
[[[10.4208,64.4104,0.0],[10.4224,64.412,3.0304],[10.4193,64.412,0.0],[10.4193,64.4109,0.0],[10.4208,64.4104,0.0]]]]}
,"properties": {"GID_1": "NOR.15_1","GID_0": "NOR","country": "Norway","province": "Sør-Trøndelag","VARNAME_1": "Soer-Troendelagfylke|SøndreTro","NL_NAME_1": "NA","TYPE_1": "Fylke","ENGTYPE_1": "County","CC_1": "NA","HASC_1": "NO.ST","ISO_1": "NA","name": "Sør-Trøndelag.province","area_km2": 18877.87,"hist_schema_id": "Elevation0-9000","hist_area_km2": {"0": 557.34,"25": 570.86,"50": 430.16,"75": 431.3,"100": 337.67,"125": 301.29,"150": 400.82,"175": 366.78,"200": 374.58,"225": 400.44,"250": 432.7,"275": 480.49,"300": 482.89,"325": 458.29,"350": 455.13,"375": 438.54,"400": 414.94,"425": 395.96,"450": 394.31,"475": 377.57,"500": 356.31,"525": 372.73,"550": 400.92,"575": 377.47,"600": 352.26,"625": 360.77,"650": 425.85,"675": 385.38,"700": 458.94,"725": 492.65,"750": 537.65,"775": 518.9,"800": 462.98,"825": 445.51,"850": 423.35,"875": 402.6,"900": 362.66,"925": 313.81,"950": 274.61,"975": 243.73,"1000": 217.0,"1025": 195.74,"1050": 183.98,"1075": 162.45,"1100": 143.1,"1125": 139.34,"1150": 122.95,"1175": 111.08,"1200": 104.84,"1225": 100.89,"1250": 97.64,"1275": 94.44,"1300": 94.08,"1325": 85.49,"1350": 80.33,"1375": 72.63,"1400": 60.42,"1425": 49.98,"1450": 47.33,"1475": 43.38,"1500": 36.95,"1525": 32.22,"1550": 28.71,"1575": 23.85,"1600": 19.14,"1625": 15.01,"1650": 11.71,"1675": 9.74,"1700": 5.96,"1725": 4.98,"1750": 4.11,"1775": 2.9,"1800": 1.8,"1825": 1.2,"1850": 0.74,"1875": 0.39}}}