{"type":"Feature","properties":{"GID_1":"NOR.8_1","GID_0":"NOR","country":"Norway","province":"MøreogRomsdal","VARNAME_1":"MoereogRomsdalfylk|Møre|Romsd","NL_NAME_1":"NA","TYPE_1":"Fylke","ENGTYPE_1":"County","CC_1":"NA","HASC_1":"NO.MR","ISO_1":"NA","name":"Møreog_Romsdal.province"},
"geometry":{"type": "MultiPolygon","coordinates": [[[[5.8917,62.05,0.0],[5.8958,62.05,0.0],[5.8974,62.0516,0.0],[5.8896,62.0521,0.0],[5.8896,62.05,0.0],[5.8917,62.05,0.0]]],
[[[5.6292,62.1708,0.0],[5.6089,62.1641,2.5646],[5.6161,62.1599,252.6313],[5.6146,62.1583,419.362],[5.5917,62.1583,507.4405],[5.5875,62.1604,278.5873],[5.5792,62.1604,377.0033],[5.5776,62.162,180.3444],[5.5807,62.1641,24.5196],[5.5708,62.1667,0.0],[5.5609,62.1672,8.313],[5.5474,62.1745,0.0],[5.5417,62.175,19.6657],[5.5318,62.1797,4.259],[5.5307,62.1828,0.0],[5.5234,62.1839,0.0],[5.5224,62.187,0.0],[5.5141,62.1911,0.0],[5.5,62.1937,3.7845],[5.4917,62.1979,14.4124],[5.4859,62.1974,18.7126],[5.4729,62.1917,6.7132],[5.4609,62.1911,0.3571],[5.4568,62.1891,0.0],[5.4557,62.1859,2.4884],[5.4495,62.1818,0.0],[5.4359,62.1766,0.0],[5.4354,62.1667,0.0],[5.4391,62.1641,14.9991],[5.437,62.1568,0.0],[5.4276,62.1536,-0.1143],[5.4266,62.1484,10.9109],[5.4172,62.1453,0.0],[5.4161,62.1359,62.6413],[5.4068,62.1297,9.25],[5.4099,62.1286,27.9159],[5.4109,62.1255,0.0],[5.4182,62.1245,87.5929],[5.4193,62.1214,0.0],[5.425,62.1208,47.3612],[5.4307,62.1182,49.1116],[5.4297,62.1151,0.0],[5.4328,62.1141,0.0],[5.4339,62.1089,0.0],[5.437,62.1078,6.8134],[5.438,62.1026,0.9568],[5.4479,62.1,0.0],[5.4563,62.1,7.6251],[5.4604,62.0979,0.0],[5.4646,62.1,3.3269],[5.4875,62.1,0.0],[5.4917,62.1021,8.3453],[5.4958,62.1021,10.5053],[5.5,62.1,0.0],[5.5458,62.1,0.0],[5.55,62.0979,1.555],[5.5625,62.0979,0.0],[5.5651,62.0943,0.0],[5.5682,62.0932,0.0],[5.5672,62.088,0.0],[5.5771,62.0833,0.0],[5.5875,62.0833,1.8193],[5.5917,62.0812,0.0],[5.5958,62.0833,12.4748],[5.6057,62.0807,0.0],[5.6182,62.0745,0.0],[5.6172,62.0693,0.0],[5.6208,62.0667,0.0],[5.6109,62.0599,0.0],[5.6141,62.0578,0.0],[5.6151,62.0547,0.0],[5.6182,62.0536,0.0],[5.6125,62.05,0.0],[5.6099,62.0536,0.0],[5.6068,62.0547,0.0],[5.6057,62.0578,0.0],[5.6026,62.0589,0.0],[5.5995,62.0682,0.0],[5.5937,62.0708,22.5992],[5.5792,62.0729,0.0],[5.575,62.0687,0.0],[5.5667,62.0687,0.0],[5.55,62.0771,0.0],[5.5214,62.0745,4.6645],[5.5214,62.0714,0.0],[5.5245,62.0703,23.7276],[5.5229,62.0604,0.0],[5.5266,62.0578,67.3825],[5.5245,62.0443,14.3837],[5.5151,62.0432,0.0],[5.5141,62.0359,12.5853],[5.5089,62.0349,0.0],[5.5078,62.0297,0.0],[5.5025,62.0264,0.0],[5.5032,62.0249,6.3345],[5.4942,62.0229,3.5357],[5.5023,62.0065,184.3729],[5.5117,62.0074,455.8711],[5.5138,62.0031,325.2456],[5.4951,62.0011,245.401],[5.4972,61.9967,422.2285],[5.4598,61.9928,420.9334],[5.4683,61.9753,505.1153],[5.515,61.9802,204.0],[5.5171,61.9758,204.6939],[5.5264,61.9768,299.599],[5.5285,61.9724,314.0795],[5.5379,61.9734,372.082],[5.54,61.9691,363.2535],[5.5493,61.97,336.0],[5.5535,61.9613,401.5],[5.5629,61.9623,659.0283],[5.565,61.9579,659.5368],[5.6584,61.9676,453.886],[5.6563,61.972,713.0985],[5.6843,61.9749,806.5991],[5.6885,61.9662,803.3047],[5.6978,61.9671,880.1135],[5.6999,61.9628,663.5],[5.7093,61.9637,635.737],[5.7072,61.9681,857.8876],[5.7165,61.9691,656.5644],[5.7145,61.9735,801.7253],[5.7238,61.9744,697.6884],[5.7217,61.9788,838.2295],[5.7404,61.9807,687.2463],[5.7425,61.9764,679.5],[5.7519,61.9773,828.9667],[5.7539,61.973,818.034],[5.7726,61.9749,861.1766],[5.7747,61.9705,775.3755],[5.7841,61.9715,756.676],[5.7861,61.9671,555.5669],[5.8048,61.969,463.6866],[5.8069,61.9646,658.0882],[5.863,61.9704,767.6652],[5.8609,61.9748,812.0],[5.8796,61.9767,690.4525],[5.8776,61.9811,733.0],[5.8869,61.982,782.43],[5.8849,61.9864,748.4674],[5.9691,61.995,1183.7936],[5.9711,61.9906,1020.9118],[5.9805,61.9916,877.5308],[5.9825,61.9872,853.6496],[6.0013,61.9891,732.3309],[6.0094,61.9716,565.7863],[6.0188,61.9725,475.9651],[6.0269,61.955,535.8073],[6.0363,61.9559,782.4667],[6.0383,61.9515,773.5722],[6.1412,61.9619,307.965],[6.1372,61.9707,553.5223],[6.1465,61.9716,714.3564],[6.1405,61.9848,851.1437],[6.1686,61.9876,554.6846],[6.1665,61.992,612.3771],[6.1759,61.9929,481.8871],[6.1719,62.0017,436.7268],[6.1812,62.0026,450.1962],[6.1772,62.0114,651.7167],[6.1866,62.0123,640.3879],[6.1846,62.0167,660.4985],[6.2127,62.0195,717.8776],[6.2167,62.0107,592.9889],[6.2261,62.0117,783.5755],[6.2341,61.9941,973.8877],[6.2529,61.996,867.391],[6.2549,61.9916,767.3431],[6.2642,61.9925,618.4454],[6.2662,61.9882,600.6071],[6.2756,61.9891,484.2744],[6.2776,61.9847,446.4172],[6.287,61.9856,455.8708],[6.289,61.9813,420.0917],[6.2983,61.9822,420.5685],[6.3043,61.969,755.5001],[6.3137,61.97,710.3826],[6.3157,61.9656,719.011],[6.3344,61.9674,536.597],[6.3364,61.963,640.4161],[6.3551,61.9649,876.8768],[6.3531,61.9693,705.6118],[6.3719,61.9711,593.5338],[6.3699,61.9755,811.9102],[6.3886,61.9774,662.7407],[6.3866,61.9817,892.1267],[6.4054,61.9836,1040.1058],[6.4034,61.988,1062.4172],[6.4128,61.9889,1022.708],[6.4108,61.9933,1032.8005],[6.4202,61.9942,853.6824],[6.4182,61.9986,860.0056],[6.4275,61.9995,666.0247],[6.4236,62.0083,767.3448],[6.433,62.0092,582.8353],[6.431,62.0136,716.3821],[6.4404,62.0145,777.3042],[6.4384,62.0189,814.9011],[6.5135,62.0262,836.8375],[6.5095,62.035,1125.2625],[6.5189,62.0359,911.9282],[6.515,62.0447,833.9158],[6.5338,62.0466,1038.2522],[6.5318,62.0509,1040.9407],[6.5882,62.056399999999996,1328.8392],[6.5901,62.052,1311.9104],[6.6277,62.0557,1248.7332],[6.6258,62.06,837.0164],[6.6352,62.061,1024.2866],[6.6332,62.0653,675.2483],[6.6426,62.0663,705.7863],[6.6407,62.0706,633.0],[6.6595,62.0725,1453.3347],[6.6614,62.0681,1223.1694],[6.6802,62.0699,1024.1113],[6.6841,62.0611,1206.0896],[6.6935,62.062,917.1499],[6.7013,62.0444,1034.7571],[6.7107,62.0453,1037.0933],[6.7165,62.0321,628.3373],[6.7259,62.033,495.346],[6.7337,62.0155,506.9153],[6.7431,62.0164,507.938],[6.7489,62.0032,1075.4045],[6.7582,62.0041,710.3062],[6.766,61.9865,899.272],[6.7754,61.9874,1072.2284],[6.7831,61.9698,983.0],[6.7924,61.9707,1440.5616],[6.7963,61.962,869.6727],[6.815,61.9637,883.931],[6.817,61.9593,787.1413],[6.8545,61.9629,1034.9229],[6.8526,61.9673,1156.119],[6.8713,61.9691,904.1212],[6.8694,61.9735,1048.199],[6.9351,61.9797,1181.1796],[6.9332,61.9841,1296.2118],[6.9425,61.985,1156.8467],[6.9445,61.9806,891.8562],[6.982,61.9841,1451.4891],[6.9839,61.9797,1559.6508],[7.0121,61.9824,1197.431],[7.0139,61.978,959.1041],[7.0609,61.9824,859.1899],[7.059,61.9868,974.9747],[7.0684,61.9877,1032.1846],[7.0665,61.9921,1233.1094],[7.0759,61.9929,1211.0773],[7.074,61.9973,1345.8486],[7.0834,61.9982,1407.1461],[7.0815,62.0026,1638.2032],[7.1003,62.0044,1658.8264],[7.0984,62.0088,1432.4437],[7.1548,62.014,1474.136],[7.1529,62.0184,1268.254],[7.1623,62.0193,1409.5079],[7.1642,62.0149,1346.6326],[7.2018,62.0184,1403.8831],[7.1963,62.0316,1617.4501],[7.2338,62.035,1471.4321],[7.2376,62.0262,1593.718],[7.247,62.0271,1384.5862],[7.2544,62.0095,1639.1108],[7.3202,62.0155,1359.7786],[7.3221,62.0111,1359.6687],[7.3409,62.0129,1181.3386],[7.3427,62.0085,1500.988],[7.3522,62.0093,1208.298],[7.3466,62.0225,1114.9695],[7.356,62.0234,1459.0435],[7.3505,62.0366,1127.5402],[7.3599,62.0374,1140.7981],[7.358,62.0418,1123.9215],[7.3769,62.0436,1213.5084],[7.375,62.048,1123.5221],[7.3844,62.0488,1165.3083],[7.3826,62.0532,1125.2245],[7.4014,62.0549,1209.8535],[7.3996,62.0593,1075.6655],[7.409,62.0602,1279.8715],[7.4053,62.069,1012.8926],[7.4147,62.0698,1020.5148],[7.4092,62.0831,1001.4191],[7.4186,62.0839,998.0],[7.4149,62.0927,997.7944],[7.4338,62.0944,1301.1233],[7.4357,62.09,1274.7971],[7.4639,62.0926,1421.9456],[7.4658,62.0882,1425.3818],[7.4752,62.089,1272.9301],[7.4734,62.0934,1294.5649],[7.53,62.0985,1396.1122],[7.5355,62.0853,1485.8256],[7.5449,62.0862,1332.4861],[7.5504,62.0729,1415.8704],[7.5598,62.0738,1367.9565],[7.5634,62.065,1313.0898],[7.5823,62.0667,1342.3129],[7.5805,62.0711,1331.7152],[7.5993,62.0728,1609.3381],[7.5975,62.0772,1399.0341],[7.6164,62.0788,1496.6022],[7.6146,62.0832,1328.2063],[7.6334,62.0849,1332.527],[7.628,62.0981,1540.3303],[7.6186,62.0973,1591.6338],[7.6149,62.1061,1408.0853],[7.6055,62.1053,1580.2644],[7.6019,62.1141,1264.4364],[7.5924,62.1132,1372.2943],[7.5869,62.1265,1476.0876],[7.6247,62.1298,1408.6321],[7.6229,62.1342,1393.2419],[7.6607,62.1376,1748.1797],[7.6589,62.142,1850.8625],[7.6684,62.1428,1566.7742],[7.6665,62.1472,1599.0388],[7.6855,62.1489,1330.7343],[7.6836,62.1533,1328.1979],[7.6931,62.1542,1296.705],[7.6913,62.1586,1248.4513],[7.7008,62.1594,1173.4347],[7.6989,62.1638,1166.2405],[7.7084,62.1646,1201.7749],[7.7066,62.169,1272.1969],[7.7161,62.1699,1491.3634],[7.7143,62.1743,1595.7297],[7.7237,62.1751,1670.5472],[7.7219,62.1795,1814.6448],[7.7314,62.1804,1792.8174],[7.7296,62.1848,1849.1686],[7.7769,62.1889,1647.1714],[7.7787,62.1845,1706.7466],[7.7977,62.1862,1511.9761],[7.7994,62.1818,1441.3716],[7.8184,62.1834,1461.6534],[7.8202,62.179,1359.0243],[7.8296,62.1799,1353.525],[7.8314,62.1754,1405.9976],[7.8504,62.1771,1667.4176],[7.8522,62.1727,1778.5493],[7.8616,62.1735,1874.1313],[7.8634,62.1691,1924.6742],[7.9865,62.1798,1856.0457],[7.9847,62.1842,1808.3068],[7.9942,62.185,1692.9314],[7.9925,62.1894,1628.6686],[8.0019,62.1902,1698.6453],[8.0002,62.1946,1667.9047],[8.0096,62.1954,1691.1111],[8.0079,62.1999,1515.8901],[8.0173,62.2007,1513.0209],[8.0156,62.2051,1422.0638],[8.0251,62.2059,1374.7483],[8.0215,62.2147,1235.9956],[8.031,62.2155,1227.3396],[8.0293,62.2199,1211.3728],[8.0387,62.2208,1221.1387],[8.037,62.2252,1217.5765],[8.0465,62.226,1223.1273],[8.0447,62.2304,1270.9424],[8.0542,62.2312,1280.0759],[8.0524,62.2356,1359.5472],[8.0619,62.2364,1406.8086],[8.0602,62.2408,1389.0153],[8.0697,62.2417,1354.6045],[8.0679,62.2461,1302.7179],[8.0774,62.2469,1247.8778],[8.0756,62.2513,1237.4956],[8.0851,62.2521,1123.3992],[8.0834,62.2565,978.1755],[8.0929,62.2573,798.0695],[8.0911,62.2617,715.0726],[8.1006,62.2625,669.2247],[8.0989,62.267,643.3939],[8.1084,62.2678,639.1829],[8.1049,62.2766,631.769],[8.1144,62.2774,532.0359],[8.1108,62.2862,520.8925],[8.1204,62.287,461.4002],[8.1168,62.2959,391.908],[8.1264,62.2967,512.7739],[8.1246,62.3011,509.9201],[8.1341,62.3019,802.5694],[8.1324,62.3063,700.4803],[8.1419,62.3071,840.5206],[8.1401,62.3115,821.5693],[8.1496,62.3123,913.9167],[8.1479,62.3167,978.214],[8.1574,62.3175,1115.7633],[8.1539,62.3264,1302.7563],[8.1634,62.3272,1415.005],[8.1617,62.3316,1458.2107],[8.1712,62.3324,1602.8341],[8.1694,62.3368,1565.1074],[8.2361,62.3424,1125.2256],[8.2344,62.3468,1121.735],[8.3106,62.3532,1459.6459],[8.3089,62.3576,1340.1714],[8.4711,62.371,1301.8624],[8.4728,62.3666,1318.3887],[8.616,62.3783,853.0],[8.6177,62.3739,853.0],[8.6941,62.3801,1041.9742],[8.6958,62.3756,1055.3363],[8.7722,62.3818,1325.1702],[8.7739,62.3774,1523.8751],[8.8216,62.3812,1455.3336],[8.8233,62.3767,1492.7932],[8.8615,62.3798,1788.1177],[8.8632,62.3754,1682.7727],[8.8727,62.3761,1734.2063],[8.8744,62.3717,1712.3978],[8.8935,62.3732,1892.4127],[8.8984,62.3599,1596.5103],[8.908,62.3607,1642.0739],[8.9096,62.3563,1628.2673],[8.9383,62.3585,1767.822],[8.9399,62.3541,1716.7585],[8.9685,62.3564,1709.6022],[8.9702,62.3519,1814.3262],[8.9988,62.3542,1665.9128],[8.9972,62.3586,1482.5898],[9.0259,62.3609,1691.0717],[9.0242,62.3653,1683.5277],[9.0433,62.3668,1652.1837],[9.0417,62.3712,1679.7639],[9.0704,62.3734,1543.1926],[9.0688,62.3779,1655.7156],[9.0975,62.3801,1776.567],[9.0958,62.3845,1788.6345],[9.115,62.386,1673.7661],[9.1133,62.3904,1731.7472],[9.142,62.3926,1598.5081],[9.1388,62.4015,1633.797],[9.1484,62.4022,1620.0306],[9.1468,62.4067,1639.2786],[9.1563,62.4074,1617.7666],[9.1547,62.4118,1528.9736],[9.1643,62.4126,1493.2477],[9.1611,62.4214,1575.3291],[9.1707,62.4221,1451.0068],[9.1691,62.4266,1510.2904],[9.1786,62.4273,1440.9485],[9.177,62.4317,1348.9501],[9.1866,62.4325,1467.0345],[9.185,62.4369,1602.4144],[9.1946,62.4376,1633.8123],[9.1833,62.4686,1507.9297],[9.1929,62.4693,1525.233],[9.1897,62.4782,1653.6628],[9.1993,62.4789,1561.4337],[9.196,62.4878,1595.921],[9.2056,62.4885,1608.7668],[9.1976,62.5107,964.471],[9.2072,62.5114,1018.5457],[9.2056,62.5158,1177.3848],[9.2152,62.5166,1223.938],[9.212,62.5254,1225.7339],[9.2216,62.5261,1235.292],[9.22,62.5306,1253.4171],[9.2296,62.5313,1248.6427],[9.2248,62.5446,1281.6177],[9.2344,62.5453,1241.8925],[9.2247,62.5719,678.0181],[9.2151,62.5711,681.4455],[9.2135,62.5756,476.1863],[9.1557,62.5712,229.9024],[9.1541,62.5756,493.4106],[9.1445,62.5748,235.2516],[9.1412,62.5837,838.1597],[9.1316,62.583,812.2183],[9.1283,62.5918,1073.6334],[9.1187,62.5911,1013.0703],[9.1155,62.5999,1254.7516],[9.1058,62.5992,1060.4147],[9.1026,62.608,1281.4799],[9.0929,62.6073,1076.1678],[9.0897,62.6161,1316.2789],[9.08,62.6154,1268.0929],[9.0767,62.6242,1594.5856],[9.0671,62.6235,1499.2849],[9.0638,62.6323,1416.8073],[9.0542,62.6316,1290.3934],[9.0509,62.6404,1302.3499],[9.0413,62.6397,1458.1852],[9.038,62.6486,1398.9033],[9.0283,62.6478,1262.0964],[9.025,62.6567,1309.5206],[9.0057,62.6552,1079.8842],[9.0041,62.6596,1240.8823],[8.9944,62.6588,1116.3246],[8.9928,62.6633,1134.4211],[8.9831,62.6625,1395.9376],[8.9815,62.6669,1288.7625],[8.9622,62.6654,1139.1127],[8.9605,62.6699,1111.8135],[8.9509,62.6691,1110.2041],[8.9492,62.6735,1046.4309],[8.9396,62.6728,1136.3823],[8.9379,62.6772,1013.9892],[8.9282,62.6764,1099.0623],[8.9266,62.6809,945.7086],[8.9073,62.6794,1112.6371],[8.9023,62.6926,868.7957],[8.9119,62.6934,1074.0544],[8.9086,62.7022,1106.7699],[8.9183,62.703,1081.8586],[8.9149,62.7118,1293.3987],[8.9246,62.7126,1221.5211],[8.9196,62.7259,876.1817],[8.9389,62.7274,760.0652],[8.9373,62.7318,796.6245],[8.9566,62.7333,884.6785],[8.9549,62.7377,997.9489],[8.9839,62.74,1337.5417],[8.9823,62.7444,1437.1323],[9.0404,62.7489,1098.0029],[9.0387,62.7533,922.7263],[9.0871,62.757,856.3578],[9.0855,62.7615,867.121],[9.1436,62.7659,797.5535],[9.1419,62.7703,792.0663],[9.2001,62.7748,1256.802],[9.1984,62.7792,1218.4299],[9.2566,62.7836,1122.7589],[9.255,62.788,1192.583],[9.3035,62.7917,914.5925],[9.3018,62.7961,859.9412],[9.36,62.8005,1141.5918],[9.3584,62.8049,999.7883],[9.4167,62.8092,1333.797],[9.4135,62.8181,1427.8705],[9.4232,62.8188,1441.5896],[9.4216,62.8232,1353.5956],[9.4313,62.824,1381.2119],[9.4281,62.8328,1003.0798],[9.4378,62.8335,1019.3293],[9.4362,62.838,785.9539],[9.4459,62.8387,841.9591],[9.4443,62.8431,727.4158],[9.454,62.8438,772.3621],[9.4461,62.866,1122.6416],[9.4558,62.8667,1043.7423],[9.4398,62.911,854.865],[9.43,62.9103,844.638],[9.4172,62.9457,689.6915],[9.427,62.9464,833.0128],[9.4237,62.9553,907.6494],[9.4432,62.9567,846.3663],[9.4416,62.9612,766.2108],[9.4612,62.9626,588.926],[9.4596,62.967,533.5704],[9.4693,62.9677,507.2398],[9.4661,62.9766,493.3159],[9.4759,62.9773,502.9018],[9.4727,62.9862,497.3986],[9.4824,62.9869,540.8411],[9.4808,62.9913,565.6323],[9.5199,62.9942,696.319],[9.5183,62.9986,716.0229],[9.5476,63.0008,820.3915],[9.546,63.0052,793.9681],[9.5851,63.008,1021.2092],[9.5835,63.0125,1023.0992],[9.5738,63.0118,935.8918],[9.5706,63.0206,783.5944],[9.551,63.0192,650.6526],[9.5494,63.0236,596.0297],[9.5201,63.0215,600.8185],[9.5185,63.0259,542.3471],[9.4989,63.0245,563.8964],[9.4941,63.0378,680.7652],[9.4844,63.0371,637.7512],[9.4827,63.0415,687.032],[9.4534,63.0393,528.4529],[9.4518,63.0438,504.0634],[9.4322,63.0423,587.2906],[9.429,63.0512,546.2089],[9.4192,63.0505,539.6305],[9.4176,63.0549,494.3158],[9.4274,63.0556,562.7363],[9.4258,63.0601,503.2964],[9.4453,63.0615,554.8222],[9.4437,63.0659,561.2774],[9.4535,63.0666,633.1458],[9.4503,63.0755,556.3076],[9.4601,63.0762,541.4292],[9.4537,63.0939,375.591],[9.4341,63.0925,308.8237],[9.4292,63.1058,335.6888],[9.439,63.1065,434.3834],[9.4358,63.1154,455.4343],[9.4456,63.1161,480.7531],[9.4424,63.1249,450.3517],[9.4522,63.1257,482.7924],[9.4489,63.1345,377.3907],[9.4587,63.1352,399.3268],[9.4523,63.153,303.4442],[9.4425,63.1522,320.5576],[9.4376,63.1655,302.9474],[9.4474,63.1663,258.0851],[9.4458,63.1707,321.8149],[9.4556,63.1714,262.4342],[9.454,63.1758,355.1735],[9.4639,63.1766,260.5493],[9.4622,63.181,277.5734],[9.4524,63.1803,414.4504],[9.4508,63.1847,438.3793],[9.441,63.184,568.2283],[9.4393,63.1884,410.7419],[9.4295,63.1877,498.6476],[9.4279,63.1921,349.7754],[9.418,63.1914,413.5674],[9.4164,63.1958,358.8516],[9.4066,63.1951,404.7171],[9.405,63.1995,334.646],[9.3951,63.1988,367.4191],[9.3935,63.2032,342.2401],[9.3837,63.2025,387.7681],[9.382,63.2069,340.5072],[9.3722,63.2062,354.9778],[9.3706,63.2106,277.4673],[9.3607,63.2099,277.4147],[9.3591,63.2144,277.3514],[9.3394,63.2129,293.0772],[9.341,63.2085,279.7427],[9.3312,63.2077,282.3286],[9.3328,63.2033,296.3568],[9.3132,63.2019,292.425],[9.3148,63.1974,377.0054],[9.2952,63.196,312.6638],[9.2935,63.2004,316.777],[9.2738,63.1989,323.5917],[9.2722,63.2034,323.3461],[9.2624,63.2026,424.2418],[9.2607,63.2071,406.5193],[9.241,63.2056,578.3093],[9.2394,63.21,494.9996],[9.2296,63.2093,534.02],[9.2312,63.2049,607.9663],[9.2116,63.2034,660.8343],[9.2132,63.199,692.5673],[9.2034,63.1982,719.5638],[9.205,63.1938,657.2749],[9.1854,63.1923,546.5092],[9.187,63.1879,532.7723],[9.1674,63.1864,610.662],[9.169,63.182,687.8085],[9.1396,63.1798,911.6976],[9.1412,63.1754,997.7289],[9.1511,63.1761,863.4683],[9.1544,63.1672,907.3035],[9.1642,63.168,721.6154],[9.1692,63.1547,709.6646],[9.179,63.1554,651.739],[9.1823,63.1466,886.9011],[9.1921,63.1473,872.3366],[9.1954,63.1385,897.5298],[9.1856,63.1377,817.8446],[9.1873,63.1333,860.9586],[9.1775,63.1326,835.0982],[9.1791,63.1281,744.9398],[9.1399,63.1252,728.0051],[9.1383,63.1296,693.6315],[9.1088,63.1274,678.4032],[9.1072,63.1318,655.4813],[9.0876,63.1303,325.7051],[9.0859,63.1347,308.9071],[9.0761,63.134,300.5233],[9.0744,63.1384,247.0422],[9.0548,63.1369,555.339],[9.0531,63.1414,613.5889],[9.0433,63.1406,651.685],[9.0416,63.145,700.1713],[9.0122,63.1428,729.8536],[9.0105,63.1472,692.6146],[8.9909,63.1457,724.7652],[8.9926,63.1413,722.0033],[8.973,63.1398,539.7609],[8.9747,63.1354,526.2994],[8.9649,63.1346,556.3974],[8.9666,63.1302,524.36],[8.947,63.1287,474.2525],[8.9487,63.1243,454.3689],[8.9291,63.1228,544.6198],[8.9308,63.1183,528.2016],[8.9112,63.1168,645.2246],[8.9095,63.1212,619.7658],[8.8899,63.1197,404.1452],[8.8882,63.1242,418.8434],[8.8784,63.1234,393.5771],[8.8801,63.119,429.5002],[8.8507,63.1167,693.9153],[8.8473,63.1255,552.7853],[8.8277,63.124,821.3692],[8.826,63.1284,738.4839],[8.8064,63.1269,813.1883],[8.8047,63.1313,811.3635],[8.8145,63.1321,576.4293],[8.811,63.1409,613.8715],[8.8208,63.1417,561.0131],[8.8191,63.1461,879.9588],[8.8289,63.1469,818.5108],[8.8272,63.1513,765.3082],[8.8174,63.1506,757.3831],[8.814,63.1594,741.7011],[8.8042,63.1586,741.7662],[8.8007,63.1675,575.1609],[8.7909,63.1667,662.312],[8.7875,63.1756,408.82],[8.7777,63.1748,430.3362],[8.7742,63.1836,96.1469],[8.7644,63.1829,157.2728],[8.7583,63.1854,0.0],[8.7542,63.1833,56.345],[8.7396,63.1833,0.0],[8.7354,63.1854,0.0],[8.7167,63.1854,52.058],[8.7125,63.1833,113.1886],[8.6938,63.1833,0.0],[8.6896,63.1813,37.6682],[8.6729,63.1813,0.0],[8.6688,63.1792,79.9778],[8.6583,63.1792,0.0],[8.6438,63.1729,9.9134],[8.6396,63.175,0.0],[8.6354,63.1729,42.873],[8.625,63.1729,0.0],[8.6208,63.1708,8.9459],[8.5958,63.1708,0.0],[8.5833,63.1667,45.8087],[8.5688,63.1667,0.0],[8.5625,63.1625,29.7157],[8.5464,63.1599,0.0],[8.5495,63.1568,6.0535],[8.5458,63.1542,44.5552],[8.5417,63.1563,0.0],[8.5375,63.1563,0.0],[8.5313,63.1521,0.0],[8.5271,63.1542,0.0],[8.5229,63.1542,0.0],[8.5203,63.1505,6.2707],[8.5099,63.1464,3.0855],[8.5005,63.1453,6.7891],[8.5104,63.1396,5.2428],[8.5146,63.1417,5.9579],[8.5479,63.1417,0.0],[8.5521,63.1437,0.0],[8.562,63.1391,0.0],[8.562,63.1359,19.9186],[8.5568,63.1339,0.0],[8.5625,63.1333,0.0],[8.5693,63.1297,0.0],[8.5792,63.1271,0.0],[8.6036,63.1266,0.0],[8.6083,63.1229,16.3971],[8.6078,63.1214,59.6804],[8.6026,63.1193,0.0],[8.6187,63.1188,0.0],[8.6245,63.1161,0.0],[8.6229,63.1083,0.0],[8.6266,63.1057,19.5737],[8.6255,63.1026,0.0],[8.6286,63.1005,0.0],[8.6167,63.0958,0.0],[8.6125,63.0958,22.3104],[8.6068,63.0984,0.0],[8.6036,63.1078,0.0],[8.5964,63.1109,5.6799],[8.5953,63.1141,0.0],[8.588,63.1172,38.0649],[8.5891,63.1203,34.1071],[8.5807,63.1245,0.0],[8.5776,63.1245,0.0],[8.5729,63.1208,23.118],[8.5688,63.1208,23.7179],[8.5589,63.1255,2.6962],[8.5557,63.1307,0.0],[8.5479,63.1312,0.0],[8.5396,63.1354,10.1343],[8.5313,63.1354,0.0],[8.5271,63.1396,0.0],[8.5214,63.137,28.7314],[8.5245,63.1339,0.0],[8.5167,63.1312,0.0],[8.5047,63.1318,5.6918],[8.4984,63.1359,3.2879],[8.4974,63.1411,0.0],[8.4958,63.1417,0.0],[8.4813,63.1354,50.345],[8.4708,63.1354,0.0],[8.4667,63.1333,0.0],[8.4609,63.1339,0.0],[8.4583,63.1375,0.0],[8.4396,63.1375,0.0],[8.4354,63.1354,35.782],[8.4328,63.1391,0.0],[8.4271,63.1417,2.6518],[8.4229,63.1417,0.0],[8.4021,63.1354,0.0],[8.3833,63.1354,0.0],[8.3792,63.1333,0.0],[8.3646,63.1333,25.0141],[8.3464,63.138,26.0291],[8.3438,63.1417,0.0],[8.338,63.1422,47.5268],[8.337,63.1453,0.0],[8.3339,63.1464,10.3128],[8.3349,63.1495,0.0],[8.3333,63.15,0.0],[8.3229,63.15,0.0],[8.3146,63.1458,40.3291],[8.2708,63.1479,0.0],[8.2667,63.1458,27.8528],[8.2625,63.1479,0.0],[8.2542,63.1479,0.0],[8.2464,63.1453,0.0],[8.2453,63.1422,51.6743],[8.2401,63.1411,0.0],[8.2396,63.1396,0.0],[8.2432,63.137,0.0],[8.2443,63.1339,0.0],[8.2505,63.1297,0.0],[8.2729,63.1188,0.0],[8.2875,63.1188,0.0],[8.2917,63.1167,0.0],[8.3,63.1167,20.5592],[8.3182,63.112,0.0],[8.3172,63.1005,0.0],[8.3297,63.0943,0.0],[8.337,63.0932,15.2248],[8.3354,63.0917,26.4519],[8.3234,63.0911,0.0],[8.3214,63.0859,0.0],[8.3271,63.0833,0.0],[8.3375,63.0833,0.0],[8.3391,63.0818,27.9748],[8.3313,63.0792,28.2193],[8.3271,63.0812,0.0],[8.3224,63.0776,0.0],[8.3125,63.075,34.5788],[8.3063,63.0771,0.0],[8.3021,63.075,0.0],[8.2875,63.075,0.0],[8.2818,63.0776,0.0],[8.2839,63.0849,0.0],[8.2917,63.0875,0.0],[8.2995,63.088,0.0],[8.3005,63.0911,0.0],[8.3099,63.0922,0.0],[8.3099,63.0953,0.0],[8.2958,63.1021,0.0],[8.2917,63.1021,0.0],[8.2875,63.1,23.4059],[8.2771,63.1,6.3104],[8.2714,63.1026,15.2828],[8.2703,63.1057,0.0],[8.2526,63.1151,15.7863],[8.2516,63.1203,0.0],[8.2484,63.1214,10.5407],[8.2495,63.1266,0.0],[8.2422,63.1276,4.6609],[8.2411,63.1307,0.0],[8.2339,63.1339,0.0],[8.2307,63.1391,0.0],[8.2266,63.1411,0.0],[8.2229,63.1417,0.0],[8.2104,63.1375,33.9768],[8.2,63.1375,0.0],[8.1974,63.1339,0.0],[8.1896,63.1312,46.3851],[8.1833,63.1312,0.0],[8.1568,63.1245,0.0],[8.1604,63.1208,14.472],[8.1547,63.1151,0.0],[8.1578,63.1141,0.0],[8.1589,63.1089,0.0],[8.1651,63.1047,0.0],[8.1729,63.1042,8.3628],[8.1786,63.1016,14.9383],[8.1755,63.0922,0.0],[8.1786,63.0911,10.3331],[8.1797,63.0859,0.0],[8.187,63.0849,20.364],[8.1859,63.0797,0.0],[8.1979,63.0792,28.6936],[8.2021,63.0771,0.0],[8.2063,63.0771,0.0],[8.2286,63.0682,1.4655],[8.2276,63.0651,0.0],[8.2313,63.0625,2.5519],[8.2313,63.0583,1.2744],[8.2292,63.0542,0.0],[8.2333,63.05,0.0],[8.2307,63.0422,37.2313],[8.2214,63.0391,0.0],[8.2203,63.0359,0.0],[8.2151,63.0349,0.0],[8.2182,63.0328,36.2526],[8.2193,63.0297,0.0],[8.225,63.0271,13.2111],[8.2375,63.025,0.0],[8.2417,63.0229,0.0],[8.25,63.0229,0.0],[8.2708,63.0146,0.0],[8.2896,63.0125,32.422],[8.3021,63.0083,0.0],[8.3167,63.0083,0.0],[8.3313,63.0146,0.0],[8.3354,63.0125,0.0],[8.338,63.0161,0.0],[8.35,63.0208,5.4352],[8.3542,63.0187,0.0],[8.3646,63.0187,0.0],[8.3687,63.0208,25.8095],[8.3786,63.0161,0.0],[8.3813,63.0125,0.0],[8.3854,63.0125,0.0],[8.3896,63.0146,9.2822],[8.4333,63.0146,0.0],[8.4375,63.0167,39.4651],[8.4563,63.0167,0.0],[8.4708,63.0208,0.0],[8.4911,63.0203,0.0],[8.4875,63.0167,0.0],[8.4833,63.0167,0.0],[8.4792,63.0146,0.0],[8.4687,63.0146,0.0],[8.4583,63.0104,12.1708],[8.4479,63.0104,0.0],[8.4438,63.0083,20.566],[8.4063,63.0083,33.9574],[8.4021,63.0104,0.0],[8.3979,63.0083,36.3848],[8.3938,63.0083,47.628],[8.3896,63.0104,0.0],[8.3667,63.0104,0.0],[8.3625,63.0083,8.5619],[8.3417,63.0083,0.0],[8.3396,63.0062,0.0],[8.3432,63.0026,104.3778],[8.3339,63.0016,0.0],[8.3234,62.9953,61.2587],[8.3234,62.9922,0.0],[8.3276,62.9901,0.0],[8.3375,62.9896,64.4308],[8.3516,62.9828,53.593],[8.3505,62.9797,0.0],[8.3661,62.9724,131.9874],[8.3687,62.9688,10.0217],[8.3833,62.9688,0.0],[8.3875,62.9708,41.3444],[8.3917,62.9688,0.0],[8.4063,62.975,19.3845],[8.4167,62.975,0.0],[8.4234,62.9786,0.0],[8.437,62.9818,0.0],[8.45,62.9875,0.0],[8.4604,62.9875,0.0],[8.4703,62.9849,0.0],[8.4708,62.9813,0.0],[8.4667,62.9708,22.9754],[8.4687,62.9688,0.0],[8.4833,62.9729,62.5008],[8.4901,62.9693,0.0],[8.5,62.9667,0.0],[8.5042,62.9688,10.136],[8.5104,62.9688,17.3032],[8.5146,62.9667,0.0],[8.5172,62.9703,0.0],[8.525,62.9729,0.0],[8.5313,62.9729,0.0],[8.5458,62.9792,0.0],[8.5542,62.9792,0.0],[8.575,62.9875,29.4088],[8.5792,62.9854,0.0],[8.5937,62.9896,50.9878],[8.6125,62.9896,0.0],[8.625,62.9854,0.0],[8.6313,62.9854,0.0],[8.6354,62.9896,0.0],[8.6516,62.9891,0.0],[8.6464,62.987,0.0],[8.6458,62.9854,0.0],[8.6495,62.9818,0.0],[8.6443,62.9807,0.0],[8.6438,62.9792,0.0],[8.6516,62.9734,0.0],[8.6438,62.9708,0.0],[8.6104,62.9688,0.0],[8.6021,62.9646,38.7452],[8.5958,62.9646,22.0414],[8.5917,62.9667,0.0],[8.5875,62.9646,9.6215],[8.5833,62.9667,0.0],[8.5729,62.9625,22.0909],[8.5625,62.9625,0.0],[8.5542,62.9583,102.5323],[8.5437,62.9583,28.2068],[8.5396,62.9562,115.0078],[8.5063,62.9562,0.0],[8.5021,62.9583,0.0],[8.4896,62.9583,0.0],[8.4854,62.9604,0.0],[8.4792,62.9604,0.0],[8.4734,62.9578,31.482],[8.4724,62.9547,180.52],[8.4604,62.9542,0.0],[8.4526,62.9516,149.5952],[8.45,62.9479,333.6979],[8.4375,62.9521,0.0],[8.4312,62.9521,0.0],[8.4234,62.9474,69.659],[8.4229,62.9437,0.0],[8.4266,62.9411,0.0],[8.4255,62.938,0.0],[8.4286,62.937,0.0],[8.4297,62.9339,0.0],[8.4354,62.9313,0.0],[8.4411,62.9307,8.8922],[8.4578,62.9224,0.0],[8.4563,62.9167,0.0],[8.4599,62.9141,24.9338],[8.4589,62.9089,0.0],[8.4661,62.9078,30.5291],[8.4672,62.9047,0.0],[8.4745,62.9036,0.0],[8.4812,62.9,0.0],[8.4896,62.9,0.0],[8.5078,62.8953,0.0],[8.5089,62.8922,0.0],[8.5161,62.8911,19.3878],[8.5188,62.8875,0.0],[8.5391,62.887,0.0],[8.5432,62.8849,0.0],[8.538,62.8828,84.8456],[8.5422,62.8797,43.1401],[8.5479,62.8792,0.0],[8.5542,62.8812,0.0],[8.5583,62.8792,0.0],[8.5708,62.8833,21.0935],[8.5813,62.8833,0.0],[8.5854,62.8854,0.0],[8.6057,62.8828,7.7936],[8.6141,62.8786,0.0],[8.613,62.8734,0.0],[8.6286,62.8661,0.0],[8.6313,62.8604,50.133],[8.6255,62.8557,0.0],[8.6234,62.8484,0.0],[8.6328,62.8474,0.0],[8.6318,62.8443,0.0],[8.6349,62.8422,94.172],[8.6318,62.8401,0.0],[8.6563,62.8396,89.8475],[8.6625,62.8354,0.0],[8.6771,62.8354,41.715],[8.6896,62.8312,0.0],[8.6979,62.8312,100.2655],[8.6995,62.8307,151.6641],[8.7,62.8271,0.0],[8.6974,62.8214,0.0],[8.6958,62.8208,0.0],[8.6917,62.8208,0.0],[8.6849,62.8245,0.0],[8.675,62.8271,0.0],[8.6646,62.8271,12.688],[8.6604,62.8292,0.0],[8.6563,62.8292,19.5551],[8.6542,62.8271,78.2489],[8.6547,62.8255,124.2469],[8.6604,62.825,83.9374],[8.662,62.8234,186.9232],[8.6542,62.8229,342.571],[8.6479,62.8271,86.7168],[8.6375,62.8271,158.611],[8.6307,62.8307,259.2033],[8.6234,62.8318,356.3929],[8.6245,62.837,28.2867],[8.613,62.8422,28.1034],[8.6141,62.8474,0.0],[8.6068,62.8484,0.0],[8.6026,62.8505,0.0],[8.6016,62.8536,0.0],[8.5943,62.8547,0.0],[8.5953,62.8599,0.0],[8.5922,62.8609,0.0],[8.5911,62.8661,0.0],[8.5896,62.8667,0.0],[8.5813,62.8667,43.7951],[8.5734,62.8641,95.2752],[8.5724,62.8609,318.9681],[8.5604,62.8604,395.9001],[8.5563,62.8583,510.1861],[8.5464,62.8609,223.4094],[8.5396,62.8646,0.0],[8.525,62.8625,73.7343],[8.5208,62.8646,0.0],[8.5167,62.8646,0.0],[8.4943,62.8734,42.1951],[8.4932,62.8766,5.2231],[8.4896,62.8792,0.0],[8.4667,62.8812,53.5865],[8.4568,62.8839,16.9161],[8.4474,62.8891,0.0],[8.4401,62.8901,37.7985],[8.4391,62.8932,0.0],[8.4318,62.8964,0.0],[8.4286,62.8995,0.0],[8.4193,62.9005,5.4136],[8.4161,62.9036,0.0],[8.4089,62.9068,4.9021],[8.4078,62.9099,0.0],[8.4005,62.9109,17.5827],[8.3995,62.9141,0.0],[8.3938,62.9167,0.0],[8.3896,62.9167,27.0012],[8.3818,62.913,0.0],[8.3932,62.9078,13.1314],[8.3943,62.9047,0.0],[8.4026,62.9005,0.0],[8.4083,62.9,0.0],[8.4141,62.9016,0.0],[8.4151,62.8984,0.0],[8.4224,62.8953,0.0],[8.4255,62.888,0.0],[8.4339,62.8839,0.0],[8.4411,62.8828,0.0],[8.4422,62.8797,0.0],[8.4568,62.8714,0.0],[8.4896,62.8646,16.269],[8.4964,62.8609,0.0],[8.5104,62.8583,0.0],[8.5161,62.8557,4.2044],[8.5151,62.8505,0.0],[8.5188,62.8479,0.0],[8.5161,62.8422,0.0],[8.5083,62.8375,0.0],[8.5,62.8375,0.0],[8.4901,62.8422,9.9761],[8.4875,62.8458,0.0],[8.4792,62.8458,15.3964],[8.4688,62.8417,214.2119],[8.4646,62.8458,0.0],[8.4604,62.8458,0.0],[8.4563,62.8479,0.0],[8.4479,62.8479,42.8194],[8.4453,62.8516,0.0],[8.4276,62.8609,0.0],[8.4266,62.8641,0.0],[8.4141,62.8703,27.7565],[8.3943,62.8755,56.0958],[8.3729,62.8875,0.0],[8.3547,62.8828,0.0],[8.3521,62.8792,0.0],[8.3401,62.8786,0.0],[8.3391,62.8734,0.0],[8.3313,62.8708,10.4389],[8.3234,62.8703,0.0],[8.3224,62.8672,0.0],[8.3151,62.8651,0.0],[8.3109,62.8672,0.0],[8.3109,62.8724,0.0],[8.3161,62.8734,0.0],[8.3172,62.8786,0.0],[8.3224,62.8797,0.0],[8.3234,62.8828,0.0],[8.3297,62.887,0.0],[8.3391,62.8901,0.0],[8.3391,62.8932,0.0],[8.3318,62.8984,39.6316],[8.3328,62.9036,0.0],[8.3255,62.9047,9.5068],[8.3245,62.9099,0.0],[8.3224,62.912,0.0],[8.3167,62.9146,0.0],[8.3109,62.9151,17.3284],[8.3042,62.9188,0.0],[8.2984,62.9193,3.9827],[8.2974,62.9224,0.0],[8.2901,62.9266,0.0],[8.2958,62.9292,0.0],[8.3036,62.9297,0.0],[8.3021,62.9313,0.0],[8.2964,62.9318,0.0],[8.2984,62.9391,7.3983],[8.3078,62.9401,0.0],[8.3089,62.9453,0.0],[8.3141,62.9464,0.0],[8.3151,62.9495,0.0],[8.3193,62.9516,0.0],[8.3271,62.9542,0.0],[8.3349,62.9547,0.0],[8.3349,62.9578,0.0],[8.3313,62.9604,30.0372],[8.3328,62.9661,0.0],[8.3208,62.9667,121.4264],[8.3193,62.9672,103.4107],[8.3203,62.9703,0.0],[8.313,62.9714,74.4406],[8.312,62.9745,0.0],[8.2917,62.9771,137.6683],[8.2818,62.9797,133.26],[8.275,62.9833,0.0],[8.2604,62.9771,0.0],[8.2479,62.9792,0.0],[8.2464,62.9797,0.0],[8.2464,62.9828,0.0],[8.2557,62.9859,0.0],[8.2557,62.9891,4.0866],[8.2526,62.9911,7.3116],[8.2578,62.9922,0.0],[8.2578,62.9953,0.0],[8.2521,62.9958,75.1519],[8.2437,63.0,59.4793],[8.2354,63.0,223.415],[8.2313,63.0021,98.2042],[8.2271,63.0,314.0146],[8.2208,63.0,245.0157],[8.2167,63.0042,119.7707],[8.2125,63.0021,313.4844],[8.2083,63.0021,282.2027],[8.2068,63.0036,237.1894],[8.2099,63.0057,66.0028],[8.2042,63.0062,109.1982],[8.1974,63.0099,0.0],[8.1917,63.0104,33.8635],[8.1859,63.013,47.4885],[8.187,63.0182,0.0],[8.1745,63.0245,28.2368],[8.1688,63.0229,160.9998],[8.1646,63.025,66.5908],[8.1542,63.025,8.4629],[8.1474,63.0286,0.0],[8.1401,63.0297,7.1985],[8.137,63.0349,0.0],[8.1339,63.0359,0.0],[8.1333,63.0417,0.0],[8.1349,63.0453,0.0],[8.1229,63.0458,0.0],[8.1214,63.0474,0.0],[8.1266,63.0505,0.0],[8.1292,63.0563,0.0],[8.1255,63.0589,0.0],[8.1255,63.062,0.0],[8.1318,63.0661,0.0],[8.1411,63.0693,0.0],[8.1432,63.0745,0.0],[8.1375,63.075,0.0],[8.1318,63.0776,0.0],[8.1354,63.0812,0.0],[8.1318,63.0839,0.0],[8.1328,63.087,0.0],[8.1271,63.0875,8.1285],[8.1172,63.0922,0.0],[8.112,63.0995,0.0],[8.1089,63.1005,0.0],[8.1104,63.1042,0.0],[8.1083,63.1063,0.0],[8.0979,63.1042,154.6561],[8.0854,63.1104,0.0],[8.0667,63.1104,0.0],[8.0625,63.1063,48.2666],[8.0563,63.1063,30.0224],[8.0521,63.1042,50.0159],[8.0375,63.1042,0.0],[8.0188,63.0979,51.9448],[8.013,63.0984,0.0],[8.0172,63.1016,30.8959],[8.0292,63.1042,0.0],[8.0328,63.1068,0.0],[8.0292,63.1083,3.8296],[7.9984,63.0995,42.2463],[8.0,63.0979,0.0],[8.0083,63.0979,0.0],[8.0099,63.0964,28.658],[8.0042,63.0938,27.8152],[7.9964,63.0932,0.0],[7.9896,63.0896,28.2019],[7.9818,63.0891,5.5801],[7.9776,63.087,7.8513],[7.9745,63.0818,46.021],[7.9693,63.0786,0.0],[7.9693,63.0755,52.9918],[7.9729,63.0729,20.6395],[7.9714,63.0693,0.0],[7.9745,63.0682,0.0],[7.9755,63.063,0.0],[7.9786,63.062,0.0],[7.9766,63.0568,90.7822],[7.9714,63.0536,0.0],[7.9745,63.0516,0.0],[7.9745,63.0464,8.1854],[7.9609,63.0432,0.0],[7.9563,63.0396,22.1287],[7.9521,63.0417,9.1609],[7.9292,63.0417,31.8477],[7.925,63.0396,47.3961],[7.9104,63.0396,0.0],[7.9089,63.0391,0.0],[7.9057,63.0318,15.9603],[7.9026,63.0307,0.0],[7.9099,63.0276,202.4345],[7.8938,63.0271,0.0],[7.8859,63.0245,0.574],[7.8859,63.0214,0.0],[7.8932,63.0182,8.3771],[7.8922,63.0151,0.0],[7.9,63.0146,31.52],[7.9016,63.013,39.1735],[7.8964,63.012,0.0],[7.8901,63.0078,0.0],[7.8938,63.0042,0.0],[7.8901,63.0005,0.0],[7.8922,62.9964,45.7981],[7.8953,62.9953,11.4813],[7.8953,62.9922,49.1996],[7.8833,62.9917,13.8356],[7.8818,62.9901,3.6099],[7.8917,62.9896,28.9134],[7.8958,62.9875,0.0],[7.9104,62.9938,38.5374],[7.9542,62.9979,0.0],[7.9578,63.0005,0.0],[7.9589,63.0036,0.0],[7.9693,63.0099,0.0],[7.987,63.013,0.0],[7.9891,63.0151,0.0],[7.9901,63.0203,0.0],[7.9979,63.0229,0.0],[8.0078,63.0203,7.6974],[8.0021,63.0167,11.7452],[7.9943,63.0161,0.0],[7.9911,63.0089,0.0],[7.988,63.0068,0.0],[7.9995,63.0057,6.578],[7.9984,62.9984,0.0],[8.0104,63.0,24.8685],[8.0245,62.9953,0.0],[8.0255,62.9922,0.0],[8.0328,62.9911,0.0],[8.0318,62.988,0.0],[8.0432,62.9828,0.0],[8.0443,62.9797,0.0],[8.0474,62.9786,20.229],[8.0505,62.9734,0.0],[8.0625,62.9729,0.0],[8.0667,62.975,12.3853],[8.0693,62.9714,0.0],[8.0766,62.9703,0.0],[8.0776,62.9651,0.0],[8.0958,62.9625,0.0],[8.1068,62.9568,0.0],[8.1141,62.9557,0.0],[8.1151,62.9526,0.0],[8.1208,62.9521,6.8436],[8.1276,62.9484,0.0],[8.1333,62.9479,5.9165],[8.1391,62.9453,12.7184],[8.138,62.938,0.0],[8.1438,62.9354,0.0],[8.1495,62.9349,0.0],[8.1484,62.9297,0.0],[8.1521,62.9271,44.7524],[8.1505,62.9193,0.0],[8.1578,62.9161,0.0],[8.1526,62.912,0.0],[8.1526,62.9089,7.8726],[8.1583,62.9104,0.0],[8.1875,62.9104,0.0],[8.1958,62.9146,18.1753],[8.1995,62.9141,7.7815],[8.2026,62.9089,0.0],[8.2057,62.9068,44.9506],[8.1938,62.9063,0.0],[8.1854,62.9021,0.5151],[8.175,62.9021,0.0],[8.1708,62.9,0.0],[8.1646,62.9,0.0],[8.163,62.8995,0.0],[8.162,62.8943,68.2237],[8.1526,62.8932,0.0],[8.1505,62.8891,0.0],[8.1578,62.8849,7.7218],[8.1583,62.8812,11.4444],[8.1568,62.8776,0.0],[8.1599,62.8766,0.0],[8.1609,62.8734,0.0],[8.1646,62.8708,20.9554],[8.162,62.8609,0.0],[8.1568,62.8568,0.0],[8.1641,62.8536,54.1768],[8.163,62.8505,0.0],[8.1766,62.8495,63.6783],[8.175,62.8458,0.0],[8.1755,62.8422,0.0],[8.1786,62.8411,3.3399],[8.1807,62.837,0.0],[8.1849,62.8349,0.0],[8.1859,62.8318,0.0],[8.1891,62.8307,18.7355],[8.1901,62.8276,0.0],[8.2083,62.8229,0.0],[8.2167,62.8229,0.0],[8.2292,62.8167,0.0],[8.2391,62.8161,100.8914],[8.2401,62.813,0.0],[8.2432,62.812,0.0],[8.2458,62.8083,0.0],[8.2542,62.8083,0.0],[8.2583,62.8104,33.0866],[8.2625,62.8083,0.0],[8.2771,62.8083,0.0],[8.2813,62.8063,0.0],[8.3083,62.8063,172.0494],[8.3125,62.8042,0.0],[8.3167,62.8042,0.0],[8.325,62.8,0.0],[8.3307,62.7995,0.0],[8.3318,62.7964,0.0],[8.3349,62.7953,72.1815],[8.3339,62.7901,0.0],[8.3411,62.7891,23.7572],[8.3422,62.7859,0.0],[8.3646,62.7833,62.8183],[8.3729,62.7792,0.0],[8.3792,62.7792,0.0],[8.3833,62.7813,228.2204],[8.3875,62.7771,0.0],[8.3958,62.7771,0.0],[8.4083,62.7708,0.0],[8.4182,62.7703,40.5003],[8.4208,62.7667,0.0],[8.4307,62.7661,0.0],[8.4432,62.7599,17.7155],[8.4417,62.7542,43.7608],[8.4438,62.7521,19.5127],[8.4458,62.7521,26.2158],[8.4458,62.7542,33.4927],[8.4542,62.7562,11.5192],[8.4557,62.7557,23.487],[8.4547,62.7526,0.0],[8.4688,62.75,66.579],[8.4771,62.7458,0.0],[8.4917,62.7458,31.8631],[8.4958,62.7417,0.0],[8.5,62.7417,0.0],[8.5208,62.7354,0.0],[8.5333,62.7354,75.9579],[8.5432,62.7328,283.2279],[8.5401,62.7297,0.0],[8.5474,62.7266,127.4805],[8.5464,62.7234,0.0],[8.5495,62.7224,0.0],[8.5505,62.7193,0.0],[8.5542,62.7167,0.0],[8.5516,62.7109,0.0],[8.55,62.7104,0.0],[8.5375,62.7167,0.0],[8.5255,62.7161,0.0],[8.5255,62.713,0.0],[8.537,62.712,0.0],[8.5375,62.7062,0.0],[8.537,62.7047,0.0],[8.5318,62.7036,0.0],[8.5292,62.6979,0.0],[8.5286,62.6922,0.0],[8.5234,62.6891,0.0],[8.5234,62.6859,0.0],[8.5307,62.6849,0.0],[8.5286,62.6776,0.0],[8.525,62.675,0.0],[8.5193,62.6776,0.0],[8.5245,62.6807,0.0],[8.5172,62.6818,0.0],[8.5167,62.6854,0.0],[8.5182,62.6891,0.0],[8.5125,62.6917,0.0],[8.5068,62.6922,0.0],[8.5063,62.6958,0.0],[8.5104,62.7083,0.0],[8.5068,62.7109,0.0],[8.5078,62.7161,0.0],[8.4958,62.7167,189.9196],[8.4859,62.7193,92.9652],[8.4818,62.7214,92.4024],[8.4828,62.7245,0.0],[8.475,62.7229,166.8723],[8.4688,62.7292,0.0],[8.4625,62.7292,76.1673],[8.4542,62.725,446.5432],[8.4417,62.7292,193.1957],[8.4354,62.7292,17.7551],[8.4339,62.7286,23.4452],[8.4333,62.725,0.0],[8.437,62.7214,41.7085],[8.4208,62.7208,0.0],[8.4151,62.7234,79.1189],[8.4203,62.7255,0.0],[8.4208,62.7271,0.0],[8.4172,62.7297,0.0],[8.4161,62.7328,0.0],[8.413,62.7339,30.9665],[8.4141,62.737,0.0],[8.4109,62.738,0.0],[8.4099,62.7411,0.0],[8.4026,62.7443,96.9632],[8.4016,62.7474,0.0],[8.3958,62.7479,38.5425],[8.3901,62.7505,26.1683],[8.3911,62.7536,0.0],[8.3776,62.7547,29.5369],[8.3786,62.7578,0.0],[8.3771,62.7583,0.0],[8.3625,62.7583,0.0],[8.3583,62.7604,0.0],[8.3542,62.7604,23.6989],[8.35,62.7646,0.0],[8.3318,62.7651,23.8048],[8.3307,62.7682,0.0],[8.3193,62.7734,0.0],[8.3161,62.7786,0.0],[8.313,62.7797,0.0],[8.312,62.7828,16.1707],[8.3078,62.7849,0.0],[8.2875,62.7833,18.3912],[8.2792,62.7792,0.0],[8.2729,62.7792,14.0206],[8.2688,62.7813,0.0],[8.2646,62.7792,24.5915],[8.2536,62.7849,0.0],[8.2396,62.7875,0.0],[8.2312,62.7917,0.0],[8.2229,62.7917,0.0],[8.213,62.7943,0.0],[8.2063,62.7979,0.0],[8.1958,62.7979,77.1758],[8.1917,62.8,0.0],[8.1792,62.8021,0.0],[8.1734,62.8047,0.0],[8.1745,62.8099,0.0],[8.1703,62.812,0.0],[8.1604,62.8125,0.0],[8.1464,62.8172,0.0],[8.1453,62.8203,0.0],[8.1339,62.8255,0.0],[8.1349,62.8307,0.0],[8.1276,62.8359,0.0],[8.1245,62.8453,0.0],[8.1172,62.8484,0.0],[8.1182,62.8516,0.0],[8.1151,62.8526,35.7761],[8.1141,62.8578,0.0],[8.1109,62.8589,0.0],[8.112,62.862,0.0],[8.1089,62.863,30.4858],[8.1083,62.8688,11.8791],[8.1104,62.8729,0.0],[8.1063,62.8771,59.3606],[8.1089,62.8849,0.0],[8.1141,62.887,0.0],[8.1021,62.8875,11.1786],[8.0979,62.8854,216.0916],[8.0938,62.8854,212.3334],[8.0911,62.8891,0.0],[8.088,62.8901,0.0],[8.0922,62.8932,0.0],[8.0974,62.8943,0.0],[8.0943,62.8974,0.0],[8.1036,62.9005,0.0],[8.1063,62.9063,0.0],[8.1068,62.912,28.2957],[8.112,62.913,0.0],[8.113,62.9161,0.0],[8.1182,62.9172,0.0],[8.1182,62.9224,0.0],[8.1005,62.9214,6.3325],[8.1057,62.9234,0.0],[8.1057,62.9286,0.0],[8.0917,62.9292,21.8732],[8.0818,62.9318,6.1391],[8.0807,62.9349,0.0],[8.0734,62.9359,20.5445],[8.0724,62.9391,0.0],[8.0693,62.9401,74.4736],[8.0703,62.9453,13.7231],[8.0672,62.9464,61.3729],[8.0661,62.9495,0.0],[8.062,62.9516,30.4466],[8.0563,62.9521,86.546],[8.0521,62.95,292.4213],[8.0401,62.9505,166.0818],[8.0453,62.9536,0.0],[8.038,62.9568,0.0],[8.0375,62.9604,0.0],[8.0391,62.9641,0.0],[8.0333,62.9667,8.1583],[8.0188,62.9646,15.8908],[8.0063,62.9688,0.0],[7.9917,62.9688,16.7119],[7.9792,62.9729,0.0],[7.975,62.9729,7.5481],[7.9526,62.9641,10.0021],[7.9516,62.9609,90.1994],[7.9437,62.9604,113.7014],[7.9396,62.9583,164.4002],[7.9354,62.9625,0.0],[7.9208,62.9625,3.3821],[7.9167,62.9604,61.0736],[7.9063,62.9604,10.1728],[7.9021,62.9583,43.9979],[7.8938,62.9583,35.6353],[7.8896,62.9604,0.0],[7.8672,62.9516,0.0],[7.8625,62.9458,0.0],[7.8526,62.9464,0.0],[7.85,62.95,0.0],[7.8354,62.95,3.0672],[7.8313,62.9479,24.1782],[7.825,62.9479,0.0],[7.8224,62.9443,35.9552],[7.8104,62.9437,0.0],[7.8078,62.9401,45.5786],[7.7974,62.9359,52.6878],[7.788,62.9349,0.0],[7.787,62.9318,32.4674],[7.7813,62.9292,35.2185],[7.7734,62.9286,12.4871],[7.7563,62.9208,1.94],[7.75,62.9208,0.0],[7.7396,62.9167,24.1536],[7.7313,62.9167,0.0],[7.7234,62.9141,0.0],[7.7078,62.9047,15.6085],[7.7,62.9021,0.0],[7.6922,62.9016,0.0],[7.6911,62.8984,0.0],[7.6833,62.8958,2.0146],[7.6797,62.8995,0.0],[7.6828,62.9005,0.0],[7.6839,62.9036,0.0],[7.6891,62.9068,0.0],[7.6901,62.9099,20.6434],[7.6979,62.9104,0.0],[7.7036,62.913,0.0],[7.7057,62.9151,0.0],[7.7068,62.9203,4.1161],[7.712,62.9214,0.0],[7.713,62.9245,0.0],[7.725,62.9292,3.8258],[7.7307,62.9297,0.0],[7.7339,62.9349,28.536],[7.7432,62.9359,0.0],[7.7443,62.9391,0.0],[7.7641,62.9464,0.0],[7.7651,62.9495,0.0],[7.7786,62.9547,3.2596],[7.7818,62.9578,15.4882],[7.7891,62.9568,0.0],[7.7911,62.962,0.0],[7.7792,62.9625,24.3337],[7.7724,62.9661,0.0],[7.7625,62.9688,0.0],[7.7479,62.9667,5.0774],[7.7464,62.9672,15.4851],[7.7474,62.9703,0.0],[7.7417,62.9729,0.0],[7.7354,62.9688,3.7184],[7.7271,62.9688,0.0],[7.7229,62.9708,0.0],[7.6979,62.9708,0.0],[7.6938,62.9688,0.0],[7.6854,62.9688,0.0],[7.675,62.9646,6.4278],[7.6646,62.9646,0.0],[7.662,62.9609,0.0],[7.6578,62.9589,0.0],[7.65,62.9562,2.863],[7.6458,62.9562,0.0],[7.6417,62.9583,0.0],[7.6401,62.9578,0.0],[7.6411,62.9547,0.0],[7.6276,62.9516,0.0],[7.6266,62.9484,9.8312],[7.6224,62.9464,8.5537],[7.6188,62.9458,17.2325],[7.6146,62.9479,0.0],[7.612,62.9443,16.1457],[7.6026,62.9432,0.0],[7.6016,62.9401,0.0],[7.5974,62.938,0.0],[7.588,62.937,3.0453],[7.5896,62.9354,0.0],[7.5953,62.9349,5.8219],[7.5958,62.9333,0.0],[7.5953,62.9297,0.0],[7.5891,62.9255,0.0],[7.5813,62.925,16.4792],[7.5771,62.9271,0.0],[7.5729,62.925,22.4898],[7.5688,62.9271,0.0],[7.5609,62.9245,0.0],[7.5563,62.9208,22.3691],[7.5583,62.9188,85.7044],[7.5625,62.9208,53.698],[7.5729,62.9208,171.4998],[7.5771,62.9229,136.9301],[7.5786,62.9224,177.2693],[7.5786,62.9193,398.6541],[7.5708,62.9188,307.9462],[7.5667,62.9167,481.7776],[7.5563,62.9167,172.6422],[7.5521,62.9188,0.0],[7.5479,62.9167,10.3878],[7.5375,62.9167,0.0],[7.5359,62.9161,0.0],[7.5349,62.9109,11.9439],[7.5333,62.9104,29.6519],[7.5271,62.9104,11.6938],[7.5229,62.9083,27.5067],[7.5068,62.9078,0.0],[7.5068,62.9047,61.0642],[7.5141,62.9036,136.3597],[7.5141,62.9005,339.5797],[7.5125,62.9,380.5734],[7.5083,62.9021,216.5074],[7.5005,62.9026,290.0315],[7.4958,62.9063,27.5359],[7.4813,62.9063,0.0],[7.4708,62.9021,0.0],[7.4609,62.9026,0.0],[7.4599,62.9057,0.0],[7.4526,62.9068,0.0],[7.4521,62.9083,0.0],[7.4526,62.9099,2.4871],[7.4578,62.9109,0.0],[7.4604,62.9208,0.0],[7.4599,62.9224,0.0],[7.4526,62.9255,0.0],[7.4516,62.9307,0.0],[7.4484,62.9318,10.1255],[7.45,62.9354,0.0],[7.4495,62.9391,0.0],[7.4438,62.9375,14.3305],[7.4339,62.9401,0.0],[7.4328,62.9432,0.0],[7.4214,62.9484,3.7142],[7.4203,62.9516,0.0],[7.4172,62.9526,0.0],[7.4224,62.9557,0.0],[7.4125,62.9583,0.0],[7.3896,62.9583,13.613],[7.3745,62.9661,22.633],[7.3604,62.9688,0.0],[7.3547,62.9714,0.0],[7.3604,62.975,0.0],[7.3792,62.9729,0.0],[7.3833,62.9708,0.0],[7.3875,62.9729,0.0],[7.3938,62.9729,0.0],[7.4,62.9688,0.0],[7.4188,62.9688,0.0],[7.4271,62.9646,0.0],[7.45,62.9646,8.6588],[7.4583,62.9604,0.0],[7.4771,62.9583,0.0],[7.4786,62.9578,0.0],[7.4776,62.9547,0.0],[7.4833,62.9521,0.0],[7.4891,62.9516,9.2251],[7.4901,62.9484,0.0],[7.4932,62.9474,0.0],[7.4875,62.9417,0.0],[7.4911,62.9391,0.0],[7.4922,62.9359,0.0],[7.5021,62.9354,0.0],[7.5167,62.9396,10.8651],[7.5313,62.9396,0.0],[7.55,62.9458,3.6778],[7.5563,62.9458,0.0],[7.5708,62.9521,8.4059],[7.5854,62.9542,0.0],[7.588,62.9578,2.6295],[7.6,62.9625,5.9072],[7.6182,62.9651,0.0],[7.6313,62.9729,0.0],[7.6458,62.975,0.0],[7.65,62.9771,18.7346],[7.6563,62.9771,0.0],[7.6688,62.9813,8.4917],[7.675,62.9813,0.0],[7.6854,62.9854,2.0255],[7.6896,62.9833,0.0],[7.7026,62.9911,0.0],[7.7224,62.9984,0.0],[7.7234,63.0016,12.4301],[7.7286,63.0026,0.0],[7.7255,63.0047,17.3124],[7.7245,63.0078,0.0],[7.7172,63.0089,0.0],[7.7089,63.013,11.4665],[7.7078,63.0161,0.0],[7.6854,63.0187,42.7313],[7.6828,63.0224,0.0],[7.6755,63.0255,0.0],[7.6786,63.0286,0.0],[7.6766,63.0328,0.0],[7.6729,63.0354,0.0],[7.6734,63.037,0.0],[7.6786,63.0391,0.0],[7.6755,63.0401,0.0],[7.6745,63.0453,0.0],[7.6672,63.0484,42.4385],[7.6724,63.0505,0.0],[7.6724,63.0536,0.0],[7.6625,63.0542,4.2829],[7.6604,63.0563,0.0],[7.6609,63.0599,11.7714],[7.6688,63.0604,0.0],[7.6766,63.0651,0.0],[7.6766,63.0703,3.4108],[7.6651,63.0714,0.0],[7.6651,63.0745,0.0],[7.6682,63.0766,1.2574],[7.6661,63.0828,1.793],[7.663,63.0839,12.8187],[7.6724,63.088,0.0],[7.675,63.0938,0.0],[7.6745,63.0953,0.0],[7.6688,63.0979,0.0],[7.6604,63.0979,7.0],[7.6547,63.1005,10.4996],[7.6578,63.1026,0.0],[7.6609,63.1099,25.5076],[7.6646,63.1104,14.7227],[7.6661,63.1141,3.0618],[7.6542,63.1125,10.7703],[7.65,63.1146,0.0],[7.6083,63.1146,0.0],[7.6057,63.1109,0.0],[7.5979,63.1083,0.0],[7.5911,63.112,9.6624],[7.5854,63.1125,0.0],[7.5776,63.1099,0.0],[7.5807,63.1068,5.5057],[7.5646,63.1063,0.0],[7.563,63.1057,0.0],[7.563,63.1026,2.2864],[7.5703,63.1016,0.0],[7.5729,63.0979,0.0],[7.6,63.1,13.7609],[7.6042,63.0979,0.0],[7.6229,63.0958,0.0],[7.6245,63.0953,0.0],[7.6229,63.0917,3.8709],[7.6234,63.088,19.2105],[7.6307,63.087,0.0],[7.6307,63.0839,0.0],[7.6083,63.0833,0.0],[7.6,63.0792,0.0],[7.5943,63.0818,0.0],[7.5932,63.0849,0.0],[7.5859,63.0859,0.0],[7.5833,63.0896,0.0],[7.5568,63.0849,0.0],[7.5599,63.0828,0.0],[7.5609,63.0776,6.3001],[7.5641,63.0755,0.0],[7.562,63.0714,0.0],[7.5568,63.0682,0.0],[7.5568,63.0651,0.0],[7.5625,63.0625,0.0],[7.5813,63.0625,0.0],[7.5828,63.0609,31.5752],[7.575,63.0604,0.0],[7.5734,63.0589,0.0],[7.5792,63.0563,0.0],[7.5854,63.0583,31.6293],[7.5911,63.0547,6.4661],[7.5729,63.0521,0.0],[7.5688,63.05,0.0],[7.5646,63.0521,0.0],[7.5568,63.0495,0.0],[7.5557,63.0464,0.0],[7.5526,63.0453,0.0],[7.5557,63.0432,28.8398],[7.5542,63.0417,0.0],[7.5422,63.0422,11.966],[7.5453,63.0443,0.0],[7.5438,63.0458,0.0],[7.5271,63.0458,6.0921],[7.5229,63.0479,0.0],[7.5151,63.0464,0.0],[7.5151,63.0495,0.0],[7.5203,63.0536,0.0],[7.513,63.0547,0.0],[7.5161,63.0578,0.0],[7.5125,63.0604,0.0],[7.5047,63.0609,0.0],[7.5057,63.0641,0.0],[7.5026,63.0651,0.0],[7.5042,63.0667,0.0],[7.5161,63.0693,0.0],[7.5161,63.0724,0.0],[7.5104,63.075,0.0],[7.5047,63.0745,0.0],[7.5078,63.0714,8.8452],[7.4938,63.0708,0.0],[7.4917,63.0687,0.0],[7.4708,63.0687,0.0],[7.4667,63.0667,0.0],[7.4625,63.0667,3.2909],[7.4583,63.0687,0.0],[7.4479,63.0646,0.0],[7.4438,63.0646,0.0],[7.4396,63.0667,0.0],[7.4318,63.0641,0.0],[7.4292,63.0604,0.0],[7.4172,63.0599,0.0],[7.4172,63.0568,0.0],[7.4208,63.0542,0.0],[7.4167,63.05,3.2237],[7.4125,63.05,0.0],[7.4083,63.0521,0.0],[7.4042,63.05,0.0],[7.3979,63.05,2.5509],[7.3938,63.0521,0.0],[7.3896,63.0521,0.0],[7.3818,63.0495,0.0],[7.3849,63.0464,0.0],[7.3818,63.0453,0.0],[7.3818,63.0422,0.0],[7.3917,63.0396,0.0],[7.3974,63.0411,0.0],[7.3984,63.0359,0.0],[7.4042,63.0354,0.0],[7.4057,63.0339,0.0],[7.3979,63.0313,0.0],[7.3818,63.0307,0.0],[7.3818,63.0276,0.0],[7.3849,63.0255,0.0],[7.3714,63.0245,0.0],[7.3714,63.0193,0.0],[7.3833,63.0208,1.7615],[7.3917,63.025,0.0],[7.3979,63.025,0.0],[7.4021,63.0292,0.0],[7.4078,63.0286,0.0],[7.4047,63.0266,0.0],[7.4047,63.0234,0.0],[7.4104,63.0229,0.0],[7.412,63.0214,0.0],[7.4042,63.0187,0.0],[7.4,63.0187,0.0],[7.3958,63.0208,0.0],[7.3917,63.0187,0.0],[7.3839,63.0182,0.0],[7.3839,63.013,4.4676],[7.3896,63.0104,0.0],[7.3938,63.0125,0.0],[7.4021,63.0125,8.4439],[7.4042,63.0104,0.0],[7.4036,63.0068,0.0],[7.3984,63.0057,0.0],[7.3974,63.0026,7.7731],[7.3932,63.0005,8.7083],[7.3839,62.9995,0.0],[7.3766,62.9943,0.0],[7.3708,62.9958,0.0],[7.3547,62.9891,0.0],[7.3526,62.987,0.0],[7.3516,62.9797,0.0],[7.3438,62.975,0.0],[7.3318,62.9755,0.0],[7.3307,62.9786,0.0],[7.325,62.9833,0.0],[7.3266,62.9932,0.0],[7.3193,62.9943,0.0],[7.3182,62.9974,0.0],[7.3109,62.9984,11.9757],[7.3099,63.0016,0.0],[7.3068,63.0026,0.0],[7.312,63.0047,0.0],[7.313,63.0078,0.0],[7.3167,63.0083,0.0],[7.3167,63.0104,0.0],[7.3292,63.0104,0.0],[7.3411,63.0151,2.5653],[7.3396,63.0167,0.0],[7.325,63.0146,0.0],[7.3208,63.0125,3.3951],[7.3167,63.0146,0.0],[7.3063,63.0104,0.0],[7.3021,63.0125,0.0],[7.2958,63.0104,0.0],[7.2943,63.0109,0.0],[7.2953,63.0141,0.0],[7.2938,63.0146,0.0],[7.2792,63.0146,0.0],[7.2646,63.0104,0.0],[7.2604,63.0125,0.0],[7.2563,63.0125,0.0],[7.25,63.0104,0.0],[7.2484,63.0109,0.0],[7.2495,63.0141,0.0],[7.2458,63.0146,0.0],[7.2401,63.012,0.0],[7.2432,63.0089,0.0],[7.2375,63.0062,0.0],[7.2333,63.0066,0.0],[7.2349,63.0099,0.0],[7.2333,63.0104,0.0],[7.2214,63.0099,0.0],[7.2333,63.0059,0.0],[7.2333,63.0042,3.9152],[7.2271,63.0021,0.0],[7.2234,63.0026,0.0],[7.2245,63.0057,0.0],[7.2167,63.0062,0.0],[7.2125,63.0083,0.0],[7.1938,63.0083,0.0],[7.1839,63.0047,0.0],[7.1938,63.0,0.0],[7.1995,63.0016,0.0],[7.2005,62.9984,0.0],[7.2036,62.9964,0.0],[7.1875,62.9958,0.0],[7.1833,62.9938,0.0],[7.1771,62.9938,0.0],[7.1646,62.9979,0.0],[7.1604,62.9958,1.0486],[7.1563,62.9979,0.0],[7.1458,62.9979,0.0],[7.1359,62.9953,0.0],[7.1391,62.9932,2.1974],[7.138,62.9901,0.0],[7.1516,62.9891,0.0],[7.1438,62.9854,0.0],[7.1354,62.9854,0.0],[7.1292,62.9875,0.0],[7.125,62.9854,0.0],[7.1151,62.988,0.0],[7.1125,62.9917,0.0],[7.1083,62.9896,0.0],[7.0979,62.9896,0.0],[7.0964,62.988,0.0],[7.0995,62.9859,0.0],[7.0859,62.9849,0.0],[7.0875,62.9833,0.0],[7.0932,62.9828,0.0],[7.0932,62.9776,0.0],[7.0797,62.9724,0.0],[7.0839,62.9693,0.0],[7.0896,62.9688,0.0],[7.0911,62.9672,0.0],[7.0833,62.9667,0.0],[7.0734,62.9693,3.5396],[7.0667,62.9729,0.0],[7.0625,62.9708,2.4068],[7.0583,62.9729,0.0],[7.0521,62.9708,0.0],[7.0479,62.9729,0.0],[7.0417,62.9708,0.0],[7.0417,62.9688,0.0],[7.0292,62.9688,0.0],[7.0271,62.9667,0.0],[7.0307,62.9641,2.555],[7.0286,62.9609,0.0],[7.0214,62.9599,0.0],[7.0083,62.9542,0.0],[7.0005,62.9536,0.0],[6.9964,62.9516,3.2754],[6.9995,62.9484,0.0],[6.9943,62.9474,0.0],[6.9932,62.9443,0.0],[6.9891,62.9422,0.0],[6.9797,62.9411,0.0],[6.9771,62.9375,0.7098],[6.9729,62.9396,0.0],[6.961,62.9391,0.0],[6.9464,62.9328,3.071],[6.9464,62.9297,1.1021],[6.9521,62.9292,0.0],[6.9536,62.9276,2.077],[6.9458,62.9271,0.0],[6.9339,62.9224,0.0],[6.9328,62.9172,2.5545],[6.925,62.9146,6.9396],[6.9146,62.9146,0.0],[6.8984,62.9099,0.0],[6.8984,62.9068,1.3275],[6.9057,62.9057,0.0],[6.9068,62.9026,2.2592],[6.9229,62.9021,0.0],[6.9245,62.9016,0.0],[6.9234,62.8984,5.0096],[6.925,62.8979,0.0],[6.9313,62.9,8.8349],[6.9354,62.8979,0.0],[6.9396,62.9,6.7311],[6.9495,62.8974,0.0],[6.9495,62.8922,12.8451],[6.9401,62.8932,0.0],[6.9401,62.888,0.0],[6.9474,62.887,0.0],[6.9479,62.8833,0.0],[6.9458,62.8812,8.3702],[6.938,62.8807,0.0],[6.938,62.8776,0.0],[6.9625,62.8792,2.2073],[6.9646,62.8771,0.0],[6.963,62.8734,0.0],[6.9646,62.8729,0.0],[6.9833,62.8729,0.0],[6.9896,62.875,3.6256],[6.9953,62.8724,0.0],[6.9922,62.8609,0.0],[6.9979,62.8583,0.0],[7.0099,62.8578,18.2715],[7.0078,62.8484,0.0],[6.9964,62.8411,17.6788],[6.9958,62.8375,26.8974],[6.9979,62.8354,4.329],[7.0021,62.8354,0.0],[7.0063,62.8375,0.0],[7.0167,62.8375,0.0],[7.0208,62.8396,10.1437],[7.0313,62.8396,0.0],[7.0396,62.8354,0.0],[7.0438,62.8375,0.0],[7.0708,62.8375,0.0],[7.0854,62.8438,20.9481],[7.0917,62.8438,0.0],[7.0958,62.8458,16.3724],[7.1063,62.8458,0.0],[7.1104,62.8479,0.0],[7.1208,62.8479,0.0],[7.125,62.85,3.8239],[7.1333,62.85,0.0],[7.1375,62.8521,16.3479],[7.1438,62.85,0.0],[7.1708,62.85,2.2744],[7.1724,62.8484,2.8124],[7.1703,62.8464,0.0],[7.1646,62.8438,31.4063],[7.1568,62.8432,0.0],[7.1568,62.8401,0.0],[7.1667,62.8375,0.0],[7.1771,62.8375,0.0],[7.1833,62.8333,0.0],[7.1953,62.8328,0.0],[7.1901,62.8307,0.0],[7.1891,62.8234,176.5914],[7.1797,62.8224,23.0942],[7.1828,62.8203,45.2505],[7.1839,62.8172,0.0],[7.1896,62.8146,0.0],[7.1938,62.8146,3.2516],[7.1979,62.8125,0.0],[7.2063,62.8125,5.7161],[7.2104,62.8104,0.0],[7.2292,62.8125,0.0],[7.2391,62.8099,0.0],[7.2333,62.8063,0.0],[7.2229,62.8063,2.201],[7.2188,62.8083,0.0],[7.2146,62.8083,0.0],[7.2,62.8042,1.9825],[7.1854,62.8042,0.0],[7.1813,62.8021,13.2719],[7.1771,62.8042,0.0],[7.1687,62.8042,4.6787],[7.1661,62.8078,0.0],[7.1589,62.8089,2.8056],[7.1583,62.8125,0.0],[7.1599,62.8161,0.0],[7.1583,62.8167,0.0],[7.1479,62.8167,84.7973],[7.1438,62.8187,30.1405],[7.1396,62.8187,7.4587],[7.1354,62.8167,41.8987],[7.1104,62.8167,6.7409],[7.1063,62.8146,0.0],[7.0979,62.8187,0.0],[7.0854,62.8187,12.1372],[7.0792,62.8167,5.6595],[7.0734,62.8193,15.8927],[7.075,62.8208,3.0501],[7.0958,62.8208,0.0],[7.1016,62.8234,4.7565],[7.1036,62.8286,0.0],[7.0958,62.8292,45.4701],[7.0917,62.8312,18.5107],[7.0833,62.8271,40.8133],[7.0688,62.8292,11.8056],[7.0646,62.8271,30.9865],[7.0583,62.8271,0.0],[7.05,62.8229,17.0631],[7.0313,62.8229,0.0],[7.0286,62.8266,12.0043],[7.0229,62.8271,13.6945],[7.0109,62.8224,5.2059],[7.0078,62.8089,0.0],[7.0026,62.8078,0.0],[7.0016,62.8047,36.0426],[6.9922,62.8016,0.0],[6.9911,62.7984,36.7091],[6.9818,62.7953,23.7367],[6.9818,62.7901,0.0],[6.9891,62.7891,8.7816],[6.987,62.7859,0.0],[6.9839,62.7849,0.0],[6.9828,62.7818,51.7463],[6.9734,62.7807,0.0],[6.9734,62.7776,0.7534],[6.9771,62.775,5.3339],[6.9755,62.7714,0.0],[6.9911,62.7641,0.0],[6.9896,62.7521,37.1272],[6.9932,62.7495,0.0],[6.9911,62.7422,24.7476],[6.9849,62.738,45.6822],[6.9776,62.737,53.5016],[6.9755,62.7339,0.0],[6.9828,62.7307,0.0],[6.9839,62.7255,0.0],[6.9854,62.725,30.7032],[7.0,62.725,0.0],[7.0042,62.7271,51.9823],[7.0083,62.7271,44.7855],[7.0125,62.725,33.0285],[7.0167,62.725,19.3364],[7.0208,62.7271,38.8028],[7.0542,62.7292,0.0],[7.0583,62.7313,41.5274],[7.0688,62.7313,0.0],[7.0729,62.7333,8.9261],[7.1063,62.7333,0.0],[7.1104,62.7354,11.1128],[7.1146,62.7333,0.0],[7.125,62.7333,0.0],[7.1292,62.7354,9.0772],[7.1333,62.7354,5.6361],[7.1375,62.7333,0.0],[7.1521,62.7333,0.0],[7.1604,62.7375,6.7472],[7.1979,62.7375,0.0],[7.2021,62.7396,6.152],[7.225,62.7396,0.0],[7.2292,62.7417,2.4682],[7.2396,62.7417,0.0],[7.2438,62.7438,4.0517],[7.2667,62.7438,0.9776],[7.2708,62.7458,2.4776],[7.2813,62.7458,0.0],[7.2958,62.7521,22.2338],[7.3063,62.7521,0.0],[7.3104,62.7542,0.0],[7.325,62.7542,0.0],[7.3292,62.7562,5.9929],[7.3521,62.7562,0.0],[7.3562,62.7583,8.9413],[7.3667,62.7583,0.0],[7.3708,62.7604,7.4495],[7.3896,62.7604,0.0],[7.3938,62.7625,13.401],[7.4042,62.7625,0.0],[7.4083,62.7646,26.6593],[7.4229,62.7646,0.0],[7.4375,62.7687,0.0],[7.4458,62.7687,0.0],[7.45,62.7708,15.5772],[7.4604,62.7708,0.0],[7.4646,62.7729,0.0],[7.4708,62.7729,0.0],[7.4896,62.7792,5.7537],[7.5,62.7792,0.0],[7.5042,62.7813,9.2699],[7.5083,62.7792,0.0],[7.5167,62.7792,0.0],[7.5271,62.7833,22.4392],[7.5313,62.7813,0.0],[7.55,62.7813,0.0],[7.5542,62.7833,0.0],[7.5688,62.7833,0.0],[7.5771,62.7875,17.1527],[7.5833,62.7854,0.0],[7.5979,62.7896,21.862],[7.6021,62.7875,0.0],[7.6063,62.7896,7.302],[7.6208,62.7896,0.0],[7.625,62.7917,0.0],[7.6396,62.7938,12.2771],[7.6438,62.7917,0.0],[7.6521,62.7917,0.0],[7.6563,62.7896,0.0],[7.6625,62.7896,0.0],[7.6667,62.7917,0.0],[7.6724,62.7911,6.2811],[7.6589,62.7849,14.9883],[7.6604,62.7833,9.3735],[7.6833,62.7854,0.0],[7.6875,62.7875,14.8525],[7.7021,62.7875,0.0],[7.7036,62.7859,0.0],[7.6984,62.7849,0.0],[7.6958,62.7813,20.0195],[7.6917,62.7833,0.0],[7.6813,62.7792,28.1977],[7.6708,62.7792,0.0],[7.6667,62.7771,30.7246],[7.6396,62.7771,29.5912],[7.6354,62.7792,0.0],[7.6042,62.7792,0.0],[7.6,62.7771,10.5458],[7.575,62.7771,0.0],[7.5708,62.775,22.6779],[7.5563,62.775,0.0],[7.5521,62.7729,40.8906],[7.5333,62.7729,0.0],[7.525,62.7687,51.4857],[7.5172,62.7682,0.0],[7.5104,62.7646,31.0781],[7.5,62.7646,0.0],[7.4958,62.7625,76.1764],[7.4813,62.7625,11.7019],[7.4771,62.7604,78.9262],[7.4693,62.7599,7.5412],[7.4625,62.7562,114.8899],[7.4479,62.7562,0.0],[7.4255,62.7495,0.0],[7.4229,62.7458,67.1526],[7.4125,62.7458,0.0],[7.4042,62.7417,28.9172],[7.3979,62.7438,0.0],[7.3854,62.7396,28.9056],[7.3708,62.7396,0.0],[7.3693,62.738,42.6597],[7.3766,62.7349,14.2382],[7.3755,62.7318,5.8577],[7.3771,62.7313,5.4722],[7.412,62.7307,0.0],[7.4141,62.7276,0.0],[7.4109,62.7266,0.0],[7.4099,62.7234,24.1039],[7.4047,62.7214,15.9148],[7.4167,62.7208,0.0],[7.4182,62.7203,6.2853],[7.4172,62.7172,0.0],[7.425,62.7167,0.0],[7.4266,62.7151,18.5862],[7.4172,62.7141,0.0],[7.4172,62.7109,0.0],[7.4203,62.7089,0.0],[7.4167,62.7062,56.8312],[7.4125,62.7062,22.0859],[7.4083,62.7042,33.8592],[7.375,62.7042,17.8792],[7.3708,62.7021,13.5978],[7.363,62.7016,13.9845],[7.3484,62.6943,0.0],[7.3625,62.6896,0.0],[7.3688,62.6896,0.0],[7.3729,62.6917,7.0526],[7.3771,62.6896,0.0],[7.3813,62.6917,2.4256],[7.4042,62.6917,3.7443],[7.4083,62.6896,0.0],[7.4125,62.6896,0.0],[7.4271,62.6958,7.7082],[7.4417,62.6958,0.0],[7.4443,62.6922,11.9482],[7.4484,62.6901,2.6374],[7.4557,62.6891,0.0],[7.4547,62.6859,33.277],[7.4563,62.6854,27.2424],[7.4896,62.6854,0.0],[7.4938,62.6875,10.8369],[7.5083,62.6875,0.0],[7.5167,62.6917,52.4183],[7.5313,62.6917,0.0],[7.5359,62.6953,20.0483],[7.5458,62.6979,0.0],[7.5521,62.6979,0.0],[7.5563,62.7,5.9069],[7.5667,62.7,0.0],[7.5896,62.7062,0.0],[7.6,62.7062,0.0],[7.6125,62.7125,29.0864],[7.6271,62.7125,0.0],[7.6313,62.7146,20.1039],[7.6375,62.7146,0.0],[7.6458,62.7188,88.7209],[7.6563,62.7188,0.0],[7.6708,62.7229,0.0],[7.6813,62.7229,0.0],[7.6896,62.7271,55.5258],[7.7146,62.7292,0.0],[7.7271,62.7333,55.269],[7.7479,62.7333,0.0],[7.7505,62.737,0.0],[7.7625,62.7375,0.0],[7.7693,62.7411,0.0],[7.7854,62.7458,42.2746],[7.7917,62.7438,0.0],[7.8,62.7479,0.0],[7.8187,62.7479,0.0],[7.8229,62.75,0.0],[7.8307,62.7505,0.0],[7.8438,62.7562,46.9904],[7.8583,62.7583,0.0],[7.8625,62.7604,0.0],[7.8688,62.7604,0.0],[7.8729,62.7625,0.0],[7.8917,62.7625,0.0],[7.8958,62.7646,26.4823],[7.9104,62.7646,0.0],[7.9187,62.7687,13.0528],[7.9333,62.7687,0.0],[7.9375,62.7708,35.8135],[7.9417,62.7687,0.0],[7.9563,62.7687,12.7971],[7.9589,62.7651,0.0],[7.9646,62.7646,0.0],[7.9688,62.7667,0.0],[7.9833,62.7667,0.0],[7.9875,62.7687,15.0654],[8.0104,62.7687,0.0],[8.0146,62.7708,7.4125],[8.0437,62.7708,0.0],[8.0542,62.775,11.2585],[8.0641,62.7714,-0.017],[8.0578,62.7672,0.0],[8.05,62.7667,0.0],[8.0432,62.763,0.0],[8.0234,62.7578,12.9246],[8.0234,62.7505,61.7706],[8.0354,62.7438,0.0],[8.0474,62.7432,96.8877],[8.0521,62.7375,0.0],[8.0792,62.7375,4.9052],[8.0917,62.7333,0.0],[8.1042,62.7313,0.0],[8.1141,62.7266,105.4431],[8.1151,62.7214,75.6711],[8.1234,62.7172,36.7992],[8.1333,62.7146,67.2574],[8.1432,62.7141,304.7039],[8.138,62.712,114.4659],[8.1375,62.7083,0.0],[8.1422,62.7047,19.5259],[8.1495,62.7036,161.2183],[8.1495,62.7005,107.8585],[8.1443,62.6995,18.4846],[8.1438,62.6979,0.0],[8.1443,62.6943,0.0],[8.1474,62.6932,23.4227],[8.1453,62.6859,22.6325],[8.1417,62.6833,0.0],[8.1375,62.6833,4.7912],[8.1307,62.687,0.0],[8.1234,62.688,0.0],[8.1224,62.6911,0.0],[8.1161,62.6953,113.4656],[8.1104,62.6979,75.1933],[8.1047,62.6984,0.0],[8.0964,62.7026,127.6795],[8.0995,62.7057,0.0],[8.0953,62.7078,75.3687],[8.0896,62.7083,101.7992],[8.0854,62.7062,335.1971],[8.0813,62.7062,390.5836],[8.0703,62.712,155.7517],[8.063,62.713,262.9644],[8.0536,62.7182,23.8524],[8.0464,62.7193,133.7203],[8.038,62.7234,33.8486],[8.0354,62.7271,0.0],[8.0229,62.7292,145.8651],[8.0021,62.7354,360.0357],[7.9792,62.7375,650.0129],[7.975,62.7396,472.658],[7.9625,62.7396,336.2518],[7.9583,62.7438,21.6565],[7.9542,62.7396,246.3152],[7.9479,62.7396,194.3921],[7.9437,62.7417,37.4457],[7.9276,62.737,0.0],[7.9292,62.7354,0.0],[7.9349,62.7349,20.9129],[7.9375,62.7271,0.0],[7.9354,62.725,0.0],[7.9271,62.725,0.0],[7.9146,62.7313,0.0],[7.9,62.7313,63.979],[7.8958,62.7333,27.6808],[7.8917,62.7313,129.5011],[7.8792,62.7354,0.0],[7.8604,62.7354,0.0],[7.8562,62.7333,49.8712],[7.8417,62.7313,50.2901],[7.8354,62.7271,143.3726],[7.8313,62.7292,70.1963],[7.8229,62.7292,11.8918],[7.8187,62.7271,33.1333],[7.8109,62.7266,0.0],[7.8083,62.7229,182.7501],[7.7896,62.7229,63.2442],[7.7854,62.7208,81.1351],[7.7708,62.7208,0.0],[7.7667,62.7188,26.4189],[7.7589,62.7182,0.0],[7.7521,62.7146,33.0731],[7.7417,62.7146,0.0],[7.7271,62.7104,43.9689],[7.7125,62.7104,0.0],[7.6995,62.7026,0.0],[7.6917,62.7021,0.0],[7.6833,62.6979,0.0],[7.6688,62.6979,0.0],[7.6646,62.6958,69.643],[7.6604,62.6979,0.0],[7.6563,62.6958,50.4368],[7.6458,62.6958,7.6628],[7.6417,62.6937,99.1228],[7.6271,62.6937,10.0747],[7.5958,62.6792,0.0],[7.5917,62.6792,0.0],[7.5875,62.6771,11.7404],[7.5813,62.6792,0.0],[7.5771,62.6771,0.0],[7.5729,62.6771,8.9244],[7.5688,62.6792,0.0],[7.5646,62.6792,0.0],[7.5604,62.6771,5.3033],[7.5422,62.6745,0.0],[7.5328,62.6693,21.1174],[7.5193,62.6661,7.0949],[7.5146,62.6625,96.1891],[7.5063,62.6625,36.4736],[7.4984,62.6599,8.1808],[7.4984,62.6568,0.0],[7.5021,62.6542,39.5277],[7.5005,62.6505,0.0],[7.5078,62.6453,0.0],[7.5068,62.6359,0.0],[7.5141,62.6349,29.4839],[7.5151,62.6318,0.0],[7.5224,62.6286,2.3278],[7.5255,62.6255,0.0],[7.5349,62.6245,22.7991],[7.5339,62.6214,0.0],[7.5411,62.6182,7.7446],[7.5401,62.6089,0.0],[7.5432,62.6078,0.0],[7.5443,62.6047,0.0],[7.5474,62.6026,67.2951],[7.5422,62.6016,0.0],[7.5422,62.5984,0.0],[7.5453,62.5974,0.0],[7.5453,62.5943,0.0],[7.5432,62.5901,0.0],[7.5375,62.5875,18.5252],[7.5229,62.5896,6.7058],[7.5188,62.5875,0.0],[7.5068,62.5859,0.0],[7.5089,62.5891,0.0],[7.512,62.5901,0.0],[7.5089,62.5932,7.8629],[7.512,62.5943,0.0],[7.5104,62.6021,16.3701],[7.5125,62.6083,0.0],[7.5104,62.6104,0.0],[7.5005,62.6109,277.9194],[7.5036,62.6141,37.2052],[7.4964,62.6172,8.3108],[7.4995,62.6307,0.0],[7.4964,62.6318,4.9285],[7.4953,62.6349,0.0],[7.4896,62.6375,3.6641],[7.4854,62.6375,12.9708],[7.4813,62.6396,0.0],[7.4625,62.6396,98.864],[7.4568,62.637,57.5581],[7.4542,62.6333,380.9219],[7.4479,62.6333,303.3346],[7.4438,62.6312,513.1435],[7.425,62.6312,285.0793],[7.4208,62.6292,340.9864],[7.4104,62.6292,353.7456],[7.4005,62.6266,180.1646],[7.4026,62.6214,0.0],[7.4063,62.6188,0.0],[7.4047,62.613,0.0],[7.4078,62.612,6.98],[7.4089,62.6089,0.0],[7.4161,62.6036,247.8952],[7.4151,62.6005,106.156],[7.4182,62.5995,175.4963],[7.4193,62.5964,52.4394],[7.4417,62.5854,0.0],[7.45,62.5854,0.0],[7.4542,62.5875,17.2632],[7.4583,62.5854,0.0],[7.4661,62.5849,0.0],[7.463,62.5734,161.9067],[7.4714,62.5693,31.3825],[7.4813,62.5667,55.9599],[7.4896,62.5667,67.7814],[7.4938,62.5646,0.0],[7.5083,62.5646,98.9098],[7.5125,62.5625,0.0],[7.5333,62.5604,74.2798],[7.5563,62.5542,0.0],[7.5604,62.5542,0.0],[7.5646,62.5563,23.1701],[7.575,62.5563,0.0],[7.5938,62.5625,0.0],[7.6083,62.5625,0.0],[7.6167,62.5667,25.5061],[7.6396,62.5667,0.0],[7.6438,62.5687,0.0],[7.65,62.5687,0.0],[7.6568,62.5724,0.0],[7.6792,62.5792,16.09],[7.6938,62.5792,0.0],[7.6979,62.5812,0.0],[7.7167,62.5812,0.0],[7.7208,62.5833,0.0],[7.7354,62.5833,0.0],[7.7401,62.5797,0.0],[7.7479,62.5792,0.0],[7.7604,62.575,0.0],[7.7828,62.5745,0.0],[7.7828,62.5714,0.0],[7.7813,62.5708,2.1112],[7.7771,62.5708,0.0],[7.7729,62.5687,55.8094],[7.7604,62.5687,8.5822],[7.7604,62.5667,68.6684],[7.7667,62.5667,117.1348],[7.7724,62.563,378.4337],[7.7604,62.5583,803.4064],[7.7563,62.5604,645.8196],[7.75,62.5604,493.9598],[7.7458,62.5583,659.3643],[7.7417,62.5604,576.1196],[7.7375,62.5583,844.8383],[7.7333,62.5583,858.0192],[7.7208,62.5625,496.65],[7.7146,62.5625,486.1516],[7.7146,62.5646,219.5562],[7.7063,62.5646,174.7553],[7.7021,62.5667,35.8474],[7.6734,62.5661,5.6659],[7.6714,62.5589,4.0848],[7.6745,62.5568,0.0],[7.6609,62.5536,0.0],[7.6641,62.5516,6.8007],[7.6651,62.5484,85.3247],[7.6682,62.5474,303.3539],[7.6693,62.5443,430.7948],[7.6724,62.5432,301.6565],[7.6672,62.5401,689.0704],[7.6745,62.5359,457.9429],[7.6688,62.5333,732.0106],[7.6417,62.5375,839.8451],[7.6354,62.5333,1105.6311],[7.6297,62.5349,968.3439],[7.6271,62.5313,1055.7397],[7.6167,62.5313,729.4315],[7.6083,62.5354,635.4576],[7.6,62.5354,500.3624],[7.5958,62.5375,364.6463],[7.5917,62.5375,270.697],[7.5813,62.5333,476.1952],[7.5609,62.5328,0.0],[7.5589,62.5234,0.0],[7.562,62.5224,0.0],[7.563,62.5172,0.0],[7.5661,62.5161,59.7226],[7.5646,62.5104,0.0],[7.5682,62.5068,17.4513],[7.5661,62.5005,6.5991],[7.5604,62.4979,2.5898],[7.5484,62.4984,0.0],[7.5474,62.5016,0.0],[7.5443,62.5026,0.0],[7.5453,62.5057,0.0],[7.538,62.5089,9.3305],[7.537,62.512,0.0],[7.5255,62.5172,216.4356],[7.5271,62.5187,160.4749],[7.5349,62.5193,0.0],[7.5313,62.5229,0.0],[7.5328,62.5266,0.0],[7.5146,62.5354,0.0],[7.5021,62.5375,61.5675],[7.4938,62.5417,115.7119],[7.4792,62.5417,75.7528],[7.4604,62.5333,6.3543],[7.4458,62.5333,6.9509],[7.4438,62.5354,3.6923],[7.4453,62.5391,0.0],[7.4422,62.5401,0.0],[7.4411,62.5432,0.0],[7.4313,62.5479,270.0727],[7.4255,62.5484,358.8642],[7.4266,62.5536,23.8952],[7.4193,62.5568,58.8893],[7.4182,62.5599,0.0],[7.4042,62.5625,214.8727],[7.4,62.5604,451.9635],[7.3938,62.5604,588.8437],[7.3792,62.5563,1031.8229],[7.3734,62.5589,614.0287],[7.3786,62.5609,469.5707],[7.3797,62.5661,268.4459],[7.3813,62.5667,174.1593],[7.3938,62.5625,289.2052],[7.3974,62.5641,102.8477],[7.3859,62.5693,22.9897],[7.3849,62.5724,0.0],[7.3776,62.5755,79.2158],[7.3786,62.5786,13.9797],[7.3755,62.5797,0.0],[7.3745,62.5828,0.0],[7.3714,62.5839,25.1443],[7.3703,62.587,0.0],[7.363,62.5901,84.4565],[7.3641,62.5953,8.6497],[7.3609,62.5964,66.102],[7.3599,62.5995,96.0996],[7.3474,62.6057,261.0631],[7.3375,62.6083,222.6316],[7.3292,62.6083,29.7301],[7.325,62.6063,8.1223],[7.3021,62.6063,0.0],[7.2979,62.6083,0.0],[7.2833,62.6083,51.2098],[7.2734,62.6109,89.8297],[7.2724,62.6141,39.7085],[7.2646,62.6188,50.357],[7.2583,62.6167,118.8934],[7.2542,62.6188,58.5975],[7.2516,62.6151,73.4721],[7.2396,62.6104,11.9845],[7.2354,62.6104,6.0476],[7.2313,62.6125,0.0],[7.2167,62.6125,36.4299],[7.2141,62.6161,0.0],[7.2,62.6188,78.051],[7.1917,62.6229,53.7935],[7.1833,62.6229,47.8088],[7.1792,62.625,0.0],[7.175,62.625,29.109],[7.1724,62.6286,0.0],[7.1625,62.6312,10.2025],[7.1464,62.6266,8.2416],[7.1479,62.6208,4.2966],[7.1474,62.6151,3.7429],[7.1422,62.6141,0.0],[7.1411,62.6109,4.0144],[7.137,62.6089,13.7704],[7.1292,62.6083,0.0],[7.1271,62.6063,0.0],[7.1307,62.6036,0.0],[7.1297,62.5984,0.0],[7.1328,62.5974,0.0],[7.1339,62.5922,4.5462],[7.137,62.5911,16.5543],[7.1359,62.588,0.0],[7.1391,62.587,0.0],[7.1401,62.5839,0.0],[7.1516,62.5786,9.615],[7.15,62.5729,0.0],[7.1542,62.5687,13.2365],[7.1536,62.5651,0.0],[7.1484,62.562,0.0],[7.1464,62.5557,0.0],[7.1536,62.5484,35.2934],[7.1443,62.5453,0.0],[7.1479,62.5417,0.0],[7.1458,62.5354,0.0],[7.1495,62.5328,29.6701],[7.1495,62.5276,74.0455],[7.1417,62.525,0.0],[7.1333,62.525,0.0576],[7.1318,62.5255,1.9571],[7.1307,62.5307,0.0],[7.1276,62.5318,12.5558],[7.1328,62.5339,0.0],[7.1328,62.5391,0.0],[7.1255,62.5422,0.0],[7.125,62.5438,0.0],[7.1276,62.5516,0.0],[7.1328,62.5526,0.0],[7.1333,62.5542,0.0],[7.1328,62.5578,20.8851],[7.1292,62.5604,10.817],[7.1307,62.5641,0.0],[7.1234,62.5672,0.0],[7.1224,62.5745,4.5152],[7.1089,62.5818,0.0],[7.1078,62.5891,0.0],[7.1047,62.5901,7.5434],[7.1057,62.5953,0.0],[7.1021,62.5979,14.9986],[7.1036,62.6016,0.0],[7.1005,62.6026,0.0],[7.0995,62.6078,0.0],[7.0958,62.6104,27.3209],[7.0979,62.6146,0.0],[7.0979,62.6188,13.7229],[7.0943,62.6214,1.5064],[7.0953,62.6245,1.7845],[7.0922,62.6255,0.0],[7.0953,62.6286,0.0],[7.0797,62.6339,1.8074],[7.0797,62.637,2.5035],[7.0849,62.638,0.0],[7.0859,62.6411,0.0],[7.0891,62.6422,0.0],[7.0859,62.6443,0.0],[7.087,62.6495,0.0],[7.0813,62.6521,62.0831],[7.0771,62.65,124.2605],[7.0729,62.6521,57.7377],[7.0583,62.65,181.372],[7.0542,62.6521,80.3301],[7.0125,62.6521,9.6675],[7.0083,62.65,109.7473],[7.0042,62.65,81.7162],[7.0,62.6521,0.0],[6.9854,62.6521,41.9281],[6.9812,62.6542,13.5116],[6.9771,62.6521,52.8509],[6.9583,62.6521,34.1002],[6.9542,62.65,92.1651],[6.95,62.6521,0.0],[6.9458,62.65,49.2849],[6.9354,62.65,6.6023],[6.9313,62.6479,36.839],[6.9151,62.6474,0.0],[6.9089,62.6432,3.4687],[6.9089,62.638,4.4767],[6.9214,62.6318,0.0],[6.9286,62.6307,0.0],[6.9328,62.6286,1.8198],[6.9339,62.6255,0.0],[6.937,62.6245,3.6984],[6.9349,62.6214,1.2613],[6.9318,62.6203,0.0],[6.9349,62.6182,0.0],[6.9349,62.6151,0.0],[6.9313,62.6125,3.9704],[6.9255,62.612,9.3173],[6.9286,62.6089,0.0],[6.9193,62.6036,0.0],[6.9167,62.6,0.0],[6.9172,62.5984,0.0],[6.9229,62.5979,0.0],[6.9286,62.5953,17.7372],[6.9297,62.5901,0.0],[6.9328,62.5891,6.2317],[6.9307,62.5839,2.9436],[6.9276,62.5828,0.0],[6.925,62.5792,4.7468],[6.9172,62.5797,0.0],[6.9182,62.587,4.6267],[6.9125,62.5875,0.0],[6.9026,62.5922,58.0578],[6.9016,62.5974,7.2894],[6.888,62.6047,31.498],[6.887,62.6078,0.0],[6.8812,62.6104,17.1838],[6.8755,62.6109,38.3148],[6.8745,62.6141,0.0],[6.8672,62.6151,24.5819],[6.8661,62.6182,0.4809],[6.862,62.6203,0.0],[6.8547,62.6214,10.7411],[6.8536,62.6245,0.0],[6.8479,62.6271,0.0],[6.8422,62.6276,31.5653],[6.8297,62.6339,0.0],[6.8234,62.638,0.0],[6.8224,62.6411,0.0],[6.8141,62.6453,30.1378],[6.8068,62.6464,42.2721],[6.7974,62.6516,21.7714],[6.7875,62.6542,0.0],[6.7604,62.6542,0.0],[6.7562,62.6521,30.8346],[6.7458,62.6521,0.0],[6.7312,62.6458,10.0291],[6.7125,62.6437,7.654],[6.7047,62.6391,10.2818],[6.7021,62.6354,155.8311],[6.6875,62.6354,31.5558],[6.6833,62.6333,70.3785],[6.6646,62.6333,23.5219],[6.6609,62.6286,0.0],[6.6599,62.6234,0.0],[6.6583,62.6229,0.0],[6.6557,62.6266,0.0],[6.6516,62.6286,20.4395],[6.6417,62.6312,23.9234],[6.6354,62.6312,5.2612],[6.6297,62.6286,7.9984],[6.6286,62.6234,18.5583],[6.6234,62.6224,0.0],[6.6229,62.6208,8.5942],[6.6234,62.6172,0.0],[6.6266,62.6161,29.2353],[6.6266,62.613,36.7849],[6.6214,62.612,30.637],[6.6208,62.6083,19.6433],[6.6214,62.6068,0.0],[6.6286,62.6057,6.2104],[6.6276,62.6005,0.0],[6.6307,62.5995,0.0],[6.6318,62.5922,0.0],[6.6349,62.5901,23.9828],[6.6255,62.5891,0.0],[6.6245,62.5859,0.0],[6.6193,62.5849,0.0],[6.6193,62.5797,0.0],[6.6224,62.5786,0.0],[6.6234,62.5755,0.0],[6.6266,62.5734,70.2022],[6.6188,62.5687,47.9452],[6.6109,62.5682,0.0],[6.6109,62.563,0.0],[6.6146,62.5604,0.0],[6.6125,62.5583,0.0],[6.6026,62.563,0.0],[6.6021,62.5687,5.5955],[6.6047,62.5745,0.0],[6.6078,62.5755,0.0],[6.6109,62.5828,0.0],[6.6141,62.5849,0.0],[6.6042,62.5896,28.9684],[6.5958,62.5896,22.5051],[6.5734,62.5964,0.0],[6.5724,62.5995,0.0],[6.5687,62.6021,43.4728],[6.5703,62.6078,0.0],[6.563,62.6109,323.5553],[6.5625,62.6125,298.7448],[6.5682,62.6172,13.435],[6.5682,62.6203,25.0829],[6.5625,62.6229,14.7508],[6.5583,62.6229,6.733],[6.5542,62.6208,22.151],[6.5396,62.6208,3.4408],[6.525,62.6146,35.1942],[6.5172,62.6141,32.4211],[6.5203,62.6109,127.8083],[6.5172,62.6099,183.6997],[6.5146,62.6063,618.8115],[6.4792,62.6167,0.0],[6.475,62.6146,15.6599],[6.4646,62.6146,9.1493],[6.4589,62.612,15.2332],[6.4589,62.6089,0.0],[6.4646,62.6083,8.4919],[6.4703,62.6057,0.0],[6.4682,62.6026,3.9692],[6.4651,62.6016,4.6401],[6.4625,62.5938,0.0],[6.463,62.5901,0.0],[6.4661,62.5891,2.207],[6.4688,62.5792,24.0285],[6.4641,62.5755,0.0],[6.4589,62.5745,0.0],[6.4589,62.5672,11.473],[6.462,62.5661,24.1663],[6.4604,62.5646,38.5314],[6.4526,62.5672,0.0],[6.4563,62.5792,0.0],[6.4557,62.5849,0.0],[6.4521,62.5875,12.5075],[6.4542,62.5917,9.5326],[6.4536,62.5932,20.1281],[6.4464,62.5964,9.0131],[6.4474,62.6078,2.3527],[6.4391,62.612,25.8837],[6.4292,62.6125,4.2515],[6.4188,62.6083,26.266],[6.3958,62.6063,0.0],[6.3917,62.6042,26.6007],[6.3875,62.6063,0.0],[6.3646,62.6063,3.9209],[6.3604,62.6083,2.9205],[6.35,62.6083,4.0259],[6.3453,62.612,0.0],[6.3375,62.6125,2.7967],[6.3292,62.6083,12.097],[6.3229,62.6083,0.0],[6.3109,62.6036,0.0],[6.3099,62.6005,0.0],[6.2979,62.6,0.0],[6.2953,62.5964,0.1494],[6.2854,62.5958,0.0],[6.2724,62.588,0.0],[6.263,62.587,0.2165],[6.262,62.5839,4.7828],[6.2568,62.5828,3.1765],[6.2568,62.5797,1.5899],[6.2599,62.5786,0.0],[6.2609,62.5755,0.0],[6.2682,62.5724,0.0],[6.2672,62.5672,0.0],[6.2703,62.5661,0.0],[6.2714,62.563,0.0],[6.2745,62.5609,0.0],[6.2646,62.5604,0.0],[6.2583,62.5625,4.7351],[6.2484,62.5578,0.0],[6.2453,62.5526,0.0],[6.2417,62.5521,0.0],[6.2417,62.55,0.0],[6.2521,62.55,0.0],[6.2563,62.5479,0.0],[6.2625,62.55,0.0],[6.2724,62.5474,9.9101],[6.2792,62.5438,0.0],[6.2849,62.5432,0.0],[6.2849,62.5401,15.1733],[6.2786,62.5359,74.4621],[6.2667,62.5354,0.0],[6.2609,62.5328,14.0257],[6.2667,62.5292,0.0],[6.3208,62.5292,0.0],[6.325,62.5313,9.561],[6.3479,62.5313,0.0],[6.3521,62.5333,8.6075],[6.3563,62.5313,0.0],[6.3625,62.5333,0.0],[6.4021,62.5333,1.658],[6.4063,62.5313,0.0],[6.4104,62.5333,7.5511],[6.4167,62.5333,1.9972],[6.4208,62.5313,0.0],[6.4521,62.5313,0.0],[6.4667,62.5354,15.7181],[6.4938,62.5354,0.0],[6.4979,62.5375,0.0],[6.5083,62.5375,0.0],[6.5125,62.5396,8.5817],[6.5271,62.5396,0.0],[6.5313,62.5417,0.0],[6.55,62.5417,0.0],[6.5542,62.5438,34.4559],[6.5583,62.5417,0.0],[6.5667,62.5417,0.0],[6.5724,62.5391,0.0],[6.5734,62.5359,0.0],[6.5807,62.5328,0.0],[6.5807,62.5297,5.3411],[6.5687,62.5292,0.0],[6.5458,62.5229,126.1009],[6.5396,62.5229,129.9168],[6.5354,62.525,145.7711],[6.5188,62.525,140.607],[6.5146,62.5229,173.9238],[6.4896,62.5208,87.7102],[6.488,62.5203,114.0504],[6.488,62.5172,39.8788],[6.5521,62.5167,0.0],[6.5563,62.5187,0.0],[6.5708,62.5187,0.0],[6.575,62.5208,20.0109],[6.5938,62.5208,0.0],[6.5979,62.5229,0.0],[6.6125,62.5229,8.0391],[6.6224,62.5172,12.0934],[6.6167,62.5146,29.4404],[6.6047,62.5141,0.0],[6.6047,62.5109,8.3442],[6.612,62.5099,5.7007],[6.6104,62.5062,0.0],[6.6125,62.5042,33.5784],[6.6167,62.5042,34.451],[6.6208,62.5021,0.0],[6.6313,62.5042,8.6152],[6.6354,62.5021,0.0],[6.6396,62.5042,17.3281],[6.6438,62.5021,0.0],[6.6625,62.5021,20.3128],[6.6708,62.4979,0.0],[6.675,62.4979,0.0],[6.6792,62.5,0.0],[6.7021,62.5,6.1531],[6.7036,62.4984,0.0],[6.6979,62.4979,0.0],[6.6964,62.4964,17.3516],[6.7063,62.4938,0.0],[6.7146,62.4938,0.0],[6.7245,62.4891,15.1829],[6.7193,62.487,0.0],[6.7167,62.4833,31.6351],[6.7005,62.4828,0.0],[6.6995,62.4797,0.0],[6.6943,62.4766,14.025],[6.6958,62.475,0.0],[6.725,62.475,0.0],[6.7292,62.4771,54.478],[6.7333,62.475,0.0],[6.7417,62.475,0.0],[6.7458,62.4771,50.0501],[6.7521,62.4771,36.3486],[6.7562,62.475,0.0],[6.7646,62.475,0.0],[6.7672,62.4786,1.0671],[6.775,62.4813,62.2259],[6.7792,62.4792,0.0],[6.7833,62.4792,0.0],[6.7875,62.4813,46.6591],[6.8104,62.4813,1.0922],[6.812,62.4807,2.1235],[6.812,62.4776,0.0],[6.8089,62.4766,0.0],[6.8099,62.4734,0.0],[6.8057,62.4714,0.0],[6.7922,62.4682,41.9384],[6.7854,62.4646,192.5318],[6.775,62.4646,25.5926],[6.7734,62.463,18.3925],[6.7833,62.4583,0.0],[6.8021,62.4583,0.0],[6.8104,62.4625,43.523],[6.8146,62.4604,0.0],[6.825,62.4604,35.9665],[6.8292,62.4583,9.9047],[6.8417,62.4583,0.0],[6.8458,62.4604,0.0],[6.8646,62.4604,0.0],[6.8745,62.4578,10.7108],[6.887,62.4516,0.0],[6.888,62.4484,40.4556],[6.8964,62.4443,0.0],[6.9036,62.4432,137.8916],[6.9276,62.4297,0.0],[6.9349,62.4286,0.0],[6.9432,62.4245,61.8857],[6.9443,62.4214,6.3421],[6.9474,62.4203,0.0],[6.9464,62.4151,0.0],[6.95,62.4125,47.0465],[6.9495,62.4068,114.7022],[6.9438,62.4021,0.0],[6.9474,62.3995,0.0],[6.9464,62.3964,0.0],[6.9536,62.3911,0.0],[6.9547,62.388,0.0],[6.9646,62.3833,0.0],[6.9771,62.3833,0.0],[6.988,62.3776,6.3965],[6.9979,62.375,210.7829],[7.012,62.3745,284.0168],[7.0021,62.3708,730.683],[6.9875,62.3729,573.2993],[6.9833,62.3708,546.1544],[6.975,62.3708,443.0845],[6.9708,62.3688,493.871],[6.9646,62.3708,291.6692],[6.9604,62.3688,572.2984],[6.9563,62.3688,564.5571],[6.9521,62.3708,239.6505],[6.9401,62.3703,0.0],[6.9401,62.3651,61.0886],[6.9432,62.3641,103.6344],[6.9443,62.3609,38.2575],[6.9516,62.3578,225.2048],[6.9505,62.3526,0.0],[6.9578,62.3495,222.3147],[6.9568,62.3422,0.0],[6.9641,62.3411,183.8145],[6.9646,62.3354,362.2886],[6.963,62.3297,36.0392],[6.9703,62.3266,97.455],[6.9714,62.3234,0.0],[6.9771,62.3229,82.4157],[6.9828,62.3203,0.0],[6.9818,62.3172,0.0],[6.9901,62.313,76.081],[6.9974,62.312,48.4826],[7.0042,62.3083,0.0],[7.0312,62.3083,0.0],[7.0375,62.3104,28.1593],[7.0417,62.3083,0.0],[7.0625,62.3083,42.02],[7.0807,62.3036,0.0],[7.0932,62.2974,136.1748],[7.0958,62.2938,0.0],[7.1,62.2958,78.6516],[7.1042,62.2938,0.0],[7.1188,62.2979,0.0],[7.1229,62.2979,0.0],[7.1271,62.2958,0.0],[7.1458,62.2958,51.0819],[7.1641,62.2911,104.2241],[7.1667,62.2875,0.0],[7.175,62.2875,185.1332],[7.1792,62.2854,0.0],[7.1875,62.2854,36.7084],[7.1917,62.2833,0.0],[7.2,62.2833,0.0],[7.2042,62.2854,12.0106],[7.2229,62.2854,0.0],[7.2307,62.288,0.0],[7.2318,62.2911,0.0],[7.2359,62.2932,53.5975],[7.2438,62.2938,0.0],[7.2479,62.2958,0.0],[7.2708,62.2958,0.0],[7.2792,62.2917,0.0],[7.3146,62.2917,0.0],[7.3187,62.2938,6.6804],[7.3292,62.2938,1.6495],[7.3333,62.2917,0.0],[7.3375,62.2938,46.1257],[7.3474,62.2911,0.0],[7.3583,62.2854,0.0],[7.3641,62.2849,124.4611],[7.3651,62.2818,6.6663],[7.3682,62.2807,130.7223],[7.3714,62.2755,0.0],[7.3786,62.2745,0.0],[7.3797,62.2714,0.0],[7.387,62.2703,0.0],[7.4078,62.2599,55.2232],[7.4109,62.2568,0.0],[7.4187,62.2562,14.5309],[7.4234,62.2526,0.0],[7.4307,62.2516,7.2992],[7.4307,62.2464,0.0],[7.4229,62.2458,0.3045],[7.4187,62.2438,195.8832],[7.4146,62.2458,0.0],[7.4104,62.2417,0.0],[7.4047,62.2443,0.0],[7.4021,62.2479,96.5195],[7.3938,62.2479,473.1614],[7.3755,62.2526,759.0137],[7.3745,62.2557,485.9333],[7.3672,62.2589,518.2297],[7.3724,62.2609,274.7291],[7.3724,62.2641,0.0],[7.3641,62.2682,89.0034],[7.3568,62.2693,229.6677],[7.3557,62.2724,0.0],[7.35,62.275,0.0],[7.3443,62.2734,91.1941],[7.3432,62.2766,0.0],[7.3375,62.2771,0.0],[7.3276,62.2818,155.3717],[7.3286,62.2849,12.6226],[7.3271,62.2854,12.6226],[7.3208,62.2854,105.0184],[7.3167,62.2833,63.034],[7.3125,62.2854,0.0],[7.3042,62.2813,29.8084],[7.3,62.2833,0.0],[7.2896,62.2833,51.7069],[7.2854,62.2813,221.7564],[7.2708,62.2813,341.3403],[7.2667,62.2792,474.9196],[7.2583,62.2792,211.8656],[7.2505,62.2766,102.8302],[7.2536,62.2734,418.0992],[7.2474,62.2693,557.8308],[7.2401,62.2682,0.0],[7.237,62.263,0.0],[7.2339,62.262,0.0],[7.237,62.2599,0.0],[7.237,62.2568,2.3751],[7.2292,62.2542,0.0],[7.2208,62.2583,39.32],[7.2167,62.2583,121.4905],[7.2125,62.2562,471.6956],[7.1854,62.2562,583.4963],[7.1828,62.2599,322.5297],[7.1672,62.263,16.0372],[7.1536,62.2703,44.7774],[7.1464,62.2714,148.6705],[7.1396,62.275,247.409],[7.1229,62.275,493.1862],[7.1188,62.2729,549.2263],[7.1083,62.2729,445.3217],[7.1042,62.275,250.78809999999999],[7.0958,62.275,221.4942],[7.0917,62.2729,446.5461],[7.0875,62.275,435.1128],[7.0771,62.275,368.1825],[7.0729,62.2771,302.33],[7.0687,62.275,477.5895],[7.0542,62.275,496.1738],[7.0458,62.2708,704.6246],[7.0417,62.2729,694.9324],[7.0339,62.2703,0.0],[7.0333,62.2687,0.0],[7.0339,62.2651,0.0],[7.037,62.2641,91.0605],[7.0359,62.2589,61.9267],[7.0396,62.2562,207.9018],[7.0375,62.2479,0.0],[7.0411,62.2453,114.1257],[7.0354,62.2396,0.0],[7.0391,62.237,157.4951],[7.038,62.2318,0.0],[7.05,62.2313,417.2623],[7.0516,62.2297,415.6642],[7.0464,62.2286,192.3604],[7.0495,62.2255,351.1903],[7.0422,62.2245,0.0],[7.0453,62.2214,98.3294],[7.0401,62.2172,0.0],[7.0474,62.2161,367.5472],[7.0479,62.2125,363.0254],[7.0458,62.2104,419.9431],[7.038,62.212,0.0],[7.0297,62.1755,0.0],[7.0375,62.1771,0.0],[7.0516,62.1714,609.9102],[7.0495,62.1693,580.8945],[7.0422,62.1682,232.0238],[7.0422,62.1651,412.8509],[7.0453,62.1641,531.1024],[7.0432,62.1589,348.3747],[7.0297,62.1557,462.7552],[7.0255,62.1536,656.1872],[7.0245,62.1505,846.0444],[7.0125,62.1521,191.4319],[6.9964,62.1474,0.0],[6.9953,62.1443,292.1999],[6.9901,62.1411,262.0974],[6.9891,62.1339,386.3294],[6.9797,62.1349,0.0],[6.9786,62.1276,239.3999],[6.9651,62.1245,0.0],[6.9651,62.1214,0.0],[6.9682,62.1193,153.3174],[6.963,62.1182,0.0],[6.9625,62.1146,56.3915],[6.963,62.113,0.0],[6.9729,62.1104,0.0],[6.9854,62.1104,0.0],[6.9953,62.1078,24.564],[7.0188,62.0958,0.0],[7.0313,62.0958,77.5156],[7.0354,62.0938,0.0],[7.0792,62.0938,0.0],[7.0818,62.0901,131.678],[7.0849,62.0891,231.3885],[7.0849,62.0859,849.8582],[7.0646,62.0854,181.6838],[7.0604,62.0833,328.5196],[7.0375,62.0833,261.3878],[7.0333,62.0812,448.7431],[7.0229,62.0812,382.1154],[7.0188,62.0833,109.5973],[6.9979,62.0854,372.1789],[6.9964,62.087,325.3281],[6.9995,62.0891,0.0],[6.9938,62.0896,43.2674],[6.9854,62.0938,86.3494],[6.9813,62.0938,285.9513],[6.9771,62.0917,555.0553],[6.9745,62.0953,428.9581],[6.9688,62.0958,410.667],[6.9672,62.0943,554.2656],[6.9703,62.0922,666.3895],[6.9583,62.0917,1102.6868],[6.9484,62.0943,1099.0651],[6.9411,62.0995,761.2156],[6.9375,62.1,674.6033],[6.9318,62.0974,807.4558],[6.9292,62.0938,774.2115],[6.9146,62.0917,706.2964],[6.9104,62.0938,173.7055],[6.8958,62.0854,275.3278],[6.8813,62.0875,9.1398],[6.8771,62.0833,0.0],[6.8714,62.0859,2.118],[6.8714,62.0891,0.0],[6.8734,62.0911,0.0],[6.8938,62.1,0.0],[6.9057,62.1005,0.0],[6.9068,62.1036,0.0],[6.9161,62.1089,0.0],[6.9172,62.112,0.0],[6.9229,62.1146,0.0],[6.9307,62.1151,0.0],[6.9318,62.1182,0.0],[6.937,62.1193,0.0],[6.938,62.1245,0.0],[6.9411,62.1255,0.0],[6.9438,62.1292,0.0],[6.9401,62.1318,0.0],[6.9401,62.137,0.0],[6.9453,62.138,0.0],[6.9464,62.1432,92.2118],[6.9557,62.1443,0.0],[6.9568,62.1474,0.0],[6.9703,62.1526,0.0],[6.9734,62.1599,0.0],[6.9807,62.1609,0.0],[6.9922,62.1682,0.0],[7.0161,62.1755,0.0],[7.0229,62.2042,0.0],[7.0224,62.2057,0.0],[7.0151,62.2068,0.0],[7.0161,62.212,0.0],[7.0125,62.2146,0.0],[7.0141,62.2224,0.0],[7.0109,62.2234,0.0],[7.0104,62.2292,0.0],[7.0141,62.2411,0.0],[7.0104,62.2438,0.0],[7.012,62.2516,0.0],[7.0089,62.2526,0.0],[7.0078,62.2578,0.0],[7.0042,62.2604,50.1443],[7.0047,62.262,22.1726],[7.0099,62.2641,0.0],[7.0026,62.2672,0.0],[7.0016,62.2703,0.0],[6.9984,62.2714,0.0],[7.0005,62.2766,100.6891],[7.0036,62.2776,0.0],[7.0036,62.2807,16.0397],[6.9958,62.2854,221.3558],[6.9813,62.2854,23.6031],[6.9729,62.2896,0.0],[6.9672,62.2901,33.9901],[6.9661,62.2932,0.0],[6.963,62.2943,12.3616],[6.9641,62.2974,0.0],[6.9609,62.2984,0.0],[6.9599,62.3036,0.0],[6.9464,62.3109,22.9754],[6.9453,62.3141,0.0],[6.938,62.3151,76.3713],[6.9245,62.3224,28.3766],[6.9172,62.3234,284.1918],[6.9167,62.3271,85.6005],[6.9188,62.3333,0.0],[6.9151,62.337,30.4873],[6.9203,62.338,0.0],[6.9203,62.3411,0.0],[6.9078,62.3474,37.1512],[6.9021,62.3479,361.4219],[6.8964,62.3505,303.6386],[6.8953,62.3536,270.1271],[6.8917,62.3563,241.3779],[6.8932,62.3599,0.0],[6.8859,62.363,134.8246],[6.8901,62.3661,15.3795],[6.8953,62.3672,0.0],[6.8953,62.3703,0.0],[6.887,62.3745,127.7383],[6.8797,62.3755,351.6722],[6.8797,62.3786,300.2283],[6.8849,62.3797,0.0],[6.8859,62.3828,22.0197],[6.8891,62.3839,0.0],[6.8922,62.3911,0.0],[6.8953,62.3922,0.0],[6.8984,62.3995,93.1832],[6.9078,62.4026,0.0],[6.9089,62.4057,29.0369],[6.9141,62.4089,14.1195],[6.9141,62.412,55.1164],[6.9042,62.4146,24.0008],[6.8938,62.4146,226.1377],[6.8901,62.4172,99.9716],[6.8891,62.4203,0.0],[6.8849,62.4224,138.8301],[6.8792,62.4229,346.913],[6.8729,62.4208,559.4186],[6.862,62.4266,572.9405],[6.8521,62.4292,634.0912],[6.8396,62.4292,463.2774],[6.8354,62.4313,200.4663],[6.8313,62.4271,536.2335],[6.8208,62.4271,789.0872],[6.8083,62.4313,476.0557],[6.7771,62.4313,13.9573],[6.7729,62.4333,0.0],[6.7604,62.4333,34.6014],[6.7562,62.4354,0.0],[6.7484,62.4359,0.0],[6.7495,62.4391,0.0],[6.7464,62.4401,0.0],[6.7453,62.4453,45.7493],[6.7438,62.4458,132.8924],[6.7396,62.4437,191.595],[6.7313,62.4479,285.2665],[6.7271,62.4458,524.7067],[6.7167,62.4458,515.0355],[6.7125,62.4479,287.4878],[6.7083,62.4479,279.4068],[6.7042,62.4458,307.8594],[6.6938,62.4458,64.4463],[6.6854,62.4417,144.053],[6.6708,62.4417,17.6792],[6.6604,62.4354,440.0517],[6.6417,62.4354,47.897],[6.6104,62.4271,229.5104],[6.6042,62.4271,99.8926],[6.5854,62.4188,258.5419],[6.575,62.4188,48.0889],[6.5641,62.413,38.8209],[6.5563,62.4125,0.0],[6.5505,62.4099,9.5596],[6.5646,62.4042,0.0],[6.5786,62.4016,4.341],[6.5792,62.4,0.0],[6.5766,62.3901,14.0492],[6.5714,62.3891,0.0],[6.5708,62.3875,0.0],[6.5745,62.3839,0.0],[6.5714,62.3828,0.0],[6.5703,62.3797,2.2663],[6.5651,62.3786,0.0],[6.5682,62.3766,0.0],[6.5682,62.3714,0.0],[6.563,62.3703,0.0],[6.5604,62.3667,0.0],[6.5589,62.3672,0.0],[6.5583,62.3708,0.0],[6.5604,62.375,0.0],[6.5563,62.3792,0.0],[6.5599,62.3828,0.0],[6.5578,62.387,0.0],[6.5547,62.388,13.9857],[6.5536,62.3911,3.7755],[6.5438,62.3937,0.0],[6.5313,62.3937,48.4068],[6.5229,62.3979,0.0],[6.5125,62.3979,20.2778],[6.5083,62.4,7.5636],[6.5,62.4,7.384],[6.4958,62.3979,49.0975],[6.4771,62.3979,23.7517],[6.4729,62.4,0.0],[6.4542,62.4,22.0386],[6.4354,62.3937,34.8546],[6.4255,62.3932,20.4828],[6.4089,62.3849,18.8502],[6.4089,62.3797,0.0],[6.4203,62.3745,0.0],[6.4208,62.3729,0.0],[6.4182,62.3672,0.0],[6.4047,62.362,0.0],[6.4047,62.3568,0.0],[6.4141,62.3516,0.0],[6.4151,62.3484,0.0],[6.4208,62.3458,0.0],[6.4266,62.3453,15.5463],[6.4318,62.338,4.0181],[6.4349,62.337,2.9342],[6.4333,62.3333,0.0],[6.4339,62.3297,0.0],[6.4411,62.3245,0.0],[6.4401,62.3214,0.0],[6.4437,62.3187,0.0],[6.4422,62.3089,0.0],[6.4495,62.3057,0.0],[6.4505,62.3005,0.0],[6.4536,62.2995,0.0],[6.4547,62.2964,0.0],[6.462,62.2953,0.0],[6.4568,62.2922,0.0],[6.4641,62.2911,0.0],[6.4651,62.288,0.0],[6.4682,62.287,0.0],[6.4682,62.2839,0.0],[6.463,62.2828,0.0],[6.4703,62.2786,0.0],[6.4672,62.2755,0.0],[6.4755,62.2714,0.0],[6.4828,62.2703,0.0],[6.4839,62.2672,0.0],[6.4896,62.2667,0.0],[6.4995,62.262,0.0],[6.4979,62.2583,0.0],[6.5016,62.2557,0.0],[6.5026,62.2505,0.0],[6.5099,62.2474,72.6178],[6.5089,62.2443,0.0],[6.512,62.2432,1.3905],[6.513,62.2401,0.0],[6.5245,62.2349,27.4525],[6.5229,62.2292,0.0],[6.5266,62.2286,0.0],[6.5276,62.2255,0.0],[6.5307,62.2245,51.7797],[6.5318,62.2193,0.0],[6.5391,62.2161,164.3847],[6.5339,62.2141,0.0],[6.537,62.2109,0.0],[6.5339,62.2099,0.0],[6.5318,62.2068,26.5252],[6.5521,62.2062,0.0],[6.5563,62.2083,0.0],[6.5792,62.2083,0.0],[6.5833,62.2104,0.0],[6.5938,62.2104,0.0],[6.5979,62.2083,0.0],[6.6062,62.2083,0.0],[6.6188,62.2042,0.0],[6.6312,62.2042,0.0],[6.6411,62.1995,0.0],[6.637,62.1964,0.0],[6.6312,62.1958,77.0781],[6.6167,62.2,0.0],[6.6151,62.1984,105.0971],[6.6266,62.1922,581.9949],[6.6104,62.1917,931.3642],[6.6062,62.1896,1071.8798],[6.6021,62.1917,1063.0107],[6.575,62.1917,759.2372],[6.5708,62.1937,375.4217],[6.5568,62.1932,60.5581],[6.5599,62.1911,101.7812],[6.563,62.1859,0.0],[6.5703,62.1828,0.0],[6.5714,62.1776,0.0],[6.5786,62.1766,14.1047],[6.5792,62.1729,0.0],[6.5776,62.1693,0.0],[6.5849,62.1661,0.0],[6.5901,62.1589,0.0],[6.5995,62.1536,0.0],[6.6005,62.1505,0.0],[6.6036,62.1495,0.0],[6.6036,62.1443,0.0],[6.5984,62.1411,0.0],[6.5953,62.1297,0.0],[6.5922,62.1286,0.0],[6.5953,62.1266,0.0],[6.5938,62.125,0.0],[6.5833,62.125,0.0],[6.575,62.1208,217.8652],[6.5547,62.1193,0.0],[6.5547,62.1224,0.0],[6.5578,62.1234,0.0],[6.5589,62.1266,0.0],[6.5667,62.1271,0.0],[6.575,62.1312,0.0],[6.5828,62.1318,0.0],[6.5828,62.137,0.0],[6.5797,62.1391,0.0],[6.5849,62.1411,0.0],[6.5818,62.1422,0.0],[6.5807,62.1474,0.0],[6.5771,62.1479,54.7475],[6.5771,62.15,0.0],[6.5693,62.1526,35.2043],[6.5661,62.1578,0.0],[6.5589,62.1609,0.0],[6.5578,62.1641,0.0],[6.5505,62.1672,0.0],[6.5474,62.1724,0.0],[6.5318,62.1797,15.1086],[6.5307,62.1828,0.0],[6.5234,62.1839,0.0],[6.5109,62.1901,142.8118],[6.5099,62.1932,0.0],[6.5068,62.1943,42.8844],[6.5078,62.1974,0.0],[6.5047,62.1984,0.0],[6.5036,62.2036,0.0],[6.4979,62.2062,16.152],[6.4938,62.2062,14.9704],[6.4896,62.2042,59.225],[6.4797,62.2068,0.0],[6.4797,62.212,0.0],[6.4849,62.213,0.0],[6.4932,62.2172,0.0],[6.4938,62.2188,0.0],[6.4911,62.2224,53.8466],[6.4797,62.2276,370.7213],[6.4828,62.2297,122.4801],[6.4849,62.2349,0.0],[6.4755,62.2359,202.0398],[6.4766,62.2411,47.8513],[6.4734,62.2422,98.8531],[6.4724,62.2474,0.0],[6.4661,62.2516,52.9972],[6.4401,62.2526,699.977],[6.4349,62.2599,0.0],[6.4276,62.263,0.0],[6.4286,62.2661,0.0],[6.4255,62.2672,0.0],[6.4245,62.2745,0.0],[6.4214,62.2755,0.0],[6.4266,62.2776,0.0],[6.4234,62.2797,0.0],[6.4229,62.2833,0.0],[6.4234,62.2849,0.0],[6.4286,62.2859,0.0],[6.4286,62.2891,0.0],[6.4255,62.2901,0.0],[6.4245,62.2932,0.0],[6.4187,62.2938,42.5765],[6.413,62.2964,0.0],[6.412,62.2995,0.0],[6.4089,62.3005,0.0],[6.4099,62.3036,0.0],[6.4068,62.3057,0.0],[6.4099,62.3078,0.0],[6.4026,62.313,0.0],[6.4042,62.3167,0.0],[6.4005,62.3193,0.0],[6.3995,62.3224,10.5027],[6.3922,62.3255,0.0],[6.3911,62.3286,0.0],[6.388,62.3297,0.0],[6.3849,62.3349,0.0],[6.3792,62.3354,44.798],[6.3734,62.338,10.1785],[6.3724,62.3411,0.0],[6.3568,62.3484,22.8772],[6.3557,62.3516,0.0],[6.3411,62.3599,269.4517],[6.3276,62.3609,651.1589],[6.3286,62.3641,608.3973],[6.3271,62.3646,546.8014],[6.3208,62.3625,729.8869],[6.3125,62.3625,791.1172],[6.3083,62.3604,843.2662],[6.2937,62.3646,165.4095],[6.2896,62.3625,188.6174],[6.275,62.3625,0.0],[6.2708,62.3604,8.0964],[6.2479,62.3604,0.0],[6.2354,62.3563,54.3588],[6.2292,62.3563,0.0],[6.2089,62.3474,0.0],[6.2078,62.3443,0.0],[6.1958,62.3396,14.6247],[6.1813,62.3396,0.0],[6.1651,62.3328,6.2929],[6.1625,62.3292,105.2293],[6.1438,62.3271,0.0],[6.1359,62.3245,0.0],[6.1333,62.3208,7.0175],[6.1292,62.3208,0.0],[6.1104,62.3146,11.1617],[6.1026,62.3141,0.0],[6.0984,62.312,0.0],[6.0953,62.3068,6.4109],[6.087,62.3026,4.6646],[6.0734,62.2995,0.0],[6.0708,62.2958,26.1745],[6.0646,62.2958,0.0],[6.0563,62.2917,62.3989],[6.0484,62.2911,0.0],[6.0443,62.2891,0.0],[6.0432,62.2859,67.4366],[6.0354,62.2854,0.0],[6.0328,62.2818,82.3914],[6.0255,62.2807,19.8095],[6.0224,62.2755,143.7],[6.013,62.2724,142.397],[6.0078,62.2651,780.2805],[6.0005,62.2672,350.6703],[5.9979,62.2708,54.0916],[5.9859,62.2703,0.0],[5.9818,62.2682,0.0],[5.9807,62.263,57.658],[5.9755,62.262,0.0],[5.9745,62.2547,11.0249],[5.9693,62.2516,38.7123],[5.9693,62.2484,18.3746],[5.9792,62.2458,0.0],[5.9875,62.2458,5.206],[5.9932,62.2432,9.5835],[5.9943,62.2401,0.0],[6.0016,62.2391,9.8606],[6.0026,62.2359,0.0],[6.0062,62.2333,0.0],[6.0047,62.2276,0.0],[6.012,62.2224,0.0],[6.0125,62.2188,0.0],[6.0109,62.2151,0.0],[6.0208,62.2125,0.0],[6.0313,62.2125,0.0],[6.0354,62.2146,28.4119],[6.0396,62.2125,0.0],[6.0583,62.2125,37.6916],[6.0625,62.2104,0.0],[6.0708,62.2104,0.0],[6.0776,62.2068,0.0],[6.0875,62.2042,0.0],[6.1042,62.2042,4.5826],[6.1083,62.2021,0.0],[6.1188,62.2021,8.067],[6.1245,62.1984,2.9922],[6.1224,62.1922,3.6472],[6.1182,62.1901,0.0],[6.0792,62.1896,26.1302],[6.0583,62.1958,8.0015],[6.0542,62.1958,30.1707],[6.0458,62.2,14.5783],[6.0375,62.2,8.3015],[6.0333,62.1979,27.1173],[6.0146,62.1979,44.0666],[5.9964,62.2068,0.0],[5.9974,62.212,0.0],[5.9901,62.2151,0.0],[5.9891,62.2182,0.0],[5.9818,62.2193,208.0217],[5.9849,62.2214,120.8585],[5.9854,62.225,17.2291],[5.9812,62.2292,0.0],[5.9667,62.2292,10.8655],[5.9563,62.2229,170.1139],[5.9375,62.2229,0.0],[5.9318,62.2203,10.3227],[5.9359,62.2172,0.0],[5.9432,62.2161,0.0],[5.9443,62.213,0.0],[5.9484,62.2109,0.0],[5.9542,62.2104,0.0],[5.9599,62.2078,0.0],[5.9599,62.2047,0.0],[5.9547,62.2036,13.9429],[5.9547,62.1984,0.0],[5.9672,62.1922,0.0],[5.9729,62.1937,48.7497],[5.987,62.187,0.0],[5.9922,62.1797,0.0],[6.0016,62.1745,0.0],[6.0026,62.1693,0.0],[6.0083,62.1667,0.0],[6.0141,62.1661,0.0],[6.0208,62.1625,0.0],[6.0391,62.1599,43.8932],[6.0401,62.1568,0.0],[6.0609,62.1464,0.0],[6.0667,62.1458,11.4017],[6.0724,62.1432,6.0265],[6.0734,62.1401,0.0],[6.0786,62.137,45.2869],[6.0755,62.1349,21.4985],[6.0755,62.1318,27.5988],[6.0839,62.1276,1.7547],[6.0911,62.1266,131.6881],[6.0901,62.1214,0.0],[6.0995,62.1203,126.7938],[6.1042,62.1167,0.0],[6.112,62.1161,0.0],[6.1224,62.1099,0.0],[6.1234,62.1068,0.0],[6.1307,62.1057,0.0],[6.1432,62.0995,0.0],[6.1443,62.0943,36.9186],[6.1484,62.0922,0.0],[6.1583,62.0917,0.0],[6.1667,62.0958,67.5171],[6.1729,62.0958,0.0],[6.1771,62.0979,0.0],[6.1813,62.0958,0.0],[6.1979,62.0958,27.4357],[6.2063,62.0917,0.0],[6.212,62.0911,25.592],[6.213,62.088,0.0],[6.2188,62.0854,0.0],[6.2229,62.0875,55.9529],[6.2271,62.0854,0.0],[6.2333,62.0854,0.0],[6.2375,62.0875,0.0],[6.2417,62.0875,0.0],[6.2474,62.0849,0.0],[6.2484,62.0818,24.563],[6.2583,62.0812,0.0],[6.2724,62.0766,0.0],[6.2724,62.0734,0.0],[6.2688,62.0687,0.0],[6.2646,62.0687,0.0],[6.2604,62.0667,44.6367],[6.2563,62.0687,0.0],[6.2458,62.0687,78.4265],[6.2313,62.0771,0.0],[6.225,62.0771,14.6971],[6.2208,62.075,0.0],[6.2,62.075,93.8947],[6.1875,62.0812,18.7053],[6.1771,62.0812,162.5152],[6.1672,62.0786,91.8453],[6.1646,62.075,396.1005],[6.1604,62.0771,74.0409],[6.1458,62.0771,0.0],[6.1417,62.075,109.9331],[6.1375,62.0771,0.0],[6.1333,62.0771,22.2935],[6.1271,62.075,370.3285],[6.1229,62.0771,115.268],[6.1104,62.0771,0.0],[6.1063,62.075,42.0002],[6.1,62.075,0.0],[6.0901,62.0724,0.0],[6.0891,62.0672,10.6432],[6.0839,62.0661,0.0],[6.0828,62.0589,0.0],[6.0792,62.0583,0.0],[6.0776,62.0589,0.0],[6.0786,62.062,0.0],[6.0755,62.063,0.0],[6.0745,62.0661,0.0],[6.0714,62.0682,0.0],[6.0786,62.0693,0.0],[6.0813,62.0729,0.0],[6.0776,62.0766,0.0],[6.087,62.0797,0.0],[6.088,62.0849,0.0],[6.0932,62.088,0.0],[6.0901,62.0901,0.0],[6.0891,62.0953,0.0],[6.0724,62.1036,62.1814],[6.0583,62.1063,50.1475],[6.0432,62.1141,0.0],[6.0359,62.1151,14.2988],[6.037,62.1203,0.0],[6.0255,62.1255,23.761],[6.0245,62.1286,0.0],[6.0172,62.1318,69.9904],[6.0161,62.1349,0.0],[6.0063,62.1375,135.2029],[5.9708,62.1396,0.0],[5.9651,62.137,43.9934],[5.9646,62.1354,19.1919],[5.9682,62.1328,0.0],[5.9672,62.1297,0.0],[5.9745,62.1245,15.3481],[5.9714,62.1224,0.0],[5.9745,62.1203,0.0],[5.9729,62.1167,0.0],[5.9729,62.1083,16.0347],[5.9703,62.1047,0.0],[5.9672,62.1036,0.0],[5.9661,62.0984,0.0],[5.9609,62.0974,0.0],[5.9604,62.0917,79.6839],[5.9578,62.0859,155.9339],[5.9505,62.0849,64.0156],[5.9479,62.0812,191.1016],[5.9359,62.0807,0.0],[5.9349,62.0755,0.0],[5.9297,62.0724,0.0],[5.9286,62.0693,0.0],[5.9193,62.0682,0.0],[5.9188,62.0604,0.0],[5.9161,62.0526,11.4187],[5.913,62.0516,0.0],[5.9099,62.0464,10.4389],[5.9016,62.0422,0.0],[5.8839,62.037,0.0],[5.8818,62.0349,0.0],[5.8813,62.0271,99.6917],[5.8786,62.0234,164.4592],[5.8714,62.0224,0.0],[5.8703,62.0193,49.1173],[5.8641,62.0172,0.0],[5.8583,62.0167,0.0],[5.8568,62.0172,0.0],[5.8568,62.0203,0.0],[5.862,62.0214,0.0],[5.863,62.0286,0.0],[5.8682,62.0297,0.0],[5.8693,62.037,0.0],[5.8828,62.0443,0.0],[5.8849,62.0464,0.0],[5.8859,62.0516,0.0],[5.8896,62.0521,0.0],[5.8896,62.0542,0.0],[5.8938,62.0542,0.0],[5.8995,62.0568,0.0],[5.9,62.0625,0.0],[5.9026,62.0682,0.0],[5.9203,62.0755,0.0],[5.9224,62.0807,0.0],[5.9188,62.0833,0.0],[5.9193,62.0911,0.0],[5.9328,62.0943,0.0],[5.9339,62.0974,0.0],[5.9391,62.1005,0.0],[5.9401,62.1057,0.0],[5.9453,62.1068,0.0],[5.9458,62.1146,0.0],[5.9484,62.1224,0.0],[5.9516,62.1245,0.0],[5.9464,62.1276,0.0],[5.9453,62.1328,0.0],[5.938,62.1359,0.0],[5.9375,62.1396,0.0],[5.938,62.1411,0.0],[5.9432,62.1422,0.0],[5.9443,62.1495,0.0],[5.9495,62.1505,0.0],[5.9505,62.1557,0.0],[5.9536,62.1578,0.0],[5.9484,62.1609,0.0],[5.9474,62.1641,0.0],[5.9401,62.1693,28.3214],[5.9391,62.1724,0.0],[5.9318,62.1755,0.0],[5.9328,62.1786,0.0],[5.9234,62.1797,25.1113],[5.9172,62.1839,0.0],[5.9161,62.187,0.0],[5.9104,62.1896,35.735],[5.9005,62.1901,358.0517],[5.8995,62.1932,75.9768],[5.8938,62.1958,122.1044],[5.8854,62.1958,357.9409],[5.8813,62.1979,189.2187],[5.8667,62.1979,2.8367],[5.8542,62.2021,18.8639],[5.8313,62.1958,105.0167],[5.8271,62.1979,19.2158],[5.8229,62.1958,44.1294],[5.8042,62.1958,20.611],[5.7964,62.1932,0.0],[5.7958,62.1875,0.0],[5.7937,62.1854,17.3496],[5.7875,62.1854,0.0],[5.7792,62.1813,1.4281],[5.7479,62.1813,0.0],[5.7438,62.1792,0.7438],[5.7375,62.1792,0.0],[5.7318,62.1766,0.0],[5.7307,62.1734,0.0],[5.7229,62.1708,0.2332],[5.6875,62.1708,26.2811],[5.6833,62.1729,6.0254],[5.6776,62.1724,32.3139],[5.6755,62.1672,0.0],[5.6786,62.1661,64.8647],[5.6797,62.1589,4.7662],[5.6833,62.1563,31.1737],[5.6818,62.1526,0.0],[5.6854,62.15,0.0],[5.6818,62.1464,0.0],[5.6891,62.1432,0.0],[5.6901,62.1401,0.0],[5.6932,62.1391,0.0],[5.6922,62.1359,0.0],[5.6953,62.1349,0.0],[5.6922,62.1328,0.0],[5.6896,62.125,0.0],[5.6901,62.1214,0.0],[5.7026,62.1151,0.0],[5.7099,62.1141,0.0],[5.7234,62.1068,0.0],[5.7307,62.1057,13.0406],[5.7318,62.1026,0.0],[5.7375,62.1021,0.0],[5.7432,62.0995,0.0],[5.7422,62.0943,0.0],[5.7453,62.0922,0.0],[5.7312,62.0875,0.4219],[5.725,62.0875,1.3631],[5.7193,62.0901,10.8618],[5.7161,62.0953,0.0],[5.7089,62.0984,11.7573],[5.7078,62.1016,0.0],[5.688,62.1109,0.0],[5.687,62.1141,0.0],[5.6755,62.1193,0.0],[5.6771,62.1229,0.0],[5.6734,62.1266,0.0],[5.6766,62.1276,0.0],[5.6792,62.1333,0.0],[5.6792,62.1375,0.0],[5.6755,62.1401,0.0],[5.6745,62.1432,0.0],[5.6714,62.1443,0.0],[5.6724,62.1474,0.0],[5.6651,62.1505,0.0],[5.6599,62.1578,0.0],[5.6443,62.1651,12.6583],[5.6432,62.1682,21.3078],[5.6375,62.1708,34.8778],[5.6292,62.1708,0.0]]],
[[[5.3995,62.2182,0.0],[5.3854,62.2229,0.0],[5.3792,62.2229,3.1527],[5.3734,62.2203,0.0],[5.3708,62.2167,29.3786],[5.3646,62.2167,64.3235],[5.3604,62.2188,0.0],[5.3505,62.2182,55.1382],[5.3495,62.2151,117.1809],[5.3464,62.2141,50.8675],[5.3438,62.2104,19.351],[5.3443,62.2089,0.6509],[5.3542,62.2083,0.7003],[5.3625,62.2042,0.0],[5.3729,62.2042,4.8204],[5.3854,62.2,0.0],[5.3896,62.2,3.9739],[5.4021,62.1937,0.0],[5.4224,62.1943,0.0],[5.4224,62.2036,0.0],[5.4193,62.2047,0.0],[5.4161,62.2099,13.1746],[5.4089,62.213,38.6045],[5.4078,62.2161,1.3835],[5.3995,62.2182,0.0]]],
[[[5.4875,62.2188,2.6977],[5.4839,62.2172,0.0],[5.4896,62.2146,0.0],[5.4932,62.2151,0.0],[5.4932,62.2161,0.0],[5.4875,62.2188,2.6977]]],
[[[5.4651,62.2109,3.4403],[5.4729,62.2104,0.0],[5.4786,62.213,0.0],[5.4813,62.2229,0.6247],[5.4807,62.2266,0.0],[5.4734,62.2266,1.0061],[5.4708,62.2229,0.0],[5.4604,62.2229,0.0],[5.4526,62.2182,0.0],[5.4557,62.2161,0.0],[5.4568,62.213,0.0],[5.4651,62.2109,3.4403]]],
[[[5.7773,62.2069,0.0],[5.7792,62.2083,0.0],[5.787,62.2089,0.0],[5.7953,62.213,0.0],[5.7984,62.2203,0.0],[5.8026,62.2224,0.0],[5.812,62.2234,0.0],[5.8141,62.2349,0.0],[5.8109,62.2359,0.0],[5.8099,62.2391,12.3304],[5.8042,62.2417,0.0],[5.788,62.2422,0.0],[5.7901,62.2516,0.0],[5.7953,62.2526,0.0],[5.7964,62.2557,0.0],[5.8036,62.2568,4.2872],[5.8036,62.2599,14.0275],[5.8005,62.262,0.0],[5.8125,62.2667,9.2734],[5.8167,62.2646,0.0],[5.8229,62.2646,0.0],[5.8313,62.2687,5.9934],[5.8411,62.2651,0.0],[5.838,62.2641,0.0],[5.8349,62.2589,0.0],[5.8234,62.2578,5.667],[5.8224,62.2547,0.0],[5.8172,62.2526,0.0],[5.8229,62.25,0.0],[5.8646,62.25,0.0],[5.8688,62.2479,0.0],[5.8813,62.2479,0.0],[5.8854,62.25,0.0],[5.8974,62.2495,0.0],[5.8922,62.2474,0.0],[5.8911,62.2443,8.9232],[5.8792,62.2438,0.0],[5.8734,62.2411,11.8357],[5.8724,62.2359,38.9064],[5.8703,62.2339,68.4638],[5.8646,62.2354,0.0],[5.8625,62.2333,12.8773],[5.8646,62.2313,29.1736],[5.8786,62.2307,0.0],[5.8797,62.2276,0.0],[5.8896,62.2229,0.0],[5.8932,62.2276,14.4525],[5.8932,62.2307,17.3226],[5.8833,62.2313,0.0],[5.8818,62.2328,0.0],[5.8875,62.2333,0.0],[5.8995,62.238,0.0],[5.9036,62.2401,0.0],[5.9047,62.2432,48.4582],[5.9141,62.2443,0.0],[5.9148,62.2507,0.0],[5.9172,62.2536,0.0],[5.9245,62.2526,0.0],[5.9255,62.2578,0.0],[5.9307,62.2589,0.0],[5.9318,62.2661,0.0],[5.937,62.2672,0.0],[5.9422,62.2745,0.0],[5.9474,62.2755,0.0],[5.9484,62.2807,45.6289],[5.9578,62.2839,0.0],[5.9589,62.287,0.0],[5.9682,62.2901,0.0],[5.9693,62.2932,0.0],[5.975,62.2958,0.0],[5.9854,62.2958,0.0],[5.9938,62.3,0.0],[6.0016,62.3005,0.0],[6.013,62.3078,0.0],[6.0188,62.3083,0.0],[6.0307,62.313,0.0],[6.0318,62.3161,0.0],[6.0411,62.3193,0.0],[6.0422,62.3224,6.0513],[6.0557,62.3255,0.0],[6.0755,62.337,0.0],[6.0917,62.3417,0.0],[6.0979,62.3417,0.0],[6.1141,62.3495,0.0],[6.1042,62.3521,0.0],[6.0979,62.35,25.374],[6.0938,62.3521,0.0],[6.0854,62.3521,0.0],[6.0828,62.3557,0.0],[6.0729,62.3604,11.1265],[6.0687,62.3604,36.9164],[6.0479,62.3667,0.0],[6.0396,62.3667,1.8493],[6.0339,62.3693,0.0],[6.0339,62.3766,6.2211],[6.0391,62.3807,0.0],[6.0359,62.3818,5.7533],[6.0349,62.3849,0.0],[6.0193,62.3922,34.7455],[6.0203,62.3953,0.0],[6.0172,62.3964,0.0],[6.0161,62.3995,0.0],[6.0089,62.4026,3.3694],[6.0078,62.4057,0.0],[6.0047,62.4068,30.753],[6.0047,62.4099,27.973],[6.0099,62.412,0.0],[6.0026,62.4151,54.6998],[6.0016,62.4203,15.028],[6.0,62.4208,11.3977],[5.9943,62.4203,44.094],[5.9917,62.4167,367.9056],[5.9875,62.4188,126.8239],[5.9771,62.4188,377.0989],[5.9729,62.4208,306.412],[5.9688,62.4188,480.6325],[5.9646,62.4188,570.5331],[5.9604,62.4208,383.1069],[5.9563,62.4188,616.929],[5.95,62.4188,493.4396],[5.9458,62.4208,268.0939],[5.9063,62.4208,0.7817],[5.9047,62.4193,27.18],[5.9078,62.4172,160.9039],[5.9063,62.4167,289.4405],[5.9,62.4167,204.6413],[5.8958,62.4188,4.9357],[5.8833,62.4188,0.0],[5.8688,62.4125,0.489],[5.863,62.412,0.0],[5.8599,62.4089,5.0179],[5.8526,62.4078,0.0],[5.8495,62.4026,1.8498],[5.8464,62.4016,0.0],[5.8453,62.3964,2.7833],[5.8401,62.3953,0.0],[5.8391,62.3901,160.7493],[5.8297,62.3849,17.177],[5.8286,62.3797,101.3139],[5.8151,62.3766,0.0],[5.8188,62.3729,20.8015],[5.8167,62.3688,0.0],[5.8167,62.3646,2.6859],[5.8203,62.362,8.1421],[5.8193,62.3568,0.0],[5.8266,62.3536,8.2684],[5.8229,62.35,0.0],[5.8234,62.3464,0.0],[5.8265,62.3453,0.0],[5.8255,62.3422,5.5652],[5.8417,62.3417,0.0],[5.8516,62.337,3.4292],[5.8505,62.3339,0.0],[5.862,62.3286,13.4259],[5.862,62.3234,0.0],[5.8542,62.3208,0.0],[5.8474,62.3245,0.0],[5.8417,62.325,0.0],[5.8359,62.3276,19.0167],[5.837,62.3307,0.0],[5.8313,62.3333,12.9161],[5.825,62.3292,0.0],[5.8083,62.3292,0.0],[5.8042,62.3312,0.0],[5.7979,62.3312,5.3195],[5.7896,62.3271,0.6534],[5.7776,62.3266,0.0],[5.7729,62.3229,7.0115],[5.775,62.3208,0.0],[5.7833,62.3208,5.6642],[5.7891,62.3182,0.0],[5.7875,62.3042,0.0],[5.787,62.3026,0.0],[5.7818,62.3016,9.4211],[5.7818,62.2964,8.9921],[5.7917,62.2938,0.0],[5.7958,62.2958,4.5166],[5.8021,62.2958,0.0],[5.8161,62.3005,14.1208],[5.813,62.3036,0.0],[5.8167,62.3063,9.8951],[5.8396,62.3083,0.0],[5.8495,62.3057,0.0],[5.8495,62.3026,14.6703],[5.8375,62.3021,0.0],[5.8354,62.3,9.5773],[5.8359,62.2984,0.0],[5.8432,62.2974,22.5002],[5.8443,62.2943,0.0],[5.8474,62.2932,0.0],[5.8474,62.2901,13.734],[5.838,62.2891,0.0],[5.8292,62.2833,0.0],[5.8208,62.2875,42.4665],[5.8125,62.2875,10.1112],[5.8083,62.2854,12.1919],[5.8042,62.2854,0.0],[5.7958,62.2896,0.0],[5.7854,62.2896,0.0],[5.7771,62.2854,0.0],[5.7729,62.2875,14.9989],[5.7667,62.2875,0.0],[5.7625,62.2854,7.6594],[5.7417,62.2854,0.0],[5.7401,62.2859,0.0],[5.7401,62.2891,0.0],[5.7432,62.2901,0.0],[5.7443,62.2932,0.0],[5.75,62.2917,11.3452],[5.7578,62.2922,16.4297],[5.7464,62.2964,0.0],[5.75,62.3,0.0],[5.7495,62.3036,9.5883],[5.7464,62.3047,0.0],[5.7474,62.3078,0.0],[5.7396,62.3083,15.877],[5.7354,62.3104,0.0],[5.7271,62.3063,0.0],[5.7229,62.3063,0.0],[5.713,62.3089,0.0],[5.7104,62.3125,0.0],[5.7,62.3125,0.0],[5.6958,62.3146,0.0],[5.6792,62.3146,0.0],[5.6776,62.3141,12.299],[5.6755,62.3089,0.0],[5.6813,62.3063,0.0],[5.7083,62.3063,0.0],[5.7141,62.3036,11.6929],[5.7141,62.2964,0.0],[5.7021,62.2958,5.3749],[5.6937,62.3,0.0],[5.6854,62.3,9.3872],[5.6813,62.2979,0.0],[5.6542,62.2979,6.1127],[5.65,62.3,0.0],[5.6458,62.2979,13.0477],[5.6354,62.2979,0.0],[5.6313,62.2938,5.499],[5.6271,62.2958,0.0],[5.6167,62.2958,3.1049],[5.6125,62.2979,0.0],[5.6083,62.2979,0.0],[5.6042,62.2958,1.0337],[5.5854,62.2958,0.0],[5.5813,62.2938,23.0975],[5.5667,62.2938,1.2705],[5.5609,62.2911,4.5044],[5.5599,62.288,73.519],[5.5505,62.287,0.0],[5.5479,62.2708,0.832],[5.5484,62.2693,0.0],[5.5651,62.2609,0.0],[5.5724,62.2599,0.4575],[5.5766,62.2568,0.0],[5.5729,62.2542,0.0],[5.5604,62.2583,0.0],[5.5479,62.2583,20.3294],[5.5417,62.2542,299.0325],[5.5375,62.2562,211.5465],[5.5333,62.2562,45.2821],[5.5318,62.2557,10.8485],[5.5297,62.2495,0.0],[5.5396,62.2438,0.0],[5.5458,62.2438,18.4872],[5.55,62.2417,0.0],[5.5625,62.2396,21.4037],[5.5693,62.2359,0.0],[5.5875,62.2313,0.0],[5.5958,62.2313,0.0],[5.6,62.2333,0.0],[5.6083,62.2292,0.0],[5.6161,62.2286,0.0],[5.6146,62.2271,0.0],[5.6042,62.2271,0.0],[5.6,62.2292,0.0],[5.5958,62.2292,0.0],[5.5854,62.225,0.0],[5.5729,62.225,12.6208],[5.563,62.2276,9.0837],[5.5563,62.2313,0.0],[5.5375,62.2313,41.1704],[5.5318,62.2286,7.2574],[5.5318,62.2255,6.2453],[5.5536,62.2141,2.4835],[5.5547,62.2109,0.0],[5.5661,62.2099,22.3389],[5.5672,62.2068,3.7042],[5.5703,62.2057,0.0],[5.5755,62.1984,10.0783],[5.5979,62.1875,0.0],[5.6146,62.1875,0.0],[5.6188,62.1896,15.3094],[5.6417,62.1896,0.0],[5.6646,62.1958,20.1608],[5.6792,62.1958,0.0],[5.6833,62.1937,0.0],[5.6917,62.1979,0.0],[5.6979,62.1979,0.0],[5.7021,62.2,35.4091],[5.7167,62.2,0.0],[5.7208,62.2021,0.0],[5.7479,62.2021,0.0],[5.7521,62.2042,0.0],[5.7563,62.2021,0.0],[5.7646,62.2021,0.0],[5.7688,62.2042,0.0],[5.7766,62.2047,0.0],[5.7773,62.2069,0.0]]],
[[[5.3604,62.2354,104.5809],[5.3542,62.2354,179.4594],[5.3526,62.2339,32.6741],[5.362,62.2339,59.63],[5.3604,62.2354,104.5809]]],
[[[5.9771,62.2354,0.0],[5.9786,62.237,24.4096],[5.9688,62.2375,1.0415],[5.9646,62.2396,0.0],[5.9625,62.2375,7.7688],[5.9646,62.2354,0.0],[5.9771,62.2354,0.0]]],
[[[5.8839,62.2464,0.0],[5.8854,62.2458,0.0],[5.887,62.2474,0.0],[5.8839,62.2474,0.0],[5.8839,62.2464,0.0]]],
[[[6.5792,62.15,0.0],[6.5828,62.1516,0.0],[6.5771,62.1521,0.0],[6.5771,62.15,0.0],[6.5792,62.15,0.0]]],
[[[6.5208,62.2271,0.0],[6.5229,62.2271,0.0],[6.5229,62.2292,0.0],[6.5193,62.2286,0.0],[6.5208,62.2271,0.0]]],
[[[6.3443,62.437,0.0],[6.3432,62.4318,0.0],[6.3396,62.4292,9.2867],[6.3083,62.4292,44.2689],[6.3042,62.4313,0.0],[6.2911,62.4234,0.0],[6.2854,62.4229,12.5263],[6.2839,62.4245,0.0],[6.287,62.4266,0.0],[6.2839,62.4286,0.0],[6.2932,62.4349,0.0],[6.2807,62.4411,0.0],[6.2625,62.4437,10.4914],[6.2583,62.4417,6.4807],[6.2438,62.4396,0.0],[6.2411,62.4432,0.0],[6.2328,62.4474,4.5994],[6.2229,62.45,0.0],[6.2125,62.45,2.5454],[6.2,62.4458,3.7833],[6.1896,62.4458,0.0],[6.187,62.4422,3.7263],[6.1813,62.4396,0.0],[6.1563,62.4396,8.6929],[6.1521,62.4375,42.2037],[6.1021,62.4375,2.019],[6.0979,62.4354,96.7072],[6.0938,62.4354,142.999],[6.0896,62.4375,31.5081],[6.0792,62.4333,478.2311],[6.0667,62.4375,57.6872],[6.0609,62.4349,9.2266],[6.0589,62.4318,0.0],[6.062,62.4307,6.7854],[6.063,62.4255,0.0],[6.0661,62.4245,0.0],[6.0672,62.4214,0.0],[6.0828,62.4141,85.5655],[6.0818,62.4109,0.0],[6.0875,62.4104,0.0],[6.0958,62.4063,0.0],[6.1021,62.4063,43.8247],[6.1068,62.4026,0.0],[6.1146,62.4021,61.0959],[6.1229,62.3979,0.0],[6.1354,62.3979,0.0],[6.1396,62.3958,0.0],[6.1438,62.3979,8.6339],[6.1542,62.3979,32.4979],[6.1667,62.3937,0.0],[6.1792,62.3937,0.0],[6.1833,62.3958,19.9601],[6.1896,62.3958,0.0],[6.1938,62.3937,0.0],[6.1979,62.3937,0.0],[6.2021,62.3958,0.0],[6.2167,62.3958,0.0],[6.2292,62.4,0.0],[6.2438,62.4,0.0],[6.2479,62.4021,4.2956],[6.2542,62.4,0.0],[6.2583,62.4021,33.15],[6.2771,62.4021,0.0],[6.2813,62.4042,0.0],[6.3042,62.4042,0.0],[6.3083,62.4063,58.9252],[6.3125,62.4042,0.0],[6.3245,62.4109,0.0],[6.3271,62.4146,5.5956],[6.3375,62.4125,0.0],[6.3458,62.4167,24.6727],[6.3604,62.4167,0.0],[6.3661,62.4193,0.0],[6.3661,62.4224,0.0],[6.363,62.4234,6.837],[6.3641,62.4286,0.0],[6.3609,62.4307,0.0],[6.3708,62.4333,1.6985],[6.3953,62.4266,0.0],[6.3901,62.4245,15.3647],[6.3896,62.4208,55.9986],[6.3901,62.4193,46.71],[6.3958,62.4188,12.5489],[6.4104,62.425,3.238],[6.4167,62.425,0.0],[6.4292,62.4292,0.0],[6.4938,62.4292,0.0],[6.4979,62.4313,0.0],[6.5063,62.4313,0.0],[6.5104,62.4333,17.386],[6.5438,62.4354,0.0],[6.5464,62.4391,63.7549],[6.5599,62.4422,0.0],[6.5729,62.4479,22.5809],[6.5833,62.4479,0.0],[6.5917,62.4521,12.8168],[6.5995,62.4526,0.0],[6.6036,62.4547,0.0],[6.6063,62.4583,0.0],[6.6208,62.4583,0.0],[6.625,62.4625,0.0],[6.65,62.4625,0.0],[6.6609,62.4682,27.7607],[6.6703,62.4693,0.0],[6.6714,62.4724,0.0],[6.6807,62.4755,0.0],[6.6818,62.4807,28.9615],[6.6896,62.4813,0.0],[6.7042,62.4875,10.3303],[6.7125,62.4875,0.0],[6.7167,62.4917,11.4183],[6.7,62.4917,12.6731],[6.6958,62.4938,0.0],[6.6917,62.4917,10.446],[6.6813,62.4917,0.0],[6.6714,62.4891,21.2635],[6.6682,62.4839,0.0],[6.6583,62.4813,0.0],[6.6458,62.4854,0.0],[6.638,62.4859,30.9456],[6.6391,62.4891,0.0],[6.6208,62.4979,28.4947],[6.6063,62.4958,0.0],[6.5938,62.5,25.0661],[6.5896,62.5,39.3611],[6.5854,62.4979,32.7621],[6.5563,62.4979,6.4302],[6.5521,62.4958,17.2639],[6.5479,62.4958,16.4355],[6.538,62.4984,7.5119],[6.5313,62.5021,0.0],[6.5229,62.5021,32.1506],[6.5203,62.5057,0.0],[6.5146,62.5062,13.1991],[6.5068,62.5036,11.9301],[6.5057,62.4984,27.676],[6.5042,62.4979,19.9132],[6.5,62.5,0.0],[6.4854,62.5,12.1434],[6.4813,62.4979,194.5206],[6.4583,62.4958,61.029],[6.4479,62.4917,94.2925],[6.4438,62.4938,0.0],[6.4396,62.4917,64.5421],[6.4208,62.4917,0.0],[6.4104,62.4875,70.7135],[6.3729,62.4833,9.3756],[6.3714,62.4828,0.0],[6.3703,62.4755,8.2548],[6.3583,62.475,0.0],[6.3542,62.4729,24.3576],[6.3396,62.4729,28.1018],[6.3354,62.475,6.0282],[6.3271,62.475,0.0],[6.3229,62.4729,15.8933],[6.3125,62.4729,14.1387],[6.3083,62.4708,69.072],[6.3042,62.4729,1.4087],[6.3,62.4708,62.9344],[6.2854,62.4708,45.359],[6.2813,62.4688,81.5706],[6.2667,62.4688,14.3315],[6.2609,62.4714,0.0],[6.262,62.4745,18.5537],[6.2563,62.4771,8.6107],[6.2146,62.4771,97.4564],[6.2104,62.475,135.6904],[6.1958,62.475,123.0819],[6.1917,62.4771,77.2828],[6.1875,62.475,108.0424],[6.1833,62.4771,175.8414],[6.1792,62.475,154.1257],[6.1589,62.4745,19.5408],[6.1646,62.4708,6.381],[6.1958,62.4688,20.5283],[6.2,62.4667,0.0],[6.2042,62.4688,0.0],[6.2188,62.4688,0.0],[6.2229,62.4708,4.4717],[6.225,62.4688,3.3344],[6.2234,62.4651,25.5711],[6.2438,62.4646,4.6211],[6.2495,62.462,0.0],[6.2505,62.4589,24.5681],[6.2563,62.4562,0.0],[6.2688,62.4562,0.0],[6.2729,62.4583,11.0896],[6.2917,62.4583,0.0],[6.2958,62.4604,0.0],[6.3146,62.4604,0.0],[6.3188,62.4625,15.7483],[6.325,62.4604,0.0],[6.3333,62.4604,0.0],[6.3375,62.4583,0.0],[6.3417,62.4604,3.0979],[6.3516,62.4578,0.0],[6.3484,62.4557,15.6717],[6.3464,62.4505,39.9552],[6.3495,62.4495,21.1542],[6.3505,62.4464,0.0],[6.3542,62.4437,12.7525],[6.3536,62.4401,0.0],[6.3443,62.437,0.0]]],
[[[6.9536,62.1026,137.4161],[6.9521,62.1042,0.0],[6.9464,62.1036,215.338],[6.9479,62.1021,273.2188],[6.9536,62.1026,137.4161]]],
[[[7.7479,62.5625,287.3987],[7.7604,62.5646,163.3129],[7.7604,62.5667,68.6684],[7.7422,62.5661,77.9862],[7.7422,62.563,237.4711],[7.7479,62.5625,287.3987]]],
[[[7.7167,62.5667,93.3576],[7.7146,62.5667,92.4145],[7.7146,62.5646,219.5562],[7.7182,62.5651,205.0271],[7.7167,62.5667,93.3576]]],
[[[6.6042,62.6208,18.6253],[6.6057,62.6224,31.8541],[6.6005,62.6224,35.7749],[6.6005,62.6214,41.9676],[6.6042,62.6208,18.6253]]],
[[[6.5979,62.6271,29.4178],[6.6083,62.625,0.0],[6.6104,62.6271,29.944],[6.6083,62.6292,33.8048],[6.588,62.6286,9.3591],[6.5896,62.6271,1.6785],[6.5979,62.6271,29.4178]]],
[[[6.6557,62.6724,0.0],[6.6401,62.6734,0.0],[6.6396,62.6771,0.0],[6.6422,62.687,0.0],[6.6474,62.688,0.0],[6.6443,62.6901,0.0],[6.6432,62.6953,2.8145],[6.6375,62.6979,17.9626],[6.625,62.6979,2.5621],[6.613,62.6932,4.8234],[6.612,62.6901,4.2876],[6.6068,62.6891,3.7798],[6.6057,62.6839,0.0],[6.5964,62.6807,0.0],[6.5932,62.6714,6.4116],[6.5875,62.6688,10.003],[6.5797,62.6682,0.0],[6.5797,62.663,7.6119],[6.5828,62.6609,5.0869],[6.5672,62.6557,0.0],[6.5667,62.6542,0.0],[6.5672,62.6526,3.1123],[6.5729,62.65,0.0],[6.5917,62.65,0.0],[6.5984,62.6536,4.4929],[6.6063,62.6542,0.0],[6.6104,62.6563,29.7868],[6.6146,62.6542,0.0],[6.6188,62.6542,0.0],[6.6229,62.6563,26.9274],[6.6292,62.6563,26.6579],[6.6333,62.6542,0.0],[6.6479,62.6583,24.7622],[6.6521,62.6563,0.0],[6.6604,62.6604,0.0],[6.6682,62.6609,0.0],[6.6682,62.6641,0.0],[6.6651,62.6651,0.0],[6.6641,62.6682,0.0],[6.6557,62.6724,0.0]]],
[[[5.4729,62.2646,28.9122],[5.4583,62.2646,0.0],[5.4542,62.2667,0.0],[5.4188,62.2667,0.0],[5.4026,62.2599,58.8089],[5.4021,62.2583,192.6729],[5.4057,62.2557,7.3216],[5.4068,62.2526,47.604],[5.4099,62.2516,40.578],[5.4089,62.2464,0.0],[5.412,62.2453,17.4253],[5.4146,62.2417,0.0],[5.4333,62.2417,0.0],[5.4349,62.2411,0.0],[5.4339,62.238,0.0],[5.4354,62.2375,0.0],[5.4417,62.2375,0.0],[5.4458,62.2396,0.0],[5.45,62.2375,0.0],[5.4583,62.2375,0.0],[5.4625,62.2354,0.0],[5.4667,62.2375,0.0],[5.4729,62.2375,1.2938],[5.4771,62.2354,0.0],[5.4911,62.2359,0.2998],[5.4937,62.2417,0.0],[5.4932,62.2453,0.0],[5.4875,62.2479,0.0],[5.4818,62.2484,0.0],[5.4813,62.25,0.0],[5.487,62.2547,0.0],[5.487,62.2599,0.0],[5.4786,62.2641,0.0],[5.4729,62.2646,28.9122]]],
[[[6.0047,62.2714,71.2691],[6.0078,62.2714,118.5147],[6.0078,62.2724,79.3116],[6.0047,62.2724,32.1477],[6.0047,62.2714,71.2691]]],
[[[5.4813,62.3271,2.2257],[5.4818,62.3214,35.6216],[5.4875,62.3187,0.0],[5.4917,62.3187,0.0],[5.4958,62.3208,0.0],[5.5036,62.3214,0.0],[5.5063,62.325,2.9597],[5.512,62.3255,0.0],[5.5141,62.3307,5.7203],[5.5,62.3375,27.921],[5.4937,62.3333,347.9959],[5.4839,62.3328,81.9088],[5.4818,62.3307,20.2791],[5.4813,62.3271,2.2257]]],
[[[5.7901,62.3453,32.8792],[5.7953,62.3474,0.0],[5.7854,62.35,0.0],[5.7818,62.3495,0.0],[5.7807,62.3464,6.5025],[5.775,62.3458,0.0],[5.7714,62.3432,11.701],[5.7714,62.338,0.0],[5.7849,62.338,0.0],[5.7849,62.3411,0.0],[5.7818,62.3432,3.2127],[5.7901,62.3453,32.8792]]],
[[[5.6563,62.3708,49.5423],[5.6479,62.3708,0.0],[5.6438,62.3688,76.4061],[5.6328,62.3745,58.9182],[5.6271,62.375,68.3413],[5.6245,62.3714,139.1984],[5.6193,62.3703,111.4772],[5.6188,62.3667,37.024],[5.6193,62.3651,11.9014],[5.6292,62.3604,0.0],[5.6563,62.3604,0.0],[5.6604,62.3625,0.0],[5.6708,62.3625,0.0],[5.6724,62.3609,0.0],[5.6672,62.3578,0.0],[5.6672,62.3526,0.0],[5.6745,62.3516,20.9443],[5.687,62.3443,0.0],[5.6792,62.3417,0.6865],[5.6667,62.3458,35.1471],[5.6625,62.3458,23.1264],[5.6583,62.3438,133.7426],[5.6438,62.3438,60.2265],[5.6396,62.3417,3.5822],[5.6354,62.3438,0.0],[5.6313,62.3438,0.0],[5.6271,62.3417,4.7686],[5.6125,62.3396,0.0],[5.6068,62.3422,0.0],[5.6057,62.3453,0.0],[5.6026,62.3464,2.0406],[5.6016,62.3516,8.9345],[5.6,62.3521,0.0],[5.5958,62.3521,8.3986],[5.5917,62.3542,38.7819],[5.5672,62.3547,194.4984],[5.5641,62.3599,0.0],[5.5568,62.3609,4.2259],[5.5599,62.3641,0.0],[5.5568,62.3651,0.0],[5.5557,62.3703,0.0],[5.55,62.3729,136.9282],[5.5188,62.3667,106.315],[5.5109,62.3641,197.8977],[5.5104,62.3625,150.957],[5.5109,62.3609,0.0],[5.5224,62.3557,4.0682],[5.5229,62.3521,0.0],[5.5214,62.3484,35.3899],[5.5245,62.3474,181.8113],[5.5172,62.3432,139.4455],[5.5151,62.3401,0.0],[5.5224,62.337,0.0],[5.5234,62.3339,0.0],[5.5333,62.3292,0.0],[5.5375,62.3292,0.0],[5.5417,62.3312,0.0],[5.5521,62.3312,0.0],[5.5563,62.3333,0.651],[5.5708,62.3333,0.0],[5.575,62.3354,0.0],[5.5896,62.3354,0.0],[5.5979,62.3396,2.8831],[5.5995,62.3391,0.0],[5.6005,62.3339,0.0],[5.6036,62.3328,21.3897],[5.5984,62.3297,0.0],[5.6083,62.325,0.0],[5.6188,62.325,37.7898],[5.6271,62.3208,2.6465],[5.6354,62.3208,9.8088],[5.6396,62.3187,0.0],[5.6542,62.3187,0.0],[5.6583,62.3229,0.0],[5.6854,62.3229,5.1471],[5.6896,62.3208,0.0],[5.6979,62.3208,7.7945],[5.7021,62.3187,0.0],[5.7063,62.3208,3.1144],[5.7208,62.3208,0.0],[5.725,62.3167,0.0],[5.7276,62.3203,0.0],[5.737,62.3234,0.0],[5.737,62.3307,12.804],[5.7313,62.3312,0.0],[5.7292,62.3333,0.0],[5.7318,62.3411,15.5799],[5.7411,62.3443,0.0],[5.7422,62.3495,7.143],[5.7453,62.3505,0.0],[5.7443,62.3557,1.5982],[5.7474,62.3578,0.0],[5.7443,62.3589,0.8245],[5.7432,62.3641,1.5177],[5.7359,62.3641,53.803],[5.7271,62.3583,0.0],[5.7172,62.3589,39.2841],[5.713,62.3609,143.3333],[5.7104,62.3646,17.5944],[5.7063,62.3625,173.9369],[5.6958,62.3625,36.7501],[5.6917,62.3604,145.7581],[5.6776,62.3651,0.7867],[5.6786,62.3703,0.0],[5.6771,62.3708,0.0],[5.6563,62.3708,49.5423]]],
[[[5.7813,62.3729,9.9709],[5.7776,62.3724,5.2722],[5.7734,62.3693,3.0069],[5.7792,62.3688,0.0],[5.7849,62.3714,4.1625],[5.7813,62.3729,9.9709]]],
[[[5.6229,62.4063,0.0],[5.6167,62.4083,0.0],[5.6104,62.4083,116.0227],[5.6062,62.4104,151.8848],[5.5896,62.4104,207.723],[5.5859,62.4078,113.681],[5.5932,62.4036,45.9816],[5.5943,62.4005,0.0],[5.6141,62.3911,26.8711],[5.6167,62.3875,4.6428],[5.6313,62.3875,0.0],[5.6354,62.3896,11.5586],[5.6396,62.3875,0.0],[5.6438,62.3875,0.0],[5.6599,62.3964,0.0],[5.6604,62.3979,0.0],[5.6568,62.4005,4.6027],[5.6578,62.4036,0.0],[5.6563,62.4042,12.3934],[5.6458,62.4,169.0287],[5.6417,62.4021,0.0],[5.6333,62.4021,20.2234],[5.6229,62.4063,0.0]]],
[[[6.1245,62.4641,0.0],[6.1214,62.4661,0.0],[6.1271,62.4688,12.4623],[6.1333,62.4688,4.2453],[6.1349,62.4703,9.9448],[6.1104,62.4708,9.1364],[6.1063,62.4688,23.4592],[6.1,62.4688,25.9878],[6.0958,62.4708,0.0],[6.0938,62.4688,22.5926],[6.0979,62.4646,8.5691],[6.0953,62.4589,226.3539],[6.0922,62.4568,17.9845],[6.0979,62.4542,6.2014],[6.1167,62.4542,0.0],[6.1208,62.4562,0.0],[6.125,62.4542,0.0],[6.1292,62.4562,0.0],[6.1479,62.4562,0.0],[6.1521,62.4583,16.0926],[6.1563,62.4562,0.0],[6.1604,62.4583,0.0],[6.1682,62.4589,0.0],[6.1667,62.4604,0.0],[6.1396,62.4604,85.0374],[6.1354,62.4625,0.0],[6.1313,62.4604,66.329],[6.1245,62.4641,0.0]]],
[[[6.3259,62.4434,17.801],[6.3125,62.4437,2.873],[6.3042,62.4479,0.0],[6.2813,62.4479,14.7294],[6.2734,62.4453,0.0],[6.275,62.4437,0.0],[6.2833,62.4437,0.0],[6.2875,62.4417,0.0],[6.3063,62.4417,0.0],[6.3161,62.4391,0.0],[6.3146,62.4375,0.0],[6.3026,62.4349,5.4539],[6.3042,62.4333,0.0],[6.3188,62.4333,2.1802],[6.3229,62.4313,0.0],[6.3271,62.4313,0.0],[6.3313,62.4333,35.3092],[6.3354,62.4313,0.0],[6.3391,62.4339,0.0],[6.3391,62.437,0.0],[6.3259,62.4434,17.801]]],
[[[6.3104,62.4833,4.7723],[6.3021,62.4833,16.5318],[6.3005,62.4818,14.9628],[6.312,62.4818,4.992],[6.3104,62.4833,4.7723]]],
[[[6.3396,62.4875,0.0],[6.3359,62.4859,15.2148],[6.3417,62.4833,0.0],[6.3453,62.4839,0.0],[6.3453,62.487,5.4704],[6.3396,62.4875,0.0]]],
[[[6.4375,62.5083,15.1787],[6.4453,62.5089,6.6924],[6.4536,62.5141,28.7758],[6.4479,62.5167,75.023],[6.4354,62.5167,47.4621],[6.4208,62.5125,37.8249],[6.4104,62.5125,21.018],[6.4063,62.5104,34.8707],[6.4021,62.5125,0.0],[6.3979,62.5104,50.2233],[6.3833,62.5104,16.4525],[6.3792,62.5083,50.528],[6.3646,62.5083,79.149],[6.3521,62.5042,82.3681],[6.3458,62.5062,18.4102],[6.3417,62.5042,114.0761],[6.3292,62.5042,116.713],[6.3266,62.5078,0.0],[6.3208,62.5083,4.165],[6.3151,62.5109,34.1776],[6.3141,62.5141,9.8991],[6.3042,62.5146,23.6864],[6.3,62.5167,0.0],[6.2958,62.5146,57.9068],[6.2854,62.5146,0.0],[6.2813,62.5125,26.8404],[6.2667,62.5125,0.0],[6.2625,62.5104,20.5176],[6.2583,62.5104,18.8322],[6.2542,62.5125,0.0],[6.2438,62.5125,19.6308],[6.2339,62.5078,0.0],[6.2307,62.5026,28.3026],[6.225,62.5,-1.0],[6.1917,62.5,5.9667],[6.1755,62.4953,20.6077],[6.175,62.4917,5.2124],[6.1771,62.4896,0.0],[6.1854,62.4896,0.0],[6.1896,62.4917,10.4785],[6.2,62.4917,0.0],[6.2083,62.4958,7.5918],[6.2229,62.4979,1.2854],[6.2271,62.4958,0.0],[6.2417,62.4958,9.2589],[6.2542,62.4917,0.0],[6.2729,62.4917,18.3034],[6.2771,62.4896,0.0],[6.3083,62.4896,0.0],[6.3167,62.4938,5.4022],[6.3208,62.4917,0.0],[6.3313,62.4917,0.0],[6.3354,62.4938,18.3541],[6.35,62.4938,20.4428],[6.3516,62.4922,0.0],[6.35,62.4896,0.0],[6.3521,62.4875,14.1507],[6.3599,62.4901,16.9411],[6.3563,62.4938,0.0],[6.3583,62.4958,0.0],[6.3771,62.4938,28.4748],[6.3932,62.4984,0.0],[6.4,62.5021,18.9811],[6.4229,62.5042,0.0],[6.4375,62.5083,15.1787]]],
[[[6.4786,62.5036,15.2986],[6.4729,62.5042,0.0],[6.4708,62.5021,5.7413],[6.4729,62.5,54.9991],[6.4828,62.5005,4.8564],[6.4786,62.5036,15.2986]]],
[[[6.4604,62.5021,0.0],[6.462,62.5036,0.0],[6.4568,62.5036,23.7858],[6.4568,62.5026,0.0],[6.4604,62.5021,0.0]]],
[[[6.4516,62.5057,0.0],[6.4484,62.5057,0.0],[6.4443,62.5026,0.0],[6.4516,62.5026,0.0],[6.4516,62.5057,0.0]]],
[[[6.5755,62.5099,0.0],[6.5807,62.512,21.8068],[6.5708,62.5146,0.0],[6.5604,62.5146,0.0],[6.5547,62.512,8.9636],[6.5604,62.5083,0.0],[6.5729,62.5083,0.0],[6.5755,62.5099,0.0]]],
[[[6.4771,62.5167,32.1175],[6.4693,62.5161,27.1192],[6.4693,62.513,1.8996],[6.475,62.5125,6.1184],[6.4828,62.5151,10.9961],[6.4813,62.5167,31.2805],[6.4771,62.5167,32.1175]]],
[[[6.0,62.4813,102.1522],[5.9854,62.4813,178.1927],[5.9703,62.4891,8.8689],[5.9646,62.4896,9.3045],[5.9625,62.4875,0.7203],[5.9661,62.4849,0.0],[5.9641,62.4818,41.514],[5.9568,62.4786,107.6847],[5.9557,62.4755,248.6889],[5.9464,62.4745,34.0939],[5.9453,62.4693,235.8255],[5.9401,62.4682,110.3597],[5.9359,62.4651,0.0],[5.9458,62.4625,0.0],[5.9646,62.4625,2.5941],[5.9688,62.4604,0.0],[5.9729,62.4625,2.9878],[5.9875,62.4625,0.0],[5.9958,62.4667,1.8313],[6.0229,62.4667,0.0],[6.0271,62.4646,0.0],[6.0375,62.4646,0.0],[6.0401,62.4682,0.0],[6.0432,62.4693,0.0],[6.0458,62.475,0.0],[6.0453,62.4786,0.0],[6.0422,62.4797,10.7379],[6.0396,62.4833,11.2576],[6.0354,62.4813,66.5524],[6.0167,62.4813,86.1281],[6.0125,62.4792,275.133],[6.0083,62.4813,109.8539],[6.0,62.4813,102.1522]]],
[[[6.0651,62.5036,0.0],[6.0682,62.5057,0.0],[6.0651,62.5068,1.883],[6.0667,62.5104,0.0],[6.0646,62.5125,0.0],[6.0375,62.5104,1.6822],[6.0313,62.5125,0.0],[6.0255,62.5099,0.0],[6.025,62.5083,0.5003],[6.0286,62.5057,0.0],[6.0297,62.5026,0.0352],[6.038,62.4984,0.0],[6.0479,62.4958,0.0],[6.0521,62.4958,0.0],[6.0641,62.5005,0.0],[6.0651,62.5036,0.0]]],
[[[6.1964,62.5307,0.0],[6.1922,62.5286,8.7367],[6.1922,62.5234,10.2263],[6.1953,62.5234,0.0],[6.2021,62.5271,19.4235],[6.2141,62.5276,7.4142],[6.2083,62.5333,14.2426],[6.1964,62.5307,0.0]]],
[[[6.125,62.5812,0.0],[6.1266,62.587,0.0],[6.1167,62.5896,0.0],[6.0979,62.5896,0.0],[6.0938,62.5875,8.5773],[6.0792,62.5875,0.4058],[6.0776,62.587,2.3619],[6.0776,62.5839,5.9032],[6.0833,62.5812,0.0],[6.0891,62.5807,1.823],[6.0974,62.5766,0.4921],[6.0974,62.5734,0.0],[6.0938,62.5708,-0.0334],[6.0625,62.5708,0.0],[6.0521,62.5667,4.241],[6.0479,62.5667,0.0],[6.0453,62.563,5.1471],[6.0375,62.5625,6.8357],[6.0318,62.5599,-0.1447],[6.0286,62.5547,4.9755],[6.0172,62.5536,2.5223],[6.0109,62.5484,0.0],[6.0266,62.5432,0.0],[6.0172,62.538,0.2928],[6.0229,62.5354,0.0],[6.0292,62.5354,0.0],[6.0333,62.5375,0.0],[6.0563,62.5375,0.0],[6.0604,62.5396,0.0],[6.0646,62.5396,0.0],[6.0682,62.5422,-0.1579],[6.0693,62.5474,0.0],[6.0854,62.5479,0.0],[6.088,62.5516,0.0],[6.0911,62.5516,0.0],[6.0995,62.5474,0.0],[6.1005,62.5443,0.0],[6.1161,62.537,3.0803],[6.1172,62.5339,0.0],[6.1203,62.5328,0.0],[6.1182,62.5297,0.4751],[6.1125,62.5292,1.6483],[6.1005,62.5245,33.142],[6.0995,62.5172,0.0],[6.0943,62.5141,1.7135],[6.0974,62.512,3.823],[6.0974,62.5068,0.0],[6.0922,62.5047,0.0],[6.1047,62.4984,0.0],[6.112,62.4974,5.7074],[6.1188,62.4938,0.0],[6.1229,62.4938,0.0],[6.1349,62.4984,4.0715],[6.1396,62.5146,0.0],[6.1391,62.5224,16.8649],[6.1333,62.5229,9.4662],[6.1234,62.5276,3.1419],[6.125,62.5292,0.0],[6.1328,62.5297,2.5348],[6.1354,62.5375,0.0],[6.1349,62.5411,0.0],[6.1276,62.5443,1.2854],[6.1266,62.5474,0.0],[6.1234,62.5484,1.6431],[6.1255,62.5516,0.0],[6.1286,62.5526,0.0],[6.1297,62.5578,1.5924],[6.1349,62.5589,1.2893],[6.1354,62.5604,0.0],[6.1318,62.563,0.0],[6.1307,62.5661,0.0],[6.1276,62.5672,0.0],[6.1266,62.5703,0.0],[6.1193,62.5714,1.7001],[6.1214,62.5786,0.0],[6.125,62.5812,0.0]]],
[[[6.237,62.5557,30.7749],[6.2339,62.5526,42.8376],[6.2417,62.5521,0.0],[6.2443,62.5641,0.0],[6.2495,62.5651,0.0],[6.2505,62.5682,0.0],[6.2599,62.5724,0.0],[6.2521,62.5729,10.9076],[6.2479,62.5708,0.0],[6.2438,62.5708,10.5105],[6.2359,62.5661,13.2705],[6.2333,62.5583,17.9083],[6.237,62.5557,30.7749]]],
[[[6.5901,62.6109,20.6208],[6.5932,62.6109,16.1597],[6.5932,62.612,33.3622],[6.5901,62.612,36.2632],[6.5901,62.6109,20.6208]]],
[[[8.4536,62.7484,0.0],[8.4479,62.7521,13.3509],[8.4458,62.7521,26.2158],[8.4458,62.75,22.3347],[8.4443,62.7495,0.0],[8.4458,62.7479,0.0],[8.4536,62.7484,0.0]]],
[[[8.5583,62.8688,0.0],[8.5568,62.8682,0.0],[8.5547,62.863,35.1991],[8.5641,62.863,69.1948],[8.5641,62.8661,9.3234],[8.5583,62.8688,0.0]]],
[[[8.4063,62.8896,0.0],[8.4078,62.8911,0.0],[8.4026,62.8911,0.0],[8.4026,62.8901,0.0],[8.4063,62.8896,0.0]]],
[[[8.1479,63.1292,15.2447],[8.1401,63.1286,0.0],[8.1401,63.1255,0.0],[8.1474,63.1255,0.0],[8.1495,63.1276,0.0],[8.1479,63.1292,15.2447]]],
[[[8.1505,63.1297,6.5245],[8.1536,63.1297,31.3502],[8.1536,63.1307,9.2446],[8.1521,63.1312,9.2446],[8.1505,63.1297,6.5245]]],
[[[8.2766,63.1089,18.691],[8.275,63.1104,8.6308],[8.2693,63.1099,8.4829],[8.2708,63.1083,24.9958],[8.2766,63.1089,18.691]]],
[[[8.2813,63.1104,21.4029],[8.2828,63.112,5.5342],[8.2776,63.112,4.8303],[8.2776,63.1109,12.4977],[8.2813,63.1104,21.4029]]],
[[[8.3375,63.1729,0.0],[8.3411,63.1703,0.0],[8.3401,63.1672,0.0],[8.3484,63.163,0.0],[8.3583,63.1604,0.0],[8.4104,63.1604,0.0],[8.4146,63.1583,0.0],[8.4229,63.1583,0.0],[8.4307,63.1609,0.0],[8.4333,63.1646,18.2081],[8.4479,63.1646,0.0],[8.4604,63.1583,0.0],[8.4646,63.1583,0.0],[8.4688,63.1604,21.6056],[8.4714,63.1568,0.0],[8.4771,63.1563,0.0],[8.4813,63.1583,11.5576],[8.4979,63.1583,0.0],[8.5021,63.1625,26.345],[8.5063,63.1604,0.0],[8.5208,63.1667,0.0],[8.5313,63.1667,0.0],[8.5417,63.1708,33.1894],[8.5521,63.1708,0.0],[8.5604,63.175,0.0],[8.5667,63.175,0.0],[8.5745,63.1776,0.0],[8.5792,63.1813,15.9834],[8.5755,63.1839,61.9747],[8.5766,63.187,0.0],[8.5693,63.1922,16.8218],[8.5672,63.1964,0.0],[8.5688,63.1979,0.0],[8.5745,63.1984,47.9277],[8.5714,63.2005,38.8991],[8.5724,63.2036,0.0],[8.5604,63.2021,0.0],[8.5547,63.2047,0.0],[8.5536,63.2078,0.0],[8.5505,63.2089,40.2942],[8.5516,63.2141,0.0],[8.5484,63.2151,0.0],[8.5536,63.2182,0.0],[8.5411,63.2245,0.0],[8.5354,63.225,47.1336],[8.5297,63.2276,11.518],[8.5286,63.2328,6.371],[8.5193,63.238,18.5956],[8.5182,63.2411,0.0],[8.5151,63.2422,0.0],[8.5172,63.2516,50.1106],[8.5224,63.2536,0.0],[8.5151,63.2568,14.659],[8.5140999999999991,63.2599,0.0],[8.5068,63.263,0.0],[8.5078,63.2661,0.0],[8.5047,63.2672,0.0],[8.5036,63.2724,0.0],[8.5021,63.2729,0.0],[8.4979,63.2708,45.1398],[8.4901,63.2703,0.0],[8.4901,63.2672,0.0],[8.4932,63.2661,0.0],[8.4932,63.263,47.9885],[8.4839,63.262,0.0],[8.4953,63.2578,12.4588],[8.4953,63.2547,12.6165],[8.4875,63.2521,0.0],[8.4818,63.2526,0.0],[8.4807,63.2578,0.0],[8.4776,63.2589,0.0],[8.4786,63.262,0.0],[8.4755,63.263,0.0],[8.4745,63.2661,0.0],[8.4672,63.2693,0.0],[8.4724,63.2714,0.0],[8.4693,63.2734,0.0],[8.4682,63.2766,0.0],[8.4625,63.2792,0.0],[8.4568,63.2776,12.4025],[8.4557,63.2807,0.0],[8.45,63.2833,30.5579],[8.4354,63.2833,0.0],[8.425,63.2771,5.6235],[8.4167,63.2771,30.2451],[8.4104,63.2792,0.0],[8.3958,63.2729,21.3812],[8.3901,63.2724,0.0],[8.3833,63.2667,0.0],[8.3854,63.2646,0.0],[8.3911,63.2641,0.0],[8.3896,63.2625,31.1568],[8.3818,63.263,0.0],[8.3776,63.2651,22.9335],[8.3786,63.2682,0.0],[8.3771,63.2687,0.0],[8.3625,63.2687,22.8845],[8.3547,63.2661,0.0],[8.3521,63.2625,0.0],[8.3401,63.2641,0.0],[8.3391,63.2589,0.0],[8.3313,63.2562,0.0],[8.3255,63.2568,0.0],[8.3229,63.2604,28.8866],[8.3187,63.2583,25.9556],[8.3109,63.2589,0.0],[8.2854,63.2729,0.0],[8.2708,63.2687,36.3445],[8.25,63.2687,4.744],[8.2443,63.2661,0.0],[8.2609,63.2568,0.0],[8.2724,63.2557,0.0],[8.2724,63.2526,14.4845],[8.2672,63.2516,0.0],[8.2672,63.2484,0.0],[8.2729,63.2458,0.0],[8.2786,63.2453,0.0],[8.2828,63.2422,0.0],[8.2708,63.2375,34.676],[8.2589,63.237,0.0],[8.2557,63.2297,0.0],[8.2437,63.2292,0.0],[8.2422,63.2286,0.0],[8.2422,63.2255,0.0],[8.2521,63.2229,0.0],[8.262,63.2224,0.0],[8.263,63.2172,58.4737],[8.2755,63.2109,3.4935],[8.2813,63.2104,0.0],[8.287,63.2078,0.0],[8.2859,63.2047,0.0],[8.2917,63.2021,0.0],[8.2974,63.2016,17.0105],[8.2984,63.1984,0.0],[8.3026,63.1964,0.0],[8.3182,63.1932,0.0],[8.3193,63.1901,0.0],[8.3229,63.1875,11.4593],[8.3214,63.1839,0.0],[8.3307,63.1828,16.0118],[8.3297,63.1797,0.0],[8.337,63.1766,28.4611],[8.3375,63.1729,0.0]]],
[[[7.8547,62.988,0.0],[7.8536,62.9911,0.0],[7.8464,62.9922,0.0],[7.8495,62.9953,15.7904],[7.8438,62.9979,15.7589],[7.8354,62.9938,72.5815],[7.8292,62.9938,4.128],[7.825,62.9958,0.0],[7.8208,62.9938,8.5176],[7.813,62.9932,0.0],[7.812,62.9901,42.0684],[7.8042,62.9896,0.0],[7.7922,62.9849,0.0],[7.7922,62.9797,0.0],[7.7953,62.9776,40.808],[7.7833,62.9771,0.0],[7.7818,62.9755,0.0],[7.7849,62.9745,16.5193],[7.7859,62.9714,0.0],[7.7958,62.9708,29.7234],[7.8042,62.9667,0.0],[7.8229,62.9667,0.0],[7.8313,62.9708,9.0238],[7.8521,62.9708,0.0],[7.8604,62.975,0.0],[7.8682,62.9755,10.14],[7.8703,62.9828,0.0],[7.8583,62.9833,11.969],[7.8547,62.988,0.0]]],
[[[7.7839,63.0193,0.0],[7.7854,63.0187,0.0],[7.787,63.0203,0.0],[7.7839,63.0203,0.0],[7.7839,63.0193,0.0]]],
[[[7.85,63.1042,10.427],[7.8443,63.1078,0.0],[7.8604,63.1083,0.0],[7.8682,63.1109,0.0],[7.8724,63.113,0.0],[7.8745,63.1182,0.0],[7.8672,63.1234,11.4649],[7.8682,63.1286,0.0],[7.8604,63.1292,24.4441],[7.8516,63.1349,0.0],[7.8438,63.1354,0.0],[7.8396,63.1375,17.3254],[7.8271,63.1375,0.0],[7.8255,63.137,0.0],[7.8266,63.1339,0.0],[7.825,63.1333,0.0],[7.8063,63.1333,0.0],[7.8036,63.1297,0.0],[7.7958,63.1271,0.0],[7.7839,63.1266,0.0],[7.7828,63.1234,0.0],[7.7771,63.1208,8.1526],[7.7729,63.1229,0.0],[7.7693,63.1224,0.0],[7.7682,63.1172,4.9124],[7.7667,63.1167,6.8787],[7.7589,63.1172,0.0],[7.7641,63.1193,0.0],[7.7646,63.1208,0.0],[7.7609,63.1245,3.7639],[7.7771,63.125,0.0],[7.7818,63.1286,11.2453],[7.7891,63.1297,0.0],[7.7911,63.1328,0.0],[7.7792,63.1312,5.7433],[7.775,63.1333,0.0],[7.7703,63.1297,0.0],[7.7604,63.1271,0.0],[7.7484,63.1276,33.1431],[7.7443,63.1297,4.0385],[7.7417,63.1333,9.6907],[7.7359,63.1328,5.073],[7.7349,63.1297,15.1003],[7.7313,63.1271,0.0],[7.7188,63.1312,6.0109],[7.6984,63.1307,0.0],[7.6943,63.1286,0.0],[7.6964,63.1234,2.5041],[7.7021,63.1229,0.0],[7.7036,63.1214,0.0],[7.6943,63.1182,2.6346],[7.6901,63.1151,2.1408],[7.6958,63.1125,0.0],[7.7,63.1146,40.8003],[7.7042,63.1146,49.2521],[7.7083,63.1125,0.0],[7.7161,63.112,36.783],[7.7146,63.1083,11.8319],[7.7167,63.1063,12.1656],[7.7313,63.1083,0.0],[7.7359,63.1141,1.9154],[7.7417,63.1146,11.1878],[7.7432,63.1141,0.0],[7.7443,63.1089,0.0],[7.75,63.1063,5.6691],[7.7625,63.1063,0.0],[7.7667,63.1042,3.6034],[7.7729,63.1063,3.0536],[7.7771,63.1042,3.4697],[7.7958,63.1042,0.0],[7.8,63.1063,8.8093],[7.8057,63.1005,13.975],[7.7964,63.0995,0.0],[7.7943,63.0953,50.361],[7.7901,63.0932,9.2587],[7.7938,63.0896,0.0],[7.7896,63.0854,5.1325],[7.7734,63.0859,0.0],[7.7786,63.0891,0.0],[7.7729,63.0917,0.0],[7.7583,63.0896,0.0],[7.7542,63.0917,0.0],[7.75,63.0896,13.8737],[7.7438,63.0917,0.0],[7.7089,63.0807,1.701],[7.712,63.0786,15.075],[7.7109,63.0734,0.0],[7.7141,63.0724,40.419],[7.7109,63.0703,19.3366],[7.713,63.0651,0.0],[7.7161,63.0641,31.408],[7.7172,63.0609,0.0],[7.7245,63.0599,76.7292],[7.725,63.0563,0.0],[7.7224,63.0505,0.0],[7.7208,63.05,0.0],[7.7151,63.0526,48.2751],[7.7125,63.0563,10.0742],[7.7005,63.0536,1.5984],[7.7005,63.0505,0.0],[7.7042,63.0479,7.4011],[7.7026,63.0422,0.0],[7.7057,63.0401,79.2566],[7.6964,63.0391,0.0],[7.6964,63.0359,0.0],[7.7063,63.0333,0.0],[7.725,63.0333,33.2238],[7.7349,63.0286,8.0446],[7.7375,63.025,0.0],[7.7458,63.025,0.0],[7.75,63.0271,0.0],[7.7516,63.0266,0.0],[7.7516,63.0234,2.3393],[7.7484,63.0224,0.0],[7.7464,63.0193,0.6391],[7.7542,63.0187,0.0],[7.7583,63.0167,0.0],[7.7625,63.0187,6.2185],[7.7771,63.0187,0.0],[7.7828,63.0214,2.8143],[7.7813,63.0229,7.0134],[7.7755,63.0234,0.8153],[7.7771,63.025,0.0],[7.7917,63.025,0.0],[7.7958,63.0229,0.0],[7.8042,63.0229,2.6506],[7.8104,63.0208,0.0],[7.813,63.0245,1.667],[7.8172,63.0266,0.0],[7.8266,63.0276,0.0],[7.8234,63.0297,0.0],[7.8234,63.0328,5.614],[7.837,63.0359,0.0],[7.8458,63.0417,0.0],[7.8521,63.0417,0.0],[7.8604,63.0458,3.0005],[7.8682,63.0464,0.0],[7.8714,63.0516,3.5932],[7.8786,63.0526,0.0],[7.8807,63.0547,0.0],[7.8818,63.0599,6.5995],[7.887,63.0609,0.0],[7.888,63.0682,2.6645],[7.8932,63.0714,0.0],[7.8859,63.0755,18.2193],[7.888,63.0807,39.0772],[7.8974,63.0818,0.0],[7.8943,63.0849,0.0],[7.8974,63.0859,0.0],[7.9,63.0917,20.2631],[7.8964,63.0943,18.4912],[7.8953,63.0995,27.3436],[7.888,63.1005,0.0],[7.8771,63.1063,0.0],[7.8729,63.1063,3.2172],[7.8688,63.1042,10.0176],[7.85,63.1042,10.427]]],
[[[7.7672,63.0943,2.1175],[7.7703,63.0943,2.9556],[7.7703,63.0953,2.8298],[7.7688,63.0958,5.0435],[7.7672,63.0943,2.1175]]],
[[[7.8729,63.0146,9.7729],[7.8745,63.0161,12.2236],[7.8693,63.0161,0.0],[7.8693,63.0151,0.0],[7.8729,63.0146,9.7729]]],
[[[7.9479,63.0542,0.0],[7.9495,63.0557,0.0],[7.9443,63.0557,40.0601],[7.9443,63.0547,30.3501],[7.9479,63.0542,0.0]]],
[[[7.9618,63.0977,5.8624],[7.9589,63.0911,39.3983],[7.9604,63.0896,31.9923],[7.975,63.0917,0.0],[7.9786,63.0943,37.8913],[7.9755,63.0964,0.0],[7.9745,63.1016,5.2866],[7.9729,63.1021,0.0],[7.9618,63.0977,5.8624]]],
[[[7.963,63.1339,34.2948],[7.9661,63.1339,38.7782],[7.9661,63.1349,26.031],[7.963,63.1349,24.1472],[7.963,63.1339,34.2948]]],
[[[7.9479,63.1375,4.3173],[7.9495,63.1391,8.6421],[7.9443,63.1391,28.3517],[7.9443,63.138,24.1057],[7.9479,63.1375,4.3173]]],
[[[7.9578,63.1401,13.585],[7.9563,63.1417,34.8582],[7.9505,63.1411,17.7506],[7.9521,63.1396,12.33],[7.9578,63.1401,13.585]]],
[[[7.9339,63.1464,10.2027],[7.937,63.1464,7.1609],[7.937,63.1474,19.3378],[7.9339,63.1474,25.4265],[7.9339,63.1464,10.2027]]],
[[[7.8625,63.1625,0.0],[7.8641,63.1641,0.0],[7.8589,63.1641,10.3764],[7.8589,63.163,16.1944],[7.8625,63.1625,0.0]]],
[[[7.8542,63.1688,0.0],[7.8583,63.1708,29.7982],[7.8661,63.1714,0.0],[7.8661,63.1745,5.0089],[7.8583,63.175,3.5802],[7.8542,63.1729,29.3431],[7.85,63.1729,22.0611],[7.8458,63.175,0.0],[7.838,63.1724,0.0],[7.8479,63.1688,4.988],[7.8542,63.1688,0.0]]],
[[[7.8318,63.2505,0.0],[7.8276,63.2516,0.0],[7.8276,63.2464,0.0],[7.8349,63.2484,0.0],[7.8318,63.2505,0.0]]],
[[[7.8464,63.2505,0.0],[7.8495,63.2505,0.0],[7.8495,63.2516,0.0],[7.8479,63.2521,4.8318],[7.8464,63.2505,0.0]]],
[[[8.2104,63.2396,2.1025],[8.2063,63.2417,0.0],[8.1964,63.2422,0.0],[8.1953,63.2474,0.0],[8.188,63.2505,0.0],[8.1891,63.2536,0.0],[8.1875,63.2542,0.0],[8.1729,63.2542,16.5285],[8.1714,63.2526,3.6641],[8.1745,63.2505,0.0],[8.1724,63.2484,24.8321],[8.1589,63.2474,0.0],[8.1661,63.2422,0.0],[8.1604,63.2396,6.2269],[8.1526,63.2391,0.0],[8.1526,63.2359,0.0],[8.1583,63.2333,0.0],[8.1641,63.2328,33.5725],[8.1651,63.2297,0.0],[8.1724,63.2286,0.0],[8.1792,63.225,0.0],[8.1833,63.225,0.0],[8.1875,63.2271,19.1823],[8.1932,63.2245,0.0],[8.1891,63.2214,19.7668],[8.1813,63.2188,4.1377],[8.1589,63.2141,0.0],[8.1589,63.2109,0.0],[8.162,63.2099,0.0],[8.1604,63.2083,0.0],[8.1547,63.2089,0.0],[8.1505,63.2109,0.0],[8.1495,63.2141,0.0],[8.1464,63.2151,0.0],[8.1474,63.2203,0.0],[8.1443,63.2214,0.0],[8.1432,63.2245,0.0],[8.1359,63.2276,0.0],[8.137,63.2328,0.0],[8.1292,63.2333,0.0],[8.1229,63.2375,0.0],[8.1125,63.2333,12.0553],[8.1083,63.2354,0.0],[8.1021,63.2354,2.8938],[8.0979,63.2333,4.8353],[8.0917,63.2333,0.0],[8.0833,63.2292,18.3254],[8.0792,63.2313,0.0],[8.0729,63.2313,0.0],[8.0688,63.2292,0.0],[8.0604,63.2292,0.0],[8.0583,63.2313,0.0],[8.0578,63.237,0.0],[8.0521,63.2375,0.0],[8.0505,63.237,0.0],[8.0479,63.2313,0.0],[8.05,63.2292,0.0],[8.0557,63.2286,0.0],[8.0557,63.2255,0.0],[8.0464,63.2245,0.0],[8.0453,63.2193,0.0],[8.0359,63.2161,0.0],[8.0349,63.213,0.0],[8.0255,63.212,0.0],[8.0229,63.2083,0.0],[8.0167,63.2104,0.0],[8.0125,63.2104,0.0],[8.0083,63.2083,0.0],[8.0042,63.2104,0.0],[7.9979,63.2104,0.0],[7.9938,63.2083,5.1661],[7.9896,63.2083,0.0],[7.9854,63.2104,1.439],[7.9792,63.2104,0.0],[7.9771,63.2083,8.6533],[7.9807,63.2047,0.9914],[7.9688,63.2042,0.0],[7.9568,63.1984,2.634],[7.9667,63.1979,1.911],[7.9708,63.1958,0.0],[7.9813,63.1958,9.0345],[7.9828,63.1943,17.3874],[7.975,63.1937,9.2046],[7.9708,63.1917,38.6231],[7.9604,63.1917,7.0196],[7.9563,63.1937,0.0],[7.9521,63.1937,24.5399],[7.9419,63.1876,24.5908],[7.9255,63.1849,0.0],[7.9245,63.1818,28.9161],[7.9193,63.1807,11.3896],[7.9182,63.1776,0.0],[7.913,63.1766,0.0],[7.912,63.1734,21.7777],[7.9026,63.1724,0.0],[7.9016,63.1693,0.0],[7.8984,63.1682,5.5884],[7.9016,63.1651,0.0],[7.8979,63.1646,0.0],[7.8922,63.1672,0.0],[7.8938,63.1708,9.5802],[7.8917,63.1729,0.0],[7.8839,63.1703,3.2192],[7.8828,63.1672,5.3705],[7.875,63.1667,0.0],[7.8729,63.1646,0.0],[7.8766,63.162,0.0],[7.8776,63.1589,2.9752],[7.8958,63.1542,6.1561],[7.9042,63.1542,7.1007],[7.9083,63.1521,22.9928],[7.9375,63.1521,0.0],[7.9417,63.1542,7.4772],[7.95,63.1542,0.0],[7.9521,63.1521,0.0],[7.9484,63.1484,4.0626],[7.9583,63.1437,3.844],[7.9708,63.1458,0.0],[7.975,63.1437,14.2356],[8.0354,63.1437,4.8365],[8.0396,63.1417,0.0],[8.05,63.1458,59.6846],[8.0542,63.1437,0.0],[8.0604,63.1437,0.0],[8.0646,63.1458,22.8305],[8.0688,63.1437,0.0],[8.0875,63.1437,0.0],[8.0917,63.1458,10.4813],[8.1021,63.1458,0.0],[8.1208,63.1542,63.7072],[8.1271,63.1521,0.0],[8.1312,63.1542,0.0],[8.1891,63.1547,0.0],[8.1891,63.1599,0.0],[8.1833,63.1625,0.0],[8.1734,63.163,0.0],[8.1771,63.1813,0.0],[8.1745,63.187,0.0],[8.1672,63.1922,0.0],[8.1682,63.1953,13.0548],[8.1609,63.1984,0.0],[8.1641,63.2005,0.0],[8.163,63.2057,0.0],[8.1646,63.2062,0.0],[8.1828,63.2036,0.0],[8.1828,63.2005,8.2494],[8.1776,63.1974,0.0],[8.1807,63.1953,53.0056],[8.1776,63.1932,0.0],[8.1807,63.1911,0.0],[8.1797,63.1859,0.0],[8.187,63.1807,18.5159],[8.1859,63.1776,0.0],[8.1891,63.1766,6.9594],[8.1901,63.1714,0.0],[8.1932,63.1703,4.5699],[8.188,63.1682,0.0],[8.188,63.163,0.0],[8.2,63.1563,0.0],[8.2188,63.1563,0.0],[8.225,63.1583,57.2035],[8.2292,63.1563,0.0],[8.2333,63.1563,0.0],[8.2437,63.1604,0.0],[8.2479,63.1583,0.0],[8.2625,63.1625,0.0],[8.2771,63.1625,0.0],[8.2813,63.1646,135.7079],[8.2854,63.1625,0.0],[8.2917,63.1646,156.0041],[8.2958,63.1625,0.0],[8.3083,63.1625,0.0],[8.3125,63.1646,65.2519],[8.3229,63.1646,0.0],[8.3266,63.1672,0.0],[8.3234,63.1693,8.4607],[8.3224,63.1724,0.0],[8.3193,63.1734,0.0],[8.3182,63.1766,8.084],[8.3109,63.1797,8.1074],[8.3078,63.1849,18.9671],[8.2995,63.1891,0.0],[8.2938,63.1896,22.3625],[8.288,63.1922,41.9806],[8.287,63.1953,0.0],[8.2828,63.1974,0.0],[8.2688,63.1979,0.0],[8.2589,63.2026,5.444],[8.2578,63.2057,0.0],[8.2464,63.2109,33.5486],[8.2474,63.2141,0.0],[8.2401,63.2172,0.0],[8.2391,63.2203,0.0],[8.2359,63.2214,68.6287],[8.2349,63.2245,0.0],[8.2318,63.2255,54.0227],[8.2328,63.2286,0.0],[8.2047,63.2255,0.0],[8.2047,63.2286,0.0],[8.2068,63.2307,19.5806],[8.2141,63.2318,0.0],[8.2161,63.2339,0.0],[8.213,63.237,0.0],[8.2161,63.2391,0.0],[8.2104,63.2396,2.1025]]],
[[[8.0224,63.2214,0.0],[8.0224,63.2245,0.0],[8.0193,63.2245,0.0],[8.0193,63.2214,0.0],[8.0224,63.2214,0.0]]],
[[[8.0276,63.2349,0.0],[8.025,63.2313,0.0],[8.0255,63.2255,0.0],[8.0271,63.225,0.0],[8.0286,63.2255,0.0],[8.0297,63.2307,0.0],[8.0391,63.2339,0.0],[8.0375,63.2354,0.0],[8.0276,63.2349,0.0]]],
[[[8.0682,63.2714,0.0],[8.0682,63.2745,0.0],[8.0651,63.2745,0.0],[8.0651,63.2714,0.0],[8.0682,63.2714,0.0]]],
[[[8.238,63.2422,17.7244],[8.2333,63.2438,0.0],[8.2313,63.2417,10.4324],[8.2333,63.2396,35.1285],[8.2411,63.2401,0.0],[8.238,63.2422,17.7244]]],
[[[8.2354,63.2562,3.0586],[8.2318,63.2547,0.0],[8.2375,63.2521,0.0],[8.2417,63.2521,0.0],[8.2495,63.2547,0.0],[8.2479,63.2562,0.0],[8.2354,63.2562,3.0586]]],
[[[8.2609,63.2734,0.0],[8.2625,63.2729,0.0],[8.2641,63.2745,2.3667],[8.2625,63.275,0.0],[8.2609,63.2734,0.0]]],
[[[8.3521,63.2771,15.2824],[8.3443,63.2766,0.0],[8.3443,63.2734,0.0],[8.3604,63.2729,0.0],[8.3625,63.275,0.0],[8.362,63.2786,0.0],[8.3604,63.2792,16.2723],[8.3563,63.2792,13.29],[8.3521,63.2771,15.2824]]],
[[[8.3333,63.275,0.0],[8.3349,63.2766,0.0],[8.3297,63.2766,0.0],[8.3297,63.2755,3.7263],[8.3333,63.275,0.0]]],
[[[8.0068,63.2776,3.7935],[8.0083,63.2771,8.1332],[8.0099,63.2786,7.9375],[8.0068,63.2786,0.0],[8.0068,63.2776,3.7935]]],
[[[8.0859,63.2776,3.3288],[8.0875,63.2771,4.1683],[8.0891,63.2786,6.3051],[8.0859,63.2786,0.7789],[8.0859,63.2776,3.3288]]],
[[[8.1112,63.3046,0.0],[8.1026,63.3068,0.0],[8.1,63.3104,0.0],[8.0854,63.3083,2.3751],[8.0813,63.3104,0.0],[8.0625,63.3104,0.0],[8.0609,63.3089,0.0],[8.0786,63.3057,0.0],[8.0776,63.3026,0.0],[8.0807,63.3005,0.0],[8.0521,63.3,2.9766],[8.0479,63.3021,0.0],[8.0417,63.3021,0.0],[8.0359,63.2995,0.0],[8.0359,63.2964,0.0],[8.05,63.2979,0.0],[8.0516,63.2964,4.9012],[8.0443,63.2953,0.0],[8.0396,63.2896,0.0],[8.0271,63.2938,0.0],[8.0208,63.2938,3.0778],[8.0182,63.2901,6.5775],[8.0125,63.2896,0.0],[8.0099,63.2932,0.0],[8.0026,63.2943,0.0],[8.0,63.2979,0.0],[7.9958,63.2979,0.0],[7.9917,63.2958,7.2242],[7.9813,63.2958,0.0],[7.9776,63.2922,0.0],[7.9938,63.2896,0.7656],[8.0063,63.2833,0.0],[8.0146,63.2875,5.9381],[8.0292,63.2875,0.0],[8.0307,63.2859,0.0],[8.0214,63.2818,0.0],[8.0375,63.2813,0.0],[8.0479,63.2854,0.0],[8.0667,63.2854,0.0],[8.0708,63.2875,7.9221],[8.0854,63.2896,0.0],[8.0932,63.2922,0.0],[8.0943,63.2974,0.0],[8.1078,63.2984,0.0],[8.1141,63.3026,0.0],[8.1112,63.3046,0.0]]],
[[[8.0172,63.2964,0.0],[8.0188,63.2958,0.0],[8.0203,63.2974,0.0],[8.0188,63.2979,2.1047],[8.0172,63.2964,0.0]]],
[[[7.875,63.175,0.0],[7.8766,63.1766,0.0],[7.8714,63.1766,10.5496],[7.8714,63.1755,1.802],[7.875,63.175,0.0]]],
[[[7.8776,63.1776,0.0],[7.8792,63.1771,1.3352],[7.8807,63.1786,8.3971],[7.8776,63.1786,0.0],[7.8776,63.1776,0.0]]],
[[[7.9214,63.188,14.1261],[7.9245,63.188,0.0],[7.9245,63.1891,0.0],[7.9229,63.1896,0.0],[7.9214,63.188,14.1261]]],
[[[7.9422,63.1922,0.0],[7.9453,63.1922,2.1927],[7.9453,63.1932,0.0],[7.9437,63.1937,0.0],[7.9422,63.1922,0.0]]],
[[[7.9297,63.1964,2.4471],[7.9328,63.1964,5.8094],[7.9328,63.1974,2.5318],[7.9297,63.1974,0.0],[7.9297,63.1964,2.4471]]],
[[[7.8589,63.2609,7.0871],[7.8604,63.2604,0.0],[7.862,63.262,0.0],[7.8604,63.2625,0.0],[7.8589,63.2609,7.0871]]],
[[[7.9359,63.2714,0.7711],[7.9391,63.2714,4.0938],[7.9391,63.2724,7.0024],[7.9359,63.2724,4.2789],[7.9359,63.2714,0.7711]]],
[[[7.9401,63.2734,5.0856],[7.9417,63.2729,12.8364],[7.9432,63.2745,4.4974],[7.9417,63.275,0.0],[7.9401,63.2734,5.0856]]],
[[[7.9854,63.2771,0.0],[7.9708,63.2771,9.4601],[7.9667,63.2792,0.0],[7.9563,63.2792,0.0],[7.9542,63.2771,0.0],[7.9547,63.2755,2.6734],[7.9646,63.2729,0.0],[7.9911,63.2734,0.0],[7.9854,63.2771,0.0]]],
[[[7.8604,63.2792,0.0],[7.8703,63.2776,0.0],[7.8729,63.2813,0.9151],[7.8724,63.2849,0.0],[7.8609,63.2849,0.0],[7.8583,63.2813,0.8115],[7.8604,63.2792,0.0]]],
[[[7.8917,63.2875,3.3155],[7.8932,63.2891,0.0],[7.888,63.2891,0.0],[7.888,63.288,0.0],[7.8917,63.2875,3.3155]]],
[[[7.8901,63.2922,2.0746],[7.8917,63.2917,0.0],[7.8932,63.2932,6.0129],[7.8917,63.2938,0.0],[7.8901,63.2922,2.0746]]],
[[[7.8318,63.287,0.0],[7.8349,63.2849,0.8278],[7.8359,63.2797,0.921],[7.8375,63.2792,0.5439],[7.8417,63.2792,0.0],[7.8536,63.2839,0.0],[7.8505,63.2859,0.0],[7.8516,63.2891,0.0],[7.85,63.2896,0.0],[7.8318,63.287,0.0]]],
[[[7.8005,63.2859,5.7639],[7.8036,63.2859,2.6563],[7.8036,63.287,5.1592],[7.8021,63.2875,0.0],[7.8005,63.2859,5.7639]]],
[[[7.788,63.288,2.304],[7.7896,63.2875,6.5222],[7.7911,63.2891,1.994],[7.7896,63.2896,0.0],[7.788,63.288,2.304]]],
[[[7.8141,63.2932,0.0],[7.8083,63.2938,0.0],[7.8063,63.2917,0.0],[7.8083,63.2896,0.0],[7.8182,63.2901,0.0],[7.8141,63.2932,0.0]]],
[[[6.1943,62.6297,49.5086],[6.1953,62.6328,0.0],[6.1854,62.6354,50.6791],[6.1708,62.6354,45.451],[6.1667,62.6333,27.7845],[6.1563,62.6333,170.0697],[6.1521,62.6354,97.7314],[6.1479,62.6354,227.4125],[6.1438,62.6333,175.5856],[6.1396,62.6354,33.4472],[6.1318,62.6328,65.5538],[6.1313,62.6312,9.725],[6.1318,62.6276,0.0],[6.1432,62.6224,4.9402],[6.1443,62.6193,3.4882],[6.1495,62.6161,50.813],[6.1505,62.613,2.1335],[6.1625,62.6125,5.4262],[6.1714,62.6068,0.0],[6.1792,62.6063,14.139099999999999],[6.1833,62.6042,0.0],[6.1958,62.6042,3.962],[6.2167,62.5958,14.733],[6.2245,62.5964,0.0],[6.2245,62.5995,0.0],[6.2208,62.6021,0.0],[6.2224,62.6099,0.0],[6.2193,62.6109,2.9884],[6.2224,62.6141,0.0],[6.2151,62.6193,12.4499],[6.2161,62.6224,0.0],[6.2104,62.625,0.0],[6.2026,62.6255,7.1628],[6.1943,62.6297,49.5086]]],
[[[6.1938,62.6792,5.4892],[6.1896,62.6813,3.7756],[6.1813,62.6813,0.0],[6.1771,62.6833,0.0],[6.1693,62.6807,0.0],[6.1724,62.6786,180.5437],[6.1693,62.6755,0.0],[6.1724,62.6734,184.0407],[6.1703,62.6693,253.0841],[6.1672,62.6682,49.2283],[6.1651,62.663,0.0],[6.1745,62.662,7.2374],[6.1734,62.6589,0.0],[6.1766,62.6578,0.0],[6.1792,62.6542,0.0],[6.1938,62.6542,2.1319],[6.1979,62.6521,0.0],[6.2063,62.6521,4.4926],[6.2146,62.6479,0.0],[6.2203,62.6474,1.0605],[6.2411,62.637,3.1859],[6.2422,62.6339,0.0],[6.2479,62.6312,0.0],[6.2521,62.6312,1.2779],[6.2563,62.6292,0.0],[6.2766,62.6297,0.0],[6.2766,62.6349,0.0],[6.2729,62.6375,14.7937],[6.2745,62.6411,0.0],[6.2589,62.6484,0.0],[6.2578,62.6516,0.0],[6.2505,62.6526,0.0],[6.2453,62.6599,0.0],[6.2396,62.6625,14.402],[6.2313,62.6625,2.8311],[6.2214,62.6651,12.5615],[6.213,62.6693,15.9378],[6.212,62.6724,0.0],[6.2047,62.6755,3.6673],[6.2036,62.6786,0.0],[6.1938,62.6792,5.4892]]],
[[[6.1958,62.6917,6.1001],[6.1943,62.6911,3.218],[6.1943,62.688,5.8332],[6.1984,62.6859,0.0831],[6.2057,62.688,0.0],[6.2016,62.6911,1.6723],[6.1958,62.6917,6.1001]]],
[[[6.5292,62.6458,49.7208],[6.5245,62.6443,42.7945],[6.5234,62.6401,6.8097],[6.5266,62.6401,0.0],[6.5328,62.6443,102.1549],[6.5292,62.6458,49.7208]]],
[[[6.537,62.6464,166.3687],[6.537,62.6474,140.5586],[6.5339,62.6474,37.6988],[6.5339,62.6464,124.9586],[6.537,62.6464,166.3687]]],
[[[6.5401,62.6516,40.4789],[6.5401,62.6484,171.8971],[6.5458,62.6458,50.7307],[6.5516,62.6484,74.7861],[6.5521,62.65,24.6818],[6.55,62.6521,15.5722],[6.5401,62.6516,40.4789]]],
[[[6.2651,62.687,7.8738],[6.2625,62.6854,92.288],[6.2526,62.688,42.936],[6.2458,62.6917,3.4396],[6.2313,62.6917,10.0492],[6.2292,62.6896,0.0],[6.2297,62.6839,0.0],[6.2453,62.6807,1.2584],[6.2578,62.6745,0.0],[6.2589,62.6714,0.0],[6.2839,62.6589,0.0],[6.2938,62.6583,8.9964],[6.3005,62.6547,0.0],[6.3104,62.6521,0.0],[6.325,62.6521,2.9073],[6.3292,62.65,-0.1155],[6.3375,62.65,0.0],[6.3391,62.6505,0.0],[6.3401,62.6557,1.3385],[6.3453,62.6568,0.0],[6.3464,62.6599,0.5767],[6.3495,62.6609,0.0],[6.3521,62.6646,0.0],[6.3516,62.6661,0.0],[6.3375,62.6729,3.4265],[6.3104,62.6771,377.0336],[6.2979,62.6813,190.5422],[6.2896,62.6813,274.2591],[6.287,62.6849,94.5675],[6.2813,62.6875,11.7364],[6.2651,62.687,7.8738]]],
[[[6.4276,62.7026,0.0],[6.4245,62.7078,0.0],[6.4172,62.7089,0.0],[6.4104,62.7125,9.6874],[6.3958,62.7125,3.9635],[6.3917,62.7104,3.5012],[6.3813,62.7104,5.1379],[6.3771,62.7083,0.0],[6.3625,62.7083,0.0],[6.3583,62.7062,4.243],[6.3438,62.7062,2.9602],[6.3396,62.7083,0.2203],[6.3313,62.7083,0.0],[6.3234,62.7036,4.3954],[6.3333,62.7,0.0],[6.3604,62.6979,0.0],[6.3714,62.6922,0.0],[6.3771,62.6917,-0.1531],[6.3854,62.6875,0.0],[6.4083,62.6875,0.0],[6.4125,62.6896,1.1916],[6.4245,62.6901,0.0],[6.4255,62.6932,4.1228],[6.4313,62.6979,0.0],[6.4307,62.7016,1.254],[6.4276,62.7026,0.0]]],
[[[6.3741,62.7521,1.2637],[6.3714,62.7505,0.2236],[6.3771,62.7479,0.0],[6.3828,62.7484,4.6736],[6.3786,62.7516,0.0],[6.3741,62.7521,1.2637]]],
[[[6.4859,62.7547,0.0],[6.4818,62.7568,10.2506],[6.4766,62.7641,0.0],[6.4734,62.7651,0.0],[6.475,62.7687,0.0],[6.4714,62.7724,0.0],[6.4745,62.7734,0.0],[6.4766,62.7786,0.4428],[6.4734,62.7797,3.66],[6.4724,62.7828,6.8781],[6.4667,62.7854,0.8116],[6.4505,62.7849,0.0],[6.4495,62.7818,14.0128],[6.4432,62.7776,0.0],[6.4286,62.7714,3.2806],[6.4214,62.7703,9.9487],[6.4151,62.7661,9.3829],[6.4208,62.7625,0.0],[6.4432,62.7578,0.0],[6.4432,62.7526,0.0],[6.4234,62.7453,5.1278],[6.4229,62.7438,2.7503],[6.4266,62.7411,0.0],[6.4276,62.738,0.0],[6.4307,62.737,8.8827],[6.4318,62.7339,2.3021],[6.4479,62.725,0.0],[6.4703,62.7297,0.0],[6.4714,62.7349,0.0],[6.4766,62.7359,0.0],[6.4776,62.7391,0.0],[6.4807,62.7401,0.0],[6.4828,62.7443,2.8162],[6.487,62.7464,0.0],[6.4896,62.7521,0.0],[6.4859,62.7547,0.0]]],
[[[6.4938,62.8,0.0],[6.4901,62.7995,0.0],[6.4901,62.7943,2.5835],[6.4958,62.7938,0.0],[6.512,62.7984,0.0],[6.5063,62.8021,1.5569],[6.4979,62.8021,0.0],[6.4938,62.8,0.0]]],
[[[6.5328,62.813,6.2377],[6.5313,62.8146,4.1024],[6.5297,62.8141,5.1273],[6.5297,62.813,2.2881],[6.5328,62.813,6.2377]]],
[[[6.5271,62.8146,5.4211],[6.5286,62.8151,3.9257],[6.5286,62.8161,7.4602],[6.5255,62.8161,0.0],[6.5271,62.8146,5.4211]]],
[[[6.5792,62.8187,0.0],[6.5818,62.8151,0.0],[6.5875,62.8125,0.0],[6.5974,62.813,0.0],[6.5995,62.8172,0.0],[6.5964,62.8193,0.0],[6.5953,62.8245,0.0],[6.5938,62.825,0.0],[6.5776,62.8245,2.2858],[6.5771,62.8208,4.6623],[6.5792,62.8187,0.0]]],
[[[6.8958,62.6729,5.9941],[6.9,62.6708,0.0],[6.9224,62.6786,21.3513],[6.9063,62.6792,0.0],[6.9021,62.6771,31.9964],[6.8943,62.6766,0.0],[6.8896,62.6729,11.1179],[6.8917,62.6708,0.0],[6.8958,62.6729,5.9941]]],
[[[6.925,62.7396,82.0954],[6.9193,62.7401,249.7585],[6.9224,62.7432,25.3657],[6.9193,62.7443,53.3972],[6.9203,62.7474,44.9698],[6.9167,62.7479,32.0624],[6.9068,62.7453,37.3246],[6.9083,62.7438,43.3876],[6.9141,62.7432,115.3134],[6.9141,62.7401,347.2415],[6.9125,62.7396,383.3634],[6.8896,62.7396,281.8473],[6.8854,62.7417,76.9224],[6.8792,62.7417,103.9987],[6.8646,62.7354,488.3419],[6.8563,62.7396,0.0],[6.8375,62.7396,1.8676],[6.8188,62.7333,24.6491],[6.813,62.7328,42.1401],[6.8146,62.7313,56.5713],[6.8203,62.7307,112.2],[6.8208,62.7292,270.0592],[6.8203,62.7276,411.2495],[6.8125,62.725,675.3877],[6.7813,62.725,596.9976],[6.7714,62.7276,136.0021],[6.7745,62.7297,40.3561],[6.7729,62.7313,22.3099],[6.7625,62.7313,0.0],[6.75,62.7271,2.9828],[6.7422,62.7266,0.0],[6.7411,62.7234,0.0],[6.7333,62.7188,0.0],[6.7276,62.7214,0.0],[6.7255,62.7266,0.0],[6.7391,62.7297,0.0],[6.7391,62.7349,15.7159],[6.7292,62.7354,0.0],[6.7208,62.7396,0.0],[6.6958,62.7375,0.0],[6.6901,62.7349,0.0],[6.6891,62.7318,5.7051],[6.6839,62.7307,3.7515],[6.6833,62.7292,0.0],[6.6854,62.7271,0.0],[6.6953,62.7266,0.0],[6.6953,62.7234,0.0],[6.6896,62.7229,0.0],[6.6776,62.7182,0.0],[6.6849,62.7141,0.0],[6.6839,62.7109,0.0],[6.687,62.7099,13.1093],[6.688,62.7068,0.0],[6.6953,62.7057,1.4617],[6.6953,62.6985,5.3692],[6.6833,62.6979,0.0],[6.6672,62.6911,0.0],[6.6609,62.687,18.8153],[6.6589,62.6797,0.0],[6.6682,62.6786,3.2956],[6.6708,62.675,0.0],[6.6672,62.6714,3.2289],[6.6745,62.6703,24.0133],[6.6828,62.6661,7.8273],[6.6839,62.663,28.7595],[6.6938,62.6625,0.0],[6.7042,62.6667,23.5949],[6.7125,62.6667,0.0],[6.7271,62.6708,2.1997],[6.7333,62.6708,0.0],[6.7458,62.6771,30.2777],[6.7521,62.6771,0.0],[6.7562,62.6792,18.0667],[6.7667,62.6792,0.0],[6.7708,62.6813,17.4966],[6.7854,62.6813,0.0],[6.7938,62.6854,0.0],[6.8042,62.6833,0.0],[6.8083,62.6854,0.0],[6.8354,62.6854,0.0],[6.8396,62.6875,3.4622],[6.85,62.6875,0.0],[6.8687,62.6937,0.0],[6.8833,62.6937,0.0],[6.9104,62.7021,10.2739],[6.9167,62.7021,0.0],[6.9208,62.7042,4.1024],[6.937,62.7068,0.0],[6.937,62.7099,48.7119],[6.9339,62.7109,94.8965],[6.9354,62.7146,0.0],[6.9349,62.7203,36.9094],[6.9318,62.7214,53.8429],[6.9333,62.7271,0.0],[6.9292,62.7313,265.3745],[6.9307,62.7349,11.3572],[6.9276,62.7359,32.3878],[6.925,62.7396,82.0954]]],
[[[7.2563,62.7167,32.3477],[7.25,62.7167,13.8473],[7.2484,62.7151,18.0306],[7.2578,62.7151,7.0768],[7.2563,62.7167,32.3477]]],
[[[6.6505,62.7182,0.0],[6.6443,62.7161,6.086],[6.6443,62.713,1.2894],[6.6563,62.7125,0.0],[6.662,62.7151,0.0],[6.6563,62.7188,0.0],[6.6505,62.7182,0.0]]],
[[[7.7271,62.5687,20.6522],[7.7234,62.5672,51.8485],[7.7292,62.5646,175.383],[7.737,62.5672,17.4718],[7.7354,62.5687,2.9183],[7.7271,62.5687,20.6522]]],
[[[7.3083,62.6729,5.5419],[7.3042,62.675,0.0],[7.2958,62.675,63.1986],[7.2917,62.6771,31.3415],[7.2875,62.675,171.9691],[7.2833,62.6771,78.2354],[7.2646,62.6771,22.4415],[7.2604,62.675,62.7652],[7.25,62.675,26.8832],[7.2458,62.6729,65.3864],[7.2417,62.675,0.0],[7.238,62.6724,11.6678],[7.237,62.6672,53.5278],[7.2318,62.6661,47.7613],[7.2276,62.663,44.5034],[7.2307,62.662,77.2066],[7.2318,62.6589,0.0],[7.2391,62.6557,58.8303],[7.238,62.6526,13.6259],[7.2479,62.65,0.0],[7.2667,62.65,66.3595],[7.2708,62.6479,0.0],[7.3021,62.6479,0.0],[7.3062,62.65,29.3155],[7.3125,62.65,7.0774],[7.3167,62.6479,0.0],[7.3292,62.6479,0.0],[7.3333,62.65,11.3781],[7.3438,62.65,0.0],[7.3583,62.6542,17.2113],[7.3729,62.6542,0.0],[7.3786,62.6568,9.5841],[7.3688,62.6625,125.8067],[7.3521,62.6625,221.6379],[7.3479,62.6667,28.4056],[7.325,62.6667,45.7268],[7.3208,62.6688,0.0],[7.3167,62.6646,170.5933],[7.3151,62.6651,191.1196],[7.3141,62.6703,5.712],[7.3083,62.6729,5.5419]]],
[[[7.3391,62.7313,6.9763],[7.325,62.7354,11.7269],[7.2917,62.7354,7.3884],[7.2875,62.7333,26.948],[7.2729,62.7313,26.7373],[7.2708,62.7292,21.1694],[7.2714,62.7276,16.7419],[7.2771,62.725,0.0],[7.3042,62.725,0.0],[7.3083,62.7271,31.4867],[7.3125,62.725,0.0],[7.3167,62.725,0.0],[7.3208,62.7271,19.0428],[7.3313,62.7271,0.0],[7.3354,62.7292,0.0],[7.3432,62.7297,0.0],[7.3391,62.7313,6.9763]]],
[[[7.2589,62.7172,34.9772],[7.2604,62.7167,42.5174],[7.262,62.7182,28.6291],[7.2604,62.7188,0.0],[7.2589,62.7172,34.9772]]],
[[[7.2766,62.7203,55.0261],[7.2734,62.7203,58.3414],[7.2734,62.7172,9.9083],[7.2766,62.7172,0.0],[7.2766,62.7203,55.0261]]],
[[[7.287,62.7224,44.6491],[7.2833,62.7229,27.8097],[7.2818,62.7214,60.1182],[7.2854,62.7208,10.3117],[7.287,62.7224,44.6491]]],
[[[7.2354,62.7271,14.0963],[7.2297,62.7266,8.9513],[7.2297,62.7234,18.7643],[7.237,62.7234,0.0],[7.237,62.7266,8.4865],[7.2354,62.7271,14.0963]]],
[[[6.6521,62.7792,0.0],[6.6536,62.7797,0.0],[6.6536,62.7828,3.9903],[6.6396,62.7854,2.2911],[6.638,62.7849,1.7063],[6.6354,62.7792,4.0776],[6.6375,62.7771,0.0],[6.6479,62.7771,0.0],[6.6521,62.7792,0.0]]],
[[[6.9578,62.8495,20.018],[6.9484,62.8505,2.8541],[6.9464,62.8526,0.0],[6.9453,62.8578,0.0],[6.9438,62.8583,0.0],[6.9333,62.8583,0.0],[6.9292,62.8542,2.4857],[6.9208,62.8583,2.2912],[6.9167,62.8563,0.0],[6.9021,62.8563,0.0],[6.9005,62.8547,0.0],[6.9063,62.8542,0.0],[6.9078,62.8526,0.0],[6.8776,62.8411,0.0],[6.8766,62.838,4.7159],[6.8604,62.8354,6.4041],[6.8578,62.8391,0.0],[6.8432,62.8474,22.6227],[6.8271,62.8479,0.0],[6.8146,62.8521,0.0],[6.8042,62.8479,11.5642],[6.7896,62.8458,0.0],[6.7854,62.8438,11.9784],[6.7792,62.8438,0.0],[6.7776,62.8422,0.0],[6.7807,62.8411,2.3927],[6.7818,62.838,0.0],[6.7932,62.8328,0.0],[6.7943,62.8297,0.0],[6.8125,62.8271,0.0],[6.8182,62.8234,0.0],[6.8151,62.8224,0.0],[6.8141,62.8193,0.0],[6.8063,62.8187,0.0],[6.8021,62.8167,5.3722],[6.7979,62.8187,4.8296],[6.7917,62.8187,21.4999],[6.7875,62.8167,11.2214],[6.7818,62.8182,14.6865],[6.7807,62.813,0.0],[6.7714,62.8068,4.8654],[6.7854,62.8063,8.0629],[6.7896,62.8042,0.0],[6.7938,62.8063,7.9756],[6.7979,62.8042,0.0],[6.8099,62.8036,0.0],[6.8125,62.8,0.0],[6.825,62.8,0.0],[6.8292,62.7979,0.0],[6.8375,62.7979,0.0],[6.8401,62.7943,0.0],[6.8432,62.7932,2.7372],[6.8443,62.7901,4.0278],[6.8583,62.7896,0.0],[6.8641,62.787,0.0],[6.8651,62.7818,0.0],[6.8792,62.7813,0.0],[6.8917,62.775,0.6352],[6.9021,62.775,1.0791],[6.9063,62.7729,0.0],[6.9104,62.7729,0.0],[6.9182,62.7776,0.0],[6.9214,62.7911,4.8106],[6.9266,62.7932,0.0],[6.9047,62.7964,2.6558],[6.9068,62.8078,11.343],[6.9161,62.8089,0.0],[6.9161,62.812,0.0],[6.8917,62.8125,0.0],[6.8901,62.8141,0.0],[6.8979,62.8167,0.0],[6.9104,62.8167,0.0],[6.9146,62.8146,0.0],[6.9375,62.8146,0.0],[6.9422,62.8182,0.0],[6.9479,62.8187,0.0],[6.9599,62.8234,0.0],[6.9599,62.8266,0.0],[6.9568,62.8276,10.9064],[6.9578,62.8328,23.4364],[6.9542,62.8354,0.0],[6.9547,62.837,0.0],[6.9599,62.838,0.0],[6.9604,62.8396,0.0],[6.962,62.8474,39.7381],[6.9578,62.8495,20.018]]],
[[[7.1271,62.8229,8.4928],[7.1312,62.8208,0.0],[7.137,62.8214,1.6684],[7.1401,62.8266,35.3937],[7.1432,62.8276,14.5763],[7.1443,62.8307,0.0],[7.1495,62.8318,0.0],[7.1495,62.8349,17.6556],[7.1396,62.8354,0.0],[7.1234,62.8307,6.7661],[7.1214,62.8276,0.0],[7.1245,62.8255,0.0],[7.1214,62.8234,0.0],[7.1271,62.8229,8.4928]]],
[[[7.1328,62.8401,15.7823],[7.1297,62.838,0.0],[7.1354,62.8354,0.0],[7.1411,62.838,2.0862],[7.1432,62.8411,10.2543],[7.1354,62.8417,29.6689],[7.1328,62.8401,15.7823]]],
[[[6.8453,62.862,1.9834],[6.8422,62.862,0.0],[6.838,62.8589,3.6106],[6.8453,62.8589,0.0],[6.8453,62.862,1.9834]]],
[[[7.0417,62.9729,0.0],[7.038,62.9724,1.1039],[7.038,62.9714,0.0],[7.0417,62.9708,0.0],[7.0417,62.9729,0.0]]],
[[[7.037,62.9734,0.0],[7.0354,62.975,0.0],[7.0339,62.9745,0.0],[7.0339,62.9734,0.0],[7.037,62.9734,0.0]]],
[[[7.2292,63.0208,0.0],[7.2354,63.0208,0.0],[7.2396,63.0187,0.0],[7.2411,63.0193,0.0],[7.2417,63.0229,0.0],[7.2396,63.025,0.0],[7.2354,63.025,0.0],[7.2313,63.0229,2.1579],[7.2234,63.0224,0.0],[7.225,63.0208,0.0],[7.2292,63.0208,0.0]]],
[[[7.3214,63.0047,0.0],[7.3245,63.0047,0.0],[7.3245,63.0078,0.0],[7.3167,63.0083,0.0],[7.3167,63.0062,0.0],[7.3214,63.0047,0.0]]],
[[[7.3661,63.0193,6.7282],[7.3625,63.0208,0.0],[7.3604,63.0187,0.0],[7.3625,63.0167,0.0],[7.3661,63.0193,6.7282]]],
[[[7.7,63.0604,0.0],[7.7042,63.0583,0.0],[7.7099,63.0589,16.7994],[7.7042,63.0625,2.2279],[7.6943,63.062,3.0217],[7.6958,63.0604,6.8415],[7.7,63.0604,0.0]]],
[[[7.5458,63.0667,5.5299],[7.538,63.0661,0.0],[7.538,63.063,6.3884],[7.5453,63.063,4.683],[7.5474,63.0651,0.0],[7.5458,63.0667,5.5299]]],
[[[7.5297,63.0651,24.7309],[7.5328,63.0651,0.0],[7.5328,63.0661,0.0],[7.5313,63.0667,0.0],[7.5297,63.0651,24.7309]]],
[[[7.4896,63.075,0.0],[7.4859,63.0745,0.0],[7.4859,63.0714,4.6351],[7.4938,63.0708,0.0],[7.4932,63.0745,0.0],[7.4896,63.075,0.0]]],
[[[7.5167,63.0771,1.9425],[7.5208,63.075,0.0],[7.525,63.075,0.0],[7.5292,63.0771,0.0],[7.5438,63.0792,0.0],[7.5474,63.0818,0.0],[7.5479,63.0854,0.0],[7.5458,63.0875,0.0],[7.5354,63.0833,0.0],[7.5271,63.0833,0.0],[7.5167,63.0792,0.0],[7.5089,63.0786,0.0],[7.5104,63.0771,3.1658],[7.5167,63.0771,1.9425]]],
[[[7.5214,63.088,2.1401],[7.5229,63.0875,0.0],[7.5245,63.0891,1.9132],[7.5214,63.0891,9.7234],[7.5214,63.088,2.1401]]],
[[[7.7292,63.1063,0.0],[7.7234,63.1026,33.1093],[7.7438,63.1021,0.0],[7.7458,63.1042,5.5512],[7.7453,63.1057,0.0],[7.7396,63.1083,6.6498],[7.7292,63.1063,0.0]]],
[[[7.6646,63.1104,14.7227],[7.6646,63.1083,0.0],[7.6682,63.1089,0.0],[7.6682,63.1099,0.0],[7.6646,63.1104,14.7227]]],
[[[7.5828,63.2057,0.0],[7.5771,63.2062,0.0],[7.575,63.2042,3.3678],[7.5771,63.2021,0.0],[7.5828,63.2057,0.0]]],
[[[7.5979,63.2125,0.0],[7.6021,63.2125,0.0],[7.6036,63.2141,0.0],[7.5938,63.2167,0.0],[7.5818,63.2161,0.0],[7.5917,63.2125,0.0],[7.5979,63.2125,0.0]]],
[[[7.5766,63.2151,0.0],[7.5766,63.2182,0.0],[7.5734,63.2182,0.0],[7.5734,63.2151,0.0],[7.5766,63.2151,0.0]]],
[[[7.5953,63.2193,0.0],[7.5938,63.2208,3.2494],[7.588,63.2203,0.0],[7.5896,63.2188,0.0],[7.5953,63.2193,0.0]]],
[[[7.7625,63.2729,0.0],[7.7641,63.2745,1.6582],[7.7589,63.2745,3.1436],[7.7589,63.2734,2.4274],[7.7625,63.2729,0.0]]],
[[[7.6776,63.3151,0.0],[7.675,63.3167,0.0],[7.6729,63.3146,0.0],[7.675,63.3125,0.0],[7.6807,63.313,0.0],[7.6776,63.3151,0.0]]],
[[[7.7026,63.3339,0.0],[7.7042,63.3333,0.439],[7.7057,63.3349,0.0],[7.7026,63.3349,0.0],[7.7026,63.3339,0.0]]],
[[[7.7484,63.3359,0.0],[7.75,63.3354,0.0],[7.7516,63.337,0.0],[7.75,63.3375,0.0],[7.7484,63.3359,0.0]]],
[[[8.0214,63.2984,0.0],[8.0245,63.2984,0.0],[8.0245,63.2995,0.0],[8.0214,63.2995,0.0],[8.0214,63.2984,0.0]]],
[[[8.0089,63.3005,0.0],[8.0104,63.3,0.0],[8.012,63.3016,3.0867],[8.0089,63.3016,0.0],[8.0089,63.3005,0.0]]],
[[[8.2167,63.3187,0.0],[8.2182,63.3224,0.0],[8.2104,63.3229,0.0],[8.2063,63.325,0.0],[8.1901,63.3182,0.0],[8.1839,63.3141,0.0],[8.1813,63.3104,0.0],[8.175,63.3083,0.0],[8.1688,63.3083,0.0],[8.1646,63.3063,6.7506],[8.1547,63.3078,0.0],[8.1484,63.3036,0.0],[8.1474,63.3005,0.0],[8.1255,63.2932,0.0],[8.1245,63.2901,0.0],[8.1047,63.2828,0.0],[8.1047,63.2776,0.9505],[8.1312,63.2813,0.0],[8.1339,63.2849,0.0],[8.1396,63.2875,0.0],[8.1458,63.2875,0.0],[8.1563,63.2917,5.0052],[8.1646,63.2917,0.0],[8.1813,63.2979,0.0],[8.1932,63.3005,0.0],[8.2,63.3042,0.0],[8.2063,63.3042,0.0],[8.2245,63.3109,0.0],[8.2245,63.3141,0.0],[8.2172,63.3172,0.0],[8.2167,63.3187,0.0]]],
[[[8.0651,63.3047,0.0],[8.0667,63.3042,0.0],[8.0682,63.3057,0.0],[8.0667,63.3063,0.0],[8.0651,63.3047,0.0]]],
[[[8.3042,63.2938,0.0],[8.3,63.2958,0.0],[8.2979,63.2938,13.5278],[8.3,63.2917,0.0],[8.3057,63.2922,7.1011],[8.3042,63.2938,0.0]]],
[[[8.3255,63.3057,0.0],[8.3286,63.3036,0.0],[8.3276,63.3005,0.0],[8.3292,63.3,0.0],[8.3354,63.3,0.0],[8.3432,63.3047,22.6616],[8.3417,63.3063,0.0],[8.3255,63.3057,0.0]]],
[[[8.8297,63.1995,0.0],[8.8333,63.2021,91.6396],[8.8398,63.2021,106.1857],[8.8437,63.2077,397.7608],[8.8359,63.2071,345.7732],[8.8344,63.2111,402.4103],[8.8442,63.2119,467.2725],[8.8408,63.2207,566.1212],[8.8506,63.2215,607.5958],[8.8455,63.2347,444.8105],[8.8356,63.234,407.1753],[8.8339,63.2384,683.4254],[8.8241,63.2376,697.4312],[8.8189,63.2509,686.3315],[8.8288,63.2517,727.188],[8.8253,63.2605,526.8913],[8.8352,63.2613,475.3774],[8.8317,63.2701,488.7749],[8.8416,63.2709,498.9467],[8.8382,63.2797,435.8932],[8.848,63.2805,382.6831],[8.8446,63.2893,477.526],[8.8544,63.2901,422.5677],[8.8475,63.3078,208.6056],[8.8574,63.3085,455.6073],[8.8522,63.3218,510.3142],[8.8621,63.3226,460.7206],[8.857,63.3358,275.0153],[8.8668,63.3366,243.1937],[8.8651,63.341,251.0307],[8.8848,63.3425,232.1937],[8.878,63.3602,392.0587],[8.8681,63.3595,354.7867],[8.8629,63.3727,382.7755],[8.8234,63.3697,296.5636],[8.8217,63.3741,198.7657],[8.8118,63.3733,347.637],[8.8101,63.3778,383.4612],[8.8002,63.377,491.0961],[8.7967,63.3858,323.4594],[8.7868,63.3851,398.7165],[8.7851,63.3895,139.2344],[8.795,63.3903,91.2736],[8.7881,63.408,149.6266],[8.7782,63.4072,83.4571],[8.7764,63.4116,83.0171],[8.7665,63.4108,73.7107],[8.7631,63.4197,45.2796],[8.7532,63.4189,60.8456],[8.7514,63.4233,18.475],[8.7401,63.4224,0.0],[8.7391,63.4172,16.7654],[8.7354,63.4125,9.0565],[8.725,63.4125,0.0],[8.7167,63.4167,0.0],[8.7083,63.4167,0.0],[8.7042,63.4146,32.1174],[8.6938,63.4146,0.0],[8.6896,63.4125,7.7835],[8.6688,63.4125,0.0],[8.6646,63.4104,11.9144],[8.6568,63.4099,0.0],[8.6557,63.4068,4.8638],[8.6526,63.4057,0.0],[8.65,63.4021,3.2528],[8.6542,63.3979,27.9397],[8.6521,63.3937,0.0],[8.6526,63.3901,4.1028],[8.6583,63.3875,0.0],[8.6641,63.387,0.0],[8.663,63.3839,0.0],[8.6661,63.3828,0.0],[8.6714,63.3755,10.2618],[8.6771,63.3729,0.0],[8.6828,63.3724,12.3091],[8.6818,63.3693,0.0],[8.6911,63.3682,8.9637],[8.7057,63.3599,32.4409],[8.7068,63.3547,0.0],[8.7099,63.3536,16.6218],[8.7083,63.35,0.0],[8.7089,63.3464,0.0],[8.7146,63.3479,0.0],[8.7292,63.3479,0.0],[8.7333,63.3458,0.0],[8.7417,63.3458,0.0],[8.7458,63.3438,0.0],[8.7563,63.3438,0.0],[8.7604,63.3458,9.4585],[8.7766,63.3453,0.0],[8.775,63.3438,0.0],[8.763,63.3432,0.0],[8.762,63.3401,0.0],[8.7583,63.3375,9.0181],[8.7438,63.3375,0.0],[8.7396,63.3354,17.3387],[8.725,63.3333,0.0],[8.7146,63.3292,41.9639],[8.6896,63.3292,0.0],[8.6854,63.3271,0.0],[8.675,63.3271,0.0],[8.6667,63.3229,2.6664],[8.6589,63.3224,0.0],[8.6578,63.3172,0.0],[8.6563,63.3167,19.1017],[8.65,63.3187,0.0],[8.6417,63.3187,0.0],[8.6375,63.3208,0.0],[8.6229,63.3167,0.0],[8.6125,63.3167,0.0],[8.6109,63.3182,0.0],[8.6214,63.3224,0.0],[8.6333,63.3229,0.0],[8.6438,63.3271,28.916],[8.6479,63.325,0.0],[8.6521,63.325,3.578],[8.6563,63.3271,6.659],[8.6667,63.3271,0.0],[8.6813,63.3312,0.0],[8.6875,63.3312,0.0],[8.6917,63.3333,11.6935],[8.6979,63.3333,0.0],[8.7036,63.3359,0.0],[8.7063,63.3396,8.4538],[8.7042,63.3417,0.0],[8.6922,63.3422,0.0],[8.6932,63.3453,0.0],[8.6901,63.3464,7.1727],[8.6896,63.35,0.0],[8.6901,63.3516,0.0],[8.6953,63.3526,0.0],[8.6917,63.3563,0.0],[8.6932,63.3599,0.0],[8.6672,63.3609,0.0],[8.663,63.363,0.0],[8.662,63.3661,0.0],[8.6505,63.3714,66.3579],[8.6516,63.3766,0.0],[8.6484,63.3776,0.0],[8.6474,63.3807,0.0],[8.6432,63.3828,2.5917],[8.6292,63.3833,0.0],[8.6187,63.3875,0.0],[8.6161,63.3839,0.0],[8.6104,63.3812,0.0],[8.6,63.3812,0.0],[8.5974,63.3849,0.0],[8.5833,63.3917,0.0],[8.5688,63.3917,0.0],[8.5604,63.3875,2.2048],[8.5458,63.3875,0.0],[8.5313,63.3833,40.7558],[8.525,63.3833,11.9113],[8.5208,63.3854,0.0],[8.5078,63.3776,15.8644],[8.5026,63.3766,4.3878],[8.5016,63.3734,6.6882],[8.4984,63.3714,0.0],[8.5078,63.3651,1.9247],[8.5047,63.3641,0.0],[8.5036,63.3609,1.5736],[8.4922,63.3578,0.0],[8.4922,63.3547,0.0],[8.5140999999999991,63.3536,0.0],[8.5188,63.35,0.0],[8.5161,63.3464,0.0],[8.5063,63.3458,13.2077],[8.5021,63.35,0.0],[8.4917,63.35,0.0],[8.4875,63.3479,16.6635],[8.4833,63.35,0.0],[8.4646,63.3438,0.0],[8.4464,63.3411,0.0],[8.4464,63.338,6.62],[8.4536,63.3339,0.0],[8.4458,63.3312,16.3903],[8.4354,63.3312,0.0],[8.4271,63.3354,0.0],[8.4188,63.3312,32.8887],[8.4109,63.3307,0.0],[8.4146,63.3271,0.0],[8.4125,63.325,0.0],[8.4021,63.3292,0.0],[8.3979,63.325,0.0],[8.3833,63.325,0.0],[8.3786,63.3214,16.3951],[8.3714,63.3203,10.316],[8.3682,63.3151,14.1598],[8.3589,63.312,0.0],[8.3583,63.3104,0.0],[8.3589,63.3068,0.0],[8.3771,63.3042,10.0765],[8.3854,63.3,0.0],[8.3958,63.3042,23.7939],[8.4,63.3042,0.0],[8.4042,63.3021,0.0],[8.4188,63.3021,0.0],[8.4229,63.3042,11.2771],[8.4417,63.3042,0.0],[8.4458,63.3021,0.0],[8.4625,63.3083,0.0],[8.4745,63.3109,0.0],[8.4755,63.3161,0.0],[8.4807,63.3172,0.0],[8.4813,63.3187,0.0],[8.4807,63.3203,0.0],[8.4734,63.3234,0.0],[8.4771,63.3271,0.0],[8.4917,63.3271,0.0],[8.4958,63.325,0.0],[8.5083,63.325,28.6722],[8.5125,63.3229,0.0],[8.5188,63.3229,0.0],[8.5229,63.325,31.0681],[8.5313,63.3208,0.0],[8.5474,63.3214,0.0],[8.5474,63.3245,8.3922],[8.5437,63.3271,3.5146],[8.5453,63.3328,0.0],[8.538,63.3339,0.0],[8.5354,63.3375,4.961],[8.5255,63.338,0.0],[8.5208,63.3417,0.0],[8.5229,63.3438,5.8517],[8.5271,63.3417,0.0],[8.5333,63.3438,4.0231],[8.5375,63.3417,0.0],[8.55,63.3417,0.0],[8.5599,63.3391,0.0],[8.5682,63.3349,0.0],[8.5589,63.3297,0.0],[8.5646,63.3292,10.6142],[8.5703,63.3266,0.0],[8.5703,63.3234,1.9661],[8.5568,63.3224,0.0],[8.5604,63.3187,0.0],[8.5589,63.3151,0.0],[8.5854,63.3146,0.0],[8.5896,63.3167,0.0],[8.6042,63.3167,0.0],[8.6057,63.3151,0.0],[8.5875,63.3104,30.44],[8.5646,63.3104,0.0],[8.5604,63.3083,22.3762],[8.55,63.3083,0.0],[8.5458,63.3042,19.8488],[8.5234,63.3036,0.0],[8.5214,63.2984,0.0],[8.5286,63.2953,0.0],[8.5286,63.2901,1.8344],[8.5208,63.2896,0.0],[8.5167,63.2875,12.9779],[8.5042,63.2917,0.0],[8.5005,63.2911,7.6332],[8.4964,63.2891,0.0],[8.4995,63.2859,0.0],[8.4943,63.2849,0.0],[8.4917,63.2771,6.1912],[8.4938,63.275,0.0],[8.5083,63.275,0.0],[8.5125,63.2729,12.8303],[8.5182,63.2745,0.0],[8.5224,63.2724,20.1704],[8.5234,63.2693,28.4806],[8.5266,63.2682,7.5108],[8.5255,63.263,0.0],[8.5328,63.262,9.6651],[8.5313,63.2604,3.61],[8.5255,63.2599,0.0],[8.5234,63.2568,0.0],[8.5333,63.2521,0.0],[8.5375,63.2542,17.8096],[8.5437,63.2542,27.0134],[8.5536,63.2516,18.2358],[8.5547,63.2484,0.0],[8.5578,63.2464,0.0],[8.5526,63.2432,0.0],[8.5505,63.2401,0.0],[8.5583,63.2396,2.7554],[8.5651,63.2359,0.0],[8.5724,63.2349,7.8125],[8.5672,63.2328,0.0],[8.5672,63.2276,0.0],[8.5828,63.2266,41.649],[8.5828,63.2214,0.0],[8.5776,63.2172,0.0],[8.5911,63.2099,0.0],[8.5917,63.2062,0.0],[8.5911,63.2047,0.0],[8.5833,63.2042,0.0],[8.5818,63.2026,0.0],[8.5938,63.2021,0.0],[8.6005,63.2057,20.7863],[8.6036,63.2057,0.0],[8.6078,63.2036,0.0],[8.6083,63.2,0.0],[8.6026,63.1943,0.0],[8.6125,63.1896,0.0],[8.6208,63.1896,0.0],[8.625,63.1875,0.0],[8.6313,63.1875,0.0],[8.6354,63.1896,128.9388],[8.6396,63.1875,0.0],[8.6438,63.1875,0.0],[8.6479,63.1896,84.2498],[8.6583,63.1896,0.0],[8.6729,63.1958,0.0],[8.6792,63.1958,0.0],[8.6875,63.1917,0.0],[8.725,63.1917,0.0],[8.7292,63.1937,72.1476],[8.7333,63.1917,0.0],[8.7375,63.1937,0.0],[8.7521,63.1937,0.0],[8.7563,63.1958,126.2723],[8.7604,63.1937,0.0],[8.7667,63.1937,0.0],[8.7708,63.1958,56.3356],[8.775,63.1937,0.0],[8.7896,63.1979,127.0226],[8.7938,63.1958,0.0],[8.8,63.1958,0.0],[8.8042,63.1979,0.0],[8.8271,63.1979,0.0],[8.8297,63.1995,0.0]]],
[[[8.488,63.3068,2.7756],[8.4896,63.3063,1.2542],[8.4911,63.3078,2.3527],[8.488,63.3078,0.0],[8.488,63.3068,2.7756]]],
[[[8.0568,63.3068,4.9875],[8.0583,63.3063,3.9044],[8.0599,63.3078,2.7914],[8.0568,63.3078,7.0291],[8.0568,63.3068,4.9875]]],
[[[8.1333,63.3104,3.8833],[8.1292,63.3104,5.0993],[8.1276,63.3089,1.4433],[8.1297,63.3068,0.0],[8.1333,63.3063,0.0],[8.1391,63.3089,0.0],[8.1375,63.3104,0.0],[8.1333,63.3104,3.8833]]],
[[[8.1479,63.3187,0.0],[8.1422,63.3182,0.0],[8.1422,63.313,0.0],[8.1479,63.3125,0.0],[8.1583,63.3167,13.5163],[8.1688,63.3167,0.0],[8.1708,63.3187,0.0],[8.1672,63.3214,2.2343],[8.1672,63.3245,0.0],[8.1724,63.3266,0.0],[8.1646,63.3271,0.0],[8.163,63.3266,0.0],[8.162,63.3214,3.7482],[8.1479,63.3187,0.0]]],
[[[8.2234,63.3214,7.2324],[8.2266,63.3214,0.0],[8.2266,63.3224,5.5745],[8.2234,63.3224,16.0532],[8.2234,63.3214,7.2324]]],
[[[8.4974,63.313,34.6747],[8.4958,63.3146,4.9959],[8.4901,63.3141,0.0],[8.4917,63.3125,5.7345],[8.4974,63.313,34.6747]]],
[[[8.2391,63.3328,0.0],[8.2313,63.3333,0.0],[8.2297,63.3318,0.0],[8.2375,63.3312,0.0],[8.2391,63.3328,0.0]]],
[[[8.7188,63.3396,0.0],[8.7203,63.3411,0.0],[8.7151,63.3411,20.4055],[8.7151,63.3401,19.1053],[8.7188,63.3396,0.0]]],
[[[8.2443,63.3443,1.7038],[8.2474,63.3443,0.0],[8.2474,63.3453,2.8725],[8.2458,63.3458,0.0],[8.2443,63.3443,1.7038]]],
[[[7.8438,63.2958,0.0],[7.8401,63.2943,0.0],[7.8458,63.2917,0.0],[7.8516,63.2943,0.0],[7.85,63.2958,0.0],[7.8438,63.2958,0.0]]],
[[[7.8026,63.2943,0.5597],[7.8057,63.2943,0.0],[7.8057,63.2953,0.1252],[7.8026,63.2953,0.4343],[7.8026,63.2943,0.5597]]],
[[[7.7833,63.2979,0.0],[7.7849,63.2995,1.2822],[7.7797,63.2995,0.0],[7.7797,63.2984,5.3698],[7.7833,63.2979,0.0]]],
[[[7.8146,63.3021,0.0],[7.8063,63.3021,0.0],[7.8047,63.3005,0.7133],[7.8161,63.3005,0.0],[7.8146,63.3021,0.0]]],
[[[7.9458,63.2958,4.838],[7.9422,63.2943,5.125],[7.9479,63.2917,4.1207],[7.9536,63.2922,8.6559],[7.9495,63.2953,0.0],[7.9458,63.2958,4.838]]],
[[[7.9786,63.2974,0.0],[7.9708,63.2979,4.9964],[7.9693,63.2964,0.0],[7.9771,63.2958,0.0],[7.9786,63.2974,0.0]]],
[[[7.8547,63.2964,0.6683],[7.8563,63.2958,0.0],[7.8578,63.2974,0.0],[7.8563,63.2979,0.0],[7.8547,63.2964,0.6683]]],
[[[7.9479,63.3021,6.6889],[7.9396,63.3021,0.0],[7.938,63.3005,2.0259],[7.9516,63.3005,0.0],[7.9479,63.3021,6.6889]]],
[[[7.8771,63.3021,0.0],[7.8786,63.3036,0.0],[7.8734,63.3036,0.0],[7.8734,63.3026,0.0],[7.8771,63.3021,0.0]]],
[[[7.862,63.312,0.0],[7.8542,63.3125,0.9086],[7.8526,63.3109,4.7147],[7.8604,63.3104,0.0],[7.862,63.312,0.0]]],
[[[7.9234,63.3276,0.0],[7.925,63.3271,0.0],[7.9266,63.3286,1.6784],[7.925,63.3292,0.4234],[7.9234,63.3276,0.0]]],
[[[7.9125,63.3312,0.0],[7.9089,63.3297,0.0],[7.9167,63.3271,4.3497],[7.9224,63.3297,0.5429],[7.9208,63.3312,1.279],[7.9125,63.3312,0.0]]],
[[[7.8068,63.3089,0.0],[7.8083,63.3083,1.4037],[7.8099,63.3099,0.0],[7.8068,63.3099,0.0],[7.8068,63.3089,0.0]]],
[[[7.8188,63.3083,0.0],[7.8203,63.3099,0.0],[7.8151,63.3099,0.0],[7.8151,63.3089,0.0],[7.8188,63.3083,0.0]]],
[[[7.8042,63.3146,0.0],[7.8,63.3167,0.0],[7.7917,63.3167,2.1997],[7.7875,63.3187,0.0],[7.7797,63.3161,0.0],[7.7813,63.3146,0.0],[7.7875,63.3146,0.5226],[7.7917,63.3125,0.0],[7.8057,63.313,0.0],[7.8042,63.3146,0.0]]],
[[[7.8172,63.3161,1.6413],[7.8224,63.3182,0.0],[7.8193,63.3193,0.7521],[7.8182,63.3245,1.5371],[7.8125,63.3271,0.0],[7.8083,63.3271,0.0],[7.8042,63.325,0.0],[7.775,63.325,0.0],[7.7729,63.3229,0.0],[7.7734,63.3214,0.0],[7.7792,63.3187,0.0],[7.7833,63.3208,0.0],[7.7875,63.3208,2.2954],[7.7917,63.3187,0.0],[7.7979,63.3187,0.0],[7.8021,63.3229,0.0],[7.8078,63.3203,0.0],[7.8089,63.3151,0.5486],[7.8146,63.3146,2.892],[7.8172,63.3161,1.6413]]],
[[[8.2547,63.3536,0.0],[8.2526,63.3474,0.0],[8.2542,63.3458,0.0],[8.262,63.3484,2.6246],[8.2641,63.3526,14.4731],[8.2625,63.3542,12.1578],[8.2547,63.3536,0.0]]],
[[[8.2333,63.3812,0.0],[8.2349,63.3828,14.4254],[8.2318,63.3828,0.0],[8.2318,63.3818,0.0],[8.2333,63.3812,0.0]]],
[[[8.1026,63.3214,4.4363],[8.1057,63.3214,4.8962],[8.1057,63.3224,0.0],[8.1026,63.3224,0.0],[8.1026,63.3214,4.4363]]],
[[[8.2161,63.3359,0.0],[8.2188,63.3375,13.0184],[8.2266,63.338,0.0],[8.2234,63.3411,0.0],[8.2432,63.3464,0.0],[8.2432,63.3495,0.0],[8.2375,63.35,14.7773],[8.2229,63.3458,14.1604],[8.2167,63.3458,0.0],[8.2125,63.3438,0.0],[8.1964,63.3432,6.7559],[8.2021,63.3396,0.0],[8.212,63.3391,0.0],[8.2026,63.3339,0.0],[8.2104,63.3333,0.0],[8.2161,63.3359,0.0]]],
[[[7.9979,63.4708,0.0],[8.0021,63.4708,0.0],[8.0036,63.4724,0.0],[7.9964,63.4734,0.0],[7.9896,63.4771,0.0],[7.9693,63.4766,0.0],[7.9661,63.4714,0.0],[7.9609,63.4682,0.0],[7.9609,63.463,0.0],[7.9641,63.4609,0.711],[7.9505,63.4599,1.586],[7.9484,63.4568,0.0],[7.9516,63.4547,0.0],[7.9422,63.4516,0.0],[7.9437,63.45,0.0],[7.9542,63.45,1.1322],[7.9557,63.4484,3.3731],[7.9479,63.4479,0.0],[7.9422,63.4453,0.9963],[7.9453,63.4422,0.4055],[7.9417,63.4396,0.0],[7.9318,63.4401,0.0],[7.9307,63.4453,0.5904],[7.925,63.4479,0.9614],[7.9208,63.4479,0.0],[7.9089,63.4432,0.0],[7.9068,63.4411,0.0],[7.9057,63.4359,1.5827],[7.8979,63.4333,0.0],[7.8922,63.4359,2.2057],[7.8896,63.4396,1.2838],[7.8854,63.4375,0.0],[7.8813,63.4396,0.0],[7.875,63.4396,0.0],[7.8667,63.4354,0.0],[7.8479,63.4375,0.0],[7.8401,63.4349,0.0],[7.8401,63.4297,0.0],[7.8432,63.4286,0.0],[7.8411,63.4255,0.8823],[7.8313,63.4229,11.5085],[7.8208,63.425,0.0],[7.8182,63.4214,0.0],[7.8104,63.4208,0.0],[7.8026,63.4182,0.0],[7.8057,63.4151,0.0],[7.8016,63.413,11.4674],[7.7938,63.4125,0.0],[7.7911,63.4089,3.284],[7.7859,63.4078,0.0],[7.7875,63.4063,0.0],[7.7953,63.4057,3.4405],[7.7932,63.4026,1.3406],[7.7901,63.4016,2.0422],[7.7932,63.3984,0.0],[7.7854,63.3958,6.6619],[7.7813,63.3979,0.0],[7.7708,63.3979,1.8212],[7.7682,63.3943,0.0],[7.7589,63.3932,0.0],[7.7604,63.3917,1.0425],[7.7766,63.3911,0.0],[7.775,63.3854,0.0],[7.7786,63.3818,0.0],[7.7755,63.3797,0.0],[7.7786,63.3776,0.0],[7.7672,63.3693,0.0],[7.7729,63.3667,0.0],[7.7786,63.3661,0.0],[7.7797,63.3609,0.8888],[7.7854,63.3583,0.9011],[7.7979,63.3604,0.0],[7.8104,63.3542,0.0],[7.8182,63.3547,0.0],[7.8208,63.3583,1.0716],[7.8292,63.3542,0.0],[7.8354,63.3563,0.0],[7.8396,63.3542,0.0],[7.8599,63.3536,0.0],[7.8563,63.35,2.9192],[7.8521,63.3521,0.0],[7.8464,63.3516,0.0],[7.8432,63.3484,0.0],[7.8297,63.3453,1.3736],[7.8271,63.3417,0.6302],[7.8167,63.3417,0.0],[7.8042,63.3458,0.0],[7.7964,63.3432,0.0],[7.8,63.3396,0.0],[7.7964,63.337,8.3889],[7.7979,63.3354,0.0],[7.8063,63.3354,0.0],[7.8104,63.3333,0.0],[7.8292,63.3333,0.0],[7.8391,63.3286,0.0],[7.838,63.3255,0.0],[7.8422,63.3234,0.3495],[7.85,63.3229,0.0],[7.8583,63.3187,0.5478],[7.8667,63.3187,0.0],[7.8682,63.3203,0.0],[7.8609,63.3245,0.0],[7.8729,63.3292,0.0],[7.8807,63.3297,0.0],[7.8818,63.3328,0.0],[7.887,63.3339,0.2288],[7.8896,63.3375,0.0],[7.8958,63.3375,1.4034],[7.9,63.3354,0.0],[7.9042,63.3375,0.0],[7.9083,63.3375,0.0],[7.9125,63.3354,0.0],[7.9188,63.3354,0.0],[7.9229,63.3375,2.3639],[7.9271,63.3375,2.6314],[7.9396,63.3333,0.0],[7.95,63.3333,0.7104],[7.9568,63.3297,0.0],[7.9766,63.3245,0.0],[7.9792,63.3208,1.6585],[7.9875,63.3208,0.0],[7.9922,63.3245,3.3292],[7.9953,63.3245,0.0],[7.9953,63.3214,0.0],[7.9932,63.3193,1.6931],[7.9839,63.3161,0.0],[7.9818,63.3089,0.0],[7.9911,63.3078,0.9888],[7.9901,63.3047,2.2083],[7.9958,63.3021,0.0],[8.0021,63.3042,2.1957],[8.0063,63.3021,0.0],[8.0104,63.3042,0.0],[8.0167,63.3042,0.0],[8.025,63.3083,0.0],[8.0292,63.3063,0.0],[8.0396,63.3063,8.0296],[8.0646,63.3167,1.5855],[8.0688,63.3146,0.0],[8.0792,63.3146,1.3319],[8.0833,63.3187,0.0],[8.0896,63.3167,0.0],[8.0953,63.3193,6.7902],[8.0938,63.3208,0.0],[8.0854,63.3208,7.2806],[8.0813,63.3229,0.0],[8.075,63.3208,4.1301],[8.0708,63.3229,0.0],[8.0667,63.3187,3.8931],[8.0563,63.3187,3.5412],[8.0505,63.3214,4.6033],[8.0542,63.325,0.0],[8.0583,63.325,0.0],[8.0625,63.3229,0.0],[8.0667,63.325,0.0],[8.0813,63.325,1.7856],[8.0828,63.3255,0.0],[8.0818,63.3286,0.0],[8.0875,63.3292,0.0],[8.0917,63.3271,0.0],[8.1,63.3271,6.5424],[8.1042,63.325,0.0],[8.1146,63.325,0.0],[8.125,63.3292,0.0],[8.1354,63.3292,0.0],[8.1396,63.3312,0.0],[8.1438,63.3292,0.0],[8.1516,63.3318,0.0],[8.1516,63.337,0.0],[8.1484,63.3391,0.0],[8.1563,63.3417,3.8459],[8.1667,63.3417,0.0],[8.1682,63.3422,4.409],[8.1688,63.3458,0.0],[8.1682,63.3474,0.0],[8.1625,63.35,0.0],[8.1583,63.3479,8.7623],[8.1542,63.3479,2.064],[8.1484,63.3516,0.0],[8.1646,63.3521,12.058],[8.1688,63.35,0.0],[8.1771,63.35,0.0],[8.1813,63.3521,0.0],[8.1891,63.3526,0.0],[8.1901,63.3557,0.0],[8.1953,63.3589,0.0],[8.1964,63.362,0.0],[8.2016,63.363,0.0],[8.2026,63.3682,1.7282],[8.2047,63.3703,6.4373],[8.2182,63.3714,0.0],[8.2182,63.3745,0.0],[8.2026,63.3776,0.0],[8.2026,63.3828,7.7654],[8.2307,63.3839,4.3227],[8.2208,63.3875,0.0],[8.2063,63.3854,0.0],[8.2042,63.3875,0.0],[8.2057,63.3932,0.0],[8.1938,63.3937,0.0],[8.1854,63.3979,2.6901],[8.1771,63.3979,3.6148],[8.1714,63.4005,0.0],[8.1693,63.4099,0.0],[8.1724,63.4109,0.0],[8.1755,63.4161,5.0533],[8.1786,63.4182,2.3473],[8.1729,63.4188,0.0],[8.1688,63.4167,0.0],[8.163,63.4193,0.0],[8.163,63.4245,0.0],[8.1682,63.4255,0.0],[8.1682,63.4286,0.0],[8.1583,63.4292,1.9875],[8.1526,63.4318,0.0],[8.1516,63.437,0.0],[8.1484,63.438,7.7082],[8.1495,63.4411,0.0],[8.1464,63.4422,0.0],[8.1495,63.4453,0.0],[8.1422,63.4464,4.4218],[8.1396,63.45,0.0],[8.1339,63.4505,0.0],[8.1349,63.4557,0.0],[8.1229,63.4562,17.5221],[8.1214,63.4568,15.1415],[8.1224,63.4599,0.0],[8.113,63.4609,8.3952],[8.1167,63.4646,0.0],[8.1266,63.463,0.0],[8.1297,63.4682,0.0],[8.1328,63.4693,0.895],[8.1286,63.4724,0.0],[8.1083,63.4729,0.0],[8.0922,63.4682,2.9259],[8.0896,63.4646,0.0],[8.0833,63.4646,0.0],[8.0792,63.4667,0.0],[8.0646,63.4604,7.2982],[8.0589,63.4609,0.0],[8.0578,63.4661,0.0],[8.0563,63.4667,0.0],[8.0505,63.4661,0.9489],[8.0484,63.463,0.0],[8.0516,63.4609,0.0],[8.0458,63.4604,0.0],[8.0359,63.463,0.0],[8.0292,63.4667,0.0],[8.0229,63.4646,0.0],[8.0146,63.4688,0.0],[8.0104,63.4667,0.0],[7.9875,63.4667,1.0581],[7.9854,63.4688,0.0],[7.9875,63.4708,2.2555],[7.9979,63.4708,0.0]]],
[[[8.1938,63.4083,1.794],[8.1859,63.4078,0.0],[8.1859,63.4047,2.5854],[8.1953,63.4047,0.0],[8.1953,63.4078,4.2062],[8.1938,63.4083,1.794]]],
[[[8.1734,63.4255,0.0],[8.175,63.425,0.0],[8.1766,63.4266,3.2091],[8.175,63.4271,0.0],[8.1734,63.4255,0.0]]],
[[[8.1604,63.4354,1.3476],[8.162,63.4349,1.3476],[8.1609,63.4318,0.0],[8.1625,63.4313,0.0],[8.1667,63.4333,0.0],[8.1745,63.4339,0.0],[8.1688,63.4375,0.0],[8.1589,63.437,0.0],[8.1604,63.4354,1.3476]]],
[[[8.138,63.4609,0.0],[8.1333,63.4625,0.0],[8.1312,63.4604,0.0],[8.1333,63.4583,0.0],[8.1411,63.4589,2.5378],[8.138,63.4609,0.0]]],
[[[8.1432,63.4682,0.0],[8.1354,63.4688,5.356],[8.1339,63.4672,0.0],[8.1417,63.4667,0.0],[8.1432,63.4682,0.0]]],
[[[8.0563,63.4833,0.0],[8.0578,63.4839,6.6814],[8.0578,63.4849,11.6622],[8.0547,63.4849,0.0],[8.0563,63.4833,0.0]]],
[[[8.0021,63.4896,0.0],[7.9859,63.4901,0.0],[7.9875,63.4958,0.0],[7.9854,63.4979,0.7331],[7.9813,63.4958,3.2624],[7.963,63.4932,0.0],[7.9661,63.4911,0.0],[7.9672,63.488,1.9535],[7.9849,63.4849,0.8483],[7.9896,63.4792,0.0],[8.0016,63.4797,0.0],[8.0016,63.4828,3.9066],[7.9984,63.4849,0.0],[8.0036,63.488,0.0],[8.0021,63.4896,0.0]]],
[[[8.0083,63.4958,0.0],[8.0026,63.4953,0.0],[8.0005,63.4922,1.3225],[8.0099,63.4922,0.0],[8.0099,63.4953,3.5078],[8.0083,63.4958,0.0]]],
[[[7.8172,63.3297,3.3524],[7.8203,63.3297,0.0],[7.8203,63.3307,0.5731],[7.8172,63.3307,4.6517],[7.8172,63.3297,3.3524]]],
[[[7.8203,63.3443,4.2182],[7.8203,63.3474,0.0],[7.8172,63.3474,0.0],[7.8172,63.3443,0.0],[7.8203,63.3443,4.2182]]],
[[[7.7776,63.3526,0.0],[7.7807,63.3526,0.0],[7.7807,63.3536,0.0],[7.7776,63.3536,0.0],[7.7776,63.3526,0.0]]],
[[[7.7563,63.3583,0.0],[7.7547,63.3568,1.294],[7.7578,63.3557,1.16],[7.7604,63.3521,0.6021],[7.775,63.3542,4.8786],[7.7771,63.3563,0.0],[7.7766,63.3578,0.0],[7.7708,63.3604,0.0],[7.7667,63.3583,0.0],[7.7563,63.3583,0.0]]],
[[[7.7792,63.4042,10.5092],[7.7714,63.4036,4.3403],[7.7714,63.4005,0.0],[7.7786,63.4005,0.0],[7.7807,63.4026,8.4483],[7.7792,63.4042,10.5092]]],
[[[7.8042,63.4333,0.0],[7.8026,63.4318,1.1094],[7.8057,63.4307,1.6681],[7.8083,63.4271,0.0],[7.8109,63.4307,1.0959],[7.8161,63.4318,0.0],[7.8167,63.4333,0.0],[7.8161,63.4349,2.8179],[7.8104,63.4354,0.0],[7.8042,63.4333,0.0]]],
[[[7.8563,63.4458,0.0],[7.8578,63.4474,0.0],[7.8526,63.4474,0.0],[7.8526,63.4464,0.0],[7.8563,63.4458,0.0]]],
[[[7.8016,63.4484,3.4644],[7.8,63.45,0.0],[7.7943,63.4495,1.931],[7.7958,63.4479,0.0],[7.8016,63.4484,3.4644]]],
[[[7.813,63.4526,2.3739],[7.8104,63.4542,6.4468],[7.8083,63.4521,4.7773],[7.8104,63.45,0.0],[7.8161,63.4505,5.3641],[7.813,63.4526,2.3739]]],
[[[7.8193,63.4568,2.3264],[7.8208,63.4562,0.0],[7.8224,63.4578,1.5316],[7.8208,63.4583,0.0],[7.8193,63.4568,2.3264]]],
[[[7.8417,63.4708,0.0],[7.8359,63.4682,0.8284],[7.8359,63.4651,4.1538],[7.8391,63.4651,0.0],[7.8453,63.4693,0.0],[7.8417,63.4708,0.0]]],
[[[7.8995,63.4464,0.0],[7.8995,63.4516,0.0],[7.8896,63.4542,1.3196],[7.887,63.4505,0.0],[7.8818,63.4495,0.0],[7.8875,63.4458,0.0],[7.8995,63.4464,0.0]]],
[[[7.9026,63.4526,0.0],[7.9042,63.4521,0.0],[7.9057,63.4536,0.0],[7.9042,63.4542,3.0186],[7.9026,63.4526,0.0]]],
[[[7.9766,63.5089,0.0],[7.9766,63.512,0.0],[7.9651,63.513,0.0],[7.9667,63.5187,0.0],[7.9625,63.5229,1.2286],[7.963,63.5245,0.0],[7.9682,63.5266,0.9757],[7.9651,63.5276,0.0],[7.9641,63.5307,1.2239],[7.9547,63.5286,0.0],[7.9578,63.5266,0.0],[7.9578,63.5214,0.0],[7.9484,63.5203,1.4827],[7.9521,63.5167,0.0],[7.9505,63.5109,1.851],[7.9578,63.5099,0.0],[7.9771,63.5021,1.0663],[7.9807,63.5026,1.7299],[7.9734,63.5068,0.0],[7.9766,63.5089,0.0]]]]}}