{"type":"Feature","properties":{"GID_1":"NOR.7_1","GID_0":"NOR","country":"Norway","province":"Hordaland","VARNAME_1":"Hordalandfylke|Hörðaland|Søndre","NL_NAME_1":"NA","TYPE_1":"Fylke","ENGTYPE_1":"County","CC_1":"NA","HASC_1":"NO.HO","ISO_1":"NA","name":"Hordaland.province"},
"geometry":{"type": "MultiPolygon","coordinates": [[[[5.1119,59.5213,0.0],[5.1081,59.5215,2.1684],[5.1075,59.5182,0.7264],[5.1086,59.5182,0.0],[5.1119,59.5213,0.0]]],
[[[5.1331,59.529,3.0939],[5.1319,59.5318,0.0],[5.1292,59.5315,4.2035],[5.1264,59.5268,0.0],[5.1319,59.5246,0.0],[5.1331,59.529,3.0939]]],
[[[5.1325,59.5793,0.0],[5.1331,59.581,0.0],[5.1314,59.5818,0.0],[5.1286,59.5801,0.0],[5.1297,59.5776,0.0],[5.1325,59.5793,0.0]]],
[[[5.1208,59.5876,0.0],[5.1236,59.5876,1.5017],[5.1236,59.5904,3.0334],[5.1197,59.5901,2.9775],[5.1208,59.5876,0.0]]],
[[[5.0942,59.5199,0.0],[5.0958,59.5221,0.0],[5.0897,59.5218,0.0],[5.0886,59.5176,0.0],[5.0925,59.5163,0.0],[5.0919,59.5176,0.0],[5.0942,59.5199,0.0]]],
[[[5.1092,59.6082,1.3458],[5.1081,59.6057,1.6874],[5.1097,59.6054,0.0],[5.1103,59.6085,1.3458],[5.1092,59.6082,1.3458]]],
[[[5.0986,59.606,1.4344],[5.1007999999999996,59.6065,1.9379],[5.1007999999999996,59.6101,0.8732],[5.1025,59.611,0.0],[5.0986,59.6107,0.0],[5.0975,59.606,1.4344],[5.0986,59.606,1.4344]]],
[[[5.0947,59.6129,0.5101],[5.0919,59.614,0.0],[5.0886,59.6118,0.0],[5.0919,59.611,0.0],[5.0947,59.6129,0.5101]]],
[[[5.1136,59.5899,1.9529],[5.1092,59.5921,0.0],[5.1108,59.591,0.9342],[5.1097,59.5887,0.1379],[5.1108,59.5871,0.1379],[5.1136,59.5876,1.0179],[5.1136,59.5899,1.9529]]],
[[[5.1158,59.5971,11.2629],[5.1169,59.599,0.0],[5.1153,59.5999,6.8859],[5.1092,59.5976,1.7578],[5.1097,59.5935,0.0],[5.1125,59.5938,0.0],[5.1158,59.5971,11.2629]]],
[[[5.1253,59.5996,0.6955],[5.1225,59.6018,0.0],[5.1214,59.5982,0.0],[5.1269,59.5988,0.0],[5.1253,59.5996,0.6955]]],
[[[5.1158,59.6046,0.0],[5.1186,59.6043,0.0],[5.1181,59.6057,0.0],[5.1142,59.606,0.0],[5.1119,59.6032,0.0],[5.1136,59.6029,0.6022],[5.1158,59.6046,0.0]]],
[[[5.1025,59.6151,0.0],[5.1019,59.6165,2.6538],[5.0964,59.6168,1.8166],[5.0969,59.6146,0.177],[5.0997,59.6132,0.366],[5.1025,59.6151,0.0]]],
[[[5.1075,59.6137,0.0],[5.1092,59.6149,0.0],[5.1064,59.6168,3.9626],[5.1058,59.6157,0.0],[5.1075,59.6137,0.0]]],
[[[5.0908,59.6146,0.8439],[5.0925,59.6171,0.0],[5.0881,59.6157,0.0],[5.0897,59.6137,0.0],[5.0908,59.6146,0.8439]]],
[[[5.0903,59.6479,0.0],[5.0892,59.6518,0.5743],[5.0864,59.6518,0.0],[5.0864,59.6504,3.0146],[5.0842,59.6499,3.0146],[5.0853,59.6479,0.0],[5.0903,59.6479,0.0]]],
[[[5.1036,59.6515,0.5532],[5.0975,59.6526,0.0],[5.0969,59.6493,0.0],[5.1014,59.6496,1.0567],[5.1036,59.6515,0.5532]]],
[[[5.1086,59.6551,4.4263],[5.1047,59.6563,0.0],[5.1036,59.6551,0.0],[5.1058,59.6532,0.5092],[5.1053,59.6499,0.0],[5.1125,59.6532,0.0],[5.1119,59.6551,4.4263],[5.1086,59.6551,4.4263]]],
[[[5.0992,59.6943,0.9028],[5.0914,59.6954,4.0051],[5.0853,59.6932,1.5676],[5.0881,59.6904,0.0],[5.0997,59.6865,0.0],[5.1025,59.6882,0.0],[5.0992,59.6943,0.9028]]],
[[[5.0992,59.7137,0.0],[5.1007999999999996,59.7157,0.2541],[5.0897,59.7151,0.0],[5.0869,59.7121,0.0],[5.0919,59.7099,0.0],[5.0992,59.7137,0.0]]],
[[[5.1214,59.7124,1.1945],[5.1192,59.7124,1.1945],[5.1197,59.714,0.0],[5.1175,59.7149,1.3537],[5.1131,59.711,0.4329],[5.1197,59.7082,0.0],[5.1264,59.709,3.2997],[5.1258,59.711,0.0],[5.1214,59.7124,1.1945]]],
[[[5.1269,59.7421,0.2421],[5.1286,59.7426,0.2421],[5.1281,59.7457,0.5104],[5.1253,59.744,0.5752],[5.1269,59.7421,0.2421]]],
[[[5.1136,59.7532,0.0],[5.1142,59.7546,0.6719],[5.1119,59.7557,0.0],[5.1075,59.7546,0.0],[5.1097,59.7532,0.0],[5.1136,59.7532,0.0]]],
[[[5.1197,59.7979,0.0],[5.1214,59.8001,1.908],[5.1158,59.7977,0.0],[5.1186,59.7971,0.8772],[5.1197,59.7979,0.0]]],
[[[5.0931,59.7843,1.0938],[5.0947,59.786,0.0],[5.0903,59.7851,3.498],[5.0908,59.7835,0.0],[5.0931,59.7843,1.0938]]],
[[[5.0931,59.7876,0.0],[5.0953,59.7882,0.0],[5.0953,59.7907,0.0],[5.0825,59.7885,0.0],[5.0814,59.7863,0.0],[5.0908,59.7865,0.8364],[5.0931,59.7876,0.0]]],
[[[5.0964,59.7985,0.0],[5.0919,59.7999,5.9564],[5.0925,59.7982,5.1041],[5.0892,59.7965,0.0],[5.0908,59.7943,1.2945],[5.0886,59.7926,0.0],[5.0925,59.7926,0.0],[5.0953,59.7957,0.0],[5.0942,59.7979,1.4292],[5.0964,59.7985,0.0]]],
[[[5.0792,59.7982,1.6707],[5.0758,59.7996,0.0],[5.0725,59.7965,0.6633],[5.0758,59.796,0.6641],[5.0792,59.7982,1.6707]]],
[[[5.0714,59.7749,0.0],[5.0725,59.7785,0.0],[5.0686,59.779,0.0],[5.0681,59.7765,1.6267],[5.0714,59.7749,0.0]]],
[[[5.0731,59.804,0.7995],[5.0753,59.8051,0.0],[5.0692,59.8046,1.0338],[5.0681,59.8032,0.205],[5.0708,59.8024,1.4388],[5.0731,59.804,0.7995]]],
[[[5.0597,59.8224,0.0],[5.0553,59.8235,0.0],[5.0592,59.819,1.2475],[5.0614,59.8196,0.6037],[5.0597,59.8224,0.0]]],
[[[5.0508,59.8262,1.2078],[5.0458,59.8276,0.0],[5.0458,59.8262,0.0],[5.0497,59.8246,0.4497],[5.0519,59.8251,0.4497],[5.0508,59.8262,1.2078]]],
[[[5.1175,59.8001,1.4362],[5.1186,59.8012,3.1743],[5.1153,59.8018,9.8874],[5.1125,59.7996,1.0329],[5.1147,59.799,2.8465],[5.1175,59.8001,1.4362]]],
[[[5.1114,59.801,8.6836],[5.1119,59.8026,5.888],[5.1086,59.8026,5.888],[5.1092,59.7999,0.0],[5.1114,59.801,8.6836]]],
[[[5.1131,59.8182,0.0],[5.1086,59.819,2.214],[5.1103,59.8163,0.0],[5.1125,59.8165,0.0],[5.1131,59.8182,0.0]]],
[[[5.1158,59.8215,0.0],[5.1169,59.8226,0.0],[5.1131,59.8232,3.3588],[5.1136,59.8213,5.7632],[5.1119,59.8199,2.214],[5.1142,59.8193,2.7438],[5.1158,59.8215,0.0]]],
[[[5.0825,59.8012,0.0],[5.0847,59.8024,0.0],[5.0786,59.8007,0.0],[5.0814,59.799,0.0],[5.0825,59.8012,0.0]]],
[[[5.1058,59.8124,3.3135],[5.1014,59.8132,2.0806],[5.0997,59.8099,17.5167],[5.1092,59.8074,0.0],[5.1103,59.8101,0.0],[5.1058,59.8124,3.3135]]],
[[[5.0703,59.829,0.0],[5.0686,59.831,0.0],[5.0647,59.8307,0.0],[5.0664,59.8276,0.0],[5.0692,59.8271,5.2829],[5.0681,59.8262,0.0],[5.0736,59.8226,1.9845],[5.0675,59.8221,0.0],[5.0664,59.8257,2.4081],[5.0592,59.8276,2.4911],[5.0592,59.8254,0.0],[5.0636,59.824,2.6057],[5.0631,59.8221,4.3012],[5.0653,59.8204,3.6356],[5.0619,59.8193,0.6037],[5.0658,59.8185,0.0],[5.0692,59.8151,0.6936],[5.0636,59.8129,0.0],[5.0658,59.809,2.4668],[5.0592,59.8104,2.6314],[5.0575,59.806,1.512],[5.0631,59.8046,0.7485],[5.0614,59.8029,1.2654],[5.0636,59.8026,1.2654],[5.0669,59.8054,2.1943],[5.0664,59.809,2.4668],[5.0703,59.811,0.0],[5.0675,59.8135,3.0345],[5.0753,59.8132,4.9531],[5.0747,59.8146,0.0],[5.0769,59.8146,0.0],[5.0753,59.8126,4.9531],[5.0786,59.8107,2.9834],[5.0753,59.809,2.2009],[5.0797,59.8032,0.7568],[5.0847,59.8032,0.0],[5.0864,59.8074,20.6432],[5.0897,59.8096,14.5659],[5.0947,59.8093,8.735],[5.0958,59.8068,21.0019],[5.0908,59.8068,7.7154],[5.0869,59.804,3.4999],[5.0936,59.8018,0.0],[5.0919,59.8043,4.4677],[5.0969,59.804,13.685],[5.0969,59.8024,12.2206],[5.1007999999999996,59.7999,4.1436],[5.1003,59.7982,1.2988],[5.1042,59.7971,2.1872],[5.1025,59.7999,0.6221],[5.1053,59.8007,1.1753],[5.1053,59.8021,0.0],[5.1003,59.809,0.0],[5.0953,59.8115,1.7727],[5.0914,59.8104,0.0],[5.0919,59.814,0.0],[5.0886,59.8151,29.6282],[5.0842,59.8213,0.0],[5.0703,59.829,0.0]]],
[[[5.1047,59.819,0.0],[5.0975,59.8196,0.7581],[5.1014,59.8174,0.0],[5.1047,59.8176,0.0],[5.1047,59.819,0.0]]],
[[[5.1025,59.8268,25.4513],[5.0931,59.8279,10.8141],[5.0903,59.826,0.4972],[5.0908,59.821,3.5827],[5.0892,59.819,0.0],[5.0953,59.8179,0.0],[5.0964,59.8199,0.7581],[5.0953,59.821,4.9437],[5.0986,59.8215,0.0],[5.0942,59.8229,14.8262],[5.0942,59.8257,9.0834],[5.1042,59.8221,5.4843],[5.1131,59.8238,0.0],[5.1025,59.8268,25.4513]]],
[[[5.0869,59.8288,0.0],[5.0908,59.8285,0.0],[5.0914,59.829,2.2507],[5.0875,59.8301,0.0],[5.0869,59.8288,0.0]]],
[[[5.0881,59.8718,0.0],[5.0853,59.8729,0.1739],[5.0819,59.8726,0.4109],[5.0858,59.8715,0.0],[5.0881,59.8718,0.0]]],
[[[5.0992,59.8721,9.0911],[5.1007999999999996,59.871,10.5809],[5.0981,59.8701,1.8899],[5.0992,59.8676,2.7958],[5.0953,59.8649,25.6029],[5.0869,59.8624,11.5755],[5.0858,59.864,2.4918],[5.0881,59.8657,0.0],[5.0842,59.8654,2.4918],[5.0842,59.8679,0.0],[5.0869,59.8699,11.8859],[5.0819,59.8713,7.1383],[5.0786,59.874,0.0],[5.0742,59.8721,4.559],[5.0764,59.8676,1.3837],[5.0742,59.8665,6.4545],[5.0736,59.8632,0.0],[5.0769,59.8615,0.0],[5.0736,59.8613,0.0],[5.0825,59.8587,31.874],[5.0819,59.8568,29.049],[5.0769,59.8568,14.8015],[5.0725,59.8599,0.0],[5.0736,59.8568,14.8015],[5.0725,59.8554,0.0],[5.0786,59.8524,3.9775],[5.0814,59.8535,0.0],[5.0847,59.8501,10.7855],[5.0781,59.8496,6.884],[5.0758,59.8518,11.2292],[5.0653,59.8546,5.164],[5.0603,59.8546,7.0477],[5.0569,59.8515,0.0],[5.0603,59.8515,3.2118],[5.0603,59.8476,0.9667],[5.0647,59.846,0.2896],[5.0636,59.8443,0.0],[5.0681,59.8446,2.9284],[5.0692,59.8432,0.0],[5.0731,59.8446,0.0],[5.0742,59.8485,0.0],[5.0769,59.8485,0.0],[5.0775,59.8474,11.1422],[5.0736,59.8426,6.7399],[5.0803,59.8404,2.388],[5.0808,59.8368,16.3577],[5.0769,59.8371,0.0],[5.0775,59.836,2.5156],[5.0869,59.834,5.358],[5.0925,59.8288,6.7061],[5.0953,59.8288,0.0],[5.0953,59.8299,0.0],[5.0903,59.8332,0.0],[5.0919,59.8338,0.0],[5.0914,59.8357,6.7549],[5.0942,59.8368,3.1489],[5.0964,59.8363,13.0749],[5.0953,59.8324,8.4494],[5.0969,59.8307,14.9928],[5.1092,59.8262,0.0],[5.1142,59.8271,23.3515],[5.1147,59.8304,0.0],[5.1186,59.8301,0.0],[5.1186,59.8288,0.0],[5.1214,59.8279,0.0],[5.1225,59.8301,4.7162],[5.1264,59.831,0.0],[5.1225,59.8276,0.0],[5.1225,59.8246,0.0],[5.1297,59.8251,2.9607],[5.1308,59.8276,9.3831],[5.1331,59.8282,0.0],[5.1314,59.8307,9.056],[5.1342,59.8288,0.0],[5.1375,59.829,5.8863],[5.1336,59.8279,0.0],[5.1336,59.8265,0.0],[5.1364,59.8262,0.0],[5.1364,59.8229,12.3174],[5.1258,59.819,0.0],[5.1264,59.8174,1.651],[5.1208,59.8185,11.2049],[5.1242,59.8204,0.0],[5.1231,59.8235,0.0],[5.1208,59.8218,0.0],[5.1214,59.8199,6.515],[5.1164,59.8182,0.0],[5.1175,59.8165,0.0],[5.1214,59.8171,11.2049],[5.1236,59.8157,1.265],[5.1208,59.8146,0.0],[5.1225,59.8118,0.0],[5.1275,59.8143,0.0],[5.1353,59.8129,15.5097],[5.1342,59.811,14.3627],[5.1292,59.8104,6.2794],[5.1331,59.8068,7.7756],[5.1247,59.8074,0.0],[5.1275,59.806,8.8604],[5.1253,59.8035,15.022],[5.1264,59.8004,8.3287],[5.1225,59.7996,1.908],[5.1258,59.7957,11.5921],[5.1186,59.7929,0.3126],[5.1175,59.7901,20.5098],[5.1108,59.7874,1.188],[5.1114,59.7851,6.8576],[5.1081,59.7843,1.9669],[5.1097,59.781,5.9136],[5.1053,59.7815,1.0075],[5.1042,59.7799,0.0],[5.1086,59.7785,5.3729],[5.1092,59.7801,0.0],[5.1125,59.7804,2.3745],[5.1158,59.7837,0.0],[5.1181,59.7835,2.353],[5.1186,59.7818,9.756],[5.1153,59.7821,0.0],[5.1131,59.7785,6.7579],[5.1053,59.7776,0.0],[5.1031,59.7746,0.0],[5.1081,59.7735,1.281],[5.1075,59.7704,11.1795],[5.1025,59.7699,2.0536],[5.1047,59.7693,1.1079],[5.1036,59.7674,0.0],[5.1114,59.7668,0.0],[5.1047,59.7649,1.5482],[5.1042,59.7618,0.0],[5.1086,59.7632,9.2623],[5.1075,59.7601,0.0],[5.1108,59.7599,1.8329],[5.1069,59.7571,0.7522],[5.1164,59.7588,2.0061],[5.1153,59.7624,4.3667],[5.1175,59.7626,2.4485],[5.1197,59.7626,12.2678],[5.1186,59.7576,0.0],[5.1197,59.7571,3.6038],[5.1253,59.7568,0.0],[5.1281,59.759,1.7765],[5.1303,59.7585,2.3528],[5.1281,59.7557,0.0],[5.1314,59.7518,6.1638],[5.1242,59.7487,0.5817],[5.1231,59.7465,0.0],[5.1286,59.746,0.5104],[5.1303,59.749,1.2634],[5.1353,59.7499,0.0],[5.1364,59.7524,2.4631],[5.1436,59.7526,1.856],[5.1403,59.7479,4.1913],[5.1336,59.7435,0.595],[5.1336,59.741,0.4565],[5.1347,59.739,0.393],[5.1369,59.7388,3.044],[5.1375,59.736,2.5525],[5.1236,59.7371,0.7634],[5.1247,59.7399,3.6586],[5.1236,59.7404,3.6586],[5.1175,59.7404,2.8279],[5.1136,59.7379,0.0],[5.1181,59.7354,1.9224],[5.1119,59.7337,0.0],[5.1136,59.7324,0.8988],[5.1131,59.7307,0.0],[5.1153,59.7332,0.1522],[5.1175,59.7329,3.5977],[5.1192,59.7318,6.4313],[5.1181,59.7296,0.2141],[5.1231,59.7299,2.3158],[5.1242,59.7243,0.0],[5.1275,59.7235,3.2707],[5.1214,59.7221,0.0],[5.1297,59.7204,0.0],[5.1308,59.7218,1.4234],[5.1297,59.7232,1.1582],[5.1314,59.7243,0.0],[5.1292,59.7251,2.6523],[5.1331,59.7268,0.7555],[5.1381,59.7254,0.0],[5.1431,59.7274,2.6414],[5.1442,59.7299,2.1702],[5.1386,59.7299,4.4645],[5.1408,59.7321,5.0844],[5.1447,59.7321,2.8327],[5.1431,59.7332,2.8327],[5.1442,59.7374,4.593],[5.1419,59.7415,0.0],[5.1436,59.744,3.9558],[5.1486,59.7463,1.0534],[5.1481,59.7479,1.7019],[5.1508,59.751,1.4485],[5.1475,59.7526,1.2772],[5.1486,59.754,0.9154],[5.1469,59.754,0.7726],[5.1458,59.7524,0.5088],[5.1419,59.7562,0.2874],[5.1353,59.756,1.6475],[5.1392,59.7574,3.6646],[5.1386,59.7596,2.4083],[5.1403,59.7607,2.9965],[5.1442,59.7613,0.0],[5.1469,59.7596,1.7743],[5.1497,59.7615,0.0],[5.1519,59.7679,1.1298],[5.1564,59.7693,1.2739],[5.1536,59.771,0.0],[5.1525,59.769,5.9218],[5.1508,59.7693,7.612],[5.1519,59.7738,6.2307],[5.1575,59.776,15.4296],[5.1631,59.7815,0.0],[5.1669,59.7807,19.2137],[5.1625,59.7799,7.9828],[5.1603,59.776,0.0],[5.1631,59.7757,0.0],[5.1614,59.7729,0.0],[5.1625,59.7715,5.8503],[5.1564,59.7685,0.0],[5.1575,59.7671,0.0],[5.1564,59.7657,0.0],[5.1592,59.7624,0.0],[5.1575,59.7596,0.0],[5.1608,59.7593,1.3691],[5.1642,59.7624,2.3582],[5.1658,59.7615,2.0497],[5.1653,59.7596,0.3383],[5.1675,59.7596,0.4028],[5.1708,59.7613,2.0408],[5.1686,59.7637,3.1465],[5.1742,59.7649,4.1101],[5.1714,59.7599,0.0],[5.1703,59.7524,2.015],[5.1742,59.749,7.8063],[5.1769,59.7487,0.0],[5.1792,59.751,2.1482],[5.1819,59.7504,0.0],[5.1825,59.7524,2.5724],[5.1869,59.7551,0.0],[5.1931,59.7538,0.7343],[5.1953,59.7551,0.0],[5.1942,59.7568,7.3851],[5.1969,59.7613,1.0699],[5.1997,59.7607,10.5282],[5.1981,59.7574,3.3392],[5.2008,59.7565,9.7016],[5.1986,59.7535,0.9053],[5.1986,59.7496,0.0],[5.2036,59.7507,5.3931],[5.2058,59.754,13.3966],[5.2147,59.759,11.6056],[5.2342,59.7588,25.6247],[5.2331,59.7554,0.0],[5.2353,59.7549,0.0],[5.2414,59.7576,1.602],[5.2453,59.7543,17.3624],[5.2364,59.7485,31.8955],[5.2353,59.7518,2.3061],[5.2325,59.7521,0.0],[5.2319,59.7543,0.0],[5.2253,59.7524,0.0],[5.2253,59.7546,1.0419],[5.2281,59.7551,3.3475],[5.2269,59.7576,2.8684],[5.2214,59.7574,0.0],[5.2181,59.7554,0.7551],[5.2197,59.7526,9.3875],[5.2169,59.7518,0.0],[5.2153,59.7482,6.4212],[5.2081,59.7465,0.0],[5.2119,59.7449,0.0],[5.2181,59.7476,1.0198],[5.2186,59.7493,8.8609],[5.2214,59.7493,1.6844],[5.2219,59.7476,16.1449],[5.2192,59.7457,0.0],[5.2219,59.7454,22.1186],[5.2208,59.7435,0.0],[5.2225,59.7421,8.6892],[5.2203,59.7412,1.1034],[5.2247,59.7388,13.5877],[5.2214,59.7371,0.0],[5.2108,59.7376,3.2427],[5.2064,59.7424,1.5994],[5.1992,59.7415,5.6965],[5.1986,59.7401,0.0],[5.2008,59.7393,0.0],[5.2014,59.7365,10.5883],[5.1975,59.7346,0.0],[5.2003,59.7335,25.4939],[5.1864,59.7329,1.4439],[5.1819,59.7299,0.0],[5.1814,59.7257,0.0],[5.1836,59.724,2.9622],[5.1769,59.7246,4.503],[5.1725,59.7232,4.9601],[5.1736,59.7212,2.4345],[5.1725,59.7199,13.8432],[5.1675,59.7174,1.4267],[5.1719,59.7157,0.6153],[5.1647,59.7143,6.4118],[5.1675,59.711,20.2765],[5.1647,59.7107,3.9182],[5.1647,59.7088,14.6328],[5.1625,59.7074,5.2629],[5.1631,59.7032,0.0],[5.1664,59.7012,1.9541],[5.1769,59.7001,13.6792],[5.1714,59.6993,0.0],[5.1703,59.6965,10.2778],[5.1631,59.6957,0.0],[5.1664,59.6932,25.0465],[5.1625,59.6926,0.7684],[5.1619,59.6871,7.9998],[5.1558,59.6851,1.451],[5.1558,59.6801,9.3808],[5.1536,59.6796,0.0],[5.1542,59.6771,7.1867],[5.1514,59.6754,0.0],[5.1514,59.6735,0.0],[5.1536,59.6724,7.0691],[5.1531,59.6676,0.0],[5.1586,59.6671,11.7007],[5.1625,59.6712,0.0],[5.1686,59.6724,1.6866],[5.1647,59.6685,35.4799],[5.1603,59.6668,5.2824],[5.1608,59.6643,2.6728],[5.1558,59.6615,0.0],[5.1564,59.6565,7.236],[5.1514,59.656,0.0],[5.1508,59.6526,0.0],[5.1531,59.6499,0.0],[5.1586,59.6482,0.3212],[5.1575,59.6465,0.0],[5.1614,59.6454,0.0],[5.1603,59.6429,2.9183],[5.1636,59.6418,3.5332],[5.1625,59.6368,2.9636],[5.1658,59.6326,5.5034],[5.1669,59.6263,1.2622],[5.1697,59.626,1.2622],[5.1703,59.6276,5.4601],[5.1731,59.6282,0.1699],[5.1725,59.6307,2.0581],[5.1747,59.6318,0.0],[5.1842,59.629,2.5904],[5.1825,59.6249,16.7503],[5.1708,59.621,1.2401],[5.1681,59.6171,3.336],[5.1642,59.6151,7.311],[5.1669,59.6101,0.0],[5.1725,59.611,6.3842],[5.1719,59.6085,0.0],[5.1764,59.6074,0.0],[5.1819,59.6082,0.4702],[5.1825,59.6118,0.0],[5.1858,59.6124,2.4743],[5.1836,59.6115,0.0],[5.1853,59.6101,3.9899],[5.1831,59.609,0.0],[5.1842,59.6051,22.6534],[5.1797,59.6037,0.0],[5.1797,59.6015,5.7594],[5.1719,59.5985,0.0],[5.1703,59.5932,0.0],[5.1742,59.5935,1.1977],[5.1769,59.591,0.7524],[5.1869,59.5954,0.0],[5.1947,59.5951,0.0],[5.1886,59.5915,9.7062],[5.1775,59.589,1.0627],[5.1792,59.5863,1.2107],[5.1775,59.5849,0.6861],[5.1825,59.5846,23.4423],[5.1758,59.5815,0.0],[5.1819,59.579,0.0],[5.1797,59.5768,0.0],[5.1819,59.5746,0.0],[5.2047,59.5762,2.9604],[5.2225,59.5843,0.0],[5.2253,59.5865,0.0],[5.2257999999999996,59.589,0.0],[5.2242,59.5899,0.0],[5.2257999999999996,59.5901,0.0],[5.2257999999999996,59.5921,11.2405],[5.2336,59.5951,0.0],[5.2408,59.5951,0.0],[5.2497,59.6021,7.9572],[5.2486,59.606,1.9978],[5.2497,59.6068,1.9978],[5.2475,59.6082,0.0],[5.2514,59.6107,0.0],[5.2458,59.6126,0.8336],[5.2408,59.6118,0.0],[5.2347,59.6079,2.0134],[5.2292,59.6074,1.7656],[5.2286,59.6054,17.166],[5.2181,59.604,4.468],[5.2275,59.6074,17.282],[5.2331,59.6118,1.1222],[5.2347,59.6099,0.0],[5.2358,59.6115,4.9402],[5.2447,59.614,0.0],[5.2464,59.6157,0.0],[5.2458,59.6176,3.5809],[5.2497,59.6185,1.6533],[5.2486,59.6201,13.5825],[5.2458,59.6199,5.8795],[5.2353,59.6132,10.2093],[5.2331,59.614,0.9672],[5.2342,59.616,0.0],[5.2281,59.6157,1.4421],[5.2297,59.6196,19.9509],[5.2369,59.6179,0.0],[5.2431,59.6235,3.9408],[5.2492,59.6254,0.0],[5.2481,59.626,0.0],[5.2486,59.6293,4.1752],[5.2425,59.6343,0.0],[5.2447,59.6368,0.0],[5.2369,59.639,4.3308],[5.2386,59.6418,6.6969],[5.2303,59.6432,13.9324],[5.2269,59.6463,19.1734],[5.2325,59.6482,0.0],[5.2325,59.6507,0.0],[5.2297,59.6512,23.1972],[5.2331,59.6535,0.0],[5.2308,59.6576,9.1516],[5.2358,59.6563,0.0],[5.2436,59.6568,0.0],[5.2447,59.659,4.5742],[5.2508,59.6593,3.8643],[5.2536,59.6629,2.433],[5.2586,59.6624,0.0],[5.2647,59.6654,0.0],[5.2636,59.6693,12.9911],[5.2675,59.6732,0.0],[5.2636,59.6768,8.3729],[5.2569,59.6779,0.0],[5.2608,59.681,0.0],[5.2553,59.686,2.9895],[5.2558,59.6882,5.887],[5.2514,59.6913,21.1676],[5.2547,59.6929,0.0],[5.2458,59.694,13.6845],[5.2464,59.6951,2.982],[5.2442,59.6965,0.0],[5.2486,59.7021,31.7086],[5.2503,59.7021,31.7086],[5.2503,59.7001,0.0],[5.2558,59.7004,0.0],[5.2569,59.6971,3.7063],[5.2558,59.696,1.7635],[5.2581,59.6949,0.0],[5.2647,59.696,12.9377],[5.2686,59.7001,2.1772],[5.2664,59.7046,7.271],[5.2719,59.7057,0.0],[5.2697,59.7085,15.5992],[5.2708,59.7104,5.3337],[5.2675,59.7118,9.7774],[5.2692,59.7188,3.5665],[5.2786,59.7232,0.0],[5.2786,59.7251,9.7042],[5.2592,59.7199,28.9105],[5.2581,59.7165,12.1881],[5.2542,59.7143,0.0],[5.2519,59.7101,0.0],[5.2536,59.7074,6.1484],[5.2492,59.7068,22.3607],[5.2492,59.7096,12.5454],[5.2464,59.711,0.0],[5.2486,59.7132,0.0],[5.2464,59.7137,0.0],[5.2447,59.7171,0.6924],[5.2508,59.7221,0.0],[5.2442,59.7226,0.0],[5.2442,59.7262,0.0],[5.2469,59.7274,21.719],[5.2458,59.7257,0.0],[5.2492,59.7235,0.0],[5.2519,59.7235,0.0],[5.2547,59.7257,0.0],[5.2497,59.7293,10.1091],[5.2503,59.7321,0.0],[5.2464,59.7321,0.0],[5.2481,59.7304,10.1091],[5.2469,59.7287,21.719],[5.2442,59.7296,0.0],[5.2447,59.7368,0.0],[5.2414,59.7412,6.7207],[5.2431,59.7432,0.0],[5.2425,59.746,2.887],[5.2475,59.7435,0.0],[5.2475,59.7451,0.0],[5.2519,59.746,6.9991],[5.2525,59.7424,2.3984],[5.2575,59.7424,3.1595],[5.2614,59.7438,11.5384],[5.2642,59.7482,12.099],[5.2675,59.749,15.7153],[5.2669,59.7446,4.423],[5.2703,59.7432,16.4792],[5.2686,59.739,0.0],[5.2719,59.736,21.1373],[5.2719,59.7329,7.1003],[5.2747,59.7304,0.0],[5.2736,59.7293,0.0],[5.2781,59.7285,13.2644],[5.2775,59.7268,0.0],[5.2803,59.726,2.7266],[5.2903,59.7293,0.0],[5.2931,59.7318,0.0],[5.2953,59.7262,3.3664],[5.2997,59.7251,0.0],[5.3169,59.726,0.0],[5.3158,59.7299,2.0856],[5.3097,59.7335,4.8677],[5.3053,59.7337,1.8812],[5.3036,59.731,1.8276],[5.3014,59.7321,8.2396],[5.3047,59.7365,0.0],[5.3086,59.7382,1.4268],[5.3108,59.7426,8.7218],[5.3169,59.7443,17.4307],[5.3136,59.7426,0.0],[5.3136,59.7393,0.0],[5.3186,59.7385,0.0],[5.3242,59.7349,0.0],[5.3236,59.7326,1.2404],[5.3269,59.7313,2.3425],[5.3242,59.7296,0.0],[5.3242,59.7274,0.0],[5.3297,59.7246,17.4083],[5.3269,59.7215,13.1964],[5.3297,59.7165,4.8311],[5.3403,59.7126,4.2373],[5.3369,59.7099,6.4167],[5.3386,59.7082,1.1706],[5.3375,59.7043,6.6377],[5.3297,59.7046,7.1174],[5.3275,59.7026,1.2481],[5.3314,59.6985,0.0],[5.3414,59.696,4.5752],[5.3419,59.6946,15.6732],[5.3353,59.6932,7.444],[5.3342,59.6913,1.5551],[5.3292,59.6924,0.0],[5.3197,59.6896,7.1869],[5.3175,59.6913,2.2138],[5.3169,59.694,0.0],[5.2975,59.6982,0.0],[5.2947,59.6963,9.8693],[5.2947,59.6937,14.812],[5.2925,59.6913,5.0046],[5.2964,59.6862,2.3379],[5.2919,59.6851,6.888],[5.2931,59.6826,1.1892],[5.3092,59.6885,3.1655],[5.3153,59.6874,2.7227],[5.3125,59.6846,3.274],[5.3153,59.6807,6.991],[5.3108,59.6793,1.2053],[5.3108,59.6776,9.7045],[5.3008,59.6774,0.0],[5.2981,59.6754,2.6062],[5.2997,59.6735,0.0],[5.3136,59.6729,0.0],[5.3507999999999996,59.6807,2.813],[5.3614,59.6865,0.5116],[5.3603,59.6885,1.3136],[5.3636,59.689,0.0],[5.3642,59.6907,1.011],[5.3719,59.6907,0.0],[5.3725,59.6921,0.0],[5.3692,59.6949,9.1345],[5.3864,59.6943,0.0],[5.3897,59.6974,7.3982],[5.3881,59.6999,0.5387],[5.3908,59.7004,0.0],[5.3886,59.7032,1.3196],[5.3953,59.7018,0.0],[5.3942,59.7038,3.7496],[5.3958,59.7046,0.0],[5.3903,59.7057,1.8257],[5.3953,59.7079,0.0],[5.3953,59.7118,3.1346],[5.3881,59.7096,4.2437],[5.3875,59.7107,3.2914],[5.3903,59.7124,0.0],[5.3853,59.7118,5.794],[5.3864,59.7079,15.0413],[5.3842,59.7074,2.6458],[5.3775,59.7132,0.0],[5.3753,59.7129,0.0],[5.3769,59.7101,1.3807],[5.3747,59.7099,8.0445],[5.3664,59.7151,1.6689],[5.3647,59.7143,1.6689],[5.3669,59.7124,1.4632],[5.3664,59.7107,3.1826],[5.3608,59.711,3.5324],[5.3558,59.7146,12.0432],[5.3542,59.7204,5.2021],[5.3497,59.724,0.0],[5.3503,59.7262,0.0],[5.3464,59.7265,2.5242],[5.3486,59.7279,2.0023],[5.3486,59.7321,0.0],[5.3469,59.7337,18.4769],[5.3497,59.7349,0.0],[5.3481,59.7357,0.0],[5.3481,59.7385,0.0],[5.3436,59.7404,23.0561],[5.3419,59.7424,0.0],[5.3425,59.7443,0.0],[5.3386,59.7454,23.3698],[5.3425,59.7474,0.0],[5.3381,59.7482,5.8253],[5.3442,59.7493,7.5893],[5.3436,59.7513,5.7866],[5.3486,59.7526,5.8998],[5.3486,59.7554,13.0193],[5.3381,59.759,2.2646],[5.3414,59.7607,0.0],[5.3325,59.7651,34.3391],[5.3208,59.7693,6.3182],[5.3186,59.774,13.8102],[5.3219,59.7765,0.0],[5.3186,59.7776,8.5411],[5.3203,59.781,0.0],[5.3186,59.7818,26.8679],[5.3164,59.7876,0.0],[5.3064,59.7965,0.0],[5.3042,59.8012,0.0],[5.2964,59.8046,12.4567],[5.2925,59.8099,1.8887],[5.2881,59.8118,17.7936],[5.2792,59.8107,3.1085],[5.2803,59.8074,10.4571],[5.2786,59.8051,0.0],[5.2786,59.8001,7.1028],[5.2714,59.8026,3.3956],[5.2692,59.7993,10.1159],[5.2636,59.799,0.0],[5.2625,59.7971,5.8221],[5.2642,59.7954,7.1588],[5.2631,59.7949,7.1588],[5.2614,59.7949,9.7369],[5.2614,59.7979,5.8221],[5.2497,59.8021,2.5087],[5.2525,59.804,2.286],[5.2558,59.8037,0.0],[5.2558,59.8074,0.0],[5.2514,59.8107,3.557],[5.2586,59.8085,1.7822],[5.2592,59.8065,0.0],[5.2647,59.8093,5.7049],[5.2731,59.8079,0.0],[5.2736,59.8096,2.5955],[5.2708,59.8115,2.3894],[5.2764,59.8115,3.6201],[5.2769,59.8179,4.001],[5.2608,59.8218,0.0],[5.2564,59.8207,4.2523],[5.2536,59.824,3.3195],[5.2619,59.8226,4.2759],[5.2625,59.8243,4.9924],[5.2497,59.8262,29.9889],[5.2436,59.8307,10.216],[5.2381,59.8296,0.0],[5.2431,59.8282,17.5755],[5.2414,59.8268,0.0],[5.2419,59.8249,6.5273],[5.2375,59.8262,13.9071],[5.2381,59.829,0.0],[5.2364,59.8307,0.0],[5.2392,59.8326,5.256],[5.2353,59.8363,6.6648],[5.2425,59.8346,20.0605],[5.2425,59.8324,8.8366],[5.2514,59.8324,12.1826],[5.2558,59.8301,0.0],[5.2553,59.8346,2.0551],[5.2581,59.8368,0.0],[5.2575,59.839,3.4215],[5.2614,59.839,3.2057],[5.2614,59.8401,3.2057],[5.2558,59.8462,4.5832],[5.2497,59.846,16.6236],[5.2508,59.8485,0.0],[5.2492,59.849,2.1764],[5.2492,59.8515,0.0],[5.2469,59.8515,0.0],[5.2475,59.8493,2.1764],[5.2442,59.849,0.0],[5.2436,59.851,7.1438],[5.2397,59.8521,20.0985],[5.2386,59.8549,4.1437],[5.2419,59.8557,2.2105],[5.2358,59.8593,6.3582],[5.2369,59.8613,0.0],[5.2303,59.861,2.3488],[5.2303,59.8635,2.4946],[5.2242,59.8632,10.6399],[5.2247,59.8654,0.0],[5.2214,59.8688,0.0],[5.2181,59.8685,0.0],[5.2203,59.8665,11.1678],[5.2197,59.8632,5.365],[5.2103,59.866,5.3389],[5.2053,59.8643,1.5987],[5.2092,59.8604,3.6277],[5.2136,59.8621,12.475],[5.2197,59.8601,15.1451],[5.2225,59.8621,16.359],[5.2286,59.8576,0.0],[5.2331,59.8593,6.9294],[5.2386,59.8565,1.7816],[5.2386,59.8551,4.1437],[5.2353,59.8554,8.9276],[5.2353,59.8535,31.8629],[5.2303,59.8557,0.0],[5.2319,59.8524,13.8897],[5.2347,59.851,16.5337],[5.2342,59.8496,15.2392],[5.2281,59.8515,6.9907],[5.2253,59.8479,15.2626],[5.2203,59.8476,4.059],[5.2225,59.8454,0.0],[5.2314,59.8443,0.0],[5.2303,59.8418,0.0],[5.2319,59.8404,12.6151],[5.2281,59.8393,15.9507],[5.2219,59.841,0.0],[5.2219,59.8438,0.0],[5.2186,59.8451,37.3028],[5.2158,59.8493,1.0572],[5.2247,59.8504,1.5609],[5.2242,59.8587,0.0],[5.2097,59.8593,3.6277],[5.2142,59.8546,0.0],[5.2119,59.8537,10.0307],[5.2114,59.8557,14.4873],[5.2075,59.8571,3.5245],[5.1953,59.8682,8.2075],[5.1886,59.8693,28.5264],[5.1886,59.8718,14.201599999999999],[5.1736,59.8801,17.8201],[5.1669,59.8807,0.0],[5.1681,59.879,2.3485],[5.1658,59.8774,2.324],[5.1692,59.8746,6.2609],[5.1786,59.8751,0.0],[5.1803,59.874,0.0],[5.1797,59.871,4.1356],[5.1653,59.8751,25.4656],[5.1614,59.8732,11.2499],[5.1564,59.8765,4.8031],[5.1542,59.8763,4.8031],[5.1536,59.8737,3.9381],[5.1503,59.8718,8.1108],[5.1481,59.8721,6.8477],[5.1475,59.8743,2.3622],[5.1425,59.8737,9.1308],[5.1431,59.8715,2.2601],[5.1486,59.869,5.4502],[5.1531,59.869,2.354],[5.1569,59.8649,0.0],[5.1564,59.8624,0.0],[5.1592,59.8604,9.5073],[5.1569,59.8593,0.0],[5.1569,59.8571,0.0],[5.1631,59.8488,4.4933],[5.1725,59.8446,6.3792],[5.1786,59.8393,0.0],[5.1908,59.8354,0.0],[5.1969,59.8351,0.0],[5.2025,59.8312,9.1709],[5.2036,59.8299,3.7418],[5.1997,59.8299,1.3824],[5.2031,59.8276,1.514],[5.2008,59.8238,0.0],[5.2036,59.8213,0.0],[5.2036,59.8193,1.3319],[5.2014,59.8187,4.4791],[5.1953,59.8229,4.085],[5.1914,59.8232,23.8551],[5.1914,59.8246,11.3032],[5.1847,59.8293,0.0],[5.1853,59.831,0.0],[5.1803,59.8332,0.0],[5.1786,59.8324,0.0],[5.1792,59.8307,0.0],[5.1769,59.8307,0.0],[5.1764,59.8332,0.0],[5.1714,59.8326,23.6003],[5.1669,59.8349,17.7974],[5.1647,59.8379,0.0],[5.1569,59.8326,0.0],[5.1603,59.8271,9.8316],[5.1542,59.8274,0.0],[5.1525,59.8301,0.0],[5.1492,59.8307,18.5639],[5.1492,59.8326,4.4564],[5.1458,59.834,7.0357],[5.1503,59.8387,0.0],[5.1519,59.8374,20.3743],[5.1492,59.8365,0.0],[5.1508,59.8343,0.0],[5.1481,59.8338,2.0852],[5.1531,59.8326,0.0],[5.1547,59.834,0.0],[5.1536,59.8357,3.1836],[5.1564,59.8354,0.0],[5.1592,59.8379,6.6825],[5.1564,59.841,4.4965],[5.1603,59.8407,0.0],[5.1592,59.8424,17.6453],[5.1608,59.8446,0.0],[5.1569,59.8488,7.7699],[5.1525,59.8501,5.8761],[5.1514,59.8537,14.7402],[5.1469,59.8543,29.8112],[5.1464,59.856,14.4646],[5.1481,59.8576,0.0],[5.1275,59.8651,20.7665],[5.1031,59.871,8.6902],[5.1031,59.8735,0.0],[5.1007999999999996,59.874,3.8713],[5.0992,59.8768,27.2501],[5.1003,59.8807,0.0],[5.1031,59.8812,2.9437],[5.1019,59.8771,0.0],[5.1036,59.874,2.4178],[5.1253,59.8701,0.0],[5.1208,59.8735,10.0874],[5.1231,59.8751,1.0132],[5.1292,59.8743,0.0],[5.1319,59.8779,0.0],[5.1225,59.8838,28.2374],[5.1247,59.8843,8.573],[5.1236,59.8868,10.8369],[5.1275,59.8851,0.0],[5.1308,59.8857,5.5435],[5.1286,59.8896,24.3793],[5.1197,59.8937,27.5251],[5.1125,59.8949,2.6748],[5.1108,59.8943,0.0],[5.1108,59.8899,0.0],[5.1125,59.8899,1.6718],[5.1142,59.8868,14.015],[5.1108,59.8874,0.8602],[5.1086,59.8915,0.7997],[5.1058,59.8929,1.83],[5.1019,59.8921,2.7601],[5.0981,59.8887,2.0863],[5.0986,59.8865,5.2906],[5.0942,59.8846,9.7055],[5.0886,59.8846,1.2804],[5.0897,59.8801,0.4139],[5.0836,59.8801,5.766],[5.0792,59.8776,0.0],[5.0797,59.8763,2.43],[5.0836,59.8757,3.7799],[5.0831,59.874,0.0],[5.0992,59.8721,9.0911]]],
[[[5.0475,59.8596,0.0],[5.0503,59.8601,0.0],[5.0514,59.8624,0.0],[5.0436,59.8621,0.0],[5.0475,59.8596,0.0]]],
[[[5.0447,59.8935,0.0],[5.0458,59.894,0.0],[5.0392,59.8929,0.0],[5.0431,59.8924,2.2814],[5.0453,59.8901,0.0],[5.0486,59.8907,0.5832],[5.0442,59.8921,2.2814],[5.0447,59.8935,0.0]]],
[[[5.0697,59.9079,4.6167],[5.0675,59.9101,1.3708],[5.0642,59.9099,0.0],[5.0642,59.9032,0.0],[5.0697,59.9032,0.0],[5.0714,59.9071,0.0],[5.0697,59.9079,4.6167]]],
[[[5.0875,60.0104,22.231],[5.0833,60.0104,16.3523],[5.0708,60.0146,26.7893],[5.0568,60.0141,27.0248],[5.0583,60.0125,3.4681],[5.0667,60.0125,35.1543],[5.0708,60.0104,0.0],[5.075,60.0104,17.6125],[5.0766,60.0089,0.0],[5.0589,60.0016,0.0],[5.0617,60.0011,25.6302],[5.0444,60.001,0.0],[5.0416,59.9965,0.0],[5.0447,59.994,0.0],[5.0442,59.9915,0.0],[5.0464,59.9899,0.0],[5.0503,59.991,2.4023],[5.0497,59.9885,0.0],[5.0519,59.9871,0.0],[5.0481,59.9885,3.6598],[5.0442,59.9876,0.0],[5.0525,59.9857,2.1761],[5.0564,59.9879,0.0],[5.0719,59.9849,3.5491],[5.0742,59.9818,0.0],[5.0914,59.9815,0.0],[5.0897,59.986,0.9844],[5.0936,59.9876,0.6331],[5.0942,59.9921,0.0],[5.0964,59.9938,0.0],[5.0964,59.9976,0.0],[5.0947,60.0,0.0],[5.0887,60.0,33.1692],[5.0958,60.0021,19.6786],[5.0974,60.0078,38.6199],[5.0875,60.0104,22.231]]],
[[[5.0614,59.8329,0.0],[5.0569,59.8343,0.0],[5.0597,59.8315,0.0],[5.0625,59.8315,0.0],[5.0614,59.8329,0.0]]],
[[[5.0697,59.8349,2.7841],[5.0653,59.8354,0.0],[5.0619,59.8351,0.0],[5.0708,59.8338,2.7841],[5.0697,59.8349,2.7841]]],
[[[5.0669,59.8399,0.0],[5.0658,59.8426,0.0],[5.0619,59.8421,0.0],[5.0653,59.8396,0.0],[5.0669,59.8399,0.0]]],
[[[5.0481,59.8462,0.0],[5.0503,59.8462,0.0],[5.0519,59.8474,0.0],[5.0458,59.8474,0.0],[5.0481,59.8462,0.0]]],
[[[5.0224,60.013,0.0],[5.0182,60.0161,26.8363],[5.0083,60.0187,0.0],[5.0057,60.0151,7.1912],[5.0026,60.0141,0.0],[5.0083,60.0083,0.0],[5.0125,60.0125,21.6172],[5.0224,60.013,0.0]]],
[[[5.0089,60.0276,6.2741],[5.0104,60.0271,17.0516],[5.012,60.0286,9.868],[5.0089,60.0286,9.5741],[5.0089,60.0276,6.2741]]],
[[[5.1005,60.1318,9.7994],[5.088,60.138,32.5134],[5.087,60.1411,25.7247],[5.0771,60.1417,40.527],[5.0646,60.1375,34.4958],[5.0604,60.1396,12.756],[5.0422,60.1349,7.1501],[5.0401,60.1276,8.4328],[5.0474,60.1245,14.2489],[5.0484,60.1193,20.8201],[5.0547,60.1151,5.1705],[5.0708,60.1146,0.0],[5.0724,60.1161,14.774],[5.0609,60.1224,0.0],[5.0667,60.125,0.0],[5.0833,60.125,0.0],[5.0917,60.1292,0.0],[5.0958,60.125,0.0],[5.1042,60.125,7.8406],[5.1078,60.1276,17.8323],[5.1005,60.1318,9.7994]]],
[[[5.0125,60.1729,8.3434],[5.0167,60.1729,0.0],[5.0182,60.1745,4.5453],[5.0083,60.1771,31.9738],[5.0026,60.1745,0.0],[5.0042,60.1729,0.0],[5.0125,60.1729,8.3434]]],
[[[5.0245,60.1943,0.0],[5.0229,60.1958,13.7775],[5.0172,60.1953,12.0501],[5.0188,60.1937,8.4512],[5.0245,60.1943,0.0]]],
[[[5.0911,60.2745,0.0],[5.0839,60.2755,35.2436],[5.0849,60.2786,0.0],[5.0776,60.2797,29.9016],[5.0776,60.2828,0.0],[5.0833,60.2833,26.1972],[5.0932,60.2807,0.0],[5.1063,60.2729,0.0],[5.1104,60.2729,0.0],[5.1146,60.275,30.0011],[5.1229,60.275,0.0],[5.1271,60.2729,0.0],[5.1391,60.2776,0.0],[5.1391,60.2828,17.1782],[5.1354,60.2854,14.4309],[5.1375,60.2896,0.0],[5.1339,60.2922,12.4087],[5.1333,60.3,0.0],[5.1313,60.3042,25.9847],[5.1349,60.3068,0.0],[5.1359,60.3141,0.0],[5.1411,60.3161,0.0],[5.138,60.3172,14.5238],[5.137,60.3224,21.7708],[5.1339,60.3234,40.9947],[5.1328,60.3266,9.8516],[5.1255,60.3276,50.8981],[5.1276,60.3307,0.0],[5.1307,60.3318,31.9741],[5.1307,60.3349,32.4038],[5.1234,60.3359,0.0],[5.1151,60.3401,55.9559],[5.1146,60.3417,20.3752],[5.1172,60.3495,0.0],[5.1229,60.35,17.7274],[5.1286,60.3474,29.612],[5.1297,60.3443,23.781],[5.1328,60.3432,54.5175],[5.1318,60.338,0.0],[5.1375,60.3354,0.0],[5.1417,60.3354,9.4305],[5.1458,60.3333,24.5271],[5.1599,60.338,0.0],[5.1583,60.3417,0.0],[5.162,60.3443,0.0],[5.162,60.3516,0.0],[5.1547,60.3526,33.1128],[5.1557,60.3557,0.0],[5.1526,60.3578,0.0],[5.1599,60.3589,0.0],[5.1641,60.362,0.0],[5.1604,60.3646,30.2958],[5.1625,60.3688,0.0],[5.162,60.3724,0.0],[5.1589,60.3734,29.1647],[5.1578,60.3786,26.7949],[5.1547,60.3797,69.0791],[5.1563,60.3833,0.0],[5.1557,60.387,0.0],[5.1484,60.388,50.4217],[5.1375,60.3937,29.5639],[5.1333,60.3937,29.1355],[5.1292,60.3917,45.3692],[5.1208,60.3917,0.0],[5.1099,60.3974,31.4918],[5.1068,60.3974,47.9752],[5.1057,60.3943,39.0037],[5.1026,60.3932,29.3105],[5.1057,60.3901,39.9771],[5.1026,60.388,22.7951],[5.1063,60.3854,38.2174],[5.1036,60.3797,10.8445],[5.1005,60.3797,35.2067],[5.0979,60.3833,31.0518],[5.0896,60.3833,0.0],[5.0839,60.3807,0.0],[5.0833,60.3792,27.1698],[5.088,60.3755,0.0],[5.0953,60.3745,0.0],[5.1021,60.3708,3.3845],[5.1078,60.3714,0.0],[5.1089,60.3745,0.0],[5.112,60.3745,0.0],[5.1104,60.3688,0.0],[5.1141,60.3659,14.0885],[5.1141,60.3589,0.0],[5.1083,60.3583,16.4098],[5.1057,60.362,11.0295],[5.1,60.3625,21.8421],[5.0974,60.3589,0.0],[5.0896,60.3563,8.488],[5.0849,60.3599,0.0],[5.0776,60.3609,0.0],[5.0766,60.3641,0.0],[5.0651,60.3693,34.9726],[5.063,60.3734,28.7683],[5.0589,60.3755,18.4093],[5.0578,60.3849,12.4341],[5.0547,60.3859,48.4483],[5.0557,60.3891,0.0],[5.0526,60.3901,0.0],[5.05,60.3937,0.0],[5.0443,60.3922,0.0],[5.0432,60.3995,20.7241],[5.0354,60.4042,0.0],[5.0271,60.4042,25.5136],[5.0188,60.4083,0.0],[5.013,60.4089,11.0886],[5.012,60.412,5.4275],[5.0047,60.413,3.7333],[5.0036,60.4161,0.0],[5.0005,60.4172,12.7228],[5.0026,60.4245,27.6749],[5.0057,60.4255,11.2898],[5.0068,60.4286,28.2142],[5.012,60.4318,19.0038],[5.012,60.4349,0.0],[4.9964,60.4422,18.9298],[4.9953,60.4453,0.0],[4.9922,60.4464,23.0188],[4.9891,60.4516,19.0594],[4.9859,60.4516,33.0],[4.9833,60.4479,0.0],[4.9729,60.4479,41.2712],[4.9651,60.4526,8.2977],[4.9641,60.4557,0.0],[4.9568,60.4568,10.8675],[4.9568,60.4599,8.2647],[4.9599,60.4609,9.8505],[4.9589,60.4661,10.3351],[4.962,60.4672,4.1394],[4.9625,60.475,2.2093],[4.9641,60.4776,19.7944],[4.9609,60.4797,9.5902],[4.9646,60.4833,0.0],[4.9641,60.4891,7.4654],[4.9609,60.4901,22.0943],[4.962,60.4932,0.0],[4.9521,60.4979,15.0565],[4.9396,60.4979,12.899],[4.937,60.4943,27.5877],[4.9276,60.4911,21.5426],[4.9276,60.488,14.2321],[4.9349,60.487,0.0],[4.9391,60.4839,0.0],[4.9339,60.4807,23.5641],[4.9328,60.4714,5.4367],[4.9292,60.4687,9.1675],[4.9313,60.4625,0.0],[4.9276,60.4589,26.1181],[4.9417,60.4583,0.0],[4.9557,60.4516,34.5615],[4.9542,60.4479,24.8977],[4.9547,60.4443,0.0],[4.9661,60.4391,0.0],[4.9667,60.4375,1.7754],[4.9641,60.4276,0.0],[4.9609,60.4266,5.6431],[4.9583,60.4208,0.0],[4.9589,60.4172,20.3294],[4.962,60.4161,35.3446],[4.963,60.4109,20.6774],[4.9661,60.4099,30.206],[4.9651,60.4047,0.0],[4.9724,60.4016,7.1549],[4.9693,60.3984,0.0],[4.9724,60.3974,19.137],[4.9734,60.3943,17.1674],[4.9854,60.3917,0.0],[4.9875,60.3896,7.6407],[4.9854,60.3875,16.7366],[4.9813,60.3896,0.0],[4.9672,60.3891,9.9542],[4.9651,60.3807,0.0],[4.9682,60.3786,0.0],[4.9693,60.3734,0.0],[4.975,60.3708,0.0],[4.9807,60.3703,0.0],[4.9797,60.3651,0.0],[4.9833,60.3625,31.6364],[4.9833,60.3542,16.6934],[4.9818,60.3505,0.0],[4.9849,60.3484,21.6995],[4.9792,60.3458,22.9059],[4.9734,60.3484,0.0],[4.9745,60.3557,0.0],[4.9646,60.3563,37.9833],[4.9563,60.3604,0.0],[4.9479,60.3604,0.0],[4.9318,60.3557,16.6043],[4.9313,60.3542,22.2951],[4.9318,60.3484,21.3988],[4.9474,60.3453,0.0],[4.9474,60.3422,30.8571],[4.9313,60.3417,25.605],[4.9297,60.3401,39.768],[4.9354,60.3375,0.0],[4.9495,60.3349,0.0],[4.9505,60.3276,26.7794],[4.9557,60.3266,0.0],[4.9568,60.3234,0.0],[4.9625,60.3208,9.8766],[4.9766,60.3214,15.596],[4.9797,60.3307,0.0],[4.9828,60.3318,22.1861],[4.9839,60.337,21.2189],[4.9859,60.3391,0.0],[4.9953,60.337,39.009],[4.9953,60.3339,30.9249],[4.988,60.3307,21.6179],[4.988,60.3255,8.2641],[4.9938,60.325,12.9112],[4.9979,60.3271,5.7503],[5.0036,60.3245,16.5031],[5.0068,60.3193,0.0],[5.0099,60.3182,13.6128],[5.0109,60.3151,0.0],[5.0141,60.3141,34.1792],[5.0172,60.3026,15.4898],[5.0271,60.3,0.0],[5.0354,60.3042,0.0],[5.0411,60.3016,0.0],[5.0417,60.3,4.6533],[5.0411,60.2943,5.1401],[5.0333,60.2917,12.5831],[5.0292,60.2917,31.115],[5.025,60.2938,0.0],[5.0125,60.2938,6.6644],[5.0109,60.2932,0.0],[5.0099,60.288,51.506],[5.0057,60.2859,22.0299],[5.0,60.2875,30.2769],[4.9958,60.2854,33.0512],[4.9917,60.2854,12.9609],[4.9734,60.2901,20.6241],[4.9734,60.2932,27.03],[4.9792,60.2938,0.0],[4.9807,60.2953,0.0],[4.9734,60.2964,21.2639],[4.9745,60.2995,13.732],[4.9703,60.3016,28.0255],[4.9547,60.3016,18.7916],[4.9547,60.2984,0.0],[4.9641,60.2953,0.0],[4.9625,60.2938,0.0],[4.9568,60.2932,0.0],[4.9557,60.288,14.929],[4.9505,60.2849,0.0],[4.9583,60.2771,0.0],[4.9542,60.2729,7.2124],[4.9568,60.2651,8.1615],[4.9604,60.2625,10.1455],[4.9589,60.2547,12.933],[4.9661,60.2536,14.7752],[4.9703,60.2516,25.7817],[4.9729,60.2479,29.0878],[4.9755,60.2516,13.816],[4.9813,60.2521,0.0],[4.9839,60.2484,0.0],[4.987,60.2474,30.7229],[4.987,60.2443,17.3503],[4.9839,60.2422,0.0],[4.9854,60.2396,21.8832],[4.9859,60.2297,35.5343],[4.9891,60.2286,28.0739],[4.988,60.2234,6.6766],[4.9995,60.2182,18.7418],[5.0005,60.213,28.6551],[5.0083,60.2104,0.0],[5.0125,60.2125,2.644],[5.0182,60.212,25.2653],[5.0224,60.2099,38.9663],[5.0234,60.2047,23.5888],[5.025,60.2042,6.9624],[5.0458,60.2042,0.0],[5.0516,60.2068,0.0],[5.0536,60.212,1.0899],[5.0505,60.2141,30.3354],[5.0578,60.2172,0.0],[5.0542,60.2208,20.7391],[5.0563,60.2271,0.0],[5.0557,60.2307,0.0],[5.0484,60.2339,20.5861],[5.0479,60.2354,13.7514],[5.0484,60.2391,0.0],[5.0521,60.2396,45.8054],[5.0599,60.237,0.0],[5.0609,60.2339,0.0],[5.0641,60.2328,44.2247],[5.0609,60.2307,0.0],[5.0646,60.2271,30.2558],[5.063,60.2234,0.0],[5.0703,60.2182,23.8227],[5.0714,60.213,33.5411],[5.0745,60.212,50.5793],[5.0724,60.2089,0.0],[5.0625,60.2083,0.0],[5.0526,60.2036,0.0],[5.0516,60.1984,0.0],[5.0464,60.1953,0.0],[5.0453,60.1901,15.6739],[5.0422,60.1891,0.0],[5.0401,60.1849,11.047],[5.0432,60.1828,0.0],[5.0438,60.1792,0.0],[5.0401,60.1766,0.0],[5.0391,60.1734,13.9246],[5.0339,60.1703,5.724],[5.0339,60.1651,19.4135],[5.0563,60.1646,0.0],[5.0604,60.1667,22.6812],[5.0646,60.1625,0.0],[5.0729,60.1625,20.3437],[5.0786,60.1651,19.6483],[5.0818,60.1745,14.8922],[5.0849,60.1766,0.0],[5.0776,60.1797,15.3313],[5.0766,60.1828,0.0],[5.0714,60.1859,21.4112],[5.0714,60.1911,17.915],[5.075,60.1937,3.3835],[5.0729,60.2,7.2569],[5.075,60.2021,0.0],[5.0807,60.1995,0.0],[5.0797,60.1943,0.0],[5.087,60.1911,3.0419],[5.0875,60.1854,0.0],[5.0859,60.1818,0.0],[5.1,60.175,19.2897],[5.1042,60.175,21.4777],[5.1099,60.1776,3.4819],[5.1125,60.1813,0.0],[5.1208,60.1813,11.201],[5.125,60.1792,0.0],[5.1292,60.1792,17.3939],[5.1333,60.1813,21.6271],[5.1411,60.1818,19.7639],[5.1521,60.1875,16.1409],[5.1578,60.188,0.0],[5.1583,60.1917,4.4843],[5.1563,60.1958,0.0],[5.1599,60.1995,0.0],[5.1568,60.2005,0.0],[5.1568,60.2036,9.2384],[5.1625,60.2021,12.7431],[5.1646,60.2042,18.3787],[5.1641,60.2057,0.0],[5.1589,60.2068,0.0],[5.1547,60.2099,0.0],[5.1578,60.2109,19.4799],[5.1589,60.2161,0.0],[5.162,60.2172,0.0],[5.162,60.2203,0.0],[5.1526,60.2255,9.3729],[5.1516,60.2307,0.0],[5.1464,60.2339,14.0306],[5.1453,60.2391,17.8918],[5.1422,60.2401,51.6224],[5.1411,60.2432,30.6426],[5.1339,60.2464,70.0172],[5.1307,60.2516,33.7867],[5.1276,60.2526,51.9881],[5.1266,60.2557,0.0],[5.1193,60.2589,47.2348],[5.1161,60.2641,13.5347],[5.1089,60.2651,5.7022],[5.1078,60.2682,2.4895],[5.1021,60.2708,3.4631],[5.0922,60.2693,0.0],[5.0911,60.2745,0.0]]],
[[[4.9901,60.2901,0.0],[4.9932,60.2901,0.0],[4.9932,60.2911,0.0],[4.9901,60.2911,27.4523],[4.9901,60.2901,0.0]]],
[[[4.9859,60.2922,26.3173],[4.9875,60.2917,38.3196],[4.9891,60.2932,27.235],[4.9875,60.2938,39.7531],[4.9859,60.2922,26.3173]]],
[[[3.9047,60.1839,0.0],[3.9063,60.1833,0.0],[3.9078,60.1849,0.0],[3.9047,60.1849,0.0],[3.9047,60.1839,0.0]]],
[[[4.9297,60.3068,13.6439],[4.9396,60.3042,1.9867],[4.9417,60.3063,10.9282],[4.9411,60.3078,12.9268],[4.9354,60.3104,16.3985],[4.9297,60.3068,13.6439]]],
[[[4.9578,60.3109,14.9462],[4.9563,60.3125,10.849],[4.9505,60.312,14.3775],[4.9521,60.3104,0.0],[4.9578,60.3109,14.9462]]],
[[[4.8984,60.3276,8.7815],[4.9,60.3271,0.0],[4.9016,60.3286,14.0913],[4.9,60.3292,4.5828],[4.8984,60.3276,8.7815]]],
[[[5.1325,59.8229,6.0866],[5.1336,59.8238,2.9176],[5.1314,59.8243,2.9176],[5.1286,59.8221,0.0],[5.1314,59.8221,6.0866],[5.1325,59.8229,6.0866]]],
[[[5.1197,59.8271,0.0],[5.1158,59.8276,0.0],[5.1142,59.8243,0.0],[5.1175,59.8243,0.0],[5.1197,59.8271,0.0]]],
[[[5.1292,59.8671,0.0],[5.1236,59.8676,0.0],[5.1264,59.866,6.5338],[5.1292,59.866,0.0],[5.1292,59.8671,0.0]]],
[[[5.1286,59.894,0.0],[5.1219,59.8949,0.0],[5.1247,59.8929,3.3945],[5.1286,59.8929,2.4171],[5.1286,59.894,0.0]]],
[[[5.1864,59.901,4.7974],[5.1797,59.9024,0.0],[5.1792,59.8979,0.0],[5.1825,59.8974,16.1136],[5.1819,59.8949,0.0],[5.1836,59.8918,2.8261],[5.1964,59.8887,0.0],[5.2036,59.8818,0.0],[5.2103,59.8793,0.0],[5.2081,59.8812,3.569],[5.2097,59.8851,0.0],[5.2081,59.8865,7.8843],[5.2125,59.8887,0.0],[5.2103,59.8937,0.0],[5.2081,59.8951,0.6561],[5.2064,59.8932,11.4624],[5.2036,59.8951,4.0349],[5.1997,59.8951,3.3451],[5.1953,59.8937,18.5318],[5.1931,59.8951,10.1939],[5.1942,59.8963,1.331],[5.1919,59.8993,7.3816],[5.1892,59.9012,0.0],[5.1864,59.901,4.7974]]],
[[[5.2025,59.8985,1.6799],[5.1992,59.8999,2.7399],[5.1975,59.8968,0.0],[5.2008,59.896,4.0136],[5.2031,59.8974,1.6799],[5.2025,59.8985,1.6799]]],
[[[5.1553,59.9065,6.212],[5.1525,59.9079,4.6917],[5.1486,59.9068,0.0],[5.1481,59.9012,0.0],[5.1525,59.8996,5.1226],[5.1503,59.8979,2.0154],[5.1703,59.8887,1.449],[5.1742,59.8896,0.0],[5.1725,59.8913,1.441],[5.1742,59.8918,0.0],[5.1647,59.8951,11.8198],[5.1669,59.8957,6.4962],[5.1708,59.8946,0.0],[5.1703,59.899,0.0],[5.1625,59.9046,0.0],[5.1569,59.9021,20.4026],[5.1569,59.906,6.212],[5.1553,59.9065,6.212]]],
[[[5.1414,59.9001,9.7072],[5.1369,59.9012,0.0],[5.1369,59.8974,0.0],[5.1403,59.8965,0.5389],[5.1458,59.8979,0.0],[5.1414,59.9001,9.7072]]],
[[[5.1286,59.8976,3.2667],[5.1264,59.8985,17.4725],[5.1281,59.8996,0.0],[5.1258,59.8993,0.0],[5.1219,59.8965,0.0],[5.1286,59.8957,1.0774],[5.1286,59.8976,3.2667]]],
[[[5.1242,59.9046,1.9242],[5.1214,59.9057,1.9435],[5.1186,59.9054,0.0],[5.1208,59.9043,1.8112],[5.1242,59.9046,1.9242]]],
[[[5.1136,59.9104,2.1005],[5.1114,59.9118,1.0639],[5.1092,59.9115,1.0639],[5.1142,59.9087,0.0],[5.1136,59.9104,2.1005]]],
[[[5.1314,59.9199,0.0],[5.1286,59.9218,8.0479],[5.1208,59.9204,2.368],[5.1203,59.9179,3.5642],[5.1247,59.9113,0.0],[5.1225,59.9104,11.078],[5.1142,59.9124,0.0],[5.1136,59.9113,1.4477],[5.1219,59.9079,0.6787],[5.1225,59.9063,1.9435],[5.1264,59.906,8.5119],[5.1281,59.9079,1.8259],[5.1275,59.9107,6.9855],[5.1319,59.9115,16.555],[5.1331,59.9071,6.5089],[5.1375,59.9074,9.0329],[5.1375,59.9049,0.0],[5.1408,59.9054,0.0],[5.1408,59.9076,7.4563],[5.1375,59.9087,9.0329],[5.1375,59.9113,0.0],[5.1331,59.9135,12.6416],[5.1347,59.9162,24.7135],[5.1314,59.9199,0.0]]],
[[[5.1442,59.9026,0.0],[5.1414,59.9038,0.0],[5.1392,59.9032,0.0],[5.1458,59.901,1.2437],[5.1442,59.9026,0.0]]],
[[[5.1797,59.9154,37.7296],[5.1758,59.9174,2.141],[5.1747,59.9157,12.1683],[5.1692,59.9154,0.9935],[5.1697,59.9126,4.7266],[5.1681,59.9115,2.3051],[5.1714,59.9071,2.369],[5.1747,59.9065,0.0],[5.1781,59.9096,4.8802],[5.1836,59.9068,0.0],[5.1842,59.9051,0.0],[5.1886,59.9054,0.0],[5.1897,59.9018,0.0],[5.1975,59.9015,0.0],[5.1875,59.911,4.6746],[5.1819,59.9113,13.5885],[5.1797,59.9132,30.9273],[5.1797,59.9154,37.7296]]],
[[[5.1514,59.9201,25.6068],[5.1492,59.9218,15.6018],[5.1453,59.9207,0.0],[5.1458,59.9165,4.367],[5.1419,59.9154,25.0314],[5.1425,59.9132,4.2057],[5.1469,59.9113,0.3857],[5.1464,59.9096,0.0],[5.1497,59.909,0.0],[5.1514,59.9107,5.5172],[5.1503,59.9132,0.0],[5.1558,59.9165,0.0],[5.1514,59.9201,25.6068]]],
[[[5.2053,59.9154,0.0],[5.2047,59.9176,0.0],[5.2025,59.9174,0.0],[5.2025,59.9157,5.3799],[5.2053,59.9154,0.0]]],
[[[5.0828,59.9071,0.0],[5.0797,59.9087,7.3487],[5.0797,59.9113,0.0],[5.0786,59.9113,1.2852],[5.0781,59.9074,0.0],[5.0825,59.9063,1.4334],[5.0825,59.9049,2.2615],[5.0758,59.9049,6.6128],[5.0714,59.8996,23.4066],[5.0653,59.9001,6.6735],[5.0542,59.8963,0.0],[5.0536,59.8935,0.0],[5.0575,59.8946,6.0767],[5.0581,59.8896,1.3572],[5.0608,59.8885,5.2361],[5.0564,59.8876,0.1845],[5.0569,59.8846,2.7243],[5.0542,59.8838,0.0],[5.0547,59.8818,0.0],[5.0631,59.881,0.968],[5.0731,59.8826,0.0],[5.0742,59.884,8.2561],[5.0797,59.8832,0.0],[5.0853,59.8871,14.4865],[5.0925,59.8893,0.0],[5.0908,59.891,22.8835],[5.0919,59.8974,8.6435],[5.0953,59.8954,4.8892],[5.0953,59.8932,4.2278],[5.0931,59.8921,0.0],[5.0958,59.8901,0.0],[5.1053,59.8946,0.0],[5.1007999999999996,59.8976,10.0673],[5.1019,59.8993,9.988],[5.1047,59.899,21.109],[5.1053,59.8965,0.0],[5.1097,59.8963,0.0],[5.1208,59.899,6.1993],[5.1225,59.9007,23.5809],[5.1042,59.9082,0.0],[5.1014,59.9063,8.2788],[5.0964,59.9071,1.757],[5.0964,59.9038,32.3934],[5.0919,59.9032,9.829],[5.0953,59.9004,19.1655],[5.0903,59.8993,6.0207],[5.0836,59.9026,17.3817],[5.0853,59.906,0.0],[5.0828,59.9071,0.0]]],
[[[5.0875,60.0417,6.664],[5.0818,60.0432,9.2253],[5.0818,60.038,16.4739],[5.0891,60.038,0.0],[5.0891,60.0411,0.0],[5.0875,60.0417,6.664]]],
[[[5.0859,60.0453,9.3115],[5.0859,60.0443,11.0727],[5.0891,60.0443,19.1999],[5.0891,60.0453,22.4183],[5.0859,60.0453,9.3115]]],
[[[5.0776,60.0661,13.7884],[5.0854,60.0583,0.0],[5.0979,60.0583,0.0],[5.1021,60.0625,0.0],[5.1016,60.0661,0.0],[5.0917,60.0708,23.1309],[5.0875,60.0708,14.3901],[5.0776,60.0661,13.7884]]],
[[[5.1042,60.0896,3.8546],[5.1104,60.0854,8.4388],[5.1141,60.088,8.6822],[5.1146,60.0917,8.0183],[5.1141,60.0932,17.1129],[5.1042,60.0979,0.0],[5.0943,60.0974,20.309],[5.0943,60.0943,0.0],[5.0974,60.0932,0.0],[5.0984,60.0901,10.5099],[5.1042,60.0896,3.8546]]],
[[[5.0771,60.4333,31.1599],[5.0792,60.4354,30.518],[5.0771,60.4375,8.8917],[5.075,60.4354,25.7882],[5.0771,60.4333,31.1599]]],
[[[5.0021,60.5438,28.0595],[4.9979,60.5458,0.0],[4.988,60.5464,9.2961],[4.987,60.5495,4.6463],[4.9755,60.5547,33.8014],[4.9745,60.5578,23.0725],[4.9682,60.562,24.1462],[4.9609,60.562,2.7652],[4.963,60.5589,10.652],[4.9661,60.5578,27.9326],[4.9672,60.5505,3.6088],[4.9729,60.5479,0.0],[4.9786,60.5474,16.5855],[4.9807,60.5453,4.3488],[4.9818,60.5339,21.7327],[4.9974,60.5307,16.5492],[5.0005,60.5276,0.0],[5.0078,60.5245,30.1245],[5.0089,60.5172,16.8013],[5.0146,60.5146,22.2129],[5.0203,60.5141,35.5395],[5.0193,60.5109,0.0],[5.0224,60.5099,13.0],[5.0234,60.5068,1.1987],[5.0292,60.5042,40.8503],[5.0432,60.5036,11.1111],[5.0443,60.4984,11.8307],[5.0521,60.4938,14.125],[5.0604,60.4938,4.6982],[5.0708,60.5,7.6464],[5.075,60.4979,0.0],[5.0891,60.4974,0.0],[5.0922,60.4922,0.0],[5.0953,60.4911,37.3342],[5.0896,60.4875,28.5059],[5.0797,60.487,9.0252],[5.0771,60.4833,0.0],[5.0729,60.4833,27.7792],[5.0661,60.487,19.6468],[5.063,60.487,17.5023],[5.063,60.4839,0.0],[5.0661,60.4818,16.9694],[5.0609,60.4807,0.0],[5.0604,60.4771,0.0],[5.0641,60.4745,4.5127],[5.0646,60.4708,0.0],[5.0589,60.4651,10.6473],[5.0646,60.4646,11.0955],[5.0724,60.4672,0.0],[5.075,60.4708,0.0],[5.0771,60.4688,26.8605],[5.0755,60.4651,18.4716],[5.0771,60.4646,18.4716],[5.0896,60.4646,20.1497],[5.0938,60.4667,25.4718],[5.1042,60.4667,0.0],[5.1083,60.4688,16.8273],[5.1182,60.4682,0.0],[5.1141,60.4651,37.1623],[5.1005,60.462,36.8222],[5.0911,60.4568,0.0],[5.0839,60.4557,12.0315],[5.0807,60.4505,9.0506],[5.0734,60.4453,13.9675],[5.0734,60.4422,17.7841],[5.0792,60.4396,3.6338],[5.0849,60.4401,2.9642],[5.0875,60.4437,0.0],[5.0917,60.4437,0.0],[5.0958,60.4417,2.4859],[5.1125,60.4417,18.7491],[5.1146,60.4437,11.8495],[5.1109,60.4464,27.6767],[5.1109,60.4495,4.5775],[5.1167,60.45,0.0],[5.1182,60.4495,0.0],[5.1193,60.4443,0.0],[5.1208,60.4437,0.0],[5.1583,60.4437,18.1252],[5.1724,60.437,0.0],[5.1682,60.4339,24.901],[5.163,60.4328,13.8565],[5.163,60.4297,2.4688],[5.1661,60.4286,0.0],[5.1661,60.4255,46.4714],[5.1563,60.425,0.0],[5.1521,60.4271,6.896],[5.1479,60.4271,43.8926],[5.1422,60.4245,26.3611],[5.1417,60.4229,16.36],[5.1443,60.4172,0.0],[5.1474,60.4161,53.5759],[5.1484,60.4109,6.5526],[5.162,60.4036,59.1738],[5.163,60.3964,0.0],[5.1729,60.3917,26.4165],[5.1786,60.3922,0.0],[5.1797,60.3953,0.0],[5.1828,60.3964,16.0768],[5.1854,60.4,10.5251],[5.1937,60.4,0.0],[5.1979,60.3979,28.4741],[5.2104,60.3979,0.0],[5.213,60.4016,32.3926],[5.2266,60.4047,0.0],[5.2391,60.4109,0.0],[5.2422,60.4141,0.0],[5.2479,60.4125,0.0],[5.2536,60.413,0.0],[5.2536,60.4161,0.0],[5.2505,60.4172,0.0],[5.2495,60.4203,0.0],[5.2422,60.4234,2.7179],[5.2432,60.4307,0.0],[5.2401,60.4318,0.0],[5.2391,60.4349,0.0],[5.2318,60.4359,37.0008],[5.2297,60.4401,14.601],[5.2328,60.4432,0.0],[5.2297,60.4443,25.4865],[5.2297,60.4516,0.0],[5.2391,60.4547,0.0],[5.2396,60.4562,0.0],[5.2359,60.4589,32.4031],[5.2349,60.462,25.0926],[5.2276,60.4651,0.0],[5.2286,60.4682,0.0],[5.2255,60.4693,17.7284],[5.2245,60.4786,0.0],[5.2214,60.4797,18.7006],[5.2224,60.4828,0.0],[5.2099,60.4891,0.0],[5.1901,60.4943,11.8277],[5.1771,60.5021,0.0],[5.1604,60.5021,11.4879],[5.1563,60.5042,10.9217],[5.1521,60.5021,35.7619],[5.1479,60.5021,0.0],[5.138,60.5068,39.7909],[5.137,60.5099,15.578],[5.1255,60.5109,30.6168],[5.1099,60.5203,3.7467],[5.1,60.5229,1.4298],[5.088,60.5182,0.0],[5.087,60.5151,7.1732],[5.0812,60.5146,0.0],[5.0755,60.5172,8.288],[5.0724,60.5224,0.0],[5.0641,60.5266,26.6238],[5.0542,60.5271,9.8277],[5.05,60.5292,9.2127],[5.0333,60.5292,0.0],[5.0276,60.5318,18.8705],[5.0266,60.5349,0.0],[5.0182,60.5391,12.8424],[5.0109,60.5401,53.4755],[5.0062,60.5438,0.0],[5.0021,60.5438,28.0595]]],
[[[5.0833,60.6042,0.0],[5.0854,60.6063,40.2997],[5.0818,60.6089,0.0],[5.0813,60.6125,0.0],[5.075,60.6125,8.5469],[5.0693,60.6099,33.0175],[5.0693,60.6068,0.0],[5.0792,60.6063,37.6665],[5.0833,60.6042,0.0]]],
[[[5.1161,60.0839,27.5297],[5.1161,60.0849,22.9674],[5.113,60.0849,19.2226],[5.113,60.0839,21.8324],[5.1161,60.0839,27.5297]]],
[[[4.9813,60.6083,22.98],[4.9745,60.612,20.6127],[4.9646,60.6146,6.3448],[4.9563,60.6146,7.9745],[4.9505,60.612,32.8601],[4.95,60.6104,48.9799],[4.9505,60.6068,40.4391],[4.9536,60.6057,16.2401],[4.9526,60.6026,0.0],[4.9599,60.6016,1.2213],[4.9693,60.5964,16.3595],[4.975,60.5958,28.7395],[4.9833,60.5917,0.0],[4.9932,60.5911,0.0],[4.9943,60.588,0.0],[5.0016,60.5849,22.1303],[5.0047,60.5818,0.0],[5.012,60.5807,29.6412],[5.013,60.5776,0.0],[5.0161,60.5766,17.1138],[5.0161,60.5714,1.8461],[5.0104,60.5729,20.7822],[5.0078,60.5693,7.8263],[5.0,60.5687,17.2494],[4.9984,60.5672,20.6935],[5.0068,60.563,0.0],[5.0141,60.562,16.8086],[5.0151,60.5568,0.0],[5.0208,60.5542,0.0],[5.025,60.5563,9.3773],[5.0349,60.5557,6.2176],[5.0297,60.5526,7.1832],[5.0354,60.55,0.0],[5.0411,60.5495,10.321],[5.0453,60.5474,13.949],[5.0464,60.5443,0.0],[5.0521,60.5417,21.2875],[5.0563,60.5417,26.0757],[5.0604,60.5396,16.1577],[5.0688,60.5396,23.2257],[5.0729,60.5375,0.0],[5.0854,60.5375,0.0],[5.0896,60.5396,14.4995],[5.0995,60.537,19.7239],[5.1104,60.5313,0.0],[5.1146,60.5333,34.7112],[5.1188,60.5313,0.0],[5.1286,60.5307,32.4048],[5.1333,60.5271,0.0],[5.1375,60.5292,40.4119],[5.1417,60.5271,0.0],[5.1625,60.525,53.2756],[5.1734,60.5193,0.0],[5.1875,60.5167,78.7619],[5.2,60.5104,0.0],[5.2083,60.5104,40.3226],[5.2208,60.5062,0.0],[5.2432,60.5089,0.0],[5.2443,60.512,0.0],[5.2474,60.513,4.474],[5.2495,60.5172,0.0],[5.2464,60.5193,21.4681],[5.2458,60.5229,56.3876],[5.2495,60.5255,0.0],[5.2505,60.5286,0.0],[5.2625,60.5333,14.1117],[5.2667,60.5313,0.0],[5.2724,60.5339,0.0],[5.2729,60.5354,0.0],[5.2723,60.5412,10.2585],[5.2646,60.5458,30.7666],[5.2563,60.5458,23.336],[5.2521,60.5479,15.7325],[5.2354,60.5479,119.0642],[5.2313,60.55,0.0],[5.2214,60.5505,36.5569],[5.2203,60.5557,0.0],[5.2146,60.5583,8.5665],[5.2089,60.5589,55.2827],[5.2057,60.562,11.2595],[5.1807,60.5745,0.0],[5.1734,60.5755,32.7977],[5.1745,60.5786,0.0],[5.1578,60.587,17.0809],[5.1521,60.5875,37.2223],[5.1438,60.5917,41.5794],[5.1229,60.5938,16.1329],[5.1188,60.5958,0.0],[5.1146,60.5938,49.2206],[5.1104,60.5958,25.2624],[5.0979,60.5958,25.7765],[5.0938,60.5979,25.8867],[5.0771,60.5979,17.5303],[5.0672,60.6005,0.0],[5.0641,60.6057,0.0],[5.05,60.6125,19.7761],[5.0417,60.6125,47.0336],[5.0333,60.6083,21.6489],[5.0188,60.6083,12.9795],[5.0146,60.6042,10.3446],[5.0104,60.6063,0.0],[5.0062,60.6042,13.4984],[5.0021,60.6063,0.0],[4.9896,60.6063,0.0],[4.9854,60.6083,0.0],[4.9813,60.6083,22.98]]],
[[[5.1172,60.6766,8.8463],[5.1172,60.6755,14.494],[5.1208,60.675,19.4298],[5.1203,60.6766,17.8599],[5.1172,60.6766,8.8463]]],
[[[5.125,60.6917,0.0],[5.113,60.6943,25.7837],[5.0979,60.7021,2.2478],[5.0896,60.7021,0.0],[5.0875,60.7,3.0988],[5.0922,60.6964,6.1966],[5.0995,60.6953,9.6498],[5.1026,60.6922,0.0],[5.1099,60.6911,16.2903],[5.125,60.6833,0.0],[5.1292,60.6833,18.8252],[5.1333,60.6813,0.0],[5.1474,60.6818,24.0758],[5.1458,60.6833,12.3348],[5.1401,60.6839,7.681],[5.1391,60.687,15.3038],[5.1349,60.6891,11.3333],[5.125,60.6917,0.0]]],
[[[5.1068,60.6807,11.7622],[5.1083,60.6792,0.0],[5.1099,60.6797,0.0],[5.1083,60.6813,17.0402],[5.1068,60.6807,11.7622]]],
[[[5.1026,60.6828,17.216],[5.1042,60.6813,16.5951],[5.1057,60.6818,18.0703],[5.1057,60.6828,14.6611],[5.1026,60.6828,17.216]]],
[[[5.0708,60.6875,0.0],[5.0745,60.6828,11.5394],[5.0745,60.6797,0.0],[5.0688,60.6792,15.381],[5.0589,60.6839,11.0159],[5.0604,60.6896,0.0],[5.0568,60.6922,10.141],[5.0557,60.6974,0.0],[5.0526,60.6984,26.1425],[5.0536,60.7016,0.0],[5.0464,60.7047,28.4293],[5.0453,60.7078,0.0],[5.037,60.712,1.1728],[5.0313,60.7125,5.7918],[5.0214,60.7172,0.0],[5.0193,60.7203,0.0],[5.0266,60.7214,9.8176],[5.0266,60.7245,12.3798],[5.0167,60.7271,11.319],[5.0109,60.7266,15.9105],[5.0141,60.7234,0.0],[5.0042,60.7229,25.8541],[4.975,60.7313,0.0],[4.9729,60.7313,0.0],[4.9729,60.7292,0.0],[4.9583,60.7292,15.0537],[4.9542,60.7271,0.0],[4.95,60.7292,0.0],[4.9417,60.7292,14.5144],[4.9391,60.7328,0.0],[4.9333,60.7333,12.4195],[4.9266,60.737,0.0],[4.9083,60.7417,5.5877],[4.9021,60.7417,3.2909],[4.9021,60.7396,13.8464],[4.9057,60.7391,18.9342],[4.9063,60.7375,7.1877],[4.9057,60.7359,24.6408],[4.9005,60.7349,0.0],[4.9036,60.7328,0.0],[4.9021,60.7313,17.192],[4.8964,60.7318,37.6529],[4.8854,60.7375,0.0],[4.8729,60.7375,2.6328],[4.8708,60.7354,0.0],[4.8729,60.7333,0.0],[4.8786,60.7349,0.0],[4.887,60.7307,27.5744],[4.888,60.7276,0.0],[4.8953,60.7266,23.0224],[4.8964,60.7234,0.0],[4.9099,60.7203,0.0],[4.9099,60.7172,8.6316],[4.8958,60.7167,9.7304],[4.8917,60.7125,0.0],[4.8693,60.7161,10.5277],[4.8693,60.713,13.1885],[4.8745,60.7099,5.566],[4.8755,60.7068,2.5844],[4.8995,60.7036,0.0],[4.8995,60.7005,4.0976],[4.8922,60.6995,6.8433],[4.8901,60.6943,0.0],[4.9,60.6917,0.0],[4.9063,60.6958,0.0],[4.9161,60.6953,10.1341],[4.9151,60.6901,21.6272],[4.9208,60.6875,0.0],[4.9349,60.6849,9.8605],[4.9359,60.6818,0.0],[4.9432,60.6786,0.0],[4.9422,60.6734,8.2395],[4.9505,60.6693,0.0],[4.9578,60.6682,27.6434],[4.9589,60.6651,0.0],[4.9672,60.6609,0.0],[5.0036,60.6557,15.4825],[5.0068,60.6464,10.4385],[5.0104,60.6437,3.1325],[5.0089,60.6359,0.0],[5.0188,60.6333,0.0],[5.0229,60.6354,1.5066],[5.0271,60.6333,0.0],[5.0396,60.6333,10.6623],[5.0438,60.6292,0.0],[5.0479,60.6292,0.0],[5.0521,60.6271,0.0],[5.0646,60.6271,20.3585],[5.0729,60.6229,0.0],[5.0786,60.6224,19.144],[5.0797,60.6193,0.0],[5.0833,60.6167,34.5709],[5.0813,60.6125,0.0],[5.0917,60.6083,0.0],[5.1,60.6083,16.0416],[5.1042,60.6063,0.0],[5.1458,60.6063,0.0],[5.1526,60.6026,0.0],[5.1599,60.6016,57.5588],[5.1641,60.5995,76.4948],[5.1651,60.5964,18.4374],[5.187,60.5849,42.6356],[5.188,60.5818,0.0],[5.1979,60.5771,0.0],[5.2036,60.5766,37.5325],[5.2099,60.5724,22.1021],[5.2151,60.5651,0.0],[5.2292,60.5667,7.5279],[5.2458,60.5583,0.0],[5.25,60.5583,18.4593],[5.2604,60.5542,0.0],[5.2703,60.5536,0.0],[5.2745,60.5516,0.0],[5.2755,60.5443,16.2721],[5.2813,60.5417,33.81],[5.2953,60.5422,0.0],[5.2995,60.5443,9.3933],[5.3005,60.5474,39.8582],[5.3078,60.5484,0.0],[5.3109,60.5536,0.0],[5.325,60.5563,0.0],[5.3396,60.5625,0.0],[5.3438,60.5625,0.0],[5.3479,60.5646,63.9199],[5.3771,60.5646,0.0],[5.3828,60.5672,0.0],[5.3849,60.5693,0.0],[5.3849,60.5724,5.9422],[5.3776,60.5755,12.8408],[5.3766,60.5786,0.0],[5.3734,60.5797,0.0],[5.3745,60.5849,0.0],[5.3672,60.5901,12.9868],[5.3672,60.5932,0.0],[5.3813,60.5938,0.0],[5.3979,60.5854,0.0],[5.4063,60.5854,0.0],[5.412,60.5891,0.0],[5.4068,60.5922,0.0],[5.4057,60.5974,0.0],[5.4026,60.5984,5.8973],[5.4026,60.6016,0.0],[5.4042,60.6021,0.0],[5.4167,60.6,3.1451],[5.425,60.5958,0.0],[5.4333,60.5958,0.0],[5.4417,60.6,13.1842],[5.4479,60.6,0.0],[5.4547,60.6036,1.3612],[5.462,60.6047,0.0],[5.463,60.6078,21.8075],[5.4724,60.6109,0.0],[5.4734,60.6182,0.0],[5.4807,60.6193,0.0],[5.4854,60.6229,3.9468],[5.4953,60.6234,0.0],[5.4964,60.6286,9.8128],[5.4979,60.6292,0.0],[5.5188,60.6292,0.0],[5.5313,60.625,0.0],[5.5458,60.625,0.0],[5.5484,60.6286,0.0],[5.5583,60.6292,0.0],[5.5682,60.6339,0.0],[5.5714,60.6391,107.1985],[5.5839,60.6453,57.6819],[5.5932,60.6464,0.0],[5.5943,60.6557,44.5026],[5.5995,60.6568,0.0],[5.6,60.6583,88.8328],[5.6,60.6667,0.0],[5.5979,60.6708,0.0],[5.6021,60.675,98.3005],[5.5984,60.6776,95.0963],[5.5995,60.6828,52.2399],[5.5964,60.6828,53.6469],[5.5917,60.6792,0.0],[5.5859,60.6818,128.8917],[5.587,60.6849,0.0],[5.5828,60.687,41.8823],[5.5755,60.687,62.1787],[5.5776,60.6714,88.0265],[5.5875,60.6646,46.14],[5.5839,60.662,0.0],[5.5828,60.6589,0.0],[5.5797,60.6589,0.0],[5.5745,60.6661,0.0],[5.5714,60.6672,27.9557],[5.5724,60.6724,0.0],[5.5651,60.6755,147.9683],[5.5641,60.6849,0.0],[5.5589,60.688,19.6224],[5.5578,60.6911,0.0],[5.5505,60.6943,243.6754],[5.5505,60.6995,0.0],[5.5583,60.7,0.0],[5.5625,60.6979,0.0],[5.5875,60.6979,0.0],[5.5943,60.7016,112.8612],[5.6,60.7021,65.0469],[5.612,60.7068,0.0],[5.613,60.7099,78.2098],[5.6161,60.7109,54.1553],[5.6193,60.7161,3.302],[5.6333,60.7167,0.0],[5.6359,60.7203,7.3867],[5.6547,60.7286,0.0],[5.662,60.7276,46.036],[5.6703,60.7318,0.0],[5.6724,60.7339,0.0],[5.6734,60.7391,0.0],[5.687,60.7464,0.0],[5.688,60.7516,39.2419],[5.6922,60.7536,0.0],[5.6943,60.7578,0.0],[5.7016,60.7589,0.0],[5.7026,60.7641,162.6708],[5.7104,60.7667,208.3891],[5.7146,60.7646,0.0],[5.7271,60.7646,2.3124],[5.7292,60.7625,31.857],[5.7266,60.7589,0.0],[5.7208,60.7562,26.4616],[5.7068,60.7599,0.0],[5.7057,60.7568,115.6779],[5.7026,60.7557,0.0],[5.7005,60.7516,0.0],[5.7036,60.7495,31.3033],[5.7036,60.7422,317.8311],[5.6943,60.7411,52.0285],[5.6818,60.7349,31.4794],[5.6792,60.7292,128.0164],[5.6786,60.7234,455.8333],[5.6693,60.7203,35.1524],[5.6687,60.7125,47.2924],[5.6724,60.7099,170.1129],[5.6714,60.7047,0.0],[5.6797,60.7005,5.8386],[5.6896,60.7,0.0],[5.6937,60.7021,0.0],[5.6979,60.7021,65.2522],[5.7021,60.7,0.0],[5.7104,60.7,0.0],[5.7146,60.7021,172.2331],[5.7229,60.6979,75.6312],[5.7271,60.6979,0.0],[5.7312,60.7,0.0],[5.75,60.7,112.1007],[5.7542,60.6979,0.0],[5.7599,60.7005,0.0],[5.7609,60.7057,14.6335],[5.7703,60.7109,0.0],[5.7714,60.7141,20.8696],[5.7745,60.7151,0.0],[5.7776,60.7203,0.0],[5.7807,60.7214,0.0],[5.7859,60.7286,0.0],[5.7911,60.7318,31.7235],[5.7922,60.7349,0.0],[5.7953,60.7349,0.0],[5.7958,60.7313,0.0],[5.7932,60.7255,121.5416],[5.7859,60.7224,0.0],[5.7828,60.7151,89.4516],[5.7797,60.7141,88.1744],[5.7786,60.7068,168.6706],[5.7734,60.7057,0.0],[5.7724,60.7026,67.5104],[5.7651,60.6995,30.6615],[5.763,60.6974,9.8784],[5.762,60.6922,70.9411],[5.7521,60.6896,39.444],[5.7479,60.6896,6.7298],[5.7438,60.6917,40.3658],[5.7359,60.687,0.0],[5.7391,60.6849,0.0],[5.7401,60.6818,66.8781],[5.7432,60.6807,194.7759],[5.7417,60.6792,191.859],[5.7318,60.6797,42.7879],[5.7307,60.6828,0.0],[5.7193,60.688,50.1259],[5.7203,60.6911,0.0],[5.713,60.6922,53.6067],[5.7021,60.6979,158.0731],[5.6979,60.6979,203.202],[5.6896,60.6937,39.5272],[5.6776,60.6911,0.0],[5.675,60.6875,0.0],[5.6724,60.6911,0.0],[5.6693,60.6922,145.6781],[5.6682,60.6953,95.4624],[5.6563,60.7021,168.7753],[5.6438,60.7021,106.9535],[5.6396,60.7,160.4606],[5.6333,60.7,90.73],[5.6276,60.6974,150.1516],[5.6266,60.6943,224.9191],[5.613,60.6891,218.2642],[5.613,60.6859,182.5817],[5.6146,60.6854,197.0583],[5.6271,60.6854,0.0],[5.6297,60.6891,17.1741],[5.6375,60.6896,49.1845],[5.6411,60.687,0.0],[5.6417,60.6833,191.4167],[5.6411,60.6818,168.5197],[5.6276,60.6745,187.6098],[5.6266,60.6714,266.2075],[5.613,60.6661,53.3906],[5.6203,60.662,36.4984],[5.6203,60.6589,127.73],[5.613,60.6557,32.8906],[5.6099,60.6505,0.0],[5.6026,60.6474,0.0],[5.6005,60.6422,6.4924],[5.6042,60.6396,226.918],[5.6005,60.637,257.6822],[5.5995,60.6339,214.3213],[5.5901,60.6307,207.7956],[5.5896,60.625,74.7495],[5.5932,60.6214,64.137],[5.5854,60.6188,5.8477],[5.5729,60.6188,31.94],[5.5661,60.6151,32.3951],[5.5589,60.6141,60.4917],[5.5542,60.6104,0.0],[5.55,60.6104,40.6271],[5.5458,60.6125,91.6376],[5.5292,60.6125,17.6472],[5.525,60.6104,89.4332],[5.5083,60.6104,17.1117],[5.5026,60.6078,26.2087],[5.5005,60.6047,0.0],[5.512,60.6036,2.8079],[5.5125,60.5979,0.0],[5.5104,60.5958,0.0],[5.4979,60.6,20.6226],[5.4839,60.5995,43.055],[5.4828,60.5964,50.3967],[5.4776,60.5953,0.0],[5.4807,60.5922,93.6222],[5.4776,60.5911,115.1034],[5.4771,60.5854,52.8491],[5.4745,60.5797,0.0],[5.463,60.5828,33.2722],[5.4589,60.5807,15.1382],[5.462,60.5786,11.2262],[5.462,60.5755,0.0],[5.4563,60.5729,11.4343],[5.4484,60.5724,0.0],[5.4474,60.5693,0.0],[5.4443,60.5682,27.0531],[5.4443,60.563,17.8394],[5.4474,60.562,38.4619],[5.4464,60.5589,0.0],[5.4578,60.5536,0.0],[5.4589,60.5484,0.0],[5.4641,60.5453,0.0],[5.4641,60.5422,0.0],[5.4609,60.5422,0.0],[5.4526,60.5464,0.0],[5.4536,60.5495,0.0],[5.4464,60.5526,0.0],[5.4453,60.5557,0.0],[5.4411,60.5578,0.0],[5.4313,60.5604,2.435],[5.4229,60.5604,0.0],[5.413,60.5578,28.7537],[5.4063,60.5542,0.0],[5.3958,60.5542,0.0],[5.3891,60.5505,17.7797],[5.3792,60.5479,60.3237],[5.3583,60.5479,0.0],[5.3542,60.5458,6.0124],[5.3479,60.5458,0.0],[5.3417,60.5396,0.0],[5.3458,60.5354,56.3561],[5.3443,60.5318,0.0],[5.3542,60.5271,0.0],[5.3599,60.5266,53.5443],[5.3609,60.5234,0.0],[5.3833,60.5187,0.0],[5.3896,60.5146,0.0],[5.3995,60.5141,22.1299],[5.4036,60.512,0.0],[5.4047,60.5068,53.6874],[5.4104,60.5042,30.2372],[5.4146,60.5042,53.9979],[5.4187,60.5021,0.0],[5.4245,60.5036,0.0],[5.4229,60.4979,0.0],[5.4266,60.4953,7.0823],[5.4276,60.4901,72.8413],[5.438,60.4839,0.0],[5.4437,60.4833,79.1531],[5.4495,60.4807,0.0],[5.4505,60.4776,51.5981],[5.4536,60.4766,58.8235],[5.4568,60.4714,0.0],[5.4667,60.4667,0.0],[5.4724,60.4661,16.0302],[5.4734,60.4609,32.0915],[5.4953,60.4516,8.3011],[5.4964,60.4484,11.0295],[5.5062,60.4437,0.0],[5.5161,60.4432,19.1601],[5.5193,60.4401,0.0],[5.5266,60.437,0.0],[5.5276,60.4318,0.0],[5.5318,60.4297,56.8474],[5.5458,60.4292,0.0],[5.5557,60.4318,0.0],[5.5625,60.4354,0.0],[5.5792,60.4354,0.0],[5.5833,60.4375,0.0],[5.6062,60.4354,0.0],[5.612,60.4381,0.0],[5.6089,60.4411,13.5537],[5.6161,60.4443,0.0],[5.6193,60.4495,0.0],[5.6266,60.4547,0.0],[5.6297,60.4599,0.0],[5.637,60.4609,0.0],[5.6411,60.463,0.0],[5.6422,60.4661,0.0],[5.6557,60.4693,0.0],[5.6568,60.4724,0.0],[5.6641,60.4734,0.0],[5.6651,60.4766,0.0],[5.675,60.4792,0.0],[5.6776,60.4755,0.0],[5.6875,60.4729,0.0],[5.7042,60.4729,0.0],[5.7099,60.4714,0.0],[5.7125,60.4771,0.0],[5.7125,60.4854,0.0],[5.7099,60.4953,0.0],[5.7063,60.4979,0.0],[5.7083,60.5021,0.0],[5.7078,60.5078,0.0],[5.7042,60.5104,41.7604],[5.7047,60.512,43.1177],[5.7125,60.5125,0.0],[5.7141,60.5141,0.0],[5.7083,60.5167,0.0],[5.7026,60.5172,31.871],[5.7021,60.5229,0.0],[5.7036,60.5266,0.0],[5.7005,60.5276,0.0],[5.6995,60.5349,0.0],[5.6964,60.537,0.0],[5.7,60.5396,0.0],[5.7057,60.5401,0.0],[5.7026,60.5422,0.0],[5.7063,60.5458,0.0],[5.7042,60.55,87.6506],[5.7078,60.5526,0.0],[5.713,60.5766,25.9396],[5.7161,60.5776,0.0],[5.7187,60.5854,0.0],[5.7203,60.5953,0.0],[5.7172,60.5974,0.0],[5.7245,60.6026,0.0],[5.7193,60.6068,71.4138],[5.7193,60.6099,40.1161],[5.7229,60.6125,0.0],[5.7193,60.6151,46.0082],[5.7167,60.6229,0.0],[5.7203,60.6255,0.0],[5.7224,60.6318,0.0],[5.7193,60.6339,41.061],[5.7193,60.637,60.5851],[5.7266,60.638,0.0],[5.7234,60.6411,38.0604],[5.7286,60.6422,0.0],[5.7292,60.6437,0.0],[5.7286,60.6495,2.2303],[5.7255,60.6516,120.3517],[5.7286,60.6526,0.0],[5.7312,60.6563,0.0],[5.7276,60.6589,99.7268],[5.7271,60.6625,0.0],[5.7297,60.6661,0.0],[5.7328,60.6672,0.0],[5.7339,60.6703,16.1217],[5.7396,60.6708,0.0],[5.7411,60.6703,43.3145],[5.7422,60.6651,19.6872],[5.7583,60.6625,0.0],[5.7599,60.661,173.7579],[5.75,60.6583,117.3735],[5.7417,60.6583,103.1033],[5.7359,60.6557,0.0],[5.7411,60.6505,3.9025],[5.738,60.6495,0.0],[5.7354,60.6396,0.0],[5.7359,60.6339,0.0],[5.7396,60.6312,74.9271],[5.7391,60.6297,88.0068],[5.7339,60.6276,0.0],[5.737,60.6266,19.2134],[5.738,60.6193,64.5004],[5.7411,60.6172,368.3736],[5.7359,60.6161,0.0],[5.7354,60.6146,0.0],[5.7354,60.6063,0.0],[5.7333,60.6021,0.0],[5.737,60.5995,32.9309],[5.7375,60.5958,33.7698],[5.7354,60.5917,124.178],[5.7349,60.5839,366.9542],[5.7318,60.5828,43.4487],[5.7292,60.5792,0.0],[5.7297,60.5776,0.0],[5.7354,60.5771,212.8515],[5.737,60.5755,394.4284],[5.7339,60.5745,337.9838],[5.7328,60.5693,376.221],[5.7276,60.5682,237.8181],[5.7276,60.563,9.2722],[5.7307,60.562,104.4397],[5.7307,60.5589,0.0],[5.7229,60.5583,19.5309],[5.7208,60.5563,0.0],[5.7255,60.5526,0.0],[5.7328,60.5516,0.0],[5.7333,60.55,0.0],[5.7328,60.5464,111.3037],[5.7307,60.5443,92.3652],[5.7234,60.5411,157.3139],[5.7208,60.5333,0.0],[5.725,60.5292,43.132],[5.7234,60.5172,0.0],[5.7271,60.5146,37.5916],[5.7245,60.5068,0.0],[5.7214,60.5047,0.0],[5.7328,60.4995,79.4772],[5.7312,60.4938,0.0],[5.7349,60.4911,60.9388],[5.7318,60.4891,0.0],[5.7349,60.487,62.14],[5.7333,60.4833,0.0],[5.7339,60.4776,0.0],[5.7411,60.4745,32.3283],[5.7401,60.4714,0.0],[5.7438,60.4688,0.0],[5.7432,60.4609,114.4343],[5.738,60.4578,0.0],[5.737,60.4547,112.7433],[5.7229,60.4542,34.9696],[5.7187,60.4521,85.9179],[5.7146,60.4542,0.0],[5.7104,60.4521,86.1033],[5.6937,60.4521,157.86],[5.687,60.4557,0.0],[5.6687,60.4604,29.6175],[5.6563,60.4604,27.0147],[5.6479,60.4562,219.2461],[5.6359,60.4557,0.0],[5.6391,60.4536,0.0],[5.6396,60.4479,77.9364],[5.6391,60.4464,43.2687],[5.6339,60.4453,0.0],[5.6328,60.438,10.6217],[5.6297,60.437,0.0],[5.6328,60.4339,139.8117],[5.6276,60.4328,78.2735],[5.6167,60.4271,108.1373],[5.6125,60.4271,132.5731],[5.6083,60.4292,29.998],[5.5917,60.4292,0.0],[5.5875,60.4313,0.0],[5.5792,60.4313,0.0],[5.5693,60.4286,0.0],[5.5604,60.4229,61.0466],[5.5563,60.425,0.0],[5.5521,60.4229,81.0688],[5.5354,60.4229,20.5565],[5.5313,60.4208,40.9469],[5.5271,60.4208,11.6473],[5.5172,60.4234,16.0699],[5.5104,60.4271,0.0],[5.5047,60.4276,0.0],[5.5057,60.4328,0.0],[5.5026,60.4339,0.0],[5.5016,60.437,0.0],[5.4901,60.438,0.0],[5.4891,60.4411,0.0],[5.4833,60.4417,0.0],[5.4776,60.4443,0.0],[5.4714,60.4484,5.4865],[5.4703,60.4516,0.0],[5.4604,60.4521,13.8532],[5.4563,60.45,0.0],[5.4422,60.4568,17.0285],[5.4411,60.4599,0.0],[5.4359,60.463,0.0],[5.4349,60.4661,0.0],[5.4318,60.4672,0.0],[5.4307,60.4703,0.0],[5.4234,60.4714,0.0],[5.4214,60.4755,0.0],[5.413,60.4797,0.0],[5.412,60.4828,0.0],[5.4005,60.488,36.7544],[5.4016,60.4911,0.0],[5.3943,60.4922,56.3123],[5.3932,60.4953,0.0],[5.3734,60.5047,43.5853],[5.3745,60.5078,0.0],[5.3562,60.5125,0.0],[5.3479,60.5125,13.5735],[5.3396,60.5167,0.0],[5.3271,60.5187,12.3796],[5.3146,60.5229,10.4955],[5.3063,60.5229,25.5974],[5.3021,60.525,17.0323],[5.2937,60.5208,45.4119],[5.2755,60.5182,33.7816],[5.2786,60.5151,0.0],[5.2734,60.512,0.0],[5.2724,60.5089,0.0],[5.2651,60.5057,32.6642],[5.2625,60.5,16.5848],[5.262,60.4943,44.9202],[5.2589,60.4932,37.0536],[5.262,60.4901,45.5725],[5.2568,60.4891,0.0],[5.2562,60.4875,0.0],[5.2568,60.4797,48.871],[5.2599,60.4786,73.3564],[5.2589,60.4755,26.3203],[5.2745,60.4682,0.0],[5.2734,60.4568,0.0],[5.2833,60.4542,0.0],[5.2917,60.4542,36.8055],[5.2974,60.4516,0.0],[5.2943,60.4484,0.0],[5.3021,60.4458,0.0],[5.312,60.4453,0.0],[5.3125,60.4417,0.0],[5.3104,60.4396,0.0],[5.2979,60.4417,28.1055],[5.2937,60.4437,30.7112],[5.2839,60.4432,89.9935],[5.2813,60.4333,19.2167],[5.2818,60.4318,0.0],[5.2932,60.4266,35.7261],[5.2964,60.4214,16.3],[5.3063,60.4167,0.0],[5.3161,60.4161,0.0],[5.3203,60.4141,16.834],[5.3214,60.4109,0.0],[5.3245,60.4099,27.1071],[5.3224,60.4026,24.7061],[5.3151,60.4016,5.1406],[5.3182,60.3984,0.0],[5.3109,60.3974,21.0108],[5.3089,60.3953,0.0],[5.312,60.3932,0.0],[5.313,60.388,3.1839],[5.3214,60.3839,14.5072],[5.3313,60.3812,7.8259],[5.3354,60.3812,0.0],[5.3437,60.3854,2.6838],[5.3536,60.3818,42.5468],[5.3375,60.3771,16.2266],[5.3333,60.3792,0.0],[5.3208,60.3792,35.7645],[5.312,60.3849,0.0],[5.3021,60.3854,17.1876],[5.2953,60.3891,2.3232],[5.2771,60.3937,16.5646],[5.2646,60.3937,0.0],[5.2604,60.3917,0.0],[5.2562,60.3917,9.7899],[5.2453,60.3974,60.6513],[5.2396,60.3979,10.1807],[5.2339,60.3953,4.2628],[5.2328,60.3922,3.6488],[5.2229,60.3917,36.0843],[5.2125,60.3875,29.0112],[5.2068,60.387,34.0865],[5.2026,60.3849,25.7735],[5.1974,60.3776,19.765],[5.1813,60.3771,15.2627],[5.1714,60.3724,28.3543],[5.1708,60.3708,0.0],[5.1745,60.3682,12.698],[5.1776,60.363,0.0],[5.1807,60.362,31.1872],[5.1807,60.3589,10.1595],[5.1776,60.3568,0.0],[5.1849,60.3536,12.2311],[5.1839,60.3505,0.0],[5.1911,60.3495,0.0],[5.1797,60.3453,18.4693],[5.1797,60.3422,6.9983],[5.1854,60.3396,4.196],[5.1953,60.3391,0.0],[5.2016,60.3349,16.2747],[5.2026,60.3297,0.0],[5.2042,60.3292,18.9168],[5.2099,60.3297,7.6263],[5.2167,60.3333,0.0],[5.2292,60.3312,33.697],[5.2318,60.3349,7.4322],[5.237,60.3359,0.0],[5.2396,60.3396,0.0],[5.2453,60.337,17.4687],[5.2443,60.3339,0.0],[5.2516,60.3286,40.5256],[5.2526,60.3234,0.0],[5.262,60.3203,0.0],[5.2589,60.3172,0.0],[5.2661,60.3161,4.7589],[5.2661,60.313,0.0],[5.2646,60.3125,0.0],[5.2547,60.3151,44.9575],[5.2536,60.3182,0.0],[5.2479,60.3208,10.1993],[5.2271,60.3208,0.0],[5.2172,60.3182,16.5436],[5.213,60.3161,37.0411],[5.212,60.313,48.5106],[5.2089,60.312,19.4929],[5.2104,60.3063,0.0],[5.2063,60.3021,13.3734],[5.2083,60.2958,0.0],[5.2047,60.2932,0.0],[5.2047,60.2859,0.0],[5.2078,60.2849,48.7027],[5.2068,60.2818,3.1742],[5.2141,60.2766,30.6407],[5.2151,60.2734,8.654],[5.2224,60.2724,4.1645],[5.2214,60.2672,0.0],[5.2312,60.2667,8.0993],[5.237,60.2641,24.3086],[5.238,60.2589,5.2633],[5.2411,60.2578,15.4009],[5.2432,60.2547,0.0],[5.2375,60.2521,9.3013],[5.2318,60.2516,0.0],[5.2349,60.2495,6.2226],[5.2359,60.2464,13.5125],[5.2458,60.2438,0.0],[5.2583,60.2438,17.5581],[5.2625,60.2417,0.0],[5.2682,60.2443,13.4414],[5.2693,60.2516,21.3135],[5.2786,60.2547,8.7136],[5.2792,60.2583,36.8424],[5.2771,60.2604,36.3924],[5.2729,60.2583,3.3187],[5.263,60.2609,8.3276],[5.2625,60.2646,12.9997],[5.2646,60.2667,4.874],[5.2813,60.2667,24.2858],[5.2839,60.263,0.0],[5.288,60.2609,0.0],[5.3021,60.2583,0.0],[5.312,60.2609,0.0],[5.3234,60.2682,0.0],[5.3307,60.2682,28.3262],[5.3297,60.263,0.0],[5.3328,60.262,0.0],[5.3328,60.2568,16.041],[5.3068,60.2432,43.9804],[5.3057,60.2401,60.5775],[5.288,60.2349,45.9702],[5.287,60.2276,0.0],[5.2849,60.2255,9.6891],[5.2583,60.225,49.2047],[5.2526,60.2224,44.2949],[5.2521,60.2187,17.9012],[5.2536,60.2151,49.8755],[5.2505,60.213,16.2807],[5.2536,60.212,33.9851],[5.2547,60.2089,35.1635],[5.2646,60.2062,39.2542],[5.2688,60.2083,51.9884],[5.2786,60.2089,56.7989],[5.2828,60.2109,23.379],[5.2839,60.2141,0.0],[5.2891,60.2172,38.4139],[5.2901,60.2203,0.0],[5.2958,60.2229,0.0],[5.3,60.2229,40.9995],[5.3042,60.2208,0.0],[5.3083,60.2229,15.6441],[5.3125,60.2208,38.8584],[5.3167,60.2208,30.2698],[5.3328,60.2255,16.4943],[5.3396,60.2292,0.0],[5.3479,60.2292,23.8296],[5.3521,60.2271,7.3237],[5.3589,60.2307,0.0],[5.362,60.2307,0.0],[5.3807,60.2203,10.2617],[5.3807,60.2109,11.5807],[5.3755,60.2078,0.0],[5.3745,60.2047,35.3345],[5.3646,60.2021,0.0],[5.3563,60.2062,7.8973],[5.3464,60.2057,0.0],[5.3417,60.2021,51.403],[5.3432,60.1964,0.0],[5.3359,60.1922,20.4409],[5.3458,60.1875,14.4469],[5.3557,60.187,0.0],[5.3589,60.1818,36.2482],[5.3688,60.1771,33.2013],[5.3729,60.1771,25.6918],[5.3771,60.175,0.0],[5.3854,60.175,0.0],[5.3938,60.1792,22.5124],[5.4036,60.1745,38.0962],[5.4021,60.1667,29.9806],[5.4057,60.1641,33.8699],[5.4063,60.1604,25.9167],[5.4057,60.1589,24.3309],[5.4005,60.1578,22.9446],[5.4,60.1542,25.2612],[5.4036,60.1536,23.8677],[5.4063,60.15,0.0],[5.4104,60.15,11.0656],[5.4146,60.1521,14.0783],[5.4203,60.1516,39.4445],[5.4172,60.1495,15.804],[5.4161,60.1464,26.4183],[5.4068,60.1432,25.0678],[5.4068,60.1401,21.9926],[5.4208,60.1396,23.898],[5.425,60.1437,0.0],[5.4349,60.1391,59.0866],[5.4359,60.1359,20.8975],[5.4417,60.1354,67.5978],[5.4474,60.138,103.3493],[5.4484,60.1411,44.7677],[5.4516,60.1422,27.1306],[5.4542,60.1479,40.529],[5.4536,60.1516,72.4321],[5.4479,60.15,87.9114],[5.4464,60.1505,49.4785],[5.4464,60.1536,0.0],[5.4599,60.1589,0.0],[5.4599,60.1641,48.0175],[5.4568,60.1651,35.1114],[5.4563,60.1688,0.0],[5.4589,60.1724,0.0],[5.462,60.1734,0.0],[5.463,60.1786,17.3893],[5.4688,60.1813,0.0],[5.4807,60.1818,0.0],[5.4849,60.1839,0.0],[5.4859,60.187,0.0],[5.5,60.1917,0.0],[5.5042,60.1896,31.5462],[5.5083,60.1896,0.0],[5.5125,60.1917,8.2301],[5.5208,60.1917,0.0],[5.5328,60.1964,0.0],[5.538,60.2036,42.0787],[5.5432,60.2047,0.0],[5.5443,60.2141,73.6354],[5.5474,60.2151,0.0],[5.5505,60.2203,51.1661],[5.5536,60.2214,53.9356],[5.5589,60.2286,129.913],[5.5641,60.2297,0.0],[5.5651,60.2349,123.2075],[5.5682,60.2359,0.0],[5.5693,60.2391,0.0],[5.5745,60.2422,0.0],[5.5745,60.2453,28.9629],[5.5714,60.2464,60.0539],[5.5703,60.2495,0.0],[5.563,60.2526,99.5407],[5.5651,60.2599,38.539],[5.5724,60.263,47.636],[5.5755,60.2661,20.8179],[5.5828,60.2672,0.0],[5.5839,60.2703,0.0],[5.588,60.2724,16.7173],[5.5938,60.2729,0.0],[5.6057,60.2776,0.0],[5.6068,60.2807,13.4523],[5.6141,60.2839,0.0],[5.6172,60.2932,0.0],[5.6203,60.2943,0.0],[5.6229,60.3021,0.0],[5.6234,60.312,14.3449],[5.6286,60.313,0.0],[5.6292,60.3146,0.0],[5.6286,60.3224,8.9469],[5.6255,60.3234,0.0],[5.6276,60.3307,0.0],[5.6307,60.3318,0.0],[5.6318,60.3349,0.0],[5.637,60.338,0.0],[5.638,60.3411,4.8139],[5.6411,60.3422,3.5666],[5.6443,60.3536,0.0],[5.6474,60.3547,0.0],[5.6505,60.3599,0.0],[5.6536,60.3599,16.2903],[5.6557,60.3578,0.0],[5.6568,60.3484,31.576],[5.6625,60.3458,24.7738],[5.6682,60.3464,0.0],[5.6693,60.3536,85.3026],[5.6724,60.3547,0.0],[5.6734,60.3578,0.0],[5.6786,60.3609,0.0],[5.6797,60.3641,0.0],[5.6828,60.3651,0.0],[5.6859,60.3724,38.2003],[5.7083,60.375,0.0],[5.7203,60.3818,0.0],[5.7167,60.3854,17.7283],[5.7182,60.3953,0.0],[5.7146,60.3979,0.0],[5.7151,60.3995,0.0],[5.7208,60.4021,0.0],[5.7266,60.4016,0.0],[5.7417,60.3937,18.291],[5.7458,60.3937,33.2302],[5.75,60.3958,0.0],[5.7542,60.3937,0.0],[5.7583,60.3958,0.0],[5.7682,60.3911,0.0],[5.7661,60.3797,37.0342],[5.75,60.3708,19.7177],[5.7458,60.3708,0.0],[5.7417,60.3688,10.6434],[5.6937,60.3688,0.0],[5.688,60.3661,0.0],[5.687,60.3568,29.0381],[5.6813,60.3521,0.0],[5.6818,60.3484,0.0],[5.6849,60.3464,39.0651],[5.6797,60.3453,0.0],[5.6771,60.3417,70.8021],[5.663,60.3391,28.8435],[5.6568,60.3349,13.7857],[5.6563,60.3271,48.4831],[5.6599,60.3234,136.4941],[5.6547,60.3203,23.5931],[5.6521,60.3063,44.7252],[5.6604,60.3,0.0],[5.6563,60.2958,0.0],[5.6521,60.2979,0.0],[5.6479,60.2979,64.6194],[5.6422,60.2953,38.8834],[5.6453,60.2932,31.3283],[5.6458,60.2896,13.0605],[5.6432,60.2859,0.0],[5.6401,60.2849,0.0],[5.6396,60.2771,22.9755],[5.637,60.2714,36.6815],[5.6313,60.2687,51.9175],[5.6255,60.2682,24.0503],[5.6188,60.2646,50.7499],[5.6026,60.2641,11.1436],[5.6016,60.2609,51.8726],[5.5901,60.2557,56.8936],[5.588,60.2516,60.7501],[5.5896,60.25,18.1613],[5.5938,60.2521,83.6179],[5.5995,60.2495,0.0],[5.6005,60.2422,39.5958],[5.612,60.2422,0.0],[5.613,60.2453,16.2104],[5.6266,60.2505,0.0],[5.6276,60.2536,24.5772],[5.6349,60.2547,0.0],[5.6359,60.2599,0.0],[5.6411,60.263,0.0],[5.6422,60.2682,28.5459],[5.6453,60.2693,0.0],[5.6464,60.2745,16.6979],[5.6557,60.2776,0.0],[5.6583,60.2813,0.0],[5.6641,60.2786,0.0],[5.6646,60.275,30.2584],[5.663,60.2714,21.3751],[5.6661,60.2703,12.1912],[5.6661,60.263,57.6009],[5.6526,60.2578,38.2032],[5.6474,60.2505,54.9236],[5.6422,60.2495,8.1773],[5.6411,60.2464,41.9514],[5.638,60.2443,107.7933],[5.6771,60.2438,29.1325],[5.6813,60.2458,39.2808],[5.6854,60.2438,0.0],[5.6938,60.2438,10.4255],[5.6979,60.2417,0.0],[5.7271,60.2417,0.0],[5.7297,60.2453,12.143],[5.7354,60.2458,0.0],[5.7453,60.2411,6.1282],[5.7453,60.2359,35.9542],[5.7396,60.2354,16.2235],[5.7292,60.2313,9.3182],[5.7125,60.2313,19.8123],[5.7083,60.2292,68.2241],[5.675,60.2292,0.0],[5.6651,60.2266,128.4431],[5.6604,60.2229,300.8988],[5.6521,60.2229,114.723],[5.6464,60.2203,70.0676],[5.6453,60.2172,38.5254],[5.6359,60.2141,4.8765],[5.6349,60.2089,13.5053],[5.6266,60.2047,0.0],[5.6083,60.2042,31.9776],[5.6005,60.2016,18.8036],[5.6,60.1979,0.0],[5.6036,60.1953,15.2083],[5.6062,60.1875,0.0],[5.6057,60.1839,0.0],[5.6026,60.1828,19.0826],[5.5995,60.1776,43.3139],[5.5964,60.1766,35.7272],[5.5995,60.1745,52.7366],[5.5995,60.1693,82.1081],[5.5818,60.1641,14.1044],[5.5797,60.1526,0.0],[5.5995,60.1474,0.0],[5.6021,60.1437,22.7049],[5.6062,60.1458,13.7156],[5.6188,60.1458,0.0],[5.6229,60.1479,46.3585],[5.6354,60.1479,0.0],[5.6396,60.15,21.0759],[5.6479,60.15,0.0],[5.6521,60.1521,22.8264],[5.6583,60.1521,0.0],[5.6693,60.1578,0.0],[5.6792,60.1604,0.0],[5.6833,60.1583,6.4168],[5.6891,60.1589,16.8208],[5.688,60.1641,0.0],[5.6911,60.1651,0.0],[5.6917,60.1688,25.7521],[5.688,60.1714,37.2438],[5.688,60.1745,14.6898],[5.6932,60.1776,0.0],[5.6943,60.187,13.202],[5.7021,60.1896,89.7681],[5.7036,60.188,85.9986],[5.6984,60.1839,0.0],[5.7042,60.1813,0.0],[5.7083,60.1813,0.0],[5.7167,60.1854,115.1667],[5.7375,60.1854,102.646],[5.7417,60.1833,0.0],[5.7458,60.1854,36.3377],[5.7563,60.1854,0.0],[5.7604,60.1875,0.0],[5.7703,60.187,12.7879],[5.7651,60.1849,0.0],[5.7625,60.1813,12.1909],[5.7583,60.1813,0.0],[5.7542,60.1833,0.0],[5.7479,60.1813,0.0],[5.7479,60.1792,22.2043],[5.7516,60.1786,85.3623],[5.7521,60.1771,114.738],[5.7516,60.1755,202.7498],[5.7458,60.1729,354.1434],[5.7396,60.1729,203.9025],[5.7354,60.1708,216.4226],[5.7313,60.1729,89.1717],[5.7255,60.1724,53.1114],[5.7234,60.1609,0.0],[5.7266,60.1599,0.0],[5.7276,60.1547,0.0],[5.7307,60.1536,6.9502],[5.7339,60.1484,0.0],[5.7411,60.1474,22.7806],[5.7422,60.1422,18.2183],[5.7479,60.1396,5.3671],[5.7578,60.1391,38.0089],[5.7568,60.1339,40.6266],[5.7599,60.1328,102.8527],[5.7609,60.1297,45.3314],[5.7682,60.1266,4.661],[5.7563,60.1208,187.133],[5.7479,60.1208,42.0824],[5.7422,60.1182,55.7956],[5.7391,60.113,88.2046],[5.7359,60.112,49.7408],[5.7391,60.1089,0.0],[5.7318,60.1057,0.0],[5.7313,60.1042,9.2169],[5.7318,60.1026,7.3593],[5.737,60.1016,0.0],[5.738,60.0922,0.0],[5.7411,60.0911,10.8986],[5.7401,60.088,17.7227],[5.7474,60.0849,39.5163],[5.7484,60.0797,74.967],[5.7516,60.0786,74.2781],[5.7505,60.0755,8.8423],[5.7563,60.0729,0.0],[5.7745,60.0734,58.3485],[5.7786,60.0755,81.8552],[5.7818,60.0807,117.0567],[5.7891,60.0839,29.5744],[5.7901,60.0891,75.778],[5.7922,60.0911,0.0],[5.7995,60.0911,0.0],[5.7984,60.088,0.0],[5.8016,60.087,0.0],[5.8026,60.0818,24.8559],[5.8125,60.0812,62.885],[5.8203,60.0766,0.0],[5.8172,60.0745,0.0],[5.8161,60.0693,14.072],[5.813,60.0682,0.0],[5.812,60.0651,0.0],[5.8026,60.0641,0.0],[5.8026,60.0589,26.6276],[5.8057,60.0568,69.6271],[5.7943,60.0547,0.0],[5.7901,60.0568,40.013],[5.7891,60.0599,10.8855],[5.7859,60.0609,27.0937],[5.7849,60.0641,22.8342],[5.7813,60.0667,30.9445],[5.7771,60.0646,65.3837],[5.7625,60.0646,74.7914],[5.7583,60.0667,72.8998],[5.7542,60.0667,59.2144],[5.7521,60.0646,14.207],[5.7557,60.0609,18.8844],[5.75,60.0604,36.4821],[5.7286,60.0724,130.7381],[5.7229,60.0729,160.3593],[5.7172,60.0703,20.9761],[5.7151,60.0661,0.0],[5.7141,60.0547,17.62],[5.7104,60.0521,0.0],[5.7063,60.0521,0.0],[5.7047,60.0526,48.3718],[5.7057,60.0557,0.0],[5.6984,60.0589,23.2296],[5.6974,60.0641,0.0],[5.6943,60.0651,124.4517],[5.6953,60.0682,0.0],[5.6922,60.0693,76.0699],[5.6911,60.0724,8.9766],[5.6813,60.0771,36.3401],[5.6646,60.0771,44.7812],[5.6563,60.0729,32.9703],[5.638,60.0703,37.5984],[5.637,60.0672,14.1445],[5.6318,60.0661,0.0],[5.6307,60.0568,0.0],[5.625,60.0542,0.0],[5.6208,60.0563,0.0],[5.6125,60.0563,0.0],[5.6068,60.0589,14.3917],[5.6057,60.062,23.9493],[5.6026,60.063,0.0],[5.5995,60.0682,23.3684],[5.5922,60.0693,32.9938],[5.5813,60.075,0.0],[5.5771,60.075,25.4221],[5.5729,60.0771,0.0],[5.5646,60.0771,12.2116],[5.5589,60.0745,0.0],[5.5625,60.0708,33.5758],[5.5604,60.0667,0.0],[5.5609,60.0651,14.2292],[5.5667,60.0646,0.0],[5.5682,60.063,18.2366],[5.5609,60.062,25.4803],[5.5583,60.0583,44.4892],[5.5422,60.0557,22.6242],[5.5417,60.0521,41.4506],[5.5422,60.0505,14.2752],[5.5521,60.0479,0.0],[5.5563,60.05,0.0],[5.5646,60.05,0.0],[5.5661,60.0495,0.0],[5.5661,60.0464,37.9274],[5.5521,60.0458,0.0],[5.5479,60.0438,0.0],[5.5354,60.0458,0.0],[5.5313,60.0438,0.0],[5.5203,60.0495,0.0],[5.5104,60.0521,5.2798],[5.4979,60.0521,0.0],[5.488,60.0495,69.0721],[5.487,60.0464,124.3042],[5.4797,60.0453,111.625],[5.4766,60.0422,65.7352],[5.4693,60.0391,31.0753],[5.4667,60.0292,44.2537],[5.4667,60.0208,38.4818],[5.4693,60.0172,7.3493],[5.4724,60.0161,0.0],[5.4734,60.0109,50.1536],[5.4766,60.0099,18.8703],[5.4755,60.0047,38.3661],[5.4828,60.0016,57.0304],[5.4906,60.0013,35.2529],[5.4742,60.0,0.0],[5.4823,59.9988,14.4627],[5.4832,59.9972,0.0],[5.48,59.9941,0.0],[5.4714,59.994,3.7561],[5.4714,59.9954,3.7561],[5.4681,59.9957,0.0],[5.4686,59.994,3.7561],[5.4619,59.9946,3.9011],[5.4642,59.9968,0.0],[5.4608,59.9999,0.0],[5.4569,59.9985,26.3042],[5.4532,60.0013,0.0],[5.4484,60.0013,0.0],[5.4402,59.9916,0.0],[5.4343,59.9912,17.3844],[5.4331,59.9943,0.0],[5.4358,59.9965,0.0],[5.4342,59.9976,0.0],[5.4358,59.9996,2.4267],[5.43,60.0,25.5915],[5.4315,60.0013,0.0],[5.4206,60.0013,11.2652],[5.4189,60.0,23.6764],[5.3912,60.0013,0.0],[5.3917,59.9993,0.0],[5.3897,59.9985,4.3659],[5.376,60.0,12.6078],[5.3786,60.0016,44.4686],[5.3755,60.0036,35.977],[5.3786,60.0057,22.5686],[5.3766,60.0099,0.0],[5.3729,60.0125,0.0],[5.375,60.0146,21.2775],[5.3792,60.0146,0.0],[5.3833,60.0125,0.0],[5.3958,60.0125,0.0],[5.4,60.0146,0.0],[5.4042,60.0146,2.6012],[5.4057,60.013,39.6402],[5.4026,60.012,39.9964],[5.4026,60.0089,38.3337],[5.4167,60.0083,0.0],[5.4182,60.0089,0.0],[5.4193,60.0141,31.653],[5.4266,60.0151,0.0],[5.4276,60.0182,0.0],[5.4411,60.0193,23.6966],[5.4432,60.0328,0.0],[5.4359,60.0359,18.3532],[5.4354,60.0417,50.485],[5.437,60.0474,31.0446],[5.4297,60.0505,37.3766],[5.4292,60.0542,63.6174],[5.4307,60.0578,55.0433],[5.4271,60.0604,46.9473],[5.4307,60.063,0.0],[5.4307,60.0682,9.5762],[5.4276,60.0682,0.0],[5.425,60.0646,0.0],[5.4229,60.0667,0.0],[5.4234,60.0703,0.0],[5.4286,60.0724,14.2153],[5.4104,60.0729,47.4873],[5.4005,60.0755,52.8433],[5.3995,60.0786,17.268],[5.3896,60.0812,62.1183],[5.3854,60.0792,103.9915],[5.3813,60.0812,75.3653],[5.3646,60.0812,76.126],[5.362,60.0776,65.672],[5.3589,60.0766,53.0907],[5.3563,60.0687,8.4024],[5.3568,60.063,34.9361],[5.3604,60.0604,23.1566],[5.3583,60.0542,18.3264],[5.362,60.0516,157.6421],[5.3625,60.0479,194.3535],[5.3599,60.0422,101.0499],[5.3568,60.0411,69.1443],[5.3557,60.0339,67.0509],[5.3464,60.0286,78.9792],[5.3458,60.0229,61.3751],[5.3495,60.0203,56.4251],[5.3484,60.0151,0.0],[5.3516,60.0141,43.2491],[5.3526,60.0109,0.0],[5.3599,60.0099,46.5382],[5.3661,60.0057,29.6686],[5.3679,60.0013,8.2781],[5.3613,60.0013,0.0],[5.3592,59.9972,0.0],[5.3625,59.9963,23.1847],[5.3603,59.9957,6.4328],[5.3614,59.9932,0.0],[5.3697,59.9907,1.3152],[5.3688,59.989,0.0],[5.3711,59.9864,0.0],[5.3786,59.9836,5.8048],[5.3786,59.9818,0.0],[5.3825,59.9787,0.0],[5.3908,59.9782,2.9388],[5.3908,59.9768,0.0],[5.3958,59.9735,0.0],[5.4042,59.971,0.0],[5.4069,59.9715,5.4939],[5.4125,59.9688,0.0],[5.4203,59.9699,9.3714],[5.4314,59.9663,2.2317],[5.4381,59.9618,0.0],[5.4431,59.9613,35.4187],[5.4658,59.9479,5.0159],[5.4697,59.9432,4.0349],[5.4819,59.9388,0.0],[5.4903,59.9393,1.2791],[5.4919,59.9424,0.0],[5.4869,59.9437,10.7724],[5.4869,59.949,22.1271],[5.4947,59.9496,6.9503],[5.4953,59.9521,14.7016],[5.4992,59.9535,0.0],[5.4986,59.9547,6.9446],[5.5013,59.9525,0.0],[5.5009,59.9486,0.0],[5.5064,59.9486,0.0],[5.5081,59.9413,0.0],[5.5214,59.9371,10.9043],[5.5147,59.9349,0.0],[5.5175,59.9335,0.0],[5.5158,59.9299,0.0],[5.5186,59.9287,1.0612],[5.5169,59.9251,0.0],[5.5214,59.9235,2.9224],[5.5197,59.9215,0.0],[5.5247,59.9157,22.4899],[5.5242,59.9135,17.7148],[5.5269,59.9076,17.7569],[5.5342,59.901,0.0],[5.537,59.9004,39.5027],[5.5369,59.8988,39.5027],[5.5347,59.8976,16.5589],[5.5358,59.8935,0.0],[5.5447,59.8904,0.0],[5.5497,59.891,21.1729],[5.5475,59.8885,3.1719],[5.5481,59.8871,3.1719],[5.5569,59.8887,0.0],[5.5608,59.8879,0.0],[5.5647,59.8899,3.3748],[5.5731,59.8957,0.0],[5.5803,59.9057,8.5669],[5.5847,59.9054,9.2533],[5.5953,59.9149,0.0],[5.5969,59.9135,18.2255],[5.5903,59.9079,5.069],[5.5908,59.9049,10.4192],[5.5875,59.9024,6.9094],[5.5864,59.8993,0.0],[5.5819,59.8949,16.0686],[5.5786,59.8937,0.0],[5.5803,59.8929,6.025],[5.5775,59.8885,0.0],[5.5814,59.8879,0.0],[5.5842,59.8838,21.7954],[5.5964,59.8807,55.0001],[5.5958,59.8779,0.0],[5.5986,59.8776,1.1262],[5.6014,59.8749,0.0],[5.6131,59.8743,14.5996],[5.6142,59.8729,0.0],[5.6225,59.8749,5.7828],[5.6242,59.8874,19.7272],[5.6264,59.8913,1.086],[5.6247,59.8976,40.7152],[5.6314,59.8996,0.0],[5.6297,59.9035,3.4172],[5.6242,59.9063,10.6102],[5.6258,59.9087,0.0],[5.6353,59.9071,5.2753],[5.6375,59.9096,0.0],[5.6408,59.9099,0.0],[5.6475,59.9174,6.3096],[5.6492,59.9157,1.4079],[5.6531,59.9154,4.3924],[5.6525,59.9099,15.3267],[5.6469,59.9068,0.0],[5.6453,59.9043,6.3373],[5.6458,59.9021,3.9564],[5.6436,59.8999,7.7238],[5.6408,59.8999,2.6151],[5.6408,59.8982,0.0],[5.6492,59.8982,0.0],[5.6503,59.9018,0.0],[5.6531,59.901,6.4829],[5.6525,59.899,0.0],[5.6614,59.9029,7.8461],[5.6658,59.9015,0.0],[5.6675,59.9029,0.0],[5.6669,59.9049,0.0],[5.6714,59.9046,2.6639],[5.6675,59.9082,0.9335],[5.6658,59.9129,9.4611],[5.6658,59.9157,9.6807],[5.6703,59.9212,0.0],[5.6697,59.9251,13.2815],[5.6669,59.9287,0.0],[5.6581,59.929,0.0],[5.6569,59.9265,0.0],[5.6603,59.9212,5.0726],[5.6575,59.9212,7.7973],[5.6525,59.9232,0.6597],[5.6519,59.9257,0.0],[5.6497,59.9268,6.8048],[5.6397,59.9271,0.0],[5.6347,59.929,5.3954],[5.6358,59.9324,9.158],[5.6381,59.9335,0.0],[5.6464,59.934,0.0],[5.6419,59.9374,0.0],[5.6314,59.9396,0.0],[5.6231,59.9388,0.0],[5.6214,59.9401,12.4346],[5.6286,59.9449,0.0],[5.6336,59.951,18.7905],[5.6392,59.9524,1.8488],[5.6408,59.9643,5.3864],[5.6553,59.9757,15.4801],[5.6631,59.9799,2.3091],[5.6697,59.9796,1.3282],[5.6719,59.9774,0.0],[5.6764,59.9782,0.0],[5.6758,59.9796,0.7582],[5.6786,59.9835,0.0],[5.6947,59.9893,6.8987],[5.6986,59.9929,2.5821],[5.6986,59.9965,4.2277],[5.7042,59.9979,0.0],[5.7042,60.0,6.1322],[5.6988,60.0,8.2919],[5.7009,60.0015,3.944],[5.6965,60.0015,3.3915],[5.6995,60.0016,3.944],[5.6958,60.0042,0.0],[5.6984,60.0141,29.8344],[5.7016,60.0151,0.0],[5.7026,60.0182,32.8919],[5.7078,60.0193,0.0],[5.7047,60.0214,29.2284],[5.7047,60.0245,82.5539],[5.7146,60.0292,0.0],[5.7204,60.0286,5.3784],[5.7208,60.0208,0.0],[5.7234,60.0151,9.9736],[5.7307,60.0099,5.0436],[5.7255,60.0057,0.0],[5.7255,60.0026,0.0],[5.7271,60.0021,0.0],[5.7438,60.0021,0.0],[5.7542,60.0083,34.7556],[5.7641,60.0078,0.0],[5.762,60.0026,0.0],[5.7589,60.0016,0.0],[5.7589,60.0,2.3226],[5.7608,60.0,2.3226],[5.7548,59.9949,0.0],[5.7608,59.9866,0.0],[5.7603,59.984,0.0],[5.7653,59.979,5.2456],[5.7786,59.9804,0.0],[5.7808,59.986,3.6255],[5.7847,59.9882,2.461],[5.7842,59.9896,10.0412],[5.7958,59.9954,0.0],[5.7958,59.999,3.3446],[5.7995,60.0,0.0],[5.8005,60.0036,15.4673],[5.8036,60.0047,0.0],[5.8083,60.0104,0.0],[5.8141,60.0099,0.0],[5.8125,60.0021,23.3373],[5.8157,60.0016,54.7684],[5.8097,60.0015,0.0],[5.8087,59.9996,0.0],[5.8116,59.9976,0.0],[5.8138,59.9922,0.0],[5.8181,59.991,0.0],[5.8106,59.9895,0.0],[5.8131,59.9853,0.0],[5.8208,59.9861,2.0772],[5.8169,59.9851,6.9327],[5.8175,59.9821,9.9456],[5.8253,59.9815,0.0],[5.8319,59.9829,5.9893],[5.8425,59.9882,0.0],[5.8514,59.9899,0.0],[5.8553,59.9949,22.694],[5.8642,59.9999,0.0],[5.8509,60.0,91.0135],[5.8786,60.0047,0.0],[5.8818,60.0078,0.0],[5.8932,60.013,24.985],[5.8943,60.0161,96.5753],[5.8995,60.0172,0.0],[5.9005,60.0203,31.142],[5.9078,60.0234,0.0],[5.9089,60.0286,4.5885],[5.9141,60.0297,0.0],[5.9146,60.0313,7.8466],[5.9141,60.0349,0.0],[5.9109,60.0359,0.0],[5.9109,60.0391,0.0],[5.9203,60.0422,0.0],[5.9208,60.0438,24.9199],[5.9229,60.0604,14.3685],[5.9193,60.063,0.0],[5.9208,60.0687,0.0],[5.9167,60.0729,0.0],[5.9193,60.0766,0.0],[5.9224,60.0776,0.0],[5.9229,60.0812,0.0],[5.9188,60.0854,25.5442],[5.9203,60.0891,0.0],[5.9167,60.0917,0.0],[5.9167,60.0958,21.6733],[5.9188,60.1,0.0],[5.9146,60.1042,72.9688],[5.9161,60.112,0.0],[5.9089,60.1151,0.0],[5.9083,60.1167,24.0723],[5.9063,60.1312,4.2784],[5.9042,60.1354,0.0],[5.9042,60.1437,0.0],[5.9057,60.1474,0.0],[5.9021,60.15,0.0],[5.9026,60.1578,0.0],[5.9047,60.162,0.0],[5.9104,60.1646,39.2345],[5.9229,60.1646,0.0],[5.925,60.1625,20.3141],[5.9245,60.1589,10.9577],[5.9214,60.1578,0.0],[5.9234,60.1505,5.0486],[5.9292,60.15,0.0],[5.9474,60.1547,0.0],[5.9505,60.1599,4.4833],[5.9536,60.1609,8.557],[5.9557,60.1672,0.0],[5.9521,60.1708,0.0],[5.9563,60.175,0.0],[5.9547,60.1828,20.4051],[5.962,60.1859,0.0],[5.9589,60.188,0.0],[5.9589,60.1911,0.0],[5.9641,60.1922,0.0],[5.9609,60.1953,20.6596],[5.9646,60.1979,34.3764],[5.9609,60.2016,7.0505],[5.9667,60.2062,0.0],[5.963,60.2089,38.4318],[5.963,60.212,0.0],[5.975,60.2167,1.6536],[5.9806,60.2171,0.0],[5.9818,60.2203,0.0],[5.9995,60.2276,0.0],[6.0005,60.2307,55.6497],[6.0078,60.2318,0.0],[6.0047,60.2339,4.8265],[6.0057,60.237,0.0],[6.0026,60.2391,4.6233],[6.0099,60.2443,12.749],[6.0083,60.2479,14.701],[6.0089,60.2516,0.0],[6.0161,60.2547,0.0],[6.0146,60.2604,0.0],[6.0188,60.2646,0.0],[6.0151,60.2682,0.0],[6.0229,60.2687,0.0],[6.0255,60.2724,0.0],[6.0313,60.2729,0.0],[6.0484,60.263,6.1704],[6.0583,60.2625,32.9346],[6.0854,60.2521,0.0],[6.0938,60.2521,3.1232],[6.0979,60.2542,61.4033],[6.1021,60.2521,0.0],[6.1063,60.2542,6.5362],[6.1146,60.2542,10.217],[6.1229,60.25,0.0],[6.1375,60.2542,0.0],[6.1391,60.2536,11.1316],[6.1375,60.25,26.4025],[6.138,60.2464,0.0],[6.1453,60.2453,13.0822],[6.1521,60.2417,0.0],[6.1547,60.2453,8.0438],[6.1578,60.2464,0.0],[6.1589,60.2516,104.1593],[6.1609,60.2536,0.0],[6.1828,60.2651,0.0],[6.1839,60.2682,0.0],[6.187,60.2693,0.0],[6.1901,60.2766,20.2458],[6.1932,60.2776,0.0],[6.1938,60.2813,40.1165],[6.1911,60.2849,0.0],[6.1839,60.2859,13.9249],[6.1828,60.2891,0.0],[6.1755,60.2922,0.0],[6.1766,60.2974,0.0],[6.1729,60.3,0.0],[6.1745,60.3078,0.0],[6.1714,60.3089,0.0],[6.1714,60.3141,0.0],[6.1745,60.3151,0.0],[6.1792,60.3208,0.0],[6.1875,60.3208,0.0],[6.1917,60.3229,0.0],[6.1979,60.3229,0.0],[6.1979,60.325,28.5354],[6.2161,60.3276,0.0],[6.2203,60.3297,0.0],[6.2208,60.3354,4.8715],[6.2182,60.3411,0.0],[6.2151,60.3422,0.0],[6.2141,60.3453,0.0],[6.2042,60.3479,0.0],[6.2,60.3458,26.4914],[6.1958,60.3458,41.3775],[6.1875,60.35,0.0],[6.1797,60.3505,0.0],[6.1484,60.3672,0.0],[6.1484,60.3703,0.0],[6.1557,60.3703,0.0],[6.1599,60.3682,15.9592],[6.1609,60.3651,0.0],[6.1708,60.3625,0.0],[6.1766,60.363,0.0],[6.1792,60.3667,4.0925],[6.1833,60.3646,0.0],[6.1958,60.3688,4.1107],[6.2042,60.3688,0.0],[6.2078,60.3714,0.0],[6.2078,60.3745,0.0],[6.2047,60.3766,3.3795],[6.2078,60.3786,0.0],[6.2047,60.3797,10.3993],[6.2026,60.3849,0.0],[6.2083,60.3875,32.0156],[6.2125,60.3833,0.0],[6.2208,60.3833,17.5991],[6.2313,60.3792,0.0],[6.237,60.3786,0.0],[6.2464,60.3714,0.0],[6.2563,60.3708,0.0],[6.2589,60.3745,0.0],[6.2672,60.3786,0.0],[6.275,60.3792,0.0],[6.2807,60.3818,0.0],[6.2734,60.3859,98.3213],[6.2745,60.3911,0.0],[6.2672,60.3943,0.0],[6.2688,60.3958,0.0],[6.2771,60.3958,46.0241],[6.2854,60.3917,0.0],[6.2979,60.3917,0.0],[6.3021,60.3937,20.566],[6.312,60.3943,0.0],[6.3146,60.3979,46.4115],[6.3375,60.3979,0.0],[6.3474,60.4005,0.0],[6.3484,60.4036,10.3274],[6.3536,60.4068,0.0],[6.3547,60.4099,0.0],[6.362,60.4109,0.0],[6.3688,60.4146,22.3754],[6.3729,60.4125,0.0],[6.3771,60.4146,30.8075],[6.3854,60.4146,25.5657],[6.3896,60.4125,0.0],[6.3938,60.4125,0.0],[6.4016,60.4151,0.0],[6.4057,60.4172,0.0],[6.4078,60.4234,0.0],[6.4042,60.4271,24.1814],[6.4047,60.4307,40.0772],[6.4063,60.4313,61.69],[6.4104,60.4292,0.0],[6.4229,60.4313,2.2486],[6.4271,60.4292,0.0],[6.4354,60.4292,0.0],[6.45,60.4333,26.4057],[6.4583,60.4333,0.0],[6.4792,60.4396,32.6396],[6.487,60.4401,0.0],[6.488,60.4432,25.3862],[6.4938,60.4437,0.0],[6.5021,60.4479,54.7274],[6.5099,60.4484,0.0],[6.5292,60.4583,47.3592],[6.5375,60.4583,0.0],[6.5417,60.4562,0.0],[6.5542,60.4562,40.9376],[6.5583,60.4542,0.0],[6.5667,60.4542,0.0],[6.5729,60.4562,33.3415],[6.5771,60.4542,0.0],[6.5813,60.4562,0.0],[6.5896,60.4562,0.0],[6.5938,60.4583,32.0592],[6.6021,60.4583,0.0],[6.6099,60.463,0.0],[6.6068,60.4651,0.0],[6.6068,60.4682,0.0],[6.6229,60.475,28.3878],[6.6453,60.4755,0.0],[6.6464,60.4807,0.0],[6.6516,60.4839,0.0],[6.6526,60.487,0.0],[6.6583,60.4896,0.0],[6.6661,60.4901,0.0],[6.6672,60.4953,0.0],[6.6687,60.4958,0.0],[6.6745,60.4953,0.0],[6.675,60.4917,0.0],[6.6724,60.488,54.4246],[6.6651,60.487,0.0],[6.6568,60.4828,0.0],[6.6542,60.4792,0.0],[6.6536,60.4734,77.5631],[6.6443,60.4682,156.7387],[6.6432,60.4651,397.3151],[6.6333,60.4646,143.971],[6.6297,60.4609,0.0],[6.6328,60.4599,26.8808],[6.6333,60.4521,143.1245],[6.6359,60.4484,25.9668],[6.65,60.4479,16.3104],[6.6599,60.4453,41.5091],[6.6641,60.4432,116.278],[6.663,60.438,0.0],[6.6771,60.4313,75.3449],[6.6938,60.4313,37.378],[6.7016,60.4359,22.3749],[6.6984,60.438,125.9099],[6.6984,60.4453,409.6729],[6.7042,60.4458,272.3706],[6.7125,60.4417,0.0],[6.7224,60.4443,0.0],[6.7286,60.4484,0.0],[6.7297,60.4516,92.1345],[6.7438,60.4521,0.0],[6.7516,60.4547,0.0],[6.7526,60.4578,36.2328],[6.7557,60.4589,9.2493],[6.7589,60.4682,0.0],[6.7646,60.4708,0.0],[6.7875,60.4729,0.0],[6.8083,60.4792,0.0],[6.8146,60.4792,0.0],[6.8245,60.4818,0.0],[6.8255,60.4849,43.8152],[6.8313,60.4854,0.0],[6.8417,60.4896,93.4012],[6.8458,60.4875,0.0],[6.8542,60.4875,0.0],[6.8583,60.4896,3.2936],[6.8625,60.4875,0.0],[6.8708,60.4875,0.0],[6.8771,60.4833,0.0],[6.8813,60.4854,0.0],[6.8891,60.4859,0.0],[6.8932,60.488,0.0],[6.8964,60.4974,51.4477],[6.9036,60.4984,0.0],[6.9068,60.5057,0.0],[6.9099,60.5068,0.0],[6.9109,60.512,0.0],[6.913,60.5141,0.0],[6.9203,60.5151,0.0],[6.9203,60.5182,0.0],[6.9172,60.5193,0.0],[6.9188,60.5229,0.0],[6.9182,60.5266,0.0],[6.9151,60.5276,0.0],[6.9151,60.5307,0.0],[6.9208,60.5292,0.0],[6.9307,60.5297,0.0],[6.937,60.5339,0.0],[6.938,60.537,0.0],[6.9516,60.5443,0.0],[6.9547,60.5495,0.0],[6.9604,60.55,0.0],[6.9703,60.5547,0.0],[6.9734,60.5578,0.0],[6.9807,60.5609,0.0],[6.9818,60.5661,0.0],[6.987,60.5672,0.0],[6.9911,60.5693,0.0],[6.9922,60.5724,99.2775],[6.9995,60.5734,0.0],[7.0083,60.5792,0.0],[7.0141,60.5786,0.0],[7.0141,60.5734,100.6524],[7.0047,60.5724,0.0],[7.0036,60.5672,27.43],[6.9943,60.562,0.0],[6.9932,60.5568,0.0],[6.988,60.5557,0.0],[6.987,60.5526,32.3467],[6.9797,60.5495,0.0],[6.9766,60.5443,61.4999],[6.9693,60.5432,0.0],[6.9651,60.5411,0.0],[6.9641,60.538,0.0],[6.9589,60.537,0.0],[6.9578,60.5297,150.8613],[6.9484,60.5266,0.0],[6.9479,60.5208,0.0],[6.9453,60.5172,0.0],[6.938,60.5161,0.0],[6.937,60.5109,0.0],[6.9318,60.5099,0.0],[6.9307,60.5068,0.0],[6.925,60.5042,0.0],[6.9193,60.5036,0.0],[6.9172,60.5016,0.0],[6.9161,60.4964,86.0718],[6.913,60.4953,0.0],[6.9161,60.4932,21.9736],[6.9151,60.4901,0.0],[6.925,60.4896,0.0],[6.9292,60.4875,0.0],[6.9333,60.4896,0.0],[6.9396,60.4896,0.0],[6.9422,60.4932,0.0],[6.9563,60.5,28.7278],[6.9625,60.5,0.0],[6.9667,60.4979,0.0],[6.9792,60.5021,0.0],[7.0083,60.5021,0.0],[7.0151,60.4984,0.0],[7.025,60.4958,0.0],[7.0375,60.4958,0.0],[7.0417,60.4938,0.0],[7.0458,60.4938,0.0],[7.0474,60.4932,0.0],[7.0464,60.4901,0.0],[7.0562,60.4896,0.0],[7.0646,60.4854,0.0],[7.0813,60.4854,0.0],[7.1,60.4917,0.0],[7.1042,60.4917,0.0],[7.1099,60.4891,0.0],[7.1083,60.4875,0.0],[7.0979,60.4875,0.0],[7.0922,60.4849,0.0],[7.0911,60.4818,0.0],[7.0818,60.4807,0.0],[7.0734,60.4766,0.0],[7.0724,60.4714,0.0],[7.0604,60.4667,0.0],[7.0521,60.4708,0.0],[7.0464,60.4714,11.5958],[7.0417,60.4771,0.0],[7.0375,60.475,13.1448],[7.0292,60.4792,0.0],[7.025,60.4792,0.0],[7.0208,60.4813,0.0],[7.0125,60.4813,0.0],[7.0083,60.4833,0.0],[7.0042,60.4833,0.0],[7.0,60.4813,30.2963],[6.9958,60.4833,0.0],[6.9917,60.4833,0.0],[6.9875,60.4813,9.8161],[6.9792,60.4813,33.1092],[6.9776,60.4797,165.3556],[6.9807,60.4776,383.301],[6.9729,60.4771,306.7022],[6.9714,60.4776,264.8238],[6.9724,60.4828,0.0],[6.9708,60.4833,0.0],[6.9667,60.4792,22.8171],[6.9604,60.4792,0.0],[6.9479,60.475,0.0],[6.9422,60.4766,0.0],[6.9422,60.4734,0.0],[6.9474,60.4703,236.0071],[6.9458,60.4688,265.0159],[6.9354,60.4729,0.0],[6.9083,60.4729,0.0],[6.9042,60.4708,0.0],[6.9,60.4708,0.0],[6.8958,60.4729,0.0],[6.8932,60.4693,0.0],[6.8833,60.4688,0.0],[6.8708,60.4729,0.0],[6.8625,60.4729,31.0756],[6.8583,60.475,0.0],[6.8458,60.475,0.0],[6.8417,60.4729,130.0646],[6.8375,60.4729,108.7331],[6.8214,60.4661,58.5131],[6.8161,60.4589,86.3106],[6.8109,60.4557,91.4831],[6.8099,60.4526,39.744],[6.7938,60.4458,64.5635],[6.788,60.4474,0.0],[6.787,60.4443,5.4822],[6.7776,60.4411,5.7974],[6.7891,60.4349,426.7752],[6.787,60.4276,1125.8556],[6.7813,60.4292,852.5431],[6.7646,60.4292,335.7927],[6.7578,60.4328,91.4376],[6.7547,60.4328,27.0099],[6.7536,60.4297,36.6875],[6.75,60.4271,26.1477],[6.7536,60.4245,114.3687],[6.7516,60.4172,278.3917],[6.7443,60.4161,89.7549],[6.7411,60.4068,224.4276],[6.7339,60.4057,35.5761],[6.7318,60.4036,184.65],[6.7349,60.4016,334.3644],[6.7359,60.3984,629.1744],[6.7417,60.3979,434.9003],[6.7474,60.3953,618.5222],[6.7474,60.3922,888.6956],[6.7438,60.3917,1058.8588],[6.7391,60.3953,826.642],[6.7292,60.3979,613.9818],[6.7193,60.3974,231.0142],[6.7167,60.3896,61.1826],[6.7203,60.387,58.5399],[6.7229,60.3792,0.0],[6.7224,60.3776,1.7247],[6.7167,60.375,5.8665],[6.7109,60.3755,10.0447],[6.6917,60.3854,63.0599],[6.6818,60.3807,0.0],[6.6807,60.3755,33.6179],[6.6755,60.3724,0.0],[6.6786,60.3693,67.6128],[6.6735,60.3662,0.0],[6.6724,60.363,57.113],[6.6693,60.362,0.0],[6.6682,60.3568,37.7976],[6.663,60.3536,16.151],[6.662,60.3464,73.2722],[6.6568,60.3453,0.0],[6.6557,60.338,12.408],[6.6505,60.3349,0.0],[6.6583,60.3271,14.6483],[6.6557,60.3214,14.6122],[6.6526,60.3203,13.2418],[6.6495,60.3089,47.0727],[6.6401,60.3036,0.0],[6.6401,60.2984,0.0],[6.6432,60.2964,100.5181],[6.638,60.2953,0.0],[6.637,60.2859,345.5074],[6.6313,60.2875,180.7519],[6.6193,60.2828,0.0],[6.6167,60.2708,0.0],[6.6245,60.2651,13.0589],[6.6229,60.2625,0.0],[6.6224,60.2547,55.6959],[6.6172,60.2536,51.848],[6.6167,60.25,37.3163],[6.6208,60.2458,71.6644],[6.6193,60.2401,16.3322],[6.6266,60.2411,172.6395],[6.6266,60.2359,202.5076],[6.6193,60.2349,46.09],[6.613,60.2307,43.5171],[6.612,60.2255,135.3437],[6.6026,60.2245,12.5603],[6.6021,60.2188,0.0],[6.6057,60.2151,104.9816],[6.6036,60.2109,50.326],[6.6005,60.2099,0.0],[6.5974,60.2005,18.4885],[6.5943,60.1995,42.2407],[6.5911,60.1901,115.0524],[6.5875,60.1875,0.0],[6.5922,60.1839,117.4433],[6.5979,60.1854,167.9433],[6.6026,60.1818,465.9743],[6.6083,60.1813,562.4347],[6.6099,60.1797,769.8511],[6.6,60.1771,698.1135],[6.5792,60.1771,67.7941],[6.5745,60.1714,97.155],[6.5714,60.1703,0.0],[6.5714,60.1672,0.0],[6.575,60.1646,0.0],[6.5729,60.1604,0.0],[6.5729,60.1542,19.7897],[6.5693,60.1401,0.0],[6.5766,60.137,259.7912],[6.5766,60.1339,492.9855],[6.5651,60.1328,220.2715],[6.5589,60.1286,127.8979],[6.5578,60.1255,111.5275],[6.5547,60.1245,0.0],[6.5578,60.1224,90.5371],[6.5563,60.1167,33.9115],[6.5583,60.1146,75.852],[6.5708,60.1167,114.4307],[6.575,60.1146,191.3349],[6.5875,60.1188,235.9975],[6.5917,60.1167,393.1858],[6.6,60.1167,618.8326],[6.6016,60.1151,782.3961],[6.5958,60.1125,957.08989999999994],[6.5833,60.1125,649.5024],[6.5792,60.1104,837.7611],[6.5604,60.1104,367.6075],[6.5547,60.1078,0.0],[6.5536,60.1026,129.3216],[6.5437,60.0958,0.0],[6.5474,60.0932,13.5519],[6.5495,60.0891,34.7034],[6.5464,60.0859,0.0],[6.5495,60.0849,0.0],[6.5521,60.0771,0.0],[6.5516,60.0714,8.1458],[6.55,60.0708,3.1227],[6.5443,60.0714,0.0],[6.5318,60.0776,0.0],[6.5297,60.0807,10.0526],[6.537,60.0859,1.7584],[6.5396,60.0917,0.0],[6.5313,60.0979,4.6987],[6.5339,60.1036,0.0],[6.5411,60.1089,0.0],[6.5391,60.112,0.0],[6.5359,60.113,168.6411],[6.5354,60.1188,37.6252],[6.538,60.1245,0.0],[6.5417,60.1271,0.0],[6.538,60.1307,169.2647],[6.5396,60.1333,0.0],[6.5401,60.1411,18.6687],[6.5422,60.1453,6.9521],[6.5453,60.1464,0.0],[6.5417,60.15,84.5684],[6.5443,60.1536,191.3106],[6.5474,60.1547,93.3333],[6.5443,60.1578,95.9437],[6.5474,60.1589,9.8017],[6.55,60.1646,0.0],[6.5495,60.1682,0.0],[6.5458,60.1708,55.0468],[6.5464,60.1724,60.2518],[6.5516,60.1734,0.0],[6.5547,60.1911,32.899],[6.5599,60.1943,0.0],[6.5609,60.1995,11.5674],[6.5641,60.2005,6.6283],[6.5667,60.2062,0.0],[6.5672,60.2141,105.3353],[6.5729,60.2188,11.394],[6.5724,60.2224,30.0499],[6.5651,60.2234,316.5573],[6.5667,60.2271,118.5256],[6.563,60.2297,305.5127],[6.562,60.2328,229.1289],[6.5563,60.2333,318.6312],[6.5547,60.2349,307.7759],[6.5641,60.2359,13.4182],[6.5651,60.2391,0.0],[6.5682,60.2401,0.0],[6.5714,60.2495,0.0],[6.5745,60.2505,0.0],[6.5714,60.2526,38.1488],[6.5714,60.2557,86.5351],[6.5766,60.2568,0.0],[6.5776,60.2641,0.0],[6.5807,60.2651,0.0],[6.5797,60.2703,0.0],[6.5974,60.2797,0.0],[6.5995,60.2891,0.0],[6.5964,60.2911,37.2269],[6.5995,60.2922,10.9878],[6.6005,60.2974,23.085],[6.6057,60.2984,0.0],[6.6068,60.3016,8.4834],[6.6099,60.3026,0.0],[6.6125,60.3083,0.0],[6.612,60.312,0.0],[6.6083,60.3146,150.4771],[6.6104,60.3187,0.0],[6.6068,60.3214,24.8993],[6.6068,60.3266,0.0],[6.612,60.3297,0.0],[6.613,60.3328,0.0],[6.6188,60.3354,0.0],[6.6245,60.3359,0.0],[6.6266,60.338,0.0],[6.6276,60.3432,0.0],[6.6313,60.3458,0.0],[6.6286,60.3536,0.0],[6.6255,60.3557,0.0],[6.6349,60.3609,0.0],[6.6359,60.3641,0.0],[6.6391,60.3651,0.0],[6.6422,60.3724,31.6818],[6.6453,60.3734,0.0],[6.6474,60.3776,0.0],[6.6484,60.387,0.0],[6.6536,60.3901,0.0],[6.6547,60.3932,0.0],[6.662,60.3964,0.0],[6.6651,60.4016,0.0],[6.6682,60.4026,0.0],[6.6682,60.4057,50.3629],[6.662,60.4099,0.0],[6.6547,60.4109,141.2805],[6.6453,60.4161,75.8559],[6.6396,60.4167,134.5014],[6.6328,60.4203,26.6264],[6.6193,60.4234,19.1144],[6.6167,60.4271,0.0],[6.6,60.4271,133.8],[6.5813,60.4354,64.833],[6.5625,60.4354,22.3962],[6.5568,60.4328,9.8389],[6.5557,60.4276,76.9526],[6.55,60.425,50.0686],[6.5422,60.4245,4.5107],[6.537,60.4172,38.3722],[6.5276,60.4161,0.0],[6.5266,60.413,64.4393],[6.5193,60.4099,68.2677],[6.5182,60.4068,216.5022],[6.513,60.4057,82.3673],[6.5099,60.388,308.7027],[6.5068,60.387,136.5452],[6.5078,60.3839,151.1655],[6.4938,60.3812,124.1579],[6.4854,60.3771,231.8118],[6.4667,60.3771,0.0],[6.4568,60.3745,7.9875],[6.45,60.3708,154.021],[6.4458,60.3729,24.1434],[6.4417,60.3708,79.8017],[6.4375,60.3729,0.0],[6.4333,60.3688,102.1273],[6.4208,60.3708,0.0],[6.4167,60.3688,0.0],[6.3938,60.3667,121.0536],[6.3922,60.3651,243.096],[6.3953,60.363,386.3153],[6.3938,60.3625,504.2995],[6.3854,60.3625,522.8685],[6.3755,60.3651,272.9085],[6.3828,60.3682,0.0],[6.3729,60.3708,0.0],[6.3521,60.3708,0.0],[6.3505,60.3703,0.0],[6.3484,60.3609,0.0],[6.3557,60.3578,85.5587],[6.3547,60.3484,0.0],[6.3646,60.3479,0.0],[6.3745,60.3422,0.0],[6.3625,60.3375,36.5693],[6.35,60.3375,0.0],[6.3474,60.3411,11.9035],[6.3443,60.3411,0.0],[6.3401,60.3391,0.0],[6.3432,60.337,0.0],[6.3432,60.3318,42.1617],[6.3339,60.3307,0.0],[6.3375,60.3271,20.061],[6.337,60.3214,155.4949],[6.3292,60.3208,99.1248],[6.3167,60.3146,0.0],[6.3083,60.3146,0.0],[6.3,60.3104,24.1157],[6.2922,60.3099,0.0],[6.2911,60.3068,0.0],[6.2854,60.3042,24.4477],[6.2813,60.3063,0.0],[6.2729,60.3063,0.0],[6.2688,60.3021,128.2436],[6.2542,60.3021,62.3433],[6.2443,60.2995,60.1292],[6.2417,60.2958,73.6789],[6.2276,60.2953,33.2044],[6.2255,60.2922,17.4947],[6.2354,60.2917,22.9314],[6.2453,60.287,40.0435],[6.2422,60.2839,0.0],[6.2453,60.2828,0.0],[6.2443,60.2797,0.0],[6.2474,60.2776,0.0],[6.2417,60.275,15.9116],[6.2375,60.2771,0.0],[6.2318,60.2745,0.0],[6.2349,60.2724,35.6635],[6.2328,60.2609,0.0],[6.2167,60.2562,122.7012],[6.2125,60.2562,74.5605],[6.2083,60.2583,0.0],[6.2026,60.2578,0.0],[6.2026,60.2505,0.0],[6.2047,60.2484,0.0],[6.2104,60.2479,116.4185],[6.212,60.2464,182.7812],[6.2005,60.2453,0.0],[6.1995,60.2401,8.6115],[6.1901,60.2391,0.0],[6.1901,60.2339,0.0],[6.1932,60.2328,0.0],[6.1943,60.2297,0.0],[6.1974,60.2276,45.5999],[6.1922,60.2266,0.0],[6.1875,60.2229,0.0],[6.188,60.2214,30.1554],[6.1938,60.2188,180.4911],[6.1979,60.2208,142.7342],[6.2021,60.2208,205.8466],[6.2036,60.2193,304.8015],[6.1818,60.2099,467.7766],[6.1786,60.2026,804.4625],[6.1771,60.2021,866.7708],[6.1729,60.2042,683.3345],[6.1589,60.2047,379.2179],[6.1599,60.2078,435.139],[6.1568,60.2099,128.9361],[6.1592,60.2125,47.9662],[6.1542,60.2146,0.0],[6.1458,60.2146,274.5391],[6.1375,60.2188,96.5431],[6.1208,60.2188,0.0],[6.1151,60.2161,0.0],[6.1141,60.213,15.2857],[6.1109,60.212,9.7693],[6.1078,60.2047,0.0],[6.1047,60.2036,0.0],[6.1036,60.1984,48.0443],[6.0958,60.1979,0.0],[6.0859,60.1932,0.0],[6.0859,60.188,0.0],[6.0974,60.187,83.4082],[6.0922,60.1818,0.0],[6.0953,60.1807,0.0],[6.0964,60.1755,20.2238],[6.0984,60.1734,0.0],[6.1057,60.1724,0.0],[6.1068,60.1672,15.4301],[6.1099,60.1661,80.6664],[6.1047,60.163,0.0],[6.112,60.1599,9.4573],[6.113,60.1568,0.0],[6.1188,60.1563,28.5448],[6.1245,60.1536,36.654],[6.1234,60.1505,21.8554],[6.1266,60.1495,105.1927],[6.1276,60.1443,0.0],[6.1333,60.1417,0.0],[6.1391,60.1411,0.0],[6.1422,60.138,0.0],[6.1495,60.1349,0.0],[6.1505,60.1318,0.0],[6.1578,60.1307,26.666],[6.1568,60.1276,0.0],[6.1625,60.1271,11.6532],[6.1682,60.1245,21.833],[6.1682,60.1214,159.3663],[6.1609,60.1203,47.7117],[6.1583,60.1167,87.6259],[6.1521,60.1167,0.0],[6.1479,60.1146,43.6975],[6.1422,60.1161,0.0],[6.1411,60.113,13.3302],[6.138,60.112,27.8083],[6.138,60.1068,0.0],[6.1521,60.1083,0.0],[6.1563,60.1104,25.761],[6.1646,60.1104,0.0],[6.1729,60.1146,183.0719],[6.1771,60.1125,0.0],[6.1979,60.1125,0.0],[6.2047,60.1161,62.8698],[6.2182,60.1193,0.0],[6.2193,60.1224,0.0],[6.2234,60.1245,0.0],[6.2453,60.1297,15.0821],[6.2599,60.138,0.0],[6.2609,60.1474,21.1939],[6.2661,60.1505,0.0],[6.2672,60.1578,32.3475],[6.2766,60.1589,0.0],[6.2776,60.162,0.0],[6.2833,60.1646,32.1517],[6.2932,60.1641,0.0],[6.2932,60.1609,1.8403],[6.2901,60.1589,0.0],[6.2979,60.1563,74.4411],[6.3021,60.1583,27.0806],[6.3063,60.1563,70.847],[6.3161,60.1557,185.6309],[6.3104,60.1521,740.3903],[6.2896,60.1542,207.5875],[6.287,60.1505,172.7324],[6.2818,60.1474,0.0],[6.2818,60.1401,0.0],[6.2849,60.1391,85.3085],[6.2839,60.1339,76.5874],[6.2896,60.1312,0.0],[6.312,60.1307,0.0],[6.312,60.1276,0.0],[6.3047,60.1266,0.0],[6.3057,60.1234,101.7625],[6.3026,60.1224,136.0277],[6.2974,60.1151,841.6658],[6.2859,60.1151,527.4441],[6.2849,60.1224,37.8683],[6.2792,60.1229,0.0],[6.2708,60.1188,0.0],[6.2583,60.1188,10.1401],[6.2542,60.1146,377.6634],[6.2313,60.1146,0.0],[6.2146,60.1063,0.0],[6.2083,60.1063,0.0],[6.2042,60.1042,0.0],[6.1917,60.1042,15.7146],[6.1875,60.1021,87.1468],[6.1776,60.1036,0.0],[6.1641,60.0964,205.3211],[6.1589,60.0953,308.9671],[6.162,60.0922,376.6832],[6.1521,60.0875,447.1566],[6.1479,60.0896,351.3777],[6.1396,60.0896,314.8643],[6.1354,60.0917,187.1934],[6.1313,60.0896,218.3061],[6.1286,60.0932,30.3457],[6.1146,60.0958,12.429],[6.1047,60.0911,0.0],[6.1036,60.0859,92.5101],[6.1016,60.0839,89.0854],[6.0891,60.0776,339.4729],[6.0792,60.0771,184.6268],[6.075,60.0792,48.3514],[6.0693,60.0766,25.2228],[6.0667,60.0729,86.8261],[6.0625,60.0729,61.6005],[6.0583,60.075,0.0],[6.0505,60.0724,0.0],[6.0479,60.0687,69.1186],[6.0339,60.0682,0.0],[6.037,60.0651,0.0],[6.0276,60.062,0.0],[6.0266,60.0589,11.7668],[6.0234,60.0578,0.0],[6.0224,60.0547,18.2194],[6.0193,60.0536,0.0],[6.0167,60.05,0.0],[6.0203,60.0474,0.0],[6.0214,60.0443,0.0],[6.0245,60.0432,93.9311],[6.0245,60.0401,134.5813],[6.0193,60.0391,0.0],[6.0141,60.0318,66.7183],[6.0047,60.0266,8.9486],[6.0036,60.0234,68.8382],[6.0005,60.0224,6.0711],[5.9995,60.0193,14.2045],[5.9943,60.0161,0.0],[5.9932,60.0089,67.2336],[5.9839,60.0036,0.0],[5.9798,59.9979,0.0],[5.982,59.996,0.0],[5.9808,59.994,0.0],[5.9853,59.9918,1.1505],[5.9869,59.989,0.0],[6.0064,59.9865,0.0],[6.0053,59.9851,0.0],[6.007,59.9817,0.0],[5.9936,59.9743,0.0],[5.9875,59.9575,0.0],[5.9801,59.9577,0.0],[5.9722,59.9617,0.0],[5.9681,59.9616,0.0],[5.9652,59.9536,0.0],[5.9617,59.9526,0.0],[5.9405,59.9538,0.0],[5.9159,59.9598,0.0],[5.9114,59.9589,0.0],[5.9121,59.9548,0.0],[5.8817,59.9489,0.0],[5.9064,59.9488,0.0],[5.8847,59.9449,7.5589],[5.8703,59.944,0.0],[5.8697,59.9429,0.0],[5.8725,59.9421,8.3731],[5.8731,59.9399,7.9268],[5.8664,59.9362,0.0],[5.8575,59.9357,0.0],[5.8553,59.9374,0.0],[5.8519,59.9371,0.0],[5.8531,59.9343,0.0],[5.8592,59.934,0.3757],[5.8553,59.9304,3.5056],[5.8392,59.9301,5.0625],[5.8358,59.9332,5.3736],[5.8303,59.9335,6.7908],[5.8264,59.9315,18.5209],[5.8103,59.934,0.0],[5.8092,59.9321,0.0],[5.8008,59.9282,26.3612],[5.7908,59.9271,0.0],[5.7881,59.9246,0.0],[5.7892,59.9229,0.5265],[5.7869,59.9229,19.0877],[5.7864,59.9254,16.6142],[5.7819,59.9251,14.2699],[5.7814,59.9199,0.0],[5.7858,59.9212,3.6827],[5.7886,59.9207,2.1504],[5.7886,59.9188,0.0],[5.7825,59.9174,1.3592],[5.7775,59.9135,49.4287],[5.7725,59.9129,10.9348],[5.7725,59.9099,19.1457],[5.7692,59.9076,2.4688],[5.7697,59.9065,25.327],[5.7647,59.901,0.0],[5.7647,59.8954,0.0],[5.7681,59.8915,4.6668],[5.7675,59.8899,0.9339],[5.7747,59.884,0.0],[5.7731,59.8785,3.0677],[5.7658,59.876,0.0],[5.7658,59.8743,0.0],[5.7581,59.8737,0.0],[5.7603,59.8718,0.3269],[5.7597,59.869,2.2249],[5.7536,59.8665,1.5602],[5.7508,59.8665,0.71],[5.7497,59.8685,17.3212],[5.7547,59.8704,0.0],[5.7581,59.8699,0.0],[5.7547,59.8765,0.0],[5.7486,59.8782,4.3366],[5.7464,59.8763,19.686],[5.7381,59.8774,0.0],[5.7353,59.876,2.6372],[5.7364,59.8735,66.2509],[5.7353,59.8721,8.8119],[5.7325,59.8721,0.0],[5.7303,59.8701,0.0],[5.7325,59.8688,9.1341],[5.7369,59.869,17.4885],[5.7392,59.8674,1.6611],[5.7381,59.8657,0.0],[5.7408,59.8646,0.0],[5.7397,59.8632,2.443],[5.7314,59.8615,8.4875],[5.7236,59.8638,0.0],[5.7231,59.8626,0.0],[5.7275,59.8621,0.0],[5.7286,59.8604,21.5739],[5.7203,59.8604,1.9231],[5.7192,59.8593,0.0],[5.7203,59.8585,21.5512],[5.7181,59.8576,11.1407],[5.7108,59.8574,2.1715],[5.7058,59.8618,13.5476],[5.7019,59.861,4.1211],[5.7025,59.8582,24.0364],[5.6969,59.8576,4.8395],[5.6969,59.8554,30.1114],[5.6903,59.8543,4.7474],[5.6931,59.8485,0.0],[5.6975,59.8476,25.5421],[5.6975,59.8454,13.9058],[5.6958,59.8446,17.6866],[5.6875,59.8451,18.8287],[5.6858,59.8465,17.1056],[5.6864,59.8482,4.4985],[5.6825,59.8501,1.288],[5.6758,59.8499,3.3762],[5.6747,59.8476,10.494],[5.6775,59.8462,17.8319],[5.6769,59.8418,10.1045],[5.6792,59.8393,0.0],[5.6842,59.8379,0.0],[5.6881,59.8346,2.8785],[5.6919,59.8346,2.2271],[5.6953,59.8324,7.7829],[5.7069,59.8324,7.2497],[5.7081,59.8338,8.1936],[5.7169,59.8324,2.9849],[5.7142,59.8307,0.0],[5.7169,59.8301,18.8529],[5.7092,59.8285,0.0],[5.7147,59.826,0.0],[5.7225,59.8262,0.0],[5.7314,59.8296,1.9513],[5.7408,59.8296,0.0],[5.7519,59.8318,1.6632],[5.7592,59.831,0.0],[5.7636,59.8329,2.0307],[5.7814,59.8304,7.7354],[5.7903,59.8254,2.1458],[5.7847,59.826,0.0],[5.7792,59.8243,10.2779],[5.7792,59.8224,21.09],[5.7842,59.8213,1.6073],[5.7853,59.8232,23.9107],[5.7886,59.8232,0.7698],[5.7947,59.8193,0.5853],[5.8003,59.8193,14.7395],[5.8031,59.8163,2.8909],[5.8025,59.8124,13.0111],[5.8103,59.8076,0.5024],[5.8092,59.8029,0.0],[5.8219,59.7918,0.0],[5.8403,59.7837,0.0],[5.8519,59.7813,21.695],[5.8625,59.7729,2.7827],[5.8725,59.7693,3.7415],[5.8819,59.7687,0.0],[5.8875,59.7704,0.0],[5.8864,59.7724,0.0],[5.8919,59.7757,15.8754],[5.8958,59.7804,0.0],[5.9008,59.7804,0.0],[5.9081,59.7837,0.0],[5.9081,59.7871,11.3471],[5.9136,59.791,0.0],[5.9136,59.7924,22.7569],[5.9336,59.7926,0.0],[5.9397,59.7962,0.0],[5.9425,59.8018,0.0],[5.9481,59.8037,0.0],[5.9514,59.8079,33.0542],[5.9564,59.8093,0.0],[5.9614,59.8154,6.2218],[5.9614,59.821,57.1469],[5.9636,59.8251,73.8588],[5.9658,59.8257,30.6025],[5.9703,59.8324,0.0],[5.9697,59.8379,0.0],[5.9653,59.849,7.1032],[5.9675,59.8537,0.0],[5.9792,59.859,15.1473],[5.9919,59.8582,8.2416],[5.9925,59.8554,133.9487],[5.9869,59.8541,0.0],[5.9814,59.851,0.0],[5.9825,59.8499,10.8596],[5.9781,59.8482,0.0],[5.9797,59.8451,0.0],[5.9842,59.8451,0.0],[5.9831,59.8432,3.3892],[5.9786,59.8438,0.0],[5.9786,59.8421,0.0],[5.9825,59.8401,0.0],[5.9831,59.8343,0.0],[5.9869,59.831,0.0],[5.9858,59.8271,0.0],[5.9869,59.8215,3.2067],[5.9831,59.8174,0.0],[5.9819,59.8132,0.0],[5.9831,59.8093,18.2835],[5.9781,59.8037,54.2094],[5.9736,59.8026,0.0],[5.9697,59.7988,5.0397],[5.9658,59.7982,0.0],[5.9658,59.7962,13.2366],[5.9603,59.7951,0.0],[5.9608,59.7935,24.9558],[5.9564,59.7921,2.9042],[5.9553,59.7899,0.0],[5.9581,59.7863,8.8932],[5.9581,59.7835,0.0],[5.9625,59.781,18.7345],[5.9647,59.7765,0.0],[5.9753,59.7704,0.0],[5.9753,59.7685,0.0],[5.9792,59.764,29.8988],[5.9958,59.7585,0.0],[6.0231,59.7526,6.6157],[6.0358,59.7554,0.0],[6.0553,59.7546,0.0],[6.0575,59.756,0.0],[6.0558,59.7576,17.0382],[6.0664,59.7599,0.0],[6.0675,59.7626,7.1325],[6.0808,59.7596,0.0],[6.0836,59.7613,0.0],[6.0819,59.7663,0.0],[6.0842,59.769,1.7141],[6.0892,59.7696,0.0],[6.0881,59.7724,23.588],[6.0919,59.7762,1.5525],[6.0908,59.7793,1.7591],[6.0958,59.7826,1.3867],[6.0942,59.7857,0.0],[6.0958,59.7876,7.1355],[6.1014,59.7865,0.0],[6.1019,59.7888,17.3284],[6.1069,59.7885,5.5354],[6.1053,59.7879,1.1015],[6.1064,59.7855,8.128],[6.1114,59.7854,0.0],[6.1136,59.7835,18.2219],[6.1108,59.7813,0.0],[6.1119,59.7804,0.0],[6.1219,59.7815,0.0],[6.1269,59.7843,17.524],[6.1281,59.7876,21.8873],[6.1342,59.789,16.8904],[6.1358,59.7918,10.7856],[6.1481,59.7924,43.2824],[6.1619,59.7979,5.7908],[6.1614,59.8007,31.4659],[6.1642,59.8018,0.0],[6.1625,59.8054,0.0],[6.1647,59.8068,0.0],[6.1736,59.8071,0.0],[6.1719,59.8082,21.9437],[6.1742,59.8093,7.9156],[6.1825,59.809,0.0],[6.1847,59.8115,0.0],[6.1892,59.8115,0.0],[6.1964,59.8165,6.7947],[6.2103,59.8213,0.0],[6.2114,59.8243,3.9928],[6.2142,59.8246,0.0],[6.2181,59.8288,25.6726],[6.2286,59.8349,2.7031],[6.2319,59.8343,0.0],[6.2364,59.836,29.4801],[6.2425,59.8349,0.0],[6.2542,59.8393,45.6622],[6.2642,59.8399,0.0],[6.2792,59.8438,139.8152],[6.2869,59.8421,41.0469],[6.2986,59.8443,29.9018],[6.3064,59.8483,8.4411],[6.3136,59.8485,0.0],[6.3225,59.8521,129.3167],[6.3403,59.8535,0.0],[6.3447,59.8563,5.9509],[6.3442,59.8587,15.8856],[6.3425,59.8593,16.2551],[6.3436,59.8615,57.6087],[6.3469,59.8621,98.7707],[6.3525,59.8668,11.4072],[6.3586,59.8676,28.1578],[6.3636,59.8726,7.1854],[6.3675,59.8735,7.1854],[6.3675,59.8754,49.841],[6.3769,59.8757,33.9942],[6.3797,59.874,0.0],[6.3758,59.874,0.0],[6.3714,59.8704,28.9825],[6.3686,59.871,0.0],[6.3575,59.8651,0.0],[6.3558,59.8615,3.7009],[6.3519,59.8601,8.7239],[6.3542,59.8576,1.0358],[6.3569,59.8576,2.0033],[6.3564,59.854,0.0],[6.3542,59.8535,0.0],[6.3542,59.8518,60.6251],[6.3514,59.8521,0.0],[6.3425,59.8474,13.8037],[6.3353,59.8465,11.8648],[6.3186,59.8399,5.674],[6.3019,59.8368,33.1933],[6.2953,59.8371,0.0],[6.2908,59.8363,0.0],[6.2931,59.8354,131.9119],[6.2819,59.8343,0.0],[6.2803,59.8329,4.2414],[6.2503,59.8316,0.0],[6.2292,59.8221,0.0],[6.2269,59.8187,32.0132],[6.2219,59.8165,24.3989],[6.2175,59.8121,0.0],[6.2181,59.8096,6.1827],[6.2164,59.8068,3.2814],[6.2103,59.8029,2.8101],[6.1969,59.7999,24.4917],[6.1808,59.7907,0.0],[6.1764,59.7904,0.0],[6.1769,59.7893,0.0],[6.1392,59.7829,0.0],[6.1381,59.7813,0.0],[6.1414,59.7793,67.4494],[6.1347,59.7735,0.0],[6.1342,59.7713,5.9658],[6.1286,59.7682,6.9368],[6.1275,59.7621,31.2535],[6.1208,59.7585,0.0],[6.1186,59.7513,9.6644],[6.1003,59.7415,3.7876],[6.0997,59.7393,0.0],[6.0914,59.736,5.0006],[6.0825,59.7365,83.5673],[6.0831,59.7382,2.5453],[6.0747,59.7395,27.9669],[6.0697,59.7421,0.0],[6.0564,59.7401,119.0453],[6.0564,59.7415,7.2432],[6.0453,59.7432,63.0708],[6.0447,59.7449,0.0],[6.0419,59.7454,2.0213],[6.0247,59.7415,16.0358],[6.0192,59.7371,0.0],[6.0108,59.7382,12.3279],[6.0103,59.7412,0.0],[6.0036,59.7443,0.0],[5.9931,59.7443,0.4911],[5.9908,59.7438,0.0],[5.9914,59.7418,37.7224],[5.9881,59.7385,0.0],[5.9953,59.7374,18.2236],[5.9953,59.7351,8.9931],[5.9847,59.7343,2.2414],[5.9575,59.7438,8.9111],[5.9581,59.746,6.7205],[5.9642,59.7463,0.0],[5.9664,59.7485,1.7087],[5.9619,59.7551,31.1007],[5.9558,59.7585,15.4198],[5.9486,59.7593,29.011],[5.9486,59.7615,6.3379],[5.9397,59.7621,0.0],[5.9386,59.7635,24.0682],[5.9408,59.7663,0.0],[5.9369,59.7682,26.3788],[5.9375,59.7699,26.4906],[5.9308,59.7701,36.187],[5.9286,59.769,0.0],[5.9292,59.7668,0.0],[5.9314,59.766,9.712],[5.9314,59.7643,0.0],[5.9347,59.7635,73.186],[5.9314,59.7621,0.0],[5.9319,59.7574,26.9413],[5.9431,59.7562,3.2719],[5.9497,59.7524,0.0],[5.9492,59.751,0.0],[5.9436,59.7507,0.0],[5.9431,59.7493,17.2601],[5.9331,59.7457,1.7262],[5.9325,59.7438,4.7648],[5.9347,59.741,1.4198],[5.9419,59.7396,3.533],[5.9414,59.7376,0.0],[5.9392,59.7371,0.0],[5.9403,59.7337,10.1935],[5.9375,59.7337,4.2324],[5.9347,59.736,0.0],[5.9319,59.736,0.0],[5.9325,59.734,0.0],[5.9286,59.734,0.0],[5.9258,59.736,1.6524],[5.9303,59.7363,1.256],[5.9292,59.7388,0.0],[5.9253,59.7385,3.9923],[5.9253,59.7363,1.6524],[5.9203,59.736,6.7359],[5.9136,59.7401,4.1448],[5.9069,59.7407,0.0],[5.9053,59.7396,9.3954],[5.9064,59.7335,8.3185],[5.9053,59.7332,8.3185],[5.8997,59.7349,1.8588],[5.8864,59.7343,8.2578],[5.8858,59.7329,7.0816],[5.8797,59.7332,0.0],[5.8781,59.7307,2.0191],[5.8719,59.7313,4.1469],[5.8631,59.7285,18.8002],[5.8575,59.7293,0.0],[5.8603,59.7268,12.3441],[5.8558,59.7257,0.0],[5.8575,59.724,16.1106],[5.8569,59.7199,0.0],[5.8653,59.7176,9.6733],[5.8642,59.7146,23.7067],[5.8603,59.7137,1.352],[5.8608,59.7115,10.2179],[5.8536,59.7088,0.0],[5.8397,59.7107,3.0754],[5.8342,59.7082,17.8063],[5.8269,59.7076,2.5075],[5.8169,59.7029,8.1084],[5.8164,59.7007,19.1152],[5.8136,59.6999,0.0],[5.8136,59.6968,11.0181],[5.8108,59.6929,21.4911],[5.8053,59.6926,2.2816],[5.8064,59.691,32.9315],[5.8008,59.6885,7.5216],[5.7936,59.6888,0.0],[5.7831,59.6835,7.7257],[5.7831,59.6793,4.0072],[5.7869,59.6763,0.0],[5.7853,59.6726,0.0],[5.7881,59.6707,8.9862],[5.7858,59.6696,2.6957],[5.7853,59.6651,0.0],[5.7914,59.6654,0.0],[5.7931,59.6638,9.2578],[5.7942,59.6601,26.653199999999998],[5.7897,59.6579,7.3419],[5.7897,59.656,7.7999],[5.7931,59.6524,3.3255],[5.7936,59.6482,4.7655],[5.7953,59.6476,4.7655],[5.7986,59.6482,0.0],[5.7992,59.6512,10.0714],[5.8008,59.6518,0.0],[5.8058,59.6499,0.0],[5.8208,59.6496,0.0],[5.8292,59.6529,0.0],[5.8358,59.6524,0.0],[5.8381,59.6554,0.0],[5.8447,59.6579,15.0195],[5.8531,59.6585,0.0],[5.8581,59.6607,17.5014],[5.8653,59.659,5.136],[5.8803,59.6626,0.0],[5.8858,59.6662,2.1429],[5.9036,59.6729,5.4729],[5.9142,59.6726,5.5208],[5.9181,59.6757,16.5798],[5.9236,59.6757,76.545],[5.9303,59.673,-0.0099],[5.9303,59.6715,1.0232],[5.9281,59.671,0.0],[5.9281,59.6685,0.0],[5.9314,59.6651,0.0],[5.9308,59.664,0.0],[5.9192,59.6632,23.8329],[5.9153,59.6657,0.0],[5.9081,59.6579,13.6622],[5.9014,59.6579,1.2835],[5.9008,59.6526,5.9018],[5.8947,59.6501,8.2564],[5.8969,59.6474,4.0094],[5.9003,59.6485,1.416],[5.9031,59.6468,0.0],[5.9208,59.6482,0.0],[5.9225,59.6426,27.8462],[5.9097,59.6424,1.114],[5.9019,59.6443,0.0],[5.8947,59.6426,1.5737],[5.8908,59.6437,7.0564],[5.8925,59.6454,0.0],[5.8869,59.6429,11.4973],[5.8825,59.6451,4.893],[5.8653,59.6446,7.1849],[5.8581,59.649,1.5697],[5.7925,59.6432,11.2164],[5.7936,59.6321,39.3232],[5.7958,59.6271,0.0],[5.8008,59.6221,3.6662],[5.8008,59.619,0.0],[5.8092,59.6137,0.0],[5.8192,59.6113,0.0],[5.8119,59.6068,1.9541],[5.8053,59.6068,1.0332],[5.8031,59.6046,5.5436],[5.7664,59.6001,9.3367],[5.7514,59.6004,0.6673],[5.7453,59.5985,4.6606],[5.7414,59.5996,1.1009],[5.7469,59.6035,0.0],[5.7669,59.604,0.0],[5.7669,59.606,1.197],[5.7703,59.6054,0.0],[5.7769,59.6087,2.6941],[5.7753,59.6101,2.7345],[5.7792,59.6104,0.0],[5.7847,59.6154,3.2261],[5.7886,59.6162,0.0],[5.7869,59.6185,12.3483],[5.7886,59.6196,2.0676],[5.7892,59.6251,10.6908],[5.7842,59.6299,24.163],[5.7842,59.6354,3.8424],[5.7753,59.6432,4.952],[5.7714,59.649,0.0],[5.7597,59.6518,4.7799],[5.7458,59.6518,28.948],[5.7258,59.6565,19.7898],[5.7131,59.6624,0.0],[5.6981,59.6621,0.0],[5.6953,59.6629,5.1244],[5.6964,59.6649,3.0593],[5.6953,59.6654,3.0593],[5.6903,59.6646,4.7244],[5.6869,59.6668,1.6244],[5.6825,59.6665,10.6947],[5.6814,59.6688,0.0],[5.6719,59.6674,6.823],[5.6653,59.6685,9.0747],[5.6647,59.6649,0.683],[5.6564,59.6676,5.7387],[5.6497,59.666,2.1659],[5.6458,59.6685,11.2209],[5.6369,59.6688,4.3278],[5.6253,59.6738,1.4402],[5.6192,59.6783,0.0],[5.6125,59.6793,1.3909],[5.6125,59.681,6.5473],[5.6169,59.6815,2.489],[5.6147,59.6835,2.4388],[5.6081,59.6854,10.8344],[5.5942,59.6849,18.0391],[5.5914,59.6824,0.0],[5.5908,59.6787,40.0776],[5.5747,59.6712,6.4938],[5.5753,59.6693,7.3614],[5.5725,59.6679,3.6695],[5.5731,59.666,6.1253],[5.5669,59.6662,0.0],[5.5636,59.6635,0.0],[5.5636,59.6604,6.9842],[5.5586,59.6532,0.0],[5.5592,59.6485,23.0584],[5.5547,59.6479,0.0],[5.5564,59.6443,2.734],[5.5531,59.6385,0.0],[5.5653,59.6368,20.9348],[5.5608,59.6346,1.8606],[5.5614,59.6324,20.1875],[5.5525,59.6285,0.0],[5.5553,59.6265,12.8671],[5.5536,59.6243,0.0],[5.5542,59.6185,0.0],[5.5569,59.6168,0.0],[5.5592,59.6118,14.7113],[5.5564,59.6079,1.6635],[5.5531,59.6065,0.0],[5.5547,59.6049,0.0],[5.5525,59.6032,0.0],[5.5553,59.5996,0.0],[5.5597,59.5985,12.59],[5.5575,59.596,0.0],[5.5597,59.594,6.6166],[5.5669,59.5926,0.0],[5.5769,59.5943,4.332],[5.5831,59.5932,0.0],[5.5808,59.5921,0.0],[5.5819,59.5899,6.8542],[5.5808,59.5893,3.9473],[5.5697,59.5876,2.0837],[5.5636,59.5824,0.0],[5.5647,59.5788,0.0],[5.5586,59.5774,0.0],[5.5625,59.5746,0.0],[5.5653,59.5746,3.5701],[5.5658,59.5665,0.0],[5.5686,59.5657,0.5976],[5.5653,59.5624,0.0],[5.5669,59.5588,0.0],[5.5636,59.5563,0.0],[5.5625,59.5532,4.3123],[5.5569,59.5518,0.0],[5.5569,59.5499,0.0],[5.5614,59.546,10.2557],[5.5581,59.5465,4.1064],[5.5569,59.5488,0.0],[5.5508,59.5474,1.8329],[5.5508,59.5518,1.634],[5.5469,59.5496,7.2712],[5.5497,59.5462,4.1809],[5.5482,59.5435,4.5236],[5.5496,59.5404,14.6524],[5.5582,59.5414,47.1956],[5.5601,59.537,25.9277],[5.5688,59.538,50.937],[5.5707,59.5336,50.2294],[5.5794,59.5346,93.886],[5.5813,59.5302,159.8305],[5.59,59.5312,188.6186],[5.5919,59.5268,217.6227],[5.6179,59.5297,314.6779],[5.616,59.5341,256.5954],[5.6246,59.535,241.2812],[5.6227,59.5394,245.1899],[5.6314,59.5404,397.5721],[5.6295,59.5448,213.6887],[5.6642,59.5486,182.4252],[5.6528,59.5749,509.2722],[5.6614,59.5759,362.0605],[5.6595,59.5802,364.7454],[5.6769,59.5822,453.1589],[5.675,59.5866,378.3396],[5.6924,59.5885,455.3712],[5.6943,59.5841,415.0688],[5.7029,59.5851,184.7007],[5.7048,59.5807,112.1097],[5.7135,59.5816,52.0406],[5.7154,59.5773,57.963],[5.7241,59.5782,116.1581],[5.7298,59.5651,197.5648],[5.8426,59.5775,357.1145],[5.8445,59.5732,270.5402],[5.8706,59.576,241.1938],[5.8687,59.5804,288.6084],[5.8861,59.5823,279.9971],[5.8842,59.5867,304.636],[5.8929,59.5876,328.5653],[5.891,59.592,325.432],[5.8997,59.593,345.9501],[5.8978,59.5974,363.9739],[5.9065,59.5983,389.1777],[5.9047,59.6027,455.6255],[5.922,59.6046,480.66],[5.9202,59.609,519.3895],[5.9376,59.6109,539.5074],[5.9394,59.6065,518.1817],[5.9568,59.6084,663.2814],[5.9587,59.604,565.2219],[5.9761,59.6059,605.728],[5.9835,59.5884,544.5683],[5.9748,59.5874,560.7792],[5.9767,59.583,663.2343],[5.9854,59.584,574.306],[5.9873,59.5796,599.8013],[6.0133,59.5824,686.9156],[6.0115,59.5868,711.4506],[6.0202,59.5877,710.7952],[6.0183,59.5921,651.2192],[6.0792,59.5987,583.5],[6.081,59.5943,583.5],[6.0984,59.5962,663.9802],[6.1002,59.5918,572.1782],[6.1089,59.5928,506.9704],[6.1108,59.5884,465.9281],[6.1456,59.5921,654.3622],[6.1474,59.5877,923.8267],[6.1909,59.5924,962.2968],[6.1762,59.6275,898.8001],[6.1849,59.6284,830.1822],[6.1812,59.6372,814.5312],[6.1986,59.639,884.5997],[6.1968,59.6434,849.7953],[6.2055,59.6444,842.0],[6.2037,59.6487,875.3571],[6.2124,59.6497,891.7564],[6.2087,59.6584,1040.0388],[6.2174,59.6594,1097.0687],[6.2138,59.6681,990.8624],[6.2225,59.6691,990.1825],[6.2188,59.6778,904.3555],[6.2275,59.6788,908.7823],[6.2239,59.6875,776.4358],[6.2326,59.6885,758.5695],[6.2307,59.6929,573.4602],[6.2482,59.6947,993.9011],[6.2464,59.6991,1080.3528],[6.2725,59.7019,1213.1588],[6.2652,59.7194,1119.4436],[6.2739,59.7204,1134.1562],[6.2684,59.7335,1106.0972],[6.2772,59.7344,1081.4412],[6.2735,59.7432,1128.8029],[6.2822,59.7441,1140.6921],[6.2786,59.7529,1216.635],[6.2873,59.7538,1147.7034],[6.2836,59.7626,1057.1664],[6.3011,59.7645,1152.6877],[6.303,59.7601,1098.8804],[6.3292,59.7629,900.3311],[6.3274,59.7672,993.2988],[6.3361,59.7682,931.2687],[6.3306,59.7813,1066.4768],[6.3481,59.7832,1150.275],[6.3463,59.7876,1182.1295],[6.3726,59.7903,1065.4392],[6.3707,59.7947,1003.762],[6.3882,59.7965,1162.6698],[6.3864,59.8009,981.7495],[6.4127,59.8037,1037.5754],[6.4109,59.8081,1005.8506],[6.4371,59.8108,1190.7299],[6.4353,59.8152,1234.2546],[6.4616,59.818,1129.7726],[6.4598,59.8223,1192.5867],[6.4861,59.8251,952.2546],[6.4843,59.8295,954.5989],[6.5018,59.8313,1052.9655],[6.5,59.8357,872.1528],[6.5263,59.8384,1099.4795],[6.5245,59.8428,1127.615],[6.5333,59.8437,1077.0345],[6.5351,59.8393,1036.813],[6.5526,59.8411,1035.8451],[6.5544,59.8367,1074.5446],[6.5632,59.8377,1180.0222],[6.565,59.8333,1178.5123],[6.5825,59.8351,1151.9026],[6.5843,59.8307,1151.6195],[6.6721,59.8397,1067.9969],[6.6756,59.8309,1109.3417],[6.6844,59.8318,1062.3064],[6.6915,59.8142,1028.6145],[6.6828,59.8133,1025.5],[6.6863,59.8046,1063.5603],[6.6776,59.8037,1025.5],[6.6794,59.7993,1041.5286],[6.6706,59.7984,1055.4882],[6.6849,59.7632,1061.9597],[6.6761,59.7623,951.5565],[6.6797,59.7535,996.6874],[6.6709,59.7526,931.8957],[6.6745,59.743899999999996,894.7279],[6.6658,59.743,871.1824],[6.6675,59.7386,932.1585],[6.6588,59.7377,948.7713],[6.6624,59.7289,923.66],[6.6536,59.728,887.534],[6.6554,59.7236,827.9359],[6.6466,59.7227,921.345],[6.652,59.7095,987.8223],[6.6607,59.7104,950.606],[6.6625,59.706,894.1492],[6.6713,59.7069,931.5715],[6.673,59.7025,991.809],[6.6818,59.7034,1064.6292],[6.6836,59.699,1027.0785],[6.6923,59.6999,1057.2734],[6.6941,59.6955,1050.0391],[6.7727,59.7036,932.3458],[6.771,59.708,1035.7458],[6.7884,59.7098,1101.0066],[6.7867,59.7142,1181.3632],[6.8042,59.7159,1167.313],[6.8024,59.7203,1106.3276],[6.8111,59.7212,1418.2744],[6.8094,59.7256,1348.3138],[6.8269,59.7274,1417.5483],[6.8251,59.7318,1419.8572],[6.8426,59.7336,1488.623],[6.8409,59.738,1435.9065],[6.9021,59.7442,1557.5599],[6.9004,59.7486,1556.6071],[6.9266,59.7512,1574.5775],[6.9249,59.7556,1559.7809],[6.9424,59.7574,1484.704],[6.9407,59.7618,1461.51],[6.9669,59.7644,1221.5565],[6.9652,59.7688,1200.2579],[6.9915,59.7714,1385.207],[6.9897,59.7758,1341.0375],[7.0423,59.7811,1356.0129],[7.0441,59.7767,1356.759],[7.0879,59.7811,1571.5004],[7.0967,59.7819,1567.1427],[7.095,59.7863,1610.4156],[7.1125,59.7881,1533.5585],[7.1108,59.7925,1466.0975],[7.1195,59.7933,1428.4507],[7.1178,59.7977,1438.5206],[7.1266,59.7986,1438.113],[7.1249,59.803,1290.3209],[7.1424,59.8047,1305.0299],[7.1407,59.8092,1253.7947],[7.1495,59.81,1204.7131],[7.146,59.8188,1030.0621],[7.1548,59.8197,1012.589],[7.1531,59.8241,967.1107],[7.1619,59.825,978.5002],[7.1567,59.8382,970.5154],[7.1479,59.8373,971.912],[7.1427,59.8505,1015.1988],[7.1515,59.8513,1053.4194],[7.1446,59.868899999999996,1546.2965],[7.1534,59.8698,1272.0498],[7.1482,59.883,1334.9254],[7.157,59.8839,1576.8693],[7.1536,59.8927,1582.9802],[7.1624,59.8936,1515.2903],[7.1606,59.8979,1515.0343],[7.1694,59.8988,1544.9137],[7.166,59.9076,1629.0607],[7.1748,59.9085,1284.9176],[7.1731,59.9129,1265.8916],[7.1819,59.9137,1261.3435],[7.1784,59.9226,1343.6201],[7.1872,59.9234,1380.9199],[7.1855,59.9278,1413.2462],[7.1943,59.9287,1384.4805],[7.1909,59.9375,1419.9634],[7.1997,59.9383,1450.6167],[7.1979,59.9427,1439.4653],[7.2068,59.9436,1355.9692],[7.205,59.948,1406.4087],[7.2138,59.9489,1238.9125],[7.2121,59.9533,1263.4611],[7.2209,59.9541,1248.0535],[7.2192,59.9585,1265.9541],[7.228,59.9594,1447.1465],[7.2263,59.9638,1451.1243],[7.244,59.9655,1346.3127],[7.2422,59.9699,1331.3873],[7.2511,59.9708,1337.9678],[7.2493,59.9752,1229.4788],[7.267,59.9769,1163.0645],[7.2653,59.9813,1161.6176],[7.2741,59.9822,1167.6733],[7.2724,59.9866,1171.02],[7.3165,59.9909,1258.5083],[7.3182,59.9865,1254.7765],[7.3359,59.9882,1264.3445],[7.3342,59.9926,1254.8672],[7.3607,59.9951,1299.3881],[7.359,59.9995,1294.0773],[7.3855,60.0021,1351.0171],[7.3837,60.0065,1376.2897],[7.4103,60.0091,1339.4365],[7.4086,60.0135,1294.9614],[7.4351,60.016,1322.1125],[7.4334,60.0204,1344.2699],[7.4422,60.0213,1301.9276],[7.4405,60.0257,1256.215],[7.4494,60.0265,1183.9976],[7.446,60.0353,1101.8461],[7.4548,60.0362,1103.2168],[7.4514,60.045,1142.5007],[7.4603,60.0458,1158.927],[7.4569,60.0546,1232.1702],[7.4657,60.0555,1193.4169],[7.464,60.0599,1117.0811],[7.4729,60.0607,1111.5],[7.4695,60.0695,1141.8483],[7.4783,60.0704,1176.1066],[7.4749,60.0792,1291.812],[7.4838,60.08,1305.9489],[7.4804,60.0889,1298.438],[7.4893,60.0897,1312.0103],[7.4876,60.0941,1367.5161],[7.4964,60.0949,1321.158],[7.493,60.1038,1385.9872],[7.5019,60.1046,1386.6307],[7.5002,60.109,1354.5991],[7.5091,60.1098,1345.5699],[7.5074,60.1143,1302.0118],[7.5162,60.1151,1301.4132],[7.5145,60.1195,1308.6034],[7.5234,60.1203,1307.9114],[7.5217,60.1247,1321.5425],[7.5306,60.1256,1294.1036],[7.5272,60.1344,1261.2163],[7.5361,60.1352,1262.9233],[7.5344,60.1396,1260.6409],[7.5432,60.1405,1258.6061],[7.5416,60.1449,1259.4127],[7.5504,60.1457,1253.8746],[7.5487,60.1501,1257.3275],[7.5576,60.151,1263.1152],[7.5559,60.1554,1287.0475],[7.5648,60.1562,1265.3494],[7.5631,60.1606,1259.6553],[7.572,60.1615,1223.8046],[7.5686,60.1703,1306.7078],[7.5775,60.1711,1353.9921],[7.5758,60.1755,1324.1566],[7.5847,60.1764,1354.6837],[7.5813,60.1852,1229.4175],[7.5902,60.186,1225.3876],[7.5868,60.1948,1236.5402],[7.5957,60.1957,1236.3711],[7.5907,60.2089,1235.8496],[7.5995,60.2097,1239.6016],[7.5962,60.2185,1247.2393],[7.6051,60.2194,1259.7867],[7.6,60.2326,1234.7667],[7.6089,60.2334,1225.5699],[7.6055,60.2422,1222.6564],[7.6144,60.2431,1215.2104],[7.6127,60.2475,1220.1537],[7.6216,60.2483,1218.9729],[7.6199,60.2527,1217.512],[7.6289,60.2536,1218.1384],[7.6272,60.258,1221.2518],[7.6361,60.2588,1217.073],[7.6344,60.2632,1213.5438],[7.6433,60.2641,1214.2117],[7.6399,60.2729,1215.0261],[7.6488,60.2737,1216.8475],[7.6471,60.2781,1221.2394],[7.6561,60.2789,1231.1514],[7.6544,60.2834,1227.2499],[7.6632999999999996,60.2842,1218.0667],[7.6616,60.2886,1216.0496],[7.6705,60.2894,1228.6786],[7.6688,60.2938,1276.0833],[7.6778,60.2947,1308.6089],[7.671,60.3123,1365.392],[7.6799,60.3131,1325.9049],[7.6732,60.3308,1336.6984],[7.6821,60.3316,1333.4473],[7.6754,60.3492,1164.7214],[7.6843,60.35,1156.0981],[7.6759,60.3721,1180.3723],[7.6848,60.3729,1190.6719],[7.6781,60.3905,1156.3621],[7.687,60.3914,1137.8938],[7.6803,60.409,1169.2988],[7.6892,60.4098,1147.4519],[7.6841,60.4231,1231.3595],[7.6931,60.4239,1286.6582],[7.6863,60.4415,1323.6554],[7.6953,60.4424,1248.7203],[7.6902,60.4556,1179.8347],[7.6992,60.4564,1176.5741],[7.6941,60.4696,1175.8555],[7.7031,60.4705,1181.0114],[7.698,60.4837,1291.4487],[7.707,60.4845,1304.2527],[7.7002,60.5021,1241.658],[7.7092,60.503,1234.1895],[7.7041,60.5162,1391.3319],[7.7131,60.517,1433.3831],[7.708,60.5302,1383.1079],[7.699,60.5294,1431.0234],[7.6973,60.5338,1370.6895],[7.6883,60.533,1408.1155],[7.6866,60.5374,1253.9863],[7.6776,60.5366,1367.4491],[7.6759,60.541,1223.6292],[7.6669,60.5401,1434.5663],[7.6652,60.5445,1249.9299],[7.6563,60.5437,1427.6086],[7.6529,60.5525,1186.0177],[7.6439,60.5517,1216.519],[7.6404,60.5605,1403.9711],[7.6315,60.5597,1334.8826],[7.6161,60.5993,1437.3682],[7.6251,60.6002,1311.9886],[7.6217,60.609,1441.9681],[7.6307,60.6098,1482.4823],[7.6255,60.623,1790.9789],[7.6345,60.6239,1764.7322],[7.6294,60.6371,1649.455],[7.6204,60.6362,1660.5814],[7.6187,60.6406,1529.8092],[7.6097,60.6398,1594.3862],[7.6079,60.6442,1707.5229],[7.5899,60.6425,1449.0752],[7.5882,60.6469,1449.0862],[7.5792,60.6461,1451.2014],[7.5775,60.6505,1542.9188],[7.5685,60.6497,1685.4962],[7.5667,60.6541,1503.0734],[7.5577,60.6532,1536.8336],[7.556,60.6576,1647.5039],[7.547,60.6568,1694.7434],[7.5453,60.6612,1620.1499],[7.5272,60.6595,1615.5547],[7.5255,60.6639,1515.5385],[7.5165,60.6631,1535.1589],[7.5147,60.6675,1342.2239],[7.4967,60.6658,1363.8157],[7.495,60.6702,1357.8978],[7.4769,60.6685,1404.6436],[7.4752,60.6729,1526.0665],[7.4572,60.6712,1556.6377],[7.4554,60.6756,1702.1389],[7.4284,60.6731,1580.1135],[7.4266,60.6775,1499.6808],[7.4086,60.6758,1519.6633],[7.4069,60.6802,1482.8527],[7.3798,60.6776,1452.5001],[7.3781,60.682,1483.2072],[7.36,60.6803,1486.1095],[7.3583,60.6847,1493.1198],[7.3312,60.6821,1549.5775],[7.3277,60.6909,1469.007],[7.3187,60.6901,1559.5164],[7.3169,60.6945,1492.0911],[7.2899,60.6919,1536.2698],[7.2881,60.6963,1420.6733],[7.2701,60.6946,1415.6725],[7.2683,60.699,1348.2573],[7.2412,60.6964,1356.8761],[7.2395,60.7008,1329.4772],[7.2124,60.6982,1088.9431],[7.2106,60.7026,960.4016],[7.1746,60.6991,1494.4795],[7.1763,60.6947,1532.2477],[7.1403,60.6913,1572.8885],[7.1385,60.6957,1607.4233],[7.1205,60.6939,1587.6802],[7.1187,60.6983,1253.6951],[7.1097,60.6974,1461.1104],[7.1061,60.7062,1412.5079],[7.0971,60.7054,1372.1696],[7.0935,60.7142,1465.0001],[7.0213,60.7072,1270.6802],[7.0195,60.7116,1176.5145],[7.0105,60.7107,1050.9508],[7.0087,60.7151,917.6036],[6.9907,60.7133,820.7507],[6.9744,60.7529,1326.9603],[6.9834,60.7538,1311.5948],[6.9762,60.7714,1249.7905],[6.9581,60.7696,1018.3011],[6.9563,60.774,983.7908],[6.9292,60.7714,956.1292],[6.9274,60.7757,938.6096],[6.8732,60.7704,1190.6133],[6.8714,60.7748,1098.1183],[6.8804,60.7757,1206.5267],[6.8768,60.7845,1195.9838],[6.8858,60.7854,1244.1908],[6.8822,60.7942,1276.0725],[6.8912,60.7951,1234.3875],[6.8875,60.8039,1296.0344],[6.8966,60.8047,1265.9973],[6.8911,60.8179,1271.0752],[6.8821,60.817,1212.5747],[6.8784,60.8258,1338.1326],[6.8151,60.8196,1321.1583],[6.8096,60.8328,1221.9408],[6.8005,60.8319,1088.7821],[6.7987,60.8363,1159.9518],[6.7625,60.8327,1105.4464],[6.7607,60.8371,1138.1104],[6.7335,60.8344,1097.3174],[6.7317,60.8388,977.0071],[6.7226,60.8379,925.3021],[6.7171,60.8511,448.4696],[6.7261,60.852,704.6658],[6.7243,60.8564,407.7206],[6.7333,60.8573,799.1431],[6.7315,60.8617,672.4717],[6.7405,60.8626,959.2787],[6.7368,60.8714,897.562],[6.7459,60.8723,1243.4813],[6.744,60.8767,1064.5785],[6.7531,60.8775,1201.2708],[6.7513,60.8819,1088.031],[6.8237,60.8891,1066.2946],[6.809,60.9243,1420.1414],[6.7818,60.9216,1295.7643],[6.7836,60.9172,1077.5916],[6.7746,60.9163,1089.0594],[6.7764,60.9119,996.8484],[6.7583,60.9101,710.0427],[6.7564,60.9145,715.0232],[6.7474,60.9136,705.8441],[6.7436,60.9224,726.6317],[6.7527,60.9233,751.3742],[6.749,60.9321,719.6886],[6.7127,60.9285,831.333],[6.7053,60.946,1077.9122],[6.6962,60.9451,1011.8257],[6.6906,60.9583,1357.2158],[6.6815,60.9574,1398.5397],[6.6797,60.9618,1230.0601],[6.6706,60.9609,1346.771],[6.6687,60.9653,1422.9945],[6.6597,60.9644,1361.1235],[6.669,60.9424,1167.2367],[6.6599,60.9415,1164.8911],[6.6655,60.9284,1404.4683],[6.602,60.922,1103.2903],[6.6039,60.9176,1328.5182],[6.5949,60.9167,1219.8831],[6.5967,60.9123,1269.5432],[6.5877,60.9114,1103.8519],[6.5895,60.907,1196.5482],[6.5805,60.9061,1213.9037],[6.5824,60.9017,1292.0369],[6.5642,60.8999,1146.9347],[6.5661,60.8955,1249.8213],[6.5389,60.8928,1337.788],[6.5352,60.9016,1262.6848],[6.5261,60.9007,1280.095],[6.5224,60.9095,1033.3301],[6.5133,60.9085,1108.0564],[6.4963,60.9481,1034.7329],[6.4691,60.9453,1059.187],[6.471,60.9409,1091.7551],[6.4619,60.94,1022.4111],[6.4638,60.9356,1058.1558],[6.4548,60.9347,991.4623],[6.4566,60.9303,1035.3568],[6.4476,60.9294,1003.1086],[6.4495,60.925,977.0422],[6.4404,60.9241,1024.8525],[6.4385,60.9285,970.4996],[6.4113,60.9257,1167.9092],[6.4094,60.9301,1090.79],[6.3822,60.9274,1227.1569],[6.3842,60.923,1258.5487],[6.3751,60.922,1232.1266],[6.377,60.9177,1251.6094],[6.3589,60.9158,1100.5148],[6.3608,60.9114,1235.7922],[6.3517,60.9105,1095.5867],[6.3536,60.9061,1280.0977],[6.3446,60.9052,1170.8546],[6.3465,60.9008,1240.8889],[6.3284,60.899,1221.5559],[6.3303,60.8946,1232.3278],[6.3212,60.8936,1171.0315],[6.3232,60.8893,1096.1796],[6.3141,60.8883,1098.6936],[6.316,60.8839,1100.8241],[6.307,60.883,1128.3857],[6.3089,60.8786,1096.3708],[6.2998,60.8777,1089.4486],[6.2979,60.8821,1105.3615],[6.2889,60.8812,1128.6749],[6.287,60.8856,1059.1156],[6.2779,60.8846,1069.8599],[6.276,60.889,1098.7794],[6.267,60.8881,1106.7694],[6.265,60.8925,1179.0759],[6.256,60.8915,1084.9935],[6.2541,60.8959,984.5046],[6.245,60.895,902.2939],[6.2431,60.8994,863.313],[6.2341,60.8984,831.3675],[6.2302,60.9072,930.7731],[6.2212,60.9063,971.6288],[6.2192,60.9107,970.1047],[6.2102,60.9097,1011.2265],[6.2083,60.9141,1076.4556],[6.1901,60.9123,1093.0574],[6.1882,60.9166,1043.2896],[6.1701,60.9148,1133.4775],[6.1682,60.9192,994.2676],[6.1591,60.9182,1116.3605],[6.1572,60.9226,1133.3376],[6.1481,60.9217,1138.3784],[6.1365,60.948,926.9164],[6.1456,60.9489,841.6597],[6.1398,60.9621,909.4432],[6.1488,60.963,895.6229],[6.1411,60.9805,836.2841],[6.1229,60.9787,873.2123],[6.121,60.9831,604.7202],[6.1119,60.9821,594.1395],[6.11,60.9865,699.614],[6.1009,60.9856,776.0663],[6.0989,60.9899,941.1845],[6.0899,60.989,992.285],[6.084,61.0022,963.8675],[6.0749,61.0012,1004.975],[6.0671,61.0187,1161.1227],[6.058,61.0178,1177.2671],[6.0541,61.0266,1253.8656],[6.0451,61.0256,1244.8044],[6.0431,61.03,1211.5062],[6.034,61.0291,1179.7051],[6.0321,61.0334,1187.9971],[6.023,61.0325,1033.1405],[6.0249,61.0281,1108.905],[5.9977,61.0253,1050.786],[5.9997,61.0209,1046.7782],[5.9815,61.019,1107.9042],[5.9835,61.0146,1049.517],[5.9472,61.0108,1155.3331],[5.9491,61.0064,1133.6368],[5.931,61.0045,1223.9316],[5.933,61.0002,1215.9691],[5.9239,60.9992,1201.2511],[5.9259,60.9948,1159.4402],[5.9168,60.993899999999996,1073.4171],[5.9188,60.9895,983.5001],[5.9097,60.9885,1095.5459],[5.9117,60.9842,1025.4082],[5.9026,60.9832,1170.6969],[5.9066,60.9744,1110.6134],[5.8975,60.9735,1022.4819],[5.9015,60.9647,1121.0531],[5.8924,60.9638,986.4988],[5.8964,60.955,987.5435],[5.8601,60.9512,917.4324],[5.8582,60.9556,965.8436],[5.8491,60.9546,1007.007],[5.8451,60.9634,1013.0034],[5.8361,60.9624,872.1379],[5.8321,60.9712,898.6273],[5.8231,60.9702,954.3842],[5.8171,60.9834,817.4875],[5.808,60.9824,904.6574],[5.8061,60.9868,958.3948],[5.7517,60.981,727.5284],[5.7537,60.9766,711.5255],[5.7356,60.9747,809.6567],[5.7396,60.966,634.0872],[5.7305,60.965,663.0641],[5.7325,60.9606,553.0009],[5.7235,60.9596,661.7077],[5.7215,60.964,570.7463],[5.6943,60.9611,586.5495],[5.6923,60.9655,732.4506],[5.6742,60.9636,684.5725],[5.6662,60.9811,822.3851],[5.6299,60.9772,683.246],[5.632,60.9728,694.7894],[5.6138,60.9709,744.1011],[5.6159,60.9665,750.7002],[5.5978,60.9645,728.6495],[5.5998,60.9602,697.5],[5.5817,60.9582,697.5],[5.5837,60.9538,727.9915],[5.5656,60.9519,719.9235],[5.5676,60.9475,766.227],[5.5495,60.9456,725.3624],[5.5516,60.9412,723.358],[5.5335,60.9392,606.2172],[5.5355,60.9349,735.1705],[5.5265,60.9339,712.6123],[5.5285,60.9295,695.0634],[5.5104,60.9276,668.6476],[5.5124,60.9232,644.1423],[5.5034,60.9222,517.6958],[5.4953,60.9397,251.1824],[5.4772,60.9377,624.6412],[5.4792,60.9334,578.857],[5.434,60.9284,574.8057],[5.4361,60.9241,641.1416],[5.418,60.9221,520.5],[5.4201,60.9177,652.9781],[5.3749,60.9128,517.0862],[5.3729,60.9172,449.7979],[5.3548,60.9152,647.773],[5.3527,60.9196,528.5004],[5.3437,60.9186,389.6582],[5.3335,60.9404,559.4679],[5.3244,60.9394,259.5439],[5.3224,60.9438,296.03],[5.3043,60.9418,564.0647],[5.3084,60.9331,374.6116],[5.2994,60.9321,349.0044],[5.3014,60.9277,274.0419],[5.2563,60.9227,302.1352],[5.2542,60.9271,457.3226],[5.2452,60.9261,493.2018],[5.2473,60.9218,522.8388],[5.2382,60.9208,359.7722],[5.2403,60.9164,555.2592],[5.2222,60.9144,207.5658],[5.2243,60.91,273.6939],[5.2063,60.908,381.4208],[5.2083,60.9037,166.0978],[5.1813,60.9007,392.3357],[5.1854,60.8919,217.0349],[5.1764,60.8909,149.4397],[5.1826,60.8778,100.45],[5.1736,60.8768,139.5025],[5.1777,60.8681,236.832],[5.1687,60.8671,161.9197],[5.1708,60.8627,62.47],[5.1617,60.8617,66.3871],[5.1638,60.8573,33.8169],[5.1548,60.8563,45.4919],[5.1569,60.852,6.6058],[5.1479,60.851,107.0516],[5.1525,60.8411,0.0],[5.1771,60.8417,0.0],[5.1813,60.8458,0.0],[5.1896,60.8458,13.2298],[5.1911,60.8453,15.2794],[5.1922,60.8401,0.0],[5.1943,60.838,16.562],[5.212,60.837,9.251],[5.2104,60.8354,5.3017],[5.2026,60.8349,0.0],[5.2021,60.8333,0.0],[5.2141,60.8328,0.0],[5.2182,60.8307,0.0],[5.2193,60.8255,15.1965],[5.2208,60.825,9.2393],[5.225,60.825,0.0],[5.2292,60.8271,0.0],[5.2333,60.825,11.2067],[5.2375,60.825,16.2707],[5.2391,60.8255,16.4891],[5.2401,60.8307,0.0],[5.2417,60.8312,0.0],[5.2521,60.8292,0.0],[5.2563,60.8312,0.0],[5.2604,60.8312,0.0],[5.2724,60.8245,0.0],[5.2729,60.8208,0.0],[5.2807,60.8203,0.0],[5.2818,60.8151,6.5695],[5.2875,60.8146,45.9367],[5.2958,60.8104,0.0],[5.3042,60.8104,10.7124],[5.3083,60.8083,11.172],[5.3125,60.8083,0.0],[5.3146,60.8104,0.0],[5.3109,60.813,0.0],[5.3146,60.8167,0.0],[5.3109,60.8193,31.9818],[5.313,60.8307,0.0],[5.3188,60.8292,0.0],[5.3333,60.8292,0.0],[5.3391,60.8318,0.0],[5.3401,60.8391,11.7817],[5.3432,60.8401,0.0],[5.3417,60.8438,0.0],[5.3417,60.8521,0.0],[5.3438,60.8563,0.0],[5.3443,60.8641,9.8333],[5.3646,60.875,0.0],[5.3833,60.8771,0.0],[5.3875,60.8792,0.0],[5.3917,60.8792,32.2978],[5.3958,60.8771,120.4773],[5.4208,60.8771,0.0],[5.4354,60.8812,39.5218],[5.4479,60.8812,0.0],[5.4604,60.8854,0.0],[5.4708,60.8854,0.0],[5.4766,60.888,0.0],[5.4734,60.8911,0.0],[5.4807,60.8922,0.0],[5.4818,60.8953,20.721],[5.4937,60.9,0.0],[5.4979,60.9,0.0],[5.5036,60.8974,54.4694],[5.5036,60.8943,184.4051],[5.4943,60.8911,79.7941],[5.4859,60.8859,0.0],[5.4891,60.8849,94.488],[5.4922,60.8797,21.5248],[5.5021,60.8771,0.0],[5.512,60.8766,24.7336],[5.513,60.8714,48.3637],[5.5146,60.8708,46.3161],[5.5271,60.8708,0.0],[5.5313,60.8729,0.0],[5.5354,60.8729,0.0],[5.5396,60.8708,0.0],[5.55,60.875,22.493],[5.5625,60.8729,0.0],[5.5667,60.875,0.0],[5.5708,60.8708,0.0],[5.575,60.8708,0.0],[5.5792,60.8729,0.0],[5.5891,60.8724,0.0],[5.5891,60.8693,125.8787],[5.5833,60.8667,404.026],[5.5604,60.8667,37.0605],[5.5563,60.8646,95.7888],[5.5521,60.8667,0.0],[5.5438,60.8667,126.5865],[5.5396,60.8688,37.5502],[5.5354,60.8688,37.767],[5.5297,60.8661,0.0],[5.5271,60.8625,28.1914],[5.5083,60.8625,138.7083],[5.5042,60.8604,188.2721],[5.4875,60.8688,195.9699],[5.475,60.8667,576.0433],[5.4708,60.8688,550.6438],[5.4458,60.8688,42.1369],[5.4443,60.8672,141.1774],[5.4479,60.8646,279.6192],[5.4458,60.8625,668.1343],[5.4396,60.8646,415.6877],[5.4333,60.8646,248.4276],[5.4292,60.8667,38.372],[5.4146,60.8625,300.1479],[5.3938,60.8646,116.7397],[5.3896,60.8667,0.0],[5.3854,60.8667,87.6155],[5.3813,60.8646,187.6378],[5.3729,60.8646,73.3604],[5.3693,60.862,27.5974],[5.3682,60.8568,154.9649],[5.3651,60.8557,89.5496],[5.3641,60.8505,112.1383],[5.3589,60.8495,14.9701],[5.3578,60.8464,107.6032],[5.3547,60.8453,44.9037],[5.3521,60.8375,0.0],[5.3526,60.8359,0.0],[5.3641,60.8307,125.8795],[5.3651,60.8276,0.0],[5.3714,60.8234,0.0],[5.3786,60.8224,0.0],[5.3786,60.8172,0.0],[5.3563,60.8187,26.3962],[5.3521,60.8167,48.2588],[5.3417,60.8167,99.7158],[5.3318,60.8141,59.4932],[5.3313,60.8083,54.5907],[5.3349,60.8047,88.6886],[5.3297,60.8036,11.0998],[5.3286,60.8005,107.0309],[5.3188,60.7979,80.7658],[5.3062,60.8,43.5752],[5.3005,60.7974,57.5926],[5.2943,60.7932,0.0],[5.2932,60.7901,20.3643],[5.2797,60.7828,14.4015],[5.2786,60.7797,15.3158],[5.2755,60.7786,7.7008],[5.2786,60.7755,0.0],[5.2734,60.7745,0.0],[5.2724,60.7714,9.8817],[5.2693,60.7703,16.4571],[5.2693,60.7651,23.4923],[5.2724,60.7641,37.9933],[5.2714,60.7609,18.7168],[5.2771,60.7583,5.5349],[5.2896,60.7562,0.0],[5.2979,60.7521,8.1834],[5.3062,60.7521,34.5367],[5.3104,60.75,0.0],[5.3188,60.75,28.5197],[5.3229,60.7479,0.0],[5.3271,60.7521,13.2526],[5.3438,60.7521,42.2246],[5.3495,60.7495,9.2534],[5.3505,60.7443,0.0],[5.3646,60.7396,28.2569],[5.3745,60.7401,0.0],[5.3771,60.7438,0.0],[5.3828,60.7432,0.0],[5.387,60.7411,0.0],[5.3839,60.7391,0.0],[5.3813,60.7313,74.0313],[5.3833,60.7292,45.9087],[5.3917,60.7292,0.0],[5.3953,60.7318,0.0],[5.3964,60.7349,0.0],[5.4036,60.7349,59.9934],[5.4036,60.7318,21.9231],[5.3984,60.7307,0.0],[5.3984,60.7214,31.6014],[5.412,60.7141,38.1514],[5.413,60.7109,15.3511],[5.4188,60.7083,0.0],[5.4271,60.7083,0.0],[5.4354,60.7125,35.39],[5.4396,60.7104,0.0],[5.4479,60.7104,0.0],[5.4578,60.7078,252.8948],[5.4578,60.7047,463.8775],[5.4563,60.7042,595.5185],[5.4521,60.7062,299.736],[5.4354,60.7062,134.4086],[5.4255,60.7036,111.0352],[5.4234,60.7005,21.8961],[5.4359,60.6943,27.565],[5.4432,60.6932,73.2879],[5.4443,60.6901,12.8256],[5.4473,60.6891,19.5891],[5.4464,60.6859,0.0],[5.4495,60.6849,34.7039],[5.4464,60.6818,0.0],[5.4521,60.6813,87.2346],[5.4589,60.6776,0.0],[5.4646,60.6771,41.4371],[5.4703,60.6745,0.0],[5.4703,60.6714,0.0],[5.4651,60.6682,10.258],[5.4682,60.6661,0.0],[5.4682,60.6609,0.0],[5.4651,60.6609,5.6124],[5.4526,60.6672,12.8682],[5.4516,60.6703,0.0],[5.4458,60.6708,101.3674],[5.4401,60.6734,38.5733],[5.4339,60.6776,14.4475],[5.4328,60.6807,0.0],[5.4214,60.6859,81.0002],[5.4203,60.6891,0.0],[5.413,60.6901,133.5903],[5.4141,60.6932,27.9203],[5.4083,60.6958,5.6304],[5.3901,60.6953,13.1421],[5.3875,60.6917,0.0],[5.3875,60.6833,9.1512],[5.3859,60.6797,0.0],[5.3932,60.6786,1.7524],[5.3943,60.6755,0.0],[5.3984,60.6734,0.0],[5.4057,60.6724,13.5233],[5.4182,60.6661,37.6183],[5.4172,60.6609,0.0],[5.4214,60.6589,4.9881],[5.437,60.6557,35.0542],[5.438,60.6526,0.0],[5.4443,60.6484,0.0],[5.4599,60.6432,7.4042],[5.4599,60.6359,0.0],[5.4464,60.6359,12.2013],[5.4474,60.6391,0.0],[5.4417,60.6417,0.0],[5.4359,60.6422,0.0],[5.4318,60.6443,25.9314],[5.4307,60.6474,0.0],[5.425,60.65,72.0789],[5.4193,60.6505,245.6922],[5.4078,60.6578,0.0],[5.4005,60.6589,202.0638],[5.3995,60.662,0.0],[5.388,60.6672,16.0925],[5.3807,60.6724,0.0],[5.3734,60.6734,0.0],[5.3667,60.6771,47.395],[5.3641,60.6734,45.7214],[5.3547,60.6714,27.5915],[5.3557,60.6745,0.0],[5.3484,60.6776,33.4648],[5.3474,60.6849,0.0],[5.3422,60.688,0.0],[5.3411,60.6932,0.0],[5.3339,60.6964,44.4999],[5.3333,60.6979,10.9948],[5.3354,60.7,0.0],[5.3396,60.7,16.91],[5.3438,60.6979,0.0],[5.3516,60.7005,0.0],[5.3516,60.7036,0.0],[5.3484,60.7047,33.7052],[5.3474,60.7099,0.0],[5.3417,60.7125,20.2499],[5.3359,60.713,138.7339],[5.337,60.7161,0.0],[5.3286,60.7203,0.0],[5.3214,60.7214,78.7984],[5.3203,60.7245,23.3617],[5.3172,60.7255,34.7052],[5.3141,60.7307,10.5442],[5.2958,60.7354,8.5744],[5.2813,60.7313,0.0],[5.2766,60.737,0.0],[5.2734,60.738,0.0],[5.2724,60.7411,50.6964],[5.2667,60.7438,31.217],[5.2625,60.7438,26.6],[5.2583,60.7458,17.5094],[5.2458,60.7458,0.0],[5.2417,60.7438,16.219],[5.2375,60.7438,0.0],[5.225,60.7479,0.0],[5.2167,60.7479,20.8136],[5.2042,60.7521,0.0],[5.2,60.7521,0.0],[5.1891,60.7578,0.0],[5.1818,60.7589,6.5683],[5.1807,60.762,0.0],[5.1688,60.7667,0.0],[5.163,60.7672,11.483],[5.162,60.7703,0.0],[5.1521,60.775,13.2332],[5.1396,60.775,0.0],[5.1354,60.7771,0.0],[5.1271,60.7771,19.9454],[5.1229,60.7792,10.1848],[5.1146,60.775,18.5266],[5.1063,60.7792,10.5064],[5.1042,60.7771,0.0],[5.1057,60.7714,0.0],[5.1,60.7708,16.6575],[5.0839,60.7797,0.0],[5.0786,60.787,11.3204],[5.0714,60.7901,17.207],[5.0724,60.7932,0.0],[5.0693,60.7943,0.0],[5.0682,60.7974,1.694],[5.0568,60.8026,17.723],[5.0557,60.8057,0.0],[5.0401,60.8089,5.2883],[5.037,60.8141,7.7452],[5.0313,60.8167,15.0365],[5.0255,60.8161,8.8941],[5.0229,60.8125,11.7576],[5.0167,60.8125,7.2513],[5.0125,60.8146,0.0],[5.0,60.8146,5.6549],[4.9958,60.8167,0.0],[4.9917,60.8167,20.5824],[4.975,60.8083,0.0],[4.9708,60.8104,0.0],[4.9667,60.8104,9.4574],[4.9625,60.8083,7.4187],[4.9563,60.8104,0.0],[4.9505,60.8099,7.2511],[4.9505,60.8047,11.7685],[4.9578,60.8016,0.0],[4.9578,60.7984,0.0],[4.9458,60.7979,8.1075],[4.9443,60.7974,0.0],[4.9443,60.7943,0.0],[4.9516,60.7911,9.5744],[4.9526,60.788,0.0],[4.9641,60.7828,15.7643],[4.9672,60.7797,0.0],[4.9729,60.7792,0.0],[4.9786,60.7766,8.2211],[4.9797,60.7734,0.0],[4.9953,60.7661,29.0122],[4.9974,60.762,37.768],[5.0026,60.7589,0.0],[5.0125,60.7583,7.6456],[5.0141,60.7589,8.7464],[5.013,60.762,0.0],[5.0146,60.7625,14.7769],[5.0188,60.7604,0.0],[5.025,60.7605,23.2976],[5.0214,60.763,24.9701],[5.0203,60.7661,4.9841],[5.0172,60.7672,15.7665],[5.0172,60.7703,0.0],[5.0188,60.7708,0.0],[5.0313,60.7646,9.5796],[5.0354,60.7667,0.0],[5.0479,60.7667,0.0],[5.0578,60.762,2.7824],[5.0578,60.7547,0.0],[5.0526,60.7536,0.0],[5.0516,60.7505,2.7802],[5.0443,60.7495,0.0],[5.0396,60.7458,6.9592],[5.0417,60.7438,0.0],[5.0474,60.7432,12.0102],[5.0464,60.738,0.0],[5.0521,60.7354,0.0],[5.0578,60.7349,7.815],[5.0589,60.7318,0.0],[5.0813,60.7271,3.3927],[5.0896,60.7229,0.0],[5.0995,60.7234,1.9314],[5.0958,60.7271,0.0],[5.0964,60.7328,25.4398],[5.0979,60.7333,16.4145],[5.1021,60.7313,0.0],[5.1292,60.7313,11.2759],[5.1333,60.7333,20.7901],[5.1375,60.7313,8.1739],[5.1458,60.7313,0.0],[5.15,60.7333,0.0],[5.1542,60.7333,0.0],[5.1599,60.7307,2.6223],[5.1609,60.7276,0.0],[5.1651,60.7255,21.0952],[5.1672,60.7214,0.0],[5.1745,60.7182,27.1926],[5.1755,60.7151,0.0],[5.1828,60.712,16.1334],[5.1828,60.7089,26.3009],[5.1807,60.7068,0.0],[5.175,60.7062,16.7861],[5.1568,60.7109,29.3285],[5.1578,60.7141,7.9315],[5.1521,60.7167,0.0],[5.1464,60.7172,19.839],[5.1354,60.7229,5.954],[5.1313,60.7229,24.6162],[5.1297,60.7214,19.1899],[5.137,60.7182,17.5442],[5.1401,60.713,19.3236],[5.1458,60.7125,5.0386],[5.1474,60.7109,0.0],[5.1375,60.7104,20.5542],[5.1349,60.7141,0.0],[5.125,60.7167,0.0],[5.1193,60.7161,11.0967],[5.1193,60.713,3.0876],[5.1266,60.7099,12.4652],[5.1276,60.7068,0.0],[5.1318,60.7047,0.0],[5.1458,60.7021,31.5465],[5.1505,60.6984,0.0],[5.1604,60.6958,0.0],[5.1703,60.6953,33.9863],[5.1953,60.6828,14.2299],[5.1984,60.6797,0.0],[5.2057,60.6786,43.6509],[5.2068,60.6755,19.3504],[5.2193,60.6693,0.0],[5.225,60.6688,35.9186],[5.2359,60.663,0.0],[5.2411,60.662,24.5337],[5.2422,60.6589,17.2467],[5.2453,60.6568,9.8638],[5.2297,60.6516,0.0],[5.2276,60.6495,0.0],[5.2276,60.6464,0.0],[5.2307,60.6453,0.0],[5.2359,60.638,0.0],[5.2422,60.6339,0.0],[5.2661,60.6214,0.0],[5.2521,60.6208,0.0],[5.2464,60.6234,0.0],[5.2453,60.6266,0.0],[5.2411,60.6286,0.0],[5.2214,60.6339,24.8712],[5.2203,60.637,0.0],[5.2109,60.6422,15.6551],[5.2099,60.6474,0.0],[5.2026,60.6505,32.2877],[5.1995,60.6578,0.0],[5.1922,60.6589,19.0462],[5.1786,60.6661,0.0],[5.1714,60.6672,24.6482],[5.1609,60.6734,0.0],[5.1599,60.6766,25.0322],[5.1557,60.6786,27.1287],[5.1521,60.6792,27.7963],[5.1516,60.6755,0.0],[5.15,60.675,0.0],[5.1458,60.675,8.0674],[5.1333,60.6792,0.0],[5.1208,60.675,19.4298],[5.1245,60.6714,0.0],[5.1172,60.6703,15.2761],[5.1141,60.6589,0.0],[5.1125,60.6583,0.0],[5.1099,60.662,0.0],[5.1068,60.663,35.317],[5.1047,60.6672,0.0],[5.1078,60.6693,20.9044],[5.1078,60.6745,26.6803],[5.0859,60.6818,20.8736],[5.0849,60.6849,0.0],[5.0818,60.6859,0.0],[5.0849,60.6891,26.6664],[5.0682,60.6974,0.0],[5.0609,60.6974,9.9693],[5.0609,60.6943,0.0],[5.0641,60.6932,9.2276],[5.0651,60.6901,0.0],[5.0708,60.6875,0.0]]],
[[[5.088,60.7818,0.0],[5.0979,60.7792,0.0],[5.1036,60.7818,5.2644],[5.1042,60.7833,17.7097],[5.0995,60.787,14.5598],[5.0938,60.7875,0.0],[5.088,60.7818,0.0]]],
[[[5.2653,59.9074,5.4246],[5.2669,59.9087,0.0],[5.2664,59.911,0.0],[5.2642,59.909,0.0],[5.2653,59.9074,5.4246]]],
[[[5.2103,59.9121,0.0],[5.2075,59.9143,5.1988],[5.2036,59.9121,0.0],[5.2031,59.9099,1.2304],[5.2103,59.9051,0.0],[5.2097,59.9068,0.6805],[5.2131,59.9076,2.5832],[5.2097,59.909,2.1343],[5.2114,59.9104,0.0],[5.2103,59.9121,0.0]]],
[[[5.2175,59.9135,0.0],[5.2175,59.9154,0.0],[5.2114,59.9165,11.4196],[5.2119,59.9132,0.0],[5.2175,59.9135,0.0]]],
[[[5.2097,59.9207,0.0],[5.2031,59.9215,6.16],[5.2025,59.9188,7.1679],[5.2081,59.9176,3.2189],[5.2097,59.9207,0.0]]],
[[[5.1608,59.9257,17.6912],[5.1575,59.9274,0.0],[5.1525,59.9243,2.1143],[5.1614,59.9212,6.3262],[5.1619,59.9185,3.0882],[5.1669,59.9162,4.3337],[5.1742,59.919,0.0],[5.1731,59.9218,2.0969],[5.1742,59.9235,0.0],[5.1725,59.9246,2.9709],[5.1608,59.9257,17.6912]]],
[[[5.1442,59.9254,0.0],[5.1436,59.929,0.0],[5.1375,59.929,0.0],[5.1358,59.9276,0.0],[5.1403,59.9249,0.0],[5.1442,59.9254,0.0]]],
[[[5.2014,59.9374,0.0],[5.1981,59.9388,0.0],[5.1942,59.9379,0.0],[5.1997,59.9354,1.8843],[5.2025,59.9324,14.1124],[5.1914,59.9376,1.2303],[5.1842,59.9376,0.0],[5.1859,59.9357,4.1641],[5.1847,59.934,0.0],[5.1958,59.9274,6.6344],[5.1953,59.9251,2.4021],[5.1975,59.9235,19.4391],[5.1925,59.9232,0.0],[5.1947,59.9204,0.0],[5.2014,59.9218,6.16],[5.2019,59.9226,0.0],[5.1986,59.9238,5.42],[5.2008,59.9254,0.0],[5.2075,59.9249,2.157],[5.2081,59.9232,0.0],[5.2125,59.9221,3.6256],[5.2136,59.924,4.4381],[5.2114,59.9263,0.5191],[5.2153,59.926,0.5191],[5.2203,59.929,0.0],[5.2197,59.9304,0.0],[5.2114,59.9307,0.7308],[5.2014,59.9374,0.0]]],
[[[5.2078,60.0016,0.0],[5.2042,60.0042,17.8581],[5.2063,60.0083,0.0],[5.2057,60.012,0.0],[5.2016,60.0141,0.0],[5.1833,60.0146,0.0],[5.1792,60.0125,8.5866],[5.175,60.0146,0.0],[5.1542,60.0083,15.344],[5.1417,60.0083,23.2203],[5.1286,60.0026,22.9738],[5.1214,60.0016,37.6885],[5.1277,60.0011,33.8051],[5.1073,60.0011,0.0],[5.1003,59.9979,0.0],[5.102,59.9948,0.0],[5.0986,59.9882,0.0],[5.1036,59.9857,3.5374],[5.1047,59.9824,3.7718],[5.1075,59.9807,0.0],[5.1101,59.9829,0.0],[5.115,59.9755,0.0],[5.1214,59.9729,0.0],[5.1225,59.971,0.0],[5.1314,59.9679,0.0],[5.1436,59.9674,3.2524],[5.1542,59.9693,0.0],[5.1547,59.9704,0.0],[5.1525,59.971,0.6967],[5.1525,59.9724,0.0],[5.1564,59.9746,9.8255],[5.1592,59.974,5.7088],[5.1586,59.9715,0.0],[5.1614,59.9704,0.0],[5.1731,59.971,2.0416],[5.1758,59.9729,0.9826],[5.1814,59.9721,4.3672],[5.1969,59.9751,0.0],[5.2042,59.9785,0.0],[5.2036,59.9801,3.7335],[5.2097,59.9824,10.7553],[5.2147,59.9815,0.0],[5.2147,59.9837,8.7801],[5.2231,59.9885,0.0],[5.2186,59.9915,13.9985],[5.2208,59.9938,0.0],[5.2153,59.9932,35.2758],[5.2101,60.0012,0.0],[5.2022,60.0011,52.8116],[5.2078,60.0016,0.0]]],
[[[5.1734,60.0932,26.71],[5.175,60.0917,41.115],[5.1766,60.0922,35.2748],[5.1766,60.0932,41.3517],[5.1734,60.0932,26.71]]],
[[[5.1708,60.1146,0.0],[5.1625,60.1188,0.0],[5.1568,60.1193,19.0438],[5.1557,60.1266,0.0],[5.1464,60.1318,0.0],[5.1464,60.1349,12.3518],[5.1536,60.1359,0.0],[5.1557,60.1401,4.9159],[5.1526,60.1422,0.0],[5.1516,60.1453,0.0],[5.1458,60.1458,1.8494],[5.1333,60.1417,30.1528],[5.1172,60.1411,11.505],[5.1203,60.138,7.2573],[5.1172,60.137,23.2409],[5.1172,60.1339,13.9375],[5.1286,60.1286,11.8054],[5.1276,60.1255,0.0],[5.1349,60.1224,8.1577],[5.1359,60.1193,0.0],[5.1391,60.1182,22.0841],[5.1391,60.1151,22.3925],[5.1339,60.1141,0.0],[5.1339,60.1068,0.0],[5.1411,60.1016,9.2678],[5.1401,60.0984,0.0],[5.1484,60.0943,25.4747],[5.1542,60.0958,0.0],[5.1625,60.0917,22.1667],[5.1724,60.0943,16.5861],[5.1734,60.0995,5.8077],[5.1828,60.1026,0.0],[5.1708,60.1146,0.0]]],
[[[5.1917,60.2313,24.3039],[5.1953,60.2318,1.3398],[5.1953,60.2349,10.1234],[5.188,60.2359,17.3573],[5.1813,60.2396,8.2805],[5.1688,60.2396,14.7877],[5.1667,60.2375,6.6637],[5.1703,60.2349,22.1504],[5.1693,60.2318,0.0],[5.1792,60.2292,0.0],[5.1875,60.2292,0.0],[5.1917,60.2313,24.3039]]],
[[[5.1505,60.2953,0.0],[5.1563,60.2896,2.996],[5.1604,60.2896,15.6408],[5.1661,60.2922,23.2728],[5.163,60.2943,61.9513],[5.162,60.2974,5.7415],[5.1563,60.3,0.0],[5.1536,60.2964,0.0],[5.1505,60.2953,0.0]]],
[[[5.1661,60.313,71.2199],[5.1646,60.3104,15.2502],[5.1651,60.3026,27.4793],[5.1708,60.3021,0.0],[5.1807,60.3047,13.2971],[5.1818,60.312,28.5929],[5.187,60.313,0.0],[5.188,60.3161,0.0],[5.1917,60.3187,0.0],[5.188,60.3214,0.0],[5.1859,60.3255,3.7619],[5.1849,60.3328,14.4971],[5.1776,60.3328,14.0829],[5.1734,60.3307,0.0],[5.1724,60.3276,4.2008],[5.1672,60.3266,5.9507],[5.1661,60.3234,41.8191],[5.1589,60.3224,0.0],[5.1589,60.3172,0.0],[5.1661,60.313,71.2199]]],
[[[5.1484,60.6807,0.0],[5.1484,60.6797,6.0294],[5.1521,60.6792,27.7963],[5.1521,60.6813,0.0],[5.1484,60.6807,0.0]]],
[[[5.138,60.8224,12.4043],[5.138,60.8214,11.4427],[5.1411,60.8214,13.2294],[5.1411,60.8224,13.3789],[5.138,60.8224,12.4043]]],
[[[5.1917,60.825,0.0],[5.1922,60.8266,0.0],[5.1974,60.8276,0.0],[5.1984,60.8307,23.7215],[5.2021,60.8333,0.0],[5.1958,60.8354,13.1721],[5.1875,60.8312,0.0],[5.1818,60.8339,2.0983],[5.1807,60.837,0.0],[5.1766,60.8391,0.0],[5.1708,60.8396,7.1575],[5.1651,60.837,0.0],[5.1641,60.8339,8.6782],[5.1568,60.8349,7.0722],[5.1542,60.8292,12.4989],[5.1547,60.8255,21.881],[5.1583,60.8229,0.0],[5.1568,60.8172,13.6385],[5.1771,60.8146,0.0],[5.1792,60.8167,0.0],[5.1755,60.8193,4.6191],[5.1755,60.8224,8.9855],[5.1813,60.8229,0.0],[5.187,60.8203,0.0],[5.1875,60.8187,23.7642],[5.1818,60.813,0.0],[5.1849,60.812,0.0],[5.1875,60.8083,9.2526],[5.1958,60.8083,3.9024],[5.1974,60.8089,0.0],[5.2,60.8146,0.0],[5.1995,60.8161,0.0],[5.1922,60.8193,6.2391],[5.1917,60.825,0.0]]],
[[[5.0078,60.2964,4.4079],[5.0047,60.2974,25.8781],[5.0026,60.2943,0.0],[5.0057,60.2943,20.5617],[5.0078,60.2964,4.4079]]],
[[[4.9766,60.3109,3.8693],[4.9755,60.3068,32.0853],[4.9797,60.3047,0.0],[4.9911,60.3047,0.0],[4.9911,60.3078,28.1881],[4.9849,60.312,0.0],[4.9792,60.3125,12.1509],[4.9766,60.3109,3.8693]]],
[[[5.0765,60.3912,10.0818],[5.0708,60.3917,13.3922],[5.0693,60.3901,7.393],[5.075,60.3896,17.5903],[5.0765,60.3912,10.0818]]],
[[[4.9479,60.3708,8.8666],[4.9458,60.3729,18.8191],[4.9438,60.3708,32.7124],[4.9458,60.3688,6.2796],[4.9479,60.3708,8.8666]]],
[[[4.9557,60.4026,21.0215],[4.9557,60.4057,25.9171],[4.9526,60.4057,20.8981],[4.9526,60.4026,7.8875],[4.9557,60.4026,21.0215]]],
[[[4.9109,60.4109,0.0],[4.9208,60.4063,13.727],[4.9266,60.4068,16.2817],[4.9271,60.4083,16.5492],[4.9266,60.4099,19.2236],[4.9208,60.4125,10.7419],[4.9125,60.4125,0.0],[4.9109,60.4109,0.0]]],
[[[4.9026,60.4109,20.0648],[4.9057,60.4109,14.8604],[4.9057,60.412,19.5383],[4.9042,60.4125,24.8073],[4.9026,60.4109,20.0648]]],
[[[4.9297,60.4172,27.2252],[4.9313,60.4167,21.5699],[4.9328,60.4182,5.0479],[4.9313,60.4188,0.0],[4.9297,60.4172,27.2252]]],
[[[4.9286,60.4193,22.8825],[4.9271,60.4208,12.1638],[4.9214,60.4203,10.5187],[4.9229,60.4188,0.0],[4.9286,60.4193,22.8825]]],
[[[4.9063,60.4417,17.566],[4.9026,60.4401,0.0],[4.9083,60.4375,20.7705],[4.9182,60.438,13.8397],[4.9214,60.4432,13.8722],[4.9245,60.4443,3.492],[4.9245,60.4495,2.433],[4.9146,60.4542,41.2943],[4.9089,60.4536,36.4624],[4.9083,60.4437,2.3879],[4.9063,60.4417,17.566]]],
[[[5.075,60.3958,32.6945],[5.0708,60.3979,21.7016],[5.0688,60.3958,24.479],[5.0708,60.3937,14.1046],[5.0766,60.3943,36.0721],[5.075,60.3958,32.6945]]],
[[[4.9882,60.4544,29.0089],[4.9891,60.4557,11.4031],[4.9859,60.4557,35.3953],[4.9859,60.4547,39.1545],[4.9882,60.4544,29.0089]]],
[[[5.0422,60.4859,14.4749],[5.0453,60.4859,0.0],[5.0453,60.487,0.0],[5.0422,60.487,16.033],[5.0422,60.4859,14.4749]]],
[[[5.012,60.5526,1.8578],[5.012,60.5536,5.6058],[5.0089,60.5536,9.1047],[5.0104,60.5521,0.0],[5.012,60.5526,1.8578]]],
[[[4.8724,60.5745,0.0],[4.8651,60.5797,8.712],[4.8641,60.5849,4.6247],[4.8583,60.5875,0.0],[4.8484,60.5818,0.0],[4.8583,60.5812,0.0],[4.8599,60.5797,9.4656],[4.8526,60.5786,0.0],[4.8453,60.5734,12.0656],[4.838,60.5724,33.7693],[4.8313,60.5687,17.2924],[4.8229,60.5687,0.0],[4.8104,60.5729,0.0],[4.8021,60.5729,7.5941],[4.8005,60.5724,6.1198],[4.7984,60.5651,13.6216],[4.8042,60.5646,2.4219],[4.8099,60.562,8.3955],[4.8068,60.5599,0.0],[4.8057,60.5568,18.975],[4.8026,60.5557,22.1984],[4.8068,60.5526,1.9957],[4.8167,60.5542,2.1667],[4.825,60.5583,0.0],[4.8271,60.5563,3.0888],[4.8255,60.5464,14.4987],[4.8354,60.5438,2.4808],[4.8438,60.5438,0.0],[4.8453,60.5422,20.036],[4.8422,60.5401,7.8812],[4.8521,60.5396,0.0],[4.8578,60.537,18.9323],[4.8589,60.5339,0.0],[4.862,60.5328,7.8079],[4.8568,60.5307,0.0],[4.8604,60.5271,3.5634],[4.8609,60.5172,25.8936],[4.8708,60.5167,0.0],[4.8786,60.5141,0.0],[4.875,60.5104,25.7271],[4.8755,60.5089,10.9953],[4.8828,60.5057,0.0],[4.8792,60.5021,9.9929],[4.8818,60.4984,7.867],[4.8875,60.4958,0.0],[4.8953,60.4984,0.0],[4.8953,60.5016,0.0],[4.8922,60.5026,0.0],[4.8922,60.5057,5.8428],[4.9063,60.5062,0.0],[4.9089,60.5026,0.0],[4.912,60.5016,13.688],[4.9109,60.4964,0.0],[4.9151,60.4943,11.1284],[4.9208,60.4938,5.3039],[4.9286,60.4964,0.0],[4.9286,60.5036,14.5795],[4.9214,60.5068,8.3846],[4.9193,60.5109,11.328],[4.9109,60.5151,16.2423],[4.9099,60.5182,12.2995],[4.9026,60.5193,0.0],[4.9141,60.5234,7.9987],[4.9162,60.5256,0.0],[4.9161,60.5286,0.0],[4.8922,60.5401,19.5457],[4.8932,60.5453,15.5473],[4.8859,60.5484,9.9042],[4.8849,60.5516,0.0],[4.8818,60.5526,6.5224],[4.8828,60.5578,0.0],[4.8771,60.5583,12.9615],[4.8708,60.5563,0.0],[4.8672,60.5589,4.8063],[4.8672,60.5641,0.0],[4.8708,60.5667,16.9146],[4.8672,60.5703,27.7694],[4.8724,60.5714,0.0],[4.8724,60.5745,0.0]]],
[[[4.9514,60.5662,7.5067],[4.9568,60.563,18.4985],[4.9599,60.563,13.2388],[4.9599,60.5661,15.4578],[4.9568,60.5672,6.1812],[4.9568,60.5724,0.0],[4.9672,60.5786,0.0],[4.9729,60.5792,9.1288],[4.9745,60.5807,1.0],[4.9604,60.5812,1.5676],[4.9521,60.5771,0.0],[4.9443,60.5766,20.6409],[4.9443,60.5734,27.9676],[4.9474,60.5724,21.8533],[4.9484,60.5672,10.6269],[4.9514,60.5662,7.5067]]],
[[[4.8212,60.655,5.5941],[4.8203,60.6578,16.2489],[4.8104,60.6583,24.1518],[4.8047,60.6609,8.8094],[4.8104,60.6667,0.0],[4.8099,60.6682,24.6383],[4.8042,60.6708,5.5903],[4.7984,60.6703,26.1723],[4.7974,60.6672,17.8233],[4.7922,60.6661,0.0],[4.7911,60.663,0.0],[4.788,60.662,11.8042],[4.788,60.6568,4.3971],[4.7917,60.6542,0.0],[4.7896,60.65,12.9763],[4.7896,60.6437,1.5168],[4.7938,60.6396,10.7306],[4.7917,60.6354,0.0],[4.7953,60.6328,0.0],[4.7964,60.6255,8.7994],[4.7995,60.6245,0.0],[4.7943,60.6224,0.0],[4.7938,60.6208,17.4905],[4.7943,60.6151,4.5546],[4.7974,60.6141,4.8678],[4.7943,60.6109,5.116],[4.7974,60.6089,0.0],[4.7953,60.6026,0.0],[4.7896,60.6,8.5237],[4.7797,60.5995,9.1445],[4.7776,60.5943,6.3925],[4.7833,60.5917,0.0],[4.7932,60.5911,3.3924],[4.7958,60.5875,0.0],[4.8042,60.5875,7.0871],[4.8083,60.5854,1.0575],[4.8208,60.5854,0.0],[4.8292,60.5812,0.0],[4.8333,60.5833,0.0],[4.8432,60.5839,5.1383],[4.8458,60.5875,0.0],[4.8516,60.5859,0.0],[4.8536,60.588,0.0],[4.8536,60.5911,0.0],[4.8505,60.5922,8.5496],[4.8495,60.5995,0.0],[4.8464,60.6005,17.948],[4.8474,60.6036,0.0],[4.8401,60.6068,14.2187],[4.8396,60.6104,0.0],[4.8417,60.6125,0.0],[4.8458,60.6104,14.7004],[4.8578,60.6151,10.83],[4.8578,60.6182,0.0],[4.8547,60.6193,4.4651],[4.8536,60.6245,0.0],[4.8464,60.6276,12.6674],[4.8432,60.6328,16.8447],[4.8359,60.6359,11.0043],[4.8349,60.6411,0.0],[4.8276,60.6443,3.7235],[4.8286,60.6516,0.0],[4.8212,60.655,5.5941]]],
[[[4.9292,60.6604,13.6555],[4.9245,60.6641,0.0],[4.9089,60.6682,11.9945],[4.9109,60.6589,0.0],[4.9193,60.6547,5.7273],[4.9292,60.6542,0.0],[4.9333,60.6521,6.3912],[4.9391,60.6536,6.4182],[4.9432,60.6516,2.6002],[4.9401,60.6495,14.9496],[4.9401,60.6464,11.9175],[4.9495,60.6453,5.1118],[4.9536,60.6432,0.0],[4.9547,60.6401,15.6379],[4.9604,60.6396,9.7407],[4.9661,60.637,12.0809],[4.9688,60.6333,7.42],[4.9771,60.6333,10.7414],[4.9813,60.6312,0.0],[4.9911,60.6318,0.0],[4.9911,60.637,0.0],[4.9839,60.638,14.8553],[4.9849,60.6432,0.0],[4.9792,60.6458,13.4543],[4.975,60.6437,0.0],[4.9708,60.6437,0.0],[4.9682,60.6474,0.0],[4.9609,60.6484,1.5977],[4.9682,60.6516,15.4583],[4.9568,60.6568,3.8412],[4.9536,60.6599,0.0],[4.9505,60.6599,1.5879],[4.9484,60.6578,0.0],[4.9516,60.6547,0.0],[4.9458,60.6542,11.5788],[4.9391,60.6578,19.4072],[4.9292,60.6604,13.6555]]],
[[[5.0057,60.5578,16.7141],[5.0,60.5583,0.0],[4.9984,60.5568,5.4887],[5.0021,60.5542,0.0],[5.0078,60.5547,11.3963],[5.0057,60.5578,16.7141]]],
[[[4.9734,60.6474,24.3795],[4.975,60.6458,0.0],[4.9766,60.6464,24.4696],[4.9766,60.6474,25.5333],[4.9734,60.6474,24.3795]]],
[[[5.0828,60.7026,8.1737],[5.0828,60.7057,0.0],[5.0786,60.7078,17.4236],[5.0688,60.7104,8.0474],[5.063,60.7099,20.4319],[5.0672,60.7068,0.0],[5.0828,60.7026,8.1737]]],
[[[4.7438,60.6646,4.9006],[4.7453,60.6661,3.1378],[4.738,60.6661,11.8792],[4.7396,60.6646,7.7276],[4.7438,60.6646,4.9006]]],
[[[4.75,60.6896,7.0795],[4.7354,60.6896,3.139],[4.7297,60.6911,14.5972],[4.7318,60.688,0.0],[4.7375,60.6854,8.9525],[4.7458,60.6854,0.0],[4.7536,60.688,9.6587],[4.75,60.6896,7.0795]]],
[[[4.7333,60.7146,19.5233],[4.7292,60.7146,6.9825],[4.7276,60.713,7.8434],[4.7349,60.713,9.307],[4.7333,60.7146,19.5233]]],
[[[4.863,60.7349,12.4397],[4.8646,60.7333,10.1597],[4.8661,60.7339,10.7839],[4.8646,60.7354,0.0],[4.863,60.7349,12.4397]]],
[[[5.0589,60.712,27.8356],[5.0604,60.7104,6.5638],[5.062,60.7109,37.2159],[5.0604,60.7125,36.3393],[5.0589,60.712,27.8356]]],
[[[5.0313,60.7562,0.0],[5.0328,60.7578,10.5583],[5.025,60.7605,23.2976],[5.0276,60.7568,0.0],[5.0313,60.7562,0.0]]],
[[[4.9995,60.8224,0.0],[4.9938,60.825,15.0321],[4.9917,60.8229,13.9797],[4.9938,60.8208,11.9386],[4.9979,60.8208,0.0],[4.9995,60.8224,0.0]]],
[[[4.8859,60.7411,22.8328],[4.8958,60.7375,14.7844],[4.8979,60.7396,0.0],[4.8958,60.7417,0.0],[4.8859,60.7411,22.8328]]],
[[[4.8984,60.7432,0.0],[4.8984,60.7422,0.0],[4.9021,60.7417,3.2909],[4.9021,60.7438,0.0],[4.8984,60.7432,0.0]]],
[[[4.713,60.7828,0.0],[4.7104,60.7813,2.8017],[4.6979,60.7854,0.0],[4.6964,60.7849,2.1086],[4.6937,60.7792,11.7327],[4.6943,60.7776,13.4816],[4.7016,60.7745,15.5508],[4.7021,60.7687,16.2575],[4.7005,60.7651,16.1949],[4.7078,60.7599,0.9442],[4.713,60.7526,6.6548],[4.7229,60.7521,11.2815],[4.7271,60.75,0.0],[4.7411,60.7547,0.0],[4.7422,60.7599,9.6049],[4.7474,60.7609,5.8886],[4.7443,60.763,4.6409],[4.7432,60.7682,0.0],[4.7401,60.7693,0.0],[4.7401,60.7724,3.5841],[4.7432,60.7734,0.0],[4.7411,60.7786,0.0],[4.7354,60.7792,11.9829],[4.7271,60.7833,9.5913],[4.713,60.7828,0.0]]],
[[[4.9583,60.7354,17.4323],[4.9667,60.7313,0.0],[4.9729,60.7313,0.0],[4.9729,60.7333,0.0],[4.9693,60.7349,0.0],[4.9807,60.7359,0.0],[4.9828,60.738,7.3555],[4.9828,60.7411,9.3556],[4.9714,60.7464,0.0],[4.9708,60.7479,0.0],[4.9729,60.75,5.7538],[4.9786,60.7484,0.0],[4.9776,60.7536,0.0],[4.9792,60.7542,0.0],[4.9938,60.7458,0.0],[4.9979,60.7458,16.0557],[5.0104,60.7417,16.8832],[5.0125,60.7438,9.319],[5.0089,60.7464,29.6267],[5.0099,60.7495,0.0],[5.0042,60.75,5.9447],[4.9984,60.7526,14.9141],[5.0016,60.7557,0.0],[4.9943,60.7568,19.1909],[4.9818,60.763,19.5532],[4.9786,60.7661,30.0254],[4.9609,60.7651,18.8388],[4.962,60.7724,12.8554],[4.9589,60.7734,28.6101],[4.9536,60.7807,16.8701],[4.9391,60.7891,6.739],[4.9318,60.7901,18.266],[4.9307,60.7932,0.0],[4.9234,60.7964,0.0],[4.9234,60.7995,0.0],[4.9328,60.8005,14.2537],[4.9328,60.8057,0.0],[4.9146,60.8146,5.1116],[4.9089,60.812,11.6195],[4.9063,60.7979,0.0],[4.9068,60.7964,14.5953],[4.9141,60.7932,17.479],[4.9161,60.7859,0.0],[4.913,60.7859,25.8292],[4.8958,60.7938,11.0007],[4.8901,60.7943,16.5046],[4.875,60.8021,6.3227],[4.8609,60.8016,0.0],[4.862,60.7964,0.0],[4.8563,60.7938,0.0],[4.8505,60.7932,7.8293],[4.8521,60.7917,3.8006],[4.8578,60.7911,0.0],[4.8589,60.7839,8.5398],[4.8724,60.7766,25.2308],[4.8734,60.7734,6.844],[4.8776,60.7714,0.0],[4.8917,60.7708,19.6571],[4.8958,60.7687,0.0],[4.9042,60.7687,0.0],[4.9063,60.7667,4.5693],[4.9042,60.7646,0.0],[4.9,60.7646,0.0],[4.8958,60.7667,3.3356],[4.8854,60.7667,0.0],[4.8755,60.763,9.7553],[4.8813,60.7604,0.0],[4.8911,60.7599,2.6431],[4.8979,60.7562,0.0],[4.9036,60.7557,9.9341],[4.913,60.7505,0.0],[4.9328,60.7453,4.0946],[4.9375,60.7417,0.0],[4.9474,60.7411,8.1428],[4.9484,60.738,0.0],[4.9583,60.7354,17.4323]]],
[[[4.8526,60.7828,9.6039],[4.8526,60.7818,6.0598],[4.8557,60.7818,0.0],[4.8542,60.7833,0.0],[4.8526,60.7828,9.6039]]],
[[[4.8276,60.7828,12.2989],[4.8276,60.7818,9.861],[4.8307,60.7818,16.5236],[4.8292,60.7833,18.2657],[4.8276,60.7828,12.2989]]],
[[[4.8484,60.7849,5.8614],[4.8484,60.7839,6.69],[4.8516,60.7839,21.5305],[4.85,60.7854,26.1579],[4.8484,60.7849,5.8614]]],
[[[4.8453,60.7932,0.0],[4.8396,60.7958,11.4459],[4.8354,60.7917,0.0],[4.8214,60.7984,7.1713],[4.8203,60.8016,12.3392],[4.813,60.8016,24.2],[4.8161,60.7995,0.0],[4.8172,60.7943,7.6354],[4.8292,60.7875,0.0],[4.8354,60.7896,2.8126],[4.8396,60.7896,0.0],[4.8438,60.7875,2.5417],[4.8495,60.788,0.0],[4.8495,60.7911,0.0],[4.8453,60.7932,0.0]]],
[[[4.8318,60.8099,6.7155],[4.8333,60.8083,9.2059],[4.8349,60.8089,7.9835],[4.8349,60.8099,3.2771],[4.8318,60.8099,6.7155]]],
[[[4.8896,60.8146,7.1159],[4.8911,60.8151,0.0],[4.8911,60.8161,9.0076],[4.888,60.8161,12.2994],[4.8896,60.8146,7.1159]]],
[[[4.8854,60.8167,5.7389],[4.8875,60.8187,14.0965],[4.8854,60.8208,2.2557],[4.8833,60.8187,4.1904],[4.8854,60.8167,5.7389]]],
[[[4.7776,60.8245,8.3253],[4.7734,60.8214,0.0],[4.7807,60.8193,0.0],[4.7807,60.8245,9.9083],[4.7776,60.8245,8.3253]]],
[[[4.8797,60.8224,0.0],[4.8797,60.8214,0.0],[4.8828,60.8214,7.9483],[4.8828,60.8224,6.9309],[4.8797,60.8224,0.0]]],
[[[4.812,60.8266,13.1612],[4.8089,60.8266,14.7569],[4.8083,60.825,9.28],[4.8089,60.8214,7.5542],[4.8109,60.8193,0.0],[4.8245,60.8193,1.699],[4.8245,60.8203,4.988],[4.812,60.8266,13.1612]]],
[[[4.862,60.8224,0.0],[4.8714,60.8172,7.9456],[4.8771,60.8167,12.3359],[4.8792,60.8187,0.0],[4.8755,60.8224,0.0],[4.8813,60.8271,3.1246],[4.8807,60.8286,0.0],[4.8724,60.8328,5.0617],[4.8667,60.8333,3.1155],[4.8641,60.8297,9.3699],[4.8589,60.8266,3.6004],[4.8589,60.8234,1.404],[4.862,60.8224,0.0]]],
[[[4.9016,60.8286,3.3798],[4.9042,60.8271,2.724],[4.9099,60.8276,4.6927],[4.912,60.8328,1.5592],[4.8901,60.8328,7.1922],[4.8901,60.8318,0.7317],[4.8958,60.8312,0.0],[4.9016,60.8286,3.3798]]],
[[[5.1431,59.5199,1.2592],[5.1381,59.5204,0.5009],[5.1414,59.5176,1.0276],[5.1431,59.5179,1.0276],[5.1431,59.5199,1.2592]]],
[[[5.1469,59.5582,1.9408],[5.1414,59.5588,0.0],[5.1403,59.5574,1.9675],[5.1447,59.5554,0.0],[5.1469,59.5582,1.9408]]],
[[[5.1425,59.5779,0.0],[5.1386,59.579,0.0],[5.1369,59.5771,0.0],[5.1397,59.576,0.0],[5.1425,59.5779,0.0]]],
[[[5.1542,59.5976,2.5572],[5.1453,59.599,0.0],[5.1425,59.596,7.9408],[5.1392,59.5962,0.0],[5.1392,59.5915,4.3836],[5.1347,59.5907,0.0],[5.1336,59.5882,4.3654],[5.1297,59.586,1.0908],[5.1319,59.5838,11.3992],[5.1386,59.5826,0.879],[5.1403,59.5793,3.5393],[5.1436,59.5793,1.578],[5.1453,59.5812,3.0888],[5.1408,59.5818,1.7711],[5.1403,59.5851,0.0789],[5.1375,59.5863,0.9055],[5.1386,59.5893,4.495],[5.1442,59.5901,0.5566],[5.1408,59.5865,0.0],[5.1481,59.5818,0.0],[5.1525,59.5854,0.0],[5.1564,59.5843,0.9866],[5.1569,59.5865,1.8655],[5.1631,59.5887,0.0],[5.1636,59.5913,7.1389],[5.1586,59.5924,1.6182],[5.1575,59.5951,27.3514],[5.1592,59.5954,5.1877],[5.1586,59.5976,1.9148],[5.1542,59.5976,2.5572]]],
[[[5.1292,59.6057,0.0],[5.1308,59.6074,0.0],[5.1219,59.6074,0.0],[5.1242,59.6032,0.0],[5.1286,59.6035,0.0],[5.1292,59.6057,0.0]]],
[[[5.1164,59.6068,0.0],[5.1175,59.6087,0.0],[5.1158,59.6093,0.0],[5.1142,59.6065,0.0],[5.1164,59.6068,0.0]]],
[[[5.1253,59.6096,1.2006],[5.1286,59.6096,0.5483],[5.1281,59.6126,4.8493],[5.1247,59.6113,0.0],[5.1253,59.6096,1.2006]]],
[[[5.1169,59.6115,0.9756],[5.1147,59.6137,0.0],[5.1192,59.6151,0.0],[5.1125,59.6137,0.8371],[5.1119,59.6104,0.0],[5.1181,59.6101,0.0],[5.1169,59.6115,0.9756]]],
[[[5.1731,59.6057,4.1642],[5.1742,59.6068,0.0],[5.1719,59.6074,0.0],[5.1692,59.6043,0.0],[5.1719,59.604,2.3627],[5.1731,59.6057,4.1642]]],
[[[5.1492,59.6449,12.1032],[5.1447,59.6468,0.0],[5.1419,59.6446,7.2371],[5.1419,59.6418,2.1844],[5.1436,59.6413,2.1844],[5.1425,59.6393,1.8611],[5.1458,59.6368,0.0],[5.1442,59.6354,0.0],[5.1469,59.6329,0.0],[5.1464,59.6304,0.0],[5.1497,59.6296,0.0],[5.1581,59.6321,5.1793],[5.1575,59.6304,12.0173],[5.1497,59.6279,5.2146],[5.1503,59.6265,8.0633],[5.1481,59.6257,0.0],[5.1497,59.6235,5.3167],[5.1492,59.6213,0.0],[5.1514,59.6213,0.0],[5.1614,59.6268,1.8505],[5.1603,59.631,1.7149],[5.1614,59.6349,9.1594],[5.1558,59.6338,0.0],[5.1542,59.6349,0.0],[5.1531,59.6371,8.1279],[5.1547,59.639,0.0],[5.1492,59.6449,12.1032]]],
[[[5.1375,59.659,0.0],[5.1386,59.6599,0.0],[5.1319,59.6596,0.4946],[5.1364,59.6574,0.0],[5.1375,59.659,0.0]]],
[[[5.1342,59.6726,3.9406],[5.1275,59.6738,0.0],[5.1258,59.6715,0.0],[5.1314,59.6665,0.0],[5.1386,59.6685,0.0],[5.1381,59.6704,2.577],[5.1342,59.6726,3.9406]]],
[[[5.1208,59.6385,0.0],[5.1197,59.6407,0.0],[5.1119,59.6393,0.0],[5.1125,59.6374,0.0],[5.1158,59.636,0.0],[5.1208,59.6385,0.0]]],
[[[5.1214,59.6463,0.9465],[5.1192,59.6476,0.0],[5.1169,59.6465,4.1354],[5.1169,59.6449,0.0],[5.1208,59.6451,0.0],[5.1214,59.6463,0.9465]]],
[[[5.1164,59.6524,0.7601],[5.1186,59.6521,1.1226],[5.1186,59.6549,2.8062],[5.1136,59.6551,0.0],[5.1136,59.6532,0.0],[5.1164,59.6524,0.7601]]],
[[[5.1175,59.6968,11.2261],[5.1131,59.6976,0.0],[5.1064,59.694,0.1726],[5.1053,59.6899,1.4195],[5.1081,59.6888,4.0632],[5.1081,59.6857,0.4456],[5.1108,59.6843,0.0],[5.1192,59.6851,0.0],[5.1136,59.6888,6.4069],[5.1131,59.691,1.4433],[5.1175,59.6885,0.0],[5.1219,59.6893,6.8197],[5.1236,59.6874,2.0855],[5.1364,59.6904,0.0],[5.1331,59.6926,0.0],[5.1175,59.6968,11.2261]]],
[[[5.2736,59.5665,0.0],[5.2775,59.5663,0.0],[5.2775,59.5671,0.0],[5.2736,59.5685,0.0],[5.2736,59.5665,0.0]]],
[[[5.4049,59.4919,39.1345],[5.4586,59.498,5.1749],[5.4575,59.499,0.0],[5.4581,59.5088,0.0],[5.4525,59.5121,0.0],[5.4475,59.5113,12.4379],[5.4464,59.5129,0.2962],[5.4553,59.5185,0.0],[5.4586,59.5246,3.6836],[5.4536,59.5257,0.0],[5.4425,59.5218,11.2821],[5.4458,59.5254,0.0],[5.4553,59.5285,0.0],[5.4553,59.5304,0.0],[5.4603,59.531,0.0],[5.4592,59.5376,7.0997],[5.4514,59.5393,3.7488],[5.4603,59.5401,0.0],[5.4553,59.5426,2.933],[5.4558,59.5454,2.0411],[5.4592,59.5446,0.0],[5.4603,59.5418,0.0],[5.4625,59.541,5.5433],[5.4608,59.536,1.0223],[5.4664,59.5324,14.362],[5.4647,59.5301,0.0],[5.4686,59.5293,17.196],[5.4725,59.5249,0.0],[5.4858,59.5246,4.1344],[5.4886,59.5235,2.3587],[5.4892,59.5207,8.338],[5.4919,59.5204,0.0],[5.4942,59.5224,14.5358],[5.4997,59.5215,0.0],[5.5092,59.5262,5.4868],[5.5086,59.529,2.2314],[5.5053,59.5315,2.9938],[5.5086,59.5337,0.0],[5.5064,59.5382,19.7809],[5.5064,59.5415,12.8308],[5.5081,59.5435,3.3193],[5.4975,59.5496,0.0],[5.5008,59.5518,0.0],[5.5047,59.5482,0.0],[5.5142,59.5474,0.0],[5.5169,59.551,9.3049],[5.5147,59.5549,0.0],[5.5158,59.5576,5.2647],[5.5225,59.5615,0.0],[5.5308,59.5626,4.6151],[5.5375,59.5693,0.0],[5.5375,59.5718,0.0],[5.5314,59.5757,2.032],[5.5314,59.5785,3.8323],[5.5292,59.5796,9.8875],[5.5292,59.584,4.7944],[5.5225,59.5857,2.2504],[5.5242,59.5887,0.0],[5.5219,59.5915,7.1956],[5.5258,59.5924,3.2539],[5.5264,59.594,0.0],[5.5208,59.5946,1.1626],[5.5225,59.5957,0.0],[5.5214,59.5974,16.6034],[5.5242,59.5999,0.0],[5.5242,59.6026,0.0],[5.5219,59.6065,14.5077],[5.5231,59.611,0.0],[5.5219,59.6157,3.4542],[5.5203,59.6171,3.5186],[5.5214,59.6176,3.5186],[5.5208,59.6204,14.1693],[5.5264,59.6224,0.0],[5.5258,59.626,0.0],[5.5214,59.6274,11.086],[5.5219,59.6296,9.6479],[5.5169,59.6324,16.2909],[5.5164,59.6343,9.7072],[5.5125,59.6349,26.6394],[5.5169,59.6396,8.3122],[5.5214,59.6399,0.0],[5.5319,59.6485,0.0],[5.5314,59.6535,23.8178],[5.5331,59.6551,0.0],[5.5269,59.6596,0.0],[5.5308,59.6676,7.7329],[5.5353,59.6704,0.0],[5.5358,59.6763,9.022],[5.5397,59.6818,0.0],[5.5381,59.6888,15.8832],[5.5397,59.6907,0.0],[5.5403,59.6968,3.7333],[5.5392,59.6982,0.0],[5.5403,59.6993,0.7429],[5.5386,59.7018,0.0],[5.5419,59.7057,3.9109],[5.5397,59.7074,0.0],[5.5425,59.709,8.5346],[5.5397,59.711,1.3126],[5.5414,59.7135,5.9176],[5.5375,59.7163,3.1036],[5.5258,59.7143,2.4312],[5.5169,59.7188,11.9653],[5.5214,59.7212,6.5315],[5.5236,59.7207,8.7239],[5.5231,59.719,5.3842],[5.5275,59.7199,0.0],[5.5275,59.7226,6.3494],[5.5303,59.7251,0.0],[5.5297,59.7279,23.7839],[5.5347,59.7307,0.0],[5.5347,59.7326,0.0],[5.5286,59.7324,3.0719],[5.5258,59.7337,13.2794],[5.5242,59.7315,24.8779],[5.5186,59.7296,1.6101],[5.5169,59.7268,10.3079],[5.5103,59.7249,2.6342],[5.5108,59.7232,11.8978],[5.5069,59.7221,0.0],[5.5069,59.7204,7.0496],[5.4981,59.7179,2.1045],[5.4992,59.7163,0.0],[5.4775,59.7099,10.6583],[5.4764,59.7082,0.0],[5.4792,59.7074,17.2805],[5.4714,59.7054,0.0],[5.4681,59.7012,0.0],[5.4686,59.6996,3.4665],[5.4664,59.6999,5.4803],[5.4681,59.7043,1.331],[5.4614,59.7043,1.8513],[5.4553,59.6982,8.3],[5.4553,59.6949,2.1585],[5.4586,59.6921,1.1219],[5.4519,59.6937,0.0],[5.4531,59.6915,11.0682],[5.4475,59.6901,3.0599],[5.4475,59.6885,24.3652],[5.4375,59.6885,0.0],[5.4381,59.6854,0.0],[5.4408,59.6835,11.5436],[5.4342,59.6818,8.9293],[5.433,59.6785,0.0],[5.4375,59.6754,0.0],[5.4442,59.6749,5.5116],[5.4475,59.6726,0.0],[5.4464,59.6704,0.0],[5.4475,59.6696,0.0],[5.4458,59.669,0.0],[5.4464,59.666,0.0],[5.4397,59.666,4.2127],[5.4364,59.6638,0.0],[5.4292,59.664,0.0],[5.4269,59.6618,0.0],[5.4269,59.6593,0.9973],[5.4242,59.6579,1.615],[5.4214,59.6596,0.0],[5.4214,59.6621,5.8998],[5.4231,59.6626,5.8998],[5.4225,59.6657,0.0],[5.4131,59.6629,0.0],[5.4136,59.6579,0.0],[5.4164,59.6568,0.0],[5.4169,59.6532,0.0],[5.4292,59.6512,0.0],[5.4292,59.6488,0.0],[5.4258,59.649,2.0947],[5.4242,59.6468,0.0],[5.4364,59.6468,0.0],[5.4514,59.6507,2.0699],[5.4481,59.6463,3.92],[5.4436,59.6449,0.0],[5.4436,59.6424,0.0],[5.4386,59.6429,0.0],[5.4375,59.6401,0.7312],[5.4325,59.6385,0.0],[5.4431,59.6332,0.0],[5.4481,59.6354,0.0],[5.4447,59.6382,5.2318],[5.4458,59.6387,5.2318],[5.4592,59.6326,0.0],[5.4647,59.6326,11.1323],[5.4647,59.6307,8.2047],[5.4757999999999996,59.6243,2.5825],[5.4747,59.6213,26.0547],[5.4714,59.619,0.0],[5.4708,59.614,0.0],[5.4636,59.6149,3.2285],[5.4619,59.6137,0.0],[5.4614,59.6093,2.2987],[5.4525,59.6087,12.4008],[5.4486,59.6049,4.0014],[5.4469,59.6104,10.3959],[5.4503,59.6113,0.0],[5.4508,59.6135,0.0],[5.4575,59.6151,0.0],[5.4564,59.6162,0.0],[5.4603,59.6154,0.0],[5.4581,59.6196,4.0632],[5.4525,59.6201,18.4011],[5.4481,59.6151,7.0484],[5.4458,59.6165,6.3777],[5.4397,59.616,9.6059],[5.4336,59.6218,0.0],[5.4225,59.624,0.0],[5.4231,59.626,2.592],[5.4203,59.6288,0.0],[5.4192,59.6288,0.0],[5.4181,59.6235,7.2053],[5.4136,59.6226,2.7828],[5.4114,59.6249,6.2192],[5.4136,59.626,5.6061],[5.4131,59.6343,13.0812],[5.4147,59.6357,26.1738],[5.4131,59.6399,12.4754],[5.4142,59.6418,17.2038],[5.4081,59.6524,2.2091],[5.4008,59.6515,0.0],[5.3992,59.6476,6.8544],[5.4008,59.6463,6.8992],[5.3975,59.6457,1.0258],[5.3975,59.6443,2.1035],[5.3947,59.6485,0.0],[5.3975,59.6499,0.0],[5.3947,59.6521,0.0],[5.3897,59.6515,0.0],[5.3881,59.6488,0.0],[5.3831,59.6465,7.7367],[5.3714,59.6465,0.0],[5.3725,59.6443,4.4373],[5.3692,59.6432,0.0],[5.3747,59.6407,9.4355],[5.3736,59.6379,0.0],[5.3764,59.6368,15.507],[5.3764,59.6354,10.7885],[5.3731,59.6357,0.0],[5.3714,59.6329,6.0618],[5.3675,59.6326,20.0213],[5.3675,59.6346,7.2291],[5.3653,59.6349,7.2291],[5.3619,59.6332,24.0132],[5.3547,59.6332,1.8171],[5.3475,59.6288,5.7013],[5.3414,59.6301,4.5776],[5.3375,59.629,0.8491],[5.3369,59.6268,12.0009],[5.3275,59.626,2.1286],[5.3281,59.6237,16.213],[5.3247,59.6243,0.0],[5.3208,59.6204,11.5928],[5.3147,59.6193,4.7056],[5.3147,59.6174,7.5337],[5.3175,59.6157,9.4969],[5.3175,59.6129,3.1697],[5.3208,59.6121,6.8445],[5.3219,59.6099,0.0],[5.3219,59.6074,0.0],[5.3175,59.6068,7.4694],[5.3197,59.6046,0.0],[5.3192,59.6021,9.7702],[5.3158,59.6024,1.8026],[5.3158,59.5999,0.0],[5.3181,59.599,11.1044],[5.3164,59.5979,1.1611],[5.3169,59.596,12.6991],[5.3142,59.5957,1.3998],[5.3119,59.5974,4.8241],[5.3119,59.6004,21.2527],[5.3069,59.6018,8.0659],[5.3058,59.5996,0.0],[5.3103,59.5976,4.8241],[5.3042,59.5971,3.8611],[5.3064,59.5932,26.4311],[5.2947,59.5915,9.8344],[5.2892,59.589,0.0],[5.2903,59.5851,0.0],[5.2936,59.5832,31.5374],[5.2914,59.5826,0.0],[5.2914,59.5804,12.5114],[5.2869,59.5771,0.0],[5.2875,59.5693,16.4904],[5.2842,59.5674,0.0],[5.2864,59.5643,1.7581],[5.2831,59.5621,1.0073],[5.2803,59.5626,2.7378],[5.2808,59.5638,0.7106],[5.2786,59.5657,0.0],[5.2725,59.5646,2.2552],[5.2753,59.5615,6.8585],[5.2669,59.5576,8.1458],[5.2664,59.5526,5.1124],[5.2631,59.5546,0.9107],[5.2564,59.5537,12.7522],[5.2542,59.5543,1.5146],[5.2542,59.5563,2.4481],[5.2469,59.5568,2.189],[5.2475,59.5551,2.6602],[5.2447,59.5507,1.6752],[5.2469,59.549,4.0745],[5.2403,59.5465,2.5439],[5.2381,59.5432,1.816],[5.2369,59.5368,9.8077],[5.2308,59.5349,0.0],[5.2331,59.5343,0.0],[5.2364,59.5357,9.8077],[5.2358,59.5296,1.5009],[5.2242,59.5279,2.7449],[5.2242,59.526,7.8214],[5.2303,59.5246,5.7503],[5.2319,59.5226,3.2738],[5.2569,59.5221,1.2585],[5.2681,59.5168,2.3653],[5.2664,59.5165,16.7184],[5.2519,59.5213,0.0],[5.2436,59.521,0.0],[5.242,59.5195,0.0],[5.2392,59.5207,0.0],[5.2386,59.5199,0.0],[5.2425,59.5185,0.0],[5.2469,59.5193,3.698],[5.2486,59.5179,1.3079],[5.2447,59.5151,5.8881],[5.2303,59.5168,5.2292],[5.2275,59.5132,0.0],[5.2319,59.5118,7.3228],[5.2319,59.5104,0.0],[5.2425,59.511,5.3562],[5.2436,59.5099,6.0729],[5.2397,59.5074,0.0],[5.2435,59.5052,0.0],[5.2552,59.5047,18.5528],[5.2571,59.5026,17.4784],[5.2657,59.5036,4.5],[5.2677,59.4992,6.2568],[5.2763,59.5002,7.5162],[5.2783,59.4958,19.8383],[5.2869,59.4968,24.1274],[5.2889,59.4925,6.8076],[5.2975,59.4935,0.0],[5.2995,59.4891,7.094],[5.3168,59.4911,55.8468],[5.3187,59.4867,53.2327],[5.3706,59.4926,29.8003],[5.3687,59.497,12.7257],[5.3773,59.498,28.7964],[5.3793,59.4936,51.8759],[5.3879,59.4946,28.7747],[5.3898,59.4902,42.3264],[5.4049,59.4919,39.1345]]],
[[[5.4481,59.6193,12.7933],[5.4503,59.6199,3.812],[5.4503,59.6213,0.0],[5.4458,59.6204,1.903],[5.4481,59.6193,12.7933]]],
[[[5.4508,59.6276,3.0895],[5.4425,59.6285,11.2383],[5.4447,59.6254,9.9067],[5.4414,59.6237,0.0],[5.4414,59.6221,0.0],[5.4492,59.6235,2.9129],[5.4519,59.6257,8.8087],[5.4508,59.6276,3.0895]]],
[[[5.5225,59.6365,0.0],[5.5253,59.6365,0.0],[5.5247,59.6393,0.0],[5.5219,59.6387,0.0],[5.5225,59.6365,0.0]]],
[[[5.3069,59.6699,0.0],[5.3064,59.6721,2.5534],[5.3019,59.6715,1.4286],[5.3031,59.6693,0.6053],[5.3069,59.6699,0.0]]],
[[[5.4225,59.6735,0.0],[5.4197,59.6749,4.7224],[5.4131,59.6738,0.0],[5.4136,59.6715,0.0],[5.4164,59.671,2.5338],[5.4208,59.6712,0.0],[5.4225,59.6735,0.0]]],
[[[5.3008,59.679,0.0],[5.2997,59.6813,6.399],[5.2936,59.6804,2.3752],[5.2969,59.6787,0.0],[5.3008,59.679,0.0]]],
[[[5.3153,59.6999,5.0034],[5.3075,59.701,0.5515],[5.3114,59.6974,2.2434],[5.3269,59.6971,0.878],[5.3275,59.6949,0.4342],[5.3258,59.6937,0.0],[5.3292,59.694,0.0],[5.3286,59.6976,0.0],[5.3153,59.6999,5.0034]]],
[[[5.3225,59.7057,0.0],[5.3158,59.7068,10.0304],[5.3125,59.706,0.9674],[5.3125,59.704,8.4388],[5.3142,59.7026,3.559],[5.3236,59.7024,0.0],[5.3242,59.7038,11.7366],[5.3275,59.704,0.0],[5.3225,59.7057,0.0]]],
[[[5.2786,59.7051,0.0],[5.2808,59.7051,0.0],[5.2808,59.7074,0.0],[5.2764,59.7082,0.0],[5.2769,59.7062,0.0],[5.2786,59.7051,0.0]]],
[[[5.4381,59.7265,2.4011],[5.4331,59.7262,4.9384],[5.4319,59.7285,0.0],[5.4297,59.7285,10.0527],[5.4236,59.7249,2.0906],[5.4236,59.7226,1.5692],[5.4342,59.721,0.0],[5.4386,59.7251,1.4936],[5.4381,59.7265,2.4011]]],
[[[5.3736,59.7374,0.0],[5.3681,59.7385,15.0957],[5.3586,59.7329,4.1615],[5.3547,59.7349,0.0],[5.3519,59.7324,1.448],[5.3614,59.7279,0.0],[5.3669,59.7274,3.7926],[5.3681,59.7246,0.0],[5.3742,59.7201,0.0],[5.3808,59.7199,0.5317],[5.3825,59.7221,3.4152],[5.3864,59.7218,0.0],[5.3869,59.7229,0.0],[5.3847,59.7238,0.0],[5.3819,59.729,3.1279],[5.3775,59.7287,8.9494],[5.3753,59.7304,10.5764],[5.3758,59.7337,9.5111],[5.3736,59.7374,0.0]]],
[[[5.3942,59.7424,6.0236],[5.3931,59.7426,6.0236],[5.3936,59.7446,2.8208],[5.3914,59.7449,1.6512],[5.3864,59.7446,2.2261],[5.3864,59.7432,16.5412],[5.3819,59.7421,0.0],[5.3847,59.7401,0.0],[5.3881,59.741,3.6772],[5.3892,59.7388,0.0],[5.3869,59.7363,2.5905],[5.3925,59.7354,7.1146],[5.3931,59.7318,0.0],[5.3958,59.7326,4.7358],[5.3958,59.7343,9.4061],[5.4014,59.7388,1.9435],[5.4081,59.7368,3.3052],[5.4097,59.7335,1.0653],[5.4125,59.7324,1.0653],[5.4181,59.7326,2.538],[5.4197,59.736,3.3953],[5.4247,59.7376,13.7319],[5.4203,59.7426,0.0],[5.4147,59.7438,0.0],[5.4031,59.7426,0.0],[5.3986,59.7396,1.9435],[5.3942,59.7401,21.9397],[5.3942,59.7424,6.0236]]],
[[[5.5364,59.7779,0.0],[5.5347,59.779,0.0],[5.5308,59.7785,0.0],[5.5375,59.7771,0.0],[5.5364,59.7779,0.0]]],
[[[5.5414,59.7804,12.6215],[5.5369,59.7813,4.3352],[5.5386,59.7785,0.0],[5.5431,59.7788,0.0],[5.5414,59.7804,12.6215]]],
[[[5.2669,59.5585,8.1458],[5.2658,59.5607,0.0],[5.2619,59.5599,0.0],[5.2647,59.5582,0.0],[5.2669,59.5585,8.1458]]],
[[[5.2625,59.6876,6.4682],[5.2592,59.6888,0.0],[5.2586,59.6865,6.7063],[5.2619,59.684,0.0],[5.2619,59.6818,0.0],[5.2647,59.681,0.0],[5.2658,59.6843,0.0],[5.2631,59.6857,1.3436],[5.2647,59.6876,1.7413],[5.2625,59.6876,6.4682]]],
[[[5.2642,59.736,4.3373],[5.2664,59.7371,0.0],[5.2619,59.7376,0.0],[5.2569,59.7337,4.1532],[5.2592,59.7324,22.4081],[5.2558,59.7299,0.0],[5.2564,59.7251,0.0],[5.2586,59.7232,0.0],[5.2642,59.7243,4.6979],[5.2636,59.7271,8.3135],[5.2675,59.7251,0.0],[5.2714,59.7279,0.0],[5.2653,59.7307,0.0],[5.2664,59.7326,4.9567],[5.2642,59.736,4.3373]]],
[[[5.1369,59.6951,0.0],[5.1292,59.6957,0.0],[5.1319,59.6932,0.0],[5.1358,59.6935,0.0],[5.1369,59.6951,0.0]]],
[[[5.1519,59.7124,0.0],[5.1492,59.714,0.0],[5.1442,59.7137,7.0347],[5.1408,59.7129,0.4028],[5.1408,59.7115,0.0],[5.1458,59.7093,2.667],[5.1453,59.7076,0.0],[5.1469,59.7062,0.0],[5.1458,59.7051,0.0],[5.1542,59.7046,0.0],[5.1564,59.7065,2.1889],[5.1564,59.7088,0.0],[5.1481,59.7096,2.3684],[5.1536,59.711,2.9572],[5.1519,59.7124,0.0]]],
[[[5.1647,59.7482,0.0],[5.1608,59.7496,1.358],[5.1597,59.7468,0.3884],[5.1608,59.7454,11.9982],[5.1581,59.7454,13.8173],[5.1569,59.7476,1.5231],[5.1536,59.7487,4.5442],[5.1481,59.7432,2.2154],[5.1486,59.7401,0.0],[5.1514,59.7396,0.0],[5.1525,59.7376,2.185],[5.1503,59.7368,4.0762],[5.1508,59.7354,0.0],[5.1531,59.7351,0.0],[5.1531,59.7374,2.185],[5.1575,59.7385,0.0],[5.1581,59.7354,0.0],[5.1536,59.7349,0.0],[5.1514,59.7318,0.0],[5.1569,59.7329,4.2488],[5.1569,59.7343,3.9829],[5.1631,59.7365,0.0],[5.1669,59.7404,0.0],[5.1669,59.7429,0.0],[5.1647,59.7451,0.8043],[5.1669,59.7454,0.0],[5.1669,59.7471,0.9759],[5.1647,59.7482,0.0]]],
[[[5.1953,59.7501,0.0],[5.1953,59.7524,0.3907],[5.1919,59.7529,0.0],[5.1914,59.7515,0.0],[5.1931,59.7507,1.5665],[5.1819,59.7476,0.7412],[5.1814,59.7443,0.0],[5.1864,59.7446,0.8674],[5.1897,59.7485,0.0],[5.1947,59.7482,0.0],[5.1953,59.7501,0.0]]],
[[[5.1842,59.7515,0.0],[5.1875,59.751,0.0],[5.1892,59.7532,0.0],[5.1869,59.7532,3.4193],[5.1842,59.7515,0.0]]],
[[[5.1681,59.8404,13.8864],[5.1642,59.8421,0.0],[5.1642,59.8404,2.6658],[5.1681,59.8371,5.3055],[5.1725,59.8363,0.0],[5.1719,59.8385,9.8115],[5.1681,59.8404,13.8864]]],
[[[5.1875,59.8893,15.0215],[5.1819,59.8901,3.5406],[5.1814,59.8876,0.0],[5.1931,59.881,8.7087],[5.1969,59.8763,5.712],[5.2014,59.8763,0.0],[5.1981,59.8801,12.5771],[5.1992,59.8826,0.0],[5.1975,59.8832,8.5865],[5.1975,59.8854,1.5697],[5.1875,59.8893,15.0215]]],
[[[5.1392,59.8929,29.0095],[5.1353,59.894,3.3228],[5.1297,59.8913,0.0],[5.1297,59.8907,0.0],[5.1325,59.8907,12.3429],[5.1319,59.8865,2.5922],[5.1358,59.8843,12.8289],[5.1364,59.8793,0.0],[5.1381,59.8785,0.0],[5.1431,59.8782,0.0],[5.1453,59.8799,1.6586],[5.1564,59.8785,0.0],[5.1619,59.8793,0.0],[5.1619,59.8815,0.0],[5.1592,59.8843,5.1973],[5.1625,59.886,2.5768],[5.1664,59.8857,0.0],[5.1658,59.884,1.241],[5.1725,59.881,6.7458],[5.1792,59.8799,0.0],[5.1808,59.8818,0.0],[5.1775,59.8885,0.0],[5.1719,59.8876,1.449],[5.1692,59.8854,5.1892],[5.1669,59.8885,0.0],[5.1608,59.8904,0.0],[5.1608,59.8885,0.0],[5.1631,59.8874,2.4212],[5.1581,59.8857,1.3957],[5.1542,59.8882,1.5172],[5.1497,59.8885,6.0003],[5.1497,59.8913,0.0],[5.1475,59.8932,6.3726],[5.1458,59.8926,0.0],[5.1458,59.889,1.5907],[5.1392,59.8929,29.0095]]],
[[[5.2597,59.8338,7.9371],[5.2625,59.8338,7.9371],[5.2625,59.8357,5.6178],[5.2592,59.836,5.6178],[5.2597,59.8338,7.9371]]],
[[[5.2736,59.836,4.8369],[5.2736,59.8371,0.0],[5.2692,59.8376,4.1358],[5.2658,59.8368,0.0],[5.2658,59.8349,0.0],[5.2731,59.8338,0.0],[5.2736,59.836,4.8369]]],
[[[5.2647,59.836,0.0],[5.2653,59.839,0.0],[5.2619,59.8387,0.0],[5.2625,59.836,5.6178],[5.2647,59.836,0.0]]],
[[[5.2108,59.8704,10.2069],[5.2053,59.8715,8.8078],[5.2042,59.8699,0.0],[5.2081,59.8688,13.1943],[5.2097,59.8665,5.3389],[5.2131,59.8668,0.0],[5.2108,59.8704,10.2069]]],
[[[5.5414,59.7835,0.0],[5.5403,59.786,0.0],[5.5364,59.7849,5.7829],[5.5392,59.7829,0.0],[5.5414,59.7835,0.0]]],
[[[5.3136,59.8001,5.4055],[5.3097,59.8021,0.0],[5.3064,59.7993,16.4259],[5.3142,59.7979,0.0],[5.3136,59.8001,5.4055]]],
[[[5.2986,59.8143,2.1617],[5.2975,59.8171,0.0],[5.2936,59.8165,2.2037],[5.2975,59.8138,0.0],[5.2986,59.8143,2.1617]]],
[[[5.2869,59.8196,10.9011],[5.2842,59.8207,0.0],[5.2825,59.8179,1.089],[5.2897,59.8163,0.0],[5.2869,59.8196,10.9011]]],
[[[5.2697,59.8207,0.0],[5.2692,59.8221,0.0],[5.2653,59.8224,6.0387],[5.2653,59.8213,5.2637],[5.2697,59.8207,0.0]]],
[[[5.2664,59.8282,10.7086],[5.2692,59.8271,11.3179],[5.2742,59.821,0.0],[5.2786,59.8215,2.569],[5.2775,59.8243,0.0],[5.2731,59.8271,0.0],[5.2747,59.8296,7.979],[5.2731,59.831,2.2538],[5.2697,59.8315,11.5918],[5.2653,59.8299,2.0883],[5.2664,59.8282,10.7086]]],
[[[5.2647,59.8257,0.0],[5.2692,59.8246,0.0],[5.2681,59.8271,12.453],[5.2631,59.8274,0.0],[5.2647,59.8257,0.0]]],
[[[5.2519,59.829,2.0702],[5.2536,59.8299,1.0668],[5.2481,59.8307,0.0],[5.2486,59.8299,0.0],[5.2519,59.829,2.0702]]],
[[[5.2158,59.8688,4.021],[5.2147,59.8713,1.4623],[5.2119,59.8707,1.4623],[5.2136,59.8685,0.0],[5.2158,59.8688,4.021]]],
[[[5.2175,59.8757,0.0],[5.2131,59.8771,0.0],[5.2114,59.8751,0.0],[5.2175,59.8746,0.0],[5.2175,59.8757,0.0]]],
[[[5.2197,59.9015,0.0],[5.2175,59.904,0.0],[5.2119,59.904,0.0],[5.2114,59.9001,11.3377],[5.2081,59.899,0.0],[5.2108,59.8982,15.997],[5.2103,59.8963,6.2332],[5.2147,59.8935,0.0],[5.2175,59.8893,2.844],[5.2242,59.889,22.4215],[5.2247,59.8871,23.3345],[5.2208,59.8879,1.1269],[5.2208,59.8863,0.0],[5.2253,59.8851,3.5546],[5.2257999999999996,59.8804,0.0],[5.2275,59.8788,0.0],[5.2342,59.8763,16.9064],[5.2336,59.8746,0.6302],[5.2386,59.8746,3.4197],[5.2386,59.8721,1.6337],[5.2408,59.8707,4.4224],[5.2453,59.8713,13.5249],[5.2481,59.8682,0.0],[5.2458,59.8657,0.0],[5.2497,59.8649,0.0],[5.2497,59.8629,0.0],[5.2542,59.8624,5.0081],[5.2547,59.8593,5.1685],[5.2619,59.8537,0.0],[5.2681,59.8518,0.0],[5.2747,59.8565,3.3736],[5.2742,59.8582,20.7222],[5.2764,59.8601,3.7116],[5.2653,59.8713,9.3922],[5.2625,59.8765,41.2673],[5.2575,59.8815,3.2864],[5.2447,59.8885,4.442],[5.2458,59.8893,2.5978],[5.2542,59.886,1.1193],[5.2475,59.8921,3.2943],[5.2486,59.8937,3.2943],[5.2392,59.8993,0.0],[5.2331,59.8946,7.8692],[5.2331,59.8926,10.1028],[5.2314,59.8926,11.1726],[5.2281,59.8949,11.9155],[5.2269,59.8979,14.1256],[5.2236,59.8979,14.1256],[5.2225,59.9004,2.1701],[5.2197,59.9015,0.0]]],
[[[5.2308,59.9201,15.8156],[5.2231,59.9207,3.1245],[5.2225,59.9146,3.9988],[5.2253,59.9138,5.2371],[5.2253,59.9101,0.4428],[5.2203,59.9099,5.7674],[5.2219,59.9029,3.3011],[5.2247,59.901,0.0],[5.2269,59.9015,0.0],[5.2225,59.9046,1.3558],[5.2292,59.9035,0.0],[5.2286,59.9057,7.5485],[5.2303,59.9063,2.8211],[5.2331,59.9046,2.2352],[5.2336,59.901,0.0],[5.2325,59.9001,0.0],[5.2347,59.9001,0.0],[5.2419,59.9021,11.9138],[5.2431,59.9051,9.2442],[5.2453,59.9057,10.3335],[5.2458,59.9032,8.4815],[5.2436,59.9021,0.0],[5.2436,59.9001,0.0],[5.2458,59.8974,1.3124],[5.2625,59.8899,0.3311],[5.2614,59.8946,4.4198],[5.2597,59.8954,4.4198],[5.2608,59.8999,2.943],[5.2531,59.9068,8.7332],[5.2497,59.9074,16.3887],[5.2508,59.911,1.3686],[5.2381,59.9196,5.6543],[5.2319,59.9179,12.0234],[5.2308,59.9201,15.8156]]],
[[[5.6281,59.8754,3.3078],[5.6247,59.8776,0.0],[5.6253,59.874,7.3706],[5.6275,59.8737,0.0],[5.6281,59.8754,3.3078]]],
[[[5.5764,59.8846,12.3095],[5.5697,59.8846,6.2126],[5.5725,59.8807,30.1506],[5.5708,59.8751,0.0],[5.5731,59.876,3.1766],[5.5758,59.879,4.2059],[5.5781,59.8843,0.0],[5.5764,59.8846,12.3095]]],
[[[5.6447,59.8949,0.0],[5.6408,59.8946,0.0],[5.6408,59.8929,0.0],[5.6436,59.8926,0.0],[5.6475,59.8957,0.0],[5.6447,59.8949,0.0]]],
[[[5.5869,59.9038,9.2533],[5.5886,59.9049,1.1596],[5.5881,59.9063,0.0],[5.5819,59.9018,0.5747],[5.5853,59.901,0.0],[5.5869,59.9038,9.2533]]],
[[[5.7575,59.6704,13.8847],[5.7542,59.6724,0.0],[5.7547,59.6685,14.3989],[5.7475,59.6682,7.5606],[5.7481,59.6654,0.0],[5.7514,59.6643,3.9125],[5.7481,59.6629,2.6143],[5.7625,59.6613,3.8317],[5.7575,59.6635,17.0775],[5.7625,59.6671,5.0882],[5.7575,59.6704,13.8847]]],
[[[5.7319,59.6801,0.0],[5.7297,59.6838,0.0],[5.7219,59.6818,15.9783],[5.7242,59.679,18.1681],[5.7303,59.6774,12.7945],[5.7331,59.674,13.838],[5.7308,59.6699,1.714],[5.7358,59.6685,0.0],[5.7419,59.6688,4.8505],[5.7381,59.671,4.1247],[5.7392,59.6751,24.4576],[5.7536,59.6768,0.7234],[5.7525,59.6815,0.0],[5.7503,59.6829,0.0],[5.7464,59.6801,39.8354],[5.7442,59.681,0.0],[5.7464,59.6835,0.0],[5.7392,59.6824,0.0],[5.7381,59.6782,11.2656],[5.7319,59.6785,26.6637],[5.7319,59.6801,0.0]]],
[[[5.6236,59.6793,12.5723],[5.6203,59.681,3.4274],[5.6175,59.6804,7.7825],[5.6197,59.6782,0.0],[5.6236,59.6782,0.0],[5.6236,59.6793,12.5723]]],
[[[5.5975,59.7062,0.0],[5.5947,59.7085,4.0131],[5.5908,59.7079,0.0],[5.5931,59.706,2.0493],[5.5975,59.7062,0.0]]],
[[[5.5969,59.7188,0.0],[5.5981,59.7196,0.0],[5.5969,59.7218,0.0],[5.5914,59.7204,0.0],[5.5919,59.7196,0.0],[5.5969,59.7188,0.0]]],
[[[5.6681,59.7446,8.2265],[5.6597,59.7457,0.0],[5.6519,59.7421,3.0886],[5.6531,59.7388,9.4076],[5.6481,59.7365,1.2928],[5.6503,59.731,12.7485],[5.6436,59.729,2.0752],[5.6492,59.7271,6.232],[5.6492,59.7249,3.3453],[5.6453,59.7199,0.0],[5.6514,59.7163,0.0],[5.6653,59.7154,0.0],[5.6764,59.7121,12.2888],[5.6792,59.7099,0.0],[5.6825,59.7107,0.0],[5.6825,59.7126,1.7277],[5.6886,59.7115,0.5258],[5.6914,59.7163,8.6253],[5.6975,59.7163,9.4403],[5.6986,59.7149,0.0],[5.7042,59.716,5.7766],[5.7036,59.7143,3.7155],[5.6969,59.7126,16.0119],[5.6986,59.711,2.9523],[5.6981,59.7085,0.0],[5.6997,59.7076,9.1976],[5.6986,59.7038,0.0],[5.7003,59.7029,4.6018],[5.7047,59.7051,2.6566],[5.7036,59.7068,10.3292],[5.7047,59.709,10.888],[5.7069,59.7088,6.0331],[5.7075,59.7062,3.3551],[5.7108,59.7035,9.3725],[5.7075,59.7049,9.1146],[5.7053,59.704,3.3668],[5.7119,59.7012,2.9633],[5.7281,59.7046,0.0],[5.7208,59.7088,7.7153],[5.7208,59.7104,7.7153],[5.7247,59.7113,0.0],[5.7203,59.7137,15.9641],[5.7225,59.7174,0.0],[5.7197,59.7182,0.0],[5.7169,59.7168,21.5263],[5.7125,59.7202,17.3318],[5.7092,59.7204,40.1965],[5.7169,59.7238,8.477],[5.7103,59.7285,18.3911],[5.7103,59.7301,2.3258],[5.7147,59.7304,0.0],[5.7142,59.7318,21.1469],[5.7047,59.7326,0.0],[5.6953,59.7313,5.0009],[5.6969,59.7332,0.0],[5.6958,59.7351,12.0028],[5.6831,59.7385,21.5626],[5.6786,59.7424,1.7914],[5.6747,59.7407,0.0],[5.6681,59.7446,8.2265]]],
[[[5.7375,59.7251,0.0],[5.7375,59.7279,0.0],[5.7325,59.7282,1.8514],[5.7353,59.7254,0.0],[5.7375,59.7251,0.0]]],
[[[5.6831,59.7568,14.7595],[5.6769,59.7588,0.0],[5.6753,59.7565,1.6111],[5.6719,59.7568,2.5159],[5.6686,59.7538,1.0255],[5.6853,59.7396,3.9333],[5.6981,59.7385,0.0],[5.7003,59.7363,0.0],[5.7114,59.7382,45.3883],[5.7103,59.7349,3.0019],[5.7164,59.7332,0.0],[5.7181,59.7301,0.0],[5.7258,59.7324,7.9461],[5.7258,59.7365,6.2622],[5.7214,59.7379,29.7246],[5.7203,59.7399,18.1433],[5.7214,59.7432,13.9948],[5.7197,59.749,2.9669],[5.7225,59.7501,0.0],[5.7225,59.7532,0.0],[5.7192,59.7529,22.5777],[5.7192,59.7582,1.9707],[5.7158,59.7579,0.0],[5.7164,59.7562,7.7916],[5.7131,59.7551,4.932],[5.7119,59.7513,5.7401],[5.7086,59.7518,3.2016],[5.7075,59.7501,13.9688],[5.7025,59.7513,15.0815],[5.7003,59.7554,5.9602],[5.6831,59.7568,14.7595]]],
[[[5.6581,59.8143,0.0],[5.6581,59.816,3.3032],[5.6608,59.8174,3.4479],[5.6503,59.8165,12.5301],[5.6458,59.814,10.4901],[5.6314,59.8135,34.6218],[5.6292,59.8124,8.3343],[5.6308,59.8096,6.2078],[5.6286,59.8085,0.5731],[5.6325,59.8076,18.2145],[5.6358,59.8032,0.0],[5.6458,59.7971,8.4876],[5.6686,59.7943,1.6408],[5.6686,59.7896,0.0],[5.6708,59.7863,5.6244],[5.6625,59.7846,1.1151],[5.6642,59.7824,4.7393],[5.6814,59.7829,2.4684],[5.6886,59.7849,0.3761],[5.6969,59.7824,0.0],[5.6997,59.7846,0.4227],[5.7047,59.7854,0.715],[5.7069,59.7893,4.3792],[5.7064,59.7918,1.7428],[5.7136,59.7938,4.9095],[5.7192,59.7929,0.0],[5.7181,59.7907,0.967],[5.7203,59.7888,6.0322],[5.7258,59.7893,1.9782],[5.7253,59.7865,1.61],[5.7297,59.7851,0.0],[5.7275,59.7796,0.0],[5.7319,59.7788,12.5105],[5.7314,59.776,1.621],[5.7364,59.779,9.3961],[5.7436,59.7776,6.4821],[5.7508,59.7804,0.0],[5.7536,59.7799,8.7215],[5.7469,59.7776,3.6608],[5.7475,59.7732,29.8205],[5.7447,59.769,4.968],[5.7464,59.7668,38.5799],[5.7414,59.766,0.0],[5.7414,59.7643,57.3387],[5.7325,59.7635,9.0494],[5.7347,59.7607,16.0511],[5.7431,59.7596,7.1986],[5.7447,59.7571,5.685],[5.7481,59.7565,0.8694],[5.7458,59.7515,6.2914],[5.7414,59.7485,0.0],[5.7419,59.7446,1.7478],[5.7375,59.7435,13.7999],[5.7353,59.7407,6.1128],[5.7375,59.7343,7.646],[5.7364,59.7329,5.9249],[5.7397,59.7301,0.0],[5.7408,59.7265,0.0],[5.7469,59.7254,10.1725],[5.7469,59.7232,9.1126],[5.7442,59.7226,4.1777],[5.7447,59.7215,0.0],[5.7519,59.7232,6.7306],[5.7569,59.7226,0.0],[5.7581,59.7243,5.0696],[5.7681,59.7238,8.6083],[5.7786,59.7282,2.2199],[5.7792,59.7326,0.0],[5.7814,59.7346,0.0],[5.7814,59.7385,0.0],[5.7903,59.746,0.0],[5.7897,59.7521,0.0],[5.7953,59.7549,0.0],[5.7942,59.7568,0.0],[5.7953,59.7585,0.0],[5.7908,59.7599,20.6536],[5.7914,59.7607,9.5666],[5.8097,59.7554,0.0],[5.8375,59.7568,4.4463],[5.8381,59.7543,2.1267],[5.8403,59.7543,0.0],[5.8431,59.7557,1.1369],[5.8436,59.7588,0.0],[5.8414,59.7621,0.0],[5.8425,59.7649,0.0],[5.8375,59.766,12.2112],[5.8386,59.7696,5.6364],[5.8286,59.7746,0.0],[5.8303,59.7762,0.0],[5.8131,59.781,2.8393],[5.8042,59.7854,6.576],[5.8025,59.7899,0.0],[5.7992,59.7901,8.454],[5.7992,59.7924,0.0],[5.7875,59.7921,0.0],[5.7881,59.7882,6.1133],[5.7819,59.7901,6.1684],[5.7792,59.7929,0.0],[5.7708,59.7901,18.8838],[5.7658,59.794,2.7189],[5.7619,59.7932,0.0],[5.7586,59.789,36.7087],[5.7558,59.7893,29.0107],[5.7547,59.7912,0.0],[5.7436,59.7912,17.2325],[5.7397,59.7971,4.7394],[5.7481,59.7976,1.6727],[5.7514,59.8001,3.7386],[5.7486,59.8015,9.7343],[5.7386,59.8007,0.0],[5.7386,59.8065,6.3064],[5.7447,59.809,0.0],[5.7442,59.8101,0.0],[5.7375,59.809,0.0],[5.7303,59.8135,15.9598],[5.7242,59.8135,14.3098],[5.7197,59.8174,0.0],[5.7169,59.8154,45.5616],[5.7097,59.8154,22.2263],[5.7075,59.8132,20.1901],[5.6986,59.8138,0.0],[5.7014,59.8121,14.5052],[5.7019,59.8099,1.6783],[5.7075,59.8093,12.2559],[5.7075,59.8043,6.9138],[5.7092,59.8024,0.0],[5.7069,59.8018,0.0],[5.7075,59.7962,4.4063],[5.6975,59.7901,5.2845],[5.6892,59.7901,7.7197],[5.6831,59.7926,0.5859],[5.6847,59.7935,0.0],[5.6842,59.7965,2.788],[5.6858,59.7971,3.5193],[5.6858,59.8021,0.0],[5.6825,59.8054,4.3424],[5.6653,59.8046,8.7939],[5.6603,59.8018,5.6325],[5.6597,59.7993,0.0],[5.6553,59.8001,6.0266],[5.6575,59.8062,12.5577],[5.6553,59.8101,3.8501],[5.6581,59.8118,0.0],[5.6569,59.8138,28.8699],[5.6581,59.8143,0.0]]],
[[[5.7131,59.7865,0.0],[5.7108,59.7876,0.0],[5.7103,59.7843,2.8222],[5.7114,59.7813,6.1679],[5.7136,59.7801,0.0],[5.7147,59.7813,6.1679],[5.7125,59.7826,2.6544],[5.7131,59.7865,0.0]]],
[[[5.6075,59.7857,0.0],[5.6092,59.7876,0.0],[5.6047,59.7863,3.1058],[5.6014,59.7876,0.0],[5.5986,59.7849,0.0],[5.6075,59.7826,1.133],[5.6086,59.7854,0.0],[5.6075,59.7857,0.0]]],
[[[5.6786,59.814,2.3208],[5.6731,59.8154,17.8323],[5.6692,59.8143,0.0],[5.6675,59.8088,10.1578],[5.6642,59.806,9.8727],[5.6731,59.8063,1.965],[5.6708,59.8082,8.3177],[5.6781,59.8104,0.0],[5.6758,59.8115,7.4989],[5.6769,59.8126,5.1428],[5.6803,59.8121,5.1428],[5.6831,59.8093,3.3876],[5.6858,59.8101,0.0],[5.6858,59.8143,2.4338],[5.6831,59.8132,18.3801],[5.6786,59.814,2.3208]]],
[[[5.8514,59.7224,0.0],[5.8497,59.7243,0.0],[5.8453,59.7246,1.2466],[5.8458,59.7218,16.413],[5.8392,59.7193,12.407],[5.8386,59.7168,0.0],[5.8447,59.7137,0.0],[5.8514,59.7176,0.0],[5.8531,59.7212,1.3896],[5.8514,59.7224,0.0]]],
[[[5.8419,59.7526,0.0],[5.8342,59.7535,6.8097],[5.8319,59.7518,0.0],[5.8392,59.749,1.8943],[5.8431,59.751,2.1211],[5.8419,59.7526,0.0]]],
[[[5.7597,59.8171,0.0],[5.7586,59.819,0.0],[5.7508,59.8187,7.752],[5.7497,59.8143,1.7051],[5.7453,59.8143,5.6699],[5.7442,59.8124,13.8631],[5.7547,59.8143,0.0],[5.7597,59.8171,0.0]]],
[[[5.7292,59.8196,4.0192],[5.7269,59.8213,7.9312],[5.7242,59.821,7.9312],[5.7297,59.816,0.0],[5.7325,59.8163,0.0],[5.7292,59.8196,4.0192]]],
[[[5.6636,59.8213,8.1425],[5.6642,59.8226,0.0],[5.6625,59.8238,0.0],[5.6581,59.8224,1.9537],[5.6603,59.8199,0.0],[5.6636,59.8213,8.1425]]],
[[[5.7064,59.8249,0.0],[5.7069,59.8274,3.9724],[5.7042,59.8282,6.4605],[5.6914,59.8271,0.0],[5.6958,59.8254,6.3268],[5.6931,59.824,1.1939],[5.6947,59.8226,0.0],[5.7008,59.8243,3.6655],[5.7014,59.8268,4.4718],[5.7064,59.8249,0.0]]],
[[[5.6175,59.8396,2.4767],[5.6125,59.841,0.4816],[5.6136,59.8385,0.0],[5.6225,59.8382,1.8323],[5.6219,59.8401,5.7424],[5.6175,59.8396,2.4767]]],
[[[5.5942,59.8765,8.4772],[5.5792,59.8779,0.0],[5.5675,59.8662,17.4174],[5.5619,59.8682,0.8335],[5.5564,59.8668,4.9882],[5.5536,59.8604,2.043],[5.5536,59.8557,2.2629],[5.5581,59.8576,2.5925],[5.5625,59.8565,2.6674],[5.5625,59.8549,5.5645],[5.5592,59.8521,12.7987],[5.5592,59.8468,1.6621],[5.5625,59.8457,26.3855],[5.5619,59.8429,1.9554],[5.5714,59.8426,30.8348],[5.5686,59.8396,0.0],[5.5719,59.8351,10.2182],[5.5675,59.8346,3.9704],[5.5658,59.8326,0.0],[5.5714,59.8312,10.7122],[5.5719,59.8282,1.6772],[5.5747,59.8274,8.7281],[5.5742,59.8221,28.4336],[5.5814,59.8157,3.5451],[5.5908,59.816,7.0582],[5.5947,59.8187,0.0],[5.5942,59.821,0.0],[5.5981,59.8224,4.0192],[5.5997,59.8262,19.6095],[5.6031,59.8282,0.0],[5.6042,59.8329,0.0],[5.5997,59.8324,11.6451],[5.5958,59.8351,6.8519],[5.6031,59.8351,0.0],[5.6036,59.8379,6.4979],[5.5958,59.8393,35.1039],[5.5925,59.8424,6.4335],[5.6047,59.8432,0.0],[5.6058,59.8446,2.6995],[5.6014,59.8462,6.7106],[5.6069,59.8462,0.0],[5.6214,59.8546,3.3212],[5.6192,59.8571,0.0],[5.6131,59.8568,7.477],[5.6086,59.8618,0.0],[5.6086,59.8646,0.0],[5.6064,59.8665,0.0],[5.6069,59.8696,0.0],[5.5981,59.8732,41.7812],[5.5942,59.8765,8.4772]]],
[[[5.6247,59.8651,0.0],[5.6258,59.8682,1.3752],[5.6197,59.8679,1.2595],[5.6214,59.8657,0.0],[5.6247,59.8651,0.0]]],
[[[5.6875,59.9321,0.0],[5.6819,59.9335,0.0],[5.6808,59.931,14.7841],[5.6725,59.9279,3.4788],[5.6775,59.924,23.3473],[5.6781,59.914,2.863],[5.6814,59.9129,0.0],[5.6831,59.9071,6.6004],[5.6847,59.9065,1.1338],[5.6886,59.9074,5.3924],[5.6881,59.909,10.3756],[5.6903,59.911,0.0],[5.6903,59.9137,0.0],[5.6864,59.9146,17.7549],[5.6881,59.9221,0.0],[5.6864,59.9243,18.9853],[5.6886,59.9257,6.0539],[5.6875,59.9321,0.0]]],
[[[5.6953,59.9301,21.416],[5.6931,59.9329,3.347],[5.6903,59.9326,2.8028],[5.6919,59.9299,0.0],[5.6914,59.9271,0.0],[5.6975,59.9238,23.3322],[5.6981,59.9199,0.0],[5.7025,59.9199,0.0],[5.7003,59.9235,6.6494],[5.7042,59.9251,2.6465],[5.6953,59.9301,21.416]]],
[[[5.7269,59.9379,15.382],[5.7242,59.939,0.0],[5.7164,59.9376,0.0],[5.7181,59.9349,9.0941],[5.7158,59.9287,17.9218],[5.7136,59.9287,17.2278],[5.7108,59.9315,3.4096],[5.7103,59.929,3.5358],[5.7081,59.9293,0.0],[5.7047,59.9263,0.0],[5.7064,59.9224,0.0],[5.7086,59.9215,0.0],[5.7092,59.9179,0.0],[5.7147,59.9168,0.0],[5.7147,59.9149,0.0],[5.7125,59.9137,0.0],[5.7192,59.9151,1.9724],[5.7203,59.9193,2.3597],[5.7253,59.9238,6.9276],[5.7303,59.9224,3.815],[5.7331,59.9246,0.0],[5.7331,59.9307,0.0],[5.7297,59.9326,31.9244],[5.7297,59.9357,6.7265],[5.7269,59.9379,15.382]]],
[[[5.6503,59.9613,2.0744],[5.6514,59.9646,9.7225],[5.6503,59.9657,2.926],[5.6464,59.9651,1.0429],[5.6442,59.9624,9.3179],[5.6458,59.961,4.9733],[5.6503,59.9613,2.0744]]],
[[[5.4881,59.9165,1.3241],[5.4764,59.9238,4.9008],[5.4747,59.9271,0.0],[5.4697,59.9274,7.117],[5.4675,59.9304,4.9864],[5.4597,59.9343,0.0],[5.4569,59.934,0.0],[5.4575,59.9354,0.0],[5.4536,59.9376,0.0],[5.4119,59.9476,5.6342],[5.4312,59.948,0.0],[5.4123,59.9516,0.0],[5.4004,59.9521,0.0],[5.3891,59.9642,0.0],[5.3695,59.9693,0.0],[5.3543,59.9776,0.0],[5.3498,59.9777,0.0],[5.3442,59.9754,0.0],[5.3269,59.9746,0.0],[5.3264,59.9779,3.0463],[5.3226,59.9796,11.2631],[5.3192,59.9853,0.0],[5.3087,59.982,0.0],[5.2976,59.9726,0.0],[5.2835,59.9649,0.0],[5.2931,59.9635,13.1913],[5.2875,59.9621,1.3209],[5.2881,59.9604,9.5095],[5.2864,59.9593,0.0],[5.2897,59.9568,0.0],[5.2975,59.9551,0.0],[5.2981,59.9576,7.3968],[5.2997,59.9576,7.3968],[5.2989,59.9556,0.7065],[5.3031,59.9557,13.1921],[5.3103,59.9518,0.0],[5.3164,59.9515,0.0],[5.3164,59.9546,5.4461],[5.3264,59.9429,0.0],[5.3303,59.941,5.8267],[5.3303,59.9393,3.4633],[5.3269,59.9371,0.7051],[5.3214,59.9365,0.0],[5.3292,59.9313,12.2915],[5.3219,59.9307,5.1383],[5.3136,59.9343,3.8986],[5.3081,59.9321,0.0],[5.3081,59.9304,0.0],[5.3147,59.9285,15.0776],[5.3153,59.9257,3.5553],[5.3125,59.9243,0.0],[5.3164,59.9229,1.2296],[5.3153,59.921,0.0],[5.3175,59.9196,1.8116],[5.3147,59.9185,3.9175],[5.3047,59.9201,0.3797],[5.3031,59.9179,3.3382],[5.2992,59.919,0.0],[5.2947,59.9165,9.3406],[5.2931,59.9171,0.0],[5.2925,59.9204,0.0],[5.2892,59.9221,0.0],[5.2808,59.919,0.0],[5.2908,59.9129,1.3191],[5.2881,59.9101,2.7347],[5.2808,59.9118,19.6239],[5.2769,59.914,12.7537],[5.2775,59.9154,0.0],[5.2697,59.9146,2.7148],[5.2686,59.9168,0.9438],[5.2731,59.9179,0.0],[5.2692,59.919,0.0],[5.2669,59.919,0.9543],[5.2647,59.914,0.0],[5.2703,59.9129,13.6143],[5.2697,59.9079,5.128],[5.2753,59.906,5.1743],[5.2725,59.9032,1.8049],[5.2697,59.9035,6.0235],[5.2708,59.9054,1.5233],[5.2692,59.9063,1.18],[5.2664,59.906,0.0],[5.2658,59.904,2.6391],[5.2819,59.8954,3.7586],[5.2819,59.8937,26.8959],[5.2775,59.8926,16.2749],[5.2764,59.8885,12.654],[5.2742,59.889,8.8729],[5.2708,59.8946,3.5483],[5.2681,59.8943,1.5929],[5.2697,59.8896,18.5349],[5.2669,59.8879,11.3582],[5.2675,59.886,5.4768],[5.2697,59.8854,0.0],[5.2736,59.8876,2.491],[5.2775,59.8818,0.0],[5.2831,59.8835,1.1816],[5.2869,59.8815,0.0],[5.2886,59.8824,4.3788],[5.2881,59.8846,4.9263],[5.2931,59.886,2.3519],[5.2892,59.8818,0.0],[5.2853,59.871,0.0],[5.2897,59.8693,16.4886],[5.2897,59.8674,5.2564],[5.2936,59.8657,17.6808],[5.2931,59.864,1.9839],[5.2947,59.8624,8.9562],[5.2931,59.8599,13.7212],[5.2875,59.8593,0.0],[5.2869,59.8574,0.0],[5.2908,59.8543,2.8941],[5.2942,59.8546,0.0],[5.2953,59.8593,2.1231],[5.2981,59.8607,6.0702],[5.3003,59.8593,7.0218],[5.2975,59.8565,0.0],[5.2986,59.8549,8.471],[5.2975,59.8535,0.0],[5.2997,59.851,0.0],[5.3036,59.8501,0.0],[5.3064,59.8524,11.6053],[5.3103,59.8518,18.604],[5.3075,59.8499,1.7317],[5.3108,59.849,11.3258],[5.3114,59.8432,2.6501],[5.3086,59.8415,0.0],[5.3031,59.844,3.1854],[5.3025,59.8424,7.2847],[5.3064,59.8401,0.0],[5.3097,59.8407,0.0],[5.3097,59.8374,0.0],[5.3153,59.8349,8.0343],[5.3108,59.8326,0.0],[5.3131,59.8315,6.8016],[5.3136,59.8279,0.0],[5.3192,59.8246,0.0],[5.3203,59.8193,8.6046],[5.3192,59.8182,0.0],[5.3225,59.816,3.6018],[5.3269,59.8165,16.2271],[5.3286,59.8135,2.1456],[5.3336,59.8115,0.0],[5.3392,59.8129,8.2757],[5.3414,59.8112,4.7586],[5.3397,59.8085,1.2544],[5.3414,59.8068,17.0255],[5.3381,59.804,3.6553],[5.3325,59.8037,0.0],[5.3342,59.7996,0.0],[5.3308,59.7985,4.5782],[5.3319,59.7949,0.0],[5.3342,59.7938,8.2427],[5.3325,59.7921,0.0],[5.3364,59.789,4.4844],[5.3358,59.7863,2.0213],[5.3381,59.7857,20.2317],[5.3353,59.7843,0.0],[5.3492,59.7774,0.0],[5.3542,59.7807,11.1217],[5.3531,59.7826,8.9325],[5.3564,59.7829,2.5991],[5.3575,59.786,0.9404],[5.3658,59.7865,3.4862],[5.3653,59.7846,0.0],[5.3675,59.7835,0.0],[5.3625,59.7782,2.6551],[5.3647,59.776,21.2414],[5.3636,59.7746,13.1215],[5.3664,59.7726,0.0],[5.3786,59.7726,3.3888],[5.3825,59.7704,7.722],[5.3819,59.7685,0.0],[5.3842,59.766,10.8585],[5.3942,59.7671,10.1466],[5.3953,59.7629,3.1748],[5.4081,59.7621,16.9265],[5.4014,59.7613,0.777],[5.4036,59.7596,1.8141],[5.4014,59.7571,0.0],[5.4031,59.7504,0.0],[5.4297,59.7496,4.8439],[5.4353,59.7482,0.0],[5.4403,59.749,6.9323],[5.4597,59.7463,3.0244],[5.4697,59.749,0.0],[5.4658,59.7507,10.4367],[5.4786,59.7538,3.0906],[5.4797,59.7571,0.0],[5.4781,59.7585,2.8517],[5.4814,59.7604,0.0],[5.4825,59.759,0.0],[5.4808,59.7565,0.0],[5.4831,59.756,0.8956],[5.4825,59.7543,0.0],[5.4897,59.7499,0.0],[5.4947,59.7551,1.7646],[5.4908,59.759,0.0],[5.4881,59.7593,0.0],[5.4881,59.7613,0.3014],[5.4947,59.7601,0.0],[5.4958,59.7621,0.0],[5.4986,59.7604,0.0],[5.5058,59.7618,0.0],[5.5058,59.766,0.0],[5.5008,59.7679,3.3121],[5.5047,59.7699,0.0],[5.5114,59.7699,0.0],[5.5175,59.7729,11.7186],[5.5153,59.7746,3.244],[5.5181,59.7754,0.0],[5.5097,59.7804,0.0],[5.5036,59.7793,0.0],[5.5075,59.786,20.1323],[5.5213,59.7896,0.0],[5.5231,59.7879,1.3226],[5.5231,59.7849,0.0],[5.5258,59.7843,0.0],[5.5247,59.7824,0.0],[5.5264,59.7821,0.0],[5.5336,59.7871,0.4634],[5.5397,59.7863,0.0],[5.5425,59.7879,6.6593],[5.5381,59.7901,9.9242],[5.5392,59.7932,0.0],[5.5364,59.7946,0.0],[5.5414,59.7951,0.0],[5.5414,59.7965,3.2505],[5.5342,59.8007,0.265],[5.5358,59.8026,1.5542],[5.5397,59.8015,0.0],[5.5408,59.8029,1.2726],[5.5358,59.804,1.005],[5.5331,59.8065,4.7599],[5.5347,59.8112,0.0],[5.5303,59.8146,1.3822],[5.5325,59.8165,0.0],[5.5242,59.8204,5.2725],[5.5308,59.8279,1.9871],[5.5319,59.8363,19.8259],[5.5347,59.8393,0.0],[5.5342,59.8468,7.1206],[5.5308,59.8499,11.889],[5.5314,59.854,3.9768],[5.5281,59.8579,6.4035],[5.5275,59.8635,0.0],[5.5292,59.8651,8.0681],[5.5297,59.8724,15.6133],[5.5242,59.8765,5.693],[5.5258,59.879,6.9399],[5.5253,59.884,0.0],[5.5197,59.8882,21.2536],[5.5203,59.8899,0.0],[5.5158,59.8924,1.0024],[5.5164,59.8951,3.2582],[5.5114,59.8982,37.3135],[5.5097,59.9015,0.0],[5.5075,59.9024,32.8827],[5.5075,59.9049,22.6115],[5.5008,59.9093,10.3255],[5.5003,59.9115,0.0],[5.4908,59.914,8.2817],[5.4881,59.9165,1.3241]]],
[[[5.3058,59.951,1.1223],[5.3014,59.9524,0.0],[5.3036,59.9504,0.0],[5.3069,59.9504,0.0],[5.3058,59.951,1.1223]]],
[[[5.2353,59.9211,0.0],[5.2331,59.9246,6.3027],[5.2303,59.9238,3.3719],[5.2319,59.9207,3.3904],[5.2358,59.9199,1.3709],[5.2353,59.9211,0.0]]],
[[[5.2519,59.9362,2.7767],[5.2503,59.9385,7.2126],[5.2453,59.9382,6.562],[5.2469,59.9343,0.6409],[5.2492,59.9338,0.6409],[5.2464,59.931,5.5542],[5.2492,59.9265,5.7418],[5.2436,59.9276,16.4514],[5.2431,59.9299,0.0],[5.2403,59.9299,4.6407],[5.2364,59.9271,6.418],[5.2386,59.924,2.9501],[5.2431,59.9238,18.2235],[5.2425,59.9188,5.8482],[5.2475,59.9185,9.1692],[5.2497,59.9165,0.0],[5.2497,59.9135,8.9135],[5.2569,59.9093,3.426],[5.2569,59.9071,2.2056],[5.2592,59.9074,0.0],[5.2603,59.9101,0.0],[5.2553,59.9115,5.2344],[5.2536,59.916,3.996],[5.2592,59.9137,0.0],[5.2608,59.9146,0.9016],[5.2525,59.9229,0.0],[5.2586,59.9215,20.2026],[5.2603,59.9193,4.5486],[5.2642,59.919,4.7333],[5.2614,59.9226,4.8346],[5.2697,59.9193,0.0],[5.2814,59.9204,5.4198],[5.2786,59.9243,0.3168],[5.2736,59.9232,1.3724],[5.2719,59.9249,1.6162],[5.2653,59.9229,0.0],[5.2675,59.9263,0.0],[5.2631,59.9285,10.7602],[5.2631,59.9304,2.8454],[5.2592,59.9329,2.6866],[5.2597,59.9351,0.0],[5.2519,59.9362,2.7767]]],
[[[5.2369,59.9327,0.0],[5.2358,59.9349,7.1984],[5.2325,59.9351,6.4922],[5.2331,59.9324,3.5415],[5.2308,59.9296,3.0979],[5.2331,59.9282,0.0],[5.2358,59.929,5.24],[5.2375,59.9307,0.0],[5.2369,59.9327,0.0]]],
[[[5.2231,59.9368,4.5681],[5.2219,59.939,0.0],[5.2192,59.9396,0.0],[5.2192,59.9368,0.0],[5.2142,59.9362,0.0],[5.2131,59.9343,2.7383],[5.2164,59.9332,0.9312],[5.2197,59.9362,2.551],[5.2247,59.9349,0.0],[5.2231,59.9368,4.5681]]],
[[[5.2131,59.936,0.0],[5.2125,59.9382,0.0],[5.2097,59.939,0.0],[5.2075,59.9379,0.0],[5.2092,59.9362,0.5706],[5.2064,59.9379,0.0],[5.2036,59.9374,0.0],[5.2108,59.9338,0.0],[5.2119,59.9343,2.7383],[5.2097,59.936,0.5706],[5.2131,59.936,0.0]]],
[[[5.2314,59.936,2.9391],[5.2347,59.939,0.0],[5.2269,59.9379,0.0],[5.2292,59.9354,0.0],[5.2314,59.936,2.9391]]],
[[[5.2458,59.9415,0.0],[5.2475,59.9421,0.0],[5.2386,59.9421,0.0],[5.2408,59.9396,0.0],[5.2458,59.9415,0.0]]],
[[[5.2842,59.9485,41.4575],[5.2657,59.9616,0.0],[5.2564,59.9623,0.0],[5.2505,59.9597,0.0],[5.2502,59.9485,0.0],[5.2597,59.9483,6.0824],[5.2586,59.9474,6.0824],[5.2608,59.9465,2.9308],[5.2603,59.9437,10.6039],[5.2558,59.9418,0.43],[5.2553,59.9399,0.5433],[5.2608,59.9374,8.7653],[5.2619,59.9351,0.0],[5.2681,59.9335,0.0],[5.2703,59.9349,0.0],[5.2703,59.939,8.823],[5.2786,59.9379,3.9515],[5.2864,59.9324,0.0],[5.2919,59.9313,22.457],[5.2925,59.9276,3.7065],[5.2947,59.9268,31.4395],[5.2925,59.9246,5.9561],[5.2997,59.9224,7.489],[5.2992,59.9279,6.0253],[5.2969,59.9285,29.2268],[5.2981,59.9307,0.0],[5.2947,59.9346,2.2973],[5.2942,59.939,0.0],[5.2881,59.9465,3.0566],[5.2842,59.9485,41.4575]]],
[[[5.3319,59.9813,0.4398],[5.3258,59.9826,0.0],[5.3303,59.9796,0.0],[5.3331,59.9799,0.0],[5.3319,59.9813,0.4398]]],
[[[5.3641,60.1401,14.8805],[5.3604,60.1375,17.9985],[5.3646,60.1333,5.9796],[5.3771,60.1333,28.8081],[5.3807,60.1359,30.2689],[5.3776,60.138,34.0079],[5.3771,60.1437,20.1661],[5.375,60.1458,11.6201],[5.3708,60.1458,0.0],[5.3651,60.1432,0.0],[5.3641,60.1401,14.8805]]],
[[[5.3854,60.15,6.5429],[5.3979,60.15,0.0],[5.3995,60.1505,0.0],[5.4,60.1542,25.2612],[5.3964,60.1547,26.8469],[5.3953,60.1599,18.3949],[5.3896,60.1604,36.4861],[5.387,60.1568,31.2309],[5.3839,60.1557,15.7534],[5.3833,60.1521,35.3799],[5.3854,60.15,6.5429]]],
[[[5.3688,60.1646,39.2589],[5.3682,60.1703,31.6688],[5.3589,60.1734,72.2758],[5.3578,60.1766,20.7141],[5.3521,60.1771,57.9226],[5.3495,60.1734,58.8334],[5.3417,60.1729,51.1581],[5.3359,60.1703,16.4835],[5.3349,60.1651,31.3128],[5.3286,60.1609,16.9499],[5.3214,60.1599,19.8861],[5.3208,60.1563,19.2072],[5.3229,60.1542,14.1526],[5.3328,60.1536,13.7429],[5.3542,60.1437,0.0],[5.3599,60.1464,10.6816],[5.3589,60.1495,58.2229],[5.362,60.1516,3.9556],[5.3589,60.1536,22.7743],[5.3661,60.1568,9.3141],[5.3688,60.1646,39.2589]]],
[[[5.9492,59.9835,16.9173],[5.9481,59.9857,0.0],[5.9447,59.9863,3.846],[5.9425,59.9841,2.7465],[5.9264,59.9826,0.0],[5.8903,59.9709,0.0],[5.8662,59.9649,0.0],[5.8547,59.9594,0.0],[5.8353,59.9552,0.0],[5.8328,59.9533,0.0],[5.8211,59.9523,0.0],[5.8138,59.9487,0.0],[5.8425,59.9488,16.8944],[5.8431,59.9476,2.482],[5.8269,59.9485,26.2577],[5.8236,59.9471,0.0],[5.8247,59.946,90.3507],[5.8203,59.9471,0.0],[5.8097,59.9424,0.0],[5.8114,59.9396,128.5954],[5.8014,59.939,0.0],[5.7936,59.9357,3.3404],[5.7914,59.9329,0.0],[5.8031,59.9338,28.2197],[5.8147,59.939,64.5716],[5.8231,59.9376,3.587],[5.8358,59.9424,16.6662],[5.8497,59.9424,0.0],[5.8503,59.9437,0.0],[5.8469,59.9479,5.2282],[5.8525,59.9485,0.0],[5.8569,59.9549,6.1405],[5.8758,59.9588,21.2516],[5.8992,59.9604,0.0],[5.9014,59.9613,6.7695],[5.9036,59.9654,0.0],[5.9181,59.9637,0.0],[5.9258,59.9668,0.0],[5.9314,59.9668,0.0],[5.9469,59.9635,16.0113],[5.9503,59.961,0.0],[5.9603,59.9688,3.4418],[5.9614,59.9765,6.1896],[5.9575,59.9815,0.0],[5.9492,59.9835,16.9173]]],
[[[5.9531,59.9938,0.0],[5.9503,59.9954,2.5535],[5.9492,59.9935,4.0577],[5.9503,59.9924,7.7372],[5.9447,59.9926,3.1919],[5.9431,59.9904,0.0],[5.9458,59.9896,7.0146],[5.9475,59.9865,0.0],[5.9558,59.9837,0.0],[5.9575,59.9851,0.0],[5.9519,59.9885,17.66],[5.9519,59.9901,26.835],[5.9547,59.9912,0.0],[5.9531,59.9938,0.0]]],
[[[6.0411,60.1578,20.6262],[6.0271,60.1583,190.9958],[6.0245,60.162,47.8477],[6.0188,60.1646,38.6635],[6.0104,60.1646,22.5519],[5.9979,60.1604,147.6054],[5.9953,60.1641,0.0],[5.9896,60.1646,0.0],[5.9854,60.1604,0.0],[5.9609,60.1557,0.0],[5.9599,60.1484,135.2412],[5.9557,60.1464,147.5362],[5.95,60.1479,0.0],[5.9474,60.1443,108.2109],[5.9411,60.1422,85.3954],[5.9297,60.1411,0.0],[5.9333,60.1375,0.0],[5.9318,60.1297,0.0],[5.9354,60.1271,78.174],[5.9339,60.1193,0.0],[5.9411,60.1141,42.7242],[5.9396,60.1083,0.0],[5.9432,60.1057,9.39],[5.9443,60.1026,0.0],[5.9578,60.0974,1.7619],[5.9589,60.0901,0.0],[5.9703,60.0891,0.0],[5.9688,60.0854,0.0],[5.9729,60.0812,44.8158],[5.9693,60.0786,24.9528],[5.9703,60.0734,27.9288],[5.9672,60.0714,0.0],[5.9745,60.0693,8.9764],[5.9755,60.0724,33.9934],[5.9828,60.0734,0.0],[5.9859,60.0766,15.6029],[5.9932,60.0797,0.0],[5.9896,60.0833,7.0684],[5.9922,60.087,25.546],[5.9995,60.088,0.0],[6.0078,60.0922,0.0],[6.0089,60.0953,42.7971],[6.025,60.0979,0.0],[6.0276,60.1016,0.0],[6.0349,60.1026,0.0],[6.0359,60.1078,17.1958],[6.0411,60.1089,0.0],[6.038,60.1109,0.0],[6.038,60.1161,0.0],[6.0443,60.1203,0.0],[6.05,60.1208,0.0],[6.0599,60.1255,0.0],[6.0599,60.1286,5.8243],[6.0568,60.1307,10.8853],[6.0604,60.1437,13.132],[6.0599,60.1474,53.4056],[6.0443,60.1526,202.1304],[6.0411,60.1578,20.6262]]],
[[[6.1125,60.1229,0.0],[6.1141,60.1245,0.0],[6.1068,60.1245,0.0],[6.1083,60.1229,0.0],[6.1125,60.1229,0.0]]],
[[[6.2604,60.3063,0.0],[6.2625,60.3083,0.0],[6.2604,60.3104,0.0],[6.2583,60.3083,0.0],[6.2604,60.3063,0.0]]],
[[[6.2016,60.3214,0.0],[6.2016,60.3224,0.0],[6.1979,60.3229,0.0],[6.1979,60.3208,0.0],[6.2016,60.3214,0.0]]],
[[[5.2479,60.0479,19.8765],[5.2495,60.0484,41.4217],[5.2495,60.0495,0.0],[5.2464,60.0495,29.7555],[5.2479,60.0479,19.8765]]],
[[[5.2396,60.1083,35.1405],[5.2234,60.1151,16.547],[5.2224,60.1203,14.6281],[5.2182,60.1224,13.7087],[5.2026,60.1224,12.0961],[5.2026,60.1151,16.7153],[5.2068,60.113,43.105],[5.2089,60.1089,44.5469],[5.212,60.1078,46.3869],[5.2125,60.1021,7.2303],[5.2151,60.0964,0.0],[5.2224,60.0932,7.8973],[5.2224,60.0901,0.0],[5.2193,60.088,18.8731],[5.2245,60.0849,0.0],[5.2255,60.0818,0.0],[5.2286,60.0807,9.5916],[5.2297,60.0755,25.3921],[5.2328,60.0745,55.0248],[5.2313,60.0708,19.9601],[5.2349,60.0682,6.7023],[5.2359,60.0609,28.8073],[5.2474,60.0599,29.7791],[5.2464,60.0547,0.0],[5.2536,60.0536,13.4898],[5.2536,60.0484,16.0408],[5.2401,60.0432,21.7806],[5.2391,60.038,66.3724],[5.2234,60.038,11.033],[5.2266,60.0401,30.842],[5.2229,60.0438,0.0],[5.2245,60.0474,0.0],[5.2172,60.0505,7.7046],[5.2167,60.0521,3.5471],[5.2172,60.0557,10.2043],[5.2224,60.0589,29.3116],[5.2224,60.062,0.0],[5.2193,60.063,34.0207],[5.2182,60.0661,37.4296],[5.2109,60.0693,20.1819],[5.2083,60.075,0.0],[5.2089,60.0786,4.3786],[5.2146,60.0792,22.0861],[5.2161,60.0807,23.9644],[5.2104,60.0812,0.0],[5.2021,60.0854,34.8778],[5.2005,60.0849,20.5893],[5.1995,60.0776,28.1739],[5.1922,60.0766,32.2293],[5.1891,60.0714,12.8797],[5.1818,60.0703,19.6119],[5.1818,60.0651,31.3601],[5.1849,60.063,23.751],[5.1818,60.062,37.1242],[5.1792,60.0583,29.5328],[5.1813,60.0563,14.7226],[5.1953,60.0568,33.5025],[5.1984,60.0661,28.7986],[5.2,60.0667,0.0],[5.2021,60.0646,0.0],[5.2005,60.0589,0.0],[5.2078,60.0599,0.0],[5.2078,60.0568,26.6821],[5.2047,60.0547,0.0],[5.2078,60.0536,34.8666],[5.2078,60.0505,0.0],[5.1979,60.0521,0.0],[5.1937,60.05,13.9944],[5.1771,60.05,5.0991],[5.1755,60.0484,5.6582],[5.1859,60.0422,47.2928],[5.1932,60.0411,0.0],[5.1943,60.038,22.5232],[5.2,60.0375,0.0],[5.2057,60.0349,36.5259],[5.2047,60.0318,0.0],[5.2078,60.0307,29.604],[5.2078,60.0276,13.8295],[5.2047,60.0266,0.0],[5.2036,60.0234,32.5258],[5.1984,60.0203,0.0],[5.1984,60.0172,0.0],[5.2057,60.0161,0.0],[5.225,60.0062,0.0],[5.2375,60.0083,0.0],[5.2417,60.0062,0.0],[5.2458,60.0083,0.0],[5.2536,60.0057,0.0],[5.2536,60.0026,22.9156],[5.248,60.0012,0.0],[5.2483,60.0,8.0943],[5.2464,60.0,8.0943],[5.2475,59.9979,2.1299],[5.2436,59.9965,0.0],[5.2575,59.9907,5.7456],[5.2647,59.9943,1.5831],[5.2658,59.9935,13.4367],[5.2642,59.9929,0.0],[5.2647,59.989,0.0],[5.2631,59.9876,0.0],[5.2681,59.9863,0.0],[5.2719,59.9885,0.0],[5.2731,59.9915,0.0],[5.2719,59.9921,5.7185],[5.2742,59.9935,5.7185],[5.2714,59.9954,3.3523],[5.2653,59.9951,0.0],[5.2681,59.9975,5.8892],[5.2764,59.9968,0.0],[5.2803,60.0,0.0],[5.271,60.0,52.9223],[5.2828,60.0047,50.1928],[5.2807,60.012,31.6414],[5.2776,60.012,47.6971],[5.2766,60.0089,32.7695],[5.2734,60.0089,27.922],[5.2734,60.0141,20.738],[5.2766,60.0151,0.0],[5.2792,60.0187,0.0],[5.2953,60.0193,0.0],[5.2964,60.0286,58.3325],[5.2995,60.0297,28.0585],[5.3016,60.0339,62.246],[5.2984,60.0359,68.7066],[5.3016,60.0391,0.0],[5.2984,60.0411,36.5071],[5.3016,60.0422,25.8433],[5.3005,60.0474,9.0203],[5.3036,60.0484,8.5154],[5.3,60.0521,41.8338],[5.3016,60.0599,19.9748],[5.2984,60.0609,38.2871],[5.2974,60.0661,25.7736],[5.2932,60.0682,56.0622],[5.2818,60.0693,51.6625],[5.2839,60.0724,26.5],[5.2896,60.0729,66.7494],[5.2911,60.0745,57.6092],[5.2745,60.0828,8.3602],[5.2646,60.0854,11.2166],[5.2604,60.0854,0.0],[5.2563,60.0833,0.0],[5.2505,60.0839,0.0],[5.2526,60.0891,0.0],[5.2557,60.0901,3.0758],[5.2557,60.0953,21.6007],[5.2464,60.1005,0.0],[5.2453,60.1057,9.0548],[5.2396,60.1083,35.1405]]],
[[[5.2026,60.1464,10.2746],[5.2125,60.1417,5.4443],[5.2146,60.1437,17.7755],[5.2141,60.1474,0.0],[5.2109,60.1484,38.32],[5.212,60.1536,0.0],[5.2104,60.1542,20.6707],[5.2005,60.1536,3.1671],[5.2026,60.1464,10.2746]]],
[[[5.2047,60.2432,0.0],[5.2078,60.2411,20.0002],[5.2089,60.2359,22.3016],[5.2188,60.2354,0.0],[5.2203,60.2359,0.0],[5.2224,60.2453,0.0],[5.2167,60.2479,42.71],[5.2047,60.2432,0.0]]],
[[[5.3818,60.1609,34.7413],[5.3849,60.1609,17.0006],[5.3849,60.162,20.7631],[5.3833,60.1625,22.4411],[5.3818,60.1609,34.7413]]],
[[[5.3568,60.2151,16.5367],[5.3599,60.2141,15.5032],[5.363,60.2089,0.0],[5.3661,60.2089,29.2064],[5.3641,60.2161,43.385],[5.3583,60.2167,29.945],[5.3568,60.2151,16.5367]]],
[[[5.3786,60.6911,0.0],[5.3729,60.6917,16.8064],[5.3708,60.6896,3.4224],[5.3729,60.6875,15.8113],[5.3828,60.688,0.0],[5.3786,60.6911,0.0]]],
[[[5.2631,60.771,0.0],[5.2641,60.7724,0.0],[5.2609,60.7724,32.3846],[5.2609,60.7714,15.5944],[5.2631,60.771,0.0]]],
[[[5.2599,60.7734,44.6841],[5.2583,60.775,52.7522],[5.2526,60.7745,15.404],[5.2542,60.7729,19.9696],[5.2599,60.7734,44.6841]]],
[[[5.2146,60.7917,17.5377],[5.213,60.7911,0.0],[5.213,60.788,0.0],[5.2188,60.7854,0.0],[5.2245,60.7859,0.0],[5.2245,60.7911,17.8127],[5.2188,60.7938,20.7517],[5.2146,60.7917,17.5377]]],
[[[5.2729,60.8146,0.0],[5.2766,60.8151,0.0],[5.2766,60.8182,0.0],[5.2729,60.8187,21.0318],[5.2729,60.8208,0.0],[5.2641,60.8245,13.195],[5.2458,60.825,0.0],[5.2401,60.8224,4.3599],[5.2432,60.8193,22.6788],[5.2375,60.8146,0.0],[5.2411,60.812,7.289],[5.2422,60.8089,19.8433],[5.2453,60.8078,25.492],[5.2484,60.7984,26.2847],[5.2568,60.7943,9.4327],[5.2625,60.7938,0.0],[5.2651,60.7974,0.0],[5.2682,60.7984,0.0],[5.2651,60.8016,43.3931],[5.2703,60.8026,0.0],[5.2708,60.8125,11.5876],[5.2729,60.8146,0.0]]],
[[[5.7536,59.9849,3.1497],[5.7547,59.986,0.0],[5.7503,59.9863,4.4593],[5.7492,59.9835,0.0],[5.7514,59.9818,0.0],[5.7581,59.981,0.0],[5.7581,59.9826,1.7954],[5.7536,59.9849,3.1497]]],
[[[5.7492,59.9901,39.2522],[5.7453,59.9924,3.2997],[5.7431,59.9915,5.938],[5.7431,59.9882,0.0],[5.7486,59.9863,4.4593],[5.7503,59.9876,34.7201],[5.7492,59.9901,39.2522]]],
[[[5.7458,60.1771,33.6978],[5.7479,60.1771,51.7047],[5.7479,60.1792,22.2043],[5.7443,60.1786,25.2372],[5.7458,60.1771,33.6978]]],
[[[6.2693,60.3651,0.0],[6.2792,60.3604,0.0],[6.287,60.3682,0.0],[6.2729,60.3688,0.0],[6.2693,60.3651,0.0]]],
[[[6.3984,60.3734,0.0],[6.4,60.3729,0.0],[6.4016,60.3745,0.0],[6.3984,60.3745,0.0],[6.3984,60.3734,0.0]]],
[[[6.8755,60.4755,0.0],[6.8771,60.475,0.0],[6.8786,60.4766,0.0],[6.8771,60.4771,0.0],[6.8755,60.4755,0.0]]]]}}