{"type": "Feature","bbox": [4.8447,58.2704,7.1922,59.8437],"geometry": {"type": "MultiPolygon","coordinates": [[[[5.7764,58.519,0.4343],[5.7786,58.5193,1.1596],[5.7792,58.5204,0.0],[5.7736,58.5201,0.0],[5.7764,58.519,0.4343]]],
[[[5.8653,58.4796,1.2542],[5.8747,58.4793,5.5957],[5.8764,58.4768,0.0],[5.8792,58.4763,0.0],[5.8753,58.4757,0.3831],[5.8658,58.4779,2.8502],[5.8603,58.4751,0.6095],[5.8603,58.4726,0.0],[5.8625,58.471,2.9008],[5.8725,58.4699,2.9407],[5.8736,58.4676,0.0],[5.8725,58.466,1.373],[5.8758,58.464,6.6866],[5.8919,58.4646,1.8486],[5.8936,58.4671,6.2832],[5.9053,58.4657,2.2885],[5.9125,58.4663,0.0],[5.9125,58.4679,0.0],[5.9175,58.4665,0.0],[5.9214,58.4676,5.259],[5.9286,58.4668,0.0],[5.9314,58.4682,5.903],[5.9436,58.4676,1.6943],[5.9475,58.4701,0.0],[5.9608,58.4707,6.6147],[5.9658,58.4688,5.4625],[5.9714,58.4699,0.0],[5.9747,58.4674,10.4839],[5.9808,58.4674,2.9669],[5.9836,58.4649,0.0],[5.9742,58.4615,25.5772],[5.9719,58.4649,4.1081],[5.9653,58.4674,0.0],[5.9464,58.4685,2.7618],[5.9442,58.4663,5.4655],[5.9347,58.4643,14.6967],[5.9292,58.4651,5.4634],[5.9269,58.4635,21.0916],[5.9219,58.4635,17.6916],[5.9069,58.459,4.3705],[5.9025,58.4615,7.3837],[5.8992,58.4615,7.3837],[5.8981,58.4596,0.0],[5.9014,58.4599,0.0],[5.9025,58.4576,5.6818],[5.8919,58.4557,0.0],[5.8892,58.4529,0.0],[5.8914,58.4507,0.0],[5.8869,58.4479,0.0],[5.8914,58.4468,4.3225],[5.8881,58.4457,0.2638],[5.8731,58.4463,0.8414],[5.8697,58.4454,0.0],[5.8669,58.4429,0.0],[5.8669,58.441,0.0],[5.8647,58.4407,0.0],[5.8658,58.4382,1.3825],[5.8625,58.4362,0.6196],[5.8636,58.4329,0.2562],[5.8625,58.4296,0.4603],[5.8747,58.4293,1.7484],[5.8742,58.426,3.2665],[5.8764,58.4246,0.0],[5.8742,58.4229,0.1321],[5.8875,58.4263,2.3118],[5.8903,58.4251,1.2127],[5.8892,58.4229,0.0],[5.8914,58.4221,0.6576],[5.8942,58.424,5.842],[5.8986,58.4243,0.0],[5.8986,58.426,3.1663],[5.9042,58.426,3.1945],[5.9053,58.4285,0.0],[5.9097,58.431,0.0],[5.9086,58.4326,0.3517],[5.9114,58.434,0.0],[5.9114,58.4368,0.0],[5.9092,58.4374,0.0],[5.9108,58.4432,0.0],[5.9031,58.444,3.2205],[5.9058,58.4471,0.0],[5.9031,58.4482,2.1667],[5.9047,58.4515,0.1201],[5.9092,58.4526,0.0],[5.9114,58.4565,0.0],[5.9147,58.4571,12.5693],[5.9175,58.4554,6.7962],[5.9181,58.4518,0.0],[5.9225,58.4518,0.0],[5.9242,58.4554,4.5365],[5.9297,58.4538,3.5755],[5.9264,58.4507,0.0],[5.9325,58.4501,1.2748],[5.9331,58.4488,1.2748],[5.9314,58.4476,0.0],[5.9347,58.4435,9.9513],[5.9342,58.441,10.2483],[5.9392,58.4396,4.8088],[5.9353,58.4376,1.9885],[5.9353,58.4354,0.0],[5.9386,58.4324,0.0],[5.9347,58.4313,0.5343],[5.9364,58.4304,0.5298],[5.9353,58.4287,0.0],[5.9386,58.4282,0.0],[5.9414,58.4235,0.0],[5.9453,58.4232,0.918],[5.9453,58.4204,0.0],[5.9525,58.4218,0.2606],[5.9514,58.4201,0.0],[5.9536,58.4193,0.6401],[5.9525,58.4174,0.0],[5.9686,58.4151,4.1506],[5.9692,58.4135,17.4089],[5.9658,58.4124,0.0],[5.9653,58.4082,0.0],[5.9714,58.4093,0.0],[5.9808,58.4079,0.0],[5.9819,58.4096,2.0386],[5.9792,58.4113,0.0],[5.9831,58.4143,0.0],[5.9797,58.4168,3.1951],[5.9786,58.419,8.7363],[5.9797,58.4199,0.0],[5.9781,58.421,4.535],[5.9819,58.4218,0.0],[5.9853,58.419,2.3759],[5.9914,58.4193,0.0],[5.9897,58.4257,0.0],[5.9864,58.4263,1.0702],[5.9853,58.4282,0.308],[5.9886,58.4307,0.0],[5.9864,58.4321,6.3697],[5.9875,58.4346,2.2159],[5.9819,58.4343,5.9731],[5.9831,58.4357,0.0],[5.9786,58.4393,1.7396],[5.9814,58.4401,1.0331],[5.9831,58.4393,0.0],[5.9858,58.4429,0.0],[5.9847,58.446,1.3729],[5.9792,58.4468,6.2396],[5.9797,58.4488,3.4825],[5.9842,58.4501,0.0],[5.9825,58.4557,0.2318],[5.9792,58.4576,0.0],[5.9825,58.459,0.4203],[5.9858,58.4579,0.0],[5.9875,58.4529,2.5258],[5.9903,58.4515,0.4617],[5.9908,58.4485,11.5911],[5.9875,58.446,0.0],[5.9903,58.444,10.2748],[5.9886,58.4407,0.0],[5.9892,58.4357,9.3147],[5.9908,58.4343,3.7646],[5.9897,58.4318,4.505],[5.9914,58.4276,13.6933],[5.9936,58.4265,3.0061],[5.9947,58.4193,0.0],[6.0047,58.4193,7.5774],[6.0131,58.4174,3.709],[6.0053,58.4146,0.649],[6.0042,58.4099,1.5575],[6.0147,58.4063,3.8681],[6.0136,58.4043,0.0],[6.0164,58.4035,0.0],[6.0169,58.399,0.0],[6.0208,58.3968,0.0],[6.0208,58.3932,0.0],[6.0231,58.3921,0.8383],[6.0231,58.3901,0.0],[6.0303,58.3849,0.0],[6.0347,58.384,4.149],[6.0342,58.3815,0.0],[6.0436,58.3771,0.6136],[6.0508,58.3743,0.0],[6.0542,58.3746,0.6741],[6.0547,58.3768,2.1012],[6.0575,58.3776,0.0],[6.0575,58.3821,5.8838],[6.0625,58.3815,0.0],[6.0636,58.3835,0.3902],[6.0658,58.3838,1.6543],[6.0636,58.3793,0.0],[6.0697,58.3782,4.2639],[6.0686,58.374,0.0],[6.0792,58.3713,0.0],[6.0953,58.3718,1.745],[6.0919,58.371,0.0],[6.0931,58.3674,1.0829],[6.0903,58.3657,0.0],[6.0936,58.3643,0.0],[6.097,58.3668,4.6976],[6.0964,58.3643,1.7481],[6.0997,58.3613,0.0],[6.1069,58.3604,0.9164],[6.1081,58.3582,0.0],[6.1119,58.3571,1.1463],[6.1108,58.3557,0.0],[6.1169,58.3554,0.0],[6.1231,58.3518,0.0],[6.1364,58.3504,0.0],[6.1425,58.3468,0.0],[6.1619,58.3415,0.0],[6.1653,58.339,0.0],[6.1742,58.3385,0.0],[6.1792,58.3407,46.6797],[6.1781,58.3376,0.0],[6.1825,58.3376,10.8385],[6.1831,58.3357,0.0],[6.1964,58.3338,3.2379],[6.1969,58.3318,0.0],[6.2025,58.3335,0.645],[6.2042,58.331,0.0],[6.2169,58.3276,0.0],[6.2186,58.329,2.9194],[6.2264,58.3271,16.63],[6.2275,58.3251,0.0],[6.2408,58.3224,0.2348],[6.2519,58.3218,0.0],[6.2525,58.324,0.0],[6.2492,58.3257,9.4353],[6.2508,58.326,5.7587],[6.2542,58.3243,0.0],[6.2547,58.3218,0.0],[6.2586,58.3213,0.0],[6.2597,58.3235,0.0],[6.2581,58.3257,3.0322],[6.2592,58.3257,12.43],[6.2625,58.3207,0.0],[6.2758,58.3193,0.0],[6.2764,58.3204,0.0],[6.2719,58.3221,0.0],[6.2714,58.324,0.0],[6.2758,58.3249,0.0],[6.2764,58.3221,0.0],[6.2803,58.3201,0.0],[6.2875,58.3204,4.5229],[6.2892,58.3149,0.0],[6.2969,58.3129,0.0],[6.3058,58.3143,1.8403],[6.3158,58.3104,0.0],[6.3247,58.3101,0.0],[6.3264,58.3126,88.1258],[6.3314,58.3143,7.8417],[6.3331,58.3193,36.4583],[6.3386,58.3201,0.0],[6.3403,58.3221,159.0092],[6.3436,58.3218,1.9362],[6.3486,58.3257,40.9516],[6.3514,58.3254,32.4881],[6.3481,58.3182,22.049],[6.3403,58.3182,5.5378],[6.3358,58.3138,0.0],[6.3269,58.311,1.5029],[6.3269,58.3093,2.4885],[6.3303,58.3082,3.1005],[6.3225,58.3024,0.0],[6.3253,58.3004,20.5506],[6.3225,58.2993,0.0],[6.3231,58.2982,0.0],[6.3308,58.2951,0.0],[6.3353,58.2954,8.6675],[6.3336,58.2949,0.0],[6.3347,58.2946,0.0],[6.3342,58.2924,0.0],[6.3319,58.2907,0.0],[6.3425,58.2888,19.4403],[6.3419,58.2865,1.1695],[6.3475,58.2854,0.0],[6.3575,58.2801,0.0],[6.3692,58.2771,1.1713],[6.3819,58.2776,4.0008],[6.3775,58.2754,0.0],[6.3936,58.2704,0.0],[6.3969,58.2704,0.0],[6.3944,58.2769,116.7902],[6.4195,58.2797,158.2035],[6.4178,58.2841,0.0],[6.4346,58.2859,171.6143],[6.4328,58.2903,2.9194],[6.4496,58.2921,45.0522],[6.4479,58.2965,60.1257],[6.4647,58.2983,45.5705],[6.4629,58.3027,243.8432],[6.4797,58.3045,175.6315],[6.478,58.3089,159.1698],[6.4864,58.3098,139.1606],[6.4847,58.3142,142.8686],[6.5015,58.316,142.5419],[6.4997,58.3204,204.5804],[6.5081,58.3213,212.2447],[6.5064,58.3257,259.7438],[6.5232,58.3275,281.4892],[6.5215,58.3319,354.9394],[6.5299,58.3328,191.0692],[6.5282,58.3372,150.5],[6.545,58.339,274.342],[6.5433,58.3434,253.1828],[6.5517,58.3443,343.748],[6.55,58.3487,336.0212],[6.5668,58.3505,288.8825],[6.5651,58.3549,332.0869],[6.5735,58.3558,225.584],[6.5717,58.3602,347.4898],[6.5886,58.362,47.0],[6.5869,58.3664,206.3923],[6.5953,58.3673,47.0],[6.5936,58.3717,198.5205],[6.6104,58.3735,47.0],[6.5916,58.4218,47.0],[6.6,58.4227,47.0],[6.5983,58.4271,47.0],[6.6067,58.428,249.1409],[6.605,58.4324,173.1129],[6.6135,58.4333,293.4972],[6.6117,58.4377,130.1428],[6.6202,58.4386,398.6074],[6.6185,58.443,174.7629],[6.6353,58.4448,350.7512],[6.6319,58.4536,377.8049],[6.6235,58.4527,351.3695],[6.6167,58.4703,392.1248],[6.6082,58.4694,371.8504],[6.5997,58.4913,494.143],[6.5912,58.4904,456.9679],[6.5861,58.5036,513.6273],[6.5945,58.5045,556.058],[6.5911,58.5133,579.5922],[6.5995,58.5142,554.9174],[6.5961,58.523,558.0527],[6.6046,58.5239,581.4196],[6.6029,58.5283,617.327],[6.6113,58.5292,568.8302],[6.6062,58.5424,521.1846],[6.6146,58.5433,516.9319],[6.6095,58.5565,579.1154],[6.6179,58.5574,658.6622],[6.6111,58.5749,480.9358],[6.6026,58.574,479.3848],[6.5975,58.5872,559.1942],[6.589,58.5863,510.9398],[6.5838,58.5995,535.64],[6.5923,58.6004,595.5864],[6.5906,58.6048,547.3496],[6.599,58.6057,582.1298],[6.5956,58.6145,545.836],[6.6041,58.6154,675.1135],[6.6024,58.6198,544.0021],[6.6108,58.6207,660.8793],[6.6074,58.6294,605.1353],[6.5651,58.6249,491.8903],[6.5633,58.6293,374.357],[6.5464,58.6275,584.1711],[6.5125,58.6239,537.6948],[6.5143,58.6195,508.8656],[6.4889,58.6168,545.4973],[6.4819,58.6343,545.7312],[6.4735,58.6334,503.6691],[6.47,58.6422,539.7801],[6.4615,58.6413,682.9207],[6.458,58.6501,634.2521],[6.4496,58.6492,673.8326],[6.4478,58.6536,610.3991],[6.4394,58.6526,641.6196],[6.4359,58.6614,530.3892],[6.4528,58.6633,662.2209],[6.4511,58.6676,706.4059],[6.485,58.6713,623.1671],[6.5274,58.6758,649.7161],[6.5291,58.6714,706.8413],[6.5376,58.6723,639.8444],[6.5359,58.6767,651.7804],[6.5698,58.6804,712.6377],[6.568,58.6847,780.9703],[6.6104,58.6893,663.1356],[6.6087,58.6936,712.8173],[6.6257,58.6954,718.683],[6.6136,58.7262,658.2025],[6.6051,58.7253,734.2618],[6.6034,58.7297,716.3088],[6.5949,58.7288,761.3208],[6.5932,58.7332,702.646],[6.5847,58.7323,717.821],[6.583,58.7367,759.1419],[6.5745,58.7358,724.7632],[6.5728,58.7402,726.088],[6.5813,58.7411,700.304],[6.5709,58.7674,608.5088],[6.5624,58.7665,629.524],[6.5606,58.7709,756.1136],[6.5351,58.7682,657.7924],[6.5334,58.7726,739.3897],[6.5249,58.7717,691.2661],[6.5214,58.7805,762.2458],[6.5299,58.7814,738.0891],[6.5264,58.7902,725.5757],[6.5349,58.7911,812.5037],[6.5332,58.7955,845.7693],[6.5417,58.7964,820.6006],[6.5382,58.8051,839.6721],[6.5468,58.806,883.314],[6.5433,58.8148,895.3918],[6.5518,58.8157,937.276],[6.5483,58.8245,762.631],[6.5568,58.8254,675.2499],[6.5551,58.8298,781.9462],[6.5636,58.8307,812.4094],[6.5601,58.8395,836.0172],[6.5686,58.8404,809.4366],[6.5669,58.8448,866.1714],[6.5754,58.8457,935.8452],[6.5737,58.8501,939.7886],[6.5822,58.851,958.5783],[6.5805,58.8554,873.1707],[6.589,58.8563,845.2536],[6.5873,58.8607,934.2227],[6.5958,58.8616,835.0997],[6.5941,58.866,856.3027],[6.6026,58.8669,842.2772],[6.6008,58.8713,811.3646],[6.6094,58.8722,878.8078],[6.6076,58.8766,836.4913],[6.5991,58.8757,628.1517],[6.5974,58.8801,648.6013],[6.5803,58.8783,707.8208],[6.5768,58.887,722.4482],[6.5683,58.8861,851.571],[6.5596,58.9081,859.8298],[6.5681,58.909,881.3135],[6.5664,58.9134,828.6068],[6.5749,58.9143,963.7317],[6.5732,58.9187,951.7211],[6.5903,58.9205,960.8458],[6.5885,58.9249,995.4763],[6.6056,58.9267,942.2866],[6.6039,58.9311,968.0131],[6.621,58.9329,1039.6078],[6.6192,58.9373,1049.8663],[6.6363,58.9391,1054.8549],[6.6311,58.9523,960.4465],[6.6226,58.9514,972.0427],[6.6173,58.9645,1014.0242],[6.6088,58.9636,1077.6195],[6.6036,58.9768,1023.1618],[6.6292,58.9795,980.3099],[6.6275,58.9839,1028.8806],[6.6617,58.9875,1093.2001],[6.66,58.9919,956.887],[6.6685,58.9928,958.2549],[6.6668,58.9972,970.3119],[6.6754,58.9981,950.0],[6.6736,59.0025,950.0],[6.6822,59.0034,971.7173],[6.6787,59.0122,934.0895],[6.7301,59.0176,947.0658],[6.7284,59.0219,950.7563],[6.7455,59.0237,943.5169],[6.7438,59.0281,958.3322],[6.7609,59.0299,934.5026],[6.7592,59.0343,888.4276],[6.7678,59.0352,878.0955],[6.7661,59.0396,872.7083],[6.7746,59.0405,858.2566],[6.7729,59.0449,857.9802],[6.7815,59.0458,942.855],[6.778,59.0546,1082.5117],[6.7866,59.0555,1080.6024],[6.7832,59.0642,837.8499],[6.7918,59.0651,992.3236],[6.79,59.0695,645.3778],[6.8072,59.0713,912.9758],[6.8055,59.0757,616.7758],[6.8226,59.0775,828.8703],[6.8209,59.0819,625.3087],[6.8381,59.0836,891.6577],[6.8364,59.088,659.772],[6.8535,59.0898,895.6322],[6.8518,59.0942,786.3655],[6.869,59.096,899.4753],[6.8673,59.1004,806.2786],[6.8845,59.1021,999.8221],[6.8828,59.1065,943.4951],[6.8999,59.1083,865.614],[6.8982,59.1127,759.1567],[6.9068,59.1136,757.9126],[6.8965,59.14,883.0],[6.8879,59.1391,883.0],[6.8845,59.1479,883.0],[6.8759,59.147,883.0],[6.8742,59.1514,883.0],[6.8828,59.1523,883.0],[6.8811,59.1567,895.7249],[6.8983,59.1584,883.0],[6.8966,59.1628,883.0],[6.9052,59.1637,883.0],[6.9035,59.1681,910.9099],[6.9121,59.169,924.5153],[6.9104,59.1734,963.6018],[6.919,59.1743,883.0],[6.9173,59.1787,958.121],[6.9345,59.1804,883.0],[6.9311,59.1892,883.0],[6.8966,59.1857,1137.557],[6.8949,59.1901,987.4483],[6.8604,59.1866,1017.1134],[6.8587,59.191,1196.1996],[6.8415,59.1892,1160.6149],[6.8346,59.2068,1140.6635],[6.8432,59.2077,1177.0178],[6.838,59.2208,1145.4246],[6.8467,59.2217,1170.3455],[6.8398,59.2393,1166.4487],[6.8484,59.2402,1188.8358],[6.8432,59.2534,1160.11],[6.8518,59.2543,1135.7743],[6.8501,59.2587,937.5],[6.8415,59.2578,1024.1487],[6.838,59.2666,1110.2781],[6.8294,59.2657,1101.6904],[6.8225,59.2833,1139.3295],[6.8311,59.2842,1119.3079],[6.8242,59.3017,1163.7327],[6.8328,59.3026,1142.1605],[6.8276,59.3158,1064.6603],[6.8362,59.3167,1051.2557],[6.831,59.3299,1115.8883],[6.8397,59.3308,1072.2068],[6.8345,59.344,1101.9198],[6.8431,59.3449,1071.9073],[6.8414,59.3493,1096.543],[6.8501,59.3501,1097.5175],[6.8466,59.3589,1160.639],[6.8552,59.3598,1121.0865],[6.8535,59.3642,1064.0139],[6.8622,59.3651,1046.0],[6.8587,59.3739,1103.6069],[6.8674,59.3748,1064.281],[6.8656,59.3792,1058.152],[6.8743,59.3801,1046.0],[6.8708,59.3888,1046.0],[6.8795,59.3897,1053.0322],[6.8778,59.3941,1066.9432],[6.8864,59.395,1046.0],[6.883,59.4038,1046.0],[6.8916,59.4047,1046.0],[6.8899,59.4091,1052.9814],[6.8986,59.41,1057.5],[6.8934,59.4232,1046.0],[6.8847,59.4223,1046.7761],[6.8812,59.4311,1046.0],[6.9072,59.4337,1078.6554],[6.9055,59.4381,1131.7532],[6.9402,59.4416,1122.4178],[6.9385,59.446,1221.3345],[6.9645,59.4487,1176.0],[6.9628,59.4531,1265.3555],[6.9715,59.454,1225.0894],[6.9698,59.4584,1224.3204],[6.9784,59.4592,1209.1736],[6.9767,59.4636,1185.859],[6.9854,59.4645,1182.585],[6.9837,59.4689,1310.9758],[6.9924,59.4698,1192.3484],[6.9907,59.4742,1292.8667],[6.9993,59.4751,1200.1537],[6.9976,59.4795,1273.2969],[7.0063,59.4803,1205.6859],[6.996,59.5067,1160.3678],[6.9873,59.5058,1160.7095],[6.9855,59.5102,1201.379],[6.9769,59.5094,1160.394],[6.9751,59.5138,1240.8162],[6.9664,59.5129,1164.8146],[6.9647,59.5173,1210.8959],[6.956,59.5164,1193.6626],[6.9543,59.5208,1351.6793],[6.963,59.5217,1377.4043],[6.9595,59.5305,1233.7665],[6.9682,59.5314,1364.2101],[6.9665,59.5357,1231.61],[6.9752,59.5366,1297.8872],[6.9717,59.5454,1308.688],[6.9804,59.5463,1166.3608],[6.977,59.5551,1168.0154],[6.9857,59.556,1147.9596],[6.9736,59.5868,1189.0597],[6.9823,59.5876,1257.8478],[6.9806,59.592,1311.3301],[7.0416,59.5982,1316.6478],[7.0399,59.6026,1258.5703],[7.0486,59.6034,1264.843],[7.0451,59.6122,1194.6228],[7.0713,59.6149,1294.7053],[7.0679,59.6237,1240.5378],[7.0853,59.6254,1376.9998],[7.0836,59.6298,1358.5991],[7.0923,59.6307,1239.3065],[7.0906,59.6351,1201.4299],[7.1081,59.6368,1199.0223],[7.1012,59.6544,1271.5513],[7.1274,59.657,1248.093],[7.1257,59.6614,1313.9702],[7.1606,59.6649,1219.9159],[7.1589,59.6693,1096.6118],[7.1852,59.6719,1123.2533],[7.1835,59.6763,1068.5902],[7.1922,59.6771,1050.8661],[7.1905,59.6815,1052.8804],[7.173,59.6798,1050.4749],[7.1713,59.6842,1050.5266],[7.1625,59.6833,1050.3458],[7.1608,59.6877,1052.6965],[7.1521,59.6869,1055.9009],[7.1504,59.6913,1050.4407],[7.1416,59.6904,1051.2443],[7.1399,59.6948,1050.5607],[7.1312,59.6939,1050.4319],[7.1294,59.6983,1050.4625],[7.1207,59.6975,1052.4907],[7.119,59.7019,1118.0],[7.1102,59.701,1207.978],[7.1068,59.7098,1370.7886],[7.1155,59.7107,1367.3495],[7.1121,59.7195,1405.8192],[7.1208,59.7203,1374.9706],[7.1174,59.7291,1410.2952],[7.1261,59.73,1388.9666],[7.1227,59.7388,1372.6714],[7.1315,59.7397,1442.5669],[7.128,59.7485,1395.0942],[7.1368,59.7493,1499.5835],[7.1351,59.7537,1583.4434],[7.1263,59.7529,1537.1576],[7.1246,59.7573,1579.7656],[7.1158,59.7564,1468.8745],[7.1141,59.7608,1613.8281],[7.1053,59.7599,1582.4724],[7.0967,59.7819,1567.1427],[7.0441,59.7767,1356.759],[7.0423,59.7811,1356.0129],[6.9897,59.7758,1341.0375],[6.9915,59.7714,1385.207],[6.9652,59.7688,1200.2579],[6.9669,59.7644,1221.5565],[6.9407,59.7618,1461.51],[6.9424,59.7574,1484.704],[6.9249,59.7556,1559.7809],[6.9266,59.7512,1574.5775],[6.9004,59.7486,1556.6071],[6.9021,59.7442,1557.5599],[6.8409,59.738,1435.9065],[6.8426,59.7336,1488.623],[6.8251,59.7318,1419.8572],[6.8269,59.7274,1417.5483],[6.8094,59.7256,1348.3138],[6.8111,59.7212,1418.2744],[6.8024,59.7203,1106.3276],[6.8042,59.7159,1167.313],[6.7867,59.7142,1181.3632],[6.7884,59.7098,1101.0066],[6.771,59.708,1035.7458],[6.7727,59.7036,932.3458],[6.6941,59.6955,1050.0391],[6.6923,59.6999,1057.2734],[6.6836,59.699,1027.0785],[6.6818,59.7034,1064.6292],[6.673,59.7025,991.809],[6.6713,59.7069,931.5715],[6.6625,59.706,894.1492],[6.6607,59.7104,950.606],[6.652,59.7095,987.8223],[6.6466,59.7227,921.345],[6.6554,59.7236,827.9359],[6.6536,59.728,887.534],[6.6624,59.7289,923.66],[6.6588,59.7377,948.7713],[6.6675,59.7386,932.1585],[6.6658,59.743,871.1824],[6.6745,59.743899999999996,894.7279],[6.6709,59.7526,931.8957],[6.6797,59.7535,996.6874],[6.6761,59.7623,951.5565],[6.6849,59.7632,1061.9597],[6.6706,59.7984,1055.4882],[6.6794,59.7993,1041.5286],[6.6776,59.8037,1025.5],[6.6863,59.8046,1063.5603],[6.6828,59.8133,1025.5],[6.6915,59.8142,1028.6145],[6.6844,59.8318,1062.3064],[6.6756,59.8309,1109.3417],[6.6721,59.8397,1067.9969],[6.5843,59.8307,1151.6195],[6.5825,59.8351,1151.9026],[6.565,59.8333,1178.5123],[6.5632,59.8377,1180.0222],[6.5544,59.8367,1074.5446],[6.5526,59.8411,1035.8451],[6.5351,59.8393,1036.813],[6.5333,59.8437,1077.0345],[6.5245,59.8428,1127.615],[6.5263,59.8384,1099.4795],[6.5,59.8357,872.1528],[6.5018,59.8313,1052.9655],[6.4843,59.8295,954.5989],[6.4861,59.8251,952.2546],[6.4598,59.8223,1192.5867],[6.4616,59.818,1129.7726],[6.4353,59.8152,1234.2546],[6.4371,59.8108,1190.7299],[6.4109,59.8081,1005.8506],[6.4127,59.8037,1037.5754],[6.3864,59.8009,981.7495],[6.3882,59.7965,1162.6698],[6.3707,59.7947,1003.762],[6.3726,59.7903,1065.4392],[6.3463,59.7876,1182.1295],[6.3481,59.7832,1150.275],[6.3306,59.7813,1066.4768],[6.3361,59.7682,931.2687],[6.3274,59.7672,993.2988],[6.3292,59.7629,900.3311],[6.303,59.7601,1098.8804],[6.3011,59.7645,1152.6877],[6.2836,59.7626,1057.1664],[6.2873,59.7538,1147.7034],[6.2786,59.7529,1216.635],[6.2822,59.7441,1140.6921],[6.2735,59.7432,1128.8029],[6.2772,59.7344,1081.4412],[6.2684,59.7335,1106.0972],[6.2739,59.7204,1134.1562],[6.2652,59.7194,1119.4436],[6.2725,59.7019,1213.1588],[6.2464,59.6991,1080.3528],[6.2482,59.6947,993.9011],[6.2307,59.6929,573.4602],[6.2326,59.6885,758.5695],[6.2239,59.6875,776.4358],[6.2275,59.6788,908.7823],[6.2188,59.6778,904.3555],[6.2225,59.6691,990.1825],[6.2138,59.6681,990.8624],[6.2174,59.6594,1097.0687],[6.2087,59.6584,1040.0388],[6.2124,59.6497,891.7564],[6.2037,59.6487,875.3571],[6.2055,59.6444,842.0],[6.1968,59.6434,849.7953],[6.1986,59.639,884.5997],[6.1812,59.6372,814.5312],[6.1849,59.6284,830.1822],[6.1762,59.6275,898.8001],[6.1909,59.5924,962.2968],[6.1474,59.5877,923.8267],[6.1456,59.5921,654.3622],[6.1108,59.5884,465.9281],[6.1089,59.5928,506.9704],[6.1002,59.5918,572.1782],[6.0984,59.5962,663.9802],[6.081,59.5943,583.5],[6.0792,59.5987,583.5],[6.0183,59.5921,651.2192],[6.0202,59.5877,710.7952],[6.0115,59.5868,711.4506],[6.0133,59.5824,686.9156],[5.9873,59.5796,599.8013],[5.9854,59.584,574.306],[5.9767,59.583,663.2343],[5.9748,59.5874,560.7792],[5.9835,59.5884,544.5683],[5.9761,59.6059,605.728],[5.9587,59.604,565.2219],[5.9568,59.6084,663.2814],[5.9394,59.6065,518.1817],[5.9376,59.6109,539.5074],[5.9202,59.609,519.3895],[5.922,59.6046,480.66],[5.9047,59.6027,455.6255],[5.9065,59.5983,389.1777],[5.8978,59.5974,363.9739],[5.8997,59.593,345.9501],[5.891,59.592,325.432],[5.8929,59.5876,328.5653],[5.8842,59.5867,304.636],[5.8861,59.5823,279.9971],[5.8687,59.5804,288.6084],[5.8706,59.576,241.1938],[5.8445,59.5732,270.5402],[5.8426,59.5775,357.1145],[5.7298,59.5651,197.5648],[5.7241,59.5782,116.1581],[5.7154,59.5773,57.963],[5.7135,59.5816,52.0406],[5.7048,59.5807,112.1097],[5.7029,59.5851,184.7007],[5.6943,59.5841,415.0688],[5.6924,59.5885,455.3712],[5.675,59.5866,378.3396],[5.6769,59.5822,453.1589],[5.6595,59.5802,364.7454],[5.6614,59.5759,362.0605],[5.6528,59.5749,509.2722],[5.6642,59.5486,182.4252],[5.6295,59.5448,213.6887],[5.6314,59.5404,397.5721],[5.6227,59.5394,245.1899],[5.6246,59.535,241.2812],[5.616,59.5341,256.5954],[5.6179,59.5297,314.6779],[5.5919,59.5268,217.6227],[5.59,59.5312,188.6186],[5.5813,59.5302,159.8305],[5.5794,59.5346,93.886],[5.5707,59.5336,50.2294],[5.5688,59.538,50.937],[5.5601,59.537,25.9277],[5.5582,59.5414,47.1956],[5.5496,59.5404,14.6524],[5.5481,59.5438,0.0],[5.5458,59.5438,0.0],[5.5431,59.5404,0.0],[5.5492,59.5329,27.1528],[5.5497,59.5232,8.4605],[5.5481,59.5235,3.9269],[5.5458,59.5288,0.0],[5.5436,59.5301,10.1987],[5.5464,59.531,2.4087],[5.5469,59.5337,0.0],[5.5342,59.5376,0.0],[5.5319,59.5354,27.5722],[5.5253,59.5346,13.1393],[5.5242,59.5301,35.1449],[5.5197,59.5296,0.0],[5.5186,59.5243,0.0],[5.5164,59.5235,0.0],[5.5158,59.5185,5.6355],[5.5086,59.5176,0.0],[5.5069,59.5154,0.0],[5.5075,59.5121,0.9395],[5.5025,59.5132,5.2568],[5.4975,59.5121,0.0],[5.4942,59.5135,0.0],[5.4947,59.5115,3.5555],[5.4925,59.511,3.5555],[5.4842,59.5151,16.2698],[5.4764,59.5154,23.9287],[5.4725,59.5137,0.0],[5.4719,59.5118,8.9068],[5.4675,59.5118,19.3706],[5.4653,59.5093,12.5947],[5.4658,59.5043,4.1331],[5.4636,59.5035,0.0],[5.4636,59.5018,0.0],[5.4686,59.4943,15.901],[5.4686,59.4901,3.2928],[5.4636,59.4915,0.0],[5.4631,59.4857,4.6746],[5.4608,59.4832,1.3173],[5.4553,59.4865,2.613],[5.4575,59.4876,0.0],[5.4569,59.4893,0.0],[5.4614,59.491,5.2875],[5.4586,59.498,5.1749],[5.3898,59.4902,42.3264],[5.3879,59.4946,28.7747],[5.3793,59.4936,51.8759],[5.3773,59.498,28.7964],[5.3687,59.497,12.7257],[5.3706,59.4926,29.8003],[5.3187,59.4867,53.2327],[5.3168,59.4911,55.8468],[5.2995,59.4891,7.094],[5.2975,59.4935,0.0],[5.2889,59.4925,6.8076],[5.2869,59.4968,24.1274],[5.2783,59.4958,19.8383],[5.2763,59.5002,7.5162],[5.2677,59.4992,6.2568],[5.2657,59.5036,4.5],[5.2571,59.5026,17.4784],[5.2552,59.5047,18.5528],[5.2435,59.5052,0.0],[5.2397,59.5074,0.0],[5.2369,59.5065,4.151],[5.2364,59.5082,0.0],[5.2319,59.506,2.9909],[5.2286,59.5082,0.0],[5.2281,59.506,0.0],[5.2314,59.5048,7.0314],[5.2253,59.5046,0.0],[5.2247,59.5024,5.8602],[5.2219,59.5018,11.6291],[5.2214,59.4982,0.0],[5.2257999999999996,59.4957,8.3529],[5.2219,59.4932,3.3555],[5.2236,59.489,12.9822],[5.2231,59.486,0.0],[5.2269,59.4832,0.0],[5.2242,59.4818,2.3836],[5.2236,59.4793,6.6056],[5.2331,59.4768,0.0],[5.2381,59.4771,7.1123],[5.2381,59.4754,0.0],[5.2397,59.4754,0.0],[5.2369,59.4743,0.0],[5.2364,59.4757,0.0],[5.2331,59.4754,0.5213],[5.2364,59.4738,0.0],[5.2353,59.4718,17.038],[5.2269,59.4729,0.0],[5.2292,59.4712,0.0],[5.2281,59.4688,0.1653],[5.2425,59.4701,2.9743],[5.2486,59.4688,11.4675],[5.2386,59.4676,0.0],[5.2336,59.4651,0.0],[5.2353,59.4646,0.8462],[5.2341,59.4638,0.8462],[5.2347,59.4599,10.6898],[5.2331,59.4588,0.0],[5.2336,59.4557,0.0],[5.2392,59.454,2.4609],[5.2392,59.4518,0.0],[5.2369,59.4501,0.0],[5.2425,59.4471,3.6883],[5.2408,59.4437,5.4722],[5.2353,59.4401,0.0],[5.2375,59.4374,1.4195],[5.2358,59.4351,0.0],[5.2386,59.4324,0.0],[5.2486,59.4321,6.995],[5.2569,59.4257,8.0956],[5.2569,59.4243,5.4676],[5.2525,59.4232,1.076],[5.2458,59.4232,0.0],[5.2453,59.4212,0.0],[5.2481,59.4201,0.0],[5.2481,59.4185,2.5944],[5.2447,59.4196,2.029],[5.2431,59.4232,0.0],[5.2381,59.4249,0.2079],[5.2375,59.4265,0.0],[5.2358,59.4251,0.0],[5.2364,59.4226,1.7842],[5.2403,59.4215,0.9665],[5.2397,59.4168,0.0],[5.2414,59.4149,0.0],[5.2531,59.4121,0.2514],[5.2531,59.414,0.0],[5.2486,59.4176,2.5944],[5.2497,59.4185,2.5944],[5.2553,59.4129,0.2222],[5.2608,59.4138,3.3638],[5.2603,59.4115,2.058],[5.2547,59.4121,0.2222],[5.2631,59.4071,-0.7989],[5.2753,59.4057,4.8997],[5.2775,59.404,7.0944],[5.2786,59.4007,0.0],[5.2814,59.3988,10.1272],[5.2808,59.396,0.0],[5.2836,59.3957,4.4609],[5.288,59.3904,0.0],[5.2975,59.3868,0.0],[5.2986,59.3801,0.5808],[5.2969,59.3763,0.0],[5.2997,59.3713,0.0],[5.2986,59.3674,0.0],[5.3036,59.3651,0.0],[5.3036,59.3629,0.0],[5.3164,59.354,7.796],[5.3169,59.3504,11.5878],[5.3152,59.349,1.213],[5.3219,59.3454,0.5072],[5.3236,59.3413,0.0],[5.3231,59.3379,0.0],[5.3275,59.3354,0.0],[5.3286,59.3326,3.689],[5.3336,59.3321,8.2129],[5.3336,59.3304,0.0],[5.3386,59.3321,16.3844],[5.3458,59.3285,2.8212],[5.3447,59.3251,1.8566],[5.3469,59.3243,0.0],[5.3464,59.3226,0.0],[5.3481,59.3215,1.5239],[5.3408,59.3215,11.4386],[5.3336,59.3171,0.0],[5.3336,59.3149,0.0],[5.3369,59.3135,12.1699],[5.3353,59.3115,5.0053],[5.3353,59.3068,0.0],[5.3375,59.3054,10.9367],[5.3358,59.296,0.0],[5.3419,59.2876,4.4188],[5.3453,59.2865,12.5804],[5.3436,59.2813,0.4993],[5.3464,59.2804,0.1279],[5.3481,59.2726,2.6243],[5.3519,59.2687,0.696],[5.3569,59.2685,0.0],[5.3608,59.2724,7.5379],[5.3625,59.2804,0.0],[5.3664,59.2818,0.0],[5.3664,59.2774,0.0],[5.3697,59.2768,0.0],[5.3836,59.2835,0.0],[5.3836,59.2865,5.4726],[5.3814,59.2885,7.5721],[5.3814,59.2912,5.6897],[5.3797,59.2918,14.2868],[5.3797,59.2954,14.309],[5.3836,59.2971,1.7046],[5.3814,59.2993,4.9301],[5.3753,59.2971,0.8278],[5.3708,59.2912,8.3203],[5.3642,59.2904,10.9448],[5.3725,59.2971,0.0],[5.3736,59.306,2.9602],[5.3781,59.3096,0.0],[5.3825,59.319,0.0],[5.3792,59.3215,23.4729],[5.3786,59.324,2.3843],[5.3753,59.3224,6.5129],[5.3708,59.3243,10.5181],[5.3747,59.3285,0.0],[5.3803,59.3296,0.0],[5.3786,59.3329,0.0],[5.3703,59.3324,0.0],[5.3664,59.3343,3.7602],[5.3747,59.3368,0.0],[5.3758,59.3393,2.1885],[5.3758,59.3451,0.0],[5.3725,59.3504,3.6143],[5.3725,59.3549,0.0],[5.3708,59.3554,12.6078],[5.3708,59.3585,1.5081],[5.3681,59.3596,3.0066],[5.3686,59.3624,1.2956],[5.3664,59.3646,6.8068],[5.3681,59.3693,0.0],[5.3664,59.3699,26.0632],[5.3653,59.3757,1.887],[5.3697,59.3818,0.0],[5.3764,59.3865,0.0],[5.3758,59.3918,4.2655],[5.3769,59.3929,0.0],[5.3697,59.3999,2.7675],[5.3681,59.4029,4.3855],[5.3681,59.4082,0.0],[5.3797,59.4204,8.2232],[5.3825,59.4207,0.0],[5.3808,59.414,0.0],[5.3831,59.4121,13.7254],[5.3825,59.4051,1.1661],[5.3847,59.4038,20.972],[5.3847,59.4018,0.0],[5.3875,59.4012,6.4955],[5.3864,59.399,13.6493],[5.3914,59.3949,0.0],[5.3903,59.3924,3.087],[5.3942,59.3901,0.0],[5.3942,59.3874,0.0],[5.4058,59.384,3.9967],[5.4058,59.3829,1.1392],[5.3964,59.3838,2.3502],[5.3931,59.3857,0.2703],[5.3936,59.3876,0.0],[5.3908,59.3882,1.1203],[5.3903,59.3857,2.1338],[5.3936,59.3826,1.9932],[5.3914,59.3804,14.3023],[5.3881,59.3801,1.6177],[5.3881,59.3776,4.901],[5.3842,59.3776,8.6514],[5.3847,59.3757,6.5794],[5.3814,59.3729,0.0],[5.3831,59.3676,8.3994],[5.3814,59.366,0.0],[5.3869,59.3613,10.8027],[5.3864,59.3585,0.0],[5.3903,59.3582,3.805],[5.3897,59.3554,3.7014],[5.3869,59.3546,3.7014],[5.3903,59.3521,10.1221],[5.3897,59.3499,0.0],[5.3942,59.3471,2.7483],[5.3925,59.3451,1.5961],[5.3947,59.341,0.0],[5.4081,59.3399,4.5786],[5.4014,59.3382,24.1438],[5.3942,59.3404,1.7059],[5.3914,59.3385,0.0],[5.3919,59.3368,3.3442],[5.3892,59.3363,0.0],[5.3931,59.3329,3.8609],[5.3931,59.3296,4.3717],[5.3881,59.3251,0.0],[5.3919,59.3215,0.0],[5.3975,59.3243,10.7533],[5.3975,59.3204,4.8231],[5.3942,59.3193,0.0],[5.3908,59.3129,0.0],[5.3931,59.3093,2.2099],[5.3981,59.3071,8.7409],[5.3997,59.3013,4.9844],[5.4025,59.2993,0.0],[5.4064,59.2996,2.3072],[5.4086,59.2962,0.0],[5.4169,59.2938,3.2232],[5.4181,59.2899,0.8067],[5.4247,59.2915,0.0],[5.4258,59.2954,0.0],[5.4292,59.2951,0.0],[5.4308,59.2921,2.232],[5.4253,59.2904,2.1205],[5.4247,59.2868,0.0],[5.4258,59.2846,1.6355],[5.4292,59.2832,0.8156],[5.4269,59.281,0.0],[5.4292,59.2801,0.0],[5.4347,59.2849,0.0],[5.4342,59.2868,0.0],[5.4314,59.2874,14.2889],[5.4331,59.2882,3.2619],[5.4331,59.2907,2.1795],[5.4314,59.2915,8.9405],[5.4325,59.2932,0.0],[5.4364,59.2949,0.0],[5.4386,59.2949,0.0],[5.4386,59.2926,0.0],[5.4525,59.2929,0.0],[5.4575,59.2946,0.0],[5.4547,59.301,0.0],[5.4569,59.3051,0.0],[5.4547,59.3057,0.0],[5.4536,59.3082,12.2198],[5.4553,59.3104,0.0],[5.4531,59.3146,4.0919],[5.4547,59.3146,7.8819],[5.4653,59.3099,2.4979],[5.4664,59.3015,26.1884],[5.4642,59.2988,0.0],[5.468,59.296,2.0818],[5.4692,59.2932,8.0301],[5.4658,59.2857,0.0],[5.4664,59.2832,6.4834],[5.4719,59.2776,0.0],[5.4831,59.2751,0.0],[5.4831,59.2729,0.0],[5.4875,59.2726,3.5291],[5.4864,59.271,0.0],[5.4892,59.2696,0.0],[5.4942,59.2707,1.1333],[5.4964,59.2696,0.0],[5.4997,59.2724,0.0],[5.5014,59.271,0.0],[5.5158,59.269,1.3919],[5.5253,59.2707,0.8111],[5.5281,59.2749,0.0],[5.5386,59.274,0.0],[5.5419,59.276,2.9756],[5.5453,59.2757,2.5147],[5.5464,59.2746,1.0974],[5.5447,59.274,1.0974],[5.5447,59.2721,2.0916],[5.5486,59.2707,2.5853],[5.5586,59.2749,1.1136],[5.5775,59.2949,27.2933],[5.5886,59.3013,2.8139],[5.597,59.3151,0.0],[5.5964,59.3199,0.0],[5.6014,59.321,1.4696],[5.5997,59.3235,3.9533],[5.6136,59.3285,0.0],[5.6153,59.3424,0.0],[5.6136,59.3454,5.9338],[5.6158,59.3462,0.0],[5.6164,59.3485,7.0411],[5.6136,59.3518,3.5064],[5.6175,59.3537,0.0],[5.6158,59.3551,15.9788],[5.6169,59.3571,0.0],[5.6136,59.3579,2.4338],[5.6142,59.3607,0.0],[5.6114,59.361,6.13],[5.6103,59.364,3.3861],[5.6125,59.3643,0.0],[5.6142,59.3671,0.0],[5.6131,59.369,0.0],[5.6192,59.3701,0.0],[5.6192,59.3721,0.0],[5.6169,59.3729,0.0],[5.6175,59.3754,3.2092],[5.6114,59.3749,8.0122],[5.6097,59.3788,6.9048],[5.6247,59.3843,8.1823],[5.6236,59.3949,17.3446],[5.6219,59.399,3.9297],[5.6125,59.4065,2.1976],[5.6014,59.4068,1.1378],[5.5936,59.4049,6.1323],[5.5875,59.4057,5.9089],[5.5864,59.4079,0.0],[5.5836,59.4071,0.0],[5.5825,59.4099,0.0],[5.5869,59.4099,0.0],[5.5931,59.4138,7.4424],[5.5975,59.4121,0.0],[5.5986,59.4138,9.3098],[5.6014,59.4138,3.7026],[5.6058,59.4118,0.0],[5.6114,59.4118,0.0],[5.6153,59.4082,0.0],[5.6197,59.4068,0.0],[5.6186,59.4126,9.8444],[5.6164,59.4151,13.076599999999999],[5.6181,59.4157,3.8366],[5.6175,59.4179,1.8128],[5.6208,59.4212,0.0],[5.6192,59.4251,0.0],[5.6242,59.4274,0.0],[5.6253,59.4243,2.7147],[5.6236,59.4232,0.0],[5.6258,59.4215,0.0],[5.6253,59.4132,0.0],[5.6303,59.4035,0.0],[5.6347,59.4024,0.7189],[5.6336,59.3982,17.4007],[5.6303,59.3976,3.4392],[5.6292,59.394,9.6597],[5.6314,59.3932,13.5045],[5.6308,59.3913,0.0],[5.6342,59.3904,4.7898],[5.6319,59.389,4.7898],[5.6319,59.3871,5.7324],[5.6353,59.3818,0.0],[5.6403,59.3804,9.1193],[5.6408,59.3757,0.0],[5.6469,59.3718,0.0],[5.6492,59.3674,0.0],[5.6542,59.364,29.5776],[5.6536,59.3604,0.0],[5.6592,59.3551,0.0],[5.6586,59.3529,0.0],[5.6614,59.3521,4.7446],[5.6575,59.3435,0.0],[5.6603,59.3401,0.0],[5.6703,59.3385,0.0],[5.6769,59.3354,7.0676],[5.6769,59.3335,0.0],[5.6853,59.3315,0.6607],[5.6875,59.329,21.75],[5.6875,59.3276,11.0499],[5.6819,59.324,0.0],[5.6758,59.3243,0.8169],[5.6736,59.3224,1.5494],[5.6625,59.3232,6.4732],[5.6553,59.3218,11.5348],[5.6486,59.3243,5.6539],[5.6497,59.326,0.0],[5.6458,59.3243,0.0],[5.6436,59.3163,21.0797],[5.6486,59.3138,2.6434],[5.6469,59.3115,0.0],[5.6481,59.3049,9.0015],[5.6419,59.3035,11.6534],[5.6408,59.3007,2.7322],[5.6414,59.2985,0.0],[5.6503,59.2946,8.2297],[5.6425,59.2929,1.3641],[5.6436,59.2907,4.8172],[5.6386,59.2857,0.0],[5.6469,59.2876,0.0],[5.6503,59.2868,6.3034],[5.6503,59.2849,16.3172],[5.6392,59.2824,0.0],[5.6381,59.281,0.0],[5.6397,59.2796,11.9122],[5.6364,59.2765,0.0],[5.6364,59.274,0.0],[5.6275,59.2704,2.9662],[5.6275,59.2679,0.6034],[5.6303,59.2676,0.0],[5.6303,59.2704,0.0],[5.6319,59.2707,7.6878],[5.6336,59.2685,0.0],[5.6375,59.2676,8.1705],[5.6381,59.2643,1.5258],[5.6431,59.2646,1.376],[5.6453,59.2607,2.3096],[5.6481,59.2601,0.0],[5.6519,59.2632,0.0],[5.6558,59.2635,0.0],[5.6592,59.2663,7.9485],[5.6625,59.266,0.0],[5.6653,59.2682,0.0],[5.6664,59.2682,23.5146],[5.6669,59.2618,0.0],[5.6725,59.2626,0.1126],[5.6758,59.2657,0.871],[5.6725,59.2676,0.0],[5.6753,59.2701,0.0],[5.6742,59.2729,15.059],[5.6792,59.2746,1.2659],[5.6764,59.2765,0.34],[5.6781,59.2782,1.4107],[5.6764,59.2807,0.0],[5.6775,59.2835,0.0],[5.6742,59.2843,0.0],[5.6703,59.2829,5.1745],[5.6669,59.2754,35.6527],[5.6625,59.2757,0.0],[5.6586,59.2729,3.5995],[5.6597,59.2793,8.4409],[5.6625,59.2813,0.0],[5.6575,59.2813,17.99],[5.6587,59.2821,0.0],[5.6558,59.2837,12.4985],[5.6564,59.2865,5.0909],[5.6625,59.2888,2.1991],[5.6692,59.2949,7.4552],[5.6792,59.2974,2.7422],[5.6842,59.3026,9.7872],[5.6897,59.2993,2.4994],[5.6997,59.3026,4.4871],[5.6914,59.2982,0.0],[5.6964,59.2965,0.0],[5.7042,59.2974,9.4205],[5.7119,59.304,0.0],[5.7119,59.3054,0.0],[5.7092,59.3065,7.6951],[5.7275,59.3146,9.7784],[5.7303,59.3174,0.0],[5.7303,59.3215,2.0163],[5.7369,59.3221,0.0],[5.7425,59.3276,0.6645],[5.7492,59.3282,1.485],[5.7453,59.3318,1.3909],[5.7392,59.3326,12.2754],[5.7414,59.3354,1.9322],[5.7431,59.3429,1.647],[5.7542,59.336,0.0],[5.7531,59.3318,0.0],[5.7575,59.329,10.8483],[5.7636,59.3301,0.0],[5.7653,59.3335,0.0],[5.7736,59.3351,0.0],[5.7769,59.3324,0.0],[5.7853,59.3312,0.0],[5.7847,59.3274,0.0],[5.7908,59.324,7.6399],[5.7942,59.3282,0.0],[5.7992,59.3282,1.0035],[5.8036,59.3326,4.0731],[5.8031,59.3357,10.3095],[5.8047,59.3379,0.0],[5.7986,59.3451,2.2616],[5.8036,59.3479,2.7762],[5.8131,59.3462,1.084],[5.8164,59.334,27.0966],[5.8264,59.3296,1.8072],[5.8258,59.3329,1.8155],[5.8314,59.3382,6.9122],[5.8408,59.3396,0.2782],[5.8431,59.3424,6.6729],[5.8464,59.3429,2.7466],[5.8492,59.3424,14.1585],[5.8503,59.3404,0.0],[5.8536,59.3404,0.0],[5.8531,59.3435,0.0],[5.8558,59.3446,1.1698],[5.8631,59.3449,0.0],[5.8625,59.3426,0.8046],[5.8658,59.3418,0.0],[5.8742,59.3435,3.5803],[5.8753,59.3418,11.5555],[5.8736,59.3401,0.0],[5.8753,59.3393,8.4365],[5.8747,59.3371,1.4435],[5.8764,59.3371,0.0],[5.887,59.3459,0.0],[5.8869,59.349,0.9887],[5.8919,59.3501,0.0],[5.8914,59.3532,1.5389],[5.8936,59.361,3.4755],[5.8897,59.3643,17.1283],[5.8925,59.3676,4.7132],[5.8958,59.3679,0.9386],[5.8936,59.3729,10.5033],[5.8975,59.374,0.0],[5.8969,59.3815,0.0],[5.8919,59.3824,111.1147],[5.8931,59.3846,4.0699],[5.8831,59.3907,0.0],[5.8675,59.394,57.4304],[5.8647,59.3993,0.0],[5.8614,59.4001,51.3294],[5.8597,59.4038,0.0],[5.8619,59.4051,0.0],[5.8569,59.406,81.2795],[5.8575,59.4076,0.0],[5.8508,59.4149,65.0794],[5.8508,59.4182,16.7692],[5.8464,59.4201,128.5595],[5.8453,59.4265,4.8152],[5.8475,59.4287,0.0],[5.8436,59.4368,5.529],[5.8214,59.4338,0.0],[5.8164,59.4313,59.6693],[5.8097,59.4321,0.0],[5.7975,59.429,0.0],[5.7942,59.4265,109.67529999999999],[5.7753,59.4251,21.4082],[5.7742,59.4235,33.7883],[5.7625,59.4193,0.0],[5.7603,59.4154,32.4385],[5.7553,59.4151,19.5688],[5.7525,59.4171,0.0],[5.7447,59.4154,27.6126],[5.7258,59.4065,65.3715],[5.7114,59.406,0.0],[5.7136,59.4035,45.0499],[5.7047,59.4026,0.0],[5.7019,59.3996,23.6803],[5.6897,59.399,0.0],[5.6881,59.3974,4.6133],[5.6803,59.3979,0.0],[5.6792,59.396,6.7563],[5.6747,59.3949,10.5744],[5.6747,59.3932,50.5312],[5.6708,59.3932,3.5291],[5.6742,59.3982,8.3927],[5.6775,59.399,0.0],[5.6797,59.4018,2.3262],[5.6842,59.4024,0.7998],[5.6836,59.4038,14.7106],[5.6864,59.404,0.0],[5.6864,59.4054,0.0],[5.7031,59.4074,0.0],[5.7136,59.4143,5.6559],[5.7236,59.4149,0.0],[5.7258,59.4188,30.8698],[5.7358,59.4212,0.0],[5.7442,59.4271,11.9713],[5.7531,59.4301,0.0],[5.7536,59.4324,9.0238],[5.7519,59.4349,41.6807],[5.7475,59.4382,4.4457],[5.7486,59.4418,0.9397],[5.7514,59.4424,7.4978],[5.7525,59.4446,0.0],[5.7475,59.4482,5.5316],[5.7392,59.4496,3.9391],[5.7364,59.4529,0.0],[5.7425,59.4618,0.0],[5.7358,59.4626,2.2853],[5.7392,59.4649,1.3466],[5.7375,59.469,0.0],[5.7347,59.4712,0.0],[5.7336,59.4757,1.3129],[5.7408,59.4749,1.4088],[5.7447,59.4679,1.8408],[5.7497,59.4663,0.0],[5.7547,59.4615,7.7751],[5.7542,59.4568,0.0],[5.7603,59.4487,4.029],[5.7592,59.4451,0.0],[5.7608,59.4454,0.0],[5.7614,59.4407,0.0],[5.7686,59.4362,2.0872],[5.7675,59.4346,1.8386],[5.7731,59.4371,30.69],[5.7786,59.4374,8.0022],[5.7875,59.4421,0.0],[5.7886,59.4443,19.1556],[5.7964,59.4451,0.0],[5.8047,59.4493,4.2339],[5.8181,59.4507,0.0],[5.8292,59.4554,0.0],[5.8397,59.4557,0.0],[5.8414,59.4585,0.0],[5.8547,59.4632,2.7031],[5.8553,59.4688,84.5472],[5.8575,59.4724,0.0],[5.8519,59.4787,11.7394],[5.8514,59.4868,0.0],[5.8419,59.4912,28.4245],[5.8392,59.4963,0.0],[5.8358,59.4976,9.5316],[5.8347,59.5026,16.9194],[5.8314,59.506,11.4784],[5.8319,59.5074,6.1116],[5.8192,59.5185,15.103],[5.8153,59.5196,5.6036],[5.8136,59.5171,0.0],[5.8092,59.5176,2.971],[5.8258,59.5257,7.2468],[5.8358,59.5246,3.329],[5.8392,59.5226,1.9628],[5.8419,59.5235,0.0],[5.8453,59.5396,4.6224],[5.8525,59.5435,0.0],[5.8608,59.544,7.9797],[5.8703,59.5399,7.073],[5.8703,59.5384,26.5185],[5.8681,59.5376,0.0],[5.8703,59.5304,7.0689],[5.8692,59.5301,0.0],[5.8692,59.5238,0.0],[5.8669,59.5215,0.0],[5.8675,59.5126,0.0],[5.8658,59.511,0.0],[5.8697,59.506,0.0],[5.8703,59.5018,0.0],[5.8775,59.496,4.8793],[5.8831,59.4949,0.0],[5.8903,59.4969,0.0],[5.8992,59.4943,3.2469],[5.9008,59.4912,1.708],[5.8975,59.4885,7.9319],[5.8981,59.4857,2.1659],[5.8869,59.484,0.0],[5.8842,59.4813,4.7501],[5.8908,59.4793,6.8446],[5.8925,59.4774,6.5858],[5.8969,59.4785,3.9864],[5.8992,59.4751,0.0],[5.9047,59.4765,12.9193],[5.9108,59.4738,26.6253],[5.9214,59.476,10.1705],[5.9486,59.4738,23.7548],[5.9769,59.4765,0.0],[5.9786,59.4751,0.0],[5.9869,59.4754,0.0],[6.0069,59.4787,0.0],[6.0142,59.4765,0.0],[6.0214,59.4768,0.0],[6.0214,59.4757,0.0],[6.0342,59.4765,0.0],[6.0325,59.4746,3.4941],[6.0336,59.4732,14.2353],[6.0281,59.4729,0.0],[6.0303,59.4712,1.811],[6.0281,59.4699,0.0],[6.0314,59.4679,0.0],[6.0375,59.4679,0.0],[6.0614,59.4715,0.0],[6.0503,59.4754,2.6697],[6.0542,59.4771,9.1669],[6.0586,59.4762,0.0],[6.0575,59.4751,1.6868],[6.0592,59.4738,10.9665],[6.0719,59.4732,0.0],[6.0825,59.4751,40.8828],[6.0836,59.4738,40.8828],[6.0958,59.4746,0.0],[6.1175,59.4785,0.0],[6.1603,59.4799,0.0],[6.1653,59.4829,4.087],[6.1614,59.4837,0.4124],[6.1619,59.486,5.2536],[6.1647,59.4865,0.0],[6.1781,59.4849,0.0],[6.1797,59.4835,0.0],[6.1919,59.4829,0.0],[6.1981,59.4796,0.0],[6.1969,59.4763,58.8391],[6.1936,59.474,4.9026],[6.1775,59.4724,0.0],[6.1703,59.4738,0.0],[6.1569,59.4732,0.0],[6.1553,59.4715,19.7461],[6.1469,59.4696,8.4122],[6.1297,59.4688,0.0],[6.1197,59.4651,70.9868],[6.1014,59.4646,0.0],[6.0981,59.4624,0.0],[6.0503,59.4568,3.9252],[6.0403,59.4518,10.7082],[6.0275,59.4518,5.4365],[6.0247,59.4493,3.1539],[6.0197,59.4493,0.0],[6.0136,59.4454,30.9045],[6.0042,59.4485,3.8365],[5.9942,59.4485,17.6489],[5.9719,59.444,0.0],[5.9631,59.4457,0.0],[5.9564,59.4451,32.3701],[5.9414,59.4479,15.848],[5.9419,59.4507,0.0],[5.9403,59.4521,0.0],[5.9308,59.454,0.0],[5.9275,59.454,0.0],[5.9264,59.4518,7.1406],[5.9142,59.4501,0.0],[5.9153,59.4449,2.2601],[5.9236,59.4404,8.4204],[5.9192,59.4385,0.0],[5.9264,59.4371,12.8685],[5.9225,59.4338,11.2266],[5.9131,59.4315,0.639],[5.9136,59.4221,5.4674],[5.9197,59.4193,27.3866],[5.9219,59.4149,19.6455],[5.9214,59.4096,40.4715],[5.9175,59.4082,8.2094],[5.9219,59.4051,45.6402],[5.9164,59.4032,0.0],[5.9175,59.399,22.1082],[5.9286,59.3943,13.9426],[5.9331,59.3885,10.1231],[5.9336,59.384,59.1122],[5.9375,59.381,0.0],[5.9375,59.3765,0.0],[5.9358,59.374,2.4597],[5.9403,59.3721,20.8579],[5.9397,59.3696,6.0105],[5.9431,59.3676,7.2472],[5.9419,59.3615,7.9271],[5.9431,59.3601,0.0],[5.9469,59.3574,9.6009],[5.9586,59.3537,0.0],[5.9597,59.3518,0.0],[5.9625,59.3524,0.0],[5.9603,59.354,0.1678],[5.9614,59.3565,1.6035],[5.9775,59.3521,2.5346],[5.9781,59.3551,2.2802],[5.9719,59.3585,4.9699],[5.9758,59.3601,0.0],[5.9764,59.3626,27.0141],[5.9814,59.3662,8.4248],[5.9819,59.3693,47.8399],[5.9925,59.3726,0.0],[5.9986,59.3782,0.0],[6.0114,59.3749,0.0],[6.0136,59.3757,5.5184],[6.0136,59.3782,3.4118],[6.0175,59.3779,0.0],[6.0208,59.3799,0.0],[6.0197,59.3835,22.379],[6.0164,59.3835,42.2316],[6.0114,59.3863,18.9722],[6.0125,59.3871,36.3456],[6.0181,59.3843,1.564],[6.0214,59.3851,0.0],[6.0197,59.3907,16.8302],[6.0231,59.3918,0.0],[6.0231,59.3932,0.0],[6.0208,59.3943,0.0],[6.0197,59.399,8.2911],[6.0208,59.4004,0.0],[6.0186,59.4046,3.7174],[6.0147,59.404,0.0],[6.0064,59.3988,0.0],[6.0036,59.3988,0.0],[6.0036,59.4004,0.0],[6.0053,59.4004,0.0],[6.0058,59.4054,2.7077],[6.0236,59.4104,0.0],[6.0247,59.4079,29.7644],[6.0225,59.4065,15.4366],[6.0225,59.4038,8.8163],[6.0242,59.4018,0.0],[6.0325,59.3979,0.0],[6.0431,59.3968,4.9524],[6.0425,59.3954,5.5584],[6.0442,59.3949,0.0],[6.0514,59.3951,0.0],[6.0542,59.3985,16.537],[6.0597,59.4001,0.0],[6.0586,59.4026,1.8629],[6.0508,59.4026,11.3137],[6.0514,59.404,35.254],[6.0625,59.4057,37.9784],[6.0608,59.4065,51.1735],[6.0625,59.4068,37.9784],[6.0681,59.4068,33.1918],[6.0692,59.4051,0.0],[6.0742,59.4063,14.3535],[6.0797,59.4051,0.0],[6.0831,59.4071,0.0],[6.0814,59.4085,36.9674],[6.0825,59.4096,0.0],[6.0875,59.4095,0.0],[6.0886,59.4082,0.0],[6.1019,59.409,25.5006],[6.1119,59.404,4.3821],[6.1197,59.4046,0.0],[6.1236,59.409,0.0],[6.1208,59.4096,7.9752],[6.1208,59.4118,17.7183],[6.1242,59.4146,13.1837],[6.1242,59.4165,5.3954],[6.1208,59.4174,11.5078],[6.1208,59.4188,107.4798],[6.1292,59.4207,0.0],[6.1358,59.4246,64.3608],[6.1569,59.4262,14.7772],[6.1647,59.4315,0.0],[6.1669,59.4368,3.2311],[6.1725,59.4393,19.8589],[6.1758,59.439,0.0],[6.1769,59.4471,0.0],[6.1842,59.451,0.0],[6.1847,59.4549,3.4978],[6.1975,59.4601,0.0],[6.2047,59.4671,135.2002],[6.2125,59.4693,0.0],[6.2192,59.4738,10.4223],[6.2153,59.479,0.0],[6.2147,59.4837,0.0],[6.2158,59.4849,0.0],[6.2125,59.4868,0.0],[6.2042,59.486,8.4513],[6.2031,59.4871,10.4485],[6.2058,59.4901,0.0],[6.2081,59.5013,18.1176],[6.2136,59.5029,0.0],[6.2192,59.5074,34.4931],[6.2442,59.516,5.8654],[6.2519,59.5207,18.3999],[6.2553,59.5246,0.0],[6.2569,59.5313,0.0],[6.2631,59.5307,0.0],[6.2636,59.5329,0.0],[6.2619,59.5343,39.2097],[6.2636,59.5363,45.464],[6.2675,59.5351,0.0],[6.2708,59.5376,0.0],[6.2686,59.5385,20.9858],[6.2692,59.5454,0.0],[6.2669,59.5471,0.0],[6.2658,59.5521,48.5461],[6.2686,59.5535,0.0],[6.2686,59.556,16.5412],[6.2714,59.5571,0.0],[6.2708,59.5588,39.7128],[6.2775,59.5607,4.0984],[6.2814,59.5668,0.0],[6.2864,59.5668,0.0],[6.2908,59.5704,0.0],[6.2958,59.5704,0.0],[6.2969,59.5735,20.287],[6.3064,59.5754,0.0],[6.3075,59.5779,0.0],[6.3019,59.5838,0.0],[6.3047,59.5907,0.0],[6.2953,59.5929,5.4054],[6.2897,59.5921,0.0],[6.2881,59.5943,0.0],[6.2892,59.5979,17.5921],[6.2881,59.5988,41.708],[6.2947,59.6032,0.0],[6.2942,59.6057,0.0],[6.2964,59.6082,0.0],[6.2914,59.6118,92.4224],[6.2897,59.6176,0.0],[6.2931,59.6199,0.0],[6.2925,59.6221,0.0],[6.2947,59.6249,0.0],[6.3014,59.6287,0.0],[6.3014,59.6315,9.9706],[6.3036,59.6326,0.0],[6.3075,59.639,2.5981],[6.3247,59.6421,30.1445],[6.3308,59.641,0.0],[6.3336,59.6432,2.5493],[6.3403,59.6437,0.0],[6.3392,59.6465,0.0],[6.3442,59.6485,0.0],[6.3475,59.6465,0.0],[6.3597,59.6446,2.0789],[6.3658,59.6401,10.5349],[6.3625,59.6374,8.777],[6.3536,59.6354,2.4714],[6.3514,59.6315,62.107],[6.3419,59.6282,10.2227],[6.3336,59.6282,4.0585],[6.3281,59.624,0.0],[6.3303,59.6196,4.6178],[6.3286,59.6096,51.7152],[6.3297,59.5976,14.5937],[6.3314,59.5951,0.0],[6.3286,59.5913,11.3781],[6.3281,59.5865,2.4365],[6.3308,59.5849,9.1484],[6.3303,59.5829,16.9151],[6.3286,59.5824,16.9151],[6.3281,59.5799,10.2154],[6.3231,59.5779,0.0],[6.3142,59.5682,39.0047],[6.2931,59.5599,0.0],[6.2947,59.556,59.6743],[6.2869,59.5499,0.0],[6.2869,59.5476,0.0],[6.2825,59.5435,22.0985],[6.2814,59.5371,68.8043],[6.2719,59.5282,6.4503],[6.2719,59.5257,41.0084],[6.2697,59.5249,21.4686],[6.2697,59.5218,50.102],[6.2675,59.5199,10.4538],[6.2692,59.5171,11.6782],[6.2831,59.5182,0.0],[6.2953,59.524,15.0478],[6.3086,59.5249,0.0],[6.3192,59.5274,5.3142],[6.3242,59.5296,3.2033],[6.3236,59.5326,15.0508],[6.3258,59.5332,0.0],[6.3419,59.5329,0.0],[6.3492,59.5365,0.0],[6.3564,59.5363,0.0],[6.3603,59.5382,0.0],[6.3569,59.5424,9.4642],[6.3653,59.5432,0.0],[6.3675,59.5454,9.8651],[6.3886,59.5446,0.0],[6.3958,59.5468,2.6652],[6.4092,59.5474,0.0],[6.4125,59.5488,26.8988],[6.4108,59.5499,41.6181],[6.4197,59.549,0.0],[6.4258,59.5518,0.0],[6.4264,59.5543,118.6597],[6.4381,59.5571,153.1456],[6.4636,59.5585,0.0],[6.4831,59.5563,0.0],[6.4864,59.5585,8.9515],[6.4914,59.559,69.0486],[6.5025,59.5565,0.0],[6.5392,59.5599,13.0467],[6.5525,59.5579,18.8932],[6.5786,59.5604,0.0],[6.6008,59.5596,13.0085],[6.5847,59.556,5.5144],[6.5664,59.5557,0.0],[6.5608,59.5529,147.9825],[6.5581,59.5543,5.7178],[6.5508,59.5532,36.8555],[6.5436,59.5543,0.0],[6.5381,59.5524,18.0963],[6.5264,59.5518,19.0657],[6.5169,59.5488,0.0],[6.5058,59.5513,18.5333],[6.4975,59.5496,41.5917],[6.4864,59.5513,0.0],[6.4781,59.5493,8.7594],[6.4631,59.549,0.0],[6.4464,59.5449,13.151],[6.4353,59.539,8.3303],[6.3992,59.5332,33.463],[6.3986,59.5313,78.3536],[6.3936,59.5301,0.0],[6.3931,59.5274,1.214],[6.3886,59.526,0.0],[6.3764,59.5249,13.3253],[6.3681,59.5265,17.8858],[6.3469,59.5199,23.5563],[6.3197,59.5163,0.0],[6.3086,59.5107,16.881],[6.2992,59.5115,9.394],[6.2731,59.5074,0.0],[6.2597,59.5004,57.8671],[6.2553,59.4996,5.2233],[6.2464,59.4935,4.7522],[6.2458,59.4854,0.0],[6.2486,59.484,0.6867],[6.2475,59.4826,0.166],[6.2492,59.481,8.1077],[6.2442,59.4804,0.0],[6.2431,59.4782,0.0],[6.2469,59.4765,43.2342],[6.2464,59.4746,0.0],[6.2481,59.4732,0.0],[6.2547,59.4726,212.0121],[6.2553,59.4696,27.6398],[6.2542,59.469,0.0],[6.2553,59.4685,57.3584],[6.2519,59.4663,0.0],[6.2508,59.4635,53.5962],[6.2469,59.4626,7.222],[6.2475,59.4607,24.7682],[6.2403,59.4579,0.0],[6.2397,59.4557,0.0],[6.2369,59.4546,13.6518],[6.2392,59.4518,0.0],[6.2353,59.4499,0.0],[6.2364,59.4479,56.9526],[6.2336,59.4471,0.0],[6.2314,59.4432,8.3133],[6.2281,59.4429,0.0],[6.2242,59.4351,141.8924],[6.2203,59.4321,0.0],[6.2197,59.4285,94.075],[6.2164,59.4282,0.0],[6.2181,59.4229,4.3213],[6.2164,59.4207,0.0],[6.2164,59.4168,2.9915],[6.2142,59.4124,54.0968],[6.2092,59.4082,18.7019],[6.2025,59.4071,0.0],[6.2031,59.4096,5.4199],[6.2064,59.411,8.546],[6.2064,59.4135,30.6585],[6.2108,59.4162,0.0],[6.2108,59.4196,18.5329],[6.2147,59.4207,0.0],[6.2125,59.4232,0.0],[6.2142,59.4257,0.0],[6.2108,59.4276,34.1706],[6.2114,59.4304,0.0],[6.2153,59.4329,0.0],[6.2175,59.4393,0.0],[6.2147,59.4451,0.0],[6.2031,59.4421,0.0],[6.2019,59.4382,22.4666],[6.1953,59.4346,7.8047],[6.1936,59.4313,42.7664],[6.1892,59.431,5.2462],[6.1869,59.4257,46.3777],[6.1764,59.4229,10.9586],[6.177,59.4209,20.9864],[6.1719,59.4215,51.6599],[6.1714,59.4243,9.1675],[6.1764,59.4238,0.0],[6.1803,59.426,0.0],[6.1792,59.4279,0.0],[6.1825,59.429,0.0],[6.1825,59.4318,0.0],[6.1653,59.4287,14.4191],[6.1608,59.4251,0.0],[6.1619,59.4235,3.0045],[6.1536,59.4218,0.0],[6.1525,59.4193,51.2981],[6.1331,59.4165,4.6081],[6.1314,59.4151,20.4267],[6.1325,59.4124,27.171],[6.1269,59.4115,0.0],[6.1258,59.4096,0.0],[6.1336,59.4068,0.0],[6.1336,59.4046,0.0],[6.1364,59.4049,0.0],[6.1375,59.4035,39.9425],[6.1247,59.3982,16.7086],[6.1181,59.399,0.0],[6.1169,59.3974,13.274],[6.1142,59.3974,0.0],[6.1119,59.3979,48.5127],[6.1114,59.3999,22.7955],[6.1025,59.4012,3.752],[6.1007999999999996,59.3976,0.0],[6.1058,59.3965,9.7784],[6.1058,59.3949,25.0247],[6.0997,59.3957,0.0],[6.0914,59.3935,39.4981],[6.0853,59.3949,0.9148],[6.0808,59.391,0.0],[6.0864,59.3893,0.0],[6.0808,59.3899,0.6964],[6.0781,59.3885,5.7452],[6.0781,59.3846,19.3479],[6.0736,59.3865,0.0],[6.0642,59.3868,16.1444],[6.0508,59.381,0.0],[6.0453,59.3771,1.6734],[6.0453,59.3743,1.363],[6.0425,59.3737,0.0],[6.0442,59.371,0.0],[6.0381,59.3676,0.0],[6.0397,59.3646,1.0773],[6.0431,59.3629,4.9409],[6.0308,59.3543,0.0],[6.0264,59.3529,21.5568],[6.0275,59.3518,70.644],[6.0253,59.3515,1.1007],[6.0236,59.346,10.056],[6.0197,59.3415,0.0],[6.0203,59.3387,0.0],[6.0253,59.3365,0.0],[6.0269,59.3324,5.3511],[6.0331,59.3312,0.0],[6.0353,59.3354,0.0],[6.0375,59.3354,0.0],[6.0392,59.3312,18.8346],[6.0375,59.3282,0.0],[6.0414,59.3268,0.0],[6.0608,59.3274,9.9723],[6.0647,59.3288,48.1847],[6.0703,59.3276,2.9801],[6.0803,59.3301,0.8723],[6.0814,59.3271,0.0],[6.0842,59.3254,0.0],[6.0864,59.3262,2.5922],[6.0847,59.3312,0.0],[6.0892,59.3335,0.6149],[6.0925,59.3449,0.0],[6.0897,59.3465,0.0],[6.0875,59.3435,7.7794],[6.0808,59.3435,11.3004],[6.0814,59.3465,7.7229],[6.0903,59.3507,0.0],[6.0919,59.3543,16.5041],[6.0975,59.3563,4.1402],[6.0992,59.3596,36.8713],[6.1025,59.3613,4.9175],[6.1053,59.3604,46.8981],[6.0981,59.3543,5.3704],[6.1092,59.356,12.6829],[6.1003,59.3529,2.2819],[6.1014,59.3471,0.0],[6.1003,59.3446,4.6129],[6.0964,59.3429,1.9489],[6.0931,59.3376,0.0],[6.0942,59.3357,10.1902],[6.1036,59.3354,3.0691],[6.1025,59.3335,18.725],[6.0981,59.3321,0.0],[6.1014,59.3282,0.2889],[6.0992,59.3226,0.0],[6.1019,59.321,0.0],[6.1186,59.3215,6.6579],[6.1186,59.3196,0.0],[6.1214,59.3187,0.75],[6.1214,59.3165,0.0],[6.1253,59.3171,18.3982],[6.1342,59.3143,7.8864],[6.1447,59.3154,28.632],[6.1481,59.3146,60.1308],[6.1458,59.3135,0.0],[6.1531,59.3129,0.0],[6.1569,59.3154,4.6497],[6.1619,59.314,25.9317],[6.1703,59.3146,0.0],[6.1792,59.3174,0.0],[6.1825,59.3232,3.2421],[6.1858,59.3232,0.0],[6.1881,59.3251,2.7797],[6.1886,59.3271,0.0],[6.1853,59.3296,0.0],[6.1853,59.3329,2.7821],[6.1897,59.3346,0.0],[6.1881,59.3354,0.0],[6.1897,59.3399,0.2073],[6.1969,59.3407,0.0],[6.1997,59.344,0.0],[6.2125,59.341,0.2957],[6.2108,59.3404,1.1833],[6.2097,59.3371,4.0605],[6.2064,59.3354,39.4143],[6.1931,59.3329,0.0],[6.1942,59.3307,0.0],[6.2014,59.3268,56.7134],[6.1936,59.3274,0.0],[6.1881,59.3249,2.7797],[6.1892,59.3232,34.4574],[6.1864,59.3224,0.0],[6.1875,59.3174,6.0308],[6.2014,59.319,0.0],[6.2097,59.3224,14.1543],[6.2197,59.3218,0.0],[6.2308,59.3235,0.0],[6.2369,59.3254,0.0],[6.2364,59.3285,0.0],[6.2392,59.3296,1.2948],[6.2342,59.3315,5.9645],[6.2336,59.3338,0.0],[6.2308,59.3354,58.4042],[6.2292,59.3421,0.0],[6.2258,59.3404,10.7796],[6.2203,59.3404,8.3693],[6.2225,59.3443,0.0],[6.2186,59.3454,5.6522],[6.2169,59.3479,25.1006],[6.2169,59.3493,25.2981],[6.2219,59.3496,0.0],[6.2197,59.3543,8.3772],[6.2286,59.3532,0.0],[6.2231,59.3649,3.0981],[6.2197,59.3674,0.0],[6.2203,59.3751,0.0],[6.2142,59.3832,0.0],[6.2175,59.3868,0.0],[6.2169,59.3899,15.6349],[6.2181,59.3899,0.5524],[6.2208,59.3887,6.2655],[6.2231,59.3776,0.0],[6.2247,59.3771,46.3922],[6.2247,59.3737,7.2816],[6.2269,59.3715,0.0],[6.2269,59.3679,0.0],[6.2319,59.3613,66.3554],[6.2308,59.3557,9.972],[6.2319,59.3507,18.1594],[6.2408,59.3449,3.8872],[6.2431,59.3365,1.3306],[6.2458,59.3357,28.4853],[6.2536,59.3282,0.0],[6.2681,59.3213,1.8841],[6.2742,59.3199,0.0],[6.2864,59.3204,0.0],[6.2903,59.3182,5.0964],[6.2853,59.3176,40.3525],[6.2703,59.3193,0.0],[6.2664,59.3182,0.0],[6.2658,59.3154,0.0],[6.2731,59.3124,1.8245],[6.2708,59.3118,0.0],[6.2714,59.3104,94.553],[6.2692,59.309,27.5372],[6.2736,59.3046,0.0],[6.2708,59.2999,0.0],[6.2753,59.2982,23.0499],[6.2692,59.2996,0.0],[6.2664,59.3046,0.0],[6.2625,59.3063,79.5586],[6.2608,59.3101,0.0],[6.2581,59.3118,8.7858],[6.2447,59.3146,0.0],[6.2386,59.3143,0.0],[6.2364,59.3124,4.6997],[6.1992,59.3118,0.0],[6.1669,59.306,12.5886],[6.1414,59.309,0.0],[6.1275,59.3087,5.1826],[6.1142,59.3026,0.0],[6.1164,59.2904,0.0],[6.1192,59.2865,2.459],[6.1219,59.2843,0.0],[6.1264,59.284,1.5858],[6.1275,59.2818,0.0],[6.1325,59.2796,12.1022],[6.1336,59.2771,0.0],[6.1397,59.2762,1.1037],[6.1481,59.2715,6.3702],[6.1492,59.2665,0.0],[6.1547,59.2604,0.0],[6.1708,59.2618,0.0],[6.1919,59.2721,50.4006],[6.1986,59.2715,0.0],[6.2397,59.2799,45.7978],[6.2486,59.2796,0.0],[6.2642,59.2857,63.994],[6.2686,59.2849,0.0],[6.2753,59.2904,0.0],[6.2864,59.2907,7.4783],[6.2947,59.2943,14.9851],[6.3031,59.2938,15.4001],[6.3097,59.2951,0.0],[6.3186,59.299,0.0],[6.3219,59.3026,127.5574],[6.3314,59.3015,0.0],[6.3453,59.3107,0.0],[6.3464,59.3124,0.0],[6.3453,59.3135,0.0],[6.3481,59.3138,0.0],[6.3486,59.3165,17.1566],[6.3753,59.3221,188.5298],[6.3858,59.3226,109.7049],[6.3875,59.3215,19.9241],[6.3819,59.3207,0.0],[6.3914,59.3207,15.8659],[6.4269,59.3249,0.0],[6.4514,59.3204,0.0],[6.4592,59.324,21.9895],[6.4642,59.3246,55.6864],[6.4775,59.3235,32.73],[6.4819,59.3218,23.5676],[6.4808,59.3213,7.7833],[6.4869,59.3224,152.9179],[6.4881,59.321,3.8223],[6.4931,59.3207,13.5851],[6.4914,59.3193,14.933],[6.4925,59.3179,0.0],[6.5042,59.3199,32.269],[6.5097,59.3179,22.6055],[6.5336,59.3188,45.6344],[6.5481,59.3218,18.5251],[6.5519,59.321,12.9244],[6.5569,59.3238,172.2137],[6.5586,59.3232,8.7143],[6.5564,59.3221,9.53],[6.5586,59.3215,0.1033],[6.5414,59.3163,37.193],[6.5347,59.3157,0.0],[6.5253,59.3165,8.076],[6.5047,59.3151,44.5885],[6.4842,59.3168,12.9914],[6.4742,59.3154,127.9433],[6.4636,59.3168,17.5895],[6.4208,59.3143,0.0],[6.4114,59.3096,63.6071],[6.3992,59.3085,11.6941],[6.3881,59.3035,115.251],[6.3769,59.304,0.0],[6.3558,59.296,0.0],[6.3531,59.2935,58.4774],[6.3458,59.2935,0.0],[6.3442,59.2912,10.3015],[6.3347,59.291,0.0],[6.3253,59.2885,0.0],[6.3242,59.2837,0.0],[6.3364,59.2743,69.5316],[6.3308,59.2713,0.0],[6.3225,59.2724,0.0],[6.3186,59.2749,17.0588],[6.3197,59.2757,0.0],[6.3164,59.2762,0.0],[6.3131,59.2807,0.0],[6.3047,59.2815,0.0],[6.2814,59.2749,154.1478],[6.277,59.2712,64.1831],[6.2703,59.2696,3.4094],[6.2275,59.2682,0.0],[6.2264,59.2668,104.2328],[6.2164,59.2663,0.0],[6.2153,59.2635,105.1549],[6.2014,59.2593,19.8767],[6.1903,59.2576,4.2323],[6.1869,59.2532,93.607],[6.1819,59.2526,0.0],[6.1742,59.2479,0.0],[6.1797,59.2388,13.3059],[6.1769,59.2354,18.3623],[6.1636,59.234,0.0],[6.1608,59.2324,6.8047],[6.1564,59.2357,0.0],[6.1531,59.2357,0.0],[6.1492,59.2326,0.0],[6.1369,59.2296,0.0],[6.1358,59.2265,6.1608],[6.1325,59.2246,2.2859],[6.1336,59.2221,0.9558],[6.1325,59.2207,1.9496],[6.1231,59.219,0.0],[6.1231,59.2212,0.0],[6.1203,59.2215,0.9749],[6.1158,59.2174,0.0],[6.1158,59.2154,2.2896],[6.1103,59.2171,0.0],[6.1081,59.2201,1.0041],[6.1007999999999996,59.2207,0.0],[6.0981,59.2174,14.3372],[6.1007999999999996,59.2149,8.5418],[6.0997,59.2113,7.2536],[6.0931,59.2126,0.0],[6.0914,59.211,1.8184],[6.0869,59.2107,0.0],[6.0875,59.2088,0.0],[6.0842,59.2068,3.5238],[6.0853,59.2051,0.0],[6.0981,59.2049,6.5433],[6.0986,59.1985,24.9132],[6.0925,59.1963,9.1624],[6.0853,59.1965,5.9633],[6.0686,59.1937,0.0],[6.0669,59.1918,0.0],[6.0675,59.189,3.0247],[6.0653,59.1888,0.0],[6.0647,59.1871,0.0],[6.0675,59.1854,15.0205],[6.0686,59.1804,3.1108],[6.0642,59.1787,20.8148],[6.0581,59.181,0.0],[6.0553,59.1774,4.3823],[6.0508,59.1774,0.0],[6.0525,59.171,0.0],[6.0475,59.1693,0.0],[6.0475,59.1668,18.2287],[6.0403,59.1646,1.8704],[6.0392,59.1613,32.8472],[6.0319,59.1599,0.0],[6.0325,59.1563,9.6321],[6.0286,59.1529,0.0],[6.0297,59.151,0.0],[6.0231,59.1482,0.0],[6.0236,59.1443,3.0472],[6.0225,59.144,3.0472],[6.0514,59.1376,0.0],[6.0608,59.1418,0.0],[6.0675,59.1413,0.0],[6.0692,59.1429,10.9332],[6.0781,59.1443,0.0],[6.0803,59.1474,53.2035],[6.0958,59.1529,15.699],[6.1019,59.1521,4.4205],[6.1003,59.1465,0.0],[6.1053,59.1465,8.0209],[6.1042,59.1449,0.0],[6.1125,59.1432,0.0],[6.1175,59.1432,0.0],[6.1181,59.1449,5.4121],[6.1214,59.1457,7.7759],[6.1292,59.1454,0.0],[6.1258,59.1476,3.3123],[6.1269,59.1493,98.4862],[6.1431,59.1479,24.7386],[6.1625,59.1501,0.9317],[6.1675,59.1437,0.0],[6.1742,59.141,0.2574],[6.1736,59.1396,6.6386],[6.1642,59.1376,0.0],[6.1408,59.139,0.0],[6.1264,59.1376,75.5232],[6.1253,59.1393,0.0],[6.1142,59.1407,0.0],[6.1081,59.1404,0.0],[6.1069,59.1388,0.0],[6.0881,59.1399,0.0],[6.0869,59.1393,0.0],[6.0886,59.136,2.4916],[6.0864,59.1326,0.0],[6.0953,59.1318,0.5473],[6.0958,59.1304,9.5689],[6.0858,59.1296,2.114],[6.0769,59.1315,24.3287],[6.0725,59.1343,0.0],[6.0686,59.1329,0.0],[6.0642,59.134,0.0],[6.0647,59.1321,0.0],[6.0686,59.1312,0.0],[6.0575,59.1293,0.0],[6.0553,59.1268,4.8113],[6.0553,59.1254,0.0],[6.0586,59.1243,4.8233],[6.0592,59.1218,31.7749],[6.0297,59.1149,7.3352],[5.9981,59.1176,1.5844],[5.9947,59.1199,7.8505],[5.9897,59.1196,10.8593],[5.9858,59.1218,9.0144],[5.9747,59.1212,0.0],[5.9742,59.1199,0.0],[5.9758,59.119,2.6848],[5.9692,59.1168,3.5282],[5.9697,59.1149,17.9463],[5.9642,59.1154,16.2504],[5.9636,59.1171,0.0],[5.9536,59.1157,0.0],[5.9519,59.1129,0.0],[5.9531,59.1107,1.3431],[5.9514,59.109,0.0],[5.9431,59.1096,11.0093],[5.9375,59.1082,0.0],[5.9358,59.1049,0.0],[5.9375,59.1035,11.6827],[5.9303,59.1026,4.6198],[5.9319,59.1004,12.5165],[5.9242,59.0982,24.6627],[5.9175,59.0996,10.0591],[5.9147,59.0976,0.0],[5.9169,59.0932,5.705],[5.9108,59.0938,0.0],[5.9058,59.089,0.0],[5.8975,59.0888,0.0],[5.8975,59.086,23.4509],[5.8919,59.086,0.0],[5.8892,59.0832,0.0],[5.8931,59.0793,6.8496],[5.8931,59.076,10.4234],[5.8897,59.074,0.0],[5.8919,59.0674,0.0],[5.8969,59.0643,5.5341],[5.9031,59.064,10.7167],[5.9064,59.0621,1.0685],[5.9092,59.0646,1.3484],[5.9114,59.064,11.6924],[5.9125,59.0626,3.7155],[5.9086,59.0615,0.0],[5.9147,59.056,0.0],[5.9131,59.0529,0.0],[5.9153,59.0499,0.244],[5.9236,59.0466,0.0],[5.9236,59.0429,0.0],[5.9336,59.0382,21.9395],[5.9403,59.0329,1.786],[5.9403,59.0313,1.256],[5.9442,59.0299,6.9721],[5.9442,59.0282,0.9274],[5.9514,59.0251,1.8185],[5.9486,59.0238,0.0],[5.9503,59.0221,5.3925],[5.9642,59.0193,2.6396],[5.9686,59.0232,0.0],[5.9775,59.0235,0.774],[5.9875,59.0199,0.0],[5.9908,59.0204,0.0],[5.9947,59.0176,0.0],[5.9969,59.0182,2.0417],[5.9958,59.0199,1.3197],[5.9975,59.021,1.1844],[6.0042,59.021,0.0],[6.0119,59.0232,0.0],[6.0297,59.0215,0.0],[6.0297,59.019,0.0],[6.0369,59.0151,0.0],[6.0431,59.0154,0.0],[6.0497,59.0082,0.0],[6.0547,59.0082,0.0],[6.0736,59.001,43.8881],[6.0903,58.9865,11.9169],[6.0892,58.9846,3.4669],[6.0847,58.9854,5.1544],[6.0769,58.9912,9.2947],[6.0686,58.9926,10.0615],[6.0603,58.9985,4.1533],[6.0508,58.9993,2.2511],[6.0492,58.9985,19.4652],[6.0497,58.996,32.4564],[6.0464,58.994,0.0],[6.0419,58.9943,19.3936],[6.0375,58.9968,6.4171],[6.0342,58.996,0.0],[6.0358,58.9901,14.2936],[6.0186,58.991,1.0256],[6.0175,58.989,0.0],[6.0192,58.9871,0.6725],[6.0142,58.984,13.8838],[6.0147,58.9818,30.797],[6.0092,58.9793,0.0],[6.0142,58.9785,8.5995],[6.0092,58.9768,3.2055],[6.0142,58.9746,9.506],[6.0108,58.974,4.0823],[6.0097,58.9763,0.0],[6.0047,58.9768,6.0738],[5.9953,58.9712,3.7106],[5.9964,58.9657,0.0],[6.0025,58.964,26.1009],[6.0053,58.9613,1.8286],[6.0003,58.9601,1.6661],[6.0003,58.9582,0.0],[6.0025,58.9568,0.0],[6.0014,58.9554,0.0],[6.0092,58.9535,0.0],[6.0092,58.9499,0.0],[6.0114,58.9493,1.399],[6.0086,58.9479,0.0],[6.0147,58.9476,14.6965],[6.0181,58.9432,0.0],[6.0203,58.9429,7.1511],[6.0181,58.9424,0.0],[6.0181,58.941,0.0],[6.0225,58.9396,14.7044],[6.0236,58.9371,5.4605],[6.0264,58.936,3.8278],[6.0264,58.9304,0.0],[6.0353,58.931,1.9681],[6.0392,58.9324,0.0],[6.0397,58.934,9.8483],[6.0414,58.934,9.8483],[6.0425,58.9318,0.0],[6.0486,58.9307,28.9105],[6.0431,58.9265,0.0],[6.0492,58.9221,27.6214],[6.0553,58.9212,3.1284],[6.0547,58.9174,0.0],[6.0619,58.9135,29.445],[6.0631,58.909,6.8418],[6.0725,58.9035,0.0],[6.0764,58.9046,0.0],[6.0764,58.9074,4.6526],[6.0781,58.9074,0.0],[6.0797,58.911,0.0],[6.0786,58.9157,6.7744],[6.0836,58.9199,0.0],[6.0836,58.9218,3.4962],[6.0908,58.9229,0.0],[6.0975,58.9263,0.0],[6.0986,58.9326,14.0875],[6.1003,58.934,0.0],[6.0981,58.9388,6.2105],[6.1003,58.9426,2.3291],[6.1047,58.9426,0.0],[6.1075,58.9451,0.0],[6.1153,58.9465,0.0],[6.1186,58.9493,31.7959],[6.1325,58.9538,31.6002],[6.1475,58.9629,191.9255],[6.1497,58.9615,0.0],[6.1503,58.964,8.6822],[6.1475,58.9646,230.2324],[6.1553,58.9649,0.0],[6.1558,58.9674,17.4554],[6.1592,58.9682,0.0],[6.1581,58.969,36.3803],[6.1697,58.9715,17.438],[6.173,58.9746,53.7885],[6.1803,58.9765,0.0],[6.1925,58.9843,167.2227],[6.2064,58.9882,0.0],[6.2025,58.9885,10.2842],[6.2042,58.9896,41.7263],[6.2153,58.9915,0.0],[6.2264,58.9985,78.0167],[6.2297,58.9976,18.477],[6.2342,58.9999,0.0],[6.2331,58.9982,0.0],[6.2353,58.9982,0.0],[6.2364,59.0024,0.0],[6.2353,59.0032,12.0016],[6.2369,59.0043,101.0834],[6.2525,59.0074,41.5801],[6.2653,59.0126,33.603],[6.2775,59.0118,0.0],[6.2886,59.014,144.5379],[6.2953,59.0129,0.0],[6.2969,59.0146,66.1086],[6.3086,59.0163,71.6605],[6.3125,59.0151,0.0],[6.3158,59.0165,10.8564],[6.3297,59.016,0.0],[6.3481,59.0174,17.0552],[6.3458,59.0179,27.1638],[6.3492,59.0187,9.9535],[6.3542,59.0179,0.0],[6.3786,59.024,50.103],[6.3908,59.0235,0.0],[6.3947,59.0257,27.8161],[6.4508,59.0315,0.0],[6.4558,59.0343,97.6346],[6.4736,59.0363,4.6687],[6.4853,59.0399,40.7094],[6.4914,59.0388,91.8665],[6.4892,59.0385,5.6775],[6.4881,59.0388,83.2761],[6.4892,59.0379,5.6775],[6.4953,59.0382,0.0],[6.4997,59.0404,0.0],[6.5125,59.0418,19.1561],[6.5131,59.0399,0.0],[6.5169,59.0388,2.6955],[6.5292,59.0385,0.0],[6.5364,59.0399,0.0],[6.5436,59.0435,12.0049],[6.5508,59.044,36.0316],[6.5481,59.0449,28.883],[6.5592,59.0438,67.1751],[6.5753,59.0463,16.3402],[6.5869,59.0501,56.5113],[6.6047,59.0496,23.0265],[6.6103,59.0515,81.8115],[6.6453,59.0563,42.1599],[6.6442,59.0532,1.7051],[6.6469,59.0515,3.6688],[6.6397,59.0496,37.9133],[6.6047,59.0446,5.6916],[6.5919,59.041,25.8674],[6.5825,59.0426,0.0],[6.5769,59.0371,0.0],[6.5508,59.0349,18.1093],[6.5353,59.029,11.3978],[6.5208,59.0307,0.0],[6.5069,59.0296,0.0],[6.5031,59.0276,18.3595],[6.4886,59.0268,19.2931],[6.4769,59.0235,135.487],[6.4364,59.0176,0.0],[6.4281,59.0149,9.4723],[6.4203,59.0168,9.3605],[6.4169,59.014,0.0],[6.4053,59.0126,0.0],[6.3997,59.0098,23.6591],[6.3847,59.0071,0.0],[6.3769,59.0074,0.0],[6.3614,59.0038,0.0],[6.3347,59.0038,0.0],[6.3031,58.9982,20.4754],[6.2803,58.9996,12.1262],[6.2709,58.9946,5.0773],[6.2619,58.9938,0.0],[6.2425,58.9874,3.8379],[6.2336,58.986,0.0],[6.2297,58.9818,10.6377],[6.2219,58.9774,17.7949],[6.2086,58.9768,0.0],[6.1964,58.9732,3.5184],[6.1881,58.9693,3.9617],[6.1858,58.9651,21.7335],[6.1747,58.9635,12.7395],[6.1708,58.9576,0.2144],[6.1558,58.9549,8.4649],[6.1486,58.9554,30.1309],[6.1458,58.954,0.0],[6.1475,58.9504,6.8506],[6.1442,58.9488,6.8506],[6.1397,58.9501,10.8609],[6.1331,58.9496,4.5155],[6.1319,58.9476,12.969],[6.1347,58.946,2.2397],[6.1342,58.9443,0.0],[6.1264,58.9463,0.0],[6.1269,58.9443,0.0],[6.1186,58.9426,0.0],[6.1186,58.9407,0.0],[6.1147,58.9365,15.763],[6.1158,58.9343,0.0],[6.1203,58.9335,8.7315],[6.1192,58.9313,27.2234],[6.1014,58.9226,0.0],[6.1019,58.9212,4.3052],[6.0997,58.9193,0.0],[6.1031,58.9179,13.187],[6.1019,58.9165,0.0],[6.1031,58.9154,34.1189],[6.0997,58.9132,0.0],[6.1019,58.9071,0.0],[6.1007999999999996,58.9057,0.552],[6.0964,58.9065,0.0],[6.0853,58.9007,0.0],[6.0869,58.8979,0.0],[6.1025,58.8943,2.0675],[6.1031,58.8932,0.8382],[6.1007999999999996,58.8913,0.0],[6.1042,58.8907,0.7451],[6.1047,58.8871,18.2934],[6.1081,58.8835,0.0],[6.1158,58.8796,5.6364],[6.1164,58.8754,0.0],[6.1231,58.8737,0.0],[6.1297,58.8693,7.1102],[6.1347,58.871,7.2082],[6.1364,58.8671,0.0],[6.1464,58.8643,6.4772],[6.1464,58.861,0.0],[6.1492,58.8607,1.1375],[6.1542,58.8568,0.0],[6.1608,58.8557,38.5026],[6.1719,58.8488,8.2096],[6.1781,58.8476,0.0],[6.1997,58.8485,0.0],[6.2103,58.8504,0.0],[6.2686,58.849,34.7622],[6.2792,58.846,0.0],[6.2803,58.8401,12.1525],[6.2792,58.8393,10.4002],[6.2547,58.8404,83.4654],[6.2442,58.8435,46.3913],[6.2297,58.8424,30.5634],[6.2264,58.844,0.0],[6.2186,58.8443,0.0],[6.2025,58.8424,9.6856],[6.2031,58.8435,9.6856],[6.1903,58.844,0.0],[6.1842,58.8418,0.0],[6.1853,58.8396,7.7139],[6.1753,58.8351,19.8361],[6.1692,58.8385,25.3745],[6.1519,58.8424,0.0],[6.1381,58.8537,26.8347],[6.1286,58.8551,13.3456],[6.1219,58.8515,28.7724],[6.1197,58.856,0.0],[6.1092,58.859,0.0],[6.1007999999999996,58.8646,31.437],[6.0964,58.8701,0.0],[6.0869,58.8735,174.0562],[6.0825,58.8776,0.0],[6.0736,58.8796,0.0],[6.0764,58.8807,6.5354],[6.0753,58.8829,2.1033],[6.0636,58.8824,10.0424],[6.0642,58.884,36.837],[6.0692,58.884,4.7179],[6.0719,58.8871,0.0],[6.0581,58.8946,0.0],[6.0408,58.8979,0.0],[6.0403,58.8957,2.4146],[6.0458,58.8951,0.0],[6.0481,58.8932,4.8832],[6.0408,58.8926,0.0],[6.0303,58.8965,4.7594],[6.0225,58.8963,9.3252],[6.0214,58.8985,1.6697],[6.0142,58.9026,0.0],[6.0058,58.9021,0.0],[6.0036,58.901,8.9874],[6.0036,58.8985,7.874],[5.9975,58.8965,4.8853],[5.9919,58.8974,0.0],[5.9786,58.9035,12.1589],[5.9719,58.9021,1.2953],[5.9658,58.9038,0.3718],[5.9681,58.9063,1.2765],[5.9736,58.9071,5.1264],[5.9731,58.9096,0.0],[5.9686,58.9126,0.0],[5.9664,58.9188,11.9222],[5.9708,58.9226,1.746],[5.9708,58.9243,1.1315],[5.9764,58.9232,0.0],[5.9836,58.9276,4.5982],[5.9836,58.9313,1.3877],[5.9786,58.9376,2.2154],[5.9742,58.9388,0.0],[5.9697,58.9357,0.0],[5.9675,58.9379,0.0],[5.9647,58.9379,1.5454],[5.9647,58.9443,0.0],[5.9492,58.9521,0.0],[5.9325,58.9549,7.6826],[5.9308,58.9529,0.0],[5.9347,58.9482,15.1292],[5.9308,58.9479,4.4655],[5.9286,58.951,0.0],[5.9225,58.9538,0.0],[5.9192,58.954,0.0],[5.9181,58.9521,0.0],[5.9119,58.954,0.0],[5.9103,58.9562,0.0],[5.9053,58.9571,0.0],[5.8986,58.961,0.0],[5.8992,58.9651,0.0],[5.8936,58.9679,2.7384],[5.8886,58.9668,0.0],[5.8903,58.9646,3.8916],[5.8708,58.9657,0.0],[5.8658,58.9632,3.2872],[5.8625,58.9635,10.1738],[5.8614,58.9618,0.0],[5.8642,58.9593,11.0188],[5.8619,58.9574,1.8864],[5.8631,58.9543,0.8698],[5.8603,58.954,1.4763],[5.8558,58.9565,5.5792],[5.8514,58.9549,17.5269],[5.8514,58.9532,23.4815],[5.8442,58.9482,0.0],[5.8536,58.9426,2.7199],[5.8497,58.9401,4.825],[5.8492,58.931,9.3285],[5.8431,58.934,1.6796],[5.8392,58.934,0.0],[5.8386,58.9301,11.5912],[5.8319,58.9268,2.2318],[5.8164,58.9257,0.0],[5.7992,58.9315,8.6947],[5.7992,58.9357,0.0],[5.7958,58.9382,1.3763],[5.7864,58.9396,0.0],[5.7864,58.9362,2.7791],[5.7836,58.9362,0.0],[5.7836,58.934,0.0],[5.7897,58.931,9.6169],[5.7786,58.9276,0.0],[5.7775,58.9185,10.5426],[5.7747,58.9146,0.0],[5.7781,58.9096,4.6745],[5.7742,58.9071,0.0],[5.7781,58.9046,8.7928],[5.7742,58.9029,0.0],[5.7731,58.8999,0.0],[5.7747,58.8993,0.0],[5.7747,58.8976,0.0],[5.7719,58.8965,10.4455],[5.7719,58.8937,0.0],[5.7758,58.8901,0.0],[5.7747,58.8829,0.2013],[5.7686,58.8818,0.0],[5.7681,58.8799,0.0],[5.7708,58.8782,7.9819],[5.7625,58.8749,0.0],[5.7625,58.8732,0.0],[5.7642,58.8732,0.0],[5.7636,58.8707,0.0],[5.7597,58.8699,4.8821],[5.7592,58.8679,17.9332],[5.7558,58.8662,1.486],[5.7536,58.8621,0.0],[5.7547,58.8582,18.1651],[5.7536,58.8568,5.3216],[5.7497,58.856,0.0],[5.7481,58.8518,4.7466],[5.7431,58.8518,3.0322],[5.7492,58.8621,0.1563],[5.7469,58.8638,0.0],[5.7464,58.8665,0.0],[5.7481,58.8696,0.0],[5.7425,58.8721,0.0],[5.7419,58.8743,3.6004],[5.7475,58.8768,0.0],[5.7492,58.8799,0.0],[5.7486,58.8832,4.8347],[5.7514,58.8874,0.3901],[5.7519,58.8988,0.2545],[5.7481,58.8993,1.8968],[5.7414,58.9065,2.7288],[5.7353,58.9101,0.0],[5.7386,58.914,2.5102],[5.7425,58.9121,1.8362],[5.7475,58.9138,0.0],[5.7464,58.916,0.0],[5.7375,58.9199,0.0],[5.7408,58.9201,0.0],[5.7408,58.9218,0.0],[5.7425,58.9221,0.0],[5.7397,58.9232,1.2113],[5.7408,58.9243,0.739],[5.7503,58.9224,4.638],[5.7491,58.9263,1.3054],[5.7519,58.9263,0.0],[5.7536,58.929,6.2852],[5.7564,58.9296,0.0],[5.7542,58.9343,4.595],[5.7575,58.9393,0.0],[5.7575,58.941,0.0],[5.7542,58.9418,15.1387],[5.7558,58.944,0.0],[5.7553,58.9476,0.0],[5.7508,58.9482,1.9273],[5.7447,58.9518,1.5722],[5.7475,58.9538,8.0642],[5.7481,58.9524,1.9489],[5.7531,58.9515,0.0],[5.7653,58.9579,0.9681],[5.7686,58.9582,0.0],[5.7697,58.9621,0.0],[5.7681,58.9637,8.0562],[5.7697,58.9654,0.0],[5.7614,58.9676,3.9312],[5.7603,58.9699,1.7133],[5.7564,58.9712,3.5879],[5.7575,58.9726,0.0],[5.7519,58.9726,6.4466],[5.7519,58.9738,0.0],[5.7375,58.9729,0.789],[5.7314,58.9749,2.0859],[5.7275,58.9724,10.4348],[5.7169,58.9826,3.6434],[5.7075,58.9849,8.1112],[5.6853,58.9985,2.8474],[5.6781,58.9993,3.4153],[5.6736,58.9974,0.6812],[5.6642,58.9996,0.0],[5.6642,59.0035,0.0],[5.6569,59.0112,8.2412],[5.6403,59.0143,0.0],[5.6375,59.0157,0.0],[5.6375,59.0176,0.0],[5.6303,59.0179,8.7148],[5.6292,59.0199,0.0],[5.6192,59.0243,0.0],[5.6025,59.024,0.6191],[5.6014,59.0254,5.7821],[5.6036,59.0299,2.3729],[5.5903,59.0337,19.7802],[5.5853,59.0368,0.4919],[5.5786,59.036,0.0],[5.5786,59.0343,0.3881],[5.5758,59.0335,0.4899],[5.5736,59.0301,0.0],[5.5808,59.0307,0.603],[5.5775,59.0254,0.0],[5.5808,59.0238,2.3011],[5.5919,59.0226,0.4653],[5.5914,59.019,0.0],[5.5842,59.016,0.9993],[5.5769,59.016,0.7129],[5.5753,59.0168,0.7129],[5.5764,59.0199,0.0659],[5.5747,59.0199,0.0659],[5.5708,59.016,0.0752],[5.5631,59.0163,0.0],[5.5625,59.0149,0.107],[5.5675,59.0135,1.3764],[5.5658,59.0101,0.0],[5.5681,59.0099,0.452],[5.5703,59.0071,1.7434],[5.5686,59.0049,1.1108],[5.5636,59.0035,0.0],[5.5664,58.9987,0.0],[5.5703,58.9968,0.2999],[5.5669,58.9954,0.0],[5.5681,58.9912,1.4696],[5.5631,58.9907,0.0],[5.5603,58.9882,0.8601],[5.5608,58.9854,0.0],[5.5642,58.9849,0.0],[5.5631,58.9826,0.8132],[5.5647,58.9807,0.0],[5.5681,58.981,0.0],[5.5692,58.9832,2.493],[5.5764,58.981,1.713],[5.5947,58.9849,0.0],[5.6081,58.9851,1.1458],[5.6064,58.9796,1.4634],[5.6114,58.9757,0.0],[5.6003,58.9738,0.0],[5.5997,58.9724,1.0639],[5.5919,58.9704,0.0],[5.5903,58.9682,0.9979],[5.5981,58.9635,1.4774],[5.5969,58.9615,0.6372],[5.6086,58.9604,0.8805],[5.6075,58.9582,0.0],[5.6131,58.9596,2.4977],[5.6242,58.956,2.0313],[5.6258,58.9529,0.0],[5.6303,58.951,2.4683],[5.6308,58.9479,1.143],[5.6236,58.9485,0.9892],[5.6219,58.9471,0.0],[5.6281,58.9465,0.0],[5.6308,58.944,0.6513],[5.6363,58.9426,0.2267],[5.6375,58.9404,2.9551],[5.6358,58.9393,0.0],[5.6347,58.9346,0.0],[5.6392,58.9335,0.0],[5.6397,58.9315,0.0],[5.6464,58.9313,2.7829],[5.6647,58.9401,0.0],[5.6714,58.9415,0.0],[5.6769,58.9368,0.0],[5.6814,58.9354,0.0],[5.6853,58.9282,1.012],[5.6758,58.9263,0.2884],[5.6747,58.9226,0.9367],[5.6686,58.9199,2.6414],[5.6619,58.9193,0.0],[5.6625,58.9171,2.4828],[5.6703,58.914,0.2064],[5.6575,58.9143,0.0],[5.6625,58.9101,4.3671],[5.6547,58.9113,1.5305],[5.6525,58.9085,10.9531],[5.6453,58.9079,0.0],[5.6414,58.906,2.0604],[5.6403,58.9029,0.0],[5.6419,58.9021,7.2243],[5.6425,58.8988,1.3716],[5.6386,58.896,0.495],[5.6342,58.8957,1.4949],[5.6331,58.9007,0.0],[5.6281,58.9032,0.7958],[5.6264,58.9057,0.5161],[5.6181,58.9049,1.2525],[5.6158,58.9057,0.6033],[5.6158,58.9074,5.4431],[5.6253,58.914,0.0],[5.6258,58.929,0.1896],[5.6308,58.9276,0.7822],[5.6325,58.9238,4.651],[5.6347,58.9238,4.651],[5.6347,58.9257,2.7491],[5.6369,58.9263,0.6471],[5.6358,58.9282,2.0588],[5.6369,58.9299,3.8393],[5.6331,58.9299,8.4447],[5.6314,58.9321,0.0],[5.6208,58.9313,1.7483],[5.6164,58.9349,7.6672],[5.6186,58.9357,0.5727],[5.6258,58.9335,0.0],[5.6286,58.9346,1.7909],[5.6281,58.939,0.0],[5.6175,58.9421,0.0],[5.6064,58.9482,0.5221],[5.6108,58.9529,0.0],[5.6097,58.9574,0.0],[5.6036,58.9574,0.5043],[5.5853,58.9618,4.5492],[5.5808,58.961,0.2559],[5.5803,58.9588,2.4786],[5.5758,58.9588,0.0],[5.5753,58.956,4.862],[5.5692,58.9499,0.0],[5.5703,58.9476,2.2889],[5.5686,58.9443,0.3773],[5.5642,58.9418,0.0],[5.5703,58.9326,0.8571],[5.5781,58.931,0.0],[5.5781,58.929,1.3999],[5.5819,58.9276,2.3427],[5.5842,58.9276,0.0],[5.5847,58.9293,0.7599],[5.5903,58.9276,0.2831],[5.5975,58.9282,0.0],[5.5992,58.9304,0.0],[5.6014,58.9304,0.0],[5.6025,58.9296,0.354],[5.5997,58.9274,0.0],[5.6042,58.9279,0.0],[5.6047,58.9257,1.7335],[5.5953,58.9246,0.9902],[5.5953,58.9212,5.5838],[5.5897,58.921,1.006],[5.5797,58.9224,0.3389],[5.5781,58.9246,0.0],[5.5731,58.9251,2.1962],[5.5758,58.9226,4.0907],[5.5758,58.9207,1.7182],[5.5792,58.9204,2.8506],[5.5775,58.9179,0.8934],[5.5825,58.9179,5.3569],[5.5892,58.9121,2.5247],[5.5858,58.9101,1.7789],[5.5819,58.911,0.525],[5.5769,58.9076,0.1298],[5.5786,58.9026,0.3069],[5.5775,58.8993,0.0],[5.5792,58.8976,0.0],[5.5858,58.8965,0.0],[5.5864,58.8929,0.0],[5.5953,58.8929,0.5729],[5.6003,58.8913,1.6216],[5.6003,58.8899,0.7815],[5.6031,58.889,2.266],[5.6031,58.8829,1.2022],[5.6042,58.8826,1.2022],[5.5992,58.8763,0.5971],[5.5942,58.8771,0.0],[5.5908,58.8757,0.4724],[5.5903,58.8771,0.0],[5.5853,58.8774,0.0],[5.5803,58.8765,0.0],[5.5803,58.8754,3.3805],[5.5736,58.8754,6.693],[5.5692,58.8743,0.0],[5.5703,58.8707,1.8658],[5.5686,58.8696,2.3636],[5.5636,58.871,0.1692],[5.5614,58.8699,1.2319],[5.5625,58.8682,1.6877],[5.5614,58.8674,1.6877],[5.5564,58.8683,0.0],[5.5531,58.8665,1.9737],[5.5542,58.8643,0.0],[5.5586,58.864,1.34],[5.5575,58.8626,2.3195],[5.5597,58.861,0.7873],[5.5497,58.8599,8.9489],[5.5464,58.8574,0.0],[5.5458,58.8507,0.0],[5.5619,58.8449,2.7482],[5.5586,58.8363,1.0356],[5.5514,58.834,0.0],[5.5486,58.8301,0.0],[5.5492,58.8285,3.568],[5.5464,58.8276,0.0],[5.5414,58.8226,0.0],[5.5375,58.8224,0.0],[5.5381,58.8176,0.0],[5.5425,58.8154,0.0],[5.5419,58.8135,0.0],[5.5464,58.8126,0.4921],[5.5481,58.8065,0.0],[5.5475,58.7976,2.2486],[5.5414,58.7899,0.0],[5.5414,58.786,0.6081],[5.5336,58.7824,0.0],[5.5331,58.7788,1.3896],[5.5314,58.7779,4.4373],[5.5269,58.7776,1.0653],[5.5164,58.7713,2.7442],[5.5136,58.7721,0.0],[5.5119,58.7699,9.1321],[5.5014,58.766,1.8841],[5.5008,58.7624,1.5212],[5.4981,58.7613,0.0],[5.4931,58.7546,1.4895],[5.4881,58.7538,0.0],[5.4875,58.7515,0.0],[5.4925,58.7518,0.0],[5.4992,58.7493,0.6626],[5.4992,58.7468,0.0],[5.5047,58.7465,1.3657],[5.5119,58.7407,3.3421],[5.5142,58.7335,4.933],[5.5119,58.7321,0.1425],[5.5158,58.7315,0.8383],[5.5158,58.7296,0.0],[5.5203,58.7279,2.0036],[5.5197,58.7257,0.0],[5.5214,58.7235,0.0],[5.5214,58.7215,0.9474],[5.5192,58.721,0.0],[5.5203,58.7174,2.032],[5.5181,58.7096,0.101],[5.5225,58.7076,1.3801],[5.5236,58.7051,0.0],[5.5292,58.7051,0.2699],[5.5253,58.7024,0.0],[5.5331,58.7035,0.3489],[5.5347,58.7015,2.7687],[5.5314,58.7012,0.0],[5.5325,58.6996,0.1661],[5.5419,58.6971,2.3994],[5.5442,58.6932,0.0],[5.552,58.6902,0.0],[5.5525,58.6876,1.0188],[5.5497,58.6865,1.7256],[5.5492,58.6838,4.0913],[5.5381,58.6832,0.0],[5.5481,58.6813,1.0454],[5.5481,58.6793,1.1425],[5.5431,58.6771,0.0],[5.5447,58.6729,1.8859],[5.5408,58.669,0.1028],[5.5447,58.6693,0.5978],[5.5447,58.6671,1.3112],[5.5486,58.6638,0.0],[5.5531,58.6629,0.3022],[5.5531,58.6601,6.4311],[5.5503,58.6576,0.476],[5.5564,58.6557,3.6753],[5.5581,58.6529,0.0],[5.5658,58.6529,0.3156],[5.5653,58.6507,0.7859],[5.5725,58.6488,8.862],[5.5731,58.6443,0.308],[5.5869,58.6399,0.0],[5.5858,58.6351,0.097],[5.5869,58.6329,0.0],[5.6003,58.6201,0.0],[5.6036,58.6188,2.1872],[5.6281,58.5932,0.0],[5.6403,58.5849,0.6315],[5.6453,58.5779,2.8874],[5.6458,58.5743,0.0],[5.6514,58.5701,0.0],[5.6503,58.5657,0.1438],[5.6542,58.5635,1.8864],[5.6553,58.5588,0.896],[5.6619,58.5529,0.236],[5.6681,58.5493,0.4424],[5.6781,58.5483,0.1853],[5.6803,58.5471,0.1853],[5.6797,58.544,0.0],[5.6819,58.5415,0.0],[5.6919,58.5393,0.5048],[5.6925,58.5376,0.0],[5.6969,58.536,0.9205],[5.7242,58.5351,0.0],[5.7308,58.5374,0.0],[5.7397,58.5368,0.0],[5.7714,58.529,3.3475],[5.7736,58.5274,1.5818],[5.7736,58.5254,0.0],[5.7797,58.5235,1.9158],[5.7803,58.521,0.0],[5.7825,58.5196,0.3433],[5.7819,58.5182,0.0],[5.7903,58.5174,3.2248],[5.7908,58.5157,0.0],[5.7953,58.5143,3.3332],[5.7953,58.5099,5.9002],[5.7886,58.5085,0.0],[5.7892,58.5051,1.3154],[5.7847,58.5032,0.0],[5.7847,58.4987,1.761],[5.7825,58.4985,1.761],[5.7825,58.4968,0.5054],[5.7897,58.4946,0.3867],[5.7886,58.4915,0.0],[5.7931,58.4899,0.0],[5.8019,58.4899,1.0991],[5.8047,58.4871,0.6666],[5.8092,58.4876,0.0],[5.8086,58.4851,0.0],[5.8114,58.484,0.0],[5.8103,58.4824,0.0],[5.8114,58.4818,0.0],[5.8175,58.4804,0.0],[5.8164,58.4824,0.0],[5.8181,58.4826,0.0],[5.8181,58.4843,0.0],[5.8242,58.4843,2.2287],[5.8242,58.4821,0.0],[5.8219,58.4821,0.0],[5.8214,58.4799,0.0],[5.8269,58.4785,0.0],[5.8336,58.4818,0.5057],[5.8403,58.4807,0.0],[5.8419,58.4821,17.0293],[5.8442,58.4815,0.0],[5.8447,58.4785,0.0],[5.8469,58.4771,0.4368],[5.8464,58.4754,0.0],[5.8508,58.4746,0.735],[5.8536,58.4749,1.6346],[5.8536,58.4763,3.272],[5.8569,58.4757,1.8499],[5.8569,58.4801,5.6925],[5.8619,58.4787,0.0],[5.8653,58.4796,1.2542]]],
[[[5.7864,58.9615,5.6548],[5.7819,58.9629,0.4138],[5.7803,58.9607,1.724],[5.7808,58.959,0.0],[5.7853,58.9579,0.0],[5.7864,58.9615,5.6548]]],
[[[5.7053,58.5262,0.0],[5.7064,58.5282,0.2803],[5.7025,58.5282,0.0],[5.7036,58.526,0.0],[5.7053,58.5262,0.0]]],
[[[5.6519,58.9154,0.0],[5.6531,58.9165,0.0],[5.6519,58.9171,0.0],[5.6475,58.9165,0.0],[5.6497,58.9146,0.0],[5.6519,58.9154,0.0]]],
[[[5.5053,58.8246,0.886],[5.5069,58.8265,2.6375],[5.5036,58.8274,0.0],[5.5019,58.8238,0.3147],[5.5036,58.8238,0.886],[5.5053,58.8246,0.886]]],
[[[5.5514,58.8926,0.979],[5.5497,58.894,0.0],[5.5464,58.894,0.0],[5.5486,58.8918,0.0],[5.5514,58.8926,0.979]]],
[[[5.5153,58.9229,0.1385],[5.5142,58.9249,0.0],[5.5114,58.9251,0.0],[5.5069,58.9249,0.0],[5.5047,58.9229,0.8579],[5.5086,58.9199,0.0],[5.5086,58.916,3.0435],[5.4958,58.9176,0.2022],[5.4936,58.9193,0.0],[5.4897,58.9174,0.0],[5.4969,58.9151,0.0],[5.5025,58.9096,0.4287],[5.5142,58.9093,0.0],[5.5225,58.9135,0.0],[5.5253,58.9176,0.0],[5.5236,58.9218,0.6218],[5.5153,58.9229,0.1385]]],
[[[5.5758,58.9176,0.8934],[5.5736,58.9201,0.0],[5.5719,58.9196,2.7997],[5.5725,58.9179,3.0913],[5.5736,58.9174,0.8934],[5.5758,58.9176,0.8934]]],
[[[5.6464,58.9201,6.057],[5.6431,58.9221,0.0],[5.6442,58.9193,6.057],[5.6414,58.9179,8.1445],[5.6464,58.916,2.8311],[5.6475,58.9193,1.882],[5.6464,58.9201,6.057]]],
[[[5.6742,59.0257,0.5265],[5.6747,59.0274,0.0],[5.6708,59.0274,0.0],[5.6675,59.0265,1.0095],[5.6675,59.0246,0.0],[5.6731,59.0249,0.0],[5.6742,59.0257,0.5265]]],
[[[5.6836,59.0371,0.0],[5.6781,59.0379,7.076],[5.6697,59.0354,0.0],[5.6792,59.0318,0.0],[5.6842,59.0335,0.0],[5.6831,59.036,0.0],[5.6847,59.0371,0.0],[5.6836,59.0371,0.0]]],
[[[5.8131,58.9921,0.0],[5.8069,58.9932,7.6282],[5.8031,58.9888,5.4175],[5.8108,58.9865,1.0435],[5.8125,58.9893,2.0397],[5.8153,58.9896,0.263],[5.8131,58.9921,0.0]]],
[[[5.7536,59.0099,1.6536],[5.7525,59.0121,0.0],[5.7453,59.0121,0.0],[5.7353,59.011,0.0],[5.7336,59.0076,0.0],[5.7186,59.0085,0.0],[5.7186,59.0062,1.6168],[5.7147,59.0062,0.0],[5.7153,59.004,0.0],[5.7097,59.0029,1.6001],[5.7097,58.9924,7.9872],[5.7131,58.9901,0.0],[5.7158,58.9921,8.2153],[5.7269,58.9924,2.1907],[5.7225,58.9901,2.8342],[5.7225,58.9865,2.0764],[5.7192,58.9843,0.0],[5.7381,58.9818,2.0889],[5.7364,58.9801,0.6975],[5.7436,58.9807,0.0],[5.7392,58.9779,0.0],[5.7392,58.9757,1.7634],[5.7492,58.9749,0.0],[5.7503,58.9763,3.2263],[5.7469,58.9768,3.2263],[5.7469,58.9813,0.0],[5.7497,58.9829,1.4883],[5.7419,58.9854,2.3476],[5.7547,58.9907,0.0],[5.7531,58.996,0.0],[5.7581,58.9943,1.3493],[5.7614,58.991,0.6702],[5.7575,58.9882,0.7943],[5.7581,58.9868,0.0],[5.7614,58.9854,0.0],[5.7653,58.9874,0.8877],[5.7697,58.9854,0.0],[5.7719,58.9863,0.0],[5.7675,58.9885,1.8698],[5.7697,58.9907,0.0],[5.7681,58.9921,0.0],[5.7686,58.9971,0.0],[5.7608,58.9957,0.0],[5.7597,58.9971,0.0],[5.7614,58.999,0.0],[5.7569,58.9999,1.5072],[5.7531,58.9974,0.0],[5.7492,58.9982,5.1003],[5.7497,59.001,1.4682],[5.7464,59.0035,0.0],[5.7514,59.004,1.9203],[5.7508,59.0015,0.0],[5.7531,59.0004,0.0],[5.7581,59.0029,0.0],[5.7581,59.0043,0.0],[5.7542,59.0051,2.6699],[5.7519,59.0076,8.4037],[5.7536,59.0099,1.6536]]],
[[[5.7914,59.0015,5.4839],[5.7886,59.0051,4.8294],[5.7819,59.0029,1.1606],[5.7797,59.0004,0.0],[5.7814,58.9985,4.3635],[5.7808,58.9954,0.0],[5.7847,58.994,0.0],[5.7842,58.9912,0.0],[5.7864,58.989,1.2729],[5.7953,58.9896,0.0],[5.7908,58.9918,1.0407],[5.7908,58.9946,3.5104],[5.7931,58.9957,2.5249],[5.7914,59.0015,5.4839]]],
[[[5.7831,59.0046,2.5082],[5.7842,59.0062,3.6906],[5.7819,59.0074,0.0],[5.7803,59.004,1.7962],[5.7831,59.0046,2.5082]]],
[[[5.4914,58.9815,0.0],[5.4942,58.9815,0.0],[5.4953,58.9843,0.0],[5.4914,58.984,0.0],[5.4903,58.9818,0.0],[5.4914,58.9815,0.0]]],
[[[5.5275,59.036,0.0],[5.5219,59.0371,0.0],[5.5192,59.0354,0.0],[5.5292,59.0346,2.3034],[5.5275,59.036,0.0]]],
[[[5.4669,59.0546,0.0],[5.4636,59.056,0.0],[5.4619,59.0537,1.0035],[5.4653,59.0535,0.0],[5.4669,59.0546,0.0]]],
[[[5.6825,59.039,0.0],[5.6814,59.0407,0.0],[5.6792,59.0401,0.0],[5.6814,59.0379,0.8838],[5.6825,59.039,0.0]]],
[[[5.6764,59.041,0.0],[5.6753,59.0424,0.0],[5.6714,59.0421,0.0],[5.6725,59.0404,0.0],[5.6764,59.041,0.0]]],
[[[5.6169,59.0501,0.0],[5.6186,59.0501,0.0],[5.6225,59.0526,0.0],[5.6142,59.0515,0.0],[5.6169,59.0501,0.0]]],
[[[5.7186,59.059,1.1351],[5.7131,59.0604,1.6508],[5.7131,59.0588,1.6508],[5.7103,59.0574,5.8572],[5.7153,59.0557,2.6347],[5.7181,59.0565,0.0],[5.7186,59.059,1.1351]]],
[[[5.6003,59.1082,2.3189],[5.5897,59.109,0.0],[5.5847,59.1074,0.0],[5.5842,59.1057,0.3649],[5.5731,59.1057,0.0],[5.5703,59.1035,1.8137],[5.5647,59.1037,0.0],[5.5658,59.1021,0.5349],[5.5731,59.1015,0.2396],[5.5775,59.0988,0.537],[5.5836,59.099,4.9915],[5.5825,59.0968,10.2284],[5.5703,59.1007,0.0],[5.5675,59.1004,1.6028],[5.5669,59.0974,0.0],[5.5647,59.0974,0.0926],[5.5614,59.1013,0.0],[5.5592,59.0999,0.9319],[5.5614,59.0988,0.5174],[5.5614,59.0962,0.1872],[5.5669,59.096,0.5335],[5.5703,59.0938,2.9164],[5.5708,59.0913,2.256],[5.5647,59.0882,0.0],[5.5653,59.0874,0.2249],[5.5736,59.0893,23.9856],[5.5742,59.0879,15.886],[5.5714,59.0865,0.3687],[5.5803,59.0826,0.7543],[5.5881,59.0835,0.0],[5.5981,59.0899,0.1169],[5.5931,59.0918,3.4057],[5.5931,59.0938,0.6801],[5.5947,59.0946,0.0],[5.5942,59.0971,0.6015],[5.5892,59.0971,1.2776],[5.5858,59.099,1.9265],[5.5881,59.1018,0.0],[5.5925,59.1024,4.6378],[5.5942,59.0976,0.6015],[5.6003,59.0968,0.0],[5.5969,59.0954,0.2134],[5.5975,59.0926,0.0],[5.6019,59.096,0.0],[5.6119,59.0932,0.0],[5.6131,59.0907,1.5775],[5.6075,59.086,0.4294],[5.6097,59.0854,13.8459],[5.6092,59.0821,16.109],[5.6119,59.0788,0.0],[5.6175,59.0785,2.9912],[5.6153,59.0768,0.3378],[5.6203,59.0751,0.5477],[5.6203,59.0729,0.0],[5.6269,59.0749,0.5706],[5.6303,59.0732,0.0],[5.6386,59.0743,2.1687],[5.6431,59.0721,3.0694],[5.6414,59.0704,4.9102],[5.6425,59.0682,0.0],[5.6636,59.0701,0.0],[5.6669,59.0751,0.0],[5.6697,59.0765,0.0],[5.6775,59.0757,1.529],[5.6747,59.0743,1.4485],[5.6747,59.0713,7.8748],[5.6725,59.0696,2.2691],[5.6647,59.0671,1.4745],[5.6653,59.0643,1.1327],[5.6703,59.0615,0.0],[5.6764,59.0624,10.0675],[5.6758,59.0568,2.1449],[5.6386,59.0549,0.0],[5.6403,59.0515,0.0],[5.6453,59.0518,0.0],[5.6575,59.0485,0.0],[5.6664,59.049,5.4927],[5.6675,59.0476,7.2884],[5.6658,59.0462,0.0],[5.6675,59.0449,1.0368],[5.6664,59.0443,1.0368],[5.6592,59.0457,0.0],[5.6492,59.0451,4.9584],[5.6464,59.046,1.9726],[5.6469,59.0479,2.3483],[5.6442,59.0493,0.0],[5.6331,59.0501,2.5436],[5.6314,59.0524,0.0],[5.6247,59.0529,0.0],[5.6297,59.051,1.3643],[5.6264,59.049,0.0],[5.6275,59.0474,0.9136],[5.6258,59.0465,0.0],[5.6275,59.0435,0.0],[5.6308,59.0418,3.515],[5.6292,59.0396,5.7851],[5.6364,59.0363,1.1879],[5.6381,59.0349,4.1007],[5.6375,59.0329,1.2514],[5.6403,59.0315,0.0],[5.6464,59.034,12.1606],[5.6581,59.0321,0.0],[5.6592,59.0354,0.9363],[5.6664,59.0368,0.0],[5.6692,59.0449,1.0368],[5.6764,59.0465,0.0],[5.6758,59.0479,2.9026],[5.6714,59.0476,2.3499],[5.6714,59.049,2.785],[5.6742,59.0499,0.0],[5.6853,59.0468,0.0],[5.6819,59.046,0.0],[5.6831,59.0412,0.0],[5.6892,59.0382,9.035],[5.6931,59.034,2.3556],[5.7042,59.031,0.0],[5.7158,59.0349,0.0],[5.7347,59.0376,3.3181],[5.7453,59.0368,0.0],[5.7475,59.036,5.0432],[5.7464,59.0343,0.7269],[5.7503,59.034,0.7269],[5.7503,59.0357,5.0432],[5.7653,59.0382,0.0],[5.7764,59.0421,1.1763],[5.7775,59.0482,0.0],[5.7753,59.0493,0.0],[5.7464,59.0493,0.1956],[5.7392,59.0479,1.4547],[5.7314,59.0499,4.7002],[5.7281,59.0485,1.2782],[5.7247,59.0415,9.3125],[5.7214,59.0399,1.4837],[5.7136,59.0379,0.6862],[5.7036,59.0388,0.0],[5.7003,59.0401,0.5895],[5.7014,59.0407,0.0],[5.7008,59.0454,1.2383],[5.6786,59.0493,0.0],[5.6792,59.0532,1.2609],[5.6764,59.0554,0.9074],[5.6792,59.0615,0.0],[5.6964,59.0576,4.3352],[5.7064,59.0629,1.0361],[5.7069,59.0674,1.863],[5.7036,59.0685,11.1945],[5.7031,59.0713,0.2739],[5.7003,59.0735,0.5472],[5.6869,59.076,0.0],[5.6864,59.0779,0.7121],[5.6797,59.0779,3.8181],[5.6808,59.0807,0.0],[5.6769,59.0826,0.0],[5.6764,59.086,0.0],[5.6603,59.0901,2.1622],[5.6531,59.094,0.0],[5.6486,59.0938,0.0],[5.6464,59.0962,1.348],[5.6386,59.099,0.0],[5.6225,59.1007,0.0],[5.6125,59.0982,13.4301],[5.6064,59.0985,1.2581],[5.6031,59.1004,2.814],[5.6075,59.1026,0.0],[5.6081,59.1046,0.9418],[5.6036,59.1079,0.6773],[5.6003,59.1082,2.3189]]],
[[[5.6086,59.1418,0.0],[5.6097,59.1432,0.0],[5.6081,59.1437,7.8776],[5.6053,59.1415,1.3326],[5.6003,59.1424,0.0],[5.5986,59.1387,14.7727],[5.5864,59.1401,0.0],[5.5836,59.1335,0.0],[5.5958,59.1251,6.7705],[5.5875,59.1265,10.8106],[5.5842,59.129,0.0],[5.5736,59.1296,0.0],[5.5719,59.1285,0.3874],[5.5736,59.1268,4.3317],[5.5731,59.1246,1.615],[5.5658,59.1246,0.0],[5.5642,59.1226,0.0],[5.5703,59.1201,0.0],[5.5703,59.1188,0.0],[5.5747,59.1171,4.2756],[5.5758,59.1151,0.0],[5.5831,59.114,0.8126],[5.5853,59.1151,0.2484],[5.5797,59.1179,0.0],[5.5903,59.1165,0.0],[5.5925,59.1185,0.0],[5.6014,59.1196,0.4324],[5.5964,59.1215,1.9103],[5.6003,59.1221,12.7921],[5.6158,59.1171,9.1119],[5.6225,59.1132,0.0],[5.6247,59.1099,0.0],[5.6347,59.1071,11.7863],[5.6458,59.1065,15.1175],[5.6486,59.1037,0.0],[5.6619,59.1018,12.0867],[5.6731,59.0968,0.0],[5.6881,59.0968,0.0],[5.6925,59.0954,0.0],[5.7008,59.0976,0.3727],[5.7025,59.0929,9.7881],[5.7003,59.0904,0.8531],[5.7003,59.0874,2.825],[5.7231,59.0799,1.1558],[5.7292,59.074,0.0],[5.7364,59.0726,60.999],[5.7431,59.0693,0.0],[5.7592,59.0676,0.0],[5.7647,59.0701,2.4491],[5.7692,59.0701,0.0],[5.7753,59.0743,6.2416],[5.7825,59.0762,0.0],[5.7847,59.0799,7.4915],[5.7792,59.0863,0.0],[5.7819,59.0901,0.0],[5.7775,59.0946,0.7404],[5.7825,59.0962,0.0],[5.7847,59.0999,5.4135],[5.7803,59.1021,0.0],[5.7831,59.1082,0.0],[5.7742,59.1126,8.8906],[5.7764,59.1149,1.2241],[5.7753,59.1165,0.0],[5.7697,59.1171,0.0],[5.7692,59.1188,0.0],[5.7647,59.119,6.6055],[5.7614,59.1218,8.5645],[5.7442,59.1257,0.0],[5.7164,59.1266,2.0829],[5.7125,59.1254,1.0307],[5.7136,59.1226,0.0],[5.7164,59.1218,0.8447],[5.7153,59.1207,0.0],[5.7097,59.1207,1.3823],[5.7081,59.1215,3.8644],[5.7086,59.124,0.0],[5.7069,59.124,0.0],[5.7075,59.1193,5.2154],[5.6992,59.1162,0.454],[5.6953,59.1199,0.3136],[5.6831,59.1218,7.5945],[5.6825,59.1235,0.1486],[5.6642,59.1257,1.3907],[5.6575,59.1293,0.7483],[5.6519,59.1282,10.5472],[5.6447,59.1293,0.5891],[5.6453,59.1324,0.0],[5.6436,59.1335,0.0],[5.6453,59.1354,0.0549],[5.6436,59.1368,0.0],[5.6419,59.1368,0.0713],[5.6431,59.1349,0.4511],[5.6397,59.134,0.4617],[5.6375,59.1307,1.7403],[5.6292,59.1304,2.9269],[5.6281,59.129,0.0],[5.6219,59.1318,0.1821],[5.6114,59.1329,2.3178],[5.6114,59.1343,0.473],[5.6075,59.1351,1.6474],[5.6086,59.1385,0.0],[5.6058,59.1399,11.6001],[5.6058,59.1413,1.3326],[5.6086,59.1418,0.0]]],
[[[5.6825,59.1526,4.3482],[5.6853,59.154,0.0],[5.6747,59.1538,0.5194],[5.6769,59.1515,0.0],[5.6825,59.1526,4.3482]]],
[[[5.7242,59.1571,0.0],[5.7247,59.1585,0.0],[5.7219,59.1585,0.6138],[5.7225,59.156,0.3163],[5.7242,59.1557,0.0],[5.7242,59.1571,0.0]]],
[[[5.6042,59.086,0.3082],[5.6042,59.0882,0.3873],[5.5997,59.0871,0.0],[5.6014,59.0857,0.0],[5.6042,59.086,0.3082]]],
[[[5.5703,59.1082,0.1909],[5.5647,59.1093,0.0],[5.5597,59.1065,0.9094],[5.5686,59.1057,0.5902],[5.5714,59.1065,0.0],[5.5703,59.1082,0.1909]]],
[[[5.5108,59.2101,1.6169],[5.5125,59.2124,0.6085],[5.5097,59.2126,4.2696],[5.5081,59.2093,2.1573],[5.5053,59.2082,0.2754],[5.5047,59.2032,0.0],[5.5064,59.2024,0.0],[5.5053,59.2018,0.0],[5.5086,59.2012,0.0],[5.5086,59.2026,0.7024],[5.5125,59.2043,0.0],[5.5108,59.2054,0.0],[5.5092,59.204,3.9269],[5.5075,59.2065,1.0613],[5.5108,59.2101,1.6169]]],
[[[5.5553,59.234,0.3936],[5.5542,59.2374,3.4327],[5.5514,59.2374,1.1184],[5.5481,59.2349,2.2262],[5.5503,59.2318,0.0],[5.5564,59.2332,0.81],[5.5553,59.234,0.3936]]],
[[[5.7325,59.1671,0.0],[5.7286,59.1685,3.9149],[5.7264,59.1654,0.0],[5.7375,59.1646,1.8933],[5.7325,59.1671,0.0]]],
[[[5.7392,59.169,0.3437],[5.7358,59.1701,0.1649],[5.7336,59.1676,0.0],[5.7375,59.1671,0.0],[5.7392,59.169,0.3437]]],
[[[5.7014,59.1712,0.0],[5.7025,59.1726,0.0],[5.7003,59.1732,0.6462],[5.6975,59.171,0.2028],[5.7008,59.1707,0.1183],[5.7014,59.1712,0.0]]],
[[[5.6964,59.1729,1.3328],[5.6992,59.1735,0.6462],[5.6992,59.1749,0.0],[5.6936,59.1738,0.0],[5.6942,59.1724,0.0],[5.6964,59.1729,1.3328]]],
[[[5.7047,59.1751,0.0],[5.7064,59.1774,0.0],[5.7014,59.1757,1.0399],[5.7031,59.1749,0.0],[5.7047,59.1751,0.0]]],
[[[5.6642,59.2632,0.0],[5.6653,59.264,0.0],[5.6619,59.2646,3.1051],[5.6586,59.2624,0.0],[5.6631,59.2618,0.0],[5.6642,59.2632,0.0]]],
[[[5.6281,59.2751,0.0],[5.6292,59.2757,0.0],[5.6236,59.276,0.0],[5.6258,59.2738,0.8771],[5.6253,59.2713,0.0],[5.6303,59.2724,0.0],[5.6281,59.2751,0.0]]],
[[[5.7047,59.2801,0.0],[5.7064,59.2824,0.0],[5.7031,59.2826,0.0],[5.7008,59.2796,0.0],[5.7025,59.2793,0.0],[5.7047,59.2801,0.0]]],
[[[5.5553,59.2393,0.4473],[5.5569,59.2399,0.4473],[5.5542,59.2404,0.2581],[5.5514,59.2385,1.1184],[5.5536,59.2382,3.4327],[5.5553,59.2393,0.4473]]],
[[[5.5531,59.241,0.8472],[5.5547,59.2421,0.0],[5.5525,59.2424,0.0],[5.5486,59.2399,0.0],[5.5514,59.2396,0.0],[5.5531,59.241,0.8472]]],
[[[5.5658,59.2465,4.3918],[5.5669,59.2476,4.5128],[5.5636,59.2482,17.4664],[5.5564,59.2457,0.0],[5.5631,59.2432,0.0],[5.5658,59.2449,1.3878],[5.5658,59.2465,4.3918]]],
[[[5.5764,59.2524,7.906],[5.5775,59.2529,7.906],[5.5731,59.2529,3.6086],[5.5714,59.2504,0.0],[5.5736,59.2504,0.0],[5.5764,59.2524,7.906]]],
[[[5.8936,59.1304,0.0],[5.8953,59.1335,0.0],[5.8914,59.1332,0.0],[5.8919,59.1307,0.0],[5.8936,59.1304,0.0]]],
[[[5.8864,59.1349,0.0],[5.8825,59.1365,4.0825],[5.8842,59.1329,4.6227],[5.8886,59.1332,0.0911],[5.8864,59.1349,0.0]]],
[[[5.9303,59.1582,4.9584],[5.9236,59.1596,4.2318],[5.9225,59.1574,17.7924],[5.9181,59.1579,1.2643],[5.9147,59.1551,25.811],[5.9053,59.1551,0.0],[5.9069,59.1532,31.6673],[5.9025,59.1527,0.0],[5.9014,59.1485,29.5509],[5.8986,59.1479,29.5509],[5.8964,59.1446,0.0],[5.8975,59.1413,19.0721],[5.8958,59.1401,0.0],[5.8997,59.1371,21.9407],[5.9003,59.1312,0.0],[5.8964,59.1315,4.4014],[5.8953,59.1296,3.9072],[5.8964,59.1288,3.9072],[5.8914,59.1285,9.3472],[5.8853,59.1312,0.0],[5.8814,59.1312,1.1915],[5.8792,59.1285,0.0],[5.8808,59.1263,5.8422],[5.8753,59.1254,8.3806],[5.8769,59.1218,0.5495],[5.8792,59.1207,0.5495],[5.8781,59.1176,1.4638],[5.8858,59.1165,0.0],[5.8886,59.1212,11.7147],[5.8903,59.1212,4.4981],[5.8942,59.1174,3.3627],[5.8914,59.1157,0.0],[5.8908,59.1124,1.8967],[5.8881,59.1113,0.0],[5.8908,59.1104,4.3497],[5.8947,59.1126,0.0],[5.8953,59.116,0.3707],[5.8981,59.1165,0.0],[5.8997,59.119,3.724],[5.9086,59.1179,2.2264],[5.9097,59.1185,0.0],[5.9092,59.1212,1.3873],[5.9153,59.1201,0.0],[5.9181,59.1226,8.2515],[5.9286,59.1221,0.0],[5.9292,59.1232,0.0],[5.9264,59.1249,6.9189],[5.9336,59.1263,0.0],[5.9386,59.1329,3.1487],[5.9458,59.1312,0.3803],[5.9492,59.1332,1.2601],[5.9492,59.1371,0.5868],[5.9447,59.1365,7.3841],[5.9431,59.1382,3.6161],[5.9519,59.1376,3.0447],[5.9531,59.139,0.0],[5.9403,59.1471,0.0],[5.9364,59.1532,4.227],[5.9303,59.1582,4.9584]]],
[[[5.8942,59.1365,1.385],[5.8936,59.1401,10.2959],[5.8903,59.1396,5.6942],[5.8903,59.1374,4.3383],[5.8942,59.1365,1.385]]],
[[[5.8136,59.1207,0.6797],[5.8097,59.1218,3.7882],[5.8069,59.1215,3.7882],[5.8103,59.1199,0.0],[5.8136,59.1207,0.6797]]],
[[[5.7419,59.161,2.0312],[5.7331,59.1621,0.0],[5.7325,59.1596,0.0],[5.7431,59.1599,0.0],[5.7419,59.161,2.0312]]],
[[[5.7414,59.1654,0.0],[5.7431,59.1657,0.6081],[5.7436,59.1679,0.3895],[5.7386,59.1671,0.0],[5.7414,59.1654,0.0]]],
[[[5.8147,59.2065,0.0],[5.8181,59.2068,0.0],[5.8181,59.2079,0.4333],[5.8131,59.2085,5.7148],[5.8108,59.2057,0.5616],[5.8125,59.2054,0.0],[5.8147,59.2065,0.0]]],
[[[5.8703,59.1565,4.4528],[5.8681,59.1582,6.046],[5.8631,59.1579,2.9408],[5.8625,59.156,9.4085],[5.8581,59.1549,2.7265],[5.8558,59.151,0.0],[5.8647,59.1493,0.0],[5.8636,59.1504,0.0],[5.8719,59.1532,0.0],[5.8725,59.1554,0.0],[5.8703,59.1565,4.4528]]],
[[[5.8353,59.1999,0.8382],[5.8247,59.2007,0.0],[5.8158,59.1971,0.0],[5.8169,59.1937,39.7484],[5.8091,59.1921,0.0],[5.8092,59.1907,0.0],[5.8114,59.1901,0.0],[5.8092,59.1879,0.0],[5.8103,59.1854,7.4411],[5.8036,59.184,0.0],[5.8019,59.1815,5.8061],[5.8025,59.1782,2.2353],[5.8103,59.1712,4.0495],[5.8069,59.1704,3.3868],[5.8058,59.1674,0.0],[5.7986,59.1671,0.0],[5.7975,59.164,0.0],[5.7864,59.1696,11.3633],[5.7858,59.1729,6.9455],[5.7797,59.1751,16.1919],[5.7797,59.1768,0.0],[5.7736,59.1765,0.1989],[5.7714,59.1729,3.0092],[5.7775,59.1718,2.0659],[5.7786,59.1674,2.0029],[5.7753,59.164,0.8318],[5.7747,59.1596,0.1156],[5.7719,59.1587,3.1996],[5.7719,59.1565,1.3921],[5.7725,59.1543,1.5226],[5.7764,59.154,2.3789],[5.7758,59.1515,0.0],[5.7803,59.1474,4.663],[5.7775,59.146,0.0],[5.7858,59.1421,6.694],[5.7897,59.1432,10.6473],[5.7969,59.1382,0.0],[5.8119,59.1418,1.3717],[5.8164,59.141,0.9151],[5.8203,59.1429,12.9879],[5.8281,59.1382,0.0],[5.8292,59.1404,0.0],[5.8353,59.1387,0.0],[5.8381,59.1404,0.0],[5.8419,59.1399,0.0],[5.8436,59.1415,1.3221],[5.8408,59.1432,3.7556],[5.8475,59.1451,0.0],[5.8481,59.1463,0.0],[5.8453,59.1488,4.4264],[5.8486,59.1493,0.0],[5.8475,59.1512,0.0],[5.8519,59.1504,0.0],[5.8542,59.1535,1.2492],[5.8531,59.1557,0.3928],[5.8558,59.1582,1.4003],[5.8636,59.1596,0.0],[5.8664,59.1613,0.0],[5.8653,59.1626,1.8354],[5.8725,59.1618,0.0],[5.8758,59.1629,0.0],[5.8803,59.1665,0.0],[5.8775,59.1693,0.0],[5.8797,59.1721,3.1977],[5.8797,59.1751,8.9926],[5.8747,59.1871,0.0],[5.8569,59.189,7.502],[5.8486,59.1924,1.8957],[5.8458,59.1949,4.0518],[5.8458,59.1968,3.6229],[5.8403,59.1974,0.9636],[5.8353,59.1999,0.8382]]],
[[[5.9253,59.1715,0.0],[5.9275,59.1715,0.0],[5.9275,59.1732,0.0],[5.9242,59.1746,0.0],[5.9236,59.1738,0.0],[5.9253,59.1715,0.0]]],
[[[5.8519,59.2343,2.1539],[5.8481,59.2354,15.8444],[5.8414,59.2335,17.6351],[5.8397,59.2318,0.362],[5.8425,59.2271,1.8542],[5.8386,59.2254,3.7624],[5.8364,59.2287,11.3699],[5.8192,59.2279,10.157],[5.8131,59.2296,7.4997],[5.8147,59.231,0.0],[5.8069,59.2324,0.0],[5.8031,59.2313,5.4984],[5.7975,59.2337,12.2667],[5.7925,59.2332,10.3944],[5.7919,59.231,4.8876],[5.8058,59.2238,6.8197],[5.8219,59.2232,0.0],[5.8231,59.2215,0.0],[5.8319,59.2207,10.3177],[5.8392,59.2215,0.0],[5.8403,59.224,0.0],[5.8419,59.224,13.0788],[5.8481,59.2204,0.0],[5.8492,59.2226,0.0],[5.8481,59.2246,3.3748],[5.8547,59.2263,0.0],[5.8536,59.2282,1.2887],[5.8581,59.2324,0.0],[5.8519,59.2343,2.1539]]],
[[[5.8058,59.209,0.8325],[5.8047,59.2115,0.0],[5.8019,59.2107,0.2777],[5.8042,59.2068,0.0],[5.8069,59.2076,0.0],[5.8058,59.209,0.8325]]],
[[[5.7897,59.2279,0.7088],[5.7864,59.2271,2.1828],[5.7864,59.229,1.4694],[5.7836,59.2296,0.3816],[5.7831,59.2274,0.5975],[5.7803,59.2274,0.0],[5.7792,59.2257,6.4413],[5.7886,59.2246,0.0],[5.7919,59.2265,0.4833],[5.7897,59.2279,0.7088]]],
[[[5.8347,59.2701,21.9772],[5.8292,59.2713,7.3592],[5.8236,59.269,0.0],[5.8247,59.2671,4.1849],[5.8219,59.2665,0.0],[5.8219,59.2618,6.9983],[5.8147,59.2637,3.2182],[5.8092,59.2629,2.8977],[5.8069,59.2646,2.4034],[5.8019,59.2621,6.2944],[5.7942,59.2632,3.0482],[5.7925,59.2621,0.407],[5.7931,59.259,1.7944],[5.7969,59.2576,0.0],[5.7919,59.2529,10.832],[5.7892,59.2529,14.3571],[5.7864,59.2565,3.9453],[5.7831,59.2562,8.4207],[5.7819,59.2546,0.7157],[5.7836,59.2535,0.0],[5.7836,59.2499,0.0],[5.7875,59.2501,6.4225],[5.7864,59.2479,0.0],[5.7897,59.2471,10.5852],[5.7903,59.2446,0.5939],[5.7964,59.2446,0.0],[5.7981,59.2421,1.9405],[5.8053,59.2393,0.0],[5.8075,59.2418,0.0],[5.8186,59.2421,0.0],[5.8197,59.2404,0.0],[5.8186,59.2371,0.2942],[5.8281,59.2357,6.649],[5.8303,59.2365,0.0],[5.8303,59.2385,1.9652],[5.8336,59.2396,2.509],[5.8336,59.2435,7.6179],[5.8225,59.2449,8.646],[5.8175,59.2432,0.0],[5.8142,59.2446,0.0],[5.8164,59.246,0.0],[5.8181,59.2504,2.3809],[5.8236,59.2501,0.0],[5.8281,59.2535,0.0],[5.8369,59.2551,0.0],[5.8381,59.2579,0.0],[5.8414,59.259,0.0],[5.8386,59.2618,11.7196],[5.8419,59.2624,0.0],[5.8419,59.2637,0.0],[5.8347,59.2701,21.9772]]],
[[[5.8081,59.2676,0.3695],[5.8069,59.2676,0.3695],[5.8075,59.2651,2.4034],[5.8097,59.2651,2.4034],[5.8114,59.2687,0.4497],[5.8081,59.2682,0.3695],[5.8081,59.2676,0.3695]]],
[[[5.4425,58.8857,0.0],[5.4425,58.8876,0.0],[5.4403,58.889,0.0],[5.4347,58.8893,0.0],[5.4358,58.8865,0.1788],[5.4331,58.8862,0.0],[5.4336,58.8851,1.9151],[5.4308,58.8824,0.0],[5.4314,58.879,0.0],[5.4292,58.8779,0.0],[5.4364,58.8776,0.3873],[5.4364,58.8807,0.54],[5.4403,58.8821,0.0],[5.4425,58.8857,0.0]]],
[[[5.4492,58.8899,0.0],[5.4508,58.8904,0.0],[5.4508,58.8921,0.0],[5.4475,58.8929,0.0],[5.4431,58.8907,0.0],[5.4425,58.8887,0.0],[5.4447,58.8882,0.0],[5.4492,58.8899,0.0]]],
[[[5.4342,58.9365,0.0],[5.4331,58.9393,0.0],[5.4292,58.9396,0.0],[5.4308,58.9379,0.0],[5.4303,58.9357,0.7443],[5.4342,58.9351,0.0],[5.4342,58.9365,0.0]]],
[[[5.4486,58.9432,0.8427],[5.4442,58.9443,0.0],[5.4436,58.9424,0.0],[5.4481,58.941,0.0],[5.4503,58.9421,0.0],[5.4486,58.9432,0.8427]]],
[[[5.5575,58.9201,0.8285],[5.5597,58.9199,0.0],[5.5592,58.9221,0.0],[5.5547,58.9221,0.0],[5.5553,58.921,3.2359],[5.5575,58.9201,0.8285]]],
[[[5.4858,58.9388,1.4447],[5.4892,58.9407,0.0],[5.4831,58.9407,0.0],[5.4831,58.939,0.5859],[5.4858,58.9388,1.4447]]],
[[[5.4831,58.9418,0.0],[5.4842,58.9449,0.6247],[5.4831,58.946,0.0],[5.4786,58.9443,0.0173],[5.4808,58.9418,0.0],[5.4831,58.9418,0.0]]],
[[[5.4619,58.9482,1.8447],[5.4642,58.9518,0.5445],[5.4581,58.9518,0.1966],[5.4547,58.9449,0.0],[5.4603,58.9454,0.0],[5.4614,58.9468,0.6134],[5.4597,58.9479,4.3],[5.4619,58.9482,1.8447]]],
[[[5.4719,58.9526,0.0542],[5.4736,58.954,0.2716],[5.4731,58.9554,0.2716],[5.4697,58.9538,0.5671],[5.4703,58.9521,0.0542],[5.4719,58.9526,0.0542]]],
[[[5.5047,58.9557,0.7849],[5.5064,58.9574,0.9461],[5.5014,58.9565,1.1244],[5.5019,58.9549,0.0],[5.5047,58.9557,0.7849]]],
[[[5.4803,58.9601,0.0],[5.4819,58.9613,0.0],[5.4781,58.9613,0.1143],[5.4757999999999996,58.9596,0.0],[5.4786,58.9593,0.0],[5.4803,58.9601,0.0]]],
[[[5.4986,58.9815,0.2495],[5.5003,58.9837,0.0],[5.4981,58.984,0.3268],[5.4936,58.9804,0.0],[5.4958,58.9801,0.0],[5.4986,58.9815,0.2495]]],
[[[5.4514,58.9512,0.0],[5.4464,58.9504,0.0],[5.4492,58.949,0.6209],[5.4492,58.9474,0.0],[5.4531,58.9463,0.0],[5.4536,58.9485,1.2662],[5.4514,58.9512,0.0]]],
[[[5.4414,58.9482,1.362],[5.4425,58.9515,4.7192],[5.4325,58.9504,1.1879],[5.4292,58.9476,0.0],[5.4336,58.9463,0.0],[5.4414,58.9482,1.362]]],
[[[5.4069,59.0104,0.0],[5.4064,59.0121,0.0],[5.4025,59.0118,0.0],[5.4025,59.0107,0.0],[5.4069,59.0104,0.0]]],
[[[5.4236,59.0301,0.0],[5.4258,59.029,0.1283],[5.4281,59.0318,0.0],[5.4258,59.0318,0.3564],[5.4236,59.0301,0.0]]],
[[[5.3881,59.0057,0.7486],[5.3897,59.0085,2.9915],[5.3892,59.0118,2.5665],[5.3853,59.0104,1.1516],[5.3836,59.0051,0.0],[5.3881,59.0057,0.7486]]],
[[[5.3753,59.0118,0.0],[5.3764,59.0129,0.0],[5.3753,59.0135,1.5859],[5.3708,59.0115,0.5187],[5.3658,59.0121,0.0],[5.3658,59.0068,0.0],[5.3681,59.0071,0.6786],[5.3753,59.0118,0.0]]],
[[[5.3725,59.019,0.0],[5.3731,59.0218,0.0],[5.3686,59.0215,0.0],[5.3703,59.0187,0.0],[5.3725,59.019,0.0]]],
[[[5.4031,59.0349,0.0],[5.4042,59.0385,0.0],[5.3947,59.036,0.3588],[5.3931,59.0288,0.0],[5.3964,59.029,1.813],[5.3969,59.0321,2.2442],[5.4008,59.0324,0.9263],[5.4031,59.0349,0.0]]],
[[[5.4481,59.0407,1.6626],[5.4458,59.0382,0.0],[5.4514,59.0415,1.0132],[5.4525,59.0449,2.2687],[5.4508,59.044,0.0],[5.4481,59.0407,1.6626]]],
[[[5.4058,59.0443,0.0],[5.3953,59.0438,1.8091],[5.3953,59.039,0.9987],[5.3997,59.0418,0.0],[5.4064,59.0399,0.0],[5.4047,59.0426,0.0],[5.4075,59.0426,0.0],[5.4086,59.0443,0.0],[5.4058,59.0443,0.0]]],
[[[5.4036,59.0465,0.0],[5.4008,59.0488,3.8937],[5.3975,59.0482,0.0],[5.3992,59.0462,0.0],[5.4036,59.0465,0.0]]],
[[[5.4142,59.0515,0.0],[5.4136,59.0532,1.1419],[5.4108,59.0515,0.0],[5.4103,59.0462,0.4807],[5.4175,59.051,0.0],[5.4142,59.0515,0.0]]],
[[[5.4592,59.0504,1.0331],[5.4608,59.0529,1.0035],[5.4569,59.0526,0.5834],[5.4525,59.0479,0.6958],[5.4542,59.0476,0.0],[5.4592,59.0504,1.0331]]],
[[[5.4192,59.0532,0.0],[5.4203,59.0549,0.3284],[5.4192,59.0563,0.0],[5.4158,59.054,0.0],[5.4175,59.0526,0.56],[5.4192,59.0532,0.0]]],
[[[5.4392,59.0551,0.0],[5.4369,59.059,0.0],[5.4353,59.0588,0.0],[5.4353,59.0551,0.553],[5.4392,59.0551,0.0]]],
[[[5.3986,59.0507,0.6253],[5.4019,59.0485,1.0611],[5.4075,59.0488,0.0],[5.4069,59.0513,0.0],[5.4103,59.056,0.2651],[5.4136,59.0576,1.7818],[5.4186,59.0571,1.3891],[5.4181,59.0604,1.26],[5.4225,59.0646,1.048],[5.4236,59.0621,0.428],[5.4264,59.0615,1.0419],[5.4225,59.0568,1.4991],[5.4236,59.0554,0.0],[5.4292,59.0585,2.1102],[5.4281,59.0612,3.013],[5.4292,59.0643,1.1229],[5.4308,59.0638,3.1131],[5.4308,59.0618,0.0],[5.4331,59.0618,0.0],[5.4342,59.0654,0.0],[5.4364,59.0663,0.0],[5.4375,59.0646,0.0],[5.4364,59.0618,0.0],[5.4403,59.0612,0.4091],[5.4425,59.0699,0.0],[5.4364,59.0693,3.998],[5.4331,59.0726,1.2561],[5.4286,59.0726,9.33],[5.4292,59.0752,1.6349],[5.4231,59.0721,0.0326],[5.4219,59.0738,3.0455],[5.4242,59.0751,3.0455],[5.4214,59.0771,0.0],[5.4169,59.0754,0.0],[5.4175,59.0779,0.0],[5.4158,59.0785,0.5063],[5.4131,59.0768,0.7787],[5.4142,59.0746,1.1655],[5.4103,59.0729,3.0189],[5.4086,59.0699,1.516],[5.4058,59.071,0.5533],[5.4042,59.0676,1.1245],[5.3997,59.0682,5.6793],[5.3997,59.0707,0.0],[5.3975,59.0713,2.8955],[5.3975,59.0729,0.0],[5.3931,59.0738,0.0],[5.3936,59.0699,2.8879],[5.3864,59.0618,0.0],[5.4014,59.0546,0.0],[5.4042,59.0549,0.1963],[5.4042,59.0596,1.5616],[5.4092,59.0579,0.6328],[5.4058,59.0549,0.0],[5.4047,59.051,0.7246],[5.3931,59.0563,5.9831],[5.3892,59.056,0.0],[5.3886,59.0537,0.0],[5.3947,59.0524,0.5975],[5.3969,59.054,0.0],[5.3986,59.0507,0.6253]]],
[[[5.4692,59.0635,0.0],[5.4697,59.0676,0.0],[5.4686,59.0679,0.0],[5.4647,59.0629,0.0],[5.4681,59.0624,0.0],[5.4692,59.0635,0.0]]],
[[[5.4747,59.0693,1.069],[5.4764,59.0699,1.069],[5.4769,59.0754,0.0],[5.4708,59.074,0.0],[5.4675,59.0699,0.0],[5.4686,59.0685,0.0],[5.4747,59.0693,1.069]]],
[[[5.4897,59.0749,0.0],[5.4914,59.076,0.0],[5.4908,59.0782,0.7705],[5.4808,59.0762,0.0],[5.4858,59.074,1.8828],[5.4897,59.0749,0.0]]],
[[[5.4936,59.0868,0.0],[5.4958,59.0882,0.0],[5.4881,59.0882,5.6345],[5.4825,59.0849,0.0],[5.4908,59.084,0.8649],[5.4903,59.086,3.8305],[5.4936,59.0868,0.0]]],
[[[5.3964,59.0474,0.695],[5.3953,59.0499,0.8058],[5.3919,59.0493,0.0],[5.3942,59.0474,0.7568],[5.3925,59.046,1.2185],[5.3931,59.0443,0.6096],[5.3975,59.0454,3.7578],[5.3981,59.0468,0.0],[5.3964,59.0474,0.695]]],
[[[5.3875,59.059,0.5537],[5.3842,59.061,0.0],[5.3825,59.0571,2.1746],[5.3903,59.0579,0.0],[5.3875,59.059,0.5537]]],
[[[5.2431,59.1368,6.6977],[5.2369,59.1382,4.6735],[5.2342,59.1374,3.311],[5.2358,59.1349,0.0],[5.2397,59.1335,1.1239],[5.2375,59.1321,1.1239],[5.2386,59.1296,0.0],[5.2464,59.1288,0.0],[5.2514,59.131,1.3466],[5.2503,59.1326,1.1156],[5.2442,59.1338,0.1253],[5.2481,59.1351,0.0],[5.2431,59.1368,6.6977]]],
[[[5.2108,59.134,0.9481],[5.2069,59.1357,0.0],[5.2075,59.1338,4.8955],[5.2153,59.1321,0.8829],[5.2147,59.1332,0.8829],[5.2108,59.134,0.9481]]],
[[[5.1758,59.1496,0.7258],[5.1769,59.1532,0.0],[5.1758,59.1538,0.0],[5.1697,59.1515,0.0],[5.1725,59.1468,0.0],[5.1764,59.1468,0.0],[5.1758,59.1496,0.7258]]],
[[[5.1769,59.1657,0.0],[5.1786,59.1668,0.0],[5.1764,59.1674,0.0],[5.1725,59.1651,0.0],[5.1747,59.1646,0.0],[5.1769,59.1657,0.0]]],
[[[5.0758,59.2313,1.0445],[5.0736,59.2335,0.0],[5.0658,59.2335,1.1422],[5.0642,59.2321,0.0],[5.0664,59.2301,0.0],[5.0703,59.2299,0.0],[5.0697,59.2268,0.0],[5.0747,59.2282,0.0],[5.0714,59.2296,0.0],[5.0747,59.2296,0.0],[5.0758,59.2313,1.0445]]],
[[[5.0608,59.2351,6.8851],[5.0586,59.2382,0.0],[5.0536,59.2363,0.0],[5.0569,59.2318,0.0],[5.0619,59.2326,0.0],[5.0608,59.2351,6.8851]]],
[[[5.2303,59.1382,0.0],[5.2319,59.1396,0.0],[5.2286,59.1396,0.0],[5.2269,59.1368,0.0],[5.2286,59.1365,0.0],[5.2303,59.1382,0.0]]],
[[[5.3647,59.2454,0.0],[5.3614,59.2443,0.0],[5.3614,59.2429,0.0],[5.3653,59.2432,0.0],[5.3664,59.246,0.0],[5.3647,59.2454,0.0]]],
[[[5.3536,59.2499,0.0],[5.3531,59.2538,0.0],[5.3492,59.2526,3.3964],[5.3497,59.2501,0.0],[5.3536,59.2499,0.0]]],
[[[5.3997,59.2529,0.0],[5.3964,59.2557,0.0],[5.3947,59.2524,2.2813],[5.3975,59.2521,5.5117],[5.3997,59.2529,0.0]]],
[[[5.1658,59.2568,0.0],[5.1664,59.2582,0.0],[5.1647,59.2593,0.0],[5.1608,59.259,0.0],[5.1625,59.2568,1.0845],[5.1608,59.2557,0.0],[5.1625,59.2546,0.1912],[5.1653,59.2549,0.0],[5.1658,59.2568,0.0]]],
[[[5.1525,59.2813,0.0],[5.1503,59.2829,0.0],[5.1469,59.2826,0.0],[5.1508,59.2779,0.0],[5.1531,59.2776,0.1968],[5.1542,59.2804,0.0],[5.1525,59.2813,0.0]]],
[[[4.8519,59.2824,0.0],[4.8542,59.2832,0.0],[4.8542,59.2849,0.7411],[4.8447,59.2846,0.0],[4.8458,59.2818,0.0],[4.8519,59.2824,0.0]]],
[[[5.1564,59.2835,0.0],[5.1603,59.2824,0.0],[5.1614,59.2846,0.4478],[5.1575,59.2846,0.0],[5.1564,59.2835,0.0]]],
[[[5.4164,59.1529,0.0],[5.4169,59.1551,0.4441],[5.4119,59.1549,0.0],[5.4153,59.1529,0.0],[5.4164,59.1529,0.0]]],
[[[5.4081,59.1557,0.2126],[5.4053,59.1571,0.0],[5.4031,59.1571,0.4984],[5.4047,59.1554,0.0],[5.4081,59.1557,0.2126]]],
[[[5.4219,59.1576,0.0],[5.4219,59.1601,0.0],[5.4181,59.1593,0.4671],[5.4203,59.1571,3.5989],[5.4219,59.1576,0.0]]],
[[[5.4558,59.1607,0.9478],[5.4581,59.1626,0.0],[5.4519,59.1624,0.5867],[5.4525,59.1607,1.0942],[5.4558,59.1607,0.9478]]],
[[[5.4197,59.1724,0.2873],[5.4192,59.1749,0.0],[5.4164,59.176,1.5484],[5.4131,59.1743,1.867],[5.4142,59.171,0.0],[5.4131,59.1699,0.4866],[5.4192,59.1704,0.0],[5.4197,59.1724,0.2873]]],
[[[5.4181,59.1768,0.9829],[5.4181,59.1793,0.5894],[5.4153,59.1796,2.073],[5.4153,59.1774,2.9219],[5.4181,59.1768,0.9829]]],
[[[5.4508,59.2526,0.0],[5.4492,59.2518,0.0],[5.4475,59.2535,0.0],[5.4442,59.2535,0.0],[5.4519,59.2487,0.0],[5.4519,59.2449,0.0],[5.4558,59.2443,6.7216],[5.4536,59.2426,0.0],[5.4547,59.2399,8.3539],[5.4503,59.2396,0.5436],[5.4603,59.229,8.0924],[5.4614,59.2243,0.0],[5.4603,59.2238,0.0],[5.4581,59.2235,0.0],[5.4497,59.2287,8.0721],[5.4431,59.2301,13.0057],[5.4403,59.2329,0.0],[5.4369,59.2326,8.9662],[5.4319,59.2365,0.0],[5.4269,59.2371,10.3807],[5.4258,59.2379,10.3807],[5.4269,59.2396,8.8491],[5.4175,59.2435,6.7657],[5.4147,59.244,0.0],[5.4069,59.241,7.5654],[5.3942,59.2463,4.0541],[5.3869,59.2463,3.1867],[5.3853,59.2404,28.2351],[5.3819,59.2379,0.0],[5.3924,59.2374,10.3615],[5.3919,59.2343,1.1152],[5.3869,59.2318,12.6725],[5.3797,59.2313,0.0],[5.3753,59.2268,2.6288],[5.3764,59.2251,25.0289],[5.3753,59.2235,0.0],[5.3803,59.221,7.9104],[5.3792,59.2196,0.0],[5.3842,59.2185,6.913],[5.3847,59.2163,0.6618],[5.3808,59.2154,4.2224],[5.3803,59.2168,0.8262],[5.3742,59.2182,0.0],[5.3742,59.2157,0.3232],[5.3769,59.2149,3.3244],[5.3747,59.2132,2.2449],[5.3764,59.2043,10.0217],[5.3725,59.2018,0.0],[5.3747,59.2021,5.4468],[5.3731,59.2001,0.0],[5.3786,59.1968,0.0],[5.3858,59.1982,0.0],[5.3886,59.1954,0.0],[5.3953,59.196,4.5096],[5.3947,59.194,8.3669],[5.3897,59.1935,0.0],[5.3897,59.1904,31.3016],[5.3786,59.1932,1.1676],[5.3742,59.1915,9.5485],[5.373,59.1888,0.0],[5.3736,59.1865,0.8341],[5.3781,59.1868,3.5022],[5.3753,59.1846,2.3811],[5.3758,59.1818,0.0],[5.3792,59.1807,2.4881],[5.3758,59.1796,0.0],[5.3769,59.1751,2.5503999999999998],[5.3825,59.1651,0.0],[5.3881,59.1643,2.2414],[5.3869,59.1621,1.4573],[5.3886,59.1601,0.0],[5.3919,59.1587,0.0],[5.4081,59.1624,0.0],[5.4064,59.1646,1.7034],[5.4025,59.1632,5.4776],[5.4008,59.1651,7.6276],[5.4014,59.1674,0.0],[5.3964,59.1693,8.5845],[5.3925,59.1749,1.9165],[5.4014,59.1763,0.7429],[5.4008,59.1732,0.0],[5.4042,59.1724,4.565],[5.4119,59.1754,0.0],[5.4136,59.1799,4.5154],[5.4069,59.1832,5.0428],[5.4086,59.1843,6.2796],[5.4136,59.1815,1.0075],[5.4208,59.1821,4.32],[5.4258,59.1768,0.0],[5.4342,59.1746,13.0644],[5.4336,59.1726,13.5217],[5.4353,59.1707,2.1901],[5.4292,59.1696,0.0],[5.4297,59.1665,6.6192],[5.4269,59.166,0.0],[5.4275,59.1621,1.0447],[5.4292,59.161,0.0],[5.4336,59.1607,0.302],[5.4353,59.1587,0.0],[5.4425,59.159,0.0],[5.4431,59.161,1.3629],[5.4486,59.1601,0.2417],[5.4564,59.1674,0.0],[5.4575,59.171,0.0],[5.4531,59.1718,0.285],[5.4531,59.1729,3.0637],[5.4575,59.1765,0.0],[5.4581,59.1793,8.1193],[5.4664,59.1826,0.0],[5.4681,59.186,3.5733],[5.4736,59.1849,0.1979],[5.4731,59.1868,0.4869],[5.4747,59.1888,0.0],[5.4714,59.1913,13.7336],[5.4719,59.1929,5.7084],[5.4697,59.1937,5.7084],[5.4681,59.1976,0.0],[5.4658,59.1985,7.2827],[5.4658,59.1996,2.1296],[5.4714,59.1988,3.6794],[5.4731,59.2012,0.0882],[5.4686,59.2035,3.0474],[5.4681,59.2057,0.0],[5.4647,59.2065,8.4657],[5.4636,59.2093,4.6898],[5.4669,59.2107,0.0],[5.4647,59.2107,0.0],[5.4642,59.2126,0.6046],[5.4603,59.2135,7.4709],[5.4569,59.2168,2.7781],[5.4597,59.2193,1.4173],[5.4569,59.2221,0.0],[5.4664,59.2212,11.1728],[5.4692,59.2196,23.3595],[5.4692,59.2174,5.5094],[5.4847,59.2079,0.0],[5.4869,59.2085,0.0],[5.4864,59.2107,9.8389],[5.4897,59.2126,0.0],[5.4886,59.2143,3.2264],[5.4903,59.2154,0.0],[5.4931,59.2154,0.17],[5.4953,59.2113,0.6691],[5.4969,59.2126,0.9525],[5.4964,59.2154,1.8652],[5.5042,59.2165,8.0328],[5.5069,59.214,0.0],[5.5097,59.214,0.0],[5.5119,59.2168,0.0],[5.5097,59.2193,1.2682],[5.5053,59.2179,0.9778],[5.5047,59.2204,2.1307],[5.4958,59.224,2.4023],[5.4953,59.2251,2.4023],[5.5014,59.2279,0.0],[5.5019,59.2304,0.0],[5.4936,59.2321,4.1408],[5.4847,59.2365,20.0782],[5.4769,59.2449,0.8728],[5.4742,59.2457,18.6468],[5.4719,59.2499,13.1818],[5.4669,59.2485,22.8194],[5.4653,59.2501,1.5233],[5.4614,59.2504,10.3897],[5.4608,59.2526,1.4455],[5.4508,59.2526,0.0]]],
[[[5.4447,59.2546,0.0],[5.4464,59.2557,0.0],[5.4408,59.2562,0.0],[5.4414,59.2549,0.0],[5.4447,59.2546,0.0]]],
[[[5.3919,59.2535,0.0],[5.3903,59.2565,0.6092],[5.3869,59.2562,2.5643],[5.3875,59.2538,2.111],[5.3919,59.2535,0.0]]],
[[[5.3558,59.2562,0.0],[5.3569,59.2596,0.0],[5.3547,59.2604,0.0],[5.3542,59.2565,0.0],[5.3558,59.2562,0.0]]],
[[[5.3658,59.2663,2.9341],[5.3664,59.2685,2.8036],[5.3625,59.269,1.2173],[5.3647,59.2646,8.8956],[5.3608,59.2649,1.4475],[5.3597,59.2615,2.0641],[5.3608,59.2604,3.5769],[5.3581,59.2596,0.0],[5.3597,59.2579,1.2683],[5.3586,59.2532,1.0738],[5.3614,59.2482,0.0],[5.3669,59.2496,2.0006],[5.3664,59.2518,9.1064],[5.3631,59.2526,8.6048],[5.3647,59.2538,0.0],[5.3636,59.2568,0.0],[5.3686,59.2604,0.0],[5.3669,59.2637,14.4284],[5.3686,59.2657,1.1335],[5.3658,59.2663,2.9341]]],
[[[5.3742,59.2624,0.0],[5.3753,59.2654,0.0],[5.3725,59.266,3.1386],[5.3719,59.2624,0.5062],[5.3742,59.2624,0.0]]],
[[[5.4264,59.2543,2.772],[5.4269,59.2571,0.9056],[5.4242,59.2571,0.0],[5.4253,59.2546,2.772],[5.4264,59.2543,2.772]]],
[[[5.4103,59.2599,0.0],[5.4136,59.2596,0.0],[5.4147,59.2635,10.9209],[5.4103,59.2632,12.3022],[5.3986,59.2574,4.7456],[5.4025,59.2546,0.0],[5.4086,59.2551,0.0],[5.4119,59.2521,0.0],[5.4103,59.2554,1.7466],[5.4031,59.2576,5.0626],[5.4092,59.2579,0.0],[5.4086,59.2599,9.1541],[5.4103,59.2599,0.0]]],
[[[5.4208,59.2601,3.3355],[5.4214,59.2629,0.0],[5.4197,59.2632,2.1603],[5.4164,59.2596,0.0],[5.4242,59.2596,0.8417],[5.4208,59.2601,3.3355]]],
[[[5.4564,59.2676,0.0],[5.4586,59.269,0.0],[5.4503,59.2685,0.0],[5.4519,59.2671,0.0],[5.4564,59.2676,0.0]]],
[[[5.3708,59.2707,1.5845],[5.3686,59.2726,4.5327],[5.3658,59.2724,0.0],[5.3686,59.2671,1.3686],[5.3725,59.2685,0.0],[5.3708,59.2707,1.5845]]],
[[[5.2336,59.4154,1.7624],[5.2292,59.4162,6.3095],[5.2292,59.4174,0.0],[5.2231,59.4168,0.9962],[5.2269,59.414,1.882],[5.2269,59.4115,0.0],[5.2336,59.4104,1.1343],[5.2319,59.4079,2.4654],[5.2347,59.4046,6.094],[5.2286,59.4032,0.0],[5.2325,59.3996,1.0724],[5.2286,59.4001,1.4077],[5.2269,59.4029,3.7521],[5.2208,59.4057,0.0],[5.2203,59.4043,0.8601],[5.2225,59.4026,1.0103],[5.2186,59.4035,0.0],[5.2164,59.401,0.0],[5.2203,59.3993,1.904],[5.2192,59.3963,0.0],[5.2219,59.3943,5.112],[5.2181,59.3935,0.1957],[5.2181,59.391,0.0],[5.2114,59.3915,3.6714],[5.2131,59.3896,0.877],[5.2169,59.3896,0.2803],[5.2164,59.3865,0.0],[5.2181,59.3849,0.0],[5.2164,59.3843,0.0],[5.2197,59.3826,2.2069],[5.2203,59.379,0.6253],[5.2219,59.3785,5.8734],[5.2203,59.3774,1.1169],[5.2164,59.3807,0.0],[5.2153,59.3774,0.0],[5.2231,59.3765,0.0],[5.2253,59.3732,0.9201],[5.2292,59.3732,0.0],[5.2297,59.3693,2.4765],[5.2247,59.369,0.0],[5.2319,59.3646,10.439],[5.2303,59.3629,3.246],[5.2314,59.3607,0.0],[5.2286,59.3604,21.3504],[5.2275,59.3624,3.5412],[5.2231,59.3632,11.0445],[5.2108,59.364,0.0],[5.2081,59.3626,0.4313],[5.2153,59.3599,0.6537],[5.2114,59.3596,0.6537],[5.2142,59.3579,0.0],[5.2142,59.356,0.7506],[5.2069,59.3579,0.0],[5.2114,59.3546,2.0065],[5.2147,59.354,2.0065],[5.2092,59.351,0.6338],[5.2119,59.3496,0.0],[5.2181,59.3504,0.0],[5.2197,59.3465,0.9702],[5.2058,59.3496,3.5125],[5.1919,59.3574,0.0],[5.1858,59.3537,0.0],[5.1886,59.3513,0.0],[5.1881,59.3499,0.4471],[5.1925,59.3501,0.0],[5.1931,59.3485,0.0],[5.1914,59.3474,0.0],[5.1986,59.3432,1.2883],[5.1931,59.3446,4.1566],[5.1897,59.3429,5.9028],[5.1847,59.344,0.0],[5.1881,59.3369,0.0],[5.2014,59.331,6.6874],[5.1942,59.3276,0.0],[5.1964,59.3249,0.0],[5.1958,59.3235,0.0],[5.2069,59.314,0.0],[5.2108,59.3146,0.0],[5.2108,59.3165,1.0239],[5.2092,59.3174,6.6845],[5.2175,59.3157,2.4589],[5.2181,59.3124,0.0],[5.2103,59.3132,0.0],[5.2153,59.3082,0.0],[5.2142,59.3065,0.0],[5.2269,59.3024,0.7936],[5.2286,59.299,0.0],[5.2236,59.299,0.0],[5.2119,59.3049,2.0909],[5.2119,59.3026,1.1347],[5.2042,59.3024,0.0],[5.2014,59.3001,3.6448],[5.1964,59.301,0.0],[5.1936,59.2999,0.1605],[5.1931,59.2979,0.4645],[5.1881,59.299,0.0],[5.1875,59.2976,0.0791],[5.1897,59.2957,2.5352],[5.1964,59.2957,3.7514],[5.1964,59.2938,0.0],[5.2031,59.2957,1.759],[5.2064,59.2951,0.0],[5.2081,59.2926,1.8532],[5.2064,59.2915,0.0],[5.2092,59.2882,5.5182],[5.2047,59.2893,0.0],[5.2042,59.2876,0.0],[5.2058,59.286,0.0],[5.1986,59.2874,0.0],[5.1964,59.2851,1.9488],[5.1875,59.2843,1.9123],[5.1887,59.2812,5.6784],[5.1875,59.2799,3.5675],[5.1853,59.2829,0.6861],[5.1825,59.2832,1.4089],[5.1825,59.2863,0.0],[5.1792,59.2863,0.0],[5.1781,59.2832,0.0],[5.1792,59.281,0.0],[5.1764,59.2774,-0.034],[5.1853,59.2768,2.9323],[5.1858,59.2746,0.0],[5.1908,59.2718,0.3208],[5.1864,59.2718,1.1461],[5.1853,59.2704,0.3068],[5.1903,59.2696,0.0],[5.1908,59.2679,0.7538],[5.1825,59.2676,0.4433],[5.1814,59.266,0.0],[5.1853,59.2651,2.6162],[5.1853,59.2637,1.1],[5.1747,59.2624,0.0],[5.1769,59.2588,1.0468],[5.1764,59.2571,0.0],[5.1786,59.2554,0.6383],[5.1747,59.2557,0.0],[5.1731,59.2543,0.0925],[5.1781,59.254,0.6383],[5.1775,59.2515,0.0],[5.1836,59.2493,0.1162],[5.1914,59.2515,0.2437],[5.1964,59.2493,1.5238],[5.1947,59.2485,0.0],[5.1958,59.2468,2.2983],[5.1947,59.2454,5.3582],[5.1897,59.2443,1.8926],[5.1864,59.2454,0.0],[5.1864,59.2424,0.0],[5.1808,59.2404,0.0],[5.1814,59.2379,0.0],[5.1853,59.2365,0.2515],[5.1847,59.2324,2.4604],[5.1775,59.2337,0.318],[5.1681,59.2282,0.0],[5.1686,59.2257,0.0],[5.1775,59.2207,2.3135],[5.1769,59.2179,0.8285],[5.1797,59.216,0.0],[5.1736,59.2135,0.7189],[5.1719,59.2146,0.4562],[5.1675,59.2137,0.5558],[5.1686,59.2124,0.5558],[5.1725,59.2124,0.7189],[5.1681,59.2107,0.0],[5.1686,59.2065,0.2857],[5.1664,59.206,0.2857],[5.1658,59.204,0.0],[5.1703,59.1976,0.0],[5.1764,59.1993,3.374],[5.1808,59.1988,1.5409],[5.1797,59.1974,0.0],[5.1819,59.1965,0.0],[5.1753,59.1932,1.2918],[5.1747,59.1907,1.5206],[5.1719,59.189,0.0],[5.1719,59.1854,0.0],[5.1786,59.1851,1.7312],[5.1747,59.1821,0.0],[5.1758,59.1796,0.8904],[5.1742,59.1779,0.7157],[5.1797,59.1768,0.0],[5.1792,59.1738,0.0],[5.1858,59.1749,0.0],[5.1897,59.1735,0.9956],[5.1914,59.1707,0.0],[5.1964,59.171,0.0],[5.1942,59.1682,0.4981],[5.1903,59.1668,0.0],[5.1892,59.1643,0.0],[5.1953,59.1613,1.7619],[5.1964,59.1574,0.0],[5.1942,59.1568,0.0],[5.1942,59.1543,0.0],[5.1881,59.1524,0.0],[5.1953,59.1446,0.0],[5.2003,59.1429,0.0],[5.2036,59.1443,1.0685],[5.2103,59.1432,0.0],[5.2136,59.144,0.9491],[5.2131,59.1463,2.9639],[5.2158,59.1471,8.5852],[5.2192,59.1454,0.0],[5.2186,59.1432,0.0],[5.2231,59.1435,0.0],[5.2236,59.1449,0.0],[5.2203,59.1488,0.4948],[5.2203,59.1515,0.0],[5.2219,59.1518,0.0],[5.2281,59.1499,0.4212],[5.2225,59.1463,0.0],[5.2303,59.1471,0.0],[5.2297,59.1485,0.7288],[5.2331,59.1482,0.5619],[5.2336,59.1468,0.0],[5.2375,59.1479,2.3213],[5.2358,59.146,0.0],[5.2369,59.1432,1.2265],[5.2347,59.1421,0.0],[5.2414,59.1407,1.8109],[5.2453,59.1376,2.2084],[5.2536,59.1401,0.0],[5.2547,59.1432,0.0],[5.2581,59.1435,0.0],[5.2575,59.1451,0.2691],[5.2675,59.1463,3.6043],[5.2681,59.1443,0.0],[5.2608,59.1426,0.0],[5.2703,59.1418,0.0],[5.2714,59.1382,0.2064],[5.2747,59.1371,0.2064],[5.2786,59.1379,0.0],[5.2753,59.1396,2.8367],[5.2769,59.1404,2.8367],[5.2753,59.1424,0.0],[5.2764,59.1435,0.0],[5.2758,59.1499,0.0],[5.2775,59.1504,0.3743],[5.2808,59.1476,1.0622],[5.2875,59.1474,1.4615],[5.2908,59.1399,0.0],[5.2975,59.1401,0.0],[5.2997,59.1426,2.0345],[5.2981,59.1429,2.0345],[5.2992,59.1493,2.2186],[5.2975,59.1515,11.0351],[5.2997,59.1576,12.0439],[5.3036,59.1599,0.4609],[5.3036,59.1638,2.477],[5.3053,59.1646,0.4482],[5.3103,59.1626,0.3009],[5.3131,59.1638,0.0],[5.3108,59.1676,0.0],[5.3125,59.1721,0.0],[5.3114,59.1787,1.5016],[5.3169,59.1835,0.0],[5.3147,59.1865,1.1632],[5.3153,59.1937,0.0],[5.3136,59.1949,10.6624],[5.3175,59.1971,0.0],[5.3181,59.2021,5.0741],[5.3203,59.2032,0.0],[5.3197,59.206,11.1267],[5.3214,59.2068,0.0],[5.3208,59.2124,3.6894],[5.3225,59.2129,0.0],[5.3225,59.2154,0.0],[5.3253,59.2165,0.0],[5.3225,59.2185,5.0511],[5.3247,59.2201,0.0],[5.3269,59.2271,0.0],[5.3253,59.2299,3.3716],[5.3269,59.234,0.0],[5.3253,59.2376,0.9364],[5.3269,59.2385,0.0],[5.3258,59.2424,5.489],[5.3281,59.246,1.3295],[5.3269,59.2549,0.0],[5.3297,59.259,0.0],[5.3281,59.2624,4.0344],[5.3286,59.2676,0.0],[5.3308,59.2715,1.525],[5.3269,59.2774,0.0],[5.3225,59.2788,0.0],[5.3219,59.2824,2.1256],[5.3242,59.2837,0.0],[5.3136,59.2857,0.0],[5.3131,59.2874,3.907],[5.3153,59.2899,0.0],[5.3142,59.294,0.0],[5.3058,59.2968,0.0],[5.3047,59.296,0.0],[5.3069,59.2954,4.1983],[5.3069,59.294,4.1983],[5.3058,59.2932,0.0],[5.2992,59.2926,2.0668],[5.3036,59.294,2.2589],[5.3002,59.2974,2.3445],[5.3069,59.2976,0.0],[5.3081,59.3018,0.0],[5.2931,59.3035,1.2794],[5.2892,59.3063,4.8581],[5.2992,59.3057,0.1241],[5.3081,59.3087,0.0],[5.3114,59.3063,0.0],[5.3186,59.3051,0.0],[5.3225,59.309,0.8544],[5.3264,59.3104,0.0],[5.3264,59.3121,0.0],[5.3214,59.3143,4.3773],[5.3231,59.3168,1.0184],[5.3214,59.3168,3.1205],[5.3214,59.319,1.7214],[5.3192,59.321,4.0935],[5.3203,59.3238,0.0],[5.3164,59.3235,0.3924],[5.3153,59.3207,0.4706],[5.3075,59.3204,2.4646],[5.2969,59.3265,2.1826],[5.2981,59.3304,0.0],[5.2936,59.3338,0.0],[5.2836,59.3335,15.6708],[5.2836,59.3357,1.4614],[5.2803,59.3363,8.9508],[5.2808,59.3385,0.0],[5.2792,59.3407,0.0],[5.2825,59.3426,0.0],[5.2864,59.3407,0.7546],[5.2858,59.3365,0.0],[5.2953,59.3382,0.0],[5.3008,59.3338,1.855],[5.3097,59.3349,0.0],[5.3164,59.3335,0.0],[5.3131,59.3365,0.0],[5.3075,59.3354,0.0],[5.3064,59.3376,0.0],[5.3086,59.3407,2.5342],[5.3058,59.3424,1.3724],[5.3069,59.344,0.0],[5.3053,59.3449,1.9476],[5.3008,59.346,1.0997],[5.2953,59.3429,0.3475],[5.2903,59.3426,1.7055],[5.2919,59.3479,0.4989],[5.3025,59.349,0.6756],[5.2986,59.3496,6.6849],[5.2975,59.3535,0.9997],[5.3031,59.3515,0.0],[5.3097,59.3521,12.8436],[5.3103,59.3537,2.3527],[5.3058,59.3563,1.8455],[5.3031,59.356,0.0],[5.3008,59.3582,2.1661],[5.2992,59.3568,0.5197],[5.3008,59.3546,4.2287],[5.2981,59.3543,3.0838],[5.2969,59.3565,0.9983],[5.2886,59.3579,0.9752],[5.2853,59.3557,3.8241],[5.2825,59.3587,0.0],[5.2803,59.359,0.0],[5.2808,59.361,0.6481],[5.2847,59.3624,1.2053],[5.2842,59.3657,0.0],[5.2808,59.3671,2.8445],[5.2947,59.3679,0.0],[5.2942,59.371,0.0],[5.2964,59.3718,0.0],[5.2964,59.3737,0.2119],[5.2931,59.3754,8.528],[5.2908,59.3801,3.5447],[5.2781,59.3885,5.705],[5.2719,59.3965,0.0],[5.2336,59.4154,1.7624]]],
[[[5.3969,59.2907,0.0],[5.3981,59.2915,0.0],[5.3958,59.2924,0.0],[5.3925,59.291,0.0],[5.3925,59.2896,0.0],[5.3942,59.2893,0.0],[5.3969,59.2907,0.0]]],
[[[5.3942,59.2962,0.0],[5.3953,59.2985,0.0],[5.3942,59.299,0.0],[5.3903,59.2974,0.0],[5.3914,59.2962,0.0],[5.3942,59.2962,0.0]]],
[[[5.1942,59.2876,0.0],[5.1903,59.2888,0.0],[5.1919,59.2868,0.0],[5.1958,59.2868,0.0],[5.1942,59.2876,0.0]]],
[[[5.1864,59.2879,0.0],[5.1886,59.2882,0.0],[5.1886,59.2904,0.0],[5.1858,59.2904,0.3541],[5.1864,59.2879,0.0]]],
[[[5.1919,59.3024,1.6423],[5.1914,59.3037,1.6423],[5.1886,59.3037,0.1656],[5.1903,59.3001,0.0],[5.1919,59.3024,1.6423]]],
[[[4.9014,59.3193,0.4738],[4.8925,59.3204,3.7049],[4.8869,59.3193,0.5404],[4.8853,59.3154,0.0],[4.8869,59.3146,1.9526],[4.8853,59.314,0.0],[4.8831,59.3149,3.8286],[4.8808,59.3193,0.1995],[4.8758,59.3196,1.1661],[4.8736,59.3185,0.3077],[4.8731,59.3149,4.3983],[4.8675,59.3157,0.0],[4.8597,59.3132,2.9808],[4.8547,59.3074,0.0],[4.8547,59.3049,0.0],[4.8653,59.301,3.1236],[4.8631,59.299,0.8608],[4.8664,59.2979,0.0],[4.8686,59.2949,0.0],[4.8769,59.2962,0.0],[4.8808,59.2993,1.2674],[4.8819,59.2954,0.0],[4.8875,59.2938,4.8057],[4.8875,59.2924,0.4056],[4.8914,59.2935,0.0],[4.8931,59.2951,0.0],[4.8925,59.2968,0.0],[4.8958,59.2971,0.8866],[4.8969,59.2949,3.145],[4.8953,59.2932,1.3414],[4.8969,59.291,0.0],[4.8992,59.291,0.0],[4.8975,59.2929,0.7858],[4.9008,59.2935,0.0],[4.8992,59.2954,0.3095],[4.9069,59.2985,0.0],[4.9069,59.3007,3.9302],[4.9114,59.2996,1.7915],[4.9125,59.3032,5.5314],[4.9147,59.3035,0.0],[4.9064,59.3087,6.9044],[4.9069,59.3124,1.123],[4.9108,59.3146,0.0],[4.9108,59.3165,0.0],[4.9014,59.3193,0.4738]]],
[[[5.2103,59.3054,0.3145],[5.2108,59.3071,0.0],[5.2081,59.3082,0.0],[5.2053,59.3063,0.0],[5.2047,59.3035,0.0],[5.2081,59.3032,0.0],[5.2075,59.3051,0.4315],[5.2103,59.3054,0.3145]]],
[[[5.3819,59.3071,0.0],[5.3847,59.3074,0.0],[5.3847,59.311,0.0],[5.3836,59.311,0.0],[5.3819,59.3071,0.0]]],
[[[5.3408,59.3257,2.0351],[5.3364,59.3265,0.8632],[5.3364,59.3218,0.0],[5.3403,59.3218,11.4386],[5.3442,59.3246,1.8566],[5.3408,59.3257,2.0351]]],
[[[5.1792,59.309,0.1041],[5.1747,59.3101,0.0],[5.1781,59.3074,0.1057],[5.1797,59.3076,0.1057],[5.1792,59.309,0.1041]]],
[[[5.1936,59.3112,0.5314],[5.1831,59.3115,1.2746],[5.1825,59.3082,0.4072],[5.1914,59.3054,0.0],[5.1908,59.3087,1.916],[5.1936,59.3112,0.5314]]],
[[[5.1908,59.3163,0.0806],[5.1936,59.3171,0.1422],[5.1853,59.3174,0.0],[5.1869,59.3157,0.1483],[5.1908,59.3163,0.0806]]],
[[[5.1964,59.3321,0.0],[5.1875,59.3329,0.0],[5.1931,59.3315,1.1403],[5.1942,59.3296,0.0],[5.1964,59.3299,0.0],[5.1964,59.3321,0.0]]],
[[[5.2075,59.3535,0.0],[5.2086,59.3551,1.0108],[5.2058,59.3554,1.7929],[5.2086,59.3521,0.0],[5.2075,59.3535,0.0]]],
[[[5.2108,59.366,0.8053],[5.2119,59.3676,0.0],[5.2108,59.3682,0.5876],[5.2064,59.3662,0.0],[5.2069,59.3643,0.0],[5.2108,59.366,0.8053]]],
[[[5.2058,59.3701,0.0],[5.2042,59.3696,0.0],[5.2042,59.3676,0.0],[5.2075,59.3685,0.0],[5.2075,59.3704,0.0],[5.2058,59.3701,0.0]]],
[[[5.0292,59.3587,0.0],[5.0247,59.3607,0.0],[5.0225,59.3601,0.1189],[5.0264,59.3582,0.0],[5.0292,59.3587,0.0]]],
[[[5.0342,59.371,0.0],[5.0303,59.3724,0.0],[5.0269,59.3704,0.5231],[5.0303,59.3674,1.0554],[5.0275,59.3668,1.3002],[5.0269,59.3643,0.0],[5.0369,59.3654,0.0],[5.0375,59.3688,0.0],[5.0358,59.3693,0.0],[5.0364,59.371,0.0],[5.0342,59.371,0.0]]],
[[[5.0219,59.371,0.0],[5.0219,59.3724,0.0],[5.0242,59.3729,0.0],[5.0197,59.3726,0.0],[5.0186,59.3696,0.0],[5.0225,59.3679,0.0],[5.0236,59.3693,0.0],[5.0219,59.371,0.0]]],
[[[5.1747,59.3726,0.9079],[5.1708,59.3737,2.5673],[5.1697,59.3721,0.0],[5.1869,59.3701,0.0],[5.1836,59.3732,2.0917],[5.1747,59.3726,0.9079]]],
[[[5.0236,59.3765,0.2213],[5.0208,59.3799,0.0],[5.0186,59.3799,0.0],[5.0186,59.3776,0.0],[5.0208,59.3763,0.0],[5.0186,59.3754,0.0],[5.0236,59.3765,0.2213]]],
[[[5.1642,59.4024,0.0],[5.1564,59.4035,0.0],[5.1536,59.4001,0.0],[5.1553,59.3968,5.3867],[5.1525,59.3949,1.2244],[5.1497,59.3957,0.0],[5.1503,59.391,1.8247],[5.1458,59.3879,0.4267],[5.1453,59.3838,0.0],[5.1397,59.3821,0.0],[5.1419,59.3796,0.7439],[5.1375,59.3807,0.0],[5.1358,59.379,0.2943],[5.1447,59.3751,0.0],[5.1447,59.374,0.0],[5.1403,59.3732,0.0],[5.1464,59.369,0.1155],[5.1486,59.369,0.6064],[5.1497,59.3713,2.4464],[5.1519,59.369,0.3717],[5.1564,59.3688,1.1766],[5.1536,59.3654,0.0],[5.1603,59.3679,0.5063],[5.1592,59.3701,2.5529],[5.1608,59.3721,2.6309],[5.1586,59.3754,4.522],[5.1603,59.3763,0.7782],[5.1619,59.376,6.2248],[5.1642,59.3713,1.0305],[5.1686,59.3724,0.0],[5.1642,59.3735,2.1175],[5.1681,59.3751,0.0],[5.1603,59.3788,1.7156],[5.1614,59.3807,8.1128],[5.1636,59.3804,0.0],[5.1631,59.3788,0.0],[5.1697,59.3796,1.4572],[5.1692,59.3776,0.0],[5.1719,59.3765,0.0],[5.1736,59.379,0.0],[5.1692,59.3807,12.0354],[5.1697,59.3818,12.0354],[5.1736,59.3815,0.7441],[5.1747,59.3788,2.8345],[5.1803,59.3807,0.8168],[5.1825,59.3768,0.0],[5.1875,59.3768,0.0],[5.1908,59.3793,0.0],[5.1892,59.381,0.7207],[5.1908,59.3812,0.7207],[5.1908,59.3829,0.3878],[5.1881,59.3832,1.7205],[5.1875,59.3854,1.483],[5.1836,59.3857,0.0],[5.1792,59.3815,0.8168],[5.1764,59.3821,0.0],[5.1753,59.3843,0.0],[5.1714,59.3849,4.3939],[5.1697,59.3882,1.0365],[5.1719,59.3921,0.0],[5.1642,59.394,0.0],[5.1664,59.3988,0.0],[5.1642,59.4024,0.0]]],
[[[5.1031,59.4113,0.0],[5.1036,59.4118,0.0],[5.0986,59.4124,0.0],[5.1036,59.4093,0.0],[5.1031,59.4113,0.0]]],
[[[5.1203,59.4179,0.0],[5.1214,59.4199,2.9904],[5.1203,59.4207,0.0],[5.1125,59.4204,1.081],[5.1064,59.4174,0.0],[5.1058,59.4157,0.0],[5.1097,59.4101,0.0],[5.1119,59.4099,0.0],[5.1153,59.4115,0.0],[5.1164,59.4154,4.856],[5.1203,59.4179,0.0]]],
[[[5.1453,59.4201,9.5566],[5.1425,59.4224,0.0],[5.1381,59.4224,0.0],[5.1297,59.4199,0.0],[5.1403,59.4176,0.0],[5.1453,59.4201,9.5566]]],
[[[5.1269,59.4243,0.0],[5.1297,59.4271,0.0],[5.1208,59.4246,0.0],[5.1214,59.4238,0.0],[5.1269,59.4243,0.0]]],
[[[5.0658,59.4365,0.794],[5.0608,59.4379,0.0],[5.0603,59.4351,0.0],[5.0658,59.434,0.0],[5.0675,59.436,0.0],[5.0658,59.4365,0.794]]],
[[[5.0858,59.4488,0.0],[5.0764,59.4499,0.0],[5.0803,59.4482,0.739],[5.0808,59.446,0.0],[5.0747,59.444,0.0],[5.0747,59.4415,3.0181],[5.0708,59.4393,0.0],[5.0708,59.4374,1.191],[5.0786,59.4338,2.4033],[5.0775,59.4315,0.0],[5.0792,59.4293,0.0],[5.0903,59.4299,1.2177],[5.0897,59.4257,0.0],[5.0931,59.4254,0.0],[5.0947,59.4271,0.0],[5.0925,59.4296,0.7643],[5.0936,59.4338,5.8249],[5.1042,59.4324,0.5677],[5.1114,59.4374,8.8318],[5.1131,59.4374,0.0],[5.1147,59.4324,3.2466],[5.1225,59.4313,0.4699],[5.1258,59.4329,0.0],[5.1253,59.4354,0.0],[5.1186,59.4385,1.5148],[5.1136,59.4379,0.0],[5.1125,59.4407,0.0],[5.0981,59.4443,2.047],[5.0936,59.4476,0.0],[5.0858,59.4488,0.0]]],
[[[5.2125,59.3765,1.046],[5.2081,59.3771,0.0],[5.2114,59.3737,0.0],[5.2136,59.374,1.7003],[5.2125,59.3765,1.046]]],
[[[5.2153,59.384,0.0],[5.2075,59.3857,0.8917],[5.2086,59.3835,0.0],[5.2136,59.3824,0.0],[5.2153,59.3824,0.0],[5.2153,59.384,0.0]]],
[[[5.2086,59.3868,0.8917],[5.2103,59.3871,0.0],[5.2108,59.3904,0.0],[5.2058,59.3899,0.0],[5.2086,59.3868,0.8917]]],
[[[5.0681,59.4382,0.0],[5.0686,59.4415,0.0],[5.0625,59.4404,0.1211],[5.0653,59.4376,0.0],[5.0681,59.4382,0.0]]],
[[[5.0703,59.451,0.0],[5.0719,59.4512,0.0],[5.0719,59.4529,0.0],[5.0631,59.4535,0.0],[5.0664,59.4518,0.0],[5.0631,59.4507,0.0],[5.0642,59.449,0.0],[5.0692,59.4488,0.0],[5.0703,59.451,0.0]]],
[[[5.1953,59.5093,1.7297],[5.1936,59.511,0.895],[5.1892,59.511,2.3789],[5.1903,59.5068,0.0],[5.1947,59.5065,0.0],[5.1953,59.5093,1.7297]]],
[[[5.1847,59.5113,0.0],[5.1831,59.5126,0.0],[5.1792,59.5121,0.0],[5.1814,59.5107,2.4239],[5.1847,59.5113,0.0]]],
[[[6.3086,58.299,0.0],[6.3025,58.2999,3.4691],[6.3053,58.2979,1.6483],[6.3025,58.2962,0.0],[6.3042,58.2946,1.2549],[6.3036,58.2924,0.0],[6.3086,58.2924,0.1148],[6.3069,58.2938,0.8193],[6.3103,58.2949,0.0],[6.3108,58.2968,0.0],[6.3064,58.2962,1.6611],[6.3064,58.2971,0.0],[6.3092,58.2976,0.0],[6.3086,58.299,0.0]]],
[[[6.2975,58.2988,0.0],[6.2975,58.3004,0.0],[6.2936,58.2996,0.0],[6.2953,58.2979,0.0],[6.2975,58.2988,0.0]]],
[[[6.2981,58.3029,0.0],[6.3008,58.3026,0.0],[6.3019,58.306,0.0],[6.2981,58.3049,0.459],[6.2981,58.3029,0.0]]],
[[[6.2842,58.3154,0.0],[6.2875,58.3151,0.0],[6.2875,58.3163,0.0],[6.2814,58.3171,0.0],[6.2819,58.3154,0.0],[6.2842,58.3154,0.0]]],
[[[6.0442,58.3743,0.0],[6.0414,58.3768,0.4089],[6.0386,58.3768,0.4089],[6.0397,58.3746,0.0],[6.0431,58.3732,0.0],[6.0442,58.3743,0.0]]],
[[[5.9881,58.4082,5.2285],[5.9847,58.4099,0.0],[5.9836,58.406,0.0],[5.9869,58.4051,0.0],[5.9881,58.4082,5.2285]]],
[[[5.9386,58.4099,0.0],[5.9369,58.411,0.0],[5.9331,58.4113,0.0],[5.9347,58.4087,0.0],[5.9386,58.4099,0.0]]],
[[[5.9631,58.4107,6.6807],[5.9642,58.4129,4.5573],[5.9597,58.4118,0.0],[5.9608,58.4101,0.0],[5.9631,58.4107,6.6807]]],
[[[6.0003,58.4157,0.0],[6.0019,58.4168,0.0],[5.9969,58.4168,0.0],[5.9981,58.4151,0.0],[6.0003,58.4157,0.0]]],
[[[5.9908,58.9254,33.2525],[5.9858,58.9268,6.0452],[5.9831,58.9254,8.0151],[5.9831,58.9229,2.2974],[5.9864,58.9215,0.0],[5.9914,58.9129,0.0],[5.9936,58.9129,0.0],[5.9942,58.9146,7.273],[5.9914,58.9171,4.7995],[5.9986,58.919,5.4875],[5.9958,58.9179,0.0],[5.9964,58.9101,0.0],[6.0008,58.9085,0.0],[6.0142,58.9079,7.0454],[6.0169,58.9071,7.0454],[6.0164,58.9051,0.0],[6.0281,58.9054,0.0],[6.0269,58.9124,0.0],[6.0203,58.919,0.0],[6.0103,58.9215,0.0],[6.0097,58.9232,0.0],[6.0025,58.9254,17.7949],[5.9958,58.9232,23.3972],[5.9908,58.9254,33.2525]]],
[[[5.9953,58.9307,0.0],[5.9936,58.9329,3.4917],[5.9897,58.9326,2.5027],[5.9903,58.9304,0.0],[5.9931,58.9287,0.0],[5.9964,58.9287,0.0],[5.9953,58.9307,0.0]]],
[[[5.9697,58.9718,0.0],[5.9653,58.9729,0.0],[5.9675,58.971,1.4879],[5.9703,58.971,0.0],[5.9697,58.9718,0.0]]],
[[[5.8831,58.4607,0.3065],[5.8814,58.4629,3.0479],[5.8742,58.4624,5.2849],[5.8808,58.4607,2.1878],[5.8803,58.4574,0.1543],[5.8847,58.4579,0.0],[5.8842,58.4593,5.8953],[5.8892,58.4593,6.8007],[5.8875,58.4618,10.278],[5.8831,58.4607,0.3065]]],
[[[5.8681,58.4685,4.0675],[5.8636,58.4696,5.5941],[5.8569,58.4679,0.0],[5.8564,58.4665,0.0],[5.8642,58.4646,0.0],[5.8681,58.4654,0.0],[5.8681,58.4685,4.0675]]],
[[[5.8469,58.471,0.9767],[5.8503,58.4715,0.0],[5.8503,58.474,0.735],[5.8442,58.4724,0.0],[5.8425,58.4688,0.0],[5.8442,58.469,0.0],[5.8469,58.471,0.9767]]],
[[[5.8442,58.9624,3.4437],[5.8392,58.9637,5.6678],[5.8369,58.9621,2.0607],[5.8369,58.9596,9.0813],[5.8192,58.9618,2.6483],[5.8175,58.961,2.6483],[5.8186,58.9579,1.7392],[5.8175,58.9568,8.7414],[5.8136,58.9574,0.0],[5.8064,58.9532,18.372],[5.8025,58.9526,4.4761],[5.8131,58.9496,3.593],[5.8125,58.9468,30.4259],[5.8103,58.9465,2.8801],[5.8103,58.9451,0.0],[5.8219,58.9385,0.0],[5.8303,58.9379,0.0],[5.8403,58.9437,0.0],[5.8392,58.9465,0.0],[5.8408,58.9529,0.0],[5.8364,58.9532,11.068],[5.8358,58.9551,1.9345],[5.8397,58.9557,6.3823],[5.8436,58.9532,0.0],[5.8486,58.9557,3.5667],[5.8442,58.9624,3.4437]]],
[[[5.8731,58.9682,1.7304],[5.8703,58.9693,1.4597],[5.8681,58.969,0.0],[5.8703,58.9668,0.0],[5.8731,58.9682,1.7304]]],
[[[5.8847,58.9699,0.0],[5.8786,58.9712,0.0],[5.8769,58.969,3.6935],[5.8853,58.9679,0.0],[5.8847,58.9699,0.0]]],
[[[5.8597,58.9701,0.0],[5.8608,58.9718,0.0],[5.8558,58.9715,0.0],[5.8564,58.9701,0.0],[5.8597,58.9701,0.0]]],
[[[5.8542,58.9729,0.0],[5.8581,58.9732,0.0],[5.8581,58.9743,0.0],[5.8508,58.9743,0.0],[5.8542,58.9729,0.0]]],
[[[5.8431,58.9815,4.8243],[5.8364,58.9826,0.0],[5.8319,58.9787,5.1896],[5.8269,58.9774,1.7387],[5.8336,58.9754,10.2823],[5.8247,58.9746,2.8983],[5.8169,58.976,4.2948],[5.8164,58.9749,5.5584],[5.8319,58.9718,0.0],[5.8386,58.9726,2.1272],[5.8381,58.974,7.0551],[5.8408,58.9754,0.0],[5.8408,58.9785,6.6836],[5.8436,58.9799,0.0],[5.8431,58.9815,4.8243]]],
[[[5.7875,58.9646,0.9441],[5.7869,58.9674,0.0],[5.7847,58.9679,0.0],[5.7853,58.9637,0.4138],[5.7875,58.9646,0.9441]]],
[[[5.8042,58.9738,0.0],[5.8058,58.9746,0.0],[5.8003,58.9746,0.5585],[5.8008,58.9735,0.0],[5.8042,58.9738,0.0]]],
[[[5.8164,58.9815,0.0],[5.8181,58.984,0.0],[5.8119,58.9837,0.0],[5.8119,58.9813,0.0],[5.8164,58.9815,0.0]]],
[[[5.7547,58.9868,7.307],[5.7519,58.9882,1.1548],[5.7486,58.9865,0.0],[5.7514,58.9843,0.0],[5.7586,58.9851,0.0],[5.7547,58.9868,7.307]]],
[[[6.1136,58.9346,6.1244],[6.1097,58.936,0.0],[6.1058,58.9321,0.8214],[6.1119,58.9301,0.0],[6.1153,58.9329,0.0],[6.1136,58.9346,6.1244]]],
[[[5.9925,58.9915,2.5883],[5.9803,58.9921,0.0],[5.9753,58.9896,3.8719],[5.9703,58.9763,0.0],[5.9747,58.9735,0.0],[5.9808,58.9729,0.0],[5.9842,58.971,0.0],[5.9819,58.9704,0.0],[5.9836,58.9682,0.0],[5.9869,58.9679,1.4796],[5.9881,58.9704,3.5848],[5.9931,58.9712,1.7196],[5.9997,58.9768,0.0],[6.0025,58.9801,0.0],[6.0019,58.9815,0.0],[6.0036,58.9818,0.0],[5.9975,58.9857,0.0],[5.9975,58.9871,0.0],[5.9925,58.9874,0.0],[5.9947,58.9904,7.1007],[5.9925,58.9915,2.5883]]],
[[[6.0069,58.9912,10.6347],[6.0014,58.9915,0.0],[6.0047,58.989,16.5787],[6.0081,58.9896,2.4735],[6.0069,58.9912,10.6347]]],
[[[6.0114,58.9951,0.0],[6.0142,58.9954,0.0],[6.0153,58.9974,0.0],[6.0086,58.9963,0.0],[6.0097,58.9946,0.0],[6.0114,58.9951,0.0]]],
[[[6.0269,59.0126,0.0],[6.0242,59.0143,0.0],[6.0208,59.0101,0.0],[6.0247,59.009,0.0],[6.0258,59.0099,0.0],[6.0236,59.0104,0.9287],[6.0269,59.0126,0.0]]],
[[[6.0342,59.014,2.9573],[6.0331,59.0165,0.7851],[6.0292,59.016,0.0],[6.0281,59.0151,0.0],[6.0297,59.0126,0.0],[6.0281,59.0121,0.0],[6.0286,59.0101,0.0],[6.0336,59.0093,2.8624],[6.0364,59.0104,0.0],[6.0369,59.0124,0.0],[6.0342,59.0126,5.3417],[6.0342,59.014,2.9573]]],
[[[6.0281,59.1221,2.6678],[6.0297,59.1246,4.4218],[6.0253,59.1237,2.2242],[6.0253,59.1221,2.2242],[6.0281,59.1221,2.6678]]],
[[[6.0308,59.1393,0.362],[6.0153,59.1404,7.8034],[6.0119,59.1351,1.2632],[6.0153,59.1338,16.1681],[6.0264,59.1343,0.0],[6.0303,59.1363,0.0],[6.0308,59.1393,0.362]]],
[[[6.0114,59.1421,0.0],[6.0125,59.1437,0.0],[6.0108,59.1443,0.0],[6.0047,59.1429,1.4822],[6.0097,59.1418,0.0],[6.0097,59.1404,0.0],[6.0114,59.1421,0.0]]],
[[[5.9581,59.1507,0.0],[5.9536,59.1524,1.6017],[5.9525,59.1496,3.2841],[5.9564,59.149,1.1451],[5.9581,59.1507,0.0]]],
[[[5.9931,59.1565,2.27],[5.9947,59.1579,7.1735],[5.9864,59.1571,0.4417],[5.9742,59.1504,0.0],[5.9814,59.1476,3.9941],[5.9825,59.1496,16.9097],[5.9897,59.1521,0.0],[5.9931,59.1565,2.27]]],
[[[5.9864,59.1643,5.2021],[5.9747,59.1657,0.0],[5.9603,59.1632,0.0],[5.9669,59.1585,0.0],[5.9714,59.1587,0.0],[5.9725,59.1563,0.0],[5.9797,59.1557,4.2939],[5.9869,59.1582,0.4417],[5.9908,59.1615,0.7752],[5.9864,59.1643,5.2021]]],
[[[5.9475,59.1701,0.0],[5.9464,59.1735,0.0],[5.9442,59.1732,0.0],[5.9431,59.1712,8.4934],[5.9325,59.1729,4.0729],[5.9292,59.1721,0.0],[5.9297,59.1682,5.3554],[5.9325,59.1668,5.7594],[5.9336,59.1632,9.1538],[5.9364,59.1621,9.1538],[5.9353,59.1604,0.0],[5.9381,59.1585,0.0],[5.9425,59.1585,0.0],[5.9497,59.1629,3.0515],[5.9503,59.1604,7.4003],[5.9464,59.1576,0.1561],[5.9469,59.1551,0.0],[5.9486,59.1551,0.0],[5.9503,59.1585,0.0],[5.9547,59.1587,0.0],[5.9542,59.161,0.0],[5.9586,59.161,0.6749],[5.9592,59.1649,10.8614],[5.9575,59.1682,0.8894],[5.9508,59.1688,0.0],[5.9486,59.1674,2.2987],[5.9475,59.1701,0.0]]],
[[[5.8308,58.9888,0.0],[5.8264,58.9901,3.1909],[5.8219,58.989,0.0],[5.8203,58.9854,0.0],[5.8214,58.9835,0.0],[5.8286,58.981,0.0],[5.8342,58.9829,5.9772],[5.8336,58.9854,10.9468],[5.8297,58.9865,13.1378],[5.8319,58.9874,4.7446],[5.8308,58.9888,0.0]]],
[[[5.9231,58.9963,4.2747],[5.9164,58.9976,0.0],[5.9136,58.9963,0.0],[5.9136,58.9935,15.4673],[5.9025,58.9921,0.0],[5.9014,58.9882,0.0],[5.9136,58.9851,0.0],[5.9175,58.981,1.683],[5.9286,58.9799,1.2219],[5.9425,58.9749,0.0],[5.9625,58.9749,0.0],[5.9681,58.9765,0.0],[5.9681,58.9801,0.283],[5.9547,58.9882,0.4491],[5.9375,58.9935,10.7209],[5.9331,58.9935,1.2394],[5.9319,58.9912,3.3242],[5.9264,58.996,1.9529],[5.9231,58.9963,4.2747]]],
[[[5.8897,58.9963,1.7655],[5.8886,58.9979,0.6945],[5.8858,58.9976,0.0],[5.8864,58.9938,4.2111],[5.8897,58.9935,0.6824],[5.8886,58.9951,4.2111],[5.8897,58.9963,1.7655]]],
[[[5.8358,59.0135,0.0],[5.8369,59.0149,0.0],[5.8358,59.0165,1.4624],[5.8303,59.0157,2.3301],[5.8331,59.0132,0.0],[5.8358,59.0135,0.0]]],
[[[5.7797,59.0124,0.0],[5.7731,59.0135,4.0733],[5.7619,59.0093,0.0],[5.7653,59.0062,1.5493],[5.7669,59.0007,4.2641],[5.7719,59.0001,0.0],[5.7736,59.0015,0.0],[5.7731,59.0051,0.0],[5.7692,59.0079,0.0],[5.7731,59.0093,0.0],[5.7742,59.0121,4.0733],[5.7781,59.0113,2.5399],[5.7797,59.0124,0.0]]],
[[[5.784,59.0082,0.0],[5.7864,59.0096,2.4843],[5.7803,59.0093,1.9825],[5.7808,59.0085,0.0],[5.784,59.0082,0.0]]],
[[[5.7853,59.0171,4.1458],[5.7869,59.0179,1.02],[5.7781,59.0185,5.9867],[5.7753,59.0165,0.0],[5.7753,59.0146,0.0],[5.7814,59.0154,0.0],[5.7853,59.0171,4.1458]]],
[[[5.7753,59.0185,0.0],[5.7769,59.0193,3.1158],[5.7764,59.0207,0.3913],[5.7736,59.0204,0.2831],[5.7725,59.0185,0.7846],[5.7653,59.0204,0.0],[5.7608,59.0157,0.0],[5.7653,59.0165,1.481],[5.7653,59.0143,2.0793],[5.7686,59.014,5.3166],[5.7719,59.0176,0.7846],[5.7753,59.0185,0.0]]],
[[[5.7842,59.021,0.8569],[5.7847,59.0221,0.4108],[5.7831,59.0229,0.4108],[5.7769,59.0221,0.0],[5.7769,59.021,0.3913],[5.7842,59.021,0.8569]]],
[[[5.7953,59.0382,0.0],[5.7997,59.0399,0.6479],[5.8003,59.0418,0.1734],[5.7942,59.0412,1.2412],[5.7919,59.0396,0.2321],[5.7953,59.0382,0.0]]],
[[[5.7475,59.0518,0.5583],[5.7425,59.0529,3.0316],[5.7403,59.0507,0.3702],[5.7475,59.0496,0.1956],[5.7475,59.0518,0.5583]]],
[[[5.8064,59.0882,0.0],[5.8008,59.0893,0.0],[5.7958,59.0871,0.0],[5.7958,59.0854,0.0],[5.8125,59.0776,3.0315],[5.8203,59.0768,0.0],[5.8281,59.0796,1.3655],[5.8269,59.0815,0.0],[5.8208,59.0843,1.6526],[5.8097,59.0863,12.5575],[5.8064,59.0882,0.0]]],
[[[5.9014,59.0232,6.5442],[5.8986,59.0265,0.0],[5.8947,59.026,0.0],[5.8964,59.0246,4.3317],[5.8853,59.0257,0.2792],[5.8858,59.0221,2.2416],[5.8886,59.0201,0.0],[5.8992,59.0168,0.0],[5.9031,59.0176,1.1832],[5.9014,59.0232,6.5442]]],
[[[5.8253,59.0504,1.4143],[5.8231,59.0532,1.9624],[5.8186,59.0515,3.4601],[5.8136,59.0518,0.0],[5.8153,59.0493,4.0254],[5.8147,59.0465,1.8686],[5.8186,59.0435,0.0],[5.8164,59.0393,2.9916],[5.8314,59.0354,0.0],[5.8353,59.0396,0.0],[5.8336,59.0424,7.8333],[5.8342,59.0465,7.0721],[5.8286,59.0474,1.0612],[5.8253,59.0504,1.4143]]],
[[[5.8997,59.1096,0.0],[5.9014,59.1118,3.4113],[5.8914,59.1104,4.3497],[5.8892,59.109,0.0],[5.8897,59.1054,0.0],[5.8919,59.1049,0.0],[5.8997,59.1096,0.0]]],
[[[5.7981,59.119,4.1268],[5.7931,59.1199,0.0],[5.7942,59.1149,10.5648],[5.7986,59.1104,0.0],[5.8025,59.1085,0.0],[5.8053,59.109,0.0],[5.8047,59.1104,0.0],[5.8119,59.1101,0.0],[5.8108,59.1076,0.3343],[5.8175,59.1029,1.4547],[5.8203,59.1032,1.4547],[5.8214,59.1054,0.0],[5.8353,59.0999,0.0],[5.8419,59.1001,0.0],[5.8425,59.1026,0.9146],[5.8442,59.1032,0.9146],[5.8525,59.101,0.0],[5.8592,59.1035,1.0484],[5.8603,59.1065,0.0],[5.8586,59.1124,1.4723],[5.8486,59.1149,4.4661],[5.8319,59.1124,5.6104],[5.8297,59.114,0.0],[5.8208,59.1146,7.9126],[5.8108,59.1182,1.8858],[5.7981,59.119,4.1268]]],
[[[5.4008,59.2882,12.7113],[5.3975,59.2901,9.6853],[5.3964,59.2884,2.3503],[5.3925,59.2879,3.2077],[5.3919,59.2824,0.0],[5.3897,59.2807,0.0],[5.3931,59.2779,9.1519],[5.3908,59.276,0.0],[5.3953,59.2746,1.7439],[5.3969,59.276,3.9476],[5.4031,59.2751,0.0],[5.4086,59.2765,3.6621],[5.4081,59.2743,14.0737],[5.4003,59.2693,1.8151],[5.4008,59.2654,0.0],[5.4075,59.2643,0.0],[5.4092,59.266,0.0],[5.4058,59.2674,9.2719],[5.4136,59.2693,0.0],[5.4086,59.2696,10.2688],[5.4058,59.2718,2.8765],[5.4108,59.271,4.1589],[5.4164,59.2735,1.1038],[5.4169,59.2754,15.0202],[5.4125,59.2846,20.7633],[5.4069,59.2882,0.8995],[5.4008,59.2882,12.7113]]],
[[[5.4525,59.2868,0.0],[5.4536,59.2888,0.0],[5.4492,59.289,0.0],[5.4453,59.2865,2.4742],[5.4403,59.2865,8.4972],[5.4386,59.2851,0.0],[5.4392,59.2824,0.0],[5.4375,59.2785,0.0],[5.4431,59.2804,0.0],[5.4475,59.2782,0.5797],[5.4469,59.2804,1.0098],[5.4442,59.2818,0.0],[5.4486,59.2849,1.0711],[5.4492,59.2871,8.7754],[5.4525,59.2868,0.0]]],
[[[5.4375,59.2907,0.0],[5.4392,59.2912,1.5162],[5.4342,59.2921,0.0],[5.4347,59.2907,0.0],[5.4375,59.2907,0.0]]],
[[[5.5464,59.2629,0.5884],[5.5481,59.264,0.0],[5.5386,59.2635,3.5541],[5.5342,59.261,0.0],[5.5369,59.2604,1.3123],[5.5347,59.2574,0.0],[5.5275,59.2562,0.5061],[5.5236,59.2532,0.0],[5.5275,59.2507,1.4588],[5.5308,59.2546,0.9008],[5.5386,59.2568,0.0],[5.5414,59.2607,3.6758],[5.5464,59.2629,0.5884]]],
[[[5.4664,59.2704,7.0003],[5.4647,59.2718,0.9397],[5.4619,59.2713,0.0],[5.4625,59.269,8.9662],[5.4575,59.2654,8.093],[5.4586,59.261,0.0],[5.4531,59.264,2.2447],[5.4497,59.2629,0.0],[5.4542,59.2599,1.3165],[5.4619,59.2579,0.0],[5.4669,59.2538,11.7112],[5.4725,59.2524,0.0],[5.4836,59.2535,0.0],[5.4847,59.2604,11.7314],[5.4792,59.266,0.0],[5.4747,59.2679,1.4007],[5.4814,59.2685,0.6362],[5.4836,59.2671,1.8967],[5.4842,59.2682,1.8967],[5.4753,59.2713,2.9983],[5.4719,59.2696,9.1868],[5.4664,59.2704,7.0003]]],
[[[5.4614,59.299,0.0],[5.4603,59.3013,0.0],[5.4581,59.3013,0.0],[5.4581,59.2976,1.0161],[5.4614,59.2979,0.9312],[5.4614,59.299,0.0]]],
[[[5.5997,59.3171,0.0],[5.6019,59.3168,0.0],[5.6014,59.3193,1.4264],[5.5981,59.319,0.0],[5.5997,59.3171,0.0]]],
[[[5.6636,59.2843,6.2991],[5.6653,59.286,1.8759],[5.6614,59.2863,5.3587],[5.6575,59.2837,12.4985],[5.6608,59.2824,3.681],[5.6636,59.2843,6.2991]]],
[[[5.6986,59.286,1.3865],[5.6947,59.2876,0.0],[5.6953,59.2821,1.4877],[5.7014,59.2835,0.0],[5.6986,59.286,1.3865]]],
[[[5.7053,59.2879,0.0],[5.7042,59.2896,0.0],[5.7014,59.289,0.0],[5.7042,59.2863,0.0],[5.7058,59.2865,0.0],[5.7053,59.2879,0.0]]],
[[[5.6308,59.3224,0.0],[5.6242,59.3235,3.5352],[5.6219,59.3187,0.0],[5.6297,59.3193,0.0],[5.6319,59.321,0.0],[5.6308,59.3224,0.0]]],
[[[5.6831,59.3312,0.0],[5.6786,59.3324,0.0],[5.6764,59.3324,0.0],[5.6792,59.3293,0.0],[5.6831,59.3312,0.0]]],
[[[5.6336,59.3729,2.3459],[5.6281,59.3743,2.0247],[5.6242,59.3713,0.0],[5.6269,59.3707,1.3056],[5.6286,59.3679,0.0],[5.6358,59.3685,3.9378],[5.6353,59.3649,3.1141],[5.6314,59.3654,13.4873],[5.6286,59.3638,6.248],[5.6275,59.3654,6.248],[5.6242,59.3651,5.6018],[5.6219,59.3632,0.0],[5.6231,59.3626,9.4519],[5.6225,59.3585,0.0],[5.6264,59.3571,4.7841],[5.6342,59.3507,0.0],[5.6303,59.3493,0.0],[5.6264,59.3509,13.2244],[5.6253,59.3537,0.0],[5.6208,59.3529,3.6027],[5.6192,59.3504,14.8208],[5.6203,59.3429,7.9057],[5.6192,59.3413,2.0992],[5.6236,59.339,2.097],[5.6369,59.3401,0.0],[5.6408,59.3373,1.2171],[5.6453,59.3376,0.7831],[5.6514,59.3451,2.7012],[5.6508,59.3474,14.2712],[5.6575,59.3499,5.5396],[5.6553,59.3518,16.1962],[5.6569,59.3537,4.8012],[5.6564,59.3554,8.447],[5.6525,59.3549,10.5717],[5.6481,59.3582,34.7607],[5.6464,59.3643,41.0883],[5.6475,59.3665,0.0],[5.6458,59.3682,15.9639],[5.6403,59.3724,0.0],[5.6336,59.3704,1.3756],[5.6331,59.3715,5.933],[5.6358,59.3732,0.0],[5.6336,59.3729,2.3459]]],
[[[5.6286,59.3849,9.8197],[5.6247,59.3843,8.1823],[5.6247,59.3826,0.0],[5.6314,59.3812,0.0],[5.6314,59.3835,0.0],[5.6286,59.3849,9.8197]]],
[[[5.8992,59.2404,0.4573],[5.8869,59.2415,13.4138],[5.8853,59.2393,12.9658],[5.8786,59.2396,3.5125],[5.8781,59.2374,2.7754],[5.8797,59.2343,0.7228],[5.8769,59.234,0.7228],[5.8781,59.2304,5.3708],[5.8736,59.2296,0.0],[5.8842,59.229,9.8405],[5.8858,59.2285,0.4555],[5.8858,59.2263,0.5128],[5.8936,59.2257,4.1941],[5.8975,59.2279,0.0],[5.8969,59.231,0.0],[5.8997,59.2332,0.0],[5.9014,59.2382,2.1946],[5.8992,59.2404,0.4573]]],
[[[5.8258,59.2471,4.0461],[5.8286,59.2471,0.0],[5.8292,59.2487,0.0],[5.8258,59.249,0.0],[5.8247,59.2476,4.0461],[5.8258,59.2471,4.0461]]],
[[[5.8642,59.279,0.0],[5.8614,59.2801,7.5566],[5.8564,59.279,0.0],[5.8569,59.2765,0.0],[5.8608,59.2765,0.0],[5.8614,59.2743,0.0],[5.8531,59.2729,2.0312],[5.8514,59.2687,17.3562],[5.8464,59.2699,0.0],[5.8481,59.2693,0.0],[5.8469,59.2663,0.662],[5.8431,59.2671,0.0],[5.8481,59.2632,3.3169],[5.8464,59.2615,0.0],[5.8464,59.2585,0.0],[5.8508,59.2532,2.9056],[5.8481,59.2529,4.9753],[5.8431,59.2557,0.0],[5.8414,59.2554,7.5054],[5.8403,59.2521,0.9181],[5.8358,59.254,0.0],[5.8358,59.2518,0.0],[5.8397,59.2504,16.7134],[5.8392,59.2457,11.3717],[5.8447,59.2454,0.0],[5.8503,59.249,6.649],[5.8542,59.2487,0.0],[5.8536,59.2513,1.8186],[5.8664,59.2474,2.3992],[5.8725,59.2476,2.7776],[5.8853,59.2557,0.0],[5.8825,59.2593,0.0],[5.8858,59.2596,0.0],[5.8847,59.2624,1.1295],[5.8869,59.2643,0.0],[5.8869,59.2665,0.0],[5.8853,59.2693,0.0],[5.8764,59.274,0.0],[5.8747,59.279,0.0],[5.8714,59.2774,3.456],[5.8642,59.279,0.0]]],
[[[5.8608,59.3363,2.5652],[5.8536,59.3371,0.0],[5.8625,59.3343,0.0],[5.8675,59.3349,2.5358],[5.8664,59.3363,3.0348],[5.8636,59.3349,2.5358],[5.8608,59.3363,2.5652]]],
[[[5.8097,59.2746,0.0],[5.8136,59.2743,1.1225],[5.8136,59.2754,1.1225],[5.8086,59.276,0.0],[5.8097,59.2746,0.0]]],
[[[5.8103,59.2782,0.0],[5.8097,59.2807,0.0],[5.8047,59.2799,0.3339],[5.8064,59.2776,1.4567],[5.8103,59.2782,0.0]]],
[[[5.8031,59.2846,5.0628],[5.8008,59.289,0.0],[5.7942,59.2868,5.1853],[5.7953,59.2813,2.2085],[5.7981,59.2799,0.0],[5.8042,59.2821,0.0],[5.8031,59.2846,5.0628]]],
[[[5.9669,59.1724,0.0],[5.9642,59.174,0.0],[5.9603,59.1707,2.0365],[5.9614,59.1688,1.155],[5.9647,59.1682,0.0],[5.9658,59.1704,2.852],[5.9697,59.1696,0.9907],[5.9714,59.171,1.3579],[5.9669,59.1724,0.0]]],
[[[5.9897,59.1721,0.0],[5.9875,59.176,0.0],[5.9803,59.1757,0.0],[5.9803,59.1732,3.3607],[5.9825,59.1715,0.0],[5.9897,59.1721,0.0]]],
[[[5.9414,59.1815,19.0452],[5.9364,59.1826,0.0],[5.9358,59.1804,0.0],[5.9419,59.1785,0.0],[5.9414,59.1815,19.0452]]],
[[[5.9869,59.1915,10.8611],[5.9819,59.1929,0.0],[5.9792,59.1896,10.9383],[5.9853,59.1876,3.3958],[5.9914,59.1899,0.0],[5.9892,59.1924,0.0],[5.9869,59.1915,10.8611]]],
[[[5.9501,59.2093,1.0744],[5.9369,59.2104,14.0027],[5.9286,59.204,1.3756],[5.9236,59.2054,12.2445],[5.9197,59.2046,2.7704],[5.9197,59.2029,3.7934],[5.9331,59.1999,0.0],[5.9331,59.1965,0.0],[5.9386,59.194,14.2526],[5.9403,59.1901,3.3729],[5.9447,59.1876,5.258],[5.9492,59.1857,0.0],[5.9575,59.1851,6.0146],[5.9581,59.1824,5.6598],[5.9558,59.1807,0.0],[5.9614,59.1776,0.0],[5.9742,59.1765,0.0],[5.9747,59.1832,0.0],[5.9731,59.1899,4.1376],[5.9742,59.1918,0.6701],[5.9575,59.1968,6.5991],[5.9592,59.199,7.5388],[5.9553,59.2007,2.4836],[5.9558,59.2035,0.0],[5.9501,59.2093,1.0744]]],
[[[5.9697,59.1949,0.0],[5.9731,59.1951,0.0],[5.9736,59.1974,3.5081],[5.9692,59.1968,32.622],[5.9697,59.1949,0.0]]],
[[[6.0047,59.1951,0.0],[6.0036,59.1979,0.0],[6.0003,59.1971,0.9982],[6.0031,59.1949,0.0],[6.0047,59.1951,0.0]]],
[[[6.0992,59.2326,2.0057],[6.0958,59.234,0.0],[6.0847,59.2321,0.0],[6.0786,59.2329,0.0],[6.0736,59.231,9.8798],[6.0719,59.2287,23.7328],[6.0703,59.229,0.0],[6.0708,59.2307,2.4791],[6.0692,59.2324,0.0],[6.0608,59.2315,2.9991],[6.0581,59.229,1.3653],[6.0597,59.2243,3.5189],[6.0564,59.2226,0.0],[6.0481,59.2221,0.0],[6.0447,59.2185,11.2317],[6.0214,59.219,0.0],[6.0153,59.2174,7.8566],[5.9992,59.2174,0.0],[5.9992,59.2157,0.0],[6.0014,59.2157,17.7414],[6.0053,59.2118,29.0894],[5.9964,59.2101,5.8021],[5.9897,59.2032,1.833],[6.0031,59.1993,1.7634],[6.0097,59.2001,3.0692],[6.0192,59.1965,19.3118],[6.0069,59.194,0.0],[6.0108,59.1915,5.5268],[6.0036,59.1921,0.0],[6.0025,59.1888,4.6508],[6.0069,59.1862,0.0],[6.0069,59.1835,2.1193],[6.0019,59.1835,10.5912],[6.0025,59.1851,0.0],[6.0008,59.1868,2.5136],[5.9925,59.1876,2.1668],[5.9903,59.1862,4.3849],[5.9908,59.1838,1.8381],[5.9886,59.181,0.0],[5.9942,59.1779,0.0],[6.0086,59.176,6.0218],[6.0069,59.1751,0.0],[6.0081,59.1738,0.8611],[6.0053,59.1724,0.4291],[6.0086,59.1715,0.0],[6.0136,59.1724,0.0],[6.0108,59.1735,2.3796],[6.0125,59.1768,0.0],[6.0108,59.1768,3.5662],[6.0097,59.1799,0.0],[6.0064,59.1821,2.1193],[6.0175,59.1813,0.0],[6.0203,59.1832,0.0],[6.0208,59.1862,6.9029],[6.0253,59.1851,0.0],[6.0286,59.1888,14.4461],[6.0336,59.1874,3.3557],[6.0303,59.1865,5.6874],[6.0292,59.1832,0.0],[6.0442,59.184,4.805],[6.0514,59.189,5.7735],[6.0514,59.1918,17.3486],[6.0531,59.1921,0.0],[6.0508,59.1935,20.8994],[6.0514,59.1951,6.5506],[6.0581,59.1974,0.5835],[6.0603,59.2018,0.0],[6.0642,59.2018,1.3134],[6.0631,59.2004,0.0],[6.0697,59.2007,0.0],[6.0703,59.2024,7.1894],[6.0764,59.2054,0.0],[6.0781,59.2101,0.0],[6.0831,59.2101,0.0],[6.0864,59.2135,3.8886],[6.0908,59.2149,0.0],[6.0903,59.2171,11.5334],[6.0981,59.2196,4.0408],[6.1014,59.2226,3.7887],[6.1019,59.226,9.3088],[6.1019,59.2304,5.9525],[6.0992,59.2313,9.5969],[6.0992,59.2326,2.0057]]],
[[[6.0714,59.1396,0.0],[6.0681,59.1413,0.0],[6.0714,59.1374,1.3094],[6.0742,59.1368,0.0],[6.0742,59.1379,0.0],[6.0714,59.1396,0.0]]],
[[[6.0803,59.1393,1.4031],[6.0819,59.1407,0.0],[6.0758,59.1407,0.0],[6.0775,59.139,0.0],[6.0803,59.1393,1.4031]]],
[[[6.0808,59.2007,1.9042],[6.0831,59.2012,0.0],[6.0831,59.2038,0.0],[6.0786,59.2035,0.0],[6.0808,59.2007,1.9042]]],
[[[5.9781,59.2113,0.9718],[5.9825,59.211,5.1767],[5.9825,59.2121,0.0],[5.9775,59.2126,0.0],[5.9781,59.2113,0.9718]]],
[[[6.0181,59.2343,0.0],[6.0181,59.2354,0.0],[6.0231,59.2354,0.0],[6.0258,59.2371,16.0436],[6.0514,59.2388,18.8005],[6.0692,59.2432,0.0],[6.0825,59.2493,2.5893],[6.0942,59.2504,0.0],[6.1053,59.2579,0.0],[6.1064,59.2629,0.0],[6.1053,59.2679,0.0],[6.1031,59.2721,0.0],[6.0881,59.2821,0.0],[6.0831,59.2826,10.0224],[6.0819,59.2846,0.0],[6.0647,59.2915,41.4512],[6.0558,59.2974,0.0],[6.0408,59.2968,9.1311],[6.0347,59.2935,50.595],[6.0081,59.2935,2.9178],[6.0058,59.2918,15.7247],[5.9903,59.2896,5.1221],[5.9753,59.2926,1.3287],[5.9708,59.2901,18.3589],[5.9581,59.2882,2.9211],[5.9542,59.286,8.2242],[5.9542,59.2837,22.6605],[5.9508,59.2854,9.2733],[5.9464,59.2846,12.9798],[5.9469,59.2793,14.2059],[5.9436,59.2762,12.8002],[5.9308,59.2782,6.6451],[5.9231,59.2732,4.3246],[5.9236,59.2637,15.1958],[5.9208,59.2618,0.0],[5.9214,59.2585,3.6583],[5.9247,59.2568,0.0],[5.9242,59.2524,0.0],[5.9286,59.2504,0.0],[5.9325,59.246,6.5695],[5.9314,59.2404,0.0],[5.9325,59.2393,12.9251],[5.9286,59.2363,0.0],[5.9297,59.2332,9.0917],[5.9281,59.2315,0.6694],[5.9325,59.2315,0.0],[5.9331,59.2363,0.0],[5.9419,59.234,14.5693],[5.9403,59.2318,16.0032],[5.9308,59.2285,1.7983],[5.9319,59.2263,3.3462],[5.9442,59.226,0.0],[5.9469,59.2279,22.4487],[5.9531,59.2251,0.0],[5.9647,59.2251,0.0],[5.9814,59.2299,0.0],[5.9942,59.2301,0.0],[6.0047,59.236,74.5978],[6.0097,59.2351,0.0],[6.0069,59.2365,74.5978],[6.0181,59.2343,0.0]]],
[[[5.9803,59.3401,7.9657],[5.9731,59.3413,0.7015],[5.9658,59.3387,7.7311],[5.9542,59.339,0.0],[5.9514,59.3374,0.0],[5.9508,59.3335,0.0],[5.9569,59.3335,3.0153],[5.9614,59.3312,0.0],[5.9575,59.3296,1.2772],[5.9631,59.3293,0.7548],[5.9653,59.3307,0.3742],[5.9647,59.3349,0.0],[5.9764,59.3329,1.2035],[5.9825,59.3349,5.25],[5.9842,59.3387,11.9812],[5.9803,59.3401,7.9657]]],
[[[6.0469,59.3932,0.0],[6.0353,59.3946,2.8916],[6.0319,59.3929,0.0],[6.0325,59.3849,0.0],[6.0392,59.386,0.0],[6.0469,59.3932,0.0]]],
[[[6.1892,59.3279,1.6792],[6.1914,59.3282,1.6792],[6.1914,59.3304,6.6895],[6.1875,59.3293,5.9747],[6.1892,59.3279,1.6792]]],
[[[6.2286,59.344,2.0816],[6.2303,59.3446,0.0],[6.2264,59.3457,0.0],[6.2253,59.3432,2.1073],[6.2275,59.3429,2.1073],[6.2286,59.344,2.0816]]],
[[[6.0586,59.3907,5.7553],[6.0475,59.3918,5.5268],[6.0481,59.3901,33.3812],[6.0414,59.3871,0.0],[6.0419,59.3854,0.0],[6.0403,59.3846,0.0],[6.0497,59.3838,5.0815],[6.0558,59.3851,0.0],[6.0597,59.389,0.0],[6.0586,59.3907,5.7553]]],
[[[6.0964,59.4038,0.0],[6.0908,59.4043,0.0],[6.0908,59.4015,13.9859],[6.0892,59.401,0.0],[6.0892,59.3976,0.0],[6.0875,59.396,0.0],[6.0958,59.3951,0.0],[6.0958,59.3968,3.3708],[6.1007999999999996,59.4012,5.3852],[6.1007999999999996,59.4032,2.7858],[6.0964,59.4038,0.0]]]]}
,"properties": {"GID_1": "NOR.13_1","GID_0": "NOR","country": "Norway","province": "Rogaland","VARNAME_1": "Rogalandfylke|Stavanger","NL_NAME_1": "NA","TYPE_1": "Fylke","ENGTYPE_1": "County","CC_1": "NA","HASC_1": "NO.RO","ISO_1": "NO-11","name": "Rogaland.province","area_km2": 9221.682,"hist_schema_id": "Elevation0-9000","hist_area_km2": {"0": 457.956,"25": 695.6,"50": 487.627,"75": 374.393,"100": 259.592,"125": 259.911,"150": 272.473,"175": 286.861,"200": 267.479,"225": 237.033,"250": 232.744,"275": 208.78,"300": 198.015,"325": 181.112,"350": 174.168,"375": 172.712,"400": 162.953,"425": 157.795,"450": 152.64,"475": 163.968,"500": 148.765,"525": 146.507,"550": 137.596,"575": 141.788,"600": 167.814,"625": 149.994,"650": 151.819,"675": 170.047,"700": 154.211,"725": 150.863,"750": 143.616,"775": 139.163,"800": 134.518,"825": 125.365,"850": 128.53,"875": 127.573,"900": 121.512,"925": 109.91,"950": 108.117,"975": 104.887,"1000": 101.743,"1025": 102.701,"1050": 138.391,"1075": 115.77,"1100": 106.299,"1125": 79.869,"1150": 66.13,"1175": 58.35,"1200": 50.124,"1225": 39.356,"1250": 34.71,"1275": 30.721,"1300": 27.708,"1325": 23.034,"1350": 18.872,"1375": 14.808,"1400": 10.672,"1425": 7.561,"1450": 6.051,"1475": 6.081,"1500": 5.203,"1525": 3.612,"1550": 3.494,"1575": 3.012,"1600": 0.919}}}