{"type": "Feature","bbox": [10.13,63.1782,14.3114,65.3411],"geometry": {"type": "MultiPolygon","coordinates": [[[[10.8889,63.6081,0.0],[10.8938,63.6104,13.5223],[10.9,63.6104,0.0],[10.9057,63.6078,11.3196],[10.9047,63.6047,7.6592],[10.9125,63.6042,0.0],[10.9172,63.6099,2.7039],[10.9229,63.6104,0.0],[10.9245,63.6099,0.0],[10.9245,63.6068,20.064],[10.9193,63.6047,18.8013],[10.9266,63.6005,16.6392],[10.9146,63.6,15.1547],[10.9,63.5938,24.427],[10.8922,63.5932,0.0],[10.8938,63.5917,8.3796],[10.9021,63.5917,0.0],[10.9063,63.5938,3.367],[10.9099,63.5932,0.0],[10.9161,63.5891,0.0],[10.9161,63.5859,2.8966],[10.9146,63.5854,10.7375],[10.9104,63.5875,0.0],[10.9,63.5833,33.3298],[10.8958,63.5854,24.6262],[10.8854,63.5854,21.097],[10.8813,63.5875,15.7284],[10.8771,63.5875,27.1615],[10.8734,63.5849,0.0],[10.8724,63.5818,78.86],[10.8589,63.5786,0.0],[10.8568,63.5766,27.3495],[10.8568,63.5734,25.1273],[10.8708,63.5729,0.0],[10.8729,63.5708,135.9926],[10.8708,63.5687,69.7249],[10.863,63.5682,0.0],[10.8609,63.563,29.6694],[10.8771,63.5625,0.0],[10.8813,63.5646,13.3614],[10.8875,63.5646,11.1363],[10.8917,63.5625,13.8587],[10.8958,63.5625,0.0],[10.9063,63.5667,0.0],[10.912,63.5641,0.0],[10.9146,63.5604,0.0],[10.9229,63.5604,0.0],[10.9271,63.5625,28.6556],[10.9333,63.5625,0.0],[10.9349,63.5609,19.5081],[10.9297,63.5599,0.0],[10.9208,63.5542,68.7473],[10.9089,63.5536,0.0],[10.9057,63.5484,74.0009],[10.8964,63.5474,0.0],[10.8938,63.5438,67.149],[10.8896,63.5458,0.0],[10.875,63.5438,48.282],[10.8708,63.5458,0.0],[10.8646,63.5458,0.0],[10.8604,63.5438,0.0],[10.8458,63.5438,0.0],[10.8354,63.5396,0.0],[10.8313,63.5417,0.0],[10.8271,63.5396,17.0737],[10.8208,63.5396,6.9367],[10.8167,63.5417,0.0],[10.8021,63.5417,0.0],[10.7979,63.5396,0.0],[10.7792,63.5396,0.0],[10.7714,63.537,0.0],[10.7682,63.5276,21.0287],[10.763,63.5266,0.0],[10.7599,63.5214,0.0],[10.7547,63.5182,0.0],[10.7547,63.5151,0.0],[10.7578,63.513,23.8456],[10.7526,63.512,0.0],[10.7505,63.5078,0.0],[10.7536,63.5057,0.0],[10.7547,63.5026,0.0],[10.7672,63.4964,6.8777],[10.7745,63.4953,16.2913],[10.7734,63.4922,0.0],[10.7771,63.4896,1.9641],[10.7755,63.4859,1.5111],[10.7964,63.4776,0.0],[10.8036,63.4766,4.2684],[10.8104,63.4729,2.5194],[10.8146,63.4729,0.0],[10.8188,63.4708,0.0],[10.8438,63.4708,0.0],[10.8521,63.475,0.0],[10.8583,63.475,0.0],[10.8625,63.4771,10.0271],[10.8729,63.4771,15.4542],[10.8833,63.4708,22.9889],[10.9042,63.4708,3.4123],[10.9042,63.4688,0.0],[10.912,63.4661,1.4176],[10.912,63.463,0.6933],[10.9099,63.4609,0.0],[10.8938,63.4583,3.6767],[10.8901,63.4557,1.6671],[10.8932,63.4536,0.0],[10.8953,63.4484,4.5212],[10.888,63.4474,0.0],[10.8833,63.4437,64.5056],[10.863,63.4432,51.7199],[10.8599,63.4401,99.6412],[10.8519,63.4374,74.3368],[10.8543,63.43,247.3329],[10.8443,63.4294,269.7442],[10.8627,63.3716,294.2982],[10.8528,63.3709,351.0053],[10.8556,63.362,283.1147],[10.8656,63.3627,276.654],[10.867,63.3582,271.9462],[10.8769,63.3588,311.2185],[10.8783,63.3544,322.8261],[10.8882,63.355,279.2531],[10.8896,63.3506,362.3886],[10.8996,63.3512,305.4731],[10.901,63.3468,349.9854],[10.9109,63.3474,356.4737],[10.9123,63.3429,368.0258],[10.9222,63.3435,409.9215],[10.9236,63.3391,417.0129],[10.9335,63.3397,475.5238],[10.9349,63.3353,412.2017],[10.9448,63.3359,420.2913],[10.9462,63.3314,455.9886],[10.9859,63.3339,453.4245],[10.9845,63.3384,436.7574],[11.0936,63.3451,392.3631],[11.095,63.3406,400.4353],[11.1446,63.3437,419.494],[11.1459,63.3392,481.1838],[11.1559,63.3398,421.2794],[11.1545,63.3443,431.9934],[11.1743,63.3455,506.536],[11.173,63.3499,454.5386],[11.2028,63.3517,567.3794],[11.2041,63.3473,555.2964],[11.2339,63.3491,495.4854],[11.2352,63.3446,495.5132],[11.265,63.3464,507.6625],[11.2664,63.342,538.0258],[11.2961,63.3438,442.8894],[11.2975,63.3393,455.6305],[11.3272,63.3411,474.9945],[11.3286,63.3367,502.4428],[11.3584,63.3384,538.433],[11.3597,63.334,533.7536],[11.3895,63.3357,671.8251],[11.3908,63.3313,686.3948],[11.4206,63.3331,850.1775],[11.4219,63.3286,793.9164],[11.4417,63.3298,1028.9047],[11.4431,63.3253,1037.7065],[11.453,63.3259,1140.8031],[11.4556,63.317,930.9902],[11.4655,63.3176,1043.8345],[11.4682,63.3087,1032.4091],[11.4781,63.3093,1056.4803],[11.482,63.2959,969.2608],[11.4919,63.2965,929.0989],[11.4946,63.2876,888.9717],[11.5045,63.2882,820.2648],[11.5084,63.2748,775.9371],[11.5183,63.2754,730.9807],[11.5222,63.262,672.6997],[11.5321,63.2626,680.2109],[11.5347,63.2537,710.8737],[11.5446,63.2543,686.8657],[11.5486,63.2409,696.3455],[11.5584,63.2415,645.8364],[11.561,63.2326,631.0708],[11.5709,63.2332,641.8203],[11.5748,63.2198,872.7861],[11.5847,63.2204,989.6444],[11.5886,63.207,995.0562],[11.5985,63.2076,982.5751],[11.6011,63.1987,773.9855],[11.611,63.1993,825.3428],[11.6148,63.1859,1021.3994],[11.6247,63.1865,1136.7484],[11.626,63.182,1364.3726],[11.6359,63.1826,1352.4227],[11.6371,63.1782,1310.4811],[11.726,63.1833,900.7443],[11.7273,63.1788,928.4204],[11.8162,63.1839,797.4093],[11.8175,63.1794,797.285],[11.9064,63.1844,888.6011],[11.9076,63.18,861.1654],[12.0064,63.1855,745.8882],[12.0077,63.181,755.6716],[12.0571,63.1837,732.7119],[12.0558,63.1882,744.5441],[12.046,63.1876,744.611],[12.0423,63.201,772.9368],[12.0324,63.2005,801.6558],[12.0275,63.2183,859.5504],[12.0176,63.2177,870.3323],[12.0127,63.2356,834.4948],[12.0028,63.235,841.2037],[11.9979,63.2529,850.2313],[11.9879,63.2523,877.4994],[11.9842,63.2657,997.0696],[11.9743,63.2651,1049.4869],[11.9731,63.2696,1103.7178],[11.983,63.2701,1054.379],[11.9805,63.279,869.8014],[11.9904,63.2796,864.4206],[11.9892,63.284,829.8837],[11.9991,63.2846,757.6641],[11.9979,63.2891,757.3333],[12.0078,63.2896,783.6684],[12.0053,63.2985,920.3375],[12.0153,63.2991,886.0291],[12.014,63.3035,891.6046],[12.0239,63.3041,863.0933],[12.0227,63.3085,825.5447],[12.0326,63.3091,770.9033],[12.0302,63.318,740.7532],[12.0401,63.3185,692.898],[12.0389,63.323,581.6819],[12.0488,63.3235,572.0921],[12.0476,63.328,518.4185],[12.0575,63.3285,575.3807],[12.0551,63.3374,515.3528],[12.065,63.338,653.4931],[12.0638,63.3424,652.108],[12.0737,63.343,688.6971],[12.0725,63.3474,764.825],[12.0824,63.348,807.992],[12.08,63.3569,705.5942],[12.0899,63.3574,692.3046],[12.0887,63.3619,689.5007],[12.0986,63.3624,689.6304],[12.0962,63.3713,730.9496],[12.1061,63.3719,723.8629],[12.1037,63.3808,709.0695],[12.1136,63.3813,689.2261],[12.1124,63.3858,746.0579],[12.1224,63.3863,723.4425],[12.1199,63.3953,802.0176],[12.1299,63.3958,798.8242],[12.1286,63.4003,796.8915],[12.1386,63.4008,825.8719],[12.1362,63.4097,849.925],[12.1461,63.4102,819.6632],[12.1437,63.4192,809.7548],[12.1537,63.4197,765.7423],[12.1524,63.4242,780.6158],[12.1624,63.4247,753.5395],[12.16,63.4336,749.2374],[12.1699,63.4341,729.553],[12.1687,63.4386,736.1881],[12.1787,63.4391,727.7776],[12.1763,63.4481,682.8313],[12.1862,63.4486,661.6121],[12.1838,63.4575,607.0259],[12.1938,63.458,642.8547],[12.1926,63.4625,608.0659],[12.2026,63.463,677.6523],[12.2001,63.472,680.5319],[12.2101,63.4725,773.2114],[12.2089,63.4769,812.144],[12.2189,63.4775,815.7535],[12.2177,63.4819,786.175],[12.2077,63.4814,790.4813],[12.198,63.5171,726.498],[12.188,63.5165,810.233],[12.177,63.5567,613.6304],[12.167,63.5561,716.7317],[12.156,63.5963,683.8964],[12.166,63.5968,711.0767],[12.1648,63.6013,786.9646],[12.1748,63.6018,752.7113],[12.1736,63.6063,822.8145],[12.1836,63.6068,716.4696],[12.1824,63.6112,674.1234],[12.1924,63.6118,645.1733],[12.1912,63.6162,628.6092],[12.2012,63.6168,615.8384],[12.2,63.6212,702.6269],[12.21,63.6218,696.7532],[12.2088,63.6262,700.3132],[12.2289,63.6273,650.2136],[12.2277,63.6317,624.7128],[12.2377,63.6323,587.9384],[12.2365,63.6367,528.2513],[12.2465,63.6373,551.3566],[12.2453,63.6417,552.7544],[12.2554,63.6423,488.7289],[12.2542,63.6467,492.1272],[12.2642,63.6472,468.7098],[12.263,63.6517,473.8584],[12.273,63.6522,453.3576],[12.2718,63.6567,432.1044],[12.2819,63.6572,496.3919],[12.2807,63.6617,498.1926],[12.2907,63.6622,563.098],[12.2895,63.6667,606.8247],[12.2996,63.6672,640.1075],[12.2971,63.6761,637.2241],[12.3072,63.6766,646.1589],[12.3048,63.6856,553.9509],[12.3148,63.6861,543.6176],[12.3124,63.695,530.7581],[12.3225,63.6955,499.9674],[12.3201,63.7045,504.7645],[12.3302,63.705,508.7597],[12.3277,63.7139,490.5],[12.3378,63.7144,518.9349],[12.3354,63.7233,563.549],[12.3455,63.7239,547.2565],[12.3443,63.7283,518.5897],[12.3543,63.7289,527.5127],[12.3531,63.7333,501.7215],[12.3632,63.7338,567.0063],[12.362,63.7383,565.0034],[12.3721,63.7388,563.7147],[12.3709,63.7433,541.8655],[12.381,63.7438,552.983],[12.3786,63.7527,539.6037],[12.3887,63.7532,561.201],[12.3875,63.7577,519.5265],[12.3976,63.7582,509.9477],[12.3964,63.7627,440.1349],[12.4065,63.7632,435.1502],[12.4053,63.7677,456.7437],[12.4153,63.7682,488.0543],[12.4141,63.7726,469.5695],[12.4242,63.7732,525.9996],[12.4219,63.7821,488.9135],[12.432,63.7826,494.2401],[12.4308,63.7871,457.5399],[12.4409,63.7876,422.1659],[12.4397,63.792,383.0],[12.4498,63.7926,419.0973],[12.4486,63.797,399.4232],[12.4587,63.7975,412.2979],[12.4563,63.8065,394.0111],[12.4664,63.807,402.0981],[12.4652,63.8114,438.004],[12.4753,63.812,434.9727],[12.4741,63.8164,508.0333],[12.4842,63.8169,479.5823],[12.4831,63.8214,496.1628],[12.4932,63.8219,444.9951],[12.4908,63.8308,460.7466],[12.5009,63.8313,452.7898],[12.4997,63.8358,456.3047],[12.5098,63.8363,453.3376],[12.5087,63.8408,434.5],[12.5188,63.8413,437.1988],[12.5164,63.8502,495.4437],[12.5265,63.8507,490.1185],[12.5253,63.8552,533.7159],[12.5355,63.8557,496.86],[12.5343,63.8602,516.7905],[12.5444,63.8607,492.2671],[12.5421,63.8696,504.5542],[12.5522,63.8701,496.3535],[12.551,63.8746,518.9172],[12.5611,63.8751,502.3363],[12.56,63.8795,525.7086],[12.5701,63.8801,508.0689],[12.5677,63.889,612.1111],[12.5779,63.8895,590.1066],[12.5767,63.894,649.1656],[12.5868,63.8945,619.0565],[12.5857,63.8989,681.4416],[12.5958,63.8994,672.3968],[12.5935,63.9084,779.9955],[12.6036,63.9089,763.5326],[12.6024,63.9133,827.7728],[12.6126,63.9138,789.4446],[12.6102,63.9228,714.4566],[12.6204,63.9233,720.0828],[12.6192,63.9277,610.8868],[12.6294,63.9282,580.0243],[12.6282,63.9327,573.9185],[12.6384,63.9332,550.0837],[12.636,63.9421,660.1005],[12.6462,63.9426,634.5618],[12.645,63.9471,730.1815],[12.6552,63.9476,718.3811],[12.654,63.9521,724.313],[12.6642,63.9526,702.934],[12.6618,63.9615,639.4049],[12.672,63.962,646.0867],[12.6708,63.9665,635.236],[12.681,63.967,672.0394],[12.6798,63.9714,637.5645],[12.69,63.9719,623.8947],[12.6888,63.9764,633.3372],[12.699,63.9769,579.924],[12.6979,63.9813,553.7637],[12.7182,63.9823,487.8119],[12.717,63.9868,467.6294],[12.7272,63.9873,420.2686],[12.7261,63.9918,421.5937],[12.7464,63.9928,525.9113],[12.7453,63.9972,551.8014],[12.7554,63.9977,697.5938],[12.7543,64.0022,661.4874],[12.7746,64.0032,673.5466],[12.7735,64.0076,677.0892],[12.7939,64.0086,600.8373],[12.7927,64.0131,629.5473],[12.8029,64.0136,594.402],[12.8018,64.0181,640.586],[12.8221,64.019,603.0012],[12.821,64.0235,664.3793],[12.8414,64.0245,676.4742],[12.8402,64.029,711.838],[12.8504,64.0294,590.7684],[12.8493,64.0339,559.0672],[12.8697,64.0349,481.2614],[12.8685,64.0394,465.9171],[12.8787,64.0398,454.6736],[12.8776,64.0443,448.7618],[12.898,64.0453,439.5],[12.8969,64.0497,439.5],[12.9173,64.0507,491.3582],[12.9161,64.0552,573.8523],[12.9263,64.0557,598.9968],[12.9252,64.0601,691.0829],[12.9864,64.063,459.8953],[12.9853,64.0675,488.1591],[13.0364,64.0699,447.4091],[13.0352,64.0744,447.3101],[13.0863,64.0767,476.8149],[13.0852,64.0812,450.9261],[13.1465,64.084,547.108],[13.1454,64.0885,545.9355],[13.1965,64.0908,686.7016],[13.1954,64.0953,771.9543],[13.2261,64.0967,898.635],[13.2272,64.0922,780.5552],[13.2578,64.0936,647.3839],[13.2589,64.0892,634.6721],[13.2896,64.0905,642.3326],[13.2906,64.0861,631.9288],[13.3213,64.0874,801.3547],[13.3224,64.083,728.569],[13.353,64.0843,985.2176],[13.3541,64.0799,940.7377],[13.3847,64.0812,1014.0991],[13.3858,64.0768,1019.8108],[13.4164,64.0781,936.4609],[13.4175,64.0737,960.2671],[13.4584,64.0755,998.1487],[13.4594,64.071,980.3323],[13.4901,64.0723,988.0671],[13.4911,64.0679,982.8707],[13.5218,64.0692,877.0253],[13.5228,64.0647,972.9755],[13.5534,64.066,837.0547],[13.5545,64.0616,805.3499],[13.5851,64.0629,780.7325],[13.5861,64.0584,731.566],[13.6168,64.0597,747.3421],[13.6178,64.0553,716.1177],[13.6484,64.0566,699.3906],[13.6495,64.0521,632.0315],[13.6699,64.053,813.7271],[13.6709,64.0485,642.0893],[13.7015,64.0498,985.6939],[13.7025,64.0453,772.4366],[13.7332,64.0466,871.2213],[13.7342,64.0422,720.4989],[13.7546,64.043,690.2004],[13.7556,64.0385,606.1835],[13.776,64.0394,567.6389],[13.777,64.0349,547.2093],[13.7974,64.0358,559.0588],[13.7984,64.0313,550.3457],[13.829,64.0326,585.9529],[13.83,64.0281,519.1883],[13.8504,64.0289,585.0014],[13.8514,64.0245,496.3346],[13.8718,64.0253,650.3111],[13.8728,64.0208,610.0804],[13.8932,64.0217,734.6669],[13.8942,64.0172,735.6893],[13.9146,64.018,644.3188],[13.9156,64.0136,687.4291],[13.936,64.0144,530.3475],[13.9369,64.0099,522.6977],[13.9777,64.0116,373.3008],[13.9758,64.0205,373.3297],[13.986,64.021,373.1791],[13.9851,64.0254,373.3283],[13.9953,64.0258,378.0481],[13.9933,64.0348,436.8888],[14.0036,64.0352,483.4773],[14.0016,64.0441,468.5423],[14.0119,64.0445,479.5349],[14.01,64.0535,498.5664],[14.0202,64.0539,448.8762],[14.0192,64.0584,404.6367],[14.0294,64.0588,381.2529],[14.0275,64.0677,344.1302],[14.0378,64.0681,344.324],[14.0358,64.0771,343.9906],[14.0461,64.0775,344.069],[14.0442,64.0864,344.3593],[14.0544,64.0869,344.3108],[14.0525,64.0958,392.8158],[14.0627,64.0962,505.6227],[14.0618,64.1007,553.8618],[14.072,64.1011,602.9536],[14.0701,64.11,557.3059],[14.0804,64.1105,527.2856],[14.0785,64.1194,518.7778],[14.0887,64.1198,446.3194],[14.0868,64.1288,410.5652],[14.0971,64.1292,388.4623],[14.0952,64.1381,410.3408],[14.1054,64.1385,427.2802],[14.1035,64.1475,587.5317],[14.1138,64.1479,652.2892],[14.1128,64.1523,648.4694],[14.1231,64.1527,665.5795],[14.1212,64.1617,648.1456],[14.1315,64.1621,643.1761],[14.1296,64.171,641.2054],[14.1399,64.1714,651.9203],[14.138,64.1804,740.3295],[14.1482,64.1808,809.0391],[14.1464,64.1897,986.8492],[14.1566,64.1901,902.4993],[14.1472,64.2349,912.1561],[14.1575,64.2353,909.1545],[14.1149,64.4367,717.7976],[14.1252,64.4371,660.2866],[14.1195,64.4639,361.2023],[14.1091,64.4635,346.089],[14.1082,64.468,367.2178],[14.0978,64.4676,336.9385],[14.0959,64.4765,335.2637],[14.0855,64.4761,311.2361],[14.0845,64.4806,410.0992],[14.0638,64.4798,364.2287],[14.0628,64.4843,489.2997],[14.0421,64.4835,380.9551],[14.0411,64.4879,448.7756],[14.0204,64.4871,361.8152],[14.0194,64.4916,421.639],[13.9882,64.4903,311.097],[13.9873,64.4948,355.7216],[13.9665,64.494,314.8819],[13.9655,64.4985,372.7781],[13.9448,64.4976,385.3488],[13.9438,64.5021,345.5603],[13.923,64.5013,346.1988],[13.922,64.5058,376.1376],[13.9013,64.5049,336.3245],[13.9003,64.5094,339.0102],[13.8795,64.5086,322.256],[13.8785,64.513,358.4619],[13.8681,64.5126,361.6349],[13.8671,64.5171,397.0435],[13.8567,64.5167,418.6405],[13.8557,64.5211,478.6363],[13.8453,64.5207,475.4799],[13.8443,64.5252,496.8346],[13.8339,64.5248,496.2725],[13.8329,64.5292,499.1569],[13.8122,64.5284,451.7072],[13.8111,64.5329,485.4317],[13.8008,64.5324,462.9586],[13.7997,64.5369,501.0847],[13.7893,64.5365,508.6805],[13.7883,64.541,566.923],[13.7779,64.5405,557.5709],[13.7769,64.545,553.1744],[13.7665,64.5446,581.5057],[13.7655,64.549,570.9811],[13.7551,64.5486,615.807],[13.7541,64.5531,625.1068],[13.7437,64.5527,647.7894],[13.7427,64.5571,618.6649],[13.7219,64.5563,604.5729],[13.7209,64.5607,598.0748],[13.7105,64.5603,541.414],[13.7094,64.5648,548.3337],[13.699,64.5644,648.5203],[13.698,64.5688,591.894],[13.6876,64.5684,634.6313],[13.6866,64.5729,587.6945],[13.6762,64.5724,632.5451],[13.6751,64.5769,587.9965],[13.6647,64.5765,631.0586],[13.6637,64.5809,628.366],[13.6533,64.5805,773.2172],[13.6522,64.585,741.3284],[13.6626,64.5854,616.3661],[13.6606,64.5944,661.0365],[13.671,64.5948,529.3029],[13.6689,64.6037,511.2285],[13.6793,64.6042,499.5986],[13.6773,64.6131,470.5554],[13.6877,64.6135,509.7888],[13.6856,64.6225,433.9995],[13.696,64.6229,435.854],[13.694,64.6319,348.4566],[13.7044,64.6323,309.5],[13.7024,64.6412,322.3694],[13.7128,64.6417,309.5],[13.7118,64.6461,313.4965],[13.7222,64.6466,311.5387],[13.7201,64.6555,492.3191],[13.7306,64.656,518.9647],[13.7295,64.6604,544.2992],[13.74,64.6609,450.6615],[13.7379,64.6698,419.6534],[13.7484,64.6702,446.0438],[13.7474,64.6747,451.2367],[13.7578,64.6751,478.208],[13.7557,64.6841,417.5234],[13.7662,64.6845,475.4551],[13.7652,64.689,419.3858],[13.7756,64.6894,522.4047],[13.7736,64.6984,472.5479],[13.784,64.6988,509.3374],[13.783,64.7033,496.962],[13.7935,64.7037,521.2787],[13.7914,64.7126,637.1699],[13.8019,64.7131,614.7634],[13.8009,64.7175,576.6893],[13.8113,64.7179,639.4826],[13.8093,64.7269,661.5781],[13.8198,64.7273,718.5968],[13.8177,64.7363,679.9915],[13.8282,64.7367,703.4659],[13.8272,64.7412,698.2466],[13.8377,64.7416,793.9795],[13.8367,64.7461,690.3908],[13.8471,64.7465,740.7677],[13.8451,64.7554,649.8177],[13.8556,64.7559,651.6483],[13.8536,64.7648,772.9542],[13.864,64.7652,739.1849],[13.863,64.7697,803.1459],[13.8735,64.7701,838.3112],[13.8715,64.7791,792.9115],[13.882,64.7795,804.5684],[13.881,64.784,682.6448],[13.8915,64.7844,605.511],[13.8895,64.7933,753.7819],[13.8999,64.7937,749.1205],[13.8989,64.7982,700.3246],[13.9094,64.7986,772.2092],[13.9074,64.8076,830.2013],[13.9179,64.808,926.0878],[13.9169,64.8125,854.4844],[13.9274,64.8129,951.9218],[13.9254,64.8218,848.7542],[13.9359,64.8223,828.6591],[13.9349,64.8267,791.2521],[13.9454,64.8272,795.7884],[13.9434,64.8361,643.2059],[13.9539,64.8365,593.1475],[13.9529,64.841,574.7859],[13.9635,64.8414,537.1915],[13.9615,64.8504,613.414],[13.972,64.8508,649.9015],[13.971,64.8552,692.0966],[13.9815,64.8557,652.5067],[13.9795,64.8646,629.6725],[13.99,64.865,568.5768],[13.989,64.8695,530.848],[13.9996,64.8699,533.8652],[13.9976,64.8789,546.8556],[14.0081,64.8793,611.7679],[14.0071,64.8837,603.6446],[14.0176,64.8842,619.0632],[14.0157,64.8931,613.498],[14.0262,64.8935,651.2399],[14.0242,64.9025,564.5892],[14.0347,64.9029,612.1009],[14.0338,64.9074,530.2896],[14.0443,64.9078,542.2624],[14.0423,64.9167,595.0288],[14.0529,64.9171,595.2379],[14.0519,64.9216,772.3018],[14.0624,64.922,768.5507],[14.0605,64.931,657.5511],[14.071,64.9314,642.9918],[14.07,64.9358,792.6742],[14.0806,64.9362,733.6323],[14.0786,64.9452,811.0206],[14.0892,64.9456,802.8141],[14.0882,64.9501,815.464],[14.0987,64.9505,875.6539],[14.0978,64.955,725.4478],[14.1083,64.9554,656.3986],[14.1064,64.9643,547.5909],[14.1169,64.9647,612.519],[14.1159,64.9692,659.968],[14.1265,64.9696,770.2921],[14.1246,64.9786,863.7327],[14.1351,64.979,960.7598],[14.1341,64.9834,907.9581],[14.1447,64.9838,871.3563],[14.1428,64.9928,667.7619],[14.1533,64.9932,664.1099],[14.1524,64.9977,659.0125],[14.163,64.9981,675.5734],[14.162,65.0025,739.6353],[14.1726,65.0029,778.7182],[14.1706,65.0119,903.3387],[14.1812,65.0123,892.2706],[14.1802,65.0168,855.7422],[14.1908,65.0172,787.5351],[14.1889,65.0261,669.3242],[14.1995,65.0265,669.2556],[14.1985,65.031,669.1762],[14.2091,65.0314,669.1981],[14.2081,65.0359,677.8913],[14.2187,65.0363,703.3123],[14.2168,65.0452,827.654],[14.2274,65.0456,863.6026],[14.2264,65.0501,961.8801],[14.237,65.0505,979.6892],[14.2351,65.0594,1227.6697],[14.2457,65.0598,1360.0364],[14.2447,65.0643,1400.2159],[14.2553,65.0647,1165.2151],[14.2544,65.0692,1262.028],[14.265,65.0696,993.672],[14.2631,65.0785,909.6598],[14.2737,65.0789,846.5566],[14.2727,65.0834,845.0747],[14.2833,65.0838,842.358],[14.2824,65.0883,859.4955],[14.293,65.0887,919.0239],[14.2911,65.0976,1071.8348],[14.3017,65.098,993.5879],[14.3008,65.1025,997.2205],[14.3114,65.1029,1007.7719],[14.3104,65.1074,1019.2405],[14.2998,65.107,999.3807],[14.2989,65.1115,1093.0758],[14.2882,65.1111,1178.8313],[14.2873,65.1155,1132.6014],[14.266,65.1148,1133.4],[14.2651,65.1192,1199.6135],[14.2438,65.1184,1134.2682],[14.2429,65.1229,1183.1036],[14.2216,65.1221,1097.0764],[14.2206,65.1266,1174.3567],[14.1994,65.1258,1194.3895],[14.1984,65.1303,1426.8937],[14.1878,65.1299,1426.396],[14.1868,65.1344,1423.6332],[14.1655,65.1336,1172.5703],[14.1646,65.138,1360.4337],[14.1539,65.1376,1369.368],[14.153,65.1421,1320.9186],[14.1423,65.1417,1241.8015],[14.1433,65.1372,1282.1842],[14.1114,65.136,1042.8787],[14.1124,65.1315,1150.399],[14.0805,65.1303,1035.193],[14.0815,65.1258,1079.5549],[14.0603,65.125,1098.3086],[14.0593,65.1295,1012.739],[14.0274,65.1283,1135.322],[14.0264,65.1328,1043.2915],[13.952,65.1299,1018.0694],[13.953,65.1254,1072.4133],[13.8149,65.1199,701.5217],[13.816,65.1154,692.2126],[13.7841,65.1142,826.1616],[13.7852,65.1097,870.2538],[13.7533,65.1084,838.3657],[13.7523,65.1129,864.8725],[13.6674,65.1094,659.13],[13.6663,65.1139,649.0],[13.6132,65.1117,713.578],[13.6122,65.1162,662.1252],[13.5485,65.1135,1008.4191],[13.5474,65.118,1006.634],[13.505,65.1162,797.0017],[13.506,65.1118,833.8743],[13.4742,65.1104,568.6337],[13.4753,65.1059,572.7906],[13.3692,65.1014,279.3504],[13.3681,65.1059,273.3748],[13.2939,65.1027,455.9108],[13.2928,65.1072,475.7311],[13.261,65.1058,290.0386],[13.2598,65.1102,276.5802],[13.2174,65.1084,329.8592],[13.2163,65.1128,328.8318],[13.1844,65.1115,586.6221],[13.1833,65.1159,643.7518],[13.0879,65.1117,849.4982],[13.0902,65.1027,689.3312],[13.0796,65.1023,741.3153],[13.0807,65.0978,674.5475],[13.0701,65.0973,723.5214],[13.0724,65.0884,593.3262],[13.0618,65.0879,597.0265],[13.063,65.0834,557.4369],[13.0524,65.083,575.4618],[13.0547,65.074,829.8563],[12.9912,65.0711,869.583],[12.9924,65.0667,889.9252],[12.9818,65.0662,807.6935],[12.9853,65.0528,760.7266],[12.9747,65.0523,735.3137],[12.9782,65.0389,888.1797],[12.9676,65.0384,887.9955],[12.9665,65.0429,847.7725],[12.9242,65.041,826.0608],[12.9254,65.0365,884.4079],[12.9148,65.036,861.5798],[12.916,65.0315,795.2319],[12.9054,65.031,761.3651],[12.9066,65.0266,757.7372],[12.9171,65.0271,771.2632],[12.9183,65.0226,779.5265],[12.9289,65.0231,722.3043],[12.9301,65.0186,710.3804],[12.9348,65.0008,702.6064],[12.9242,65.0003,633.3199],[12.9277,64.9869,953.9846],[12.9172,64.9864,900.6851],[12.9195,64.9774,617.7354],[12.8984,64.9765,590.2239],[12.8996,64.972,590.8477],[12.8574,64.97,747.915],[12.8562,64.9745,735.1489],[12.8141,64.9725,790.374],[12.8129,64.977,750.5378],[12.7707,64.975,783.2402],[12.7767,64.9527,693.1423],[12.7872,64.9532,772.1218],[12.7896,64.9443,706.134],[12.7369,64.9418,775.7833],[12.7357,64.9463,809.116],[12.7147,64.9453,726.197],[12.7135,64.9497,845.3839],[12.7029,64.9492,768.2386],[12.7017,64.9537,825.0801],[12.6701,64.9522,838.1394],[12.6713,64.9477,894.4218],[12.6187,64.9452,858.1609],[12.6174,64.9496,815.1203],[12.6069,64.9491,802.3091],[12.6057,64.9536,740.6282],[12.5951,64.9531,705.1158],[12.5927,64.962,789.485],[12.5822,64.9615,818.2057],[12.5797,64.9704,756.6901],[12.5692,64.9699,744.9038],[12.5679,64.9744,714.363],[12.5363,64.9729,461.7321],[12.5351,64.9773,637.549],[12.5034,64.9758,554.0117],[12.5022,64.9802,511.262],[12.4706,64.9787,357.1363],[12.4693,64.9832,456.1077],[12.4482,64.9821,457.3451],[12.447,64.9866,494.1029],[12.4153,64.985,636.4059],[12.4141,64.9895,691.0753],[12.393,64.9884,696.6124],[12.3917,64.9929,732.3456],[12.3812,64.9924,702.9645],[12.3824,64.9879,708.5979],[12.3614,64.9869,577.2949],[12.3626,64.9824,629.5132],[12.3521,64.9819,490.9438],[12.3534,64.9774,531.6159],[12.3323,64.9764,364.3747],[12.3335,64.9719,403.999],[12.323,64.9714,387.2006],[12.3243,64.9669,395.5729],[12.3032,64.9659,474.5822],[12.3045,64.9614,492.6752],[12.294,64.9609,512.4881],[12.2952,64.9564,446.2367],[12.2847,64.9559,561.1446],[12.2834,64.9604,577.1162],[12.2729,64.9598,615.7303],[12.2716,64.9643,629.16],[12.2611,64.9638,631.4952],[12.2598,64.9682,537.0857],[12.1966,64.965,75.1229],[12.194,64.9739,120.4239],[12.1835,64.9734,191.2059],[12.177,64.9957,21.7132],[12.1875,64.9962,0.0],[12.1849,65.0052,38.1668],[12.1836,65.0096,53.7429],[12.1731,65.0091,215.1812],[12.1692,65.0225,302.921],[12.1586,65.0219,340.2077],[12.1573,65.0264,319.1589],[12.1468,65.0258,243.2431],[12.1481,65.0214,402.7607],[12.1375,65.0208,286.3735],[12.1388,65.0164,285.8247],[12.1283,65.0158,312.0457],[12.1296,65.0114,397.7815],[12.119,65.0108,471.1546],[12.1203,65.0064,528.1599],[12.1098,65.0058,555.8949],[12.1111,65.0014,535.1625],[12.1006,65.0008,170.8217],[12.0993,65.0053,120.5],[12.0887,65.0048,246.8834],[12.0861,65.0137,445.9796],[12.0755,65.0131,476.5385],[12.0742,65.0176,422.7398],[12.0637,65.0171,441.487],[12.061,65.026,161.3006],[12.0505,65.0254,58.5539],[12.0439,65.0477,134.7206],[12.0544,65.0483,380.7611],[12.0491,65.0661,0.0],[12.0385,65.0656,22.0387],[12.0372,65.07,31.3425],[12.0055,65.0684,0.0],[12.0042,65.0728,27.4822],[11.9725,65.0712,27.7215],[11.9711,65.0756,58.1626],[11.9183,65.0729,236.0757],[11.9196,65.0684,51.0439],[11.8879,65.0668,299.3347],[11.8866,65.0712,455.6003],[11.8972,65.0718,418.2309],[11.8958,65.0762,347.0399],[11.9064,65.0768,355.9401],[11.9037,65.0857,132.3819],[11.9142,65.0863,179.8127],[11.9129,65.0907,32.5],[11.9235,65.0913,100.9691],[11.9181,65.1091,53.709],[11.9287,65.1097,159.93],[11.9219,65.1319,368.4694],[11.9325,65.1325,406.5914],[11.9291,65.1438,19.917],[11.9167,65.1396,14.6881],[11.9089,65.1391,0.0],[11.9057,65.1359,20.8782],[11.8964,65.1328,0.0],[11.8974,65.1297,0.0],[11.8911,65.1255,3.4279],[11.8693,65.1203,0.0],[11.8667,65.1167,14.4293],[11.8589,65.1162,0.0],[11.862,65.1141,8.0111],[11.8599,65.1109,0.0],[11.8443,65.1057,0.0],[11.8411,65.1005,0.0],[11.8359,65.0995,1.7166],[11.8328,65.0943,2.0194],[11.8214,65.0911,0.0],[11.8203,65.088,5.0734],[11.8151,65.087,0.0],[11.8167,65.0854,5.868],[11.8271,65.0854,0.0],[11.8286,65.0839,4.8135],[11.8109,65.0787,0.0],[11.8099,65.0755,24.9341],[11.8047,65.0745,0.0],[11.8036,65.0714,0.0],[11.7958,65.0708,8.9188],[11.788,65.0682,0.0],[11.7849,65.0651,4.2669],[11.7797,65.0641,0.0],[11.7828,65.0609,42.4637],[11.7734,65.0578,12.4341],[11.7682,65.0505,0.0],[11.762,65.0463,25.7734],[11.7526,65.0432,0.0],[11.7432,65.0255,40.5875],[11.738,65.0234,0.0],[11.7411,65.0224,0.0],[11.7401,65.0172,0.0],[11.7474,65.0141,53.7869],[11.7484,65.0109,0.0],[11.7708,65.0125,0.0],[11.7786,65.0151,0.0],[11.7797,65.0182,32.9062],[11.7875,65.0188,0.0],[11.8016,65.0234,0.0],[11.8026,65.0266,27.7239],[11.8104,65.0292,38.9783],[11.8167,65.0292,0.0],[11.8375,65.0354,6.7626],[11.8458,65.0354,0.0],[11.8547,65.0411,0.0],[11.8625,65.0437,0.0],[11.8688,65.0437,0.0],[11.8828,65.0484,0.0],[11.889099999999999,65.0526,0.0],[11.8901,65.0557,12.2178],[11.8979,65.0583,0.0],[11.9057,65.0589,0.0],[11.9104,65.0625,0.0],[11.9182,65.063,0.0],[11.9193,65.0661,0.0],[11.9333,65.0708,7.3258],[11.9438,65.0708,6.068],[11.9495,65.0682,7.0171],[11.9495,65.0651,0.0],[11.9443,65.0641,0.0],[11.9391,65.0568,172.4658],[11.9359,65.0568,52.1741],[11.9292,65.0604,29.1735],[11.9214,65.0578,0.0],[11.912,65.0505,65.3902],[11.8938,65.0458,38.0402],[11.8859,65.0453,0.0],[11.8849,65.0422,0.0],[11.8771,65.0396,0.0],[11.8693,65.0391,0.0],[11.8661,65.0339,9.5709],[11.8484,65.0286,0.0],[11.8474,65.0255,0.0],[11.8438,65.0229,34.4607],[11.8375,65.0229,0.0],[11.8333,65.0208,0.0],[11.8292,65.0229,8.0012],[11.8229,65.0229,0.0],[11.8188,65.0208,54.4188],[11.8146,65.0229,0.0],[11.8109,65.0224,0.0],[11.8068,65.0203,0.0],[11.8016,65.013,0.0],[11.7964,65.012,12.8132],[11.7901,65.0078,35.1185],[11.7901,65.0047,37.5585],[11.7932,65.0036,0.0],[11.7922,65.0005,0.0],[11.7958,64.9979,0.0],[11.7917,64.9938,0.0],[11.7755,64.9943,8.0748],[11.7766,65.0016,0.0],[11.7693,65.0026,84.1035],[11.7625,65.0062,0.0],[11.7589,65.0057,0.0],[11.7578,65.0026,0.0],[11.7526,65.0016,0.0],[11.7516,64.9984,18.7949],[11.7479,64.9979,64.0661],[11.7391,65.0036,8.4109],[11.7297,65.0047,14.8716],[11.7307,65.0078,0.0],[11.7276,65.0089,0.0],[11.7266,65.012,0.0],[11.7193,65.013,53.8359],[11.7182,65.0162,0.0],[11.7021,65.0167,22.6008],[11.6911,65.0089,54.9072],[11.6818,65.0057,0.0],[11.6849,65.0036,43.5056],[11.6833,65.0021,7.9642],[11.6693,65.0026,0.0],[11.6745,65.0057,42.4799],[11.6687,65.0083,46.9637],[11.6479,65.0083,0.0],[11.6375,65.0021,21.1113],[11.6333,65.0042,0.0],[11.6286,65.0005,11.877],[11.6193,64.9995,0.0],[11.6109,64.9932,0.0],[11.6078,64.9838,14.8701],[11.6026,64.9828,12.8242],[11.6042,64.9812,9.6415],[11.6141,64.9807,0.0],[11.6167,64.9771,0.0],[11.6271,64.9771,0.0],[11.6375,64.9812,13.1304],[11.6729,64.9812,0.0],[11.6771,64.9833,0.0],[11.6833,64.9833,0.0],[11.6896,64.9854,46.6579],[11.6995,64.9807,0.0],[11.6984,64.9776,0.0],[11.7125,64.9729,0.0],[11.7224,64.9755,0.0],[11.7193,64.9776,12.7009],[11.7188,64.9812,24.3921],[11.7229,64.9854,0.0],[11.7563,64.9833,0.0],[11.7661,64.9786,0.0],[11.7661,64.9755,45.4942],[11.7521,64.9708,85.9008],[11.7417,64.9708,0.0],[11.7375,64.9688,0.0],[11.7276,64.9682,0.0],[11.7307,64.9651,0.0],[11.7255,64.962,0.0],[11.7292,64.9583,0.0],[11.7266,64.9547,0.0],[11.7146,64.9542,7.2626],[11.713,64.9557,44.3543],[11.7182,64.9578,0.0],[11.7104,64.9583,0.0],[11.7,64.9542,19.6211],[11.6958,64.9542,30.2484],[11.6917,64.9563,0.0],[11.6813,64.9563,0.0],[11.6766,64.9526,0.0],[11.6687,64.9521,0.0],[11.6672,64.9537,0.0],[11.6724,64.9547,0.0],[11.6745,64.9568,8.1723],[11.6745,64.9599,5.7043],[11.6687,64.9625,0.0],[11.663,64.963,36.823],[11.6521,64.9688,27.5647],[11.6458,64.9688,42.991],[11.6375,64.9646,48.2718],[11.625,64.9646,96.5929],[11.6208,64.9667,35.414],[11.6167,64.9667,17.2227],[11.613,64.9641,0.0],[11.6245,64.9578,0.0],[11.6255,64.9547,0.0],[11.6313,64.9521,0.0],[11.637,64.9516,0.0],[11.6359,64.9484,0.0],[11.639099999999999,64.9474,7.9173],[11.6401,64.9443,0.0],[11.6495,64.9453,0.0],[11.6458,64.9375,0.0],[11.6479,64.9354,0.0],[11.6521,64.9375,6.6381],[11.6557,64.937,0.0],[11.6521,64.9333,30.7064],[11.6458,64.9333,7.3769],[11.6411,64.937,0.0],[11.6318,64.938,0.0],[11.6328,64.9432,11.4186],[11.6255,64.9464,127.4811],[11.6266,64.9495,0.0],[11.6234,64.9505,0.0],[11.6224,64.9537,75.6006],[11.6151,64.9547,86.3737],[11.6068,64.9589,49.9805],[11.6042,64.9625,0.0],[11.5922,64.9599,40.1678],[11.5911,64.9568,105.5481],[11.5859,64.9557,12.7612],[11.5828,64.9505,0.0],[11.5776,64.9495,0.0],[11.575,64.9458,0.0],[11.5714,64.9464,0.0],[11.5745,64.9557,0.0],[11.5688,64.9583,0.0],[11.5646,64.9563,65.0148],[11.5417,64.9563,0.0],[11.5375,64.9542,5.4865],[11.5229,64.9542,0.0],[11.5188,64.9521,0.0],[11.5104,64.9521,0.0],[11.5078,64.9484,0.0],[11.4984,64.9474,0.0],[11.4911,64.9422,1.8657],[11.4813,64.9417,0.0],[11.4755,64.9391,0.0],[11.4786,64.937,0.0],[11.4776,64.9339,2.0273],[11.4833,64.9313,0.0],[11.4891,64.9307,0.0],[11.4932,64.9276,0.0],[11.4771,64.9271,13.9999],[11.4672,64.9297,0.0],[11.4667,64.9333,0.0],[11.4682,64.937,0.0],[11.4667,64.9375,0.0],[11.45,64.9354,0.0],[11.4359,64.9307,0.0],[11.4391,64.9276,2.389],[11.4208,64.925,0.0],[11.4063,64.9187,9.8607],[11.3979,64.9187,0.0],[11.3922,64.9161,0.0],[11.3917,64.9146,6.1168],[11.3859,64.9141,0.0],[11.3766,64.9068,9.0641],[11.3646,64.9063,0.0],[11.3568,64.9036,0.0],[11.3536,64.8984,0.0],[11.3484,64.8974,0.0],[11.3516,64.8943,5.4115],[11.3333,64.8917,0.0],[11.3292,64.8896,0.0],[11.3229,64.8896,0.0],[11.3089,64.8849,0.0],[11.3078,64.8818,19.0457],[11.2964,64.8786,0.0],[11.2953,64.8755,0.0],[11.2859,64.8745,0.0],[11.2891,64.8714,0.0],[11.2839,64.8703,0.0],[11.2776,64.8662,0.0],[11.2807,64.8641,0.0],[11.2797,64.8609,0.0],[11.2828,64.8588,0.0],[11.2776,64.8568,0.0],[11.2891,64.8516,4.4311],[11.2891,64.8484,0.0],[11.2875,64.8479,9.6201],[11.275,64.8479,0.0],[11.2693,64.8464,0.0],[11.2651,64.8484,11.2486],[11.264099999999999,64.8516,0.0],[11.2609,64.8526,0.0],[11.2661,64.8547,0.0],[11.2646,64.8562,0.0],[11.2604,64.8562,0.0],[11.2562,64.8542,0.0],[11.2396,64.8542,0.0],[11.2354,64.8521,0.0],[11.225,64.8521,0.0],[11.2234,64.8526,0.0],[11.2229,64.8562,0.0],[11.2234,64.8578,17.1702],[11.2313,64.8604,4.0652],[11.2375,64.8583,0.0],[11.2479,64.8625,0.0],[11.2625,64.8625,8.3679],[11.2682,64.8609,0.0],[11.2724,64.8682,0.0],[11.2651,64.8724,3.6765],[11.2745,64.8755,0.0],[11.2797,64.8828,0.0],[11.2875,64.8854,0.0],[11.2891,64.8849,0.0],[11.288,64.8818,0.0],[11.2917,64.8812,0.0],[11.2958,64.8833,0.4882],[11.3036,64.8839,0.0],[11.3047,64.887,1.4857],[11.3161,64.8901,0.0],[11.3161,64.8932,0.0],[11.313,64.8953,0.0],[11.3182,64.8974,13.6837],[11.3005,64.8984,0.0],[11.3026,64.9057,0.0],[11.3078,64.9068,0.0],[11.3047,64.9099,0.0],[11.3203,64.9109,0.0],[11.3214,64.9141,0.0],[11.3286,64.9193,7.7148],[11.3297,64.9224,15.0326],[11.3438,64.9271,0.0],[11.3557,64.9276,0.0],[11.3484,64.9307,2.7647],[11.3536,64.9318,0.0],[11.3547,64.9349,0.0],[11.3599,64.9359,0.0],[11.3609,64.9391,27.0002],[11.3661,64.9401,0.0],[11.3687,64.9437,0.0],[11.3682,64.9474,0.0],[11.3458,64.9458,0.0],[11.3354,64.9417,13.803],[11.325,64.9417,0.0],[11.3146,64.9375,2.9695],[11.3083,64.9375,0.0],[11.3057,64.9339,0.0],[11.2917,64.9292,3.5831],[11.2839,64.9287,0.0],[11.2818,64.9266,0.0],[11.2849,64.9245,0.0],[11.2833,64.9229,0.0],[11.2776,64.9234,0.0],[11.2766,64.9266,0.0],[11.2667,64.9313,0.0],[11.2589,64.9287,0.0],[11.2583,64.9271,0.0],[11.2589,64.9255,0.0],[11.2646,64.925,0.0],[11.2703,64.9224,0.0],[11.2682,64.9151,1.0547],[11.2646,64.9125,0.0],[11.2542,64.9125,0.0],[11.2484,64.9151,0.0],[11.2495,64.9182,0.0],[11.2453,64.9203,0.0],[11.2375,64.9208,3.865],[11.2318,64.9234,31.9014],[11.2339,64.9266,0.7245],[11.2391,64.9287,0.0],[11.2313,64.9292,0.0],[11.2255,64.9318,0.0],[11.2307,64.9339,0.0],[11.2328,64.937,1.1164],[11.2255,64.9401,1.7744],[11.2245,64.9432,0.0],[11.2021,64.9437,0.0],[11.1979,64.9417,8.9483],[11.1938,64.9437,0.0],[11.1875,64.9417,14.6179],[11.1792,64.9458,0.0],[11.175,64.9437,20.9122],[11.1708,64.9458,0.0],[11.1646,64.9458,0.0],[11.163,64.9474,0.0],[11.1661,64.9537,6.3278],[11.1625,64.9542,6.6723],[11.1625,64.9563,0.0],[11.1542,64.9563,0.0],[11.1484,64.9589,8.2439],[11.1599,64.9641,2.0973],[11.1417,64.9646,0.0],[11.1375,64.9625,8.181],[11.1318,64.9651,0.0],[11.1396,64.9688,16.5733],[11.1458,64.9688,0.0],[11.1536,64.9714,0.0],[11.1547,64.9745,18.2861],[11.1641,64.9755,0.0],[11.1661,64.9786,0.0],[11.125,64.9792,0.0],[11.1224,64.9828,2.4301],[11.1125,64.9854,3.7214],[11.0875,64.9854,8.0358],[11.0792,64.9896,0.0],[11.05,64.9896,7.0559],[11.0484,64.9901,6.7249],[11.0495,64.9932,1.3787],[11.0458,64.9938,5.7656],[11.0432,64.9901,2.9518],[11.038,64.9891,0.0],[11.0354,64.9854,0.0],[11.0172,64.987,0.0],[11.0208,64.9833,0.0],[11.0172,64.9766,0.0],[11.0203,64.9734,11.0273],[11.0083,64.9729,0.0],[11.0068,64.9714,0.0],[11.0125,64.9688,0.0],[11.0229,64.9688,4.2736],[11.0245,64.9672,0.0],[11.0104,64.9625,0.0],[10.9979,64.9625,0.0],[10.9938,64.9583,0.0],[10.9875,64.9604,2.0576],[10.9833,64.9583,0.0],[10.9771,64.9583,0.9772],[10.9729,64.9542,0.0],[10.9693,64.9547,0.0],[10.9703,64.9578,0.0],[10.9688,64.9583,0.0],[10.9583,64.9583,0.0],[10.9542,64.9563,0.0],[10.9479,64.9563,0.0],[10.9443,64.9537,2.3136],[10.9432,64.9505,0.0],[10.9354,64.9479,0.0],[10.9313,64.95,0.0],[10.9276,64.9495,0.0],[10.9245,64.9422,0.0],[10.9,64.9396,0.0],[10.8974,64.9359,10.3492],[10.8854,64.9313,0.0],[10.8688,64.9313,0.0],[10.8583,64.9271,19.4387],[10.8505,64.9276,0.0],[10.8526,64.9307,13.7809],[10.8568,64.9328,14.1413],[10.8661,64.9339,0.0],[10.8688,64.9375,0.0],[10.8667,64.9396,0.0],[10.85,64.9333,0.0],[10.838,64.9328,0.0],[10.8411,64.9297,0.0],[10.8333,64.9292,0.0],[10.8292,64.9271,0.0],[10.8188,64.9292,0.0],[10.8146,64.9271,0.0],[10.8021,64.9271,0.0],[10.7896,64.9146,0.0],[10.7859,64.9151,0.0],[10.7771,64.9208,0.0],[10.7646,64.9208,0.0],[10.7568,64.9161,0.0],[10.7599,64.9141,0.0],[10.7599,64.9109,0.0],[10.7521,64.9083,0.0],[10.7438,64.9083,0.0],[10.7438,64.9063,0.0],[10.75,64.9063,0.0],[10.7583,64.9021,0.0],[10.7661,64.9016,0.0],[10.7641,64.8984,0.0],[10.7458,64.8979,0.0],[10.7443,64.8964,0.0],[10.7474,64.8943,0.0],[10.7458,64.8938,0.0],[10.7417,64.8938,0.0],[10.7375,64.8958,0.0],[10.7271,64.8958,6.166],[10.7245,64.8995,3.7109],[10.7172,64.9005,0.5139],[10.7224,64.9026,0.0],[10.7224,64.9057,0.0],[10.7208,64.9063,0.0],[10.713,64.9036,0.0],[10.7099,64.8984,0.0],[10.7021,64.8958,3.3049],[10.6859,64.8953,0.0],[10.6807,64.888,7.4929],[10.6714,64.887,0.0],[10.6745,64.8839,0.0],[10.6703,64.8818,0.0],[10.6589,64.8807,0.0],[10.6583,64.8771,1.4704],[10.6646,64.875,13.9603],[10.6688,64.8771,0.0],[10.6807,64.8766,1.635],[10.6766,64.8734,0.0],[10.6583,64.8729,0.0],[10.6542,64.8708,3.7442],[10.65,64.8729,0.0],[10.6422,64.8724,1.6536],[10.6453,64.8693,9.076],[10.6339,64.8662,0.0],[10.6266,64.8609,15.3364],[10.6214,64.8599,0.0],[10.6214,64.8568,0.0],[10.6245,64.8557,0.0],[10.6245,64.8526,0.0],[10.6208,64.8521,0.7512],[10.6167,64.8542,0.0],[10.6063,64.85,8.7403],[10.5854,64.85,0.0],[10.5813,64.8458,4.7776],[10.563,64.8453,0.0],[10.5661,64.8432,13.1592],[10.5651,64.8401,0.0],[10.5771,64.8396,0.0],[10.5813,64.8375,15.134],[10.5891,64.8401,0.0],[10.5901,64.8432,1.6735],[10.5953,64.8443,0.0],[10.6,64.8479,0.0],[10.6188,64.8479,0.0],[10.6245,64.8453,1.5254],[10.6271,64.8417,0.0],[10.6349,64.8443,0.0],[10.6276,64.8484,0.0],[10.6292,64.85,0.0],[10.637,64.8505,0.0],[10.6297,64.8547,0.0],[10.6333,64.8583,1.9233],[10.6375,64.8562,0.0],[10.6417,64.8583,0.0],[10.6479,64.8583,0.0],[10.6542,64.8604,0.0],[10.6599,64.8578,0.0],[10.6583,64.8521,0.0],[10.6604,64.85,0.0],[10.663,64.8536,14.5316],[10.6833,64.8604,0.0],[10.6938,64.8604,0.0],[10.701599999999999,64.863,0.0],[10.7026,64.8662,7.6756],[10.7104,64.8688,0.0],[10.7208,64.8688,0.0],[10.7333,64.8729,0.0],[10.7349,64.8714,6.3572],[10.7328,64.8693,11.264099999999999],[10.7172,64.8641,0.0],[10.7151,64.862,0.0],[10.7151,64.8588,0.0],[10.7208,64.8562,31.6872],[10.737,64.8557,0.0],[10.7359,64.8505,0.7007],[10.7375,64.85,0.0],[10.7667,64.85,0.0],[10.7682,64.8484,0.0],[10.7604,64.8479,0.0],[10.7563,64.8458,0.0],[10.7458,64.8458,10.1127],[10.7417,64.8479,0.0],[10.7271,64.8479,0.0],[10.7167,64.8438,0.0],[10.7125,64.8458,0.0],[10.7089,64.8453,0.0],[10.7047,64.8432,6.8094],[10.7026,64.8401,0.0],[10.7099,64.837,0.0],[10.7109,64.8339,0.0],[10.7141,64.8328,0.0],[10.7125,64.8292,0.0],[10.7224,64.8297,0.0],[10.7193,64.8328,0.0],[10.7271,64.8333,0.8888],[10.7349,64.8359,0.0],[10.7375,64.8396,27.2968],[10.7438,64.8375,0.0],[10.7583,64.8375,0.0],[10.7625,64.8354,0.0],[10.7667,64.8396,0.0],[10.7854,64.8417,0.0],[10.7974,64.8464,0.0],[10.8005,64.8516,0.0],[10.8099,64.8526,3.4099],[10.8125,64.8562,0.0],[10.8292,64.8562,0.0],[10.8333,64.8583,0.0],[10.8453,64.8578,0.0],[10.8359,64.8536,0.0],[10.8276,64.8474,10.7045],[10.8307,64.8453,0.0],[10.8318,64.8422,0.0],[10.8375,64.8396,0.0],[10.8604,64.8375,0.0],[10.8646,64.8396,14.1817],[10.8724,64.8401,0.0],[10.8755,64.8432,0.0],[10.8833,64.8458,0.7756],[10.8849,64.8453,0.0],[10.8849,64.8422,0.0],[10.8797,64.8411,0.0],[10.8776,64.838,5.9744],[10.9,64.8375,0.0],[10.9016,64.8391,0.0],[10.8984,64.8411,3.0604],[10.9005,64.8474,0.0],[10.9057,64.8495,0.0],[10.8938,64.85,0.0],[10.8896,64.8479,0.0],[10.8792,64.8479,0.0],[10.8776,64.8495,0.0],[10.8854,64.8542,1.6261],[10.9021,64.8521,0.0],[10.9109,64.8578,6.0041],[10.9188,64.8583,0.0],[10.9266,64.8609,0.0],[10.9354,64.8667,0.0],[10.9417,64.8646,0.0],[10.95,64.8688,3.2402],[10.9563,64.8688,0.0],[10.9641,64.8714,0.0],[10.9688,64.875,4.3277],[10.9792,64.875,0.0],[10.9958,64.8812,0.0],[11.0036,64.8818,0.0],[11.0063,64.8854,6.4681],[11.0245,64.888,0.0],[11.0214,64.8901,0.0],[11.0229,64.8917,0.0],[11.0354,64.8917,0.0],[11.0453,64.8891,0.0],[11.0443,64.8859,0.0],[11.0521,64.8854,0.0],[11.0563,64.8875,0.0],[11.0687,64.8875,0.0],[11.0755,64.8912,0.0],[11.087,64.8943,0.0],[11.088,64.8974,8.2157],[11.0917,64.8979,0.0],[11.0932,64.8964,0.0],[11.0901,64.8901,0.0],[11.0979,64.8896,0.0],[11.1036,64.8859,0.0],[11.0984,64.8849,0.0],[11.0974,64.8818,0.0],[11.0922,64.8807,0.0],[11.0891,64.8776,0.0],[11.0797,64.8766,0.0],[11.0786,64.8734,0.0],[11.0708,64.8708,0.0],[11.0589,64.8703,0.0],[11.0661,64.8672,0.0],[11.0609,64.8641,0.0],[11.0641,64.862,0.0],[11.062,64.8568,0.0],[11.0568,64.8547,0.0],[11.0599,64.8536,0.0],[11.0609,64.8505,0.0],[11.0724,64.8464,6.429],[11.0646,64.8438,0.0],[11.062,64.8474,0.0],[11.0578,64.8495,0.0],[11.0505,64.8505,0.0],[11.0521,64.8562,0.0],[11.05,64.8583,0.0],[11.0422,64.8578,0.0],[11.0411,64.8526,0.0],[11.0297,64.8516,0.0],[11.0297,64.8484,0.0],[11.0313,64.8479,0.0],[11.0375,64.8479,0.0],[11.0417,64.85,5.4245],[11.0474,64.8495,0.0],[11.0484,64.8443,0.0],[11.0516,64.8432,0.0],[11.05,64.8396,0.0],[11.0536,64.8359,3.8552],[11.0516,64.8318,0.0],[11.0464,64.8297,0.0],[11.0578,64.8255,0.0],[11.0484,64.8224,0.0],[11.0464,64.8193,0.0],[11.0583,64.8187,0.0],[11.0646,64.825,0.0],[11.0708,64.8229,0.0],[11.0813,64.8229,0.0],[11.0958,64.8292,9.407],[11.1036,64.8297,0.0],[11.1083,64.8354,0.0],[11.112,64.8349,0.0],[11.1208,64.8292,0.0],[11.1328,64.8287,0.0],[11.1339,64.8255,0.0],[11.1438,64.8229,0.0],[11.1516,64.8255,0.0],[11.1526,64.8287,0.0],[11.1703,64.8339,0.0],[11.1833,64.8396,3.4116],[11.1896,64.8396,0.0],[11.1974,64.8422,0.0],[11.2005,64.8453,0.0],[11.2125,64.85,0.0],[11.2141,64.8495,0.0],[11.2141,64.8464,0.0],[11.2089,64.8453,0.0],[11.2078,64.8422,0.0],[11.1964,64.8391,0.0],[11.1995,64.8359,0.0],[11.1943,64.8349,0.0],[11.1932,64.8318,3.4173],[11.188,64.8307,0.0],[11.187,64.8276,0.0],[11.1729,64.8229,0.0],[11.1651,64.8224,0.0],[11.162,64.8172,0.0],[11.1526,64.8161,0.0],[11.1495,64.8089,0.0],[11.1443,64.8078,2.1632],[11.1443,64.8047,0.8884],[11.1563,64.8063,0.0],[11.1625,64.8104,0.0],[11.1833,64.8104,0.0],[11.1859,64.8141,3.5275],[11.1938,64.8167,4.05],[11.2,64.8167,0.0],[11.2432,64.8318,0.0],[11.2432,64.837,0.0],[11.2318,64.838,0.0],[11.2333,64.8396,1.0515],[11.2438,64.8396,0.0],[11.2542,64.8438,6.776],[11.2604,64.8417,0.0],[11.2646,64.8438,0.0],[11.2688,64.8438,0.0],[11.2703,64.8422,0.0],[11.2672,64.8401,0.0],[11.2745,64.8359,0.0],[11.2667,64.8333,5.6735],[11.2526,64.8328,0.0],[11.2505,64.8255,0.0],[11.2578,64.8245,0.0],[11.2578,64.8214,0.0],[11.2516,64.8172,0.0],[11.2438,64.8167,0.0],[11.2401,64.8141,0.0],[11.2417,64.8125,0.0],[11.2474,64.812,0.0],[11.2443,64.8089,4.8622],[11.25,64.8063,0.0],[11.2604,64.8083,0.5343],[11.2672,64.8047,0.0],[11.2729,64.8042,0.0],[11.2786,64.8016,0.0],[11.2708,64.7979,0.0],[11.25,64.7979,8.8788],[11.2422,64.7953,0.0],[11.2422,64.7922,0.0],[11.2495,64.7891,0.0],[11.2443,64.7859,0.0],[11.2583,64.7833,0.0],[11.2599,64.7818,0.0],[11.2479,64.7813,0.0],[11.2438,64.7792,20.2817],[11.2359,64.7797,0.0],[11.2411,64.7818,0.0],[11.238,64.7839,0.0],[11.2396,64.7896,0.0],[11.2375,64.7917,0.0],[11.2255,64.7911,3.6753],[11.2286,64.7891,1.7376],[11.2271,64.7875,0.0],[11.2208,64.7875,0.0],[11.2167,64.7896,0.0],[11.2021,64.7896,0.0],[11.2005,64.788,0.0],[11.2063,64.7854,0.0],[11.2167,64.7854,0.0],[11.2266,64.7828,0.0],[11.2188,64.7792,15.3228],[11.2109,64.7786,6.8605],[11.2125,64.7771,0.2464],[11.2479,64.7771,0.0],[11.2521,64.7792,4.5605],[11.2703,64.7797,0.0],[11.263,64.7839,0.0],[11.2646,64.7854,3.4243],[11.2896,64.7854,2.8502],[11.3104,64.7917,0.0],[11.3271,64.7917,2.9325],[11.3313,64.7896,0.0],[11.3354,64.7896,0.0],[11.3432,64.7922,0.0],[11.3438,64.7937,0.0],[11.3401,64.7953,0.0],[11.3453,64.7963,-0.7207],[11.3464,64.7995,-0.1349],[11.3516,64.8005,0.0],[11.3484,64.8026,0.0],[11.35,64.8042,0.0],[11.3563,64.8042,1.6335],[11.3604,64.8021,0.0],[11.3667,64.8042,2.8002],[11.3708,64.8021,0.0],[11.3813,64.8021,0.0],[11.3854,64.8042,2.9235],[11.3896,64.8021,0.0],[11.3938,64.8042,0.0],[11.4042,64.8042,0.0],[11.4099,64.8016,0.0],[11.4047,64.7995,0.0],[11.4036,64.7963,0.0],[11.3958,64.7937,17.8552],[11.388,64.7932,0.0],[11.388,64.7901,0.0],[11.3911,64.7891,0.0],[11.389099999999999,64.7859,5.0417],[11.3797,64.7849,0.0],[11.3797,64.7818,0.0],[11.3828,64.7797,0.0],[11.363,64.7786,8.0741],[11.3609,64.7766,0.0],[11.3599,64.7714,0.0],[11.3505,64.7724,0.0],[11.3484,64.7693,0.0],[11.3516,64.7672,0.0],[11.3396,64.7625,6.0044],[11.3333,64.7625,0.0],[11.3292,64.7604,33.4942],[11.3021,64.7604,0.0],[11.2974,64.7547,0.0],[11.2917,64.7521,0.0],[11.2854,64.7542,3.8177],[11.275,64.7521,0.0],[11.2708,64.7542,0.0],[11.2521,64.7542,0.0],[11.2479,64.7521,0.0],[11.2354,64.7521,0.0],[11.2208,64.7479,22.489],[11.2146,64.7479,0.0],[11.2042,64.7438,15.815],[11.1875,64.7438,0.0],[11.1792,64.7396,0.0],[11.1729,64.7396,17.1564],[11.1688,64.7417,0.0],[11.1641,64.738,0.0],[11.1521,64.7375,0.0],[11.1443,64.7349,10.285],[11.1432,64.7318,18.6728],[11.138,64.7307,17.9992],[11.1438,64.7271,0.0],[11.1521,64.7271,2.4927],[11.1563,64.725,0.0],[11.1708,64.7229,0.0],[11.1786,64.7255,0.0],[11.1813,64.7292,2.0795],[11.1891,64.7276,0.0],[11.1917,64.7312,0.0],[11.1911,64.7349,0.0],[11.1839,64.7391,0.0],[11.1917,64.7396,1.9321],[11.1958,64.7354,0.0],[11.2203,64.7307,0.0],[11.2193,64.7276,0.0],[11.2208,64.7271,13.9367],[11.2313,64.7271,0.0],[11.2354,64.7292,0.0],[11.2625,64.7292,0.0],[11.2667,64.7312,0.0],[11.2745,64.7318,0.0],[11.2771,64.7354,4.5746],[11.2896,64.7354,0.0],[11.2938,64.7375,16.1958],[11.3104,64.7396,0.0],[11.3208,64.7438,13.976],[11.3354,64.7438,0.0],[11.3417,64.7458,2.2942],[11.3458,64.7438,0.0],[11.35,64.7438,0.0],[11.3542,64.7458,0.0],[11.3667,64.7458,0.0],[11.3771,64.75,17.4252],[11.3917,64.75,0.0],[11.3964,64.7536,14.8309],[11.4016,64.7547,0.0],[11.4026,64.7578,0.0],[11.4182,64.763,0.0],[11.4151,64.7651,8.6064],[11.4172,64.7682,0.0],[11.4224,64.7693,0.0],[11.4297,64.7745,0.0],[11.4401,64.7786,0.0],[11.451599999999999,64.7818,0.0],[11.4526,64.7849,0.0],[11.462,64.7859,0.0],[11.4646,64.7896,0.0],[11.4609,64.7932,6.2097],[11.4703,64.7943,0.0],[11.4693,64.7995,0.0],[11.4786,64.8005,0.0],[11.4771,64.8021,8.115],[11.4714,64.8026,1.0002],[11.4672,64.8057,0.0],[11.475,64.8083,-0.1111],[11.4792,64.8063,0.0],[11.4854,64.8083,3.5412],[11.4896,64.8063,0.0],[11.5042,64.8063,0.0],[11.5063,64.8083,7.3776],[11.5161,64.8089,0.0],[11.5208,64.8146,0.0],[11.5271,64.8146,0.0],[11.5313,64.8125,0.0],[11.5521,64.8125,0.0],[11.5562,64.8146,9.5308],[11.5641,64.8151,0.0],[11.5714,64.8203,0.0],[11.5833,64.825,2.969],[11.5896,64.8229,0.0],[11.5938,64.825,0.0],[11.6063,64.825,0.0],[11.6104,64.8271,5.6472],[11.6167,64.8271,0.0],[11.6349,64.8339,0.0],[11.6411,64.838,22.3963],[11.6484,64.8516,11.8285],[11.6536,64.8526,0.0],[11.6568,64.8599,3.0275],[11.662,64.8609,0.0],[11.6563,64.8646,0.0],[11.65,64.8604,28.8158],[11.6292,64.8604,12.4683],[11.625,64.8625,0.0],[11.6151,64.863,5.0336],[11.6151,64.8662,0.0],[11.6167,64.8667,0.0],[11.6438,64.8667,0.0],[11.662,64.8714,0.0],[11.6687,64.875,10.0409],[11.675,64.8729,0.0],[11.6792,64.875,0.0],[11.6917,64.875,0.0],[11.7,64.8792,20.878],[11.7125,64.8792,0.0],[11.7292,64.8854,13.5821],[11.7458,64.8875,0.0],[11.7667,64.8958,13.7129],[11.7833,64.8979,0.0],[11.8063,64.9063,50.1658],[11.8229,64.9083,0.0],[11.8333,64.9125,0.0],[11.8396,64.9125,0.0],[11.8604,64.9187,0.0],[11.8729,64.9187,0.0],[11.8875,64.9229,0.0],[11.8938,64.9229,0.0],[11.9016,64.9255,0.0],[11.9026,64.9287,49.5574],[11.9104,64.9313,0.0],[11.9167,64.9313,0.0],[11.9307,64.9359,0.0],[11.9318,64.9391,51.8539],[11.9432,64.9422,0.0],[11.9443,64.9453,12.5921],[11.9521,64.9479,0.0],[11.9536,64.9474,0.0],[11.9547,64.9422,0.0],[11.9563,64.9417,0.0],[11.9604,64.9437,7.7272],[11.9667,64.9417,0.0],[11.9708,64.9458,0.0],[12.0125,64.9458,0.0],[12.0151,64.9495,2.6118],[12.0245,64.9505,0.0],[12.0297,64.9578,13.8213],[12.0516,64.9651,0.0],[12.0542,64.9688,0.0],[12.062,64.9682,0.0],[12.0646,64.9646,6.9158],[12.0729,64.9646,0.0],[12.0792,64.9625,0.0],[12.0896,64.9667,0.0],[12.1042,64.9667,0.0],[12.1083,64.9688,10.5668],[12.1438,64.9688,48.0379],[12.1479,64.9667,0.0],[12.1599,64.9661,13.2755],[12.162,64.962,0.0],[12.1604,64.9604,0.0],[12.1521,64.9646,0.0],[12.1479,64.9625,38.9112],[12.0958,64.9625,0.0],[12.0943,64.9609,0.0],[12.0979,64.9583,0.0],[12.0964,64.9547,18.3738],[12.1042,64.9542,106.8658],[12.1057,64.9526,274.2814],[12.0833,64.9521,292.6363],[12.0792,64.9563,11.7402],[12.0688,64.9563,0.0],[12.0667,64.9542,11.9673],[12.0703,64.9516,48.3611],[12.0682,64.9464,312.4997],[12.0589,64.9453,88.4035],[12.062,64.9422,316.1335],[12.0542,64.9417,329.0826],[12.05,64.9437,196.7222],[12.0437,64.9437,146.2272],[12.0396,64.9417,185.7368],[12.0318,64.9411,0.0],[12.0349,64.938,0.0],[12.0328,64.9339,13.2286],[12.0292,64.9313,23.7001],[12.0229,64.9313,0.0],[12.0188,64.9292,0.879],[12.0104,64.9333,10.3325],[12.0,64.9333,0.0],[11.9896,64.9292,237.2514],[11.9688,64.9292,322.7245],[11.9646,64.9313,209.9386],[11.9458,64.9313,0.0],[11.9411,64.9276,192.5696],[11.9359,64.9266,0.0],[11.9391,64.9234,289.4606],[11.9313,64.9208,341.7173],[11.9271,64.9229,150.8166],[11.9167,64.9187,264.2091],[11.8896,64.9167,0.0],[11.8693,64.9099,0.0],[11.8729,64.9063,49.3568],[11.8708,64.9042,84.6009],[11.863,64.9047,0.0],[11.8641,64.9078,0.0],[11.8625,64.9083,30.4951],[11.8354,64.9063,0.0],[11.8276,64.9036,13.3697],[11.826599999999999,64.9005,40.7434],[11.8188,64.8979,95.0388],[11.8125,64.9,9.6712],[11.7979,64.8958,69.4927],[11.7875,64.8958,0.0],[11.7771,64.8917,138.4969],[11.7693,64.8912,69.6015],[11.7646,64.8875,66.2865],[11.7568,64.887,0.0],[11.7583,64.8854,0.0],[11.764099999999999,64.8849,0.0],[11.764099999999999,64.8818,38.418],[11.7625,64.8812,83.043],[11.75,64.8812,21.6668],[11.7458,64.8792,30.6693],[11.7313,64.8792,18.1368],[11.7271,64.8771,94.4145],[11.7188,64.8771,0.0],[11.7146,64.875,98.1543],[11.7042,64.875,0.0],[11.6901,64.8693,0.0],[11.6958,64.8667,0.0],[11.7021,64.8667,0.0],[11.7047,64.8703,47.7493],[11.7083,64.8708,18.2182],[11.7141,64.8682,0.0],[11.712,64.8651,0.0],[11.6938,64.8646,0.0],[11.6896,64.8625,41.7413],[11.6854,64.8646,0.0],[11.675,64.8604,11.3101],[11.6672,64.8599,0.0],[11.663,64.8526,0.0],[11.6708,64.8521,104.193],[11.6724,64.8505,128.7896],[11.6703,64.8484,124.1646],[11.6651,64.8474,0.0],[11.6641,64.8443,117.8325],[11.6547,64.8432,0.0],[11.6526,64.8401,0.0],[11.6557,64.8391,0.0],[11.6568,64.8359,9.302],[11.6687,64.8354,0.0],[11.6703,64.8349,0.0],[11.6693,64.8318,0.0],[11.6771,64.8313,0.0],[11.6797,64.8349,0.0],[11.6875,64.8375,17.4151],[11.7042,64.8375,15.7437],[11.7083,64.8396,0.0],[11.7146,64.8396,13.9499],[11.7188,64.8375,0.0],[11.7229,64.8396,38.7872],[11.7396,64.8396,0.0],[11.7437,64.8417,0.0],[11.7542,64.8417,0.0],[11.7583,64.8438,20.4414],[11.7646,64.8438,0.0],[11.7682,64.8464,0.0],[11.7693,64.8495,0.0],[11.7745,64.8505,0.0],[11.7818,64.8557,0.0],[11.7958,64.8604,10.5343],[11.8167,64.8604,17.7655],[11.8182,64.8588,20.9597],[11.7964,64.8557,0.0],[11.7964,64.8526,0.0],[11.7995,64.8516,0.0],[11.7974,64.8484,28.8192],[11.7854,64.8479,40.7295],[11.7547,64.837,0.0],[11.7563,64.8354,0.0],[11.7667,64.8354,0.0],[11.7786,64.8391,0.0],[11.7786,64.8359,0.0],[11.7708,64.8333,90.8809],[11.7583,64.8333,216.3184],[11.7542,64.8313,280.1796],[11.7333,64.8313,0.0],[11.7292,64.8292,135.78],[11.7188,64.8292,176.929],[11.7146,64.8313,33.383],[11.7104,64.8292,117.3712],[11.6938,64.8292,0.0],[11.6896,64.825,54.9586],[11.6667,64.825,0.0],[11.6625,64.8229,85.8101],[11.6354,64.8208,0.0],[11.6313,64.8187,0.0],[11.625,64.8187,0.0],[11.6208,64.8167,0.0],[11.6104,64.8167,0.0],[11.6026,64.8141,0.0],[11.6125,64.8104,0.0],[11.625,64.8104,0.0],[11.6214,64.8141,0.0],[11.6458,64.8146,0.0],[11.65,64.8167,11.8362],[11.6604,64.8146,0.0],[11.6687,64.8187,0.0],[11.675,64.8187,0.0],[11.6776,64.8151,0.0],[11.6932,64.812,0.0],[11.6917,64.8104,0.0],[11.6839,64.8099,0.0],[11.6896,64.8063,0.0],[11.7146,64.8042,0.0],[11.7188,64.8063,0.0],[11.7292,64.8063,0.0],[11.7333,64.8083,10.6452],[11.7453,64.8078,0.0],[11.7453,64.8047,22.5752],[11.738,64.7995,0.0],[11.7359,64.7953,0.0],[11.7375,64.7937,0.0],[11.7479,64.7937,0.0],[11.7521,64.7958,0.0],[11.7583,64.7958,21.1218],[11.7729,64.7917,5.2192],[11.7849,64.7963,0.0],[11.788,64.8016,0.0],[11.8063,64.8042,0.0],[11.8078,64.8037,23.2001],[11.8068,64.8005,0.0],[11.8125,64.7979,0.0],[11.8292,64.7979,0.0],[11.8333,64.8,0.0],[11.8375,64.8,19.5332],[11.8417,64.7979,0.0],[11.8625,64.7979,0.0],[11.8682,64.7953,82.4223],[11.8646,64.7917,193.8881],[11.85,64.7958,0.0],[11.8474,64.7922,50.6622],[11.838,64.7911,21.2147],[11.8411,64.788,0.0],[11.8104,64.7833,25.9368],[11.8083,64.7813,0.0],[11.812,64.7776,59.0824],[11.7938,64.7771,45.283],[11.7875,64.7729,125.731],[11.7833,64.775,0.0],[11.7625,64.775,0.0],[11.7583,64.7729,97.0741],[11.7437,64.7729,0.0],[11.7375,64.7708,6.7773],[11.7359,64.7714,29.7141],[11.737,64.7766,0.0],[11.7339,64.7776,78.9821],[11.7349,64.7807,0.0],[11.7307,64.7828,37.7991],[11.7146,64.7833,105.6286],[11.7083,64.7854,0.0],[11.7068,64.7849,0.0],[11.7047,64.7776,8.8296],[11.712,64.7766,0.0],[11.712,64.7734,99.2094],[11.6938,64.7708,13.3303],[11.6896,64.7688,42.6443],[11.6729,64.7688,0.0],[11.6687,64.7708,0.0],[11.6589,64.7714,0.0],[11.6563,64.775,0.0],[11.65,64.775,15.8323],[11.6474,64.7714,5.6357],[11.6333,64.7708,0.0],[11.6292,64.7667,12.5376],[11.6146,64.7708,0.0],[11.5958,64.7708,0.0],[11.5917,64.7688,0.0],[11.5792,64.7688,0.0],[11.575,64.7667,24.5237],[11.5672,64.7662,0.0],[11.5651,64.7609,0.0],[11.5745,64.7599,28.8778],[11.5729,64.7562,5.4835],[11.575,64.7542,5.7431],[11.5792,64.7542,0.0],[11.5958,64.7604,16.894],[11.6,64.7583,0.0],[11.6063,64.7583,4.5157],[11.6208,64.7625,0.0],[11.6286,64.762,14.39],[11.637,64.7568,13.7316],[11.6333,64.7521,20.1646],[11.6208,64.7521,0.0],[11.6167,64.7479,24.0189],[11.6125,64.75,0.0],[11.6089,64.7495,0.0],[11.6125,64.7458,0.0],[11.612,64.7443,0.0],[11.6068,64.7422,0.0],[11.6141,64.7412,0.0],[11.6125,64.7396,0.0],[11.6063,64.7396,47.3114],[11.5938,64.7438,0.0],[11.5875,64.7417,34.3035],[11.5813,64.7458,0.0],[11.5693,64.7464,54.1549],[11.5693,64.7495,0.0],[11.5745,64.7505,0.0],[11.5729,64.7521,0.0],[11.5667,64.7521,0.0],[11.5625,64.75,0.0],[11.5557,64.7536,0.0],[11.55,64.7542,27.528199999999998],[11.5458,64.7521,41.6906],[11.5229,64.7521,0.0],[11.5214,64.7516,0.0],[11.5214,64.7484,7.1268],[11.537,64.7453,0.0],[11.537,64.7401,12.0961],[11.5333,64.7375,50.3991],[11.5271,64.7375,0.0],[11.5193,64.7349,0.0],[11.5161,64.7297,0.0],[11.5057,64.7255,0.0],[11.4875,64.7229,0.0],[11.4833,64.7208,17.6576],[11.4771,64.7208,10.7233],[11.4604,64.7146,29.3833],[11.45,64.7146,0.0],[11.4396,64.7104,22.0538],[11.4271,64.7104,0.0],[11.4229,64.7083,7.6484],[11.4146,64.7125,0.0],[11.4026,64.712,0.0],[11.4063,64.7083,8.5971],[11.4047,64.7026,0.0],[11.4266,64.6995,0.0],[11.4328,64.6953,0.0],[11.4333,64.6917,0.0],[11.4328,64.6901,0.0],[11.4276,64.6891,0.0],[11.4182,64.6818,0.0],[11.4089,64.6807,0.0],[11.4063,64.6771,181.344],[11.4026,64.6776,48.6847],[11.3995,64.6828,0.0],[11.3964,64.6839,27.8703],[11.3938,64.6875,0.0],[11.3911,64.6839,31.2816],[11.3859,64.6828,0.0],[11.3792,64.6687,0.0],[11.3818,64.6589,0.0],[11.3849,64.6578,37.8565],[11.3839,64.6526,0.0],[11.4078,64.6474,0.0],[11.4078,64.6443,0.0],[11.4063,64.6438,0.0],[11.4,64.6458,0.0],[11.3943,64.6432,0.0],[11.3974,64.6401,91.6615],[11.3943,64.6339,0.0],[11.3974,64.6328,0.0],[11.3984,64.6297,0.0],[11.4068,64.6255,0.0],[11.4125,64.625,11.316],[11.4182,64.6224,0.0],[11.4172,64.6193,0.0],[11.4286,64.6141,2.9166],[11.4297,64.6109,0.0],[11.4391,64.6057,0.0],[11.4401,64.6026,7.172],[11.4458,64.6,0.0],[11.451599999999999,64.5995,0.0],[11.4599,64.5943,19.903],[11.4422,64.5943,0.0],[11.438,64.5964,8.8913],[11.437,64.5995,13.1759],[11.4339,64.6005,33.2175],[11.4349,64.6036,0.0],[11.4318,64.6047,0.0],[11.4307,64.6078,0.0],[11.4234,64.6088,26.6374],[11.4224,64.612,0.0],[11.3938,64.6271,19.2323],[11.3859,64.6245,0.0],[11.3875,64.6229,0.0],[11.3932,64.6224,22.3343],[11.3932,64.6193,0.0],[11.3911,64.6172,33.104],[11.3776,64.6172,6.0991],[11.3792,64.6208,0.0],[11.3755,64.6245,7.9074],[11.3807,64.6286,16.4766],[11.3734,64.6297,27.6715],[11.3766,64.6391,0.0],[11.3646,64.6417,0.0],[11.3568,64.6391,0.0],[11.3563,64.6375,0.0],[11.3568,64.6359,0.0],[11.3641,64.6328,65.4083],[11.3604,64.6229,0.0],[11.3641,64.6203,20.6192],[11.363,64.6172,0.0],[11.3661,64.6162,26.3544],[11.3672,64.613,0.0],[11.3745,64.6099,27.4001],[11.3724,64.6047,40.5149],[11.3672,64.6026,0.0],[11.3703,64.6016,20.1644],[11.3693,64.5984,0.0],[11.3771,64.5979,0.0],[11.3828,64.5943,0.0],[11.3687,64.5896,0.0],[11.3625,64.5896,0.0],[11.3547,64.587,0.0],[11.3536,64.5839,0.0],[11.3464,64.5787,0.0],[11.3443,64.5745,41.8677],[11.3443,64.5693,21.4485],[11.3474,64.5682,84.6144],[11.3464,64.563,45.1383],[11.3521,64.5604,0.0],[11.3667,64.5604,6.5799],[11.3682,64.5589,36.4466],[11.363,64.5568,20.9391],[11.3672,64.5547,25.4861],[11.3833,64.5542,69.1473],[11.3938,64.5479,0.0],[11.4,64.5479,0.0],[11.4068,64.5443,0.0],[11.4167,64.5417,0.0],[11.4208,64.5437,14.9027],[11.4292,64.5396,0.0],[11.4396,64.5396,0.0],[11.4432,64.5422,0.0],[11.4391,64.5453,0.0],[11.4318,64.5463,4.6466],[11.4333,64.5479,0.0],[11.4437,64.5479,0.0],[11.4479,64.5458,0.0],[11.4521,64.55,0.0],[11.4583,64.55,0.0],[11.4625,64.5479,0.0],[11.4729,64.5479,0.0],[11.4875,64.5542,0.0],[11.5021,64.5479,0.0],[11.5036,64.5484,0.0],[11.5063,64.5542,0.0],[11.4984,64.5599,0.0],[11.5104,64.5583,6.535],[11.5172,64.5547,24.8484],[11.5229,64.5542,1.3846],[11.5286,64.5516,36.3884],[11.5286,64.5484,7.4017],[11.5208,64.5479,8.4716],[11.5167,64.55,0.0],[11.5,64.5437,14.7794],[11.4896,64.5437,9.1698],[11.488,64.5422,0.0],[11.4938,64.5396,23.7178],[11.4995,64.5391,0.0],[11.5078,64.5349,0.0],[11.4964,64.5286,12.8761],[11.4979,64.5271,2.6821],[11.5083,64.5271,9.7073],[11.5229,64.5333,0.0],[11.5266,64.5328,5.6206],[11.5234,64.5255,3.9256],[11.537,64.5245,0.0],[11.5349,64.5193,0.0],[11.5271,64.5167,47.5715],[11.5125,64.5146,0.0],[11.5083,64.5167,0.0],[11.4938,64.5167,4.7775],[11.4896,64.5188,0.0],[11.4729,64.5167,0.0],[11.4688,64.5188,0.0],[11.4609,64.5162,0.0],[11.4599,64.513,8.3196],[11.4458,64.5083,0.0],[11.4443,64.5089,0.0],[11.4443,64.512,0.0],[11.4495,64.513,0.0],[11.451599999999999,64.5151,0.0],[11.4542,64.5229,0.0],[11.4432,64.5307,0.0],[11.4333,64.5354,0.0],[11.4188,64.5375,16.7802],[11.3896,64.5458,24.8383],[11.3833,64.5458,152.2753],[11.375,64.55,15.563],[11.3646,64.55,0.0],[11.3604,64.5479,33.4549],[11.3563,64.55,0.0],[11.3401,64.5495,75.0422],[11.338,64.5463,0.0],[11.3453,64.5432,0.0],[11.3453,64.5401,15.0967],[11.3438,64.5396,15.0967],[11.3,64.5396,0.0],[11.2958,64.5417,0.0],[11.2708,64.5417,7.8246],[11.2693,64.5422,9.6034],[11.2693,64.5453,0.0],[11.2714,64.5474,0.0],[11.2766,64.5484,0.0],[11.2807,64.5589,0.0],[11.2771,64.5625,21.1141],[11.2797,64.5703,0.0],[11.2839,64.5787,0.0],[11.2891,64.5807,0.0],[11.2818,64.5839,0.0],[11.2828,64.5891,0.0],[11.2755,64.5901,0.0],[11.2589,64.5984,0.0],[11.2599,64.6036,0.0],[11.2505,64.6047,5.1181],[11.2443,64.6088,0.0],[11.2458,64.6104,0.0],[11.2536,64.6109,0.0],[11.2464,64.6151,0.0],[11.2453,64.6182,0.0],[11.2292,64.6188,30.4969],[11.225,64.6208,13.6688],[11.2146,64.6208,0.0],[11.2104,64.6188,0.0],[11.2063,64.6188,0.0],[11.2021,64.6208,0.0],[11.1958,64.6208,0.0],[11.1938,64.6188,0.0],[11.1958,64.6167,0.0],[11.225,64.6167,0.0],[11.2286,64.613,0.0],[11.2167,64.6125,19.8036],[11.2125,64.6146,0.0],[11.2083,64.6146,0.0],[11.2042,64.6125,16.954],[11.1875,64.6125,124.6773],[11.1776,64.6151,33.8249],[11.1797,64.6182,0.0],[11.1828,64.6193,18.1242],[11.1813,64.6208,0.0],[11.1667,64.6208,0.0],[11.1609,64.6193,0.0],[11.1568,64.6214,0.0],[11.1557,64.6245,0.0],[11.1401,64.6318,0.0],[11.137,64.637,0.0],[11.1297,64.6401,0.0],[11.1307,64.6432,0.0],[11.1188,64.6438,8.4117],[11.1089,64.6464,0.0],[11.1078,64.6516,0.0],[11.1063,64.6521,0.0],[11.0771,64.6521,0.0],[11.0745,64.6484,34.0347],[11.0693,64.6474,0.0],[11.0641,64.6359,0.0],[11.0521,64.6354,2.8039],[11.0479,64.6375,0.0],[11.0401,64.6349,0.0],[11.0375,64.6312,26.1202],[11.0411,64.6286,9.569],[11.0411,64.6255,0.0],[11.0318,64.6245,0.0],[11.0276,64.6172,0.0],[11.037,64.6162,39.7967],[11.0349,64.6109,26.0682],[11.0297,64.6099,0.0],[11.0292,64.6083,0.0],[11.0328,64.6057,36.5248],[11.0318,64.6005,0.0],[11.0417,64.5958,0.0],[11.05,64.5958,91.2984],[11.0542,64.5938,0.0],[11.0687,64.5938,84.746],[11.0813,64.5896,0.0],[11.0891,64.5891,89.5723],[11.0938,64.5854,0.0],[11.125,64.5854,0.0],[11.1396,64.5896,74.8362],[11.1438,64.5875,0.0],[11.1604,64.5875,0.0],[11.1646,64.5896,40.7656],[11.1688,64.5875,0.0],[11.1729,64.5896,10.7574],[11.1896,64.5896,0.0],[11.1938,64.5917,25.8935],[11.2,64.5917,11.2411],[11.2083,64.5875,0.0],[11.2167,64.5875,0.0],[11.2266,64.5849,25.2187],[11.2234,64.5818,0.0],[11.2286,64.5787,0.0],[11.2292,64.575,0.0],[11.2266,64.5693,56.4756],[11.225,64.5687,32.6632],[11.2188,64.5687,0.0],[11.213,64.5714,50.9183],[11.2141,64.5745,10.931],[11.2109,64.5755,19.0506],[11.2099,64.5787,0.0],[11.2026,64.5818,21.5076],[11.2036,64.5849,0.0],[11.1958,64.5854,34.4579],[11.1917,64.5875,0.0],[11.1839,64.5849,0.0],[11.1828,64.5797,2.966],[11.1688,64.575,0.0],[11.1646,64.5771,26.422],[11.1583,64.5771,0.0],[11.1505,64.5745,0.0],[11.1536,64.5724,3.6489],[11.1536,64.5693,94.7018],[11.1443,64.5682,0.0],[11.1359,64.562,174.4388],[11.1359,64.5589,104.0891],[11.139099999999999,64.5578,95.4176],[11.1375,64.5542,0.0],[11.1396,64.5479,8.2087],[11.138,64.5422,22.6357],[11.1495,64.537,0.0],[11.1505,64.5339,0.0],[11.1557,64.5307,0.0],[11.1568,64.5276,0.0],[11.1599,64.5266,0.0],[11.1589,64.5234,0.0],[11.1703,64.5182,92.1421],[11.1714,64.5151,0.0],[11.1786,64.5141,20.6907],[11.1979,64.5042,0.0],[11.2026,64.5099,66.1021],[11.2208,64.5104,0.0],[11.225,64.5146,20.7265],[11.2292,64.5125,0.0],[11.2354,64.5125,0.0],[11.2396,64.5146,2.202],[11.25,64.5146,0.0],[11.2562,64.5167,5.8008],[11.2604,64.5146,0.0],[11.2688,64.5146,21.215],[11.2729,64.5125,0.0],[11.2833,64.5125,1.5959],[11.2891,64.5099,0.0],[11.287,64.5068,0.0],[11.2839,64.5057,10.9236],[11.2859,64.4984,19.4039],[11.2995,64.4912,0.0],[11.2984,64.4859,0.0],[11.3068,64.4818,0.0],[11.3292,64.4812,0.0],[11.3333,64.4833,23.4655],[11.3375,64.4812,0.0],[11.3417,64.4833,24.6203],[11.3687,64.4833,0.0],[11.3729,64.4854,0.0],[11.3833,64.4854,0.0],[11.3896,64.4875,0.0],[11.3938,64.4833,0.0],[11.3922,64.4776,0.0],[11.3953,64.4766,0.0],[11.3964,64.4734,0.0],[11.4021,64.4708,0.0],[11.4063,64.4729,0.0],[11.4182,64.4734,0.0],[11.4203,64.4766,0.0],[11.4172,64.4776,9.04],[11.4172,64.4807,39.6598],[11.4224,64.4838,0.0],[11.4266,64.4901,0.0],[11.4234,64.4932,15.0698],[11.4286,64.4964,0.0],[11.4318,64.5016,0.0],[11.4375,64.5042,0.0],[11.4437,64.5042,0.0],[11.4453,64.5026,0.0],[11.4401,64.5016,0.0],[11.4391,64.4984,0.0],[11.4339,64.4964,0.0],[11.4411,64.4953,0.0],[11.4422,64.4901,0.0],[11.4578,64.487,0.0],[11.4578,64.4838,92.4243],[11.4396,64.4854,0.0],[11.4349,64.4797,0.0],[11.4255,64.4755,0.0],[11.4313,64.4729,0.0],[11.437,64.4724,1.0734],[11.438,64.4693,0.0],[11.4453,64.4682,1.631],[11.4432,64.4609,77.0908],[11.438,64.4599,0.0],[11.438,64.4568,4.1998],[11.4401,64.4547,24.9429],[11.4479,64.4542,0.0],[11.4521,64.4521,0.0],[11.4563,64.4542,49.1383],[11.4641,64.4547,0.0],[11.4667,64.4583,70.4262],[11.4766,64.4589,0.0],[11.4776,64.4641,10.4554],[11.4813,64.4667,4.4916],[11.4917,64.4667,4.1197],[11.5042,64.4604,3.0168],[11.5125,64.4604,0.0],[11.5203,64.463,0.0],[11.5292,64.4688,1.82],[11.5354,64.4667,0.0],[11.5458,64.4667,0.0],[11.5542,64.4708,2.3206],[11.5896,64.4708,0.0],[11.5979,64.4792,88.5804],[11.6021,64.4771,0.0],[11.6063,64.4792,64.8559],[11.6417,64.4792,1.7186],[11.6526,64.4734,0.0],[11.6599,64.4724,5.1607],[11.6563,64.4688,0.0],[11.6438,64.475,0.0],[11.6354,64.475,11.4013],[11.6313,64.4771,0.0],[11.6104,64.4771,0.0],[11.6026,64.4745,0.0],[11.6016,64.4693,10.9385],[11.5938,64.4667,5.0484],[11.5813,64.4667,0.0],[11.5771,64.4646,18.0065],[11.5729,64.4667,33.4663],[11.5688,64.4667,0.0],[11.5646,64.4646,0.0],[11.5521,64.4646,0.0],[11.5479,64.4625,0.0],[11.5375,64.4646,0.0],[11.5297,64.462,0.0],[11.5328,64.4599,0.0],[11.5313,64.4583,2.55],[11.5151,64.4578,0.0],[11.513,64.4547,1.8449],[11.5203,64.4516,0.0],[11.5203,64.4484,0.0],[11.5167,64.4479,10.5926],[11.5125,64.45,0.0],[11.5083,64.4458,13.4446],[11.4979,64.4479,28.5389],[11.4932,64.4443,0.0],[11.4839,64.4432,7.7556],[11.4828,64.4401,0.0],[11.475,64.4375,49.0701],[11.4708,64.4396,0.0],[11.4646,64.4396,0.0],[11.462,64.4359,0.0],[11.4542,64.4354,8.2535],[11.45,64.4333,20.7114],[11.438,64.4339,87.7056],[11.437,64.4391,0.0],[11.4354,64.4396,0.0],[11.4313,64.4396,6.4962],[11.4208,64.4354,0.0],[11.4146,64.4354,4.9069],[11.413,64.4359,0.0],[11.4141,64.4391,0.0],[11.4109,64.4401,58.918],[11.4083,64.4437,62.532],[11.4042,64.4437,47.8901],[11.3901,64.4391,0.0],[11.3875,64.4354,51.8084],[11.3833,64.4375,0.0],[11.3797,64.437,0.0],[11.3771,64.4313,0.0],[11.3807,64.4307,0.0],[11.3807,64.4276,30.4741],[11.3589,64.4203,0.0],[11.3568,64.4151,0.0],[11.3641,64.4141,86.7522],[11.3651,64.4109,0.0],[11.3734,64.4068,13.9852],[11.3849,64.4057,21.778],[11.3859,64.4026,0.0],[11.389099999999999,64.4005,35.2171],[11.3839,64.3995,3.3193],[11.3833,64.3979,0.0],[11.3859,64.3901,0.0],[11.389099999999999,64.388,0.0],[11.3854,64.3875,16.4601],[11.3755,64.3901,0.0],[11.3755,64.3932,64.7916],[11.3807,64.3953,0.0],[11.375,64.3979,12.6094],[11.3667,64.3979,4.1687],[11.3625,64.4,0.0],[11.3589,64.3995,17.8104],[11.3578,64.3943,57.936],[11.3557,64.3922,42.5213],[11.338,64.3912,0.0],[11.3396,64.3896,11.4071],[11.3453,64.3891,54.3569],[11.3401,64.387,115.77],[11.3411,64.3776,182.4037],[11.3333,64.3771,72.406],[11.3286,64.3734,0.0],[11.3224,64.3714,0.0],[11.313,64.3703,0.0],[11.312,64.3672,59.0817],[11.3042,64.3667,0.0],[11.2964,64.3641,17.0825],[11.2953,64.3609,51.5688],[11.2859,64.3599,0.0],[11.2828,64.3547,46.8312],[11.275,64.3562,45.1893],[11.2724,64.3526,20.6718],[11.263,64.3516,0.0],[11.2589,64.3432,0.0],[11.262,64.3411,0.0],[11.262,64.338,23.6672],[11.2505,64.3349,0.0],[11.2474,64.3255,17.176],[11.2422,64.3245,0.0],[11.2391,64.3193,19.2896],[11.2339,64.3182,0.0],[11.225,64.3125,0.0],[11.2193,64.3151,0.0],[11.2208,64.3187,0.0],[11.2172,64.3214,16.2608],[11.2172,64.3245,32.2573],[11.2224,64.3255,0.0],[11.2245,64.3276,0.0],[11.2255,64.3328,16.6754],[11.2307,64.3339,0.0],[11.237,64.338,0.0],[11.2401,64.3432,34.8493],[11.2453,64.3443,0.0],[11.2464,64.3474,48.5159],[11.2516,64.3484,0.0],[11.2484,64.3516,38.2373],[11.2578,64.3547,21.6428],[11.2562,64.3562,22.3349],[11.2505,64.3568,7.8337],[11.2464,64.3599,18.6946],[11.262,64.3609,25.547],[11.263,64.3641,97.1684],[11.2745,64.3672,0.0],[11.2776,64.3766,29.7002],[11.2995,64.3818,0.0],[11.3005,64.3849,16.8471],[11.312,64.388,0.0],[11.3182,64.3922,0.0],[11.3182,64.3953,0.0],[11.3151,64.3974,47.5525],[11.3203,64.4016,0.0],[11.3172,64.4036,70.6121],[11.3224,64.4047,0.0],[11.3255,64.4099,54.8932],[11.3307,64.4109,0.0],[11.3276,64.413,0.0],[11.3276,64.4161,0.0],[11.3349,64.4213,29.966],[11.3375,64.4271,0.0],[11.3359,64.4349,12.3677],[11.3411,64.4359,8.1158],[11.3453,64.4464,8.2917],[11.3453,64.4495,52.1165],[11.338,64.4526,0.0],[11.3411,64.4599,25.2689],[11.3333,64.4625,0.0],[11.3276,64.4599,12.6671],[11.3229,64.4542,99.5246],[11.3167,64.4542,15.5143],[11.3125,64.4563,0.0],[11.2984,64.4516,0.0],[11.3057,64.4474,0.0],[11.3083,64.4437,0.0],[11.3125,64.4458,78.9093],[11.3188,64.4458,36.491],[11.3245,64.4432,12.6905],[11.3167,64.4396,17.4797],[11.3005,64.4401,54.1877],[11.2995,64.4432,0.0],[11.2964,64.4443,0.0],[11.2974,64.4474,0.0],[11.2901,64.4526,0.0],[11.2938,64.4563,27.2387],[11.3057,64.4568,0.0],[11.3057,64.4599,9.0206],[11.3,64.4625,18.0489],[11.2813,64.4625,0.0],[11.2734,64.4599,6.5705],[11.2724,64.4568,1.9918],[11.263,64.4557,0.0],[11.2661,64.4526,0.0],[11.2562,64.4521,0.0],[11.2521,64.45,62.1368],[11.2333,64.4521,32.2781],[11.2292,64.45,65.2326],[11.2188,64.45,0.0],[11.2083,64.4458,32.2144],[11.1958,64.4458,0.0],[11.1943,64.4453,0.0],[11.1932,64.4401,7.932],[11.1896,64.4375,6.3616],[11.1854,64.4396,0.0],[11.1693,64.4401,6.9056],[11.1651,64.4422,0.0],[11.1672,64.4453,2.9206],[11.1828,64.4505,13.277],[11.1854,64.4542,0.0],[11.1974,64.4547,62.4325],[11.1958,64.4563,6.9304],[11.1901,64.4568,0.0],[11.1922,64.462,0.0],[11.1938,64.4625,0.0],[11.201599999999999,64.462,33.6668],[11.2125,64.4563,70.1002],[11.2167,64.4563,9.5736],[11.2208,64.4583,0.0],[11.2417,64.4583,0.0],[11.2599,64.463,0.0],[11.2609,64.4661,18.718],[11.2688,64.4667,22.7822],[11.2734,64.4703,0.0],[11.2813,64.4708,0.0],[11.2828,64.4724,5.139],[11.2771,64.475,0.0],[11.2651,64.4755,0.0],[11.2766,64.4818,0.0],[11.2734,64.4838,22.6682],[11.2745,64.487,0.0],[11.2646,64.4896,0.0],[11.2542,64.4875,82.6837],[11.2458,64.4917,0.0],[11.2354,64.4917,0.0],[11.2313,64.4896,47.48],[11.2146,64.4896,0.0],[11.212,64.4859,44.0507],[11.2068,64.4849,12.2897],[11.2047,64.4828,5.879],[11.2047,64.4776,0.0],[11.2078,64.4766,67.0458],[11.2068,64.4734,0.0],[11.2125,64.4708,16.3188],[11.2182,64.4703,0.0],[11.2182,64.4672,0.0],[11.2161,64.4651,0.0],[11.2063,64.4667,43.27],[11.2021,64.4646,75.6203],[11.1958,64.4646,0.0],[11.1932,64.4682,8.7906],[11.1891,64.4703,0.0],[11.1833,64.4708,21.7336],[11.1776,64.4734,0.0],[11.1797,64.4766,46.0322],[11.1849,64.4797,0.0],[11.1849,64.4828,38.3075],[11.1818,64.4838,6.6868],[11.1828,64.487,0.0],[11.1646,64.4958,0.0],[11.1583,64.4938,0.0],[11.1484,64.4964,14.3498],[11.1495,64.4995,0.0],[11.1438,64.5021,0.0],[11.1359,64.5026,47.6584],[11.137,64.5057,0.0],[11.1297,64.5068,55.7778],[11.1286,64.5099,0.0],[11.113,64.5172,8.6306],[11.1141,64.5203,15.6952],[11.1099,64.5224,28.0827],[11.1021,64.5229,28.8298],[11.0943,64.5203,0.0],[11.1016,64.5162,70.1546],[11.1,64.5146,84.6337],[11.0797,64.5151,13.5597],[11.0714,64.5193,44.7408],[11.076599999999999,64.5214,0.0],[11.0734,64.5234,0.0],[11.0734,64.5266,42.2418],[11.0786,64.5276,0.0],[11.0813,64.5333,0.0],[11.0807,64.5349,0.0],[11.0693,64.5401,39.8323],[11.0724,64.5495,0.0],[11.0693,64.5516,12.3237],[11.0745,64.5526,0.0],[11.0755,64.5578,0.0],[11.0776,64.5599,0.0],[11.087,64.563,13.7582],[11.0891,64.5661,0.0],[11.0792,64.5687,0.0],[11.0687,64.5667,0.0],[11.0646,64.5687,12.4383],[11.0583,64.5687,7.3505],[11.0568,64.5693,4.1981],[11.0578,64.5724,0.0],[11.0487,64.5768,37.3395],[11.0422,64.5776,24.6364],[11.0271,64.5854,6.3076],[11.0005,64.5859,0.0],[11.0016,64.5891,0.0],[10.9979,64.5917,0.0],[10.9995,64.5974,0.0],[10.987,64.6036,1.0706],[10.9771,64.6062,0.0],[10.9625,64.6062,0.0],[10.9578,64.6026,5.759],[10.9526,64.6016,0.0],[10.9516,64.5964,21.5479],[10.9495,64.5943,0.0],[10.9443,64.5932,0.0],[10.9432,64.588,0.0],[10.925,64.5875,0.0],[10.9208,64.5854,0.0],[10.913,64.5849,0.0],[10.9161,64.5818,9.9114],[10.9109,64.5807,0.0],[10.9083,64.575,26.2338],[10.9089,64.5734,0.0],[10.9161,64.5724,93.2896],[10.9188,64.5687,0.0],[10.9229,64.5708,93.0551],[10.9349,64.5703,0.0],[10.9359,64.5672,0.0],[10.9391,64.5661,0.0],[10.938,64.563,0.0],[10.9411,64.562,0.0],[10.9422,64.5589,19.561],[10.9557,64.5516,61.1791],[10.9568,64.5484,0.0],[10.9641,64.5474,0.0],[10.963,64.5422,15.889],[10.9745,64.537,0.0],[10.9745,64.5339,0.0],[10.9651,64.5328,0.0],[10.963,64.5307,0.0],[10.962,64.5255,6.961],[10.9526,64.5245,7.6844],[10.9505,64.5224,18.2693],[10.9505,64.5193,27.5804],[10.9536,64.5182,41.6233],[10.9526,64.5151,0.0],[10.9682,64.5078,19.6041],[10.9672,64.5005,0.0],[10.9729,64.5021,28.8272],[10.9833,64.5021,0.0],[10.9849,64.5016,0.0],[10.9849,64.4984,209.0159],[10.9667,64.4958,73.2521],[10.9641,64.4995,10.5968],[10.9495,64.5078,0.0],[10.9375,64.5083,32.1794],[10.9307,64.512,43.8986],[10.9208,64.5146,0.0],[10.9104,64.5146,11.9931],[10.9083,64.5125,0.0],[10.912,64.512,0.0],[10.9109,64.5089,0.0],[10.9125,64.5083,0.0],[10.9245,64.5078,9.5325],[10.9245,64.5047,0.0],[10.9229,64.5042,9.845],[10.9063,64.5021,0.0],[10.8938,64.5083,0.0],[10.8859,64.5057,0.0751],[10.8932,64.5016,25.6777],[10.8917,64.4979,0.0],[10.8958,64.4938,1.5231],[10.8938,64.4896,5.5831],[10.8974,64.487,0.0],[10.8964,64.4818,0.0],[10.9036,64.4807,32.871],[10.9026,64.4755,0.0],[10.9063,64.4729,0.0],[10.9057,64.4714,0.0],[10.8943,64.4682,0.0],[10.8979,64.4646,0.0],[10.8958,64.4625,15.9487],[10.888,64.463,22.6145],[10.8932,64.4786,0.0],[10.8859,64.4818,81.4897],[10.887,64.4849,0.0],[10.8839,64.4859,48.1166],[10.8828,64.4891,27.2346],[10.8771,64.4917,53.3925],[10.8714,64.4922,119.2937],[10.8729,64.4938,0.0],[10.8854,64.4938,11.9858],[10.8854,64.4958,0.0],[10.8818,64.4964,5.2116],[10.8828,64.4995,0.0],[10.8813,64.5,0.0],[10.8708,64.5,0.0],[10.8583,64.5042,0.0],[10.8521,64.5,0.0],[10.8495,64.5036,6.8043],[10.8438,64.5062,4.6229],[10.8396,64.5042,4.0732],[10.8313,64.5083,0.0],[10.8167,64.5083,0.0],[10.8125,64.5104,0.0],[10.8021,64.5104,13.246],[10.7979,64.5125,0.0],[10.7938,64.5125,0.0],[10.7859,64.5099,0.0],[10.7859,64.5068,0.0],[10.7891,64.5057,0.0],[10.7875,64.5042,11.3108],[10.7755,64.5078,1.9006],[10.7729,64.5021,0.0],[10.7766,64.4995,4.2983],[10.7745,64.4943,5.8764],[10.7625,64.4938,28.3902],[10.7609,64.4943,31.8718],[10.7609,64.4974,0.0],[10.7661,64.4984,0.0],[10.7651,64.5036,0.0],[10.7682,64.5057,0.0],[10.7625,64.5083,0.0],[10.7547,64.5057,0.0],[10.7521,64.5021,14.3351],[10.7396,64.5083,0.0],[10.7188,64.5083,0.0],[10.713,64.5068,13.0715],[10.7047,64.512,0.0],[10.7271,64.5125,0.5786],[10.7313,64.5104,0.0],[10.7354,64.5104,0.0],[10.7396,64.5125,2.7275],[10.7458,64.5125,6.0664],[10.75,64.5104,0.0],[10.7578,64.5162,0.0],[10.7547,64.5172,18.5351],[10.7557,64.5203,0.0],[10.75,64.5229,0.0],[10.7443,64.5234,0.0],[10.7276,64.5318,0.0],[10.7266,64.5349,0.0],[10.7234,64.5359,16.0712],[10.7245,64.5411,0.0],[10.7188,64.5396,0.0],[10.7068,64.5401,0.0],[10.7068,64.5432,0.0],[10.7141,64.5484,5.9629],[10.7125,64.55,0.0],[10.7063,64.55,4.5165],[10.7021,64.5521,0.0],[10.6833,64.5521,0.0],[10.6729,64.5479,9.7205],[10.6609,64.5474,0.0],[10.6589,64.5453,0.0],[10.6589,64.5422,0.0],[10.6646,64.5396,0.2464],[10.675,64.5417,0.0],[10.6766,64.5411,0.0],[10.6755,64.538,0.0],[10.6786,64.5359,0.0],[10.6604,64.5333,0.0],[10.6521,64.5292,0.0],[10.6438,64.5292,5.2094],[10.6417,64.5271,0.0],[10.6453,64.5245,0.0],[10.6453,64.5214,0.0],[10.6333,64.5229,1.8496],[10.6297,64.5203,0.0],[10.6328,64.5182,0.0],[10.6297,64.5162,0.0],[10.6313,64.5146,0.0],[10.6396,64.5146,0.0],[10.6458,64.5188,0.0],[10.65,64.5167,0.0],[10.6646,64.5167,0.0],[10.6688,64.5146,0.0],[10.6807,64.5162,0.0],[10.6818,64.513,0.0],[10.6859,64.5109,1.012],[10.6958,64.5104,0.0],[10.701599999999999,64.5078,0.0],[10.7,64.5062,6.6998],[10.6922,64.5057,0.0],[10.6922,64.5026,0.0],[10.6964,64.5005,0.0],[10.7224,64.4974,9.1532],[10.7214,64.4943,1.1742],[10.7286,64.4901,1.24],[10.7151,64.4912,0.0],[10.7208,64.4875,0.0],[10.7375,64.4875,1.4392],[10.7401,64.4912,0.0],[10.7453,64.4922,0.0],[10.7396,64.4958,0.0],[10.7318,64.4964,0.0],[10.7354,64.5,0.0],[10.7417,64.5,0.0],[10.7458,64.5021,0.0],[10.7557,64.4974,0.0],[10.7505,64.4953,0.0],[10.7505,64.4901,0.0],[10.7568,64.4859,0.0],[10.7646,64.4854,0.0],[10.7703,64.4818,0.0],[10.7667,64.4792,0.0],[10.7589,64.4786,0.0],[10.7568,64.4745,0.0],[10.7599,64.4724,0.0],[10.7609,64.4693,0.0],[10.7641,64.4682,0.0],[10.762,64.4651,0.0],[10.7563,64.4667,0.0],[10.7484,64.4661,0.0],[10.7484,64.463,0.0],[10.7557,64.462,0.0],[10.7557,64.4568,0.0],[10.7438,64.4563,4.0904],[10.738,64.4589,0.0],[10.7349,64.4682,0.0],[10.7276,64.4714,0.0],[10.7328,64.4734,0.0],[10.7354,64.4771,0.0],[10.7438,64.4729,0.0],[10.7516,64.4734,0.0],[10.7536,64.4786,0.0],[10.7438,64.4833,9.6823],[10.7396,64.4812,0.0],[10.7292,64.4812,0.0],[10.7146,64.4854,0.0],[10.7104,64.4833,0.0],[10.7,64.4833,0.914],[10.6958,64.4854,0.0],[10.688,64.4828,0.0],[10.687,64.4797,5.1735],[10.6792,64.4792,0.0],[10.6693,64.4818,0.0],[10.6625,64.4854,0.0],[10.6547,64.4828,0.0],[10.6578,64.4807,0.0],[10.6568,64.4776,2.4436],[10.6604,64.475,21.1799],[10.6589,64.4672,0.0],[10.6661,64.4661,0.0],[10.6729,64.4625,0.0],[10.6807,64.463,0.0],[10.6849,64.4651,0.0],[10.6818,64.4672,0.0],[10.6839,64.4724,0.0],[10.6891,64.4755,11.422],[10.6938,64.4812,0.0],[10.6953,64.4807,0.0],[10.6958,64.4771,4.8272],[10.6938,64.4729,0.0],[10.6974,64.4693,11.9553],[10.6901,64.4641,0.0],[10.6891,64.4609,3.8177],[10.675,64.4563,55.4681],[10.6589,64.4557,0.0],[10.6568,64.4537,4.6288],[10.6547,64.4464,0.0],[10.6578,64.4453,0.0],[10.6589,64.4422,0.0],[10.6646,64.4396,0.0],[10.6688,64.4396,10.3599],[10.6729,64.4375,0.0],[10.6875,64.4375,0.0],[10.6974,64.4349,0.0],[10.6964,64.4297,0.0],[10.6995,64.4287,0.0],[10.7021,64.425,0.0],[10.7167,64.425,0.0],[10.7313,64.4292,0.0],[10.7417,64.4292,0.0],[10.75,64.4375,0.0],[10.7557,64.4349,21.3843],[10.7547,64.4318,0.0],[10.7563,64.4313,0.0],[10.7771,64.4313,0.0],[10.7917,64.4354,0.0],[10.8036,64.4349,0.0],[10.8021,64.4292,2.7723],[10.8057,64.4255,31.6267],[10.8005,64.4234,0.0],[10.8063,64.4229,0.0],[10.812,64.4203,24.5247],[10.813,64.4172,0.0],[10.8161,64.4151,0.0],[10.8063,64.4146,19.5155],[10.8036,64.4089,126.5382],[10.7854,64.4063,0.0],[10.7839,64.4047,18.8013],[10.7911,64.4036,66.4557],[10.7922,64.4005,47.4396],[10.7953,64.3995,73.0678],[10.7943,64.3964,0.0],[10.7984,64.3943,0.0],[10.8229,64.3917,77.2572],[10.8286,64.3891,127.4623],[10.8193,64.3849,69.9243],[10.8172,64.3818,0.0],[10.826599999999999,64.3807,26.876],[10.838,64.3734,0.0],[10.8458,64.3729,61.9959],[10.8474,64.3714,69.5022],[10.8396,64.3688,10.9935],[10.8146,64.3688,0.0],[10.8089,64.3714,0.0],[10.8141,64.3734,10.235],[10.8141,64.3766,107.2529],[10.8083,64.3792,0.0],[10.8026,64.3797,0.0],[10.8036,64.3849,0.0],[10.8021,64.3854,0.0],[10.7813,64.3792,54.0629],[10.775,64.3792,43.0928],[10.7646,64.375,138.8204],[10.7568,64.3755,189.2378],[10.7578,64.3807,0.0],[10.7505,64.3839,133.6547],[10.7557,64.3974,0.0],[10.7484,64.3984,67.1852],[10.7479,64.4,25.6099],[10.7484,64.4036,23.4115],[10.7578,64.4047,0.0],[10.7547,64.4068,91.896],[10.7557,64.4099,37.9321],[10.7458,64.4146,18.5374],[10.7396,64.4146,0.0],[10.7354,64.4125,61.2139],[10.7063,64.4125,289.1744],[10.7021,64.4146,90.7539],[10.6979,64.4125,237.3997],[10.6917,64.4125,7.5197],[10.6875,64.4146,0.0],[10.6776,64.4151,18.589],[10.6766,64.4182,0.0],[10.6693,64.4193,38.032],[10.6703,64.4245,0.0],[10.6672,64.4255,15.8617],[10.6661,64.4287,19.5092],[10.663,64.4297,76.1586],[10.6599,64.4349,27.7122],[10.6542,64.4375,0.0],[10.6464,64.438,107.8347],[10.6422,64.4401,0.0],[10.6432,64.4432,0.0],[10.6307,64.4495,0.0],[10.6234,64.4505,0.0],[10.6224,64.4537,0.0],[10.6125,64.4583,0.0],[10.6083,64.4563,1.786],[10.6005,64.4557,0.0],[10.5974,64.4484,0.0],[10.5922,64.4474,0.0],[10.5891,64.4401,0.0],[10.5875,64.4396,0.0],[10.5771,64.4396,0.0],[10.5729,64.4417,0.0],[10.5438,64.4417,0.0],[10.5422,64.4401,2.324],[10.5479,64.4375,0.0],[10.5536,64.437,0.0],[10.5661,64.4307,19.0316],[10.5651,64.4276,0.0],[10.5667,64.4271,0.0],[10.5771,64.4292,0.0],[10.5797,64.4255,0.0],[10.5896,64.4229,0.0],[10.6057,64.4224,0.0],[10.6068,64.4193,28.0655],[10.6099,64.4182,41.9849],[10.6089,64.4151,0.0],[10.6104,64.4146,0.0],[10.6146,64.4167,0.0],[10.625,64.4167,0.0],[10.6307,64.4141,10.3385],[10.6307,64.4089,33.8558],[10.6271,64.4083,94.8139],[10.6229,64.4104,9.0684],[10.6151,64.4078,21.9962],[10.6146,64.4063,0.0],[10.6193,64.4026,0.0],[10.6292,64.4021,0.0],[10.6349,64.3995,23.511],[10.6339,64.3943,0.0],[10.637,64.3932,0.0],[10.637,64.3901,25.5522],[10.6292,64.3896,9.6754],[10.6208,64.3938,0.0],[10.6109,64.3943,0.0],[10.6099,64.3974,0.0],[10.6026,64.4005,0.0],[10.6036,64.4057,0.0],[10.5964,64.4068,23.7376],[10.588,64.4109,62.2731],[10.5891,64.4161,0.0],[10.5833,64.4187,0.0],[10.5729,64.4187,67.2416],[10.5661,64.4224,6.2586],[10.5589,64.4234,68.0175],[10.5599,64.4266,0.0],[10.5391,64.437,0.0],[10.5318,64.438,3.862],[10.5307,64.4432,0.0],[10.525,64.4437,0.0],[10.5172,64.4411,0.0],[10.5172,64.438,0.0],[10.5245,64.4339,6.1851],[10.5208,64.4313,0.0],[10.513,64.4307,0.0],[10.5031,64.4243,7.699],[10.5134,64.4249,77.7589],[10.5165,64.416,68.227],[10.5268,64.4167,186.4733],[10.5283,64.4122,58.8532],[10.5386,64.4129,228.8859],[10.5401,64.4084,113.3973],[10.5504,64.4091,205.5461],[10.5517,64.4054,155.3863],[10.5683,64.4014,20.2734],[10.5693,64.3984,0.0],[10.575,64.3979,0.0],[10.5807,64.3953,0.0],[10.5792,64.3938,0.0],[10.5729,64.3938,0.0],[10.5651,64.3912,0.0],[10.5651,64.388,0.0],[10.5771,64.3854,0.0],[10.5813,64.3875,4.6354],[10.6063,64.3896,0.0],[10.6078,64.388,7.6766],[10.6026,64.3839,6.4357],[10.6127,64.3833,7.0824],[10.6109,64.3859,30.6209],[10.6212,64.3863,28.3083],[10.6245,64.382,31.5581],[10.6433,64.3831,112.0007],[10.6448,64.3787,210.8222],[10.6551,64.3793,198.2184],[10.6566,64.3749,392.0689],[10.6669,64.3755,372.3548],[10.6684,64.3711,201.2808],[10.6787,64.3717,231.6376],[10.6817,64.3628,45.1165],[10.692,64.3635,189.0048],[10.6935,64.359,149.0362],[10.7037,64.3597,398.3323],[10.7112,64.3374,281.624],[10.7215,64.3381,400.9657],[10.7245,64.3292,425.8469],[10.7347,64.3298,409.6586],[10.7362,64.3254,443.1797],[10.7465,64.326,394.8891],[10.7495,64.3171,372.0162],[10.7597,64.3177,428.9484],[10.7612,64.3133,434.7863],[10.7715,64.3139,448.0417],[10.773,64.3095,440.6059],[10.7832,64.3101,412.9953],[10.7862,64.3012,362.4336],[10.7964,64.3018,349.0948],[10.7979,64.2974,292.0532],[10.8082,64.298,328.5045],[10.8097,64.2936,486.0574],[10.8302,64.2948,422.7289],[10.8316,64.2904,414.3322],[10.8521,64.2916,494.4541],[10.8536,64.2872,490.0753],[10.8741,64.2885,436.8182],[10.8756,64.284,416.4997],[10.8961,64.2853,326.3048],[10.8975,64.2808,282.712],[10.918,64.2821,354.2951],[10.9195,64.2776,453.7094],[10.9297,64.2782,435.5331],[10.9327,64.2693,334.2179],[10.9224,64.2687,395.0531],[10.9268,64.2554,215.1877],[10.9166,64.2547,197.3863],[10.9195,64.2459,247.5093],[10.9092,64.2452,233.2801],[10.9136,64.2319,278.4508],[10.9034,64.2313,231.5992],[10.9063,64.2224,257.9893],[10.8961,64.2217,311.0732],[10.899,64.2129,425.224],[10.8786,64.2116,487.6301],[10.88,64.2072,499.6126],[10.8392,64.2047,411.0331],[10.8406,64.2002,445.5483],[10.81,64.1983,501.2242],[10.8114,64.1939,508.9132],[10.791,64.1926,487.8085],[10.7925,64.1882,523.8384],[10.7721,64.1869,398.6887],[10.7736,64.1825,425.9802],[10.7531,64.1812,590.3614],[10.7546,64.1768,550.3013],[10.7444,64.1761,452.7581],[10.7503,64.1583,346.3431],[10.7605,64.159,347.8179],[10.7679,64.1367,528.1429],[10.7781,64.1374,508.5976],[10.784,64.1196,585.8732],[10.7942,64.1202,559.8074],[10.7957,64.1158,574.4453],[10.867,64.1202,541.8894],[10.8728,64.1024,553.3111],[10.8626,64.1018,494.7687],[10.8641,64.0973,454.4985],[10.8336,64.0954,324.9606],[10.8365,64.0865,323.7212],[10.8263,64.0859,294.4201],[10.8307,64.0726,330.3946],[10.8205,64.0719,327.0078],[10.8249,64.0586,384.526],[10.8147,64.058,312.407],[10.8162,64.0535,305.838],[10.7959,64.0523,387.6801],[10.7974,64.0478,389.7907],[10.7872,64.0472,485.3511],[10.7887,64.0428,369.9175],[10.7785,64.0421,462.4672],[10.78,64.0377,316.1788],[10.7698,64.037,379.2166],[10.7713,64.0326,295.8742],[10.7611,64.032,335.2408],[10.767,64.0142,265.5489],[10.7772,64.0148,259.5],[10.783,63.997,271.113],[10.7729,63.9964,264.4081],[10.7743,63.992,277.8107],[10.7642,63.9913,285.4161],[10.7657,63.9869,335.5306],[10.7555,63.9863,359.3063],[10.7585,63.9774,352.477],[10.7483,63.9767,367.6],[10.7498,63.9723,390.541],[10.7397,63.9717,424.1292],[10.7411,63.9672,444.5867],[10.731,63.9666,519.2235],[10.7325,63.9621,508.539],[10.7224,63.9615,538.8073],[10.7253,63.9526,539.2997],[10.7152,63.952,486.5971],[10.7166,63.9475,503.5866],[10.7065,63.9469,348.5681],[10.708,63.9424,445.5673],[10.6979,63.9418,367.5493],[10.6994,63.9374,360.8589],[10.6791,63.9361,372.2268],[10.6806,63.9316,356.0943],[10.6604,63.9304,377.5681],[10.6618,63.9259,389.2781],[10.6416,63.9246,455.9872],[10.6431,63.9202,486.0648],[10.6229,63.9189,480.8808],[10.6244,63.9145,527.0796],[10.594,63.9126,541.9352],[10.597,63.9037,497.2656],[10.5869,63.903,471.5173],[10.5884,63.8986,508.182],[10.5783,63.8979,463.0713],[10.5798,63.8935,482.9464],[10.5697,63.8928,464.9711],[10.5727,63.884,439.3921],[10.5626,63.8833,408.986],[10.5641,63.8789,395.512],[10.554,63.8782,386.6144],[10.5555,63.8738,403.5171],[10.5454,63.8731,395.6609],[10.5484,63.8643,437.7539],[10.5383,63.8636,414.4759],[10.5398,63.8592,415.9879],[10.5297,63.8585,406.1759],[10.5312,63.8541,369.3825],[10.5211,63.8534,350.0083],[10.5241,63.8445,375.4914],[10.514,63.8439,361.0888],[10.517,63.835,329.2993],[10.5069,63.8344,344.422],[10.5099,63.8255,313.3557],[10.4998,63.8248,293.5877],[10.5013,63.8204,338.8289],[10.4913,63.8197,310.794],[10.4943,63.8108,377.1941],[10.4842,63.8102,366.4314],[10.4872,63.8013,355.6889],[10.4771,63.8007,331.692],[10.4801,63.7918,377.3536],[10.4701,63.7911,442.2794],[10.4731,63.7822,398.5575],[10.463,63.7816,386.7033],[10.466,63.7727,321.7321],[10.4559,63.7721,513.2214],[10.4589,63.7632,168.2038],[10.4489,63.7625,208.2314],[10.4519,63.7536,171.8074],[10.4418,63.753,169.6286],[10.4449,63.7441,300.7833],[10.4348,63.7434,261.996],[10.4363,63.739,337.9048],[10.4263,63.7383,257.0375],[10.4278,63.7339,433.3981],[10.4177,63.7332,407.3065],[10.4192,63.7288,345.8192],[10.4092,63.7282,279.5075],[10.4107,63.7237,301.7831],[10.4007,63.7231,233.5753],[10.4022,63.7186,251.7508],[10.3821,63.7173,224.7585],[10.3836,63.7129,342.5406],[10.3736,63.7122,326.874],[10.3751,63.7078,283.6958],[10.3651,63.7071,319.1882],[10.3666,63.7027,389.2207],[10.3465,63.7013,304.0026],[10.348,63.6969,397.5133],[10.328,63.6956,301.4478],[10.3295,63.6911,491.9483],[10.3095,63.6898,335.8727],[10.311,63.6854,458.8987],[10.2909,63.6841,365.6056],[10.2924,63.6796,457.6242],[10.2724,63.6783,368.6283],[10.2739,63.6738,406.5175],[10.2539,63.6725,228.596],[10.2554,63.6681,331.7465],[10.2354,63.6667,285.7097],[10.2369,63.6623,222.6283],[10.2069,63.6603,241.112],[10.21,63.6514,188.1344],[10.2,63.6508,185.4546],[10.203,63.6419,127.76],[10.193,63.6412,131.0545],[10.1961,63.6323,129.3309],[10.1861,63.6317,144.7649],[10.1876,63.6272,153.0972],[10.1776,63.6265,142.4935],[10.1807,63.6177,127.9847],[10.1707,63.617,128.6842],[10.1738,63.6081,206.122],[10.1638,63.6074,146.4522],[10.1653,63.603,128.5939],[10.1553,63.6023,188.0135],[10.1569,63.5979,135.2232],[10.1469,63.5972,231.554],[10.1484,63.5928,131.7852],[10.1384,63.5921,150.5181],[10.14,63.5877,141.5575],[10.13,63.587,143.8858],[10.1408,63.5559,219.8475],[10.1507,63.5566,240.9599],[10.1615,63.5255,67.0693],[10.1729,63.5271,0.0],[10.1812,63.5313,76.594],[10.1875,63.5313,0.0],[10.1953,63.5339,0.0],[10.2057,63.5401,0.0],[10.2078,63.5422,0.0],[10.2089,63.5474,23.1505],[10.2141,63.5484,0.0],[10.2151,63.5516,6.2688],[10.2229,63.5542,9.3491],[10.2333,63.5542,0.0],[10.2375,63.5563,36.2798],[10.2479,63.5563,77.654],[10.2521,63.5542,0.0],[10.2563,63.5542,0.0],[10.2604,63.5563,55.414],[10.2937,63.5563,11.0906],[10.2979,63.5542,0.0],[10.3083,63.5542,0.0],[10.3109,63.5578,21.9523],[10.3224,63.5609,0.0],[10.3292,63.5646,59.0665],[10.3411,63.5651,0.0],[10.3443,63.5703,0.0],[10.3562,63.575,76.4556],[10.3667,63.575,13.1506],[10.3708,63.5729,0.0],[10.3938,63.5729,4.8833],[10.4062,63.5687,0.0],[10.4167,63.5687,0.0],[10.4245,63.5714,0.0],[10.4167,63.5771,33.724],[10.4193,63.5807,0.0],[10.4245,63.5839,0.0],[10.4255,63.587,0.0],[10.4417,63.5917,32.3378],[10.4479,63.5917,0.0],[10.462,63.5964,0.0],[10.4646,63.6,0.0],[10.4917,63.6042,0.0],[10.4943,63.6078,0.0],[10.4984,63.6099,34.3688],[10.5063,63.6104,0.0],[10.5125,63.6146,30.3858],[10.5203,63.6151,0.0],[10.5214,63.6182,24.399],[10.5333,63.6229,0.0],[10.5396,63.6208,0.0],[10.5437,63.625,0.0],[10.5583,63.625,0.0],[10.5724,63.6297,0.0],[10.5734,63.6328,0.0],[10.5786,63.6339,0.0],[10.5797,63.637,68.9529],[10.5891,63.638,0.0],[10.5901,63.6411,31.7244],[10.6057,63.6464,0.0],[10.6078,63.6485,0.0],[10.612,63.6609,0.0],[10.6089,63.6641,0.0],[10.6141,63.6651,0.0],[10.6151,63.6682,4.6245],[10.6229,63.6708,0.0],[10.6271,63.6708,0.0],[10.6375,63.675,15.4842],[10.6687,63.6771,0.0],[10.6755,63.6807,0.0],[10.687,63.6839,0.0],[10.6896,63.6875,16.084],[10.6958,63.6875,0.0],[10.7042,63.6917,0.0],[10.7104,63.6937,0.0],[10.7167,63.6937,0.0],[10.7208,63.6958,13.3312],[10.7312,63.6958,0.0],[10.7354,63.6979,0.0],[10.7417,63.6979,0.0],[10.7495,63.7005,0.0],[10.7521,63.7042,70.2248],[10.7625,63.7042,0.0],[10.7771,63.7083,3.8964],[10.7979,63.7083,0.0],[10.8125,63.7125,24.7046],[10.8188,63.7125,0.0],[10.8229,63.7146,99.1129],[10.8333,63.7146,0.0],[10.8375,63.7167,8.3924],[10.8438,63.7167,0.0],[10.8583,63.7229,94.8904],[10.8646,63.7229,0.0],[10.8687,63.725,2.232],[10.8792,63.725,0.0],[10.8833,63.7271,68.3525],[10.9,63.7292,0.0],[10.9083,63.7333,10.6453],[10.9208,63.7333,0.0],[10.9536,63.7443,0.0],[10.9547,63.7474,59.3577],[10.9599,63.7484,0.0],[10.963,63.7557,30.7457],[10.9682,63.7568,0.0],[10.9693,63.7599,0.0],[10.9745,63.7609,0.0],[10.9776,63.7703,21.3691],[10.9828,63.7714,0.0],[10.9953,63.7797,0.0],[10.9974,63.7818,0.0],[10.9984,63.787,0.0],[11.0036,63.788,0.0],[11.0068,63.7953,0.0],[11.012,63.7964,0.0],[11.014099999999999,63.8016,0.0],[11.0068,63.8057,0.0],[11.012,63.8078,0.0],[11.0047,63.8109,0.0],[11.0047,63.8141,0.0],[11.0099,63.8151,0.0],[11.0109,63.8182,0.0],[11.0224,63.8214,0.0],[11.0292,63.825,19.7206],[11.0396,63.825,0.0],[11.0474,63.8276,0.0],[11.0505,63.8328,0.0],[11.0625,63.8354,0.0],[11.0661,63.838,20.8116],[11.0682,63.8453,0.0],[11.0609,63.8464,105.4224],[11.0599,63.8495,12.6636],[11.0542,63.85,172.9182],[11.0484,63.8526,161.6752],[11.05,63.8583,0.0],[11.0479,63.8646,0.0],[11.05,63.8688,0.0],[11.0495,63.8703,0.0],[11.0422,63.8734,7.7905],[11.0474,63.8786,0.0],[11.0375,63.8812,0.0],[11.0292,63.8812,12.5342],[11.025,63.8854,0.0],[11.0125,63.8854,0.0],[10.9979,63.8896,0.0],[10.9896,63.8896,0.0],[10.9854,63.8917,0.0],[10.9813,63.8917,11.1336],[10.9714,63.8964,0.0],[10.9693,63.9005,7.6601],[10.9651,63.9026,10.8365],[10.9641,63.9057,12.0934],[10.9521,63.9063,0.0],[10.9479,63.9042,64.9461],[10.9401,63.9036,63.8668],[10.9391,63.8984,106.8418],[10.9339,63.8974,58.5814],[10.9307,63.8943,113.3508],[10.9146,63.8917,8.9738],[10.8875,63.8812,41.1109],[10.8813,63.8812,54.7907],[10.8734,63.8786,0.0],[10.8724,63.8755,57.3642],[10.863,63.8745,0.0],[10.862,63.8714,48.6684],[10.8505,63.8682,0.0],[10.8495,63.8651,0.0],[10.8339,63.8599,0.0],[10.8328,63.8568,109.8328],[10.825,63.8563,54.6939],[10.8146,63.8521,77.9056],[10.8,63.8521,0.0],[10.7958,63.85,13.8254],[10.7833,63.85,0.0],[10.7792,63.8479,18.1345],[10.7354,63.8479,0.0],[10.7208,63.8438,0.0],[10.7089,63.8432,0.0],[10.7078,63.8401,0.0],[10.7042,63.8375,0.0],[10.7,63.8375,0.0],[10.6958,63.8396,0.0],[10.6854,63.8396,0.0],[10.6813,63.8375,0.0],[10.6797,63.838,0.0],[10.6797,63.8411,0.0],[10.6938,63.8458,18.0105],[10.7042,63.8458,0.0],[10.7188,63.8521,15.5441],[10.725,63.8521,0.0],[10.7328,63.8547,0.0],[10.7396,63.8583,17.9942],[10.75,63.8583,0.0],[10.7604,63.8625,28.2276],[10.7875,63.8667,0.0],[10.8021,63.8708,4.4665],[10.8083,63.8708,0.0],[10.8167,63.875,20.3139],[10.8292,63.875,0.0],[10.8375,63.8792,0.0],[10.8646,63.8833,0.0],[10.8854,63.8917,0.0],[10.8917,63.8917,0.0],[10.8995,63.8943,0.0],[10.9005,63.8974,9.0792],[10.9083,63.9,0.0],[10.9161,63.9005,0.0],[10.9266,63.9047,0.0],[10.9276,63.9078,18.2438],[10.9391,63.9109,0.0],[10.9401,63.9161,0.0],[10.9516,63.9193,0.0],[10.9526,63.9224,0.0],[10.9578,63.9234,0.0],[10.9589,63.9266,20.095],[10.9807,63.9339,0.0],[10.9818,63.937,20.9143],[10.987,63.938,0.0],[10.988,63.9411,0.0],[10.9958,63.9437,3.6614],[11.0078,63.9443,0.0],[11.0151,63.9495,0.0],[11.0172,63.9536,0.0],[11.0224,63.9547,0.0],[11.0234,63.9578,53.1768],[11.0313,63.9583,0.0],[11.0458,63.9646,37.0157],[11.0521,63.9646,0.0],[11.0583,63.9688,94.456],[11.075,63.9708,0.0],[11.0776,63.9745,26.0349],[11.0854,63.9771,55.7806],[11.0958,63.9771,0.0],[11.0984,63.9807,27.7725],[11.1062,63.9813,0.0],[11.1167,63.9854,5.0077],[11.1271,63.9854,0.0],[11.1417,63.9896,62.6002],[11.1583,63.9917,0.0],[11.1625,63.9938,36.5374],[11.1687,63.9938,0.0],[11.1714,63.9974,31.5603],[11.1766,63.9984,18.7658],[11.1797,64.0016,2.786],[11.187,64.0026,0.0],[11.1917,64.0062,4.4176],[11.2078,64.0068,0.0],[11.2109,64.012,9.1581],[11.2161,64.013,0.0],[11.2214,64.0266,0.0],[11.2266,64.0276,0.0],[11.2193,64.0318,50.4877],[11.2203,64.0349,0.0],[11.2172,64.037,56.5313],[11.2203,64.0391,0.0],[11.2182,64.0432,0.0],[11.2151,64.0443,8.5487],[11.2125,64.05,0.0],[11.213,64.0536,6.6324],[11.2182,64.0547,0.0],[11.2151,64.0568,8.366],[11.2172,64.0641,6.5905],[11.2224,64.0651,0.0],[11.2214,64.0724,0.0],[11.2292,64.075,13.5908],[11.2396,64.0729,0.0],[11.2542,64.0771,9.8803],[11.2599,64.0745,0.0],[11.2583,64.0729,29.3484],[11.2521,64.0729,10.7218],[11.2339,64.0682,0.0],[11.2297,64.0599,0.0],[11.2333,64.0563,0.9322],[11.2292,64.0458,0.0],[11.2328,64.0432,5.0985],[11.2318,64.038,0.0],[11.2349,64.037,0.0],[11.2339,64.0339,0.0],[11.237,64.0328,6.9777],[11.238,64.0297,0.0],[11.2438,64.0271,8.203],[11.2521,64.0271,38.4594],[11.2583,64.025,0.0],[11.2714,64.0328,18.2939],[11.2792,64.0354,5.3194],[11.3,64.0354,0.0],[11.3042,64.0375,2.8321],[11.3141,64.0349,2.7827],[11.3208,64.0313,0.0],[11.3417,64.0375,0.0],[11.3479,64.0354,0.0],[11.3521,64.0375,0.0],[11.3563,64.0375,0.0],[11.3661,64.0349,0.0],[11.3672,64.0318,2.6851],[11.3745,64.0286,14.1549],[11.3734,64.0255,0.0],[11.3766,64.0234,10.0551],[11.3714,64.0203,3.6875],[11.3729,64.0188,10.8967],[11.3875,64.0188,0.0],[11.3917,64.0208,17.9129],[11.3979,64.0208,0.0],[11.4042,64.025,0.0],[11.4229,64.025,0.0],[11.4271,64.0271,13.1712],[11.4375,64.0271,13.5644],[11.4401,64.0234,0.0],[11.4474,64.0193,7.3355],[11.438,64.0182,0.0],[11.4359,64.0151,21.4336],[11.4479,64.0146,0.0],[11.4604,64.0104,0.0],[11.4661,64.0109,5.3647],[11.4651,64.0141,0.0],[11.4667,64.0146,0.0],[11.475,64.0146,4.3855],[11.4792,64.0125,2.6901],[11.487,64.012,4.2097],[11.4901,64.0068,0.0],[11.4932,64.0057,0.0],[11.4813,64.0,70.7103],[11.4672,63.9995,0.0],[11.4661,63.9964,4.8067],[11.4443,63.9891,2.2123],[11.4432,63.9859,59.4461],[11.4354,63.9854,2.5973],[11.4214,63.9807,0.0],[11.4203,63.9776,0.0],[11.4151,63.9766,0.0],[11.4125,63.9729,0.0],[11.4047,63.9734,3.4495],[11.4057,63.9766,0.0],[11.3958,63.9813,0.0],[11.3896,63.9813,0.0],[11.3818,63.9766,6.976],[11.3818,63.9734,0.0],[11.3849,63.9714,4.603],[11.3813,63.9688,0.0],[11.3729,63.9688,0.0],[11.3703,63.9724,0.0],[11.3661,63.9745,6.8524],[11.3583,63.975,3.0924],[11.3458,63.9708,6.0661],[11.3292,63.9688,0.0],[11.3188,63.9646,0.0],[11.312,63.9682,0.0],[11.3047,63.9693,0.0],[11.2896,63.9771,0.0],[11.2755,63.9724,0.0],[11.2745,63.9672,10.2727],[11.2724,63.9651,0.0],[11.2672,63.9641,0.0],[11.2661,63.9609,23.0015],[11.2609,63.9599,1.5764],[11.2599,63.9547,21.7712],[11.2547,63.9536,0.0],[11.2516,63.9505,9.4389],[11.2411,63.9464,22.3094],[11.2333,63.9458,0.0],[11.2255,63.9432,0.0],[11.2245,63.938,0.0],[11.2151,63.937,24.4893],[11.213,63.9349,22.9088],[11.2078,63.9193,32.779],[11.2026,63.9182,0.0],[11.1995,63.9151,24.7164],[11.1896,63.9146,0.0],[11.1833,63.9167,0.0],[11.1703,63.9089,0.0],[11.1625,63.9083,0.0],[11.1521,63.9042,16.7806],[11.1458,63.9042,0.0],[11.1417,63.9063,11.2436],[11.1271,63.9063,15.957],[11.1245,63.9026,18.7523],[11.1151,63.9016,0.0],[11.1141,63.8984,0.0],[11.1026,63.8953,0.0],[11.0974,63.8922,42.4966],[11.0833,63.8875,46.9719],[11.0755,63.887,0.0],[11.0734,63.8797,0.0],[11.076599999999999,63.8786,5.0779],[11.0776,63.8755,0.0],[11.0807,63.8734,156.9366],[11.0786,63.8714,100.2525],[11.0734,63.8703,13.7551],[11.0714,63.8641,0.0],[11.075,63.8604,115.3907],[11.0734,63.8568,0.0],[11.0807,63.8516,88.4623],[11.0797,63.8484,0.0],[11.0943,63.838,0.0],[11.0979,63.8375,0.0],[11.1021,63.8396,51.6006],[11.1313,63.8396,35.3256],[11.1354,63.8375,0.0],[11.1458,63.8417,42.9],[11.15,63.8396,0.0],[11.1646,63.8438,32.5372],[11.175,63.8438,0.0],[11.1828,63.8484,0.0],[11.1859,63.8536,10.2598],[11.1938,63.8563,8.1391],[11.2042,63.8563,0.0],[11.2354,63.8688,0.0],[11.2432,63.8682,0.0],[11.2417,63.8646,0.0],[11.2438,63.8625,0.0],[11.2583,63.8625,0.0],[11.2625,63.8646,23.0201],[11.2703,63.8651,0.0],[11.2729,63.8688,0.0],[11.2896,63.8688,0.0],[11.2911,63.8682,5.9944],[11.2901,63.8651,0.0],[11.2974,63.8641,10.6356],[11.2984,63.8609,13.5136],[11.3141,63.8557,0.0],[11.312,63.8526,0.0],[11.3068,63.8495,0.0],[11.3047,63.8443,0.0],[11.313,63.8401,0.0],[11.3229,63.8375,0.0],[11.3333,63.8375,17.4558],[11.3375,63.8354,0.0],[11.3417,63.8375,0.0],[11.3479,63.8375,6.7669],[11.3521,63.8354,0.0],[11.375,63.8354,0.0],[11.3932,63.8401,0.0],[11.3901,63.8432,13.3955],[11.3953,63.8443,0.0],[11.3964,63.8474,2.6571],[11.3995,63.8474,0.0],[11.4078,63.8432,0.0],[11.4109,63.838,0.0],[11.425,63.8333,0.0],[11.4328,63.8328,2.5162],[11.4396,63.8271,0.0],[11.4391,63.8255,0.0],[11.4312,63.8229,0.0],[11.4063,63.8229,0.0],[11.3984,63.8193,7.1452],[11.4083,63.8146,0.0],[11.4354,63.8125,0.0],[11.4411,63.8099,0.8235],[11.4422,63.8068,0.0],[11.4521,63.8042,0.0],[11.4667,63.8042,14.904],[11.4708,63.8021,0.0],[11.475,63.8021,23.4969],[11.4766,63.8005,24.0387],[11.4745,63.7964,0.0],[11.4714,63.7964,0.0],[11.4604,63.8021,0.0],[11.4563,63.8,0.0],[11.438,63.7974,0.0],[11.4333,63.7896,3.3757],[11.4375,63.7854,0.0],[11.437,63.7839,4.0398],[11.4318,63.7828,3.4477],[11.4349,63.7807,0.0],[11.4328,63.7755,1.4905],[11.4276,63.7745,0.0],[11.4266,63.7714,0.6026],[11.4188,63.7687,0.0],[11.4036,63.7766,0.0],[11.3854,63.7813,0.0],[11.3776,63.7786,0.0],[11.3745,63.7734,4.9916],[11.3687,63.7708,61.6442],[11.3521,63.7708,22.1145],[11.3479,63.7687,81.951],[11.3438,63.7708,0.0],[11.3333,63.7708,0.0],[11.3318,63.7703,3.6975],[11.3318,63.7672,0.0],[11.3391,63.7661,0.0],[11.337,63.763,0.0],[11.3297,63.762,2.1219],[11.3208,63.7562,4.2847],[11.3146,63.7583,0.0],[11.2938,63.7521,0.0],[11.288,63.7547,0.0],[11.2891,63.7578,0.0],[11.2818,63.7609,0.0],[11.2792,63.7646,0.0],[11.2646,63.7646,0.0],[11.25,63.7583,25.1965],[11.2146,63.7583,0.0],[11.2068,63.7536,0.0],[11.2099,63.7516,5.5601],[11.2104,63.7479,11.558],[11.2047,63.7339,0.0],[11.212,63.7328,3.5054],[11.2125,63.7313,2.2024],[11.2099,63.7276,0.0],[11.2068,63.7266,0.0],[11.2099,63.7245,1.1727],[11.2078,63.7193,0.0],[11.1984,63.7182,0.0],[11.1974,63.7151,2.8108],[11.1896,63.7125,0.0],[11.1729,63.7125,0.0],[11.1688,63.7104,51.4769],[11.162,63.7141,6.3849],[11.1547,63.7151,5.5089],[11.1557,63.7182,0.0],[11.1521,63.7188,0.0],[11.15,63.7167,4.9907],[11.1516,63.7109,2.5296],[11.1438,63.7062,0.0],[11.125,63.7083,0.0],[11.1208,63.7062,90.22],[11.1167,63.7083,0.0],[11.1104,63.7083,0.0],[11.1021,63.7042,59.7418],[11.0917,63.7042,1.341],[11.0859,63.7068,3.3551],[11.0833,63.7104,0.0],[11.0776,63.7078,0.0],[11.0786,63.7026,0.0],[11.0724,63.7005,0.0],[11.0604,63.7,0.0],[11.0563,63.6979,0.0],[11.0458,63.6979,0.0],[11.0443,63.6995,0.0],[11.0474,63.7057,0.0],[11.0443,63.7078,14.4785],[11.0474,63.7099,0.0],[11.0453,63.712,0.0],[11.0292,63.7125,23.9734],[11.025,63.7146,0.0],[11.0104,63.7146,0.0],[11.0063,63.7125,0.0],[10.9984,63.712,8.8803],[11.0016,63.7099,0.0],[11.0005,63.7068,0.0],[11.0036,63.7047,0.0],[10.9917,63.7,101.7394],[10.9875,63.7021,19.9537],[10.9771,63.7021,0.0],[10.9729,63.7,0.0],[10.9667,63.7,39.6525],[10.9625,63.7021,0.0],[10.9583,63.7,73.8367],[10.9521,63.7,0.0],[10.937,63.6901,91.3819],[10.9292,63.6896,0.0],[10.9172,63.6849,22.403199999999998],[10.9161,63.6818,124.336],[10.9068,63.6807,3.8131],[10.9036,63.6776,106.952],[10.8943,63.6745,44.349],[10.8932,63.6714,153.1919],[10.888,63.6703,118.1802],[10.887,63.6672,174.7731],[10.8755,63.6641,0.0],[10.8755,63.6609,8.4452],[10.8786,63.6589,154.2329],[10.8708,63.6563,58.7254],[10.8646,63.6563,0.0],[10.8589,63.6536,6.9212],[10.8557,63.6484,39.6922],[10.8505,63.6474,0.0],[10.8495,63.6422,0.0],[10.8432,63.638,0.0],[10.8292,63.6375,0.0],[10.8167,63.6333,26.0169],[10.8042,63.6333,0.0],[10.8,63.6312,15.535],[10.7958,63.6333,0.0],[10.7875,63.6333,0.0],[10.7833,63.6354,0.0],[10.7729,63.6354,0.0],[10.7495,63.6255,3.8753],[10.7354,63.6208,4.5014],[10.7292,63.6208,0.0],[10.7172,63.6161,22.3471],[10.7141,63.6109,11.124],[10.7026,63.6036,0.0],[10.6974,63.5901,31.2108],[10.6854,63.5854,25.1678],[10.6792,63.5854,0.0],[10.6714,63.5828,0.0],[10.6714,63.5797,0.0],[10.6745,63.5786,0.0],[10.6734,63.5755,0.0],[10.6766,63.5734,0.0],[10.6714,63.5703,2.3023],[10.6703,63.5651,0.0],[10.6661,63.5589,0.0],[10.6604,63.5563,0.0],[10.6563,63.5583,0.0],[10.6484,63.5578,0.0],[10.6453,63.5505,2.5645],[10.6318,63.5495,5.512],[10.6297,63.5443,0.0],[10.637,63.5432,0.0],[10.6479,63.5375,0.0],[10.6521,63.5396,28.0128],[10.6625,63.5396,0.0],[10.6667,63.5417,3.4268],[10.6729,63.5417,0.0],[10.6849,63.5464,0.0],[10.6984,63.5557,0.0],[10.7266,63.5651,0.0],[10.7276,63.5682,1.9552],[10.7396,63.5729,0.0],[10.7474,63.5724,0.0],[10.7464,63.5693,0.0],[10.7563,63.5667,0.0],[10.7729,63.5687,0.0],[10.7755,63.5724,0.0],[10.7849,63.5734,0.0],[10.7859,63.5766,27.0486],[10.8042,63.5812,0.0],[10.8146,63.5812,0.0],[10.8224,63.5839,3.2554],[10.8193,63.587,0.0],[10.8271,63.5875,0.0],[10.8313,63.5896,21.4916],[10.8417,63.5896,0.0],[10.8547,63.5974,2.612],[10.8625,63.6,0.0],[10.8688,63.6,0.0],[10.8714,63.6036,47.6483],[10.8792,63.6042,0.0],[10.8889,63.6081,0.0]]],
[[[10.7896,64.3875,0.0],[10.7911,64.3891,0.0],[10.7859,64.3891,35.8286],[10.7859,64.388,0.0],[10.7896,64.3875,0.0]]],
[[[10.7714,64.3984,19.4567],[10.7745,64.3984,7.2713],[10.7745,64.3995,9.8971],[10.7714,64.3995,16.6209],[10.7714,64.3984,19.4567]]],
[[[10.639099999999999,63.5839,1.5725],[10.6375,63.5854,0.0],[10.6214,63.587,0.0],[10.6172,63.5839,19.9802],[10.6245,63.5797,0.0],[10.6104,63.5792,0.0],[10.6062,63.5771,10.1139],[10.6021,63.5792,0.0],[10.5995,63.5755,11.0311],[10.5901,63.5745,0.0],[10.5932,63.5714,9.1713],[10.588,63.5703,0.0],[10.5859,63.563,0.0],[10.5953,63.5651,0.0],[10.5964,63.5682,0.0],[10.6042,63.5708,0.0],[10.6083,63.5667,1.578],[10.6203,63.5693,0.0],[10.6214,63.5724,0.0],[10.6266,63.5734,0.0],[10.6276,63.5787,0.0],[10.6297,63.5807,0.0],[10.639099999999999,63.5839,1.5725]]],
[[[10.5667,64.4479,15.9656],[10.563,64.4464,0.0],[10.5688,64.4437,0.0],[10.5729,64.4479,0.0],[10.5708,64.45,0.0],[10.5667,64.4479,15.9656]]],
[[[10.8026,64.4151,0.0],[10.8063,64.4146,19.5155],[10.8063,64.4167,3.6413],[10.8026,64.4161,15.0297],[10.8026,64.4151,0.0]]],
[[[10.8,64.4167,0.0],[10.8016,64.4182,0.0],[10.7984,64.4182,30.3577],[10.7984,64.4172,15.8732],[10.8,64.4167,0.0]]],
[[[10.8271,64.525,0.0],[10.8214,64.5255,0.0],[10.8089,64.5318,35.7718],[10.8099,64.5349,0.0],[10.7958,64.5417,0.0],[10.7922,64.5391,9.2962],[10.7911,64.5359,15.8742],[10.7714,64.5328,0.0],[10.7755,64.5297,11.429],[10.7828,64.5286,10.2047],[10.7911,64.5245,0.0],[10.7891,64.5214,0.0],[10.7797,64.5203,7.1049],[10.7797,64.5172,0.0],[10.7813,64.5167,0.0],[10.8,64.5167,0.0],[10.8042,64.5146,0.0],[10.8333,64.5146,22.0855],[10.8375,64.5125,0.0],[10.8453,64.5151,11.3452],[10.8438,64.5167,0.0],[10.838,64.5172,47.7028],[10.837,64.5203,0.0],[10.8271,64.525,0.0]]],
[[[10.5833,64.4542,12.9552],[10.5797,64.4537,0.0],[10.5755,64.4505,2.3224],[10.5891,64.4505,0.0],[10.5891,64.4557,0.0],[10.5833,64.4542,12.9552]]],
[[[10.5818,64.4568,0.0],[10.5849,64.4568,0.0],[10.5849,64.4578,3.2325],[10.5818,64.4578,0.0],[10.5818,64.4568,0.0]]],
[[[10.6792,64.4896,1.637],[10.6755,64.488,0.0],[10.6813,64.4854,2.3765],[10.6849,64.4859,0.0],[10.6849,64.4891,0.0],[10.6792,64.4896,1.637]]],
[[[10.6672,64.5005,0.0],[10.6703,64.5005,7.0918],[10.6703,64.5016,0.0],[10.6672,64.5016,0.0],[10.6672,64.5005,0.0]]],
[[[10.9018,63.4625,8.6099],[10.9057,63.463,0.0],[10.9042,63.4688,0.0],[10.9005,63.4682,0.0],[10.8984,63.4661,0.0],[10.8984,63.463,0.0],[10.9018,63.4625,8.6099]]],
[[[10.8849,63.5547,33.3298],[10.8818,63.5536,43.3716],[10.8797,63.5505,0.0],[10.8875,63.55,0.0],[10.8932,63.5526,0.0],[10.8896,63.5563,0.0],[10.8849,63.5547,33.3298]]],
[[[10.889099999999999,64.4932,0.0],[10.8854,64.4938,11.9858],[10.8854,64.4917,0.0],[10.889099999999999,64.4922,0.0],[10.889099999999999,64.4932,0.0]]],
[[[10.9067,64.5147,14.4177],[10.9078,64.5151,11.6078],[10.9083,64.5167,0.0],[10.9047,64.5162,0.0],[10.9067,64.5147,14.4177]]],
[[[10.8953,64.5182,9.4152],[10.8833,64.5188,0.0],[10.8776,64.5214,1.782],[10.8792,64.5229,6.335],[10.8932,64.5234,0.9715],[10.8833,64.5292,0.0],[10.8771,64.5271,0.0],[10.8563,64.5271,0.0],[10.8547,64.5255,0.0],[10.8578,64.5234,4.9173],[10.8484,64.5224,0.0],[10.8682,64.512,0.0],[10.8693,64.5089,0.0],[10.8792,64.5062,0.0],[10.887,64.5089,0.0],[10.888,64.512,0.0],[10.8958,64.5146,0.0],[10.9,64.5125,0.0],[10.9036,64.513,0.0],[10.8953,64.5182,9.4152]]],
[[[11.2276,63.8057,17.8238],[11.2286,63.8099,3.7606],[11.2229,63.8104,26.117],[11.2172,63.813,5.8262],[11.2188,63.8146,33.9627],[11.2266,63.8151,0.0],[11.225,63.8167,5.3582],[11.1875,63.8167,0.0],[11.1771,63.8104,95.5549],[11.1604,63.8083,9.2618],[11.15,63.8042,8.051],[11.1396,63.8042,0.0],[11.1292,63.8,22.2523],[11.1188,63.8,0.0],[11.1146,63.7979,55.437],[11.1104,63.8,0.0],[11.1063,63.7979,33.9058],[11.0896,63.7979,9.4243],[11.0854,63.7958,20.9381],[11.0813,63.7958,0.0],[11.0771,63.7979,0.0],[11.0625,63.7979,29.891],[11.0583,63.8,2.4133],[11.0542,63.7979,17.7536],[11.0479,63.7979,14.4644],[11.0443,63.7953,0.0],[11.0432,63.7922,62.868],[11.038,63.7911,0.0],[11.0354,63.7833,0.0],[11.0391,63.7797,101.5277],[11.0349,63.7734,125.2701],[11.0255,63.7682,0.0],[11.0224,63.763,169.9151],[11.0146,63.7625,17.1472],[11.012,63.7589,58.1034],[11.0068,63.7578,0.0],[11.0036,63.7505,0.0],[10.9984,63.7495,0.0],[10.9979,63.7479,9.8732],[10.9984,63.7464,0.0],[11.0083,63.7417,0.0],[11.0229,63.7438,40.7244],[11.0271,63.7417,0.0],[11.0313,63.7438,10.0037],[11.0391,63.7443,0.0],[11.0401,63.7474,12.1422],[11.0453,63.7484,0.0],[11.0464,63.7516,25.9953],[11.0516,63.7526,0.0],[11.0542,63.7573,0.0],[11.0589,63.7599,0.0],[11.0667,63.7604,0.0],[11.0849,63.7651,0.0],[11.0953,63.7693,0.0],[11.0964,63.7724,16.2443],[11.1016,63.7734,0.0],[11.1026,63.7766,5.9741],[11.1104,63.7771,0.0],[11.1411,63.788,0.0],[11.138,63.7911,9.1647],[11.1411,63.7922,10.2449],[11.1443,63.7974,0.0],[11.1479,63.8,13.2625],[11.1521,63.8,0.0],[11.1563,63.7979,0.0],[11.1708,63.7979,6.5909],[11.175,63.7958,0.0],[11.1833,63.7958,0.0],[11.1875,63.7938,0.0],[11.1979,63.7938,28.7521],[11.2021,63.7958,49.9158],[11.2141,63.7964,0.0],[11.2276,63.8057,17.8238]]],
[[[11.0797,63.8943,15.7193],[11.0813,63.8937,9.4821],[11.0828,63.8953,18.6737],[11.0813,63.8958,28.6056],[11.0797,63.8943,15.7193]]],
[[[10.9729,64.7979,0.0],[10.9693,64.7963,0.0],[10.975,64.7937,2.5481],[10.9813,64.7937,0.0],[10.9839,64.7974,16.5862],[10.9891,64.7995,0.0],[10.9771,64.8,0.0],[10.9729,64.7979,0.0]]],
[[[10.9797,64.812,0.0],[10.987,64.8172,0.0],[10.9833,64.8208,0.0],[10.9849,64.8245,0.0],[10.9771,64.825,1.3236],[10.9729,64.8229,11.4649],[10.9625,64.8229,0.0],[10.9589,64.8203,0.0],[10.9646,64.8167,0.0],[10.9688,64.8187,0.0],[10.9724,64.8182,0.0],[10.9714,64.8151,0.0],[10.9745,64.8141,4.1236],[10.9755,64.8109,0.0],[10.9797,64.812,0.0]]],
[[[10.8875,64.5479,118.6099],[10.8714,64.5516,2.726],[10.8734,64.5463,0.0],[10.8776,64.5443,0.0],[10.8875,64.5417,0.0],[10.8995,64.5422,0.0],[10.8911,64.5474,47.5897],[10.8875,64.5479,118.6099]]],
[[[10.9193,64.5505,11.3761],[10.9141,64.5537,0.0],[10.9068,64.5547,0.0],[10.9057,64.5578,3.3114],[10.9,64.5604,8.1723],[10.8922,64.5599,0.0],[10.8859,64.5557,0.0],[10.889099999999999,64.5537,0.0],[10.8901,64.5505,0.0],[10.9,64.5458,0.0],[10.9146,64.5458,15.2134],[10.9188,64.5437,0.0],[10.9307,64.5443,4.0994],[10.9276,64.5463,18.7056],[10.9266,64.5495,0.0],[10.9193,64.5505,11.3761]]],
[[[10.8505,64.563,24.2332],[10.8536,64.562,2.0858],[10.8526,64.5568,2.313],[10.8542,64.5563,0.0],[10.8604,64.5563,0.0],[10.8682,64.5589,0.0],[10.8609,64.563,19.3626],[10.8583,64.5667,0.0],[10.8526,64.5661,15.2413],[10.8505,64.563,24.2332]]],
[[[10.875,64.5646,0.0],[10.8714,64.563,11.0126],[10.8771,64.5604,0.0],[10.8828,64.5609,0.0],[10.8786,64.5641,11.742],[10.875,64.5646,0.0]]],
[[[10.7661,64.5589,7.9225],[10.7651,64.5547,0.0],[10.7693,64.5526,0.0],[10.7786,64.5526,0.0],[10.7786,64.5557,0.0],[10.7745,64.5578,0.0],[10.7688,64.5604,0.0],[10.7661,64.5589,7.9225]]],
[[[10.7667,64.5646,6.1016],[10.7589,64.5641,1.7789],[10.7589,64.5609,0.0],[10.7661,64.5609,4.6693],[10.7682,64.563,2.7796],[10.7667,64.5646,6.1016]]],
[[[10.8146,64.5625,0.0],[10.825,64.5625,0.0],[10.8292,64.5646,14.9458],[10.8438,64.5646,0.0],[10.8474,64.5672,0.0],[10.8495,64.5724,0.0],[10.8464,64.5734,2.715],[10.8453,64.5787,2.5648],[10.8391,64.5828,0.0],[10.8354,64.5833,0.0],[10.825,64.5792,0.0],[10.8172,64.5787,0.0],[10.8104,64.575,11.6332],[10.8042,64.575,3.0908],[10.7964,64.5724,9.6928],[10.7953,64.5693,0.0],[10.7901,64.5682,15.6693],[10.7958,64.5646,16.0207],[10.8146,64.5625,0.0]]],
[[[10.7917,64.5792,22.3174],[10.7958,64.5771,0.0],[10.8099,64.5818,0.0],[10.8104,64.5833,0.0],[10.8099,64.5849,7.6634],[10.8042,64.5875,13.949],[10.7859,64.5828,0.0],[10.7859,64.5797,17.682],[10.7917,64.5792,22.3174]]],
[[[10.8271,64.5875,0.0],[10.8214,64.587,10.3602],[10.8214,64.5839,24.1364],[10.8271,64.5833,13.5005],[10.8349,64.5859,7.6022],[10.8333,64.5875,0.0],[10.8271,64.5875,0.0]]],
[[[10.8359,64.5995,5.1421],[10.8297,64.5974,4.7461],[10.8297,64.5943,16.2961],[10.8391,64.5943,33.7388],[10.8391,64.5995,2.0348],[10.8359,64.5995,5.1421]]],
[[[10.8193,64.6057,1.9167],[10.813,64.6036,11.6787],[10.813,64.6005,4.6273],[10.826599999999999,64.6005,24.1636],[10.8292,64.6062,2.6493],[10.8271,64.6083,2.1021],[10.8193,64.6057,1.9167]]],
[[[10.7849,64.7401,7.4992],[10.7807,64.7432,0.0],[10.7708,64.7458,0.0],[10.7609,64.7432,2.4675],[10.7651,64.7401,0.0],[10.7729,64.7396,0.0],[10.7771,64.7375,0.0],[10.7828,64.738,6.7116],[10.7849,64.7401,7.4992]]],
[[[10.6609,64.5359,0.0],[10.6641,64.5359,0.0],[10.6641,64.537,3.4243],[10.6609,64.537,2.3786],[10.6609,64.5359,0.0]]],
[[[10.6026,64.762,0.0],[10.6063,64.7646,0.0],[10.6141,64.7651,0.0],[10.6161,64.7703,0.0],[10.6068,64.7703,7.6663],[10.6099,64.7682,0.0],[10.6083,64.7667,0.0],[10.5917,64.7688,0.0],[10.5839,64.7641,0.0],[10.5896,64.7604,0.0],[10.6,64.7604,0.0],[10.6026,64.762,0.0]]],
[[[10.5375,64.8021,0.0],[10.5401,64.7984,0.0],[10.5458,64.7958,0.0],[10.5474,64.7963,4.0482],[10.5516,64.8057,0.0],[10.5438,64.8083,6.8303],[10.5359,64.8037,0.0],[10.5375,64.8021,0.0]]],
[[[10.6521,64.8021,0.8416],[10.6536,64.8037,0.0],[10.6484,64.8037,0.0],[10.6484,64.8026,1.6042],[10.6521,64.8021,0.8416]]],
[[[10.8422,64.7464,0.0],[10.8453,64.7464,3.7474],[10.8453,64.7474,4.1072],[10.8422,64.7474,0.0],[10.8422,64.7464,0.0]]],
[[[10.7792,64.7458,0.0],[10.7854,64.7458,0.0],[10.7896,64.7438,0.0],[10.7917,64.7458,8.2033],[10.7911,64.7474,19.5489],[10.7854,64.75,9.9898],[10.7776,64.7474,4.0512],[10.7792,64.7458,0.0]]],
[[[10.8,64.7562,0.0],[10.7964,64.7547,0.0],[10.8021,64.7521,0.0],[10.8057,64.7547,12.2303],[10.8042,64.7562,4.779],[10.8,64.7562,0.0]]],
[[[10.8479,64.7542,0.0],[10.8495,64.7557,0.0],[10.8443,64.7557,13.8352],[10.8443,64.7547,0.0],[10.8479,64.7542,0.0]]],
[[[10.8625,64.5708,2.559],[10.8589,64.5693,0.0],[10.8646,64.5667,0.0],[10.8688,64.5667,0.0],[10.8786,64.5724,0.0],[10.8625,64.5792,0.0],[10.8609,64.5776,0.0],[10.8641,64.5766,15.6619],[10.8646,64.5729,15.7456],[10.8625,64.5708,2.559]]],
[[[10.9042,64.6042,0.0],[10.9063,64.6062,7.5194],[10.9042,64.6083,8.7856],[10.9,64.6062,0.0],[10.8917,64.6104,4.7069],[10.875,64.6104,4.3118],[10.8708,64.6083,0.0],[10.863,64.6078,23.3475],[10.8703,64.6026,0.0],[10.8625,64.6021,13.1857],[10.8609,64.6005,0.0],[10.8682,64.5995,0.0],[10.875,64.5958,25.8989],[10.8854,64.5958,0.0],[10.8995,64.6005,0.0],[10.8964,64.6036,4.4007],[10.9042,64.6042,0.0]]],
[[[10.9229,64.6042,13.6775],[10.9193,64.6026,0.0962],[10.925,64.6,0.0],[10.937,64.6005,18.0535],[10.9292,64.6083,7.7101],[10.9229,64.6042,13.6775]]],
[[[10.9234,64.6088,30.9076],[10.9266,64.6088,3.4053],[10.9266,64.6099,8.7444],[10.9234,64.6099,21.6338],[10.9234,64.6088,30.9076]]],
[[[10.8583,64.7458,0.0],[10.8547,64.7443,0.0],[10.8604,64.7417,0.0],[10.8641,64.7422,0.0],[10.8641,64.7474,0.0],[10.8583,64.7458,0.0]]],
[[[10.8859,64.7589,0.0],[10.889099999999999,64.7589,3.5847],[10.889099999999999,64.7599,0.0],[10.8859,64.7599,0.0],[10.8859,64.7589,0.0]]],
[[[10.8896,64.7646,2.756],[10.9,64.7646,0.0],[10.9078,64.7703,0.0],[10.9021,64.7729,21.5565],[10.8875,64.7729,2.6262],[10.8693,64.7682,0.0],[10.8672,64.763,0.0],[10.875,64.7625,0.0],[10.8792,64.7667,0.0],[10.8896,64.7646,2.756]]],
[[[10.9276,64.7755,6.9082],[10.9307,64.7755,2.9094],[10.9307,64.7766,0.0],[10.9276,64.7766,8.6445],[10.9276,64.7755,6.9082]]],
[[[11.0078,64.8193,0.0],[11.0026,64.8182,0.0],[11.0005,64.8151,0.0],[11.0083,64.8146,0.0],[11.0125,64.8187,0.0],[11.0104,64.8208,0.0],[11.0078,64.8193,0.0]]],
[[[11.0432,64.8234,5.5153],[11.0432,64.8266,0.0],[11.0401,64.8266,5.779],[11.0401,64.8234,6.2994],[11.0432,64.8234,5.5153]]],
[[[11.0234,64.8224,3.7051],[11.0349,64.8255,0.0],[11.0375,64.8333,0.0],[11.0339,64.837,11.2536],[11.0391,64.8391,0.0],[11.0333,64.8417,0.0],[11.0229,64.8375,0.0],[11.0151,64.837,0.5086],[11.0182,64.8339,0.0],[11.0146,64.8313,0.0],[10.9938,64.8313,0.0],[10.9917,64.8292,3.5308],[10.9922,64.8276,3.6023],[11.0021,64.8271,0.0],[11.0104,64.8229,1.0882],[11.0167,64.8229,0.0],[11.0208,64.8208,0.0],[11.0234,64.8224,3.7051]]],
[[[10.9833,64.8396,0.0],[10.9797,64.837,0.0],[10.9797,64.8318,0.0],[10.9854,64.8313,0.1775],[10.9995,64.8359,0.0],[10.9958,64.8396,0.0],[10.9964,64.8411,0.0],[11.0016,64.8432,2.7516],[10.9938,64.8438,0.0],[10.9833,64.8396,0.0]]],
[[[10.9286,64.8318,3.0922],[10.9313,64.8333,2.3091],[10.9391,64.8339,0.0],[10.9411,64.837,0.0],[10.9354,64.8396,0.0],[10.925,64.8354,0.0],[10.9083,64.8375,0.0],[10.9068,64.837,0.0],[10.9042,64.8313,0.0],[10.9063,64.8292,1.3523],[10.9104,64.8313,9.4213],[10.9286,64.8318,3.0922]]],
[[[10.9125,64.8396,0.0],[10.9208,64.8375,2.4665],[10.9266,64.8411,0.0],[10.9089,64.8411,0.0],[10.9125,64.8396,0.0]]],
[[[10.95,64.8438,0.0],[10.9443,64.8432,0.0],[10.9422,64.8401,0.0],[10.9557,64.8401,0.0],[10.9536,64.8432,0.0],[10.95,64.8438,0.0]]],
[[[10.9391,64.8443,4.3514],[10.9391,64.8474,0.0],[10.9359,64.8474,0.0],[10.9359,64.8443,4.8349],[10.9391,64.8443,4.3514]]],
[[[11.1229,63.7354,36.0862],[11.1193,63.7349,16.0521],[11.1193,63.7297,11.0177],[11.1286,63.7318,0.0],[11.1328,63.7339,44.7937],[11.1349,63.737,14.7962],[11.1271,63.7375,22.0425],[11.1229,63.7354,36.0862]]],
[[[11.3068,63.8359,0.0],[11.3083,63.8354,0.0],[11.3099,63.837,6.6598],[11.3083,63.8375,13.4134],[11.3068,63.8359,0.0]]],
[[[11.2047,64.4547,20.3607],[11.2078,64.4547,32.2259],[11.2078,64.4557,36.6961],[11.2047,64.4557,8.5826],[11.2047,64.4547,20.3607]]],
[[[11.2005,64.4568,7.9645],[11.2036,64.4568,6.6658],[11.2036,64.4578,0.0],[11.2005,64.4578,0.0],[11.2005,64.4568,7.9645]]],
[[[11.3557,64.0182,0.0],[11.3479,64.0188,11.2297],[11.3464,64.0172,38.0996],[11.3542,64.0167,0.0],[11.3557,64.0182,0.0]]],
[[[11.3505,64.0255,14.192],[11.3536,64.0255,0.0],[11.3536,64.0266,7.2359],[11.3505,64.0266,14.1967],[11.3505,64.0255,14.192]]],
[[[11.3568,64.0276,7.3952],[11.3599,64.0276,20.9648],[11.3599,64.0286,15.9483],[11.3568,64.0286,7.008],[11.3568,64.0276,7.3952]]],
[[[11.3479,64.3979,48.2778],[11.3495,64.3995,29.854],[11.3443,64.3995,11.2483],[11.3443,64.3984,29.2111],[11.3479,64.3979,48.2778]]],
[[[11.3583,64.4063,0.0],[11.3526,64.4057,0.0],[11.3526,64.4026,5.0212],[11.3661,64.4026,8.5967],[11.362,64.4057,0.0],[11.3583,64.4063,0.0]]],
[[[11.375,64.4292,0.0],[11.3771,64.4292,0.0],[11.3771,64.4313,0.0],[11.3734,64.4307,0.0],[11.375,64.4292,0.0]]],
[[[11.3724,64.4661,0.0],[11.3672,64.4661,0.0],[11.3672,64.4609,0.0],[11.3703,64.4609,0.0],[11.3724,64.4661,0.0]]],
[[[11.3521,64.4708,6.8052],[11.3443,64.4672,0.0],[11.3641,64.4672,0.0],[11.3583,64.4708,0.0],[11.3521,64.4708,6.8052]]],
[[[11.4891,64.5359,36.8751],[11.4854,64.5375,42.106],[11.4833,64.5354,0.0],[11.4854,64.5333,0.0],[11.4891,64.5359,36.8751]]],
[[[11.4828,64.5443,16.3419],[11.4792,64.5458,0.0],[11.4771,64.5437,0.0],[11.4792,64.5417,0.0],[11.4828,64.5443,16.3419]]],
[[[11.7839,64.7797,15.5963],[11.787,64.7797,14.3899],[11.787,64.7807,14.8132],[11.7839,64.7807,0.0],[11.7839,64.7797,15.5963]]],
[[[11.7667,64.7813,26.5096],[11.7609,64.7839,28.9026],[11.7625,64.7875,46.4822],[11.7604,64.7896,0.0],[11.7542,64.7875,85.7207],[11.75,64.7896,0.0],[11.7458,64.7896,0.0],[11.7417,64.7854,0.0],[11.7422,64.7839,0.0],[11.7479,64.7813,0.0],[11.7578,64.7807,25.5239],[11.7604,64.7771,0.0],[11.7828,64.7776,0.0],[11.7771,64.7813,0.0],[11.7667,64.7813,26.5096]]],
[[[11.1234,64.5172,0.0],[11.1266,64.5172,0.0],[11.1266,64.5182,25.1425],[11.1234,64.5182,16.8205],[11.1234,64.5172,0.0]]],
[[[11.1245,64.5797,0.0],[11.1172,64.5755,0.0],[11.1292,64.575,0.0],[11.1328,64.5776,2.7225],[11.1271,64.5813,0.0],[11.1245,64.5797,0.0]]],
[[[11.387,64.4776,0.0],[11.387,64.4807,26.8817],[11.3839,64.4807,0.0],[11.3839,64.4776,0.0],[11.387,64.4776,0.0]]],
[[[11.4505,64.5339,49.092],[11.4536,64.5339,13.1137],[11.4536,64.5349,0.0],[11.4505,64.5349,41.1383],[11.4505,64.5339,49.092]]],
[[[11.4464,64.5359,14.1073],[11.4495,64.5359,42.9294],[11.4495,64.537,14.5588],[11.4464,64.537,28.1595],[11.4464,64.5359,14.1073]]],
[[[11.3307,64.5641,0.0],[11.3229,64.5646,8.8502],[11.3214,64.563,0.0],[11.3292,64.5625,3.063],[11.3307,64.5641,0.0]]],
[[[11.3526,64.6016,0.0],[11.3505,64.5984,0.0],[11.3563,64.5958,12.7152],[11.3604,64.6,0.0],[11.3583,64.6021,0.0],[11.3526,64.6016,0.0]]],
[[[11.4328,64.7589,0.0],[11.4292,64.7604,0.0],[11.4271,64.7583,6.8772],[11.4292,64.7562,0.0],[11.4328,64.7589,0.0]]],
[[[11.4604,64.7792,10.639],[11.4583,64.7813,0.0],[11.4547,64.7776,5.4158],[11.4583,64.7771,0.0],[11.4604,64.7792,10.639]]],
[[[11.3307,64.6901,0.0],[11.3292,64.6917,0.0],[11.3188,64.6917,14.2027],[11.3146,64.6937,0.0],[11.3042,64.6896,0.0],[11.2979,64.6896,0.0],[11.2938,64.6875,0.0],[11.2813,64.6875,0.0],[11.2771,64.6854,2.5909],[11.2667,64.6875,0.0],[11.2625,64.6854,0.0],[11.2479,64.6854,0.0],[11.2453,64.6891,0.0],[11.2396,64.6896,0.0],[11.2354,64.6875,22.24],[11.2083,64.6854,0.0],[11.2047,64.6828,8.019],[11.2078,64.6797,0.0],[11.201599999999999,64.6755,16.6709],[11.1964,64.6745,0.0],[11.1953,64.6713,34.5062],[11.1729,64.6708,0.0],[11.1651,64.6672,0.0],[11.1766,64.663,0.0],[11.1688,64.6625,0.0],[11.1646,64.6604,20.0961],[11.1604,64.6625,0.0],[11.1568,64.6589,2.2935],[11.1625,64.6563,0.0],[11.1688,64.6583,2.3342],[11.1729,64.6563,0.0],[11.1974,64.6557,0.0],[11.1974,64.6526,0.0],[11.1958,64.6521,0.0],[11.1792,64.6521,0.0],[11.1688,64.6479,15.2324],[11.1609,64.6474,0.0],[11.1667,64.6438,0.0],[11.1745,64.6432,0.0],[11.1693,64.6412,0.0],[11.1672,64.638,0.0],[11.1755,64.6339,0.0],[11.1792,64.6333,0.0],[11.1833,64.6354,0.2174],[11.2021,64.6354,0.0],[11.2063,64.6333,0.0],[11.2182,64.6328,0.0],[11.2172,64.6297,0.0],[11.2188,64.6292,0.0],[11.2292,64.6292,0.0],[11.2328,64.6318,0.0],[11.2359,64.637,0.0],[11.2479,64.6375,0.0],[11.2536,64.6349,0.0],[11.2526,64.6318,0.0],[11.264099999999999,64.6266,0.0],[11.2672,64.6193,34.0657],[11.2703,64.6182,55.6306],[11.2734,64.613,0.0],[11.2792,64.6104,0.0],[11.2911,64.6099,87.1701],[11.2901,64.6047,0.0],[11.2958,64.6021,0.0],[11.3063,64.6021,1.8305],[11.312,64.5995,38.7831],[11.3109,64.5964,12.2248],[11.3188,64.5958,0.0],[11.3234,64.6016,0.0],[11.3297,64.6057,12.8798],[11.3349,64.6068,0.0],[11.3318,64.6088,0.0],[11.3318,64.612,0.0],[11.3432,64.6151,15.2123],[11.3401,64.6182,31.5315],[11.3495,64.6193,0.0],[11.3495,64.6224,0.0],[11.3464,64.6234,0.0],[11.3474,64.6286,0.0],[11.3443,64.6307,0.0],[11.3505,64.6474,11.3197],[11.3557,64.6484,0.0],[11.3578,64.6505,0.0],[11.3604,64.6583,0.0],[11.3568,64.6609,47.8929],[11.3604,64.6687,0.0],[11.3568,64.6713,25.4719],[11.3583,64.675,0.0],[11.3578,64.6787,0.0],[11.3479,64.6792,54.0857],[11.3417,64.6813,0.0],[11.3313,64.6771,0.0],[11.3271,64.6792,0.0],[11.3125,64.6792,32.6689],[11.3068,64.6818,0.0],[11.3083,64.6833,17.3099],[11.3208,64.6833,0.0],[11.3286,64.6859,0.0],[11.3307,64.6901,0.0]]],
[[[11.2589,64.6932,0.0],[11.2526,64.6911,5.0867],[11.2526,64.688,8.1508],[11.2583,64.6875,0.0],[11.2724,64.6922,0.0],[11.2708,64.6937,0.0],[11.2589,64.6932,0.0]]],
[[[11.1563,64.7438,8.0137],[11.1682,64.7464,3.2915],[11.1703,64.7516,0.0],[11.1667,64.7521,0.0],[11.1625,64.75,0.0577],[11.1458,64.75,0.0],[11.1417,64.7479,6.2861],[11.1375,64.7479,25.1303],[11.1333,64.75,0.0],[11.1167,64.75,0.0],[11.1026,64.7422,8.4788],[11.1188,64.7417,0.0],[11.1203,64.7401,18.2458],[11.1172,64.738,0.0],[11.1292,64.7375,0.0],[11.1375,64.7417,31.3856],[11.1479,64.7396,0.0],[11.1526,64.7432,12.7806],[11.1563,64.7438,8.0137]]],
[[[11.2005,64.7662,0.0],[11.1979,64.7646,0.0],[11.1833,64.7688,0.0],[11.1755,64.7651,0.0],[11.1833,64.7646,0.0],[11.1875,64.7625,0.0],[11.2021,64.7625,0.0],[11.2057,64.7651,1.0021],[11.2042,64.7667,0.0],[11.2005,64.7662,0.0]]],
[[[11.5938,64.75,38.3126],[11.5901,64.7484,31.9563],[11.5958,64.7458,0.0],[11.6,64.7458,0.0],[11.6036,64.7484,0.0],[11.5979,64.7521,13.5502],[11.5938,64.75,38.3126]]],
[[[11.6276,64.7568,0.0],[11.6307,64.7568,0.0],[11.6307,64.7578,0.0],[11.6276,64.7578,0.0],[11.6276,64.7568,0.0]]],
[[[11.4828,64.7963,0.0],[11.4792,64.7979,0.0],[11.4771,64.7958,4.7433],[11.4792,64.7937,0.0],[11.4828,64.7963,0.0]]],
[[[11.5,64.8021,0.0],[11.4995,64.8005,0.0],[11.4943,64.7984,0.0],[11.5146,64.7979,0.0],[11.5188,64.8,5.9323],[11.5354,64.8,0.0],[11.5396,64.8042,0.0],[11.5391,64.8057,0.0],[11.5333,64.8083,0.0],[11.5292,64.8063,0.0],[11.5063,64.8063,0.0],[11.5063,64.8042,1.441],[11.5005,64.8037,0.0],[11.5,64.8021,0.0]]],
[[[11.7932,64.7828,0.0],[11.7958,64.7813,0.0],[11.7995,64.7818,0.0],[11.7938,64.7854,0.0],[11.7818,64.7849,31.0083],[11.7833,64.7833,21.9807],[11.7932,64.7828,0.0]]],
[[[11.8005,64.7839,27.8362],[11.8036,64.7839,24.987],[11.8036,64.7849,13.631],[11.8005,64.7849,17.8445],[11.8005,64.7839,27.8362]]],
[[[11.8297,64.7943,35.5365],[11.8328,64.7943,31.3125],[11.8328,64.7953,12.8151],[11.8297,64.7953,0.0],[11.8297,64.7943,35.5365]]],
[[[12.088,64.9547,58.8014],[12.0911,64.9547,21.628],[12.0911,64.9557,0.0],[12.088,64.9557,21.5527],[12.088,64.9547,58.8014]]],
[[[11.7125,65.0229,10.3552],[11.7089,65.0214,0.0],[11.7146,65.0188,0.0],[11.7224,65.0214,0.0],[11.7208,65.0229,0.0],[11.7125,65.0229,10.3552]]],
[[[11.6729,64.8042,9.0477],[11.6672,64.8047,0.0],[11.6693,64.8078,0.0],[11.6724,64.8089,9.1141],[11.6703,64.812,15.2783],[11.6563,64.8125,0.0],[11.6547,64.812,0.0],[11.6547,64.8089,0.0],[11.6604,64.8083,5.9324],[11.662,64.8068,0.0],[11.65,64.8063,0.0],[11.6464,64.8026,0.0],[11.6557,64.8016,19.5345],[11.6547,64.7984,0.0],[11.6563,64.7979,0.0],[11.6729,64.7979,0.0],[11.6911,64.8026,4.7385],[11.6896,64.8042,0.0],[11.6729,64.8042,9.0477]]],
[[[11.5896,64.8083,0.0],[11.5859,64.8068,0.0],[11.5917,64.8042,0.0],[11.5995,64.8068,1.3818],[11.5979,64.8083,0.0],[11.5896,64.8083,0.0]]],
[[[11.6417,64.8104,0.0],[11.625,64.8104,0.0],[11.6271,64.8083,0.0],[11.6432,64.8089,0.0],[11.6417,64.8104,0.0]]],
[[[11.4995,64.963,0.0],[11.5021,64.9646,8.3131],[11.5063,64.9625,0.0],[11.5099,64.963,0.0],[11.512,64.9682,0.0],[11.4938,64.9667,0.0],[11.4901,64.9641,0.0],[11.4917,64.9625,0.0],[11.4995,64.963,0.0]]],
[[[10.7854,64.7625,0.0],[10.7776,64.7589,0.0],[10.787,64.7589,7.5555],[10.787,64.762,0.0],[10.7854,64.7625,0.0]]],
[[[10.738,64.8068,0.0],[10.7479,64.8021,0.0],[10.7516,64.8026,0.0],[10.7458,64.8083,24.9232],[10.7396,64.8083,0.0],[10.738,64.8068,0.0]]],
[[[10.7583,64.8333,0.0],[10.7563,64.8354,2.6176],[10.7526,64.8318,0.0],[10.7563,64.8313,0.0],[10.7583,64.8333,0.0]]],
[[[10.8068,64.8401,0.0],[10.8099,64.8401,8.6352],[10.8099,64.8411,17.715],[10.8068,64.8411,0.0],[10.8068,64.8401,0.0]]],
[[[10.663,64.8109,0.0],[10.6661,64.8109,1.2376],[10.6661,64.812,0.0],[10.663,64.812,0.0],[10.663,64.8109,0.0]]],
[[[10.7005,64.8193,21.913],[10.7026,64.8151,0.0],[10.7083,64.8125,0.0],[10.7229,64.8125,0.0],[10.7271,64.8146,3.5025],[10.7354,64.8146,0.0],[10.7375,64.8167,0.0],[10.737,64.8203,0.4697],[10.7313,64.8229,0.0],[10.7021,64.8229,0.0],[10.7005,64.8224,0.0],[10.7005,64.8193,21.913]]],
[[[10.6359,64.8182,0.0],[10.6339,64.8151,0.0],[10.638,64.813,0.0],[10.65,64.8125,0.0],[10.6578,64.8151,12.1179],[10.6589,64.8182,26.0719],[10.6661,64.8234,6.8042],[10.6682,64.8287,0.0],[10.6604,64.8292,0.0],[10.6578,64.8255,2.9603],[10.6464,64.8245,0.0],[10.6359,64.8182,0.0]]],
[[[10.7,64.825,0.0],[10.7099,64.8255,0.0],[10.7125,64.8271,0.0],[10.7125,64.8292,0.0],[10.7063,64.8313,0.0],[10.6984,64.8287,1.7773],[10.6964,64.8255,0.0],[10.7,64.825,0.0]]],
[[[10.6557,64.837,1.8723],[10.6479,64.8375,0.0],[10.6464,64.8359,0.0],[10.6542,64.8354,0.0],[10.6557,64.837,1.8723]]],
[[[10.6922,64.8505,3.5976],[10.6953,64.8505,0.0],[10.6953,64.8516,5.7648],[10.6922,64.8516,0.0],[10.6922,64.8505,3.5976]]],
[[[10.5932,64.8526,0.0],[10.5917,64.8542,0.0],[10.5859,64.8536,2.2872],[10.5875,64.8521,5.3919],[10.5932,64.8526,0.0]]],
[[[10.612,64.8599,0.0],[10.6042,64.8604,0.0],[10.6026,64.8588,0.0],[10.6104,64.8583,0.0],[10.612,64.8599,0.0]]],
[[[10.7083,64.8583,0.0],[10.7099,64.8599,0.0],[10.7047,64.8599,7.3862],[10.7047,64.8588,9.3251],[10.7083,64.8583,0.0]]],
[[[10.6214,64.8672,12.4327],[10.6245,64.8672,5.3643],[10.6245,64.8682,4.0406],[10.6214,64.8682,9.5611],[10.6214,64.8672,12.4327]]],
[[[10.6583,64.8771,1.4704],[10.6542,64.8771,4.9613],[10.6526,64.8755,7.1254],[10.6583,64.875,0.0],[10.6583,64.8771,1.4704]]],
[[[10.6146,64.875,2.2352],[10.6271,64.875,0.0],[10.6297,64.8786,0.0],[10.6349,64.8807,0.0],[10.6229,64.8812,0.0],[10.6167,64.8771,1.7811],[10.6125,64.8792,9.7747],[10.6047,64.8786,0.0],[10.6146,64.875,2.2352]]],
[[[11.014099999999999,64.838,4.6578],[11.0125,64.8396,0.0],[11.0068,64.8391,3.4238],[11.0083,64.8375,0.0],[11.014099999999999,64.838,4.6578]]],
[[[11.0026,64.8401,0.0],[11.0057,64.8401,3.6258],[11.0057,64.8411,0.0],[11.0026,64.8411,0.0],[11.0026,64.8401,0.0]]],
[[[10.975,64.8438,2.7082],[10.9693,64.8432,0.0],[10.9672,64.8401,5.4076],[10.975,64.8396,0.0],[10.9828,64.8422,0.0],[10.9813,64.8438,0.0],[10.975,64.8438,2.7082]]],
[[[11.0224,64.8453,0.0],[11.0146,64.8458,0.0],[11.013,64.8443,0.0],[11.0208,64.8438,0.0],[11.0224,64.8453,0.0]]],
[[[10.9313,64.85,1.2458],[10.9411,64.8505,7.1167],[10.9443,64.8557,8.925],[10.9536,64.8568,0.0],[10.9536,64.8599,10.4646],[10.9479,64.8583,5.2422],[10.9375,64.8583,0.0],[10.9271,64.8542,0.0],[10.9208,64.8562,0.0],[10.9167,64.8542,0.0],[10.9083,64.8542,0.0],[10.9089,64.8505,0.3549],[10.9161,64.8495,0.0],[10.9229,64.8458,0.0],[10.9276,64.8495,0.0],[10.9313,64.85,1.2458]]],
[[[10.8755,64.938,1.4374],[10.8786,64.938,0.0],[10.8786,64.9391,0.0],[10.8755,64.9391,0.0],[10.8755,64.938,1.4374]]],
[[[10.9042,64.9458,0.0],[10.8964,64.9422,0.0],[10.9057,64.9422,0.0],[10.9057,64.9453,0.0],[10.9042,64.9458,0.0]]],
[[[11.0026,64.8526,1.5154],[11.0057,64.8526,5.8186],[11.0057,64.8536,0.0],[11.0026,64.8536,0.5696],[11.0026,64.8526,1.5154]]],
[[[11.0099,64.862,0.0],[11.0047,64.862,0.0],[11.0047,64.8568,0.0],[11.0078,64.8568,0.0],[11.0099,64.862,0.0]]],
[[[11.0599,64.8755,0.0],[11.0729,64.8792,13.1254],[11.0807,64.8797,0.0],[11.0828,64.8849,0.0],[11.0771,64.8875,0.0],[11.0667,64.8833,5.0411],[11.0542,64.8833,0.0],[11.0458,64.8792,7.7276],[11.0396,64.8812,0.0],[11.0229,64.875,0.0],[11.0188,64.8771,0.0],[11.0083,64.8771,0.0],[10.9917,64.8708,1.7851],[10.9854,64.8708,0.0],[10.9776,64.8682,0.0],[10.9776,64.8651,0.0],[10.9807,64.863,0.0],[10.9755,64.862,2.0929],[10.9734,64.8568,0.0],[10.9932,64.8568,0.0],[10.9943,64.8599,0.0],[10.9995,64.8609,0.0],[11.0026,64.8662,0.9623],[11.012,64.8672,0.0],[11.0146,64.8708,0.0],[11.025,64.8667,0.635],[11.0307,64.8662,0.0],[11.0307,64.863,0.0],[11.0255,64.862,0.0],[11.0297,64.8588,0.0],[11.0417,64.8604,0.0],[11.0495,64.863,0.0],[11.0547,64.8745,0.0],[11.0599,64.8755,0.0]]],
[[[11.0036,64.9682,0.0],[10.9958,64.9688,0.0],[10.9943,64.9672,0.0],[11.0021,64.9667,0.0],[11.0036,64.9682,0.0]]],
[[[10.8714,64.9526,0.0],[10.8745,64.9516,0.0],[10.8734,64.9484,0.5234],[10.8813,64.9479,0.0],[10.8839,64.9516,6.2857],[10.889099999999999,64.9537,0.0],[10.8729,64.9542,4.4834],[10.8714,64.9526,0.0]]],
[[[10.863,65.0047,1.9128],[10.8604,65.0062,0.0],[10.85,65.0062,0.0],[10.8458,65.0083,0.0],[10.8354,65.0083,2.275],[10.8276,65.0057,0.0],[10.826599999999999,65.0026,0.8584],[10.8214,65.0016,0.0],[10.8193,64.9943,0.0],[10.825,64.9938,0.0],[10.826599999999999,64.9922,0.0],[10.8188,64.9896,17.6854],[10.8161,64.9932,0.0],[10.8104,64.9938,0.0],[10.8063,64.9917,1.8911],[10.7938,64.9917,0.0],[10.7833,64.9875,13.0225],[10.7792,64.9896,0.0],[10.7693,64.9849,0.0],[10.7693,64.9797,0.0],[10.7724,64.9786,1.845],[10.7703,64.9755,0.0],[10.7646,64.9771,0.0],[10.7604,64.9729,0.0],[10.7641,64.9703,0.0],[10.763,64.9672,0.0],[10.7703,64.962,0.0],[10.7693,64.9589,1.335],[10.7792,64.9542,0.0],[10.7854,64.9542,0.0],[10.7896,64.9521,0.0],[10.7911,64.9526,0.0],[10.7932,64.9578,0.0],[10.7807,64.9641,0.0],[10.7734,64.9651,0.8923],[10.7734,64.9682,7.9004],[10.7813,64.9667,0.0],[10.7854,64.9688,6.6317],[10.7896,64.9667,0.5791],[10.7938,64.9667,0.0],[10.7953,64.9661,0.0],[10.7964,64.9609,0.0],[10.8047,64.9568,1.0379],[10.8224,64.9557,0.0],[10.8203,64.9526,2.2609],[10.8109,64.9516,0.0],[10.8099,64.9484,1.4339],[10.8047,64.9474,0.0],[10.8078,64.9453,0.0],[10.8068,64.9422,0.0],[10.8146,64.9417,0.0],[10.8224,64.9443,4.608],[10.825,64.9479,1.4252],[10.8391,64.9484,0.0],[10.8401,64.9516,0.0],[10.8453,64.9526,0.2438],[10.8422,64.9557,1.2814],[10.8563,64.9604,0.0],[10.8604,64.9583,0.0],[10.8854,64.9583,0.0],[10.888,64.962,0.0],[10.8958,64.9646,4.2777],[10.9063,64.9646,1.6528],[10.9125,64.9625,0.0],[10.9188,64.9688,2.8644],[10.9203,64.9682,0.0],[10.9193,64.9651,0.0],[10.9271,64.9646,0.0],[10.9313,64.9625,0.0],[10.9479,64.9688,5.9972],[10.9583,64.9688,0.0],[10.963,64.9724,0.0],[10.9708,64.9729,0.0],[10.9729,64.975,1.0178],[10.9708,64.9771,0.0],[10.9646,64.9771,0.0],[10.9604,64.975,5.1377],[10.9521,64.9792,0.0],[10.9479,64.9771,2.7371],[10.9443,64.9776,5.7895],[10.9464,64.9807,0.0],[10.9542,64.9833,5.0131],[10.962,64.9838,0.0],[10.9661,64.9859,0.0],[10.9682,64.9891,6.1751],[10.9604,64.9896,0.0],[10.9563,64.9875,0.0],[10.9521,64.9896,0.0],[10.9458,64.9896,0.0],[10.9417,64.9875,0.0],[10.9354,64.9875,0.0],[10.9297,64.9901,0.0],[10.9313,64.9917,3.1661],[10.9396,64.9917,0.0],[10.9438,64.9938,0.9142],[10.9557,64.9943,0.0],[10.95,64.9979,0.0],[10.925,64.9979,4.4896],[10.9234,64.9984,0.0],[10.9245,65.0016,0.0],[10.9229,65.0021,0.0],[10.9063,65.0021,0.0],[10.9021,65.0,2.8541],[10.8917,65.0,0.0],[10.8813,64.9958,2.1021],[10.8755,64.9995,0.0],[10.8849,65.0005,0.0],[10.8849,65.0036,2.5657],[10.8729,65.0042,0.0],[10.8688,65.0021,0.0],[10.863,65.0047,1.9128]]],
[[[10.9688,65.0083,0.0],[10.9646,65.0104,0.0],[10.9563,65.0104,0.0],[10.9521,65.0125,0.0],[10.9484,65.012,0.0],[10.9479,65.0104,4.4732],[10.95,65.0083,0.0],[10.962,65.0078,11.4384],[10.9667,65.0042,0.0],[10.9703,65.0047,0.0],[10.9703,65.0078,0.0],[10.9688,65.0083,0.0]]],
[[[10.6464,64.8818,3.7981],[10.6495,64.8818,6.6372],[10.6495,64.8828,9.3584],[10.6464,64.8828,7.2036],[10.6464,64.8818,3.7981]]],
[[[10.6646,64.8875,0.0],[10.6568,64.887,0.0],[10.6568,64.8839,10.2655],[10.6661,64.8859,1.2779],[10.6646,64.8875,0.0]]],
[[[10.6536,64.8912,0.0],[10.6458,64.8917,0.0],[10.6443,64.8901,0.0],[10.6521,64.8896,0.0],[10.6536,64.8912,0.0]]],
[[[10.6625,64.8938,0.0],[10.6589,64.8922,0.0],[10.6646,64.8896,0.0],[10.6682,64.8901,0.0],[10.6682,64.8932,0.0],[10.6625,64.8938,0.0]]],
[[[10.6974,64.9016,0.0],[10.6922,64.9016,0.0],[10.6922,64.8984,0.0],[10.6953,64.8984,0.0],[10.6974,64.9016,0.0]]],
[[[10.663,64.9109,0.0],[10.6661,64.9109,0.1844],[10.6661,64.912,0.0697],[10.663,64.912,0.0],[10.663,64.9109,0.0]]],
[[[10.6443,64.9255,0.0],[10.6474,64.9255,0.0],[10.6474,64.9266,0.0],[10.6443,64.9266,5.5767],[10.6443,64.9255,0.0]]],
[[[10.7276,64.9005,0.0],[10.7307,64.9005,3.1191],[10.7307,64.9016,7.7966],[10.7276,64.9016,0.0],[10.7276,64.9005,0.0]]],
[[[10.7438,64.9063,0.0],[10.7396,64.9063,0.0],[10.738,64.9047,0.0],[10.7438,64.9042,2.2815],[10.7438,64.9063,0.0]]],
[[[10.7333,64.9083,0.0],[10.7349,64.9099,0.0],[10.7297,64.9099,0.0],[10.7297,64.9089,0.5207],[10.7333,64.9083,0.0]]],
[[[10.7714,64.9255,1.4599],[10.7745,64.9255,2.8799],[10.7745,64.9266,1.5279],[10.7714,64.9266,0.0],[10.7714,64.9255,1.4599]]],
[[[10.7646,64.95,0.0],[10.7526,64.9526,11.2112],[10.7458,64.9563,0.0],[10.738,64.9537,0.0],[10.7359,64.9484,0.0],[10.7391,64.9464,4.7843],[10.7255,64.9453,0.0],[10.7224,64.9401,9.6546],[10.7172,64.9391,0.0],[10.7167,64.9375,0.0],[10.7172,64.9359,0.0],[10.7354,64.9313,0.0],[10.7391,64.9318,0.0],[10.7417,64.9354,0.0],[10.75,64.9313,0.0],[10.7563,64.9333,0.9755],[10.762,64.9297,0.0],[10.7526,64.9287,0.0],[10.7526,64.9255,0.0],[10.7646,64.9271,1.4613],[10.7672,64.9307,0.0],[10.7724,64.9318,0.0],[10.775,64.9354,0.0],[10.7714,64.938,10.269],[10.7693,64.9422,0.0],[10.7745,64.9474,0.0],[10.7688,64.95,0.0],[10.7646,64.95,0.0]]],
[[[10.75,64.9646,2.5684],[10.7599,64.963,0.1952],[10.7563,64.9667,0.0],[10.738,64.9661,0.0],[10.7396,64.9646,0.9695],[10.75,64.9646,2.5684]]],
[[[10.7625,64.9812,0.0],[10.7641,64.9828,0.0],[10.7589,64.9828,0.0],[10.7589,64.9818,0.0],[10.7625,64.9812,0.0]]],
[[[10.9672,64.9818,0.0],[10.9703,64.9818,0.0],[10.9703,64.9828,0.0],[10.9672,64.9828,0.0],[10.9672,64.9818,0.0]]],
[[[10.9958,64.9896,0.0],[10.988,64.9891,0.0],[10.988,64.9859,0.0],[10.9974,64.9859,0.0],[10.9974,64.9891,4.2151],[10.9958,64.9896,0.0]]],
[[[11.0104,64.9938,0.0],[11.0083,64.9958,0.0],[11.0047,64.9922,0.0],[11.0083,64.9917,0.0],[11.0104,64.9938,0.0]]],
[[[10.9979,64.9958,0.0],[10.9901,64.9922,0.0],[10.9995,64.9922,0.0],[10.9995,64.9953,2.016],[10.9979,64.9958,0.0]]],
[[[11.0396,64.9938,3.8241],[11.0375,64.9958,0.0],[11.0339,64.9922,0.0],[11.0375,64.9917,0.0],[11.0396,64.9938,3.8241]]],
[[[11.0042,65.0104,0.0],[10.9964,65.0099,0.0],[10.9964,65.0068,0.0],[11.0057,65.0089,0.0],[11.0042,65.0104,0.0]]],
[[[11.0714,65.0089,0.8038],[11.0745,65.0089,0.0],[11.0745,65.0099,0.0],[11.0714,65.0099,0.0],[11.0714,65.0089,0.8038]]],
[[[11.0161,65.0109,0.0],[11.0146,65.0125,4.4112],[11.0089,65.012,2.5828],[11.0104,65.0104,0.9573],[11.0161,65.0109,0.0]]],
[[[11.0818,65.0214,0.0],[11.075,65.025,0.0],[11.0604,65.0271,0.0],[11.0563,65.025,0.0],[11.0396,65.025,0.0],[11.0354,65.0229,0.0],[11.0188,65.0229,0.7191],[11.0172,65.0224,0.1954],[11.0146,65.0167,0.0],[11.0151,65.0151,0.0],[11.0224,65.0141,2.0558],[11.0224,65.0109,0.0],[11.0172,65.0078,0.0],[11.0193,65.0047,1.8233],[11.025,65.0021,0.0],[11.0313,65.0021,0.0],[11.0375,65.0083,0.0],[11.0542,65.0104,0.0],[11.0583,65.0083,0.0],[11.0724,65.013,0.0],[11.0734,65.0162,0.0],[11.0813,65.0188,0.0],[11.0891,65.0193,0.0],[11.0875,65.0208,1.957],[11.0818,65.0214,0.0]]],
[[[11.0932,65.0286,1.8736],[11.0854,65.0292,0.0],[11.0839,65.0276,0.0],[11.0917,65.0271,11.4762],[11.0932,65.0286,1.8736]]],
[[[11.1042,65.0292,0.0],[11.1021,65.0313,0.0],[11.0984,65.0276,0.0],[11.1021,65.0271,0.0],[11.1042,65.0292,0.0]]],
[[[11.0292,65.0333,0.9826],[11.0214,65.0328,0.395],[11.0214,65.0297,3.046],[11.0307,65.0318,0.0],[11.0292,65.0333,0.9826]]],
[[[10.9708,65.2021,0.0],[10.9646,65.2021,4.5633],[10.963,65.2005,0.0],[10.9766,65.2005,0.0],[10.975,65.2021,0.0],[10.9708,65.2021,0.0]]],
[[[10.9833,65.2,12.2196],[10.9776,65.1995,0.0],[10.9755,65.1964,0.0],[10.9833,65.1958,0.0],[11.0016,65.2005,6.5953],[11.0036,65.2057,0.0],[10.9958,65.2063,6.968],[10.988,65.2037,0.0],[10.987,65.2005,0.0],[10.9833,65.2,12.2196]]],
[[[10.975,65.2104,3.2559],[10.9714,65.2099,0.0],[10.9693,65.2068,3.9853],[10.9771,65.2063,0.0],[10.9813,65.2104,0.0],[10.9792,65.2125,0.0],[10.975,65.2104,3.2559]]],
[[[11.2896,64.7688,4.4768],[11.2813,64.7688,0.0],[11.2797,64.7672,1.6523],[11.2932,64.7672,0.0],[11.2896,64.7688,4.4768]]],
[[[11.2292,64.7688,0.0],[11.2333,64.7667,0.0],[11.2375,64.7667,0.0],[11.2516,64.7724,0.0],[11.2458,64.775,0.0],[11.2396,64.775,0.0],[11.2354,64.7729,42.4626],[11.2193,64.7724,0.0],[11.2214,64.7693,0.0],[11.2292,64.7688,0.0]]],
[[[11.2818,64.7818,6.2873],[11.2849,64.7818,5.2918],[11.2849,64.7828,0.0],[11.2818,64.7828,0.0],[11.2818,64.7818,6.2873]]],
[[[11.3099,64.7828,3.1972],[11.3021,64.7833,1.5932],[11.3005,64.7818,0.0],[11.3083,64.7813,2.6099],[11.3099,64.7828,3.1972]]],
[[[11.1188,64.7917,0.0],[11.1104,64.7917,0.0],[11.1089,64.7901,0.0],[11.1224,64.7901,4.3694],[11.1188,64.7917,0.0]]],
[[[11.1214,64.7963,5.1584],[11.1245,64.7963,2.1608],[11.1245,64.7974,1.0087],[11.1214,64.7974,0.0],[11.1214,64.7963,5.1584]]],
[[[11.138,64.8026,0.0],[11.1411,64.8026,0.0],[11.1411,64.8037,0.0],[11.138,64.8037,1.9777],[11.138,64.8026,0.0]]],
[[[11.2354,64.8042,3.3146],[11.237,64.8057,0.0],[11.2318,64.8057,0.0],[11.2318,64.8047,0.0],[11.2354,64.8042,3.3146]]],
[[[11.3589,64.7828,0.0],[11.3641,64.7849,0.0],[11.3521,64.7875,0.0],[11.3479,64.7854,0.927],[11.3318,64.7849,0.0],[11.3375,64.7813,0.0],[11.3417,64.7833,5.9703],[11.3479,64.7833,2.0167],[11.3521,64.7813,0.0],[11.3589,64.7828,0.0]]],
[[[11.3438,64.7917,2.9197],[11.3438,64.7896,0.0],[11.3474,64.7901,0.0],[11.3474,64.7911,0.0],[11.3438,64.7917,2.9197]]],
[[[11.3609,64.7995,-0.3834],[11.3568,64.7974,1.6295],[11.3604,64.7937,0.0],[11.3745,64.7963,-0.3893],[11.3687,64.8,0.0],[11.3609,64.7995,-0.3834]]],
[[[11.375,64.9146,3.7799],[11.3766,64.9161,6.3049],[11.3714,64.9161,0.0],[11.3714,64.9151,6.8056],[11.375,64.9146,3.7799]]],
[[[11.1234,64.8255,0.0],[11.1266,64.8255,4.8262],[11.1266,64.8266,0.0],[11.1234,64.8266,0.0],[11.1234,64.8255,0.0]]],
[[[11.2583,64.9187,0.0],[11.2625,64.9187,0.7208],[11.264099999999999,64.9203,0.0],[11.2542,64.9229,0.0],[11.2505,64.9224,0.0],[11.2547,64.9193,0.0],[11.2583,64.9187,0.0]]],
[[[11.25,64.9313,7.2203],[11.2557,64.9318,0.0],[11.2484,64.9359,0.0],[11.2516,64.9391,0.0],[11.2458,64.9396,0.0],[11.238,64.937,0.0],[11.2396,64.9354,0.0],[11.2453,64.9349,0.0],[11.2464,64.9318,0.0],[11.25,64.9313,7.2203]]],
[[[11.2833,64.9417,0.0],[11.2797,64.9401,0.0],[11.287,64.938,1.8721],[11.287,64.9411,1.6177],[11.2833,64.9417,0.0]]],
[[[11.5333,64.975,0.0],[11.5297,64.9745,0.0],[11.5276,64.9714,0.0],[11.5432,64.9734,0.0],[11.5453,64.9786,8.1729],[11.5375,64.9792,0.0],[11.5333,64.975,0.0]]],
[[[11.5125,64.9771,0.0],[11.5047,64.9745,0.0],[11.5047,64.9734,0.0],[11.5182,64.9734,14.953],[11.5125,64.9771,0.0]]],
[[[11.4917,64.9812,0.0],[11.4932,64.9828,6.638],[11.4854,64.9833,6.8864],[11.4813,64.9854,0.0],[11.4797,64.9849,0.0],[11.4776,64.9797,5.5375],[11.4849,64.9786,0.0],[11.4818,64.9755,16.02],[11.4875,64.9729,0.0],[11.4917,64.9729,0.0],[11.4932,64.9745,0.0],[11.4901,64.9755,52.0862],[11.4911,64.9786,0.0],[11.488,64.9807,3.8912],[11.4917,64.9812,0.0]]],
[[[11.5995,64.9797,5.2983],[11.5995,64.9807,3.6384],[11.5964,64.9807,0.0],[11.5964,64.9797,12.9244],[11.5995,64.9797,5.2983]]],
[[[11.5484,64.9818,0.0],[11.5516,64.9818,8.2608],[11.5516,64.9828,11.1077],[11.5484,64.9828,0.5455],[11.5484,64.9818,0.0]]],
[[[11.5339,64.9818,0.0],[11.537,64.9818,0.0],[11.537,64.9828,9.7599],[11.5339,64.9828,21.8155],[11.5339,64.9818,0.0]]],
[[[11.5734,65.0047,7.097],[11.5688,65.0062,0.0],[11.5667,65.0042,2.5195],[11.5672,65.0026,11.0304],[11.5729,65.0021,0.0],[11.5745,65.0026,0.0],[11.5734,65.0047,7.097]]],
[[[11.6667,65.0125,0.0],[11.6745,65.0151,10.4766],[11.6771,65.0188,16.8846],[11.6766,65.0224,39.5903],[11.6604,65.0229,10.2897],[11.65,65.0188,8.1109],[11.6438,65.0208,0.0],[11.6193,65.0109,10.3778],[11.625,65.0083,0.0],[11.6417,65.0083,0.0],[11.6563,65.0125,50.5252],[11.6604,65.0104,0.0],[11.6667,65.0125,0.0]]],
[[[11.6057,65.0172,10.0973],[11.6042,65.0188,10.9243],[11.5984,65.0182,0.0],[11.6,65.0167,25.7971],[11.6057,65.0172,10.0973]]],
[[[11.4984,65.0484,12.8281],[11.5016,65.0484,5.9014],[11.5016,65.0495,7.0528],[11.4984,65.0495,10.0996],[11.4984,65.0484,12.8281]]],
[[[11.6516,65.0547,2.195],[11.6516,65.0557,7.3362],[11.6484,65.0557,0.0],[11.6484,65.0547,5.6132],[11.6516,65.0547,2.195]]],
[[[11.4792,65.0625,0.0],[11.4776,65.0609,0.0],[11.4807,65.0599,0.2475],[11.4818,65.0568,0.0],[11.4849,65.0568,0.0],[11.487,65.0589,1.9473],[11.487,65.062,3.9377],[11.4792,65.0625,0.0]]],
[[[11.937,65.063,0.0],[11.9354,65.0646,0.0],[11.9297,65.0641,0.0],[11.9313,65.0625,0.0],[11.937,65.063,0.0]]],
[[[11.7708,65.1229,0.0],[11.7724,65.1245,0.0],[11.7672,65.1245,1.4479],[11.7672,65.1234,0.6933],[11.7708,65.1229,0.0]]],
[[[11.712,65.1234,0.0],[11.7182,65.1255,0.0],[11.7151,65.1276,2.1337],[11.7151,65.1307,0.0],[11.725,65.1312,0.0],[11.7328,65.1339,0.0],[11.737,65.137,0.0],[11.7313,65.1396,0.0],[11.7208,65.1396,0.0],[11.7063,65.1333,2.6975],[11.6964,65.1328,0.0],[11.6901,65.1286,1.9581],[11.6938,65.1271,0.0],[11.6979,65.1292,1.4442],[11.7036,65.1266,0.0],[11.6922,65.1224,1.0978],[11.6938,65.1208,0.0],[11.7042,65.1208,0.0],[11.712,65.1234,0.0]]],
[[[11.3833,64.9187,10.131],[11.3792,64.9187,0.0],[11.3776,64.9172,0.4059],[11.3917,64.9167,0.0],[11.3917,64.9187,5.3267],[11.3833,64.9187,10.131]]],
[[[11.3339,64.9172,0.0],[11.337,64.9172,6.4051],[11.337,64.9182,1.6032],[11.3339,64.9182,0.0],[11.3339,64.9172,0.0]]],
[[[11.35,64.9229,2.3003],[11.3479,64.925,7.7628],[11.3443,64.9213,0.0],[11.3479,64.9208,0.0],[11.35,64.9229,2.3003]]],
[[[11.4563,64.9458,0.0],[11.4589,64.9495,4.3209],[11.4641,64.9505,0.0],[11.4609,64.9537,0.0],[11.4661,64.9557,0.0],[11.4589,64.9589,0.0],[11.4599,64.962,0.0],[11.4583,64.9625,0.0],[11.4417,64.9625,0.0],[11.4391,64.9589,0.0],[11.4276,64.9557,0.0],[11.425,64.9521,4.354],[11.4188,64.9542,0.0],[11.3984,64.9537,0.0],[11.3943,64.9464,0.0],[11.4021,64.9458,6.9811],[11.4036,64.9443,0.0],[11.3938,64.9437,0.0],[11.3917,64.9417,0.0],[11.3938,64.9396,0.0],[11.4042,64.9396,14.9762],[11.4083,64.9375,0.0],[11.4271,64.9375,0.0],[11.4313,64.9396,20.7077],[11.4437,64.9396,0.0],[11.451599999999999,64.9422,0.0],[11.4526,64.9453,0.0],[11.4563,64.9458,0.0]]],
[[[11.1724,64.9599,0.0],[11.1625,64.9583,0.0],[11.1625,64.9563,0.0],[11.1724,64.9568,0.0],[11.1724,64.9599,0.0]]],
[[[11.1714,64.9755,2.7824],[11.1745,64.9755,1.2606],[11.1745,64.9766,0.8314],[11.1714,64.9766,2.4786],[11.1714,64.9755,2.7824]]],
[[[11.125,65.0219,3.6857],[11.1125,65.0229,19.3905],[11.1083,65.025,16.8138],[11.0964,65.0245,0.0],[11.0974,65.013,6.0947],[11.0953,65.0109,0.0],[11.0901,65.0099,0.0],[11.0859,64.9984,0.0],[11.1188,64.9979,0.0],[11.1229,65.0,4.9277],[11.1292,65.0,0.0],[11.1333,64.9979,0.0],[11.1375,64.9979,0.0],[11.1438,65.0,3.8488],[11.1479,64.9979,0.0],[11.1516,65.0005,0.0],[11.1401,65.0089,0.0],[11.1411,65.0141,0.0],[11.125,65.0219,3.6857]]],
[[[11.3339,64.9526,0.0],[11.337,64.9526,11.1325],[11.337,64.9537,0.0],[11.3339,64.9537,0.0],[11.3339,64.9526,0.0]]],
[[[11.4417,65.0396,0.0],[11.438,65.038,3.255],[11.4437,65.0354,0.0],[11.4474,65.0359,0.0],[11.4474,65.037,3.0054],[11.4417,65.0396,0.0]]],
[[[11.4255,65.0401,0.0],[11.4208,65.0417,3.8273],[11.4188,65.0396,0.358],[11.4208,65.0375,0.6081],[11.4286,65.038,0.0],[11.4255,65.0401,0.0]]],
[[[11.3813,65.2021,0.0],[11.3797,65.2005,0.0],[11.3828,65.1995,0.0],[11.3839,65.1964,2.432],[11.387,65.1964,0.0],[11.389099999999999,65.2016,1.9755],[11.3813,65.2021,0.0]]],
[[[11.438,65.2078,3.634],[11.4359,65.2057,0.0],[11.4359,65.2026,0.0],[11.4453,65.2026,0.0],[11.4453,65.2057,2.5073],[11.438,65.2078,3.634]]],
[[[11.4813,65.2104,3.139],[11.4776,65.2099,0.0],[11.4766,65.2068,4.2423],[11.4729,65.2063,0.0],[11.4672,65.2099,0.0],[11.4724,65.2109,2.3456],[11.4745,65.2141,0.0],[11.4708,65.2146,1.2067],[11.463,65.212,0.0],[11.4589,65.2005,3.2446],[11.4641,65.2005,0.0],[11.4667,65.2042,0.0],[11.4849,65.2047,0.0],[11.4818,65.2078,1.1447],[11.487,65.2089,0.0],[11.487,65.212,3.9713],[11.4813,65.2104,3.139]]],
[[[11.4417,65.2104,0.0],[11.4432,65.212,0.0],[11.438,65.212,2.7221],[11.438,65.2109,0.0],[11.4417,65.2104,0.0]]],
[[[11.6875,65.0708,0.0],[11.6891,65.0724,11.5868],[11.6859,65.0724,12.1438],[11.6859,65.0714,16.248],[11.6875,65.0708,0.0]]],
[[[11.7708,65.1,0.0],[11.7734,65.1036,0.0],[11.7786,65.1047,0.0],[11.7797,65.1078,20.075],[11.7849,65.1088,0.0],[11.787,65.1109,0.0],[11.7891,65.1182,5.0977],[11.7859,65.1193,3.4241],[11.7849,65.1224,0.9288],[11.7792,65.1229,0.0],[11.775,65.1208,0.0],[11.7651,65.1203,0.0],[11.764099999999999,65.1151,0.9416],[11.7625,65.1146,0.0],[11.7396,65.1125,0.0],[11.7333,65.1062,0.587],[11.7271,65.1062,0.2418],[11.7214,65.1088,0.2226],[11.7172,65.1109,0.0],[11.7182,65.1141,0.0],[11.7125,65.1167,0.0],[11.6917,65.1167,0.0],[11.6875,65.1146,0.0],[11.6849,65.1182,0.0],[11.675,65.1208,0.0],[11.6687,65.1208,2.8174],[11.6646,65.1188,1.165],[11.6583,65.1188,1.3887],[11.6542,65.1208,0.0],[11.65,65.1188,1.0389],[11.6333,65.1188,0.0],[11.6318,65.1172,0.0],[11.6349,65.1151,0.3659],[11.6328,65.113,0.0],[11.6234,65.112,0.0],[11.6208,65.1083,9.0428],[11.6146,65.1104,0.0],[11.6042,65.1104,1.2039],[11.6,65.1083,1.0367],[11.5854,65.1083,3.7946],[11.5792,65.1104,0.0],[11.5714,65.1078,0.0],[11.5703,65.1047,10.0553],[11.5651,65.1036,0.0],[11.5651,65.1005,0.0],[11.5682,65.0984,3.9261],[11.5589,65.0974,2.2713],[11.562,65.0953,-1.5],[11.5599,65.0922,4.2807],[11.5401,65.0911,0.0],[11.5391,65.088,3.777],[11.5276,65.0849,0.0],[11.5245,65.0797,1.4913],[11.5151,65.0766,0.0],[11.5109,65.0693,5.0832],[11.5146,65.0687,0.0],[11.5229,65.0729,0.0],[11.5354,65.0729,0.0],[11.537,65.0714,0.0],[11.5333,65.0687,0.3182],[11.5255,65.0682,0.0],[11.5224,65.0609,0.0],[11.5203,65.0589,0.0],[11.5151,65.0578,0.0],[11.513,65.0505,4.1861],[11.5161,65.0495,0.0],[11.5188,65.0458,1.7966],[11.5292,65.05,0.0],[11.5333,65.0479,0.0],[11.5453,65.0474,0.0],[11.5438,65.0417,9.6893],[11.5458,65.0396,0.0],[11.5708,65.0396,2.3754],[11.575,65.0417,16.2445],[11.5813,65.0417,0.0],[11.5854,65.0396,0.6929],[11.5958,65.0396,0.0],[11.6,65.0417,11.0876],[11.6078,65.0422,0.0],[11.6089,65.0453,1.9883],[11.6141,65.0463,0.0],[11.6203,65.0505,4.5289],[11.6234,65.0557,4.6376],[11.6328,65.0568,0.0],[11.6359,65.0599,0.0],[11.6411,65.0609,0.0],[11.6422,65.0641,16.1304],[11.65,65.0625,0.0],[11.6542,65.0667,0.0],[11.6646,65.0667,0.0],[11.6661,65.0651,1.0745],[11.6609,65.062,13.3886],[11.6599,65.0589,17.9982],[11.6547,65.0578,4.0812],[11.6563,65.0563,10.5899],[11.662,65.0557,4.8903],[11.662,65.0526,6.2035],[11.6568,65.0516,0.0],[11.6599,65.0484,7.4529],[11.6547,65.0474,0.0],[11.6516,65.0422,3.696],[11.6464,65.0401,1.5184],[11.6583,65.0396,0.0],[11.6625,65.0417,20.4081],[11.675,65.0417,0.0],[11.6891,65.0463,0.0],[11.6964,65.0516,0.0],[11.701599999999999,65.0526,0.0],[11.7026,65.0557,22.2691],[11.7078,65.0568,0.0],[11.7109,65.062,3.6682],[11.7161,65.063,0.0],[11.7063,65.0687,0.0],[11.7,65.0667,0.0],[11.6958,65.0667,0.0],[11.6917,65.0687,0.0],[11.6734,65.0672,0.0],[11.6755,65.0703,0.0],[11.6938,65.0771,0.0],[11.7182,65.0797,0.0],[11.7214,65.087,0.0],[11.7292,65.0896,3.9486],[11.7375,65.0854,1.493],[11.7437,65.0854,6.2881],[11.7453,65.087,0.0],[11.738,65.0911,0.0],[11.7583,65.0979,0.0],[11.7646,65.0979,0.0],[11.7708,65.1,0.0]]],
[[[11.625,65.2729,0.0],[11.6286,65.2745,1.3733],[11.6188,65.2771,2.6874],[11.6151,65.2745,0.0],[11.6167,65.2729,0.0],[11.625,65.2729,0.0]]],
[[[11.6146,65.2771,0.0],[11.6161,65.2776,3.5518],[11.6161,65.2786,0.0],[11.613,65.2786,1.4884],[11.6146,65.2771,0.0]]],
[[[11.6938,65.2562,0.0],[11.6953,65.2557,0.0],[11.6943,65.2505,0.0],[11.6958,65.25,0.0],[11.7036,65.2505,0.0],[11.7063,65.2542,0.0],[11.7057,65.2557,0.0],[11.7,65.2583,1.7132],[11.6922,65.2578,0.0],[11.6938,65.2562,0.0]]],
[[[11.7167,65.3396,7.9271],[11.7182,65.3401,2.6166],[11.7182,65.3411,0.7227],[11.7151,65.3411,0.0],[11.7167,65.3396,7.9271]]],
[[[11.6313,65.3125,2.0906],[11.6276,65.312,3.8025],[11.6255,65.3089,1.4436],[11.6333,65.3083,1.2855],[11.6375,65.3125,0.0],[11.6354,65.3146,2.0892],[11.6313,65.3125,2.0906]]],
[[[11.6349,65.3193,5.6915],[11.6318,65.3203,4.304],[11.6297,65.3172,0.581],[11.6328,65.3172,2.0911],[11.6349,65.3193,5.6915]]],
[[[11.6266,65.3255,0.8961],[11.6188,65.325,1.5853],[11.6172,65.3234,1.9968],[11.6292,65.3229,0.0],[11.637,65.3266,0.9929],[11.6271,65.3313,0.0],[11.6234,65.3287,0.8397],[11.6266,65.3255,0.8961]]]]}
,"properties": {"GID_1": "NOR.9_1","GID_0": "NOR","country": "Norway","province": "Nord-Trøndelag","VARNAME_1": "Nord-Troendelagfylke|NordreTro","NL_NAME_1": "NA","TYPE_1": "Fylke","ENGTYPE_1": "County","CC_1": "NA","HASC_1": "NO.NT","ISO_1": "NA","name": "Nord-Trøndelag.province","area_km2": 22574.01,"hist_schema_id": "Elevation0-9000","hist_area_km2": {"0": 737.44,"25": 853.22,"50": 604.54,"75": 627.82,"100": 609.3,"125": 635.97,"150": 649.39,"175": 672.3,"200": 681.52,"225": 729.83,"250": 692.22,"275": 712.43,"300": 710.6,"325": 750.89,"350": 888.72,"375": 760.36,"400": 901.65,"425": 760.83,"450": 804.77,"475": 737.76,"500": 747.9,"525": 727.9,"550": 716.94,"575": 680.55,"600": 658.2,"625": 609.53,"650": 565.23,"675": 498.8,"700": 449.02,"725": 396.5,"750": 350.12,"775": 311.6,"800": 250.34,"825": 201.69,"850": 173.29,"875": 136.92,"900": 114.64,"925": 90.16,"950": 79.61,"975": 63.1,"1000": 52.78,"1025": 40.79,"1050": 33.64,"1075": 27.03,"1100": 20.42,"1125": 15.0,"1150": 11.89,"1175": 9.3,"1200": 6.52,"1225": 4.72,"1250": 3.23,"1275": 1.71,"1300": 1.24,"1325": 0.76,"1350": 0.6,"1375": 0.39,"1400": 0.2}}}