{"type":"Feature","properties":{"ISO3166-1-Alpha-3":"NOR","country":"Norway","fill":"#FF0","id":"75","name":"Nordland"},
"geometry":{"type": "MultiPolygon","coordinates": [[[[12.06373,65.0456,320.5999],[12.06316,65.05069,302.3782],[12.06039,65.06004,138.8718],[12.05445,65.06558,0.0],[12.04538,65.06013,81.9944],[12.04545,65.06011,81.9944],[12.05103,65.05851,168.8644],[12.05893,65.04151,292.3715],[12.07898,65.03138,130.6289],[12.0934,65.02316,273.6898],[12.10875,65.01929,211.1081],[12.12642,65.01908,259.2607],[12.15578,65.02177,371.4319],[12.16709,65.02019,332.8576],[12.17634,65.01111,225.1512],[12.17636,65.01122,225.1512],[12.17701,65.01459,212.4515],[12.16586,65.02847,304.3276],[12.15317,65.03946,140.1703],[12.13705,65.0467,0.0],[12.11557,65.0493,19.7093],[12.10369,65.04654,82.9112],[12.09002,65.04145,144.1432],[12.07594,65.03946,326.899],[12.06373,65.0456,320.5999]]],
[[[12.25856,65.14789,400.6907],[12.27166,65.16462,11.5613],[12.24098,65.1787,148.631],[12.20802,65.20726,113.7858],[12.19093,65.21381,0.0],[12.16725,65.21113,0.0],[12.13982,65.2038,0.0],[12.11394,65.19257,0.0],[12.09506,65.17841,0.0],[12.09669,65.17495,0.0],[12.09457,65.16169,0.0],[12.09108,65.1485,0.0],[12.08815,65.14492,0.0],[12.09278,65.13557,0.0],[12.0984,65.13032,0.0],[12.1076,65.12897,0.0],[12.12233,65.13129,33.8739],[12.09978,65.12344,0.0],[12.06056,65.11762,0.0],[12.04347,65.107,0.0],[12.04314,65.09968,0.0],[12.04811,65.09174,0.0],[12.04835,65.08539,0.0],[12.03338,65.08283,34.7581],[11.99366,65.08674,62.9285],[11.97901,65.08283,27.0864],[11.99985,65.0751,36.891],[12.0477,65.06948,32.102],[12.07081,65.06916,67.3387],[12.09148,65.0666,33.8827],[12.13282,65.05646,58.1567],[12.1565,65.05549,19.9075],[12.23121,65.06851,226.9858],[12.27027,65.08072,242.2493],[12.30047,65.0965,268.8424],[12.30909,65.11058,207.2146],[12.28452,65.11652,0.0],[12.2492,65.11921,0.0],[12.22486,65.12377,109.1278],[12.25856,65.14789,400.6907]]],
[[[12.03728,65.21959,0.0],[12.03134,65.22635,0.0],[12.02792,65.2296,0.0],[12.02223,65.23432,0.0],[12.01995,65.23912,0.0],[11.99887,65.24051,0.0],[11.97967,65.23709,0.0],[11.96624,65.22403,0.0],[11.96315,65.21609,0.0],[11.96827,65.21149,0.0],[11.9839,65.21267,3.9094],[11.99757,65.20751,0.0],[12.00416,65.20808,19.1869],[12.02215,65.20242,0.0],[12.03696,65.20502,0.0],[12.03728,65.21959,0.0]]],
[[[12.17107,65.47431,6.078],[12.16424,65.47578,11.1895],[12.15569,65.47325,0.0],[12.15423,65.47285,3.2509],[12.15227,65.47573,15.8947],[12.14731,65.47545,0.0],[12.14259,65.46939,12.1279],[12.13673,65.46817,3.0639],[12.13103,65.46511,5.5737],[12.12387,65.45832,4.9079],[12.12444,65.45413,0.0],[12.13168,65.45559,5.7313],[12.13998,65.46003,0.0],[12.14145,65.45966,0.0],[12.10108,65.42992,0.0],[12.10043,65.4315,0.0],[12.10043,65.43981,7.3233],[12.09246,65.43997,11.7013],[12.04713,65.42129,5.3779],[12.0429,65.41718,3.2081],[12.04721,65.40408,1.0644],[12.05161,65.39855,0.0],[12.07887,65.40746,0.0],[12.08399,65.41063,0.0],[12.08733,65.41584,0.0],[12.0888,65.41547,3.6264],[12.08798,65.40904,0.0],[12.08408,65.40396,8.2725],[12.07911,65.4007,3.9282],[12.07602,65.3959,10.8393],[12.077,65.39086,15.7328],[12.08066,65.38609,0.0],[12.09189,65.38638,0.0],[12.1041,65.39045,0.0],[12.10841,65.39419,0.0],[12.10955,65.39794,0.0],[12.11345,65.4053,0.0],[12.11061,65.41153,0.0],[12.11093,65.41677,0.0],[12.11622,65.41804,0.0],[12.1194,65.4204,0.0],[12.1312,65.43765,0.0],[12.17099,65.46975,0.0],[12.17107,65.47431,6.078]]],
[[[12.39731,65.50755,46.1179],[12.38649,65.51423,86.7535],[12.3353,65.52729,108.8414],[12.32472,65.53193,138.4522],[12.31593,65.54108,102.785],[12.29737,65.56607,2.5],[12.27426,65.58173,0.0],[12.25864,65.57461,0.0],[12.2444,65.55882,0.0],[12.22486,65.54898,0.0],[12.22983,65.54711,0.0],[12.23854,65.54263,0.0],[12.24529,65.54149,5.2724],[12.24041,65.52607,0.0],[12.23024,65.51227,0.0],[12.20436,65.48749,0.0],[12.23219,65.48749,6.8231],[12.19744,65.47386,9.1012],[12.22901,65.46849,0.0],[12.25856,65.47297,5.6643],[12.31422,65.49494,15.1743],[12.31479,65.48737,15.9769],[12.31715,65.48078,0.0],[12.32154,65.47431,0.0],[12.32846,65.46703,0.0],[12.26775,65.44941,0.0],[12.21119,65.42609,0.0],[12.17482,65.402,0.0],[12.16082,65.39582,-0.1472],[12.16586,65.39081,3.9464],[12.174,65.3863,7.4502],[12.17701,65.38508,36.4011],[12.18377,65.38349,11.1046],[12.21119,65.38508,44.8911],[12.21119,65.37763,1.2353],[12.20248,65.37177,3.1531],[12.18775,65.35456,31.6757],[12.18067,65.35102,29.3037],[12.17123,65.35318,47.2966],[12.15512,65.36245,26.5205],[12.14283,65.364,0.0],[12.12224,65.35733,0.0],[12.10906,65.34296,0.0],[12.09734,65.32534,0.0],[12.08074,65.30878,0.0],[12.0901,65.30435,0.0],[12.10035,65.30215,0.0],[12.11118,65.3017,0.0],[12.12233,65.30256,0.0],[12.09474,65.2558,0.0],[12.07732,65.23363,0.0],[12.05348,65.21996,14.2453],[12.08058,65.21503,199.8289],[12.18385,65.2473,134.5839],[12.19386,65.25165,276.8546],[12.22104,65.2709,417.2127],[12.23561,65.27521,302.1544],[12.24773,65.28046,52.6207],[12.23634,65.29133,169.7336],[12.2186,65.30101,30.4589],[12.21119,65.30256,28.1558],[12.20427,65.31932,229.5719],[12.21111,65.32465,72.4901],[12.23902,65.32246,0.0],[12.33644,65.33153,299.6783],[12.35255,65.33633,84.0304],[12.36671,65.34394,75.6954],[12.37965,65.35407,164.3358],[12.39243,65.36017,168.1943],[12.44459,65.37084,139.7372],[12.45875,65.38227,22.0],[12.49187,65.38752,45.4562],[12.5066,65.39814,54.7375],[12.49049,65.39761,7.0915],[12.47495,65.4029,59.066],[12.46168,65.41283,143.5145],[12.45143,65.42609,0.0],[12.44654,65.43842,0.0],[12.44646,65.45848,0.0],[12.44459,65.46703,141.9631],[12.39731,65.50755,46.1179]]],
[[[12.17441,65.64293,3.229],[12.17091,65.64387,0.0],[12.16505,65.64631,4.5962],[12.15349,65.64159,1.1979],[12.15122,65.6398,0.0],[12.15284,65.6389,8.5916],[12.15512,65.63626,0.0],[12.15358,65.63443,5.5362],[12.14747,65.6328,0.0],[12.14308,65.62897,6.6761],[12.13201,65.62214,0.0],[12.12672,65.61754,3.3936],[12.12729,65.61213,0.0],[12.12395,65.60623,0.0],[12.12818,65.60334,0.0],[12.12818,65.60098,0.0],[12.12753,65.59719,4.0464],[12.12664,65.59182,0.0],[12.13038,65.59117,0.0],[12.14649,65.5965,0.0],[12.14772,65.59992,0.0],[12.15284,65.60069,0.0],[12.15903,65.60493,0.0],[12.17514,65.62071,0.0],[12.18019,65.64016,5.8231],[12.17742,65.63996,0.0],[12.17441,65.64293,3.229]]],
[[[11.95444,65.69644,6.5018],[11.92612,65.70873,0.0],[11.89096,65.7062,4.6501],[11.82447,65.69302,0.0],[11.80828,65.68305,0.0],[11.785,65.66031,0.0],[11.76515,65.635,0.0],[11.75929,65.61791,75.5793],[11.7798,65.607,0.0],[11.84742,65.61416,11.5017],[11.86915,65.61042,19.8199],[11.84864,65.60419,12.3144],[11.85939,65.59837,16.0622],[11.8685,65.59907,0.0],[11.87794,65.60224,4.467],[11.8899,65.60419,34.6448],[11.89869,65.6013,0.0],[11.90268,65.5954,34.6695],[11.90707,65.59032,2.5851],[11.91684,65.58999,0.0],[11.92661,65.59634,0.0],[11.95826,65.62271,75.016],[11.97145,65.63154,82.1505],[11.97608,65.64159,18.3883],[11.97299,65.64956,16.8285],[11.95786,65.66503,16.8596],[11.98683,65.67194,7.4329],[11.99977,65.67805,2.3356],[12.00514,65.6896,16.2521],[11.99789,65.70014,9.5366],[11.98211,65.69994,0.0],[11.96502,65.69623,7.1562],[11.95444,65.69644,6.5018]]],
[[[12.4463,65.7154,0.0],[12.45037,65.72049,4.7599],[12.44939,65.72337,2.4456],[12.44679,65.72521,15.201599999999999],[12.40886,65.71267,9.9592],[12.39861,65.7051,6.9974],[12.39405,65.699,0.0],[12.38347,65.69339,0.0],[12.35719,65.68936,0.0],[12.35141,65.69143,24.0541],[12.34913,65.69392,5.1383],[12.34344,65.69172,0.0],[12.34254,65.68944,0.0],[12.33627,65.68171,16.3444],[12.30592,65.66332,20.9668],[12.31056,65.65461,98.0637],[12.32569,65.64667,0.0],[12.34425,65.64789,0.0],[12.4463,65.7154,0.0]]],
[[[12.43735,65.76044,0.0],[12.46111,65.76256,0.0],[12.4843,65.77481,0.0],[12.48699,65.77721,0.0],[12.48951,65.7829,0.7074],[12.4909,65.79711,0.0],[12.49407,65.80191,0.0],[12.49155,65.80435,0.0],[12.48406,65.80414,29.5759],[12.47739,65.80101,14.187],[12.47218,65.79719,18.2197],[12.41415,65.78042,17.7325],[12.40455,65.77342,0.0],[12.39975,65.76679,0.0],[12.39853,65.76301,0.0],[12.39462,65.75869,0.0],[12.3746,65.74579,0.9668],[12.37509,65.74299,0.0],[12.38014,65.73949,0.0],[12.38478,65.7392,0.0],[12.39511,65.74771,6.4372],[12.40065,65.7475,9.9933],[12.43735,65.76044,0.0]]],
[[[12.36663,65.92149,0.0],[12.37558,65.92524,0.0],[12.37306,65.92988,0.0],[12.36516,65.93374,4.7203],[12.35336,65.9361,9.0124],[12.31365,65.93069,4.0332],[12.3073,65.92556,7.2392],[12.30462,65.91901,10.2968],[12.30966,65.91795,0.0],[12.31568,65.91201,0.0],[12.32219,65.91397,0.0],[12.32407,65.91348,0.5632],[12.27947,65.88585,2.2341],[12.2579,65.87991,7.2559],[12.25294,65.87434,0.0],[12.25099,65.86091,4.6777],[12.24342,65.86522,8.6943],[12.23845,65.86388,3.2964],[12.23764,65.84992,0.0],[12.23496,65.84406,0.7107],[12.23414,65.83881,0.0],[12.24024,65.83836,0.0],[12.24773,65.84675,0.0],[12.25302,65.85004,0.0],[12.25929,65.85102,0.0],[12.261,65.85619,10.3333],[12.25709,65.85692,13.4311],[12.2575,65.85737,10.3177],[12.26905,65.86697,3.1794],[12.29013,65.87633,0.0],[12.29119,65.87511,4.6834],[12.292,65.87295,2.2928],[12.29469,65.87706,2.789],[12.29819,65.88699,0.0],[12.306,65.89423,0.0],[12.31243,65.89513,3.326],[12.31536,65.89159,6.184],[12.32179,65.89057,0.0],[12.32667,65.8935,3.2855],[12.32439,65.89655,1.504],[12.32293,65.90119,3.4802],[12.3331,65.90965,0.0],[12.34938,65.918,0.0],[12.35833,65.91568,0.0],[12.36663,65.92149,0.0]]],
[[[12.22877,66.01415,0.0],[12.21599,66.01276,7.5192],[12.20704,66.01415,0.0],[12.19752,66.0089,3.3565],[12.19549,66.00438,2.0428],[12.19508,66.00129,0.0],[12.19899,66.00357,0.0],[12.2033,66.00235,0.0],[12.20639,66.00369,4.2287],[12.20802,66.00202,0.0],[12.20859,66.00047,0.0],[12.20769,65.99921,0.0],[12.21551,65.99641,0.0],[12.21811,65.99547,9.6703],[12.21477,65.99042,4.5953],[12.21306,65.98941,7.8843],[12.20948,65.98863,0.0],[12.20582,65.9844,25.0019],[12.20232,65.98086,6.9364],[12.20859,65.97704,0.0],[12.21453,65.98021,0.0],[12.21909,65.98383,0.0],[12.23113,65.98387,0.0],[12.23829,65.98648,0.0],[12.2457,65.98924,0.0],[12.24846,65.99718,24.4334],[12.24033,65.99742,16.2866],[12.24147,66.00047,0.0],[12.24944,66.00373,0.0],[12.22877,66.01415,0.0]]],
[[[12.73406,65.97557,195.5325],[12.85768,66.00047,77.0371],[12.89015,66.00145,65.9855],[12.90382,66.01508,53.397],[12.86004,66.0268,114.3],[12.8003,66.02481,0.0],[12.7409,66.01358,96.0682],[12.69801,65.99775,334.9688],[12.67954,65.98876,403.5556],[12.65821,65.98127,677.1212],[12.636,65.97606,485.5103],[12.61524,65.97419,172.7985],[12.60857,65.97993,7.5376],[12.62029,65.99307,16.378],[12.65008,66.01508,41.8698],[12.62721,66.02302,0.0],[12.60133,66.02167,0.0],[12.49122,65.99063,0.0],[12.47242,65.98094,0.0],[12.46144,65.97004,0.0],[12.44386,65.94404,0.0],[12.43092,65.93256,0.0],[12.38356,65.90648,0.0],[12.36883,65.89159,0.0],[12.47869,65.89838,0.0],[12.47071,65.88752,0.0],[12.45826,65.88251,0.0],[12.44418,65.87873,0.0],[12.43092,65.87108,0.0],[12.46583,65.87328,0.0],[12.49269,65.87979,4.376],[12.62338,65.94212,250.1789],[12.67482,65.95222,0.0],[12.73406,65.97557,195.5325]]],
[[[12.33025,66.14785,0.0],[12.34734,66.15282,0.0],[12.35174,66.16743,0.0],[12.34588,66.17308,0.4241],[12.33025,66.17105,3.2269],[12.31642,66.16344,0.0],[12.28736,66.13923,2.611],[12.2837,66.13142,2.3569],[12.28622,66.12503,0.0],[12.2933,66.12596,2.1144],[12.29851,66.13007,1.7642],[12.29729,66.13443,2.7878],[12.29859,66.1354,2.15],[12.30307,66.12934,3.808],[12.30779,66.12755,0.0],[12.31381,66.13121,0.0],[12.31756,66.13089,0.0],[12.32602,66.13508,0.0],[12.33025,66.14785,0.0]]],
[[[12.60426,66.18114,23.4223],[12.60076,66.19367,27.7316],[12.59523,66.20502,15.3069],[12.58172,66.21377,9.8221],[12.5617,66.22114,1.0971],[12.55144,66.22036,0.0],[12.54298,66.20197,0.0],[12.53386,66.19892,4.41],[12.52272,66.19815,7.6119],[12.43092,66.17276,0.0],[12.43092,66.16596,0.0],[12.46559,66.1743,10.6654],[12.50424,66.17585,0.0],[12.54217,66.1706,12.1659],[12.57423,66.15851,17.358],[12.52296,66.14069,1.5],[12.48748,66.13508,4.8286],[12.48024,66.1269,0.0],[12.47771,66.11774,0.0],[12.47242,66.11131,0.0],[12.45672,66.10725,12.1506],[12.40016,66.10391,0.0],[12.386,66.1009,0.0],[12.35727,66.08735,10.5626],[12.34213,66.08344,11.3847],[12.34213,66.07591,3.8284],[12.36166,66.07709,0.0],[12.39796,66.08763,8.6174],[12.41717,66.09024,9.9515999999999991],[12.4297,66.0871,6.5838],[12.42042,66.0799,0.0],[12.39332,66.06664,10.9668],[12.38006,66.05659,0.0],[12.36573,66.05158,2.028],[12.3506,66.04804,0.0],[12.33473,66.04243,29.0441],[12.2942,66.01508,0.0],[12.53338,66.0607,36.2392],[12.57423,66.07591,69.2995],[12.5901,66.08495,0.0],[12.60027,66.08869,17.2474],[12.64039,66.09028,0.0],[12.64959,66.09418,6.0056],[12.65691,66.10391,86.6802],[12.64666,66.11319,205.5161],[12.62843,66.11489,29.5581],[12.5879,66.11131,8.2931],[12.5879,66.1175,41.5219],[12.60572,66.12275,12.8519],[12.62192,66.13117,41.814],[12.54705,66.13117,19.3059],[12.54705,66.13862,15.4358],[12.59051,66.14761,4.5731],[12.61183,66.15681,13.3331],[12.61207,66.16938,33.4352],[12.60426,66.18114,23.4223]]],
[[[13.16749,66.27957,0.0],[13.16896,66.28278,14.9159],[13.15895,66.28522,0.0],[12.9878,66.27159,8.7005],[12.97006,66.26378,5.0756],[12.9489,66.24608,0.0],[12.92831,66.23692,0.0],[12.92107,66.22993,1.0264],[12.92937,66.22687,0.0],[13.16749,66.27957,0.0]]],
[[[12.80698,66.30378,0.0],[12.79998,66.31196,13.2895],[12.79379,66.31122,0.0],[12.79526,66.30512,0.0],[12.7942,66.30036,0.0],[12.79282,66.29499,0.0],[12.75717,66.27749,0.0],[12.73756,66.27058,0.0],[12.71469,66.2591,0.0],[12.70509,66.2508,8.7242],[12.70021,66.24323,5.8627],[12.70509,66.24128,0.0],[12.71957,66.24311,3.9129],[12.74098,66.24164,0.0],[12.75082,66.2331,14.7024],[12.76075,66.22191,0.0],[12.78728,66.21727,8.3987],[12.81023,66.22358,8.8923],[12.82496,66.21589,0.0],[12.84604,66.22626,9.0643],[12.85719,66.23404,6.3665],[12.86834,66.23945,0.0],[12.87924,66.24339,0.0],[12.88689,66.2569,0.0],[12.88233,66.2768,226.1854],[12.87534,66.28563,11.8867],[12.87289,66.28823,11.0001],[12.8672,66.29169,7.1057],[12.85971,66.29267,10.6227],[12.83937,66.29312,15.1131],[12.83562,66.29365,0.0],[12.82927,66.29584,0.0],[12.82439,66.29902,0.0],[12.81219,66.2967,0.0],[12.80698,66.30378,0.0]]],
[[[12.59506,66.35741,2.3966],[12.60385,66.36042,4.6128],[12.60947,66.36595,3.6354],[12.6067,66.3712,0.0],[12.58383,66.36982,0.0],[12.56577,66.36066,2.3278],[12.56398,66.35375,0.9693],[12.55307,66.35586,1.3909],[12.54778,66.35253,0.0],[12.54282,66.34667,5.1147],[12.53907,66.34756,-0.0667],[12.53338,66.35061,0.0],[12.5241,66.3496,0.0],[12.50677,66.338,1.767],[12.50139,66.33841,0.0],[12.49594,66.33617,0.0],[12.49822,66.3319,2.5582],[12.5184,66.32909,1.5844],[12.53728,66.33364,0.0],[12.54664,66.33845,0.0],[12.54778,66.33568,0.0],[12.54632,66.33072,2.6422],[12.55274,66.32986,0.0],[12.61817,66.35322,0.0],[12.61232,66.35342,3.3749],[12.58888,66.34907,0.0],[12.58489,66.35061,4.6926],[12.57895,66.35545,4.2527],[12.58172,66.35729,0.0],[12.58725,66.35651,0.0],[12.59506,66.35741,2.3966]]],
[[[12.38583,66.37637,0.0],[12.38193,66.3815,12.3384],[12.38193,66.38215,0.0],[12.38315,66.38386,9.2382],[12.37859,66.38504,0.9498],[12.37306,66.38312,0.9495],[12.3711,66.38007,2.5912],[12.37355,66.37849,0.0],[12.36118,66.3745,0.0],[12.35987,66.37165,0.0],[12.35816,66.3712,3.1952],[12.34254,66.37438,3.5366],[12.31194,66.36909,0.0],[12.30877,66.36351,0.0],[12.30698,66.35611,6.7967],[12.31389,66.35305,0.0],[12.32244,66.35301,0.0],[12.33652,66.34247,0.0],[12.3484,66.34162,0.0],[12.35182,66.34597,0.0],[12.34474,66.35265,4.5493],[12.34636,66.35289,0.0],[12.35165,66.35175,0.0],[12.36044,66.35309,0.0],[12.36622,66.35566,1.412],[12.36411,66.35924,0.0],[12.36354,66.36306,4.98],[12.36736,66.36542,2.1732],[12.37208,66.36571,3.6687],[12.3746,66.36701,4.6379],[12.372,66.3699,0.0],[12.3711,66.37328,0.0],[12.3755,66.37409,0.0],[12.37973,66.37214,0.0],[12.38429,66.37108,0.0],[12.38583,66.37637,0.0]]],
[[[12.95411,66.43309,65.8921],[12.96648,66.45311,77.742],[12.9607,66.45946,51.1972],[12.94077,66.46019,16.0566],[12.92888,66.45783,20.7199],[12.92921,66.45246,0.0],[12.92823,66.44204,0.0],[12.91944,66.43159,0.0],[12.91245,66.43138,6.0277],[12.91082,66.43716,8.0353],[12.90699,66.44261,6.8657],[12.90235,66.44644,0.0],[12.90162,66.45311,29.4018],[12.89674,66.4562,30.7322],[12.88673,66.45653,0.0],[12.82944,66.44733,2.3161],[12.81723,66.44257,0.0],[12.81861,66.43745,0.0],[12.82643,66.43622,5.1797],[12.83546,66.4239,0.0],[12.85027,66.40961,0.0],[12.84311,66.39842,1.3765],[12.81056,66.38935,1.5737],[12.80079,66.38471,0.0],[12.81666,66.38109,23.3275],[12.8274,66.37678,0.0],[12.8318,66.37324,0.0],[12.8379,66.37079,7.7548],[12.8484,66.37173,0.0],[12.85955,66.3664,0.0],[12.86793,66.36347,10.8025],[12.87721,66.35904,0.0],[12.89894,66.35505,0.0],[12.89519,66.36042,3.6616],[12.88429,66.37645,15.2669],[12.88136,66.39057,0.0],[12.886,66.40168,1.4241],[12.89129,66.40933,0.0],[12.89967,66.41608,0.0],[12.90235,66.40485,0.0],[12.9074,66.39891,31.9891],[12.91603,66.3946,48.8783],[12.931,66.38935,21.521],[12.93849,66.39444,13.2959],[12.9489,66.40908,4.2727],[12.95411,66.43309,65.8921]]],
[[[12.06023,66.50963,0.0],[12.05926,66.51345,0.0],[12.05665,66.51496,0.0],[12.04819,66.51537,2.1857],[12.04127,66.51244,15.2151],[12.03582,66.51097,0.0],[12.01881,66.50788,0.0],[12.01124,66.50161,0.0],[12.02019,66.49938,0.0],[12.0276,66.50308,0.0],[12.03053,66.50304,0.0],[12.02874,66.50117,0.0],[12.02784,66.49799,0.0],[12.02101,66.49425,0.0],[12.03191,66.49124,0.0],[12.05315,66.49848,13.8646],[12.06219,66.50288,0.0],[12.06023,66.50963,0.0]]],
[[[12.87802,66.52989,15.8173],[12.88274,66.53526,8.7183],[12.88461,66.54003,0.0],[12.8812,66.5432,7.85],[12.85792,66.54747,0.0],[12.8554,66.54938,0.0],[12.86557,66.55138,6.7746],[12.8707,66.55577,7.8685],[12.86614,66.56192,0.0],[12.85776,66.56525,15.9873],[12.83945,66.55626,0.0],[12.80584,66.55345,5.4289],[12.80527,66.55089,40.9601],[12.82293,66.54755,0.0],[12.80071,66.54556,0.0],[12.79648,66.54487,0.0],[12.79249,66.53909,0.0],[12.79558,66.53099,0.0],[12.8034,66.52627,0.0],[12.80966,66.52053,10.3372],[12.83351,66.51887,0.0],[12.87802,66.52989,15.8173]]],
[[[13.05445,66.58153,0.0],[13.05161,66.58759,14.937],[13.04729,66.58975,0.0],[13.0324,66.58641,0.0],[13.02068,66.58059,0.0],[13.01385,66.57978,0.0],[13.00945,66.58043,7.3733],[13.00986,66.58352,0.0],[12.9992,66.5847,0.0],[12.99098,66.5882,0.0],[12.9852,66.58267,0.0],[12.97844,66.58088,0.0],[12.97641,66.57042,0.0],[12.98382,66.5659,0.0],[12.98951,66.56664,2.9156],[12.99431,66.5705,13.7687],[12.99838,66.57522,0.0],[13.00034,66.57339,0.0],[12.99871,66.57164,0.0],[12.9922,66.56167,0.0],[12.98504,66.56354,4.6235],[12.99317,66.55858,0.0],[12.99985,66.55638,8.5746],[13.01979,66.55475,28.4706],[13.04583,66.5598,0.0],[13.06528,66.56916,21.1223],[13.05445,66.58153,0.0]]],
[[[12.64991,66.59247,0.0],[12.65065,66.59329,0.0],[12.66554,66.59695,3.4493],[12.66798,66.60045,3.9048],[12.66139,66.60493,0.0],[12.64698,66.6083,0.0],[12.63583,66.60863,10.1662],[12.62965,66.60277,4.4059],[12.62509,66.59996,0.0],[12.62167,66.59935,13.4616],[12.61964,66.59215,0.0],[12.61622,66.59203,6.1053],[12.61061,66.58503,19.6498],[12.60703,66.58792,14.4363],[12.6041,66.5939,0.0],[12.59433,66.5928,2.4013],[12.59002,66.58771,22.7529],[12.59482,66.58531,0.0],[12.59262,66.58194,14.5385],[12.59449,66.57844,0.0],[12.60955,66.57746,14.0233],[12.61411,66.57449,0.0],[12.61866,66.57319,32.6362],[12.62241,66.57331,0.0],[12.6316,66.57164,0.0],[12.63266,66.57054,0.0],[12.61394,66.56501,37.5624],[12.60947,66.55935,10.8382],[12.61345,66.55455,14.1117],[12.6246,66.55036,6.5381],[12.64772,66.54678,0.0],[12.6552,66.54784,0.0],[12.65764,66.55219,0.0],[12.67172,66.56391,5.8438],[12.67327,66.56757,0.0],[12.68287,66.56611,0.3845],[12.68434,66.56912,0.0],[12.68214,66.5738,15.8911],[12.68279,66.58332,0.0],[12.68011,66.59231,7.8489],[12.6552,66.59146,0.0],[12.64991,66.59247,0.0]]],
[[[13.12892,66.60501,13.0064],[13.12802,66.61217,0.0],[13.12737,66.62112,28.1325],[13.12306,66.62307,19.2954],[13.12037,66.62849,5.2758],[13.10629,66.62344,0.0],[13.09474,66.62084,0.0],[13.0936,66.61823,0.0],[13.08969,66.61453,0.0],[13.09213,66.60794,0.0],[13.09897,66.6,0.0],[13.09661,66.59837,0.0],[13.09213,66.60102,0.0],[13.0962,66.59418,0.0],[13.10174,66.58849,0.0],[13.1054,66.58291,0.0],[13.11134,66.58104,11.3677],[13.11769,66.5858,43.9013],[13.12151,66.58784,9.4247],[13.12599,66.59284,4.7923],[13.12892,66.60501,13.0064]]],
[[[13.06568,66.65184,0.0],[13.06943,66.65445,27.4236],[13.07244,66.65571,1.9174],[13.08017,66.65579,4.3038],[13.08009,66.65721,0.0],[13.0853,66.66018,7.3509],[13.08725,66.6623,0.0],[13.09083,66.66413,3.7322],[13.09278,66.67263,2.1891],[13.09685,66.67695,0.0],[13.09742,66.68041,0.0],[13.09425,66.69188,36.1955],[13.08774,66.69684,37.1076],[13.07748,66.69697,3.5771],[13.04957,66.68679,21.2913],[13.04151,66.68134,94.9657],[13.03989,66.67552,0.0],[13.03745,66.67211,34.9281],[13.03745,66.66995,0.0],[13.04656,66.66572,0.0],[13.05372,66.66482,0.0],[13.05681,66.66323,0.0],[13.04607,66.65982,10.0407],[13.04811,66.65668,0.0],[13.05266,66.65506,0.0],[13.0538,66.65388,0.0],[13.04721,66.65062,3.8985],[13.05274,66.64899,0.83],[13.06568,66.65184,0.0]]],
[[[13.37184,66.78307,14.2881],[13.36297,66.78649,0.0],[13.35393,66.78734,0.0],[13.26279,66.75829,25.1646],[13.26246,66.75662,16.705],[13.26645,66.75568,0.0],[13.26531,66.75397,0.0],[13.24602,66.75206,0.0],[13.25546,66.74921,0.0],[13.33977,66.74982,0.0],[13.34319,66.75108,18.913],[13.44549,66.75922,45.3449],[13.47145,66.76805,59.7255],[13.47381,66.7757,68.9114],[13.4686,66.77827,0.0],[13.46266,66.77757,8.4245],[13.37184,66.78307,14.2881]]],
[[[13.23479,66.80895,0.0],[13.22478,66.81147,0.0],[13.20965,66.80895,45.292],[13.18816,66.80545,0.0],[13.18816,66.79963,0.0],[13.19427,66.79772,0.0],[13.2024,66.79588,0.0],[13.21485,66.7934,0.0],[13.23479,66.80895,0.0]]],
[[[13.44532,66.93602,1.4884],[13.44597,66.93928,0.0],[13.43474,66.93789,0.0],[13.4201,66.93541,0.0],[13.4048,66.92296,0.0],[13.41928,66.92365,1.9181],[13.43011,66.92231,0.0],[13.43124,66.91844,1.8266],[13.43385,66.91454,0.0],[13.42815,66.90729,0.0],[13.43539,66.90554,0.0],[13.46079,66.9136,0.0],[13.46892,66.91649,6.7248],[13.47063,66.92019,0.0],[13.4734,66.9217,5.7245],[13.46721,66.92418,4.525],[13.46721,66.92699,3.5582],[13.46437,66.92788,0.0],[13.46209,66.92801,0.0],[13.44874,66.93069,1.4442],[13.4406,66.93004,0.0],[13.44532,66.93602,1.4884]]],
[[[13.86524,67.05952,0.0],[13.86923,67.0642,0.0],[13.86826,67.07075,9.6308],[13.86232,67.07461,0.0],[13.85377,67.07807,0.0],[13.82374,67.08527,6.8123],[13.76035,67.07477,0.0],[13.75457,67.06786,27.9475],[13.76767,67.05915,0.0],[13.76433,67.05475,0.0],[13.75294,67.05073,0.8686],[13.75131,67.04735,2.1108],[13.75506,67.04409,0.0],[13.86524,67.05952,0.0]]],
[[[13.93043,67.11095,0.0],[13.90659,67.11591,0.0],[13.85043,67.12434,32.8003],[13.83196,67.12344,0.0],[13.83139,67.12132,0.0],[13.83587,67.11685,0.0],[13.8274,67.10554,0.0],[13.8353,67.10444,5.8915],[13.84319,67.10672,7.1519],[13.8484,67.11005,0.0],[13.85027,67.10769,4.4291],[13.8554,67.10346,17.6315],[13.86199,67.10366,0.0],[13.86712,67.10578,0.6993],[13.87363,67.10541,0.0],[13.87338,67.1044,7.8488],[13.87078,67.10212,9.6147],[13.87615,67.10106,0.0],[13.89324,67.10293,4.7716],[13.90317,67.09984,0.0],[13.9135,67.10069,6.0164],[13.92774,67.10623,18.944],[13.93043,67.11095,0.0]]],
[[[14.23959,67.11546,24.1476],[14.25856,67.13764,0.0],[14.27369,67.16584,78.643],[14.24684,67.17373,335.0101],[14.21957,67.15595,17.1694],[14.1941,67.12946,162.3159],[14.17189,67.11127,230.4512],[14.15219,67.10712,324.8322],[14.1338,67.11009,145.3528],[14.06691,67.13496,7.6539],[14.0573,67.13304,13.0683],[14.06202,67.11872,261.8284],[14.03077,67.09805,23.6661],[14.01336,67.08991,10.9656],[13.99301,67.08393,0.0],[13.99301,67.0777,0.0],[14.06756,67.06957,22.4595],[14.10011,67.06167,0.0],[14.14047,67.03596,0.0],[14.14698,67.0327,0.0],[14.1504,67.02692,20.9341],[14.15138,67.01191,0.0],[14.15821,67.00141,91.3018],[14.17408,66.9999,0.0],[14.19223,67.00357,0.0],[14.2059,67.00886,0.0],[14.20436,67.01179,23.2088],[14.20118,67.01887,191.0716],[14.1985,67.02253,274.7515],[14.2151,67.03242,13.9849],[14.21274,67.04922,38.8853],[14.19239,67.08393,81.0402],[14.21762,67.09809,0.0],[14.23959,67.11546,24.1476]]],
[[[14.02475,67.28758,0.0],[13.97462,67.28905,0.8632],[13.96453,67.28718,0.0],[13.96209,67.28364,-1.5],[13.93417,67.27595,22.2149],[13.93328,67.2731,19.1216],[13.9415,67.27273,0.0],[13.96136,67.27627,1.2999],[13.96485,67.27582,2.0949],[13.9607,67.27371,8.0358],[13.96127,67.27196,27.188],[13.96062,67.27119,19.899],[13.95493,67.26919,1.0555],[13.92807,67.26675,21.71],[13.91684,67.26252,19.1555],[13.9192,67.26004,0.0],[13.95338,67.26366,0.0],[13.9489,67.25955,0.0],[13.95135,67.25821,0.0],[13.95607,67.25837,0.0],[13.98439,67.26927,8.1577],[13.98813,67.27322,15.4199],[13.98829,67.27424,24.804],[13.98829,67.27538,3.1876],[13.99846,67.27676,7.3194],[13.99895,67.27513,20.683],[14.0053,67.27578,11.676],[14.0171,67.27733,3.9067],[14.02459,67.27672,0.0],[14.02475,67.28758,0.0]]],
[[[13.98162,67.42223,22.1673],[13.97633,67.42324,0.0],[13.9747,67.4256,5.5822],[13.97788,67.42776,0.0],[13.98316,67.4287,0.0],[13.98797,67.43134,0.0],[13.97356,67.43439,10.1619],[13.9594,67.42674,9.3019],[13.95444,67.42463,0.0],[13.95769,67.42048,0.0],[13.96396,67.42105,29.7599],[13.95859,67.41942,28.5243],[13.95574,67.42044,21.632],[13.96388,67.41677,0.0],[13.96681,67.41771,6.6293],[13.95794,67.41376,0.0],[13.95859,67.41258,3.333],[13.98658,67.4208,0.0],[13.98162,67.42223,22.1673]]],
[[[14.39877,67.42377,0.0],[14.40349,67.43016,0.0],[14.40065,67.43659,12.6636],[14.3899,67.44123,0.0],[14.37176,67.44111,5.0377],[14.30942,67.42308,43.625],[14.27955,67.40864,42.0482],[14.2693,67.40021,12.7583],[14.25913,67.39549,0.0],[14.24887,67.39533,0.0],[14.24529,67.39265,11.0037],[14.24855,67.3889,0.0],[14.22901,67.38418,71.8611],[14.22674,67.37735,0.0],[14.23894,67.37397,0.0],[14.25611,67.37385,2.4757],[14.27475,67.37678,0.0],[14.28419,67.37954,0.0],[14.36647,67.39094,0.0],[14.3921,67.3985,3.5658],[14.41285,67.41307,0.0],[14.4192,67.42341,15.1001],[14.41212,67.42528,2.5351],[14.40846,67.42577,9.3698],[14.39918,67.42182,4.3202],[14.39877,67.42377,0.0]]],
[[[11.94207,67.45551,0.0],[11.94915,67.45616,0.0],[11.95102,67.45909,0.0],[11.95354,67.46332,0.0],[11.95623,67.46634,0.0],[11.9498,67.4702,0.7307],[11.94101,67.46833,0.0],[11.931,67.46267,53.7692],[11.93019,67.4547,0.0],[11.92791,67.45075,0.0],[11.93035,67.45051,0.0],[11.94207,67.45551,0.0]]],
[[[12.11126,67.53132,-0.2321],[12.09962,67.53356,-0.4327],[12.09246,67.53217,-0.5015],[12.08937,67.52989,-0.7141],[12.08945,67.52546,-0.0704],[12.08399,67.52114,-2.0],[12.07862,67.51915,0.1104],[12.07773,67.51691,-0.3097],[12.07976,67.51382,1.4322],[12.08709,67.51195,0.121],[12.08172,67.50768,1.7374],[12.07732,67.50479,0.0],[12.07895,67.50373,2.4643],[12.07895,67.50267,3.7246],[12.07635,67.50153,6.7288],[12.07521,67.49816,0.0],[12.07667,67.49726,0.0],[12.08343,67.49962,0.1767],[12.0888,67.50666,0.0],[12.09311,67.51024,0.0],[12.09783,67.5115,-0.0253],[12.10255,67.50943,0.0],[12.10206,67.5104,0.0],[12.10808,67.51199,0.2559],[12.11549,67.51195,0.0],[12.12135,67.51382,0.0],[12.12957,67.5152,0.0],[12.13705,67.51984,0.0],[12.13966,67.5231,0.0],[12.14373,67.52298,0.1858],[12.14552,67.51972,1.2147],[12.14999,67.51805,0.0],[12.15349,67.52753,-0.702],[12.15447,67.52574,-0.0948],[12.1548,67.5231,0.0],[12.15878,67.52464,0.0],[12.16424,67.52607,-0.4467],[12.15911,67.53034,0.315],[12.14999,67.52839,-0.4458],[12.14739,67.52778,0.0],[12.14373,67.52997,0.0],[12.1338,67.52936,0.0],[12.12224,67.52879,0.0],[12.11126,67.53132,-0.2321]]],
[[[15.06992,67.64358,20.5222],[15.08855,67.64464,0.0],[15.11435,67.65428,0.0],[15.11695,67.66303,33.0888],[15.10556,67.66682,9.8296],[15.03972,67.65701,4.5892],[15.04322,67.65493,0.0],[15.04436,67.65363,15.2483],[15.02784,67.652,11.071],[15.02166,67.64948,0.0],[15.01564,67.64476,26.0805],[15.01376,67.63963,49.8175],[15.02377,67.63744,0.0],[15.06992,67.64358,20.5222]]],
[[[12.71876,67.66751,0.0],[12.70663,67.67353,0.0],[12.70696,67.67687,0.0],[12.71209,67.67886,0.0],[12.72055,67.68732,0.0],[12.7234,67.69225,0.6322],[12.71656,67.6953,0.0],[12.64723,67.68317,0.0],[12.62233,67.67141,0.0],[12.6124,67.66242,0.0],[12.57,67.65282,46.0451],[12.57016,67.64651,127.572],[12.57814,67.63443,192.814],[12.59132,67.63024,0.0],[12.60255,67.63288,0.0],[12.6032,67.63821,0.0],[12.60157,67.64216,0.0],[12.6045,67.64985,0.0],[12.61671,67.65754,0.0],[12.63242,67.65668,0.0],[12.64568,67.65217,99.1541],[12.66708,67.66372,0.0],[12.68035,67.66393,0.0],[12.68247,67.66181,3.0543],[12.68466,67.65697,0.0],[12.69256,67.65298,30.4324],[12.69728,67.64798,23.1972],[12.69728,67.64289,0.0],[12.69842,67.63923,2.4684],[12.7024,67.63801,0.0],[12.70948,67.65192,2.501],[12.70899,67.6553,2.6504],[12.70346,67.65799,0.0],[12.69955,67.6612,0.0],[12.70314,67.66218,0.0],[12.71005,67.65969,2.8391],[12.7212,67.65184,0.0],[12.72495,67.65196,2.3298],[12.72543,67.65774,0.0],[12.72275,67.66352,0.0],[12.71876,67.66751,0.0]]],
[[[14.58489,67.72081,0.0],[14.58985,67.72337,0.0],[14.59563,67.72569,4.4153],[14.60125,67.73037,0.0],[14.59474,67.73534,7.0789],[14.58636,67.73054,0.0],[14.57976,67.72972,0.0],[14.57765,67.72427,0.0],[14.58147,67.72289,0.0],[14.58318,67.71988,0.0],[14.58513,67.71963,0.0],[14.58489,67.72081,0.0]]],
[[[12.76775,67.74002,0.0],[12.77052,67.75296,0.0],[12.76059,67.75593,28.1863],[12.74545,67.74657,3.8341],[12.74285,67.74254,27.7525],[12.75701,67.73705,0.0],[12.76775,67.74002,0.0]]],
[[[14.70948,67.81403,0.0],[14.71258,67.81737,0.0],[14.70346,67.81753,9.1458],[14.69068,67.81306,3.5003],[14.68051,67.81306,2.0032],[14.67433,67.81192,9.9053],[14.66887,67.80968,4.294],[14.66017,67.80691,41.4631],[14.6565,67.8006,0.0],[14.65992,67.79999,0.0],[14.66985,67.80292,0.0],[14.6753,67.8052,0.0],[14.68263,67.8065,28.6926],[14.68596,67.80732,0.0],[14.68719,67.80492,0.0],[14.69329,67.80455,0.0],[14.70126,67.80227,0.0],[14.702,67.80475,0.0],[14.70061,67.80626,6.4904],[14.70102,67.80809,5.0325],[14.70509,67.8072,0.0],[14.70948,67.81403,0.0]]],
[[[15.1089,67.97622,0.0],[15.10662,67.98086,0.0],[15.11109,67.98701,2.0783],[15.11362,67.99486,18.9326],[15.11069,68.00019,5.5143],[15.10572,68.00072,2.1668],[15.09596,67.99384,4.9346],[15.0691,67.98054,265.8549],[15.06178,67.97443,0.0],[15.05209,67.96825,0.0],[15.03834,67.96743,0.0],[15.01881,67.97053,5.1661],[14.9782,67.97187,2.6014],[14.97202,67.97004,4.8846],[14.97706,67.96377,0.0],[14.9769,67.95913,0.0],[14.9651,67.95258,139.6452],[14.96119,67.9416,1.2004],[14.96909,67.92524,18.2795],[14.97218,67.91649,2.7424],[14.98024,67.91462,0.0],[15.02263,67.91889,0.0],[15.11931,67.91584,0.0],[15.14763,67.91063,2.3114],[15.1631,67.91071,3.4724],[15.24252,67.91975,0.0],[15.24635,67.91787,0.0],[15.25367,67.91657,3.6684],[15.28924,67.92585,0.0],[15.30486,67.93769,27.847],[15.30397,67.94505,13.5372],[15.29566,67.94526,12.5656],[15.28028,67.94282,7.0753],[15.27931,67.93976,17.2088],[15.26271,67.93256,0.0],[15.25709,67.9405,5.541],[15.24659,67.94172,1.7294],[15.23129,67.94188,15.1376],[15.22788,67.9477,31.4771],[15.2116,67.95124,11.8173],[15.16245,67.95405,1.8998],[15.1399,67.95844,0.0],[15.1089,67.97622,0.0]]],
[[[15.91871,68.01423,2.8754],[15.89177,68.01862,3.1372],[15.85971,68.02749,0.0],[15.57407,68.02558,0.0],[15.5359,68.02082,22.9426],[15.52166,68.01569,59.2477],[15.50847,68.008,0.0],[15.49537,68.0056,0.0],[15.48316,68.00605,3.1205],[15.48243,68.00263,14.5896],[15.49578,67.99738,0.0],[15.50367,67.99531,0.0],[15.51026,67.99282,0.0],[15.52345,67.98998,0.7934],[15.61736,67.98526,0.0],[15.65211,67.98721,0.0],[15.66131,67.98859,0.0],[15.67937,67.9936,2.8466],[15.70623,68.01236,0.0],[15.72877,68.01195,0.0],[15.78614,67.99315,2.7918],[15.84116,67.98371,0.0],[15.88396,67.98412,52.9155],[15.92482,67.99287,0.0],[15.9336,67.99702,3.8166],[15.93295,68.00406,0.0],[15.93019,68.00825,0.0],[15.91871,68.01423,2.8754]]],
[[[15.26824,67.96699,0.0],[15.28663,67.977,30.4267],[15.27508,67.99543,44.3427],[15.25807,68.00975,0.0],[15.24041,68.029,80.2182],[15.23032,68.03669,8.2977],[15.22202,68.03726,26.7987],[15.22096,68.03144,0.0],[15.21144,68.02554,0.0],[15.18946,68.01899,0.0],[15.17652,68.01154,8.8785],[15.17115,68.00528,12.8384],[15.16334,68.00056,0.0],[15.15968,67.99567,0.0],[15.16049,67.99262,0.0],[15.16619,67.98676,0.0],[15.17335,67.97468,0.0],[15.18483,67.96678,0.0],[15.26824,67.96699,0.0]]],
[[[16.31983,68.04393,0.0],[16.32407,68.04792,0.0],[16.32936,68.06965,0.0],[16.33123,68.07331,0.0],[16.33123,68.07673,0.0],[16.29477,68.08747,47.9812],[16.28785,68.09007,57.2659],[16.28541,68.09394,0.0],[16.2754,68.09772,0.0],[16.18035,68.06566,109.7996],[16.17905,68.05992,19.9077],[16.24285,68.05402,42.136],[16.25856,68.05345,0.0],[16.28533,68.04312,0.0],[16.3143,68.04141,0.0],[16.31983,68.04393,0.0]]],
[[[13.09555,68.0572,33.5647],[13.10906,68.05899,169.4185],[13.12159,68.06232,38.7313],[13.13331,68.06818,0.0],[13.1434,68.07762,109.1395],[13.15699,68.07762,15.3148],[13.15699,68.08511,11.5597],[13.0796,68.10419,314.0529],[13.0547,68.10497,0.0],[13.0547,68.09813,0.0],[13.05974,68.09528,0.0],[13.06853,68.08845,0.0],[13.07504,68.08511,0.0],[13.06227,68.07087,470.892],[13.04713,68.06468,242.7593],[13.01368,68.0572,0.0],[12.99008,68.04475,0.0],[12.97918,68.03653,0.0],[12.93116,67.98896,0.0],[12.92945,67.98359,0.0],[12.93035,67.97065,744.3149],[12.92774,67.96467,277.9734],[12.92123,67.96117,68.1605],[12.90691,67.96076,0.0],[12.90016,67.95783,0.0],[12.89308,67.94839,0.0],[12.88917,67.92866,0.0],[12.87965,67.9169,0.0],[12.85841,67.89907,199.2794],[12.84962,67.88984,34.419],[12.84164,67.8791,0.0],[12.84156,67.87434,0.0],[12.84702,67.86099,0.0],[12.84848,67.8548,236.2986],[12.84571,67.85277,62.0552],[12.83107,67.84553,1.6642],[12.79444,67.82062,0.0],[12.78712,67.81013,0.0],[12.84197,67.81562,0.0],[12.87086,67.82514,0.0],[12.88331,67.8415,13.7492],[12.89731,67.8559,3.7383],[12.99269,67.87222,0.0],[13.01368,67.8791,0.0],[13.01531,67.88203,0.0],[13.01596,67.88666,0.0],[13.01791,67.89086,4.6855],[13.03305,67.89647,9.7624],[13.04233,67.90526,69.865],[13.04664,67.91547,22.2637],[13.04127,67.92341,174.3522],[13.0241,67.92866,483.4285],[12.98927,67.93098,187.0],[12.97202,67.93427,300.3379],[12.96022,67.94099,312.951],[12.96111,67.94668,454.4184],[12.97088,67.94953,614.4313],[12.98569,67.94794,0.0],[12.97682,67.96947,104.0115],[12.99537,67.96479,0.0],[13.04038,67.9405,248.2159],[13.05641,67.93879,111.5435],[13.1058,67.9405,0.0],[13.12387,67.944,8.0153],[13.13087,67.95258,33.8082],[13.13087,67.96385,481.7348],[13.12599,67.98697,527.9799],[13.11736,68.00406,177.2096],[13.11085,68.02827,0.0],[13.09978,68.02538,0.0],[13.08627,68.01545,34.6036],[13.07504,68.00943,210.4282],[13.05934,68.01114,169.0648],[13.0503,68.01655,203.3266],[13.0503,68.02456,161.8129],[13.06137,68.03327,0.0],[13.08123,68.03742,28.2989],[13.10157,68.03653,0.0],[13.12062,68.03823,0.0],[13.13657,68.05036,0.0],[13.09555,68.05036,329.9194],[13.09555,68.0572,33.5647]]],
[[[13.39584,68.06025,0.0],[13.41375,68.08299,42.8275],[13.43767,68.12604,76.129],[13.42807,68.13028,46.9039],[13.40903,68.14322,616.6],[13.4004,68.14594,499.6841],[13.33058,68.15575,291.9231],[13.29566,68.15229,0.0],[13.28053,68.12914,0.0],[13.29396,68.11835,0.0],[13.32016,68.10415,4.5782],[13.33863,68.086,0.0],[13.32838,68.06342,26.9319],[13.31219,68.05829,61.5208],[13.29811,68.0655,201.0015],[13.27687,68.0882,176.8634],[13.25831,68.09561,169.7901],[13.23927,68.09211,23.2219],[13.17799,68.05948,0.0],[13.16847,68.04975,0.0],[13.16383,68.03669,27.3334],[13.16375,68.02558,67.0851],[13.16627,68.01537,73.1091],[13.1727,68.00902,0.0],[13.18434,68.00943,0.0],[13.19337,68.01679,0.0],[13.19361,68.02582,118.6416],[13.19703,68.03343,115.7367],[13.21551,68.03669,284.3128],[13.22136,68.03213,122.9724],[13.22438,68.02143,53.9329],[13.22535,67.99885,6.0487],[13.23862,67.98554,0.0],[13.26905,67.99779,0.0],[13.32154,68.02985,230.0704],[13.33326,68.02643,0.0],[13.3567,68.01065,0.0],[13.36622,68.01276,0.0],[13.37159,68.02171,0.0],[13.38014,68.04548,112.1562],[13.37989,68.05036,164.2749],[13.39584,68.06025,0.0]]],
[[[15.82594,68.12592,11.931],[15.82455,68.12995,0.0],[15.82545,68.13268,0.0],[15.83473,68.13609,8.0275],[15.83058,68.13772,12.7673],[15.82252,68.13878,0.0],[15.8283,68.14501,61.5177],[15.82431,68.1505,0.0],[15.83399,68.15672,8.6911],[15.82927,68.16128,0.0],[15.80104,68.16096,0.0],[15.75929,68.14875,0.0],[15.75261,68.14256,54.0688],[15.75465,68.13719,0.0],[15.78028,68.13349,11.6349],[15.80755,68.12385,0.0],[15.81894,68.12307,0.0],[15.82594,68.12592,11.931]]],
[[[14.68914,68.15542,0.0],[14.69394,68.15811,29.754],[14.6989,68.16283,36.0036],[14.702,68.17093,0.0],[14.69125,68.17125,0.0],[14.6797,68.17125,7.9522],[14.67482,68.16747,28.2623],[14.66293,68.15835,3.242],[14.67758,68.15371,0.0],[14.68206,68.15497,0.0],[14.68442,68.15441,0.0],[14.68377,68.15249,5.2025],[14.68531,68.15192,0.0],[14.68824,68.15347,0.0],[14.68914,68.15542,0.0]]],
[[[14.8239,68.21499,26.1648],[14.81113,68.22004,0.0],[14.7496,68.22305,0.0],[14.73813,68.21821,22.0765],[14.7326,68.21092,0.0],[14.72576,68.20567,0.0],[14.72153,68.20034,6.8965],[14.72649,68.19652,-0.0172],[14.74138,68.19371,56.6917],[14.76865,68.1942,246.178],[14.7881,68.20132,0.0],[14.79501,68.20921,0.0],[14.80291,68.21389,13.5808],[14.81357,68.2062,8.9343],[14.82675,68.20946,0.0],[14.8239,68.21499,26.1648]]],
[[[14.89715,68.24356,11.7154],[14.95314,68.27741,0.0],[14.94011,68.30215,1.4426],[14.88673,68.30085,14.8426],[14.81772,68.2683,44.3438],[14.79558,68.24616,0.0],[14.81381,68.23184,0.0],[14.84376,68.22663,0.0],[14.87241,68.22272,0.0],[14.89715,68.24356,11.7154]]],
[[[14.2409,68.31387,81.482],[14.19923,68.31517,7.2913],[14.16928,68.32168,1.9888],[14.14715,68.3347,9.1465],[14.1172,68.33731,16.0576],[14.06642,68.3321,0.0],[14.07944,68.31517,15.7663],[14.04038,68.31257,0.0],[14.0586,68.29694,0.0],[14.10678,68.29564,0.0],[14.14584,68.29564,0.0],[14.13803,68.28522,0.0],[14.14324,68.2735,9.8098],[14.16277,68.26309,4.1397],[14.20053,68.24877,0.0],[14.2422,68.25658,0.0],[14.26824,68.28262,0.0],[14.2409,68.31387,81.482]]],
[[[13.96746,68.2696,0.1401],[14.00782,68.29434,6.4937],[13.98308,68.33731,44.8402],[13.91928,68.34121,2.0158],[13.87371,68.32559,1.2741],[13.84636,68.30215,43.9619],[13.82838,68.29059,0.0],[13.81967,68.28775,0.0],[13.80812,68.27416,219.1216],[13.80079,68.26948,9.1835],[13.79119,68.26805,-1.0],[13.77084,68.28002,0.059],[13.75001,68.28262,1.2685],[13.73439,68.27871,-1.0],[13.71502,68.27464,5.8585],[13.70135,68.27879,109.3279],[13.68637,68.28783,424.9009],[13.67791,68.29059,242.3872],[13.6657,68.29084,115.134],[13.63673,68.29434,372.486],[13.50001,68.24225,0.0],[13.56544,68.23774,0.0],[13.58229,68.23591,0.0],[13.59685,68.23139,30.3829],[13.6159,68.22663,144.2559],[13.57163,68.21752,879.603],[13.51564,68.2097,4.899],[13.47926,68.18692,0.0],[13.51661,68.1791,23.6112],[13.5276,68.17329,7.279],[13.47926,68.16706,0.0],[13.49488,68.16071,96.5514],[13.50327,68.15933,339.3106],[13.51336,68.15961,305.9474],[13.50856,68.15009,11.8056],[13.50074,68.14399,0.0],[13.49073,68.14061,0.0],[13.47926,68.13972,0.0],[13.47926,68.13227,0.0],[13.50994,68.1367,0.0],[13.563,68.16421,0.0],[13.58912,68.15961,17.2896],[13.48569,68.10684,26.7023],[13.45672,68.07099,0.0],[13.51287,68.04051,0.0],[13.52719,68.0434,0.0],[13.53826,68.05488,0.0],[13.54737,68.07087,0.0],[13.5503,68.06973,0.0],[13.55909,68.07502,3.8064],[13.56479,68.08177,0.0],[13.55836,68.08511,6.7903],[13.55274,68.08674,4.3798],[13.54737,68.09081,8.7315],[13.54298,68.09614,5.4315],[13.54127,68.10155,18.5767],[13.55885,68.11961,0.7948],[13.5949,68.12055,0.0],[13.62469,68.10786,5.1929],[13.62322,68.08511,0.0],[13.63054,68.08369,0.0],[13.64381,68.07909,0.0],[13.65113,68.07762,19.6673],[13.64373,68.07087,0.0],[13.66481,68.07136,0.0],[13.68214,68.06973,0.0],[13.69899,68.07026,0.0],[13.71876,68.07762,0.0],[13.71079,68.08145,76.2763],[13.70607,68.08592,232.2579],[13.69825,68.09813,252.677],[13.70826,68.10651,46.175],[13.71372,68.11567,1.7105],[13.72267,68.12303,156.5952],[13.74269,68.12604,7.5595],[13.74952,68.12328,3.36],[13.75473,68.10981,0.0],[13.76026,68.10497,0.0],[13.7741,68.10196,0.0],[13.82569,68.10676,0.0],[13.83937,68.11201,0.0],[13.84596,68.12055,0.0],[13.8423,68.13227,18.0676],[13.82472,68.14313,21.0317],[13.78468,68.14692,181.9098],[13.7741,68.15961,42.2516],[13.84197,68.15961,0.0],[13.8558,68.16275,0.0],[13.86394,68.16962,0.8755],[13.86964,68.17683,4.4418],[13.87631,68.18073,0.0],[13.88966,68.17866,0.8012],[13.89991,68.17243,0.0],[13.91041,68.16767,0.0],[13.92482,68.17015,0.0],[13.93678,68.17487,0.0],[13.94776,68.17768,0.0],[14.03403,68.18073,0.0],[14.04347,68.1835,0.0],[14.05112,68.18985,0.0],[14.06202,68.20116,0.0],[14.11069,68.2071,0.0],[14.15886,68.25528,16.6163],[14.12501,68.27481,175.8001],[14.08725,68.28262,13.0331],[14.02784,68.26264,4.7595],[13.9935,68.25788,12.0839],[13.96746,68.2696,0.1401]]],
[[[16.17384,68.33832,0.0],[16.1797,68.33987,0.0],[16.18116,68.34174,0.0],[16.18312,68.34597,0.0],[16.18019,68.35029,0.0],[16.16171,68.35708,0.0],[16.0927,68.35651,2.9954],[16.04599,68.33767,26.1928],[16.04298,68.33377,4.4515],[16.04648,68.33316,7.6168],[16.05055,68.33124,8.2172],[16.06056,68.33035,0.0],[16.08172,68.33316,21.6085],[16.09018,68.33137,0.0],[16.17384,68.33832,0.0]]],
[[[15.15463,68.43867,0.0],[15.17237,68.45441,63.8283],[15.10141,68.45368,152.9685],[15.06332,68.44872,210.3834],[15.00978,68.42805,440.6743],[14.92986,68.43732,161.4915],[14.89747,68.43391,79.5378],[14.88445,68.41983,154.2839],[14.88038,68.38597,365.5788],[14.87013,68.3793,587.1176],[14.8401,68.37446,774.5732],[14.78354,68.35415,818.7664],[14.75408,68.35139,69.7777],[14.75408,68.35883,19.0335],[14.82195,68.38984,82.1089],[14.82553,68.39509,111.9912],[14.82244,68.40974,485.9417],[14.81446,68.41918,40.0723],[14.7964,68.4267,210.5512],[14.76092,68.43391,0.0],[14.74236,68.43354,13.9224],[14.72641,68.43,44.3957],[14.71412,68.42329,210.0264],[14.70574,68.41348,7.9382],[14.70932,68.38882,0.0],[14.70753,68.37792,363.9883],[14.69581,68.38247,166.1305],[14.67823,68.39566,29.0128],[14.67319,68.40355,16.9479],[14.67164,68.4169,10.5796],[14.65349,68.42853,14.9327],[14.54176,68.40599,0.0],[14.55299,68.39403,0.0],[14.5818,68.38109,6.9259],[14.58961,68.36506,517.1376],[14.563,68.36823,3.3956],[14.5193,68.38231,346.7983],[14.49342,68.38557,41.8926],[14.38356,68.3725,0.0],[14.39617,68.36717,1.1848],[14.43816,68.35883,4.7269],[14.4358,68.34431,5.0857],[14.44402,68.33731,6.0385],[14.45623,68.33739,25.1981],[14.46608,68.34455,0.0],[14.4839,68.33063,0.0],[14.49643,68.31631,21.9628],[14.49562,68.30606,118.5378],[14.47291,68.30419,209.8741],[14.45346,68.31452,168.182],[14.44272,68.31843,268.4537],[14.43816,68.31415,303.5794],[14.43165,68.30541,13.3992],[14.41944,68.30109,17.0273],[14.41342,68.29731,179.742],[14.42506,68.29059,366.6421],[14.42506,68.28315,545.4279],[14.39527,68.28734,153.1631],[14.35792,68.3205,89.4246],[14.3283,68.32404,42.5751],[14.3034,68.312,0.0],[14.29672,68.29316,0.0],[14.30592,68.27448,54.2993],[14.3283,68.26264,472.9206],[14.28883,68.26191,58.0686],[14.27027,68.25812,6.0338],[14.25318,68.24958,0.7355],[14.27418,68.23701,16.5568],[14.30152,68.23579,24.6607],[14.35621,68.24213,275.3535],[14.31804,68.23233,215.0207],[14.23487,68.22004,343.188],[14.1985,68.20116,0.0],[14.20183,68.19489,0.0],[14.20607,68.18936,0.0],[14.21176,68.18452,0.0],[14.219,68.18073,111.3226],[14.21974,68.17597,299.233],[14.21844,68.17451,162.3595],[14.21599,68.17426,119.2267],[14.21274,68.17329,18.7488],[14.20875,68.16865,0.0],[14.1985,68.15278,7.7929],[14.2129,68.15282,0.0],[14.24708,68.15839,0.0],[14.27703,68.16779,2.5675],[14.31219,68.16804,0.0],[14.3283,68.17329,0.0],[14.32602,68.17695,0.0],[14.32203,68.18692,8.3936],[14.33815,68.18671,5.9831],[14.36842,68.18106,0.0],[14.38356,68.18073,0.0],[14.39145,68.18329,0.0],[14.40707,68.19245,0.0],[14.41822,68.19432,0.0],[14.49822,68.19672,0.0],[14.52125,68.20116,0.0],[14.55551,68.21524,0.0],[14.57203,68.21988,0.0],[14.61492,68.22455,0.0],[14.6565,68.24079,41.4805],[14.67164,68.24958,0.0],[14.63006,68.2578,2.9901],[14.62379,68.26264,161.8807],[14.62859,68.26789,23.8047],[14.63941,68.27245,93.4888],[14.65105,68.2757,0.0],[14.6753,68.27936,0.0],[14.69386,68.2862,0.0],[14.70314,68.29682,11.3585],[14.69207,68.31037,118.9502],[14.70973,68.33291,24.5339],[14.71876,68.33763,0.0],[14.73365,68.33771,0.0],[14.74122,68.33275,0.0],[14.74724,68.32416,0.0],[14.7566,68.31737,80.769],[14.77459,68.31786,426.7535],[14.73862,68.2958,130.0957],[14.72291,68.27961,0.0],[14.71998,68.26264,3.0628],[14.73552,68.25495,0.0],[14.76319,68.25902,0.0],[14.93629,68.32787,0.0],[14.97934,68.33771,0.0],[14.96323,68.3454,72.0245],[14.94532,68.35139,474.9675],[15.0005,68.36506,0.0],[15.00229,68.36811,0.0],[15.00172,68.37311,10.4824],[15.00392,68.37763,0.0],[15.01417,68.3793,25.6017],[15.01881,68.37653,224.5909],[15.01881,68.37043,8.8748],[15.01645,68.36359,0.0],[15.01417,68.35883,53.1246],[15.03419,68.36347,34.7777],[15.15463,68.43867,0.0]]],
[[[16.40528,68.42943,17.4278],[16.3864,68.44107,191.4837],[16.37159,68.44758,178.9213],[16.3921,68.45596,155.1666],[16.44313,68.46263,0.0],[16.46656,68.4687,38.5438],[16.45558,68.47651,364.034],[16.43279,68.48526,534.6769],[16.42286,68.49193,304.0279],[16.41896,68.50007,297.0021],[16.41668,68.51048,228.6787],[16.41212,68.51948,288.7105],[16.40235,68.52334,309.2008],[16.38885,68.52546,291.6881],[16.35873,68.53486,199.3735],[16.3436,68.53701,145.1432],[16.22169,68.52375,2.3984],[16.19215,68.51496,5.0463],[16.16896,68.49909,0.8529],[16.13771,68.4687,50.3761],[16.11769,68.43391,0.0],[16.1447,68.42853,98.638],[16.15854,68.42731,214.4029],[16.17237,68.42772,258.4024],[16.11541,68.41035,2.3846],[16.0949,68.39753,2.3426],[16.11769,68.38557,0.0],[16.12355,68.37922,0.0],[16.14129,68.38398,0.0],[16.17921,68.39981,195.8705],[16.23072,68.40957,0.0],[16.39861,68.41348,0.0],[16.41407,68.4184,0.0],[16.40528,68.42943,17.4278]]],
[[[14.76303,68.49486,0.0],[14.89194,68.49486,0.0],[14.931,68.50658,0.0],[14.93106,68.5066,0.0],[14.93123,68.50668,0.0],[14.9315,68.50679,0.0],[14.93188,68.50696,0.0],[14.93235,68.50716,0.0],[14.93292,68.50741,0.0],[14.93358,68.50769,0.0],[14.93432,68.50801,0.0],[14.93514,68.50836,0.0],[14.93604,68.50874,0.0],[14.93701,68.50916,0.0],[14.93805,68.5096,0.0],[14.93915,68.51007,0.0],[14.9403,68.51056,0.0],[14.94151,68.51108,0.0],[14.94277,68.51161,0.0],[14.94407,68.51217,0.0],[14.94542,68.51273,0.0],[14.9468,68.51332,0.0],[14.94821,68.51391,0.0],[14.94965,68.51452,0.0],[14.95111,68.51513,0.0],[14.95258,68.51575,0.0],[14.95408,68.51637,0.0],[14.95558,68.51699,0.0],[14.95708,68.51762,0.0],[14.95859,68.51824,0.0],[14.96009,68.51886,0.0],[14.96158,68.51947,0.0],[14.96306,68.52008,0.0],[14.96453,68.52067,0.0],[14.96597,68.52126,0.0],[14.96738,68.52182,0.0],[14.96876,68.52238,0.0],[14.97011,68.52291,0.0],[14.97142,68.52343,0.0],[14.97268,68.52392,0.0],[14.9739,68.52439,0.0],[14.97506,68.52483,0.0],[14.97617,68.52524,0.0],[14.97721,68.52563,0.0],[14.97819,68.52598,0.0],[14.97909,68.5263,0.0],[14.97992,68.52658,0.0],[14.98068,68.52683,0.0],[14.98134,68.52703,0.0],[14.98192,68.5272,0.0],[14.98241,68.52731,0.0],[14.98308,68.52741,0.0],[14.98333,68.52742,0.0],[14.98359,68.52745,0.0],[14.98387,68.52749,0.0],[14.98416,68.52755,0.0],[14.98447,68.52763,0.0],[14.98479,68.52772,0.0],[14.98513,68.52783,0.0],[14.98548,68.52795,0.0],[14.98584,68.52808,0.0],[14.98621,68.52822,0.0],[14.98659,68.52838,0.0],[14.98698,68.52855,0.0],[14.98737,68.52872,0.0],[14.98777,68.52891,0.0],[14.98818,68.5291,0.0],[14.98859,68.5293,0.0],[14.98901,68.52951,0.0],[14.98943,68.52972,0.5444],[14.98985,68.52994,0.0],[14.99027,68.53016,0.0],[14.99069,68.53039,0.0],[14.99111,68.53062,1.5948],[14.99153,68.53085,1.5948],[14.99195,68.53108,0.0],[14.99236,68.53132,0.0],[14.99277,68.53155,0.0],[14.99317,68.53179,0.0],[14.99357,68.53202,0.0],[14.99395,68.53225,0.0],[14.99433,68.53247,0.0],[14.9947,68.5327,0.0],[14.99506,68.53292,0.0],[14.99541,68.53313,0.0],[14.99575,68.53334,0.0],[14.99607,68.53354,0.0],[14.99638,68.53373,0.0],[14.99668,68.53391,0.0],[14.99695,68.53409,0.0],[14.99721,68.53426,0.0],[14.99746,68.53441,0.0],[14.99768,68.53456,0.0],[14.99789,68.53469,0.0],[14.99807,68.53481,0.0],[14.99824,68.53491,0.0],[14.99838,68.535,0.0],[14.99849,68.53508,0.0],[14.99859,68.53514,0.0],[14.99865,68.53519,0.0],[14.99871,68.53522,0.0],[15.00001,68.55475,0.0],[14.9323,68.56127,0.0],[14.8672,68.56908,18.1813],[14.78777,68.57429,5.6586],[14.71355,68.57689,15.8546],[14.66928,68.58731,0.0],[14.6198,68.57038,0.0],[14.60418,68.55866,0.0],[14.62631,68.54304,0.0],[14.65886,68.53002,0.0],[14.70444,68.51309,0.0],[14.71746,68.49095,0.0],[14.76303,68.49486,0.0]]],
[[[18.16151,68.53019,766.8133],[18.17184,68.53592,613.4673],[18.18929,68.53842,534.3329],[18.18864,68.53884,547.2344],[18.18078,68.54383,609.9346],[18.03666,68.61961,775.8355],[17.82313,68.61256,559.4179],[17.568,68.60793,949.9521],[17.37003,68.57612,279.9713],[16.88463,68.56654,799.6],[16.74175,68.52171,26.3738],[16.66925,68.50734,20.2171],[16.60439,68.51055,184.4257],[16.58796,68.51685,141.271],[16.58238,68.5244,177.8578],[16.57943,68.53323,162.0096],[16.58083,68.53449,117.4261],[16.58082,68.53449,117.4261],[16.542,68.54377,261.7897],[16.48487,68.52896,170.0273],[16.4734,68.52334,18.2442],[16.46461,68.51,63.3324],[16.46754,68.50336,17.4299],[16.47682,68.49795,0.0],[16.48707,68.48859,85.1262],[16.49806,68.47321,75.4442],[16.50025,68.46532,0.0],[16.50074,68.451,0.0],[16.511,68.44131,0.0],[16.53484,68.4383,0.0],[16.66879,68.43838,0.0],[16.73911,68.45238,0.0],[16.84864,68.44872,0.0],[16.88852,68.46499,0.0],[16.90065,68.47407,0.0],[16.97739,68.50821,0.0],[16.98797,68.50967,0.0],[16.99903,68.50739,0.0],[17.01905,68.49763,0.0],[17.02898,68.49543,0.0],[17.04689,68.49384,0.0],[17.07154,68.48908,0.0],[17.09197,68.48078,0.0],[17.09718,68.4687,198.8709],[17.08131,68.45824,143.0331],[17.0232,68.45238,5.9848],[17.00164,68.44758,0.0],[17.04664,68.43415,0.0],[17.2601,68.45523,0.0],[17.32765,68.49116,161.7215],[17.36459,68.50288,28.6346],[17.43849,68.5065,0.0],[17.48097,68.52033,0.0],[17.52475,68.52904,0.0],[17.54656,68.5301,0.0],[17.54412,68.51854,0.0],[17.46762,68.44758,123.4223],[17.61215,68.45087,0.0],[17.81568,68.39728,297.765],[17.87184,68.39301,769.9456],[17.81666,68.38475,790.5961],[17.70948,68.41181,566.3206],[17.53989,68.42837,644.9014],[17.39527,68.42304,0.0],[17.36459,68.41348,234.9823],[17.54558,68.37678,224.5687],[17.57691,68.35883,411.4687],[17.49578,68.36506,542.6523],[17.32797,68.40839,115.1403],[17.24789,68.40599,0.0],[17.25278,68.39663,0.0],[17.25554,68.39301,116.0227],[17.23618,68.37987,0.0],[17.21656,68.37788,0.0],[17.20607,68.37299,200.1075],[17.21388,68.35139,447.6172],[17.22299,68.33959,178.1772],[17.23601,68.32856,0.0],[17.25148,68.31859,0.0],[17.26857,68.31037,0.0],[17.35222,68.28474,0.0],[17.38998,68.26683,0.0],[17.41993,68.23591,17.5885],[17.37403,68.2329,563.1886],[17.35206,68.22553,347.7409],[17.35434,68.21113,0.0],[17.36305,68.19807,537.9539],[17.36402,68.18354,770.9833],[17.35499,68.17186,772.8764],[17.33399,68.16706,253.5207],[17.31861,68.17007,212.9327],[17.31983,68.17853,74.1776],[17.32716,68.19147,10.3025],[17.33058,68.20799,164.252],[17.32691,68.21332,86.6438],[17.32,68.2176,54.1721],[17.31316,68.22309,0.0],[17.31007,68.23225,8.0944],[17.31235,68.23664,0.0],[17.33058,68.2558,99.8197],[17.22381,68.28425,360.5744],[17.19679,68.30048,603.3477],[17.19313,68.30785,481.8181],[17.18312,68.33771,710.8461],[17.17547,68.3417,554.6441],[17.14503,68.36872,391.526],[17.12729,68.37287,232.5748],[17.04689,68.36262,78.0262],[17.02955,68.35822,0.0],[16.9948,68.34455,315.9608],[16.8475,68.32343,304.3758],[16.82407,68.32404,140.6789],[16.83595,68.33242,64.5497],[16.87127,68.35029,0.0],[16.87867,68.35513,0.0],[16.86988,68.37254,148.4717],[16.84897,68.37849,148.0827],[16.80299,68.3793,320.6085],[16.72202,68.40143,245.24],[16.69459,68.40546,64.6398],[16.42286,68.38935,63.4458],[16.35613,68.37092,338.475],[16.26393,68.36221,0.0],[16.22006,68.35139,0.0],[16.2352,68.34512,0.0],[16.26588,68.34699,0.0],[16.28159,68.34455,0.0],[16.24122,68.33153,14.4877],[16.26433,68.32429,0.0],[16.31772,68.32941,0.0],[16.34018,68.32099,0.0],[16.35776,68.31184,0.0],[16.41188,68.29877,45.2431],[16.5228,68.28889,0.0],[16.56739,68.27631,0.0],[16.60377,68.2558,0.0],[16.59262,68.23949,24.5325],[16.61215,68.21906,42.7142],[16.64373,68.20173,0.0],[16.73129,68.1767,0.0],[16.74155,68.17015,0.0],[16.74928,68.15803,0.0],[16.80299,68.13227,1077.7773],[16.77174,68.13264,1022.2925],[16.73951,68.1389,360.833],[16.56275,68.19432,472.2771],[16.55983,68.23281,516.3878],[16.50831,68.25544,313.6041],[16.39894,68.27692,68.3103],[16.38844,68.28413,28.1332],[16.3392,68.27985,274.4069],[16.31691,68.28315,404.6184],[16.31088,68.28734,551.0515],[16.30291,68.29963,163.4109],[16.29591,68.30419,143.7295],[16.28175,68.30744,37.6409],[16.27101,68.30683,68.3584],[16.26051,68.30492,154.7316],[16.24757,68.30419,282.7745],[16.22731,68.30695,490.5719],[16.19239,68.31586,8.4592],[16.17237,68.31786,2.15],[16.14967,68.31306,0.0],[16.12135,68.28998,0.0],[16.10336,68.28315,0.0],[16.1198,68.27383,0.0],[16.19093,68.25845,0.0],[16.34018,68.24958,0.0],[16.34913,68.24628,0.0],[16.35564,68.239,47.3695],[16.35613,68.23184,222.4106],[16.34734,68.22846,85.9975],[16.21372,68.22626,24.0571],[16.18336,68.22114,0.0],[16.16212,68.21113,0.0],[16.17205,68.20368,0.0],[16.40577,68.20799,0.0],[16.41782,68.21117,0.0],[16.44125,68.22529,27.629],[16.45314,68.22846,0.0],[16.46046,68.22419,0.0],[16.45997,68.20547,0.0],[16.46681,68.20116,0.0],[16.47633,68.19912,0.0],[16.53297,68.17817,196.5226],[16.5726,68.17365,291.3418],[16.5901,68.16706,1008.4127],[16.54518,68.16503,230.9378],[16.41261,68.18692,0.0],[16.41261,68.18073,0.0],[16.44801,68.17349,403.4874],[16.46437,68.16572,124.7662],[16.4734,68.15278,488.6964],[16.45411,68.15363,325.5687],[16.43483,68.15742,426.2135],[16.41627,68.15876,7.5312],[16.39894,68.15278,0.0],[16.40553,68.14875,0.0],[16.41261,68.14594,0.0],[16.40211,68.13703,118.5103],[16.36012,68.14411,177.771],[16.32,68.1258,203.277],[16.29347,68.12564,0.0],[16.24122,68.13227,0.0],[16.25367,68.12165,0.0],[16.26954,68.11669,0.0],[16.30274,68.1118,83.1066],[16.29379,68.09638,0.0],[16.28907,68.09129,0.0],[16.34645,68.08218,0.0],[16.44508,68.11555,0.0],[16.50074,68.1186,0.0],[16.52125,68.11197,0.0],[16.55494,68.09272,0.0],[16.577,68.08511,0.0],[16.68898,68.07103,85.167],[16.67693,68.06843,18.734],[16.66521,68.06342,84.107],[16.68067,68.05809,469.1255],[16.68629,68.0572,554.564],[16.66277,68.05069,308.5482],[16.55014,68.06623,560.0865],[16.48707,68.09129,633.2823],[16.46363,68.09431,421.5052],[16.45191,68.08662,445.9403],[16.44264,68.07612,550.6584],[16.42628,68.07087,184.7816],[16.40773,68.06782,223.8527],[16.38917,68.05927,285.4239],[16.37371,68.04633,214.5966],[16.36476,68.02985,0.0],[16.50074,68.01618,14.0251],[16.47462,67.99803,243.3108],[16.46339,67.9877,0.0],[16.46339,67.97834,0.0],[16.48113,67.96955,0.0],[16.52394,67.96743,0.0],[16.54225,67.961,525.1432],[16.51336,67.95698,556.2325],[16.48178,67.95718,109.8881],[16.45151,67.9628,353.365],[16.42628,67.97529,491.1358],[16.39723,68.00088,513.395],[16.38038,68.00894,319.3694],[16.35743,68.00943,243.0584],[16.33351,68.00243,38.4312],[16.33481,67.99445,0.0],[16.37159,67.97529,62.6274],[16.39617,67.95893,378.5025],[16.40577,67.95478,77.4792],[16.452,67.94648,16.8756],[16.46656,67.9405,478.3107],[16.46119,67.93773,497.2945],[16.45118,67.92984,229.4368],[16.44606,67.92683,10.0855],[16.45818,67.91429,47.6412],[16.46258,67.90754,528.6516],[16.46656,67.89956,578.3762],[16.45265,67.89899,515.4726],[16.41261,67.90632,542.4288],[16.40594,67.9195,391.4955],[16.30112,67.9936,234.4308],[16.27426,68.00568,307.373],[16.2448,68.00943,204.4288],[16.20704,68.00259,0.0],[16.24334,67.99433,0.0],[16.26051,67.98688,0.0],[16.2754,67.97529,31.1737],[16.27125,67.96491,0.0],[16.27573,67.94082,207.3506],[16.2754,67.92683,694.6192],[16.26791,67.91718,661.6866],[16.25766,67.90892,318.4323],[16.25457,67.90034,0.0],[16.26857,67.88931,221.3477],[16.31105,67.87397,0.0],[16.45346,67.85114,53.3129],[16.44353,67.83153,0.0],[16.4603,67.81769,254.9498],[16.48927,67.80878,306.4307],[16.51498,67.8039,67.0308],[16.48471,67.7978,396.2385],[16.43735,67.80756,511.6534],[16.31023,67.86127,348.9788],[16.29933,67.8688,259.4147],[16.28199,67.87718,166.4637],[16.23683,67.88361,628.3935],[16.22006,67.89273,0.0],[16.21323,67.91161,0.0],[16.21388,67.93464,39.2702],[16.21062,67.95881,222.0787],[16.19288,67.98151,269.9923],[16.15797,67.9997,205.3521],[16.042,68.02985,5.3656],[16.0534,68.04108,49.1079],[16.06935,68.04829,0.0],[16.08367,68.05736,0.0],[16.08985,68.0742,126.5108],[16.07455,68.09858,166.1722],[16.06967,68.11249,364.4387],[16.09034,68.12568,61.2686],[16.09995,68.14191,73.9139],[16.10401,68.16022,167.8815],[16.09718,68.17329,78.9618],[16.0818,68.17206,33.4502],[16.06202,68.16397,77.6383],[16.04249,68.1623,60.7143],[16.02784,68.18073,65.4849],[16.03826,68.18171,0.0],[16.0477,68.18578,10.0951],[16.05616,68.19253,0.0],[16.06316,68.20116,6.188],[16.04982,68.21174,71.1934],[16.04542,68.22801,44.6187],[16.03785,68.24299,99.7105],[16.01466,68.24958,176.5678],[15.97967,68.25007,81.7773],[15.96404,68.24722,86.1869],[15.94955,68.239,0.0],[15.94508,68.23115,0.0],[15.94703,68.22236,0.0],[15.95094,68.21332,0.0],[15.9533,68.20458,2.0103],[15.94207,68.18594,320.689],[15.91651,68.187,383.5426],[15.88868,68.19245,101.4682],[15.87078,68.18692,357.6528],[15.87233,68.16966,0.0],[15.88941,68.1542,0.0],[15.9253,68.13227,202.4663],[15.90675,68.13247,162.644],[15.89177,68.12543,194.3617],[15.86451,68.10497,285.3109],[15.84449,68.09626,299.6744],[15.82423,68.09227,412.904],[15.77849,68.09129,186.1106],[15.76645,68.08954,230.7422],[15.76385,68.08539,221.6207],[15.76417,68.08088,330.6754],[15.76149,68.07762,362.1971],[15.73463,68.07233,286.6103],[15.66944,68.07233,91.7806],[15.6574,68.06672,0.0],[15.66578,68.05036,96.9797],[15.65284,68.04971,76.109],[15.64031,68.0506,61.2423],[15.62843,68.05305,81.1123],[15.61744,68.0572,62.0428],[15.62469,68.06712,0.4102],[15.62859,68.0764,0.0],[15.62696,68.08462,93.5578],[15.61744,68.09129,85.0952],[15.6443,68.09663,0.0],[15.71013,68.08462,84.8903],[15.73414,68.09129,0.0],[15.73748,68.10277,0.0],[15.72836,68.1131,0.0],[15.71355,68.12128,53.1966],[15.70004,68.12604,133.2611],[15.71811,68.13154,0.0],[15.73414,68.13972,0.0],[15.71648,68.14558,0.0],[15.67742,68.14891,10.3602],[15.65846,68.15278,22.6173],[15.66017,68.15632,21.1329],[15.66114,68.15965,20.1232],[15.66277,68.16307,10.598],[15.66578,68.16706,3.378],[15.64373,68.16893,16.4734],[15.63624,68.16551,14.6389],[15.63795,68.14281,138.6977],[15.62989,68.13459,17.3241],[15.59311,68.11555,15.2492],[15.58302,68.1118,48.1415],[15.53834,68.1118,22.068],[15.53492,68.10855,20.7528],[15.53354,68.09431,10.9848],[15.52866,68.09129,0.0],[15.51295,68.09565,6.6358],[15.50408,68.10517,53.3414],[15.50196,68.11799,0.0],[15.50758,68.13227,15.8421],[15.46339,68.12421,20.3694],[15.40358,68.10456,469.4059],[15.3545,68.07998,513.3109],[15.34246,68.0572,424.1755],[15.32618,68.05337,666.0848],[15.30958,68.05134,762.4198],[15.29428,68.04719,135.8569],[15.28175,68.03669,0.0],[15.31707,68.01048,0.0],[15.35678,67.99592,0.0],[15.3982,67.99494,0.0],[15.43873,68.00943,0.0],[15.42351,68.01118,10.2772],[15.40707,68.00959,9.9897],[15.39283,68.0113,14.5663],[15.38404,68.02302,4.1641],[15.52068,68.06342,0.0],[15.53354,68.07022,0.0],[15.54542,68.07469,0.0],[15.55877,68.07355,0.0],[15.57594,68.06342,0.0],[15.58741,68.05146,9.7129],[15.59303,68.04312,0.0],[15.60239,68.03828,0.0],[15.78924,68.03433,20.7484],[15.81617,68.04662,0.0],[15.82472,68.05268,0.0],[15.865,68.06782,38.0932],[15.87745,68.07087,43.7059],[15.89829,68.06684,32.7818],[15.88803,68.05793,55.2104],[15.85027,68.04291,0.0],[15.85027,68.03669,0.0],[15.90089,68.02359,0.0],[16.06316,68.01618,34.3474],[16.06316,68.00943,140.3356],[16.00066,68.01227,117.2741],[15.96876,68.00861,33.7617],[15.9533,67.9951,0.0],[15.96632,67.9951,0.0],[15.95281,67.97394,49.5584],[15.945,67.96556,78.1315],[15.93214,67.95783,97.2043],[15.88551,67.93887,160.2943],[15.87078,67.92683,0.0],[15.86451,67.9029,49.5869],[15.86012,67.89964,54.1981],[15.8506,67.89834,44.5],[15.84099,67.90107,112.9994],[15.8366,67.9101,245.7853],[15.8322,67.92739,257.7401],[15.82081,67.93765,279.3256],[15.78875,67.95136,575.213],[15.75229,67.95209,928.7851],[15.60377,67.93057,466.5535],[15.59799,67.91669,651.2595],[15.58399,67.91014,516.8411],[15.56593,67.90615,201.7433],[15.54859,67.89956,476.6392],[15.53492,67.8898,208.5209],[15.52442,67.878,235.5234],[15.52426,67.86677,0.0],[15.54176,67.85855,416.4299],[15.53256,67.85236,270.3226],[15.52345,67.85179,212.7283],[15.5149,67.85635,93.9999],[15.50758,67.86542,0.0],[15.50318,67.87543,0.0],[15.50465,67.88011,0.0],[15.51002,67.88337,0.0],[15.51759,67.88931,0.0],[15.54347,67.91698,0.0],[15.53549,67.91987,9.0094],[15.48316,67.91767,284.7176],[15.35987,67.89167,134.9357],[15.33806,67.89183,343.4614],[15.33692,67.89956,114.4028],[15.30209,67.89037,600.0773],[15.19907,67.83124,374.3025],[15.19337,67.84736,63.3113],[15.20118,67.85981,0.0],[15.21632,67.86823,0.0],[15.23325,67.87222,0.0],[15.19207,67.88605,114.9468],[15.08497,67.88727,78.5129],[15.03631,67.89448,42.7246],[14.99871,67.89545,110.8429],[14.94532,67.88679,39.3508],[14.89942,67.87299,4.8364],[14.8838,67.85855,0.0],[14.86744,67.85187,0.0],[14.85922,67.85057,0.0],[14.84962,67.85114,0.0],[14.84962,67.84492,0.0],[15.07586,67.86152,0.0],[15.10288,67.85114,36.9045],[15.06324,67.83877,289.6214],[14.95932,67.83723,193.675],[14.87322,67.82294,45.0343],[14.80698,67.82534,111.1263],[14.7894,67.82282,117.7209],[14.77296,67.81599,0.0],[14.75408,67.8039,0.0],[14.76124,67.79645,2.1977],[14.76954,67.78974,0.0],[14.77858,67.7849,0.0],[14.78834,67.78286,0.0],[14.80226,67.79401,0.0],[14.81935,67.79743,0.0],[14.83123,67.79182,0.0],[14.82927,67.77603,23.5028],[14.83961,67.77261,12.1635],[14.84303,67.76923,0.0],[14.83961,67.76581,0.0],[14.82927,67.76236,0.0],[14.87696,67.77326,0.0],[15.03468,67.78286,34.677],[15.01515,67.7746,5.2062],[14.99366,67.76923,0.233],[15.01531,67.74665,0.0],[15.04998,67.74494,38.6466],[15.08758,67.74848,97.5773],[15.1172,67.74189,391.4753],[14.8755,67.73115,41.48],[14.85646,67.72508,73.2265],[14.83741,67.72443,23.8748],[14.81414,67.72891,73.1835],[14.79298,67.72883,21.8598],[14.78077,67.71454,0.0],[14.87696,67.70771,0.0],[14.87696,67.70026,300.5139],[14.72682,67.65937,0.0],[14.7527,67.64802,0.0],[14.80844,67.64834,0.0],[14.83611,67.64252,0.0],[14.91814,67.65152,0.0],[14.93531,67.6562,0.0],[14.9524,67.66364,0.0],[15.0407,67.67756,0.0],[15.16245,67.71247,0.0],[15.18198,67.71454,0.0],[15.1937,67.71992,0.0],[15.22381,67.74335,0.0],[15.26222,67.75226,0.0],[15.30893,67.77603,0.0],[15.38404,67.8039,0.0],[15.37892,67.81493,35.2388],[15.36012,67.84345,349.0959],[15.35678,67.85114,371.0245],[15.36948,67.86518,30.9344],[15.38356,67.85529,0.0],[15.40455,67.82441,0.0],[15.41114,67.84186,0.0],[15.42091,67.85684,40.6911],[15.43279,67.86074,0.0],[15.44606,67.84492,0.0],[15.44614,67.83218,6.7792],[15.42156,67.81314,0.0],[15.41139,67.79645,0.0],[15.59498,67.77387,0.0],[15.61109,67.77631,0.0],[15.65984,67.79377,697.8323],[15.67514,67.7967,448.7498],[15.69264,67.79645,500.9907],[15.67628,67.78807,823.778],[15.65748,67.78246,731.7122],[15.64064,67.77534,0.0],[15.63054,67.76236,0.0],[15.6692,67.76179,0.0],[15.78875,67.72822,0.0],[15.78549,67.72187,18.8304],[15.78533,67.7143,0.0],[15.78191,67.70771,0.0],[15.79379,67.70043,0.0],[15.80681,67.69575,0.0],[15.82106,67.69359,0.0],[15.8366,67.69404,23.8215],[15.82203,67.6778,197.7157],[15.79965,67.67902,58.787],[15.65846,67.73505,386.8368],[15.59693,67.74885,315.0623],[15.40455,67.74189,0.0],[15.40455,67.73505,0.0],[15.45729,67.70783,0.0],[15.48658,67.69892,0.0],[15.54811,67.71125,0.0],[15.58725,67.70433,0.0],[15.65846,67.68041,437.7765],[15.51441,67.69404,16.512],[15.52174,67.68964,48.4881],[15.54176,67.67357,489.6359],[15.41228,67.68891,768.5508],[15.36866,67.71027,487.5828],[15.33033,67.72036,290.1849],[15.31577,67.72199,247.2624],[15.30112,67.7202,25.2178],[15.29151,67.71491,72.4401],[15.27491,67.69404,0.0],[15.2894,67.68842,33.5474],[15.30494,67.68659,43.6592],[15.33692,67.6872,89.3852],[15.19646,67.6446,569.6295],[15.17856,67.61835,0.0],[15.19435,67.60871,37.6174],[15.22291,67.61188,0.0],[15.27491,67.62519,0.0],[15.30177,67.621,0.0],[15.33082,67.61127,38.6462],[15.35914,67.60521,48.8816],[15.38404,67.61213,44.9635],[15.38038,67.61518,0.0],[15.37045,67.62519,412.4923],[15.38819,67.63239,155.0],[15.40659,67.63129,155.0],[15.42384,67.62385,204.5775],[15.43873,67.61213,13.9423],[15.42433,67.60586,0.0],[15.41879,67.60468,0.0],[15.46608,67.57734,197.5186],[15.45818,67.56892,213.8019],[15.44663,67.56171,148.7121],[15.43637,67.5598,164.7804],[15.42563,67.57917,38.9329],[15.4109,67.58344,73.1701],[15.37672,67.58421,165.5146],[15.30787,67.59414,126.9453],[15.27565,67.59357,261.7522],[15.24073,67.58421,102.5224],[15.25571,67.57868,226.3713],[15.26124,67.57734,233.5484],[15.23341,67.56672,364.3606],[15.22836,67.55878,102.2339],[15.22706,67.5395,0.0],[15.23927,67.52924,0.0],[15.26734,67.52436,0.0],[15.49871,67.51048,0.0],[15.55592,67.51594,0.0],[15.66814,67.55195,0.0],[15.86817,67.57323,164.9362],[15.89796,67.55687,491.2812],[15.78631,67.5506,580.7368],[15.59791,67.50991,283.0622],[15.55844,67.49335,331.2382],[15.52866,67.46747,0.0],[15.54078,67.46247,18.2876],[15.55421,67.46076,65.0174],[15.58277,67.46133,140.1276],[15.56642,67.45132,62.8187],[15.52996,67.43887,0.0],[15.51441,67.4265,67.0926],[15.56031,67.40961,0.0],[15.58546,67.39558,0.0],[15.59645,67.38251,0.0],[15.59929,67.37686,0.0],[15.61744,67.35765,62.1339],[15.62037,67.34614,144.8929],[15.61866,67.33954,6.0],[15.62143,67.33369,6.0],[15.63795,67.32416,6.0],[15.69223,67.31265,157.493],[15.70004,67.30305,433.9493],[15.65846,67.2757,416.3767],[15.62615,67.27261,426.5554],[15.60353,67.28034,554.503],[15.60483,67.29092,706.2527],[15.64479,67.29621,113.0],[15.64479,67.30305,113.0],[15.60914,67.31509,208.1807],[15.57594,67.331,171.8507],[15.55152,67.35029,89.9591],[15.54859,67.35147,88.8194],[15.54558,67.35847,239.385],[15.54396,67.37352,17.3741],[15.54176,67.37938,23.3254],[15.4922,67.43146,70.5498],[15.47934,67.45279,14.7334],[15.47291,67.46133,41.4748],[15.42905,67.48298,266.2409],[15.37127,67.48774,221.4449],[15.24098,67.47919,95.1674],[15.23113,67.47606,44.0274],[15.22706,67.47126,76.7237],[15.22584,67.46357,250.5572],[15.22267,67.45572,353.2809],[15.21713,67.44953,676.4893],[15.20965,67.44701,818.8286],[15.18922,67.44286,973.3092],[15.15561,67.42438,123.7369],[15.13771,67.42036,320.8699],[15.14332,67.43671,0.0],[15.15358,67.44648,0.0],[15.1644,67.45502,23.3251],[15.17237,67.46747,0.0],[15.15707,67.4737,246.0834],[15.15138,67.475,384.1749],[15.15138,67.48115,475.7308],[15.18287,67.48184,0.0],[15.19793,67.48404,0.0],[15.21274,67.48867,0.0],[15.21274,67.49482,0.0],[15.20037,67.49649,0.0],[15.19142,67.50165,147.1591],[15.18816,67.50869,420.0417],[15.19288,67.51594,130.1961],[15.17579,67.52131,409.6545],[15.15895,67.51577,901.6318],[15.14177,67.5069,373.171],[15.12403,67.50226,483.4268],[15.10369,67.5008,385.7688],[15.07936,67.49628,460.7964],[15.05592,67.48871,573.4645],[15.0381,67.47801,499.0276],[15.01677,67.46874,353.5364],[14.98715,67.46597,432.1791],[14.85385,67.47016,159.8452],[14.82927,67.475,159.8276],[14.88502,67.4864,5.5496],[15.01043,67.48701,88.184],[15.05519,67.51594,0.0],[15.03639,67.51854,68.4866],[15.00603,67.54084,325.4553],[14.98683,67.54951,323.3838],[15.00831,67.56367,0.0],[15.03004,67.55976,0.0],[15.05152,67.54926,0.0],[15.08041,67.54116,0.0],[15.09734,67.53172,0.0],[15.10694,67.52961,0.0],[15.13331,67.5305,0.0],[15.14617,67.53238,0.0],[15.15886,67.53579,0.0],[15.14389,67.5506,64.223],[15.11541,67.56395,3.9917],[15.08351,67.57368,256.6208],[15.05885,67.57734,290.8712],[14.99041,67.57062,127.675],[14.79412,67.52521,13.7411],[14.7658,67.51435,67.6464],[14.74008,67.50096,0.8435],[14.72682,67.48867,30.0641],[14.74122,67.48786,8.1995],[14.75522,67.48526,4.6205],[14.76857,67.48078,1.704],[14.78077,67.475,1.9078],[14.76775,67.46747,28.5812],[14.78419,67.46247,147.895],[14.82252,67.46601,331.3784],[14.84278,67.46133,150.0272],[14.82781,67.4501,0.0],[14.82244,67.44701,0.0],[14.93914,67.44086,0.0],[15.049,67.44701,638.8804],[14.98276,67.42381,601.3339],[14.94467,67.41596,300.7361],[14.91147,67.41291,887.9001],[14.88299,67.40477,404.8509],[14.85401,67.38898,0.0],[14.82472,67.37832,27.0756],[14.7951,67.38557,191.2649],[14.80787,67.39802,276.2955],[14.8143,67.40278,228.6871],[14.82244,67.40607,235.9684],[14.79998,67.42182,273.2393],[14.77198,67.42329,55.6419],[14.74244,67.42007,125.4064],[14.65252,67.42634,523.5563],[14.62306,67.42064,0.0],[14.61695,67.40607,62.2085],[14.59702,67.40009,0.0],[14.58668,67.39863,0.0],[14.57594,67.39863,0.0],[14.57594,67.3924,0.0],[14.60524,67.39378,0.0],[14.61158,67.38788,0.0],[14.60174,67.37735,7.0605],[14.4922,67.3229,27.3871],[14.45191,67.29621,121.5968],[14.41782,67.28449,25.0113],[14.40691,67.27806,18.2388],[14.41139,67.26952,9.6077],[14.39161,67.25983,0.0],[14.3283,67.2416,0.0],[14.34938,67.23505,0.0],[14.37029,67.23798,0.0],[14.39064,67.24433,0.0],[14.4109,67.24775,0.0],[14.57569,67.2519,0.0],[14.62379,67.26211,0.0],[14.66245,67.27473,0.0],[14.68181,67.27827,0.0],[14.69947,67.2757,0.0],[14.69207,67.26952,0.0],[14.69459,67.24844,0.0],[14.67286,67.23371,64.8242],[14.61695,67.2143,101.7775],[14.67384,67.2167,44.3592],[14.81121,67.2447,0.0],[14.83546,67.25528,0.0],[14.82065,67.26118,0.0],[14.78924,67.26366,39.6876],[14.77459,67.26952,126.5035],[14.90935,67.27473,0.0],[14.97999,67.26952,0.0],[14.98951,67.27049,0.0],[14.9983,67.2735,0.0],[15.00473,67.27871,0.0],[15.00733,67.28628,0.0],[15.01352,67.29165,0.0],[15.02784,67.29426,0.0],[15.05519,67.29621,0.0],[15.13795,67.31102,0.0],[15.16505,67.31049,38.1299],[15.14747,67.27774,42.4674],[15.13771,67.26952,4.6124],[15.11899,67.26439,0.0],[15.09791,67.26366,0.0],[15.07781,67.26044,0.0],[15.06251,67.24775,0.0],[15.21274,67.23477,0.0],[15.24098,67.23713,0.0],[15.25538,67.2403,10.2195],[15.26808,67.2447,0.0],[15.28297,67.24702,0.0],[15.34246,67.2416,0.0],[15.32911,67.2263,0.0],[15.30763,67.22191,0.0],[15.28321,67.22061,0.0],[15.26124,67.2143,0.0],[15.28745,67.20563,0.0],[15.3117,67.20889,0.0],[15.35678,67.22797,0.0],[15.38356,67.23469,7.5237],[15.40797,67.23574,102.1034],[15.55047,67.21955,151.676],[15.60621,67.20283,437.7657],[15.70631,67.2143,0.0],[15.69264,67.20685,279.3233],[15.70558,67.19746,79.3248],[15.72039,67.1933,307.4788],[15.73316,67.18757,150.2712],[15.74041,67.17329,195.2746],[15.71632,67.17329,425.6185],[15.45509,67.21357,477.1669],[15.41049,67.21312,0.0],[15.37672,67.20063,0.0],[15.40073,67.18789,0.0],[15.45541,67.17178,0.0],[15.47291,67.15282,122.5724],[15.48032,67.15282,122.504],[15.47047,67.14277,223.3649],[15.43873,67.11872,0.0],[15.44239,67.10806,0.0],[15.43873,67.0976,97.6064],[15.45484,67.09007,202.8248],[15.49122,67.08051,312.2909],[15.50148,67.07026,512.1918],[15.469,67.07119,686.3904],[15.43556,67.07575,519.0538],[15.40406,67.08442,292.9589],[15.37672,67.0976,3.9486],[15.39194,67.12214,94.1001],[15.3947,67.14204,34.8652],[15.38331,67.15672,294.2861],[15.35678,67.16584,397.835],[15.30063,67.16901,570.9739],[15.28175,67.17329,624.8303],[15.23943,67.18789,554.7797],[15.2186,67.19229,391.7686],[15.15089,67.1931,109.5],[15.12989,67.19579,263.0559],[15.09457,67.21336,368.7122],[15.07399,67.21336,434.2762],[15.01954,67.20409,238.57],[15.00538,67.19741,182.3986],[14.94418,67.15766,0.0],[14.93165,67.15282,81.2857],[14.94923,67.14191,0.0],[14.98634,67.12824,0.0],[15.00392,67.11494,11.8345],[15.00799,67.1022,134.9142],[14.99391,67.09907,137.2074],[14.97291,67.10383,170.9904],[14.94117,67.12368,424.7967],[14.8991,67.14159,254.6715],[14.89064,67.15282,156.9749],[14.90073,67.16576,0.0],[14.91969,67.17194,0.0],[14.93263,67.18049,0.0],[14.92482,67.20063,65.1275],[14.93767,67.20454,41.3643],[14.97934,67.20685,0.0],[14.97934,67.2143,0.0],[14.88299,67.2062,585.9426],[14.78142,67.2143,372.8031],[14.76734,67.21214,438.9126],[14.74252,67.20279,420.3821],[14.70582,67.19595,106.6592],[14.67872,67.18781,0.0],[14.65162,67.18525,0.0],[14.62721,67.19721,0.0],[14.60377,67.20425,9.0881],[14.57,67.20002,0.0],[14.53647,67.19009,0.0],[14.51393,67.18012,42.772],[14.65138,67.1767,170.6443],[14.72316,67.1612,496.0356],[14.73666,67.15583,384.3706],[14.74724,67.14541,46.0],[14.75074,67.13516,296.1035],[14.75034,67.12393,265.6123],[14.74334,67.11831,307.5805],[14.73365,67.1249,273.631],[14.70924,67.15082,469.5836],[14.67693,67.15957,547.8423],[14.45924,67.15282,120.5],[14.46258,67.14899,120.5],[14.46461,67.14566,156.1229],[14.46746,67.14252,133.2896],[14.47291,67.13923,161.1137],[14.45932,67.12775,349.0963],[14.44077,67.11518,421.6724],[14.42286,67.10944,321.8098],[14.41139,67.11872,165.4633],[14.4157,67.12938,174.2031],[14.42799,67.14509,120.5],[14.44215,67.15925,135.2028],[14.45191,67.16584,120.5],[14.36305,67.15965,418.5715],[14.34523,67.15522,341.0091],[14.32814,67.14704,0.0],[14.32179,67.13642,0.0],[14.33579,67.1249,29.6206],[14.31902,67.11384,75.9298],[14.30372,67.1009,18.1461],[14.28745,67.08983,-0.0456],[14.26743,67.08393,0.0],[14.29005,67.07583,35.4075],[14.37672,67.0777,36.2172],[14.49684,67.06342,0.0],[14.55177,67.06411,0.0],[14.58131,67.05842,0.0],[14.59588,67.04295,0.0],[14.58774,67.02676,9.4109],[14.56821,67.01813,24.0408],[14.5525,67.0185,24.312],[14.55543,67.02928,13.8995],[14.54428,67.04536,300.7955],[14.52955,67.04849,294.2545],[14.49342,67.04295,418.2133],[14.47413,67.04613,248.3228],[14.43735,67.06025,445.7797],[14.41822,67.06342,489.4918],[14.27215,67.06,151.3008],[14.24635,67.04979,0.0],[14.27076,67.04316,7.7167],[14.26905,67.02399,193.4484],[14.25172,67.00385,263.0299],[14.22967,66.99457,83.8296],[14.22625,66.99258,124.4049],[14.22674,66.98359,269.3069],[14.22283,66.98151,208.3864],[14.2107,66.98017,328.8234],[14.20086,66.97761,382.1425],[14.19068,66.97655,448.531],[14.17709,66.97956,370.0092],[14.16456,66.97907,273.5418],[14.15154,66.97163,8.7361],[14.10939,66.99067,378.801],[14.09929,67.00308,211.9931],[14.0853,67.03042,339.8365],[14.08562,67.03681,470.3789],[14.07887,67.04243,329.5526],[14.07154,67.05341,311.2774],[14.05991,67.06086,95.0272],[14.04029,67.05598,0.0],[14.03289,67.04865,8.6457],[14.0232,67.03002,9.2988],[14.01433,67.02253,0.0],[14.03094,67.00922,0.0],[14.04274,66.99506,0.0],[14.04379,66.98094,135.154],[14.02784,66.96784,190.1404],[14.02052,66.96638,94.3662],[13.99301,66.96784,20.0252],[13.98569,66.96597,16.4122],[13.98316,66.96162,31.164],[13.98227,66.95673,31.2135],[13.97999,66.95356,43.9118],[13.93165,66.93309,55.8593],[13.95191,66.92792,444.192],[13.95899,66.92695,438.7729],[13.93458,66.92219,735.6024],[13.91749,66.9289,349.9406],[13.89015,66.95356,132.8681],[13.91245,66.96198,0.0],[13.93629,66.96601,0.0],[13.95777,66.97403,0.0],[13.97267,66.99457,77.6741],[13.93849,66.99457,278.5872],[13.91326,66.99396,193.233],[13.90162,66.99213,280.9494],[13.89015,66.98835,667.3788],[13.88217,66.98347,126.3353],[13.86915,66.9715,313.4748],[13.8628,66.96784,628.1604],[13.83904,66.9641,373.5033],[13.76026,66.96784,0.0],[13.76832,66.95612,0.0],[13.77296,66.95087,124.6492],[13.78028,66.94611,218.7998],[13.74448,66.93696,40.2487],[13.58969,66.93818,13.6145],[13.56495,66.93236,115.1132],[13.54363,66.92186,34.5715],[13.52076,66.90575,0.0],[13.54754,66.8996,0.0],[13.60572,66.90689,0.0],[13.63063,66.8996,0.0],[13.63624,66.89167,0.0],[13.63771,66.8747,0.0],[13.64389,66.86799,0.0],[13.65707,66.86371,44.9576],[13.68523,66.86127,0.0],[13.69825,66.85798,0.0],[13.69337,66.85639,0.0],[13.68426,66.85212,0.0],[13.67791,66.85114,19.6563],[13.68832,66.83503,0.0],[13.70289,66.83222,0.0],[13.73927,66.83755,0.0],[13.75847,66.83234,13.6022],[13.78541,66.81367,0.0],[13.80144,66.80956,0.0],[13.94801,66.8002,0.0],[13.99301,66.78974,229.7645],[13.76832,66.79263,328.2849],[13.68727,66.80703,220.8744],[13.61215,66.8098,0.0],[13.54184,66.80321,44.5785],[13.50709,66.78229,13.1555],[13.5433,66.77147,0.0],[13.55128,66.77237,23.1626],[13.56365,66.77717,81.8346],[13.72104,66.76952,576.5605],[13.75294,66.76179,76.7858],[13.71803,66.75056,168.6452],[13.58912,66.76179,0.0],[13.55877,66.75349,31.665],[13.54322,66.7392,0.0],[13.54713,66.72431,0.0],[13.57545,66.71402,25.4449],[13.61069,66.71418,65.2521],[13.67693,66.73078,321.4458],[13.71192,66.73509,314.3401],[13.89015,66.73509,87.549],[13.85125,66.71711,364.8087],[13.799,66.71149,740.159],[13.69825,66.71402,93.9068],[13.69825,66.70722,0.0],[13.71876,66.70038,6.4859],[13.69313,66.69131,61.2691],[13.5276,66.69355,622.5416],[13.51661,66.69672,607.528],[13.50025,66.71084,317.8248],[13.49317,66.71402,106.9621],[13.25603,66.72407,21.1038],[13.22535,66.71402,0.0],[13.26686,66.70165,0.0],[13.48015,66.67528,0.0],[13.52263,66.66108,0.0],[13.54737,66.63825,365.1055],[13.52133,66.64061,34.1136],[13.45191,66.65876,146.5153],[13.42514,66.65917,114.9158],[13.37534,66.6481,0.0],[13.34889,66.64574,166.7913],[13.32887,66.64985,528.7451],[13.30698,66.65693,311.3333],[13.28395,66.66071,509.7357],[13.2601,66.65534,142.0901],[13.23732,66.654,74.5772],[13.21388,66.66254,145.1899],[13.19117,66.66657,0.0],[13.17066,66.65192,0.0],[13.25074,66.63312,0.0],[13.3733,66.63329,20.1159],[13.40349,66.62523,25.5024],[13.3816,66.61909,337.7242],[13.3322,66.62629,25.6159],[13.28826,66.6164,36.3716],[13.25001,66.61384,126.3915],[13.23276,66.6048,0.0],[13.23927,66.6009,0.0],[13.24586,66.59797,0.0],[13.21811,66.58308,13.1086],[13.20973,66.57368,35.556],[13.20484,66.55634,13.8458],[13.23902,66.54841,0.0],[13.27036,66.54792,0.0],[13.33522,66.55634,0.0],[13.39633,66.55732,0.0],[13.42335,66.56281,41.1699],[13.47242,66.59736,461.05],[13.50278,66.60651,542.0248],[13.68751,66.61579,247.9303],[13.72625,66.6048,0.0],[13.60133,66.60725,0.0],[13.50709,66.5843,47.3812],[13.45875,66.56379,0.0],[13.47999,66.555,0.0],[13.62338,66.53876,0.0],[13.64894,66.53059,0.0],[13.67107,66.51537,25.3436],[13.61915,66.51903,374.2305],[13.56861,66.52847,497.8582],[13.51759,66.54462,64.006],[13.48943,66.55012,0.0],[13.46583,66.54645,57.2966],[13.44142,66.53994,229.823],[13.35597,66.54271,47.9058],[13.33033,66.53901,0.0],[13.28492,66.52412,149.6875],[13.25953,66.5222,0.0],[13.25953,66.51537,0.0],[13.28777,66.50951,0.0],[13.28443,66.49848,0.0],[13.27052,66.48383,0.0],[13.26686,66.46699,6.0367],[13.28785,66.46011,0.0],[13.39723,66.46699,219.7521],[13.36207,66.45551,607.4435],[13.22535,66.45392,0.0],[13.22535,66.46015,5.9843],[13.23146,66.46809,63.5745],[13.22853,66.47846,259.4759],[13.22242,66.49079,0.0],[13.21909,66.50483,0.0],[13.20899,66.51411,33.1187],[13.18588,66.52155,41.4503],[13.13331,66.53067,57.3229],[13.11345,66.54047,36.2858],[13.10255,66.54271,43.5441],[12.97202,66.5222,0.0],[12.99537,66.51179,0.0],[13.0171,66.50528,0.0],[13.04054,66.50202,163.6482],[13.06821,66.50113,129.7528],[13.0818,66.49799,11.7812],[13.0879,66.49046,0.0],[13.09278,66.48168,0.0],[13.10255,66.47443,0.0],[13.11704,66.47138,0.0],[13.14877,66.4704,0.0],[13.16383,66.46699,0.0],[13.16383,66.46015,88.231],[13.13168,66.46092,0.0],[13.11622,66.45921,68.4713],[13.10255,66.45392,98.6442],[13.14967,66.44355,73.6737],[13.15699,66.43659,66.7476],[13.15821,66.42894,371.9527],[13.16131,66.42206,473.9679],[13.1657,66.41641,309.7221],[13.17066,66.41234,296.2378],[13.14096,66.38614,303.1076],[13.00001,66.35712,0.0],[13.01564,66.33413,7.7352],[13.03728,66.31997,0.0],[13.06414,66.31436,0.0],[13.09555,66.3168,41.5018],[13.1338,66.3288,25.5494],[13.15024,66.33039,0.0],[13.16163,66.32673,4.9609],[13.15773,66.31826,149.8544],[13.14682,66.30903,294.9138],[13.13657,66.30313,45.7512],[13.15528,66.3037,87.4965],[13.21209,66.29564,0.0],[13.22657,66.29735,0.0],[13.31739,66.32184,49.2519],[13.3318,66.32364,21.366],[13.33766,66.32783,77.5888],[13.33082,66.3371,253.2057],[13.31471,66.35029,522.032],[13.30698,66.36913,484.1977],[13.31088,66.3745,423.1462],[13.3235,66.36937,7.0],[13.34205,66.35712,7.0],[13.35239,66.34789,7.0],[13.35792,66.34174,58.1081],[13.36476,66.33832,8.5140999999999991],[13.37989,66.33723,17.7583],[13.41554,66.3426,21.7548],[13.43287,66.34325,0.0],[13.45191,66.33723,0.0],[13.42335,66.33246,0.0],[13.41131,66.32734,0.0],[13.40349,66.3168,0.0],[13.50563,66.31859,0.0],[13.53443,66.30931,0.0],[13.49431,66.29999,41.835],[13.3213,66.30028,0.0],[13.1631,66.2591,1.2789],[13.13445,66.24706,1.626],[13.11248,66.23078,82.6143],[13.08937,66.22069,26.8036],[13.05519,66.21088,22.9554],[13.03159,66.19823,16.1553],[13.04038,66.17963,122.5535],[13.06935,66.17406,0.0],[13.20476,66.20466,0.0],[13.28736,66.24103,201.2608],[13.32732,66.24579,0.0],[13.41375,66.24315,359.1134],[13.46754,66.25544,510.0792],[13.50318,66.25902,112.421],[13.56349,66.28612,74.7567],[13.57545,66.28946,0.0],[13.58815,66.28905,0.0],[13.60092,66.28587,0.0],[13.61305,66.28095,0.0],[13.62322,66.27521,115.8816],[13.57545,66.26215,0.0],[13.59164,66.24384,0.0],[13.6198,66.24091,0.0],[13.69907,66.25308,0.0],[13.72364,66.26411,52.6633],[13.74041,66.27753,82.4495],[13.73927,66.28946,47.893],[13.75375,66.29584,47.1003],[13.76433,66.29344,7.7987],[13.78028,66.28262,148.8916],[13.80348,66.27778,133.2568],[13.90748,66.26838,0.0],[13.91538,66.27196,0.0],[13.93849,66.29564,0.0],[13.96404,66.30475,0.0],[14.04835,66.3168,51.9421],[14.10011,66.33686,66.2465],[14.13054,66.34309,19.3309],[14.14389,66.33381,10.5982],[14.13461,66.31639,16.1107],[14.1128,66.30231,0.0],[14.08676,66.29291,18.1955],[14.05161,66.28726,18.0803],[14.03598,66.27749,39.2713],[14.00978,66.27094,42.6277],[14.00229,66.26105,424.3363],[13.99635,66.24974,23.6051],[13.98618,66.24103,334.7125],[13.97291,66.23794,421.7152],[13.83668,66.22207,0.0],[13.78842,66.20083,0.0],[13.76026,66.19945,315.603],[13.77296,66.21027,162.0243],[13.79916,66.22378,141.788],[13.80812,66.2342,87.6748],[13.75782,66.24242,120.6694],[13.69646,66.23871,55.5963],[13.64112,66.22061,0.0],[13.60955,66.18578,0.0],[13.70509,66.17276,0.0],[13.77662,66.17617,0.0],[13.82244,66.17182,0.0],[13.8318,66.16852,22.7845],[13.83481,66.15851,0.0],[13.83041,66.14875,6.3198],[13.82163,66.14704,0.0],[13.78981,66.15526,0.0],[13.77101,66.16323,66.3434],[13.76026,66.16596,43.7381],[13.74659,66.16625,56.4622],[13.71192,66.15851,247.1714],[13.63966,66.15729,94.4872],[13.61695,66.15229,88.5585],[13.60092,66.1433,170.2051],[13.57358,66.11921,229.0425],[13.56178,66.11131,88.1435],[13.5477,66.10798,0.0],[13.5359,66.11054,67.0006],[13.53012,66.12027,200.8365],[13.53443,66.13862,222.5595],[13.54461,66.152,272.4973],[13.57163,66.17243,228.8608],[13.58229,66.18578,429.6459],[13.49285,66.18578,152.4171],[13.49285,66.1933,0.0],[13.5232,66.19571,0.0],[13.55738,66.20515,0.0],[13.57651,66.21894,83.4739],[13.56178,66.2342,11.9446],[13.52719,66.24014,34.7804],[13.306,66.21792,236.4232],[13.22535,66.18578,0.0],[13.17351,66.17536,30.0105],[13.15675,66.16938,29.2756],[13.10369,66.16157,30.685],[13.09555,66.15542,13.6912],[13.08953,66.14614,0.0],[13.07537,66.14606,4.7322],[13.04754,66.15229,76.7867],[12.86899,66.13434,0.0],[12.80592,66.11563,0.0],[12.7732,66.11131,0.0],[12.75172,66.10513,0.0],[12.68719,66.07461,0.0],[12.67042,66.06289,0.0],[12.69939,66.06338,37.9389],[12.7129,66.06147,28.5496],[12.7256,66.0561,5.9605],[12.71957,66.05288,0.0],[12.71713,66.05012,0.0],[12.71551,66.04694,17.8842],[12.71209,66.04243,48.684],[12.92726,66.06147,53.2545],[13.00221,66.08267,51.4906],[13.04038,66.08344,41.4511],[13.02361,66.06729,0.0],[12.97055,66.0528,34.3399],[12.95151,66.03559,0.0],[12.96803,66.02285,57.2209],[12.96315,66.0102,142.3352],[12.94557,65.99982,30.8325],[12.92433,65.99405,0.0],[12.94239,65.97386,250.6363],[12.97836,65.95991,173.7989],[13.04851,65.94684,0.0],[13.11256,65.94684,139.4774],[13.12289,65.9431,0.0],[13.12599,65.93334,0.0],[13.13356,65.92426,10.3612],[13.14967,65.9121,0.0],[13.15105,65.89248,0.0],[13.167,65.87165,0.0],[13.17604,65.85578,0.0],[13.15699,65.85065,215.7342],[13.12289,65.87792,434.6985],[13.12273,65.87954,424.063],[13.12289,65.88817,92.245],[13.12045,65.89216,3.4847],[13.11492,65.89232,0.0],[13.10808,65.89134,29.839],[13.10255,65.89159,0.0],[13.094,65.8937,0.0],[13.07732,65.89541,0.0],[13.06821,65.89838,0.0],[13.05934,65.90497,0.0],[13.04859,65.91962,0.0],[13.04038,65.92573,0.0],[13.0228,65.92975,0.0],[12.98536,65.92528,49.6223],[12.96583,65.92573,89.2737],[12.95167,65.93073,0.0],[12.9297,65.94628,0.0],[12.91749,65.95303,0.0],[12.84848,65.9667,24.2267],[12.81739,65.96874,85.2013],[12.78907,65.96499,0.0],[12.6823,65.92666,157.1473],[12.66041,65.91181,42.3793],[12.64243,65.89159,13.8741],[12.64039,65.88565,0.0],[12.63893,65.87116,26.3531],[12.63624,65.86433,46.1328],[12.63136,65.85977,0.0],[12.6198,65.85529,0.0],[12.61573,65.85065,0.0],[12.61166,65.83466,103.4145],[12.61573,65.82795,217.2373],[12.62631,65.82738,85.7124],[12.66619,65.83421,54.3584],[12.6937,65.83552,23.1645],[12.71119,65.82713,52.6261],[12.7046,65.80223,0.0],[12.71754,65.78913,74.6311],[12.69874,65.79059,0.0],[12.68507,65.7978,0.0],[12.67311,65.80585,0.0],[12.66033,65.80972,75.3099],[12.64536,65.80768,216.2498],[12.63429,65.80272,277.0898],[12.61573,65.78913,318.5294],[12.56715,65.76655,0.0],[12.55779,65.75373,35.8073],[12.57423,65.73395,0.0],[12.58644,65.72773,0.0],[12.6233,65.71564,28.5084],[12.65016,65.70991,275.9796],[12.65594,65.70116,111.0315],[12.65846,65.69009,0.0],[12.66358,65.67935,0.0],[12.67433,65.66747,466.5305],[12.6836,65.66144,475.3837],[12.69663,65.65913,468.7033],[12.73707,65.65815,354.0744],[12.75815,65.65526,128.9524],[12.77687,65.64907,480.8849],[12.78712,65.63837,18.9875],[12.77491,65.63394,0.0],[12.75782,65.63019,67.1207],[12.7409,65.62971,26.6829],[12.71241,65.64411,0.0],[12.69313,65.64427,77.9817],[12.65691,65.63837,351.5238],[12.615,65.65249,9.4703],[12.60841,65.65135,18.7036],[12.60825,65.66315,10.479],[12.61573,65.67329,5.498],[12.62648,65.6811,97.6998],[12.63624,65.68618,105.6775],[12.59425,65.68635,0.0],[12.5879,65.6896,46.9206],[12.58741,65.69937,50.7016],[12.58546,65.70661,51.2611],[12.58131,65.71308,84.6959],[12.57423,65.72028,72.9628],[12.55454,65.7294,0.0],[12.52508,65.73436,83.6539],[12.49537,65.73334,7.142],[12.4756,65.72403,0.0],[12.46681,65.71674,0.0],[12.44801,65.71044,0.0],[12.43832,65.706,0.0],[12.43043,65.70043,0.0],[12.41375,65.68277,15.6894],[12.3982,65.67121,0.0],[12.36411,65.65249,0.0],[12.34889,65.63837,0.0],[12.35768,65.6293,4.4438],[12.35914,65.61758,0.0],[12.35711,65.60773,0.0],[12.35515,65.60419,0.0],[12.36842,65.59268,0.0],[12.38168,65.59243,222.3152],[12.39731,65.59626,457.7132],[12.41717,65.59675,355.0744],[12.40431,65.57412,33.1375],[12.39649,65.55191,157.2075],[12.40431,65.53498,0.0],[12.43832,65.52851,107.3681],[12.46656,65.53685,0.0],[12.51002,65.57372,266.918],[12.53386,65.58316,85.6219],[12.52573,65.56184,113.3469],[12.50815,65.54914,125.4943],[12.48634,65.53803,63.4887],[12.46502,65.52167,42.3155],[12.51368,65.51215,16.3442],[12.53712,65.53482,465.3988],[12.55193,65.56802,30.5922],[12.57423,65.58999,22.3055],[12.5726,65.56989,44.2661],[12.57944,65.54951,215.2146],[12.59425,65.534,151.0195],[12.61573,65.52851,196.8107],[12.59352,65.52192,0.0],[12.57325,65.51927,8.8761],[12.56463,65.51366,0.0],[12.57797,65.49803,170.3336],[12.59653,65.48859,228.8035],[12.6338,65.48798,230.3874],[12.65691,65.4807,0.0],[12.64389,65.47809,0.0],[12.62078,65.46967,63.8918],[12.60841,65.46703,58.3512],[12.60841,65.45962,0.0],[12.74098,65.46776,186.3871],[12.78028,65.45962,22.2829],[12.64975,65.45026,0.0],[12.62941,65.43232,18.426],[12.6408,65.41641,76.0344],[12.71209,65.37084,238.7734],[12.68067,65.37995,12.5438],[12.62924,65.42121,0.0],[12.60222,65.43232,120.4653],[12.59164,65.42988,122.215],[12.58334,65.41791,25.3354],[12.57423,65.41865,3.6524],[12.56902,65.42349,0.0],[12.56902,65.42935,0.0],[12.57,65.43525,0.0],[12.56739,65.43976,13.6049],[12.54859,65.44701,69.7884],[12.52801,65.44868,0.0],[12.47869,65.44652,0.0],[12.48878,65.43232,65.526],[12.51482,65.41694,246.0021],[12.52703,65.40559,62.7825],[12.53395,65.39191,2.5],[12.5381,65.3725,35.0763],[12.54705,65.364,75.0659],[12.58334,65.35847,34.1384],[12.62436,65.35757,90.5393],[12.66277,65.35468,142.4012],[12.69158,65.32982,147.1454],[12.67449,65.32258,14.5],[12.6565,65.32575,23.1298],[12.63966,65.33527,257.6582],[12.62574,65.34724,55.8577],[12.60084,65.35468,14.5],[12.51645,65.35716,18.9258],[12.51295,65.35932,18.6038],[12.51026,65.36408,29.9173],[12.50636,65.3688,57.7029],[12.4992,65.37084,52.6391],[12.49204,65.36913,108.6565],[12.43295,65.34455,0.0],[12.41863,65.33515,0.0],[12.41033,65.32246,25.0319],[12.45997,65.33682,173.4101],[12.47869,65.33666,104.1428],[12.45143,65.31354,18.891],[12.41627,65.30878,0.0],[12.3781,65.30939,38.2972],[12.34213,65.30256,0.0],[12.33058,65.29511,0.0],[12.31202,65.27631,0.0],[12.30047,65.26777,0.0],[12.25717,65.2451,0.0],[12.24529,65.23363,0.0],[12.27622,65.23225,76.452],[12.29949,65.2447,0.0],[12.32057,65.2602,74.0448],[12.34547,65.26777,129.1358],[12.43572,65.27334,16.3405],[12.46502,65.26777,317.7983],[12.46266,65.26411,225.0784],[12.45818,65.25414,33.5617],[12.47478,65.25536,157.4519],[12.5027,65.26537,681.8258],[12.51645,65.26777,522.5674],[12.58815,65.26097,16.8164],[12.68067,65.26268,59.1399],[12.71209,65.25414,99.0019],[12.67701,65.24921,72.093],[12.52019,65.25072,41.5879],[12.50807,65.24067,7.5],[12.47999,65.2403,125.3175],[12.43092,65.2473,93.9611],[12.40821,65.24689,81.8332],[12.38998,65.24266,255.1632],[12.35515,65.22687,62.2186],[12.35515,65.21996,0.0],[12.37794,65.22138,0.0],[12.417,65.23021,0.0],[12.43832,65.22687,50.2067],[12.43873,65.22468,34.8949],[12.43784,65.21613,36.4801],[12.43832,65.21381,25.0604],[12.45143,65.20637,0.0],[12.46127,65.20283,0.0],[12.48764,65.20002,17.6781],[12.4992,65.20014,12.6006],[12.47055,65.1826,162.2669],[12.38168,65.17723,171.9886],[12.36883,65.15176,0.7997],[12.39015,65.14252,0.0],[12.42905,65.13923,45.0871],[12.50278,65.14492,214.2189],[12.5149,65.1481,224.7721],[12.54103,65.16226,529.6375],[12.55372,65.16535,356.1782],[12.5687,65.16669,182.6367],[12.66822,65.19595,46.8211],[12.82537,65.2746,22.4068],[12.84555,65.28946,167.458],[12.85662,65.29572,150.4273],[12.89625,65.312,17.3198],[12.93181,65.3332,110.2248],[12.93995,65.32783,0.0],[12.931,65.3124,10.3571],[12.83806,65.25361,281.5608],[12.81788,65.2473,0.0],[12.80738,65.24209,0.0],[12.80104,65.23054,99.0032],[12.79623,65.21898,56.6823],[12.79054,65.21381,0.0],[12.77459,65.21157,81.1786],[12.71559,65.18464,476.249],[12.67726,65.15917,269.7098],[12.65838,65.15449,0.0],[12.63722,65.15351,252.0708],[12.61736,65.14985,0.0],[12.60222,65.13744,214.5343],[12.61199,65.13825,281.6304],[12.62037,65.13687,273.6769],[12.63624,65.13129,173.9567],[12.60646,65.12596,408.5168],[12.5075,65.12124,31.689],[12.48609,65.11351,54.6389],[12.47153,65.0893,0.0],[12.438,65.08462,0.0],[12.36883,65.09028,3.2122],[12.33904,65.08246,0.0],[12.28094,65.06013,78.5266],[12.19313,65.05048,107.5545],[12.18434,65.0456,161.7492],[12.18686,65.03449,0.0],[12.19313,65.02595,0.0],[12.20183,65.01952,0.0],[12.21119,65.01459,0.0],[12.20729,65.00605,0.0],[12.20167,64.99925,0.0],[12.22295,64.99841,260.6237],[12.24094,64.99536,311.6548],[12.25479,64.98875,481.936],[12.27448,64.97691,483.0],[12.29246,64.97221,512.4208],[12.31034,64.97213,441.3112],[12.35111,64.98229,485.7956],[12.41989,64.98792,670.3828],[12.55952,64.97756,590.6151],[12.57472,64.97185,756.7766],[12.59151,64.96182,799.6908],[12.62469,64.95017,852.0397],[12.70696,64.95268,824.5302],[12.75925,64.94983,680.1959],[12.76793,64.95257,702.4287],[12.77987,64.95782,781.8311],[12.78824,64.96516,765.8344],[12.80442,64.97198,787.2025],[12.89625,64.9795,601.5571],[12.91935,64.98521,894.3461],[12.93397,64.99128,857.4016],[12.93986,64.99634,827.8227],[12.94172,64.99903,681.6486],[12.94234,65.0003,709.9816],[12.9349,65.01221,753.671],[12.93227,65.02037,685.2898],[12.9394,65.03017,773.6363],[12.95149,65.03489,859.2079],[12.98844,65.04032,865.2694],[13.0244,65.05267,717.508],[13.08104,65.07794,488.5994],[13.09365,65.08481,503.4367],[13.10481,65.09675,584.8564],[13.12125,65.11168,566.93],[13.13086,65.11566,608.4986],[13.14342,65.11907,842.0355],[13.15835,65.11998,830.4501],[13.32408,65.10528,366.4351],[13.55559,65.11373,1027.8922],[13.64369,65.10582,838.5957],[13.67847,65.10641,665.7402],[14.22702,65.1322,1350.5056],[14.33151,65.11406,1043.3059],[14.33207,65.11396,1043.3059],[14.33285,65.11505,1059.8591],[14.33848,65.1229,912.6428],[14.36598,65.21576,1354.5824],[14.38024,65.24028,888.6737],[14.4005,65.25545,929.8209],[14.48214,65.28868,763.0903],[14.51429,65.31808,700.2636],[14.51832,65.36454,800.3544],[14.51139,65.41707,1181.6141],[14.51036,65.46474,732.2759],[14.56069,65.70106,836.0192],[14.5702,65.71671,573.9471],[14.63707,65.78121,789.3041],[14.64885,65.80239,623.5775],[14.64441,65.84291,723.7776],[14.54054,66.12545,523.5],[14.79696,66.13936,856.3318],[15.05338,66.15328,640.3852],[15.48188,66.27487,689.5626],[15.4918,66.288,698.1749],[15.48994,66.30849,770.2425],[15.48208,66.34081,952.079],[15.47608,66.35494,1021.7726],[15.42989,66.46357,863.1093],[15.42627,66.49121,879.3401],[15.66946,66.59942,972.7605],[16.03884,66.88755,746.0473],[16.12566,66.93437,660.8236],[16.31056,67.00992,1048.4913],[16.36968,67.02428,576.155],[16.39965,67.03596,584.3395],[16.41557,67.0527,923.9413],[16.44378,67.18262,971.7417],[16.43789,67.20032,1051.5884],[16.12711,67.42276,949.7482],[16.18075,67.4964,653.3745],[16.19956,67.50828,1044.683],[16.36699,67.52167,624.7808],[16.42859,67.53402,984.1597],[16.48295,67.55784,952.8273],[16.58724,67.6259,737.1512],[16.60873,67.64729,741.9366],[16.7619,67.87715,765.9796],[16.78288,67.89699,661.9618],[16.808,67.91064,646.4304],[17.22006,68.04009,752.282],[17.29996,68.09791,1109.7477],[17.32145,68.1053,1018.1084],[17.60841,68.03748,1007.3345],[17.89537,67.96965,858.0036],[17.921,67.97285,911.1925],[17.95077,67.9911,934.6414],[17.98188,68.01616,979.0756],[18.16667,68.15848,1172.2659],[18.18858,68.19873,826.2208],[18.13567,68.39572,847.1223],[18.1368,68.42632,486.3869],[18.15623,68.51861,489.2921],[18.16151,68.53019,766.8133]]],
[[[14.95834,68.87531,1.4481],[14.98756,68.88467,162.6016],[14.99659,68.9016,3.6131],[14.98292,68.91779,0.0],[14.95867,68.92609,96.0331],[14.89967,68.93085,75.7517],[14.87338,68.92914,109.8316],[14.85727,68.92304,11.9737],[14.8519,68.91877,0.0],[14.85401,68.91348,0.0],[14.85524,68.90717,0.0],[14.8401,68.89167,19.5324],[14.8436,68.88544,16.3738],[14.85873,68.88337,0.0],[14.89226,68.87336,3.0415],[14.90122,68.8723,1.7162],[14.95834,68.87531,1.4481]]],
[[[15.90785,68.9575,12.4818],[15.9074,68.95942,4.8325],[15.88429,68.96833,5.4089],[15.8576,68.97016,0.0],[15.77849,68.95474,5.0991],[15.67661,68.96271,0.0],[15.64479,68.95474,0.0],[15.63054,68.94481,0.0],[15.60955,68.91942,2.5999],[15.59645,68.90693,0.0],[15.60613,68.90473,0.0],[15.61411,68.90046,4.1762],[15.62037,68.89411,18.7759],[15.62428,68.88581,4.7659],[15.57569,68.88223,41.677],[15.55323,68.87226,0.0],[15.54859,68.85228,0.0],[15.56349,68.83918,0.0],[15.59018,68.83308,0.0],[15.61842,68.82978,0.0],[15.63795,68.82494,0.0],[15.61345,68.81778,0.981],[15.55633,68.82636,0.0],[15.52866,68.82494,5.01],[15.51987,68.81977,0.0],[15.51417,68.81269,18.6916],[15.50766,68.80646,156.4106],[15.49708,68.8039,178.4494],[15.48585,68.805,151.2656],[15.46412,68.81,8.5206],[15.45232,68.81127,0.0],[15.45916,68.79613,0.0],[15.45558,68.76903,0.0],[15.45981,68.75605,0.0],[15.47592,68.74689,0.0],[15.50123,68.74307,0.0],[15.63966,68.74323,0.0],[15.66578,68.73558,99.6991],[15.66871,68.73208,349.7594],[15.67595,68.71918,109.8475],[15.67888,68.71507,41.3984],[15.6867,68.71092,84.6179],[15.71363,68.7014,84.5778],[15.66261,68.71918,0.0],[15.64226,68.72321,0.0],[15.61785,68.73249,199.0075],[15.60483,68.73574,0.0],[15.59303,68.73428,0.0],[15.58155,68.73111,0.0],[15.5691,68.7294,0.0],[15.44955,68.72915,0.0],[15.44304,68.72358,0.0],[15.43873,68.70767,3.3679],[15.44207,68.6822,0.0],[15.45737,68.66706,0.0],[15.47828,68.65583,0.0],[15.49773,68.64248,0.0],[15.51385,68.63618,0.0],[15.56275,68.6352,0.0],[15.58277,68.63255,3.1294],[15.59449,68.62629,39.1612],[15.60483,68.61864,0.0],[15.61598,68.61286,103.2338],[15.63054,68.61213,182.517],[15.61687,68.60663,586.6745],[15.6032,68.60505,456.6098],[15.58912,68.60643,212.0303],[15.57496,68.6103,175.1649],[15.56739,68.61445,78.758],[15.55665,68.62393,213.9247],[15.54884,68.62572,123.605],[15.43873,68.61953,0.0],[15.43873,68.61213,0.0],[15.44321,68.60904,0.0],[15.45232,68.59781,143.5544],[15.43605,68.59833,311.2882],[15.40756,68.60468,77.962],[15.39161,68.60521,4.4198],[15.43963,68.57364,151.5925],[15.45232,68.55744,126.3194],[15.43434,68.56184,482.5641],[15.40553,68.58051,354.3037],[15.3947,68.58478,302.9307],[15.30893,68.57856,0.0],[15.32325,68.56281,193.3348],[15.3117,68.55882,365.2003],[15.26808,68.56428,346.3856],[15.23878,68.56428,81.6431],[15.2173,68.55687,20.6778],[15.19874,68.54304,22.0741],[15.17856,68.52334,0.0],[15.27149,68.51586,0.0],[15.27524,68.51268,0.0],[15.27459,68.5056,31.1136],[15.27491,68.49852,173.364],[15.28175,68.49543,175.4258],[15.33692,68.48859,327.7648],[15.27898,68.48989,508.6514],[15.24838,68.48623,0.0],[15.24073,68.47492,0.0],[15.2601,68.4665,0.0],[15.33082,68.46467,0.0],[15.35678,68.46125,98.0398],[15.26808,68.46125,85.7769],[15.25221,68.45734,38.9657],[15.22291,68.44379,535.574],[15.19256,68.43488,78.3425],[15.12338,68.39301,55.3613],[15.10401,68.37735,208.2425],[15.06813,68.3391,374.0421],[15.05584,68.33153,596.5742],[15.03419,68.32632,393.478],[15.00929,68.31367,328.4733],[14.99537,68.2978,0.0],[15.00733,68.28315,378.7256],[15.00294,68.2779,348.1422],[14.99789,68.27407,167.5291],[14.99269,68.27139,6.6595],[14.98683,68.26948,0.0],[15.0005,68.25332,0.0],[15.04086,68.25703,0.0],[15.08579,68.27123,0.0],[15.11378,68.28681,0.0],[15.13404,68.30805,0.0],[15.14503,68.31293,0.0],[15.21656,68.33539,3.8965],[15.23325,68.33771,0.0],[15.22674,68.34882,160.3554],[15.21485,68.35253,289.821],[15.18539,68.35139,450.0408],[15.21176,68.36595,0.0],[15.27866,68.37324,0.0],[15.31625,68.39549,34.3689],[15.36362,68.40599,0.0],[15.37037,68.41254,0.0],[15.37648,68.41718,0.0],[15.38404,68.42023,0.0],[15.40504,68.4145,0.0],[15.41179,68.41348,0.0],[15.4393,68.4184,0.0],[15.54217,68.46625,35.3895],[15.55397,68.47533,0.0],[15.55291,68.48778,0.0],[15.54176,68.50967,140.1017],[15.55372,68.51118,0.0],[15.56471,68.5091,11.4856],[15.57276,68.50288,2.7384],[15.57594,68.49193,0.0],[15.58058,68.48745,0.0],[15.61134,68.47492,486.0961],[15.57008,68.46304,358.3528],[15.50717,68.42255,143.2621],[15.47291,68.40599,325.0844],[15.40594,68.39191,19.5153],[15.38787,68.38247,66.1567],[15.35808,68.35493,7.6377],[15.34254,68.34821,14.6192],[15.3226,68.35139,0.0],[15.33839,68.33198,0.0],[15.37599,68.32758,0.0],[15.52768,68.33771,6.8626],[15.54412,68.33405,0.0],[15.57537,68.3194,8.5866],[15.59645,68.31786,5.3496],[15.59645,68.31037,0.0],[15.58961,68.30781,0.0],[15.58277,68.30419,0.0],[15.59799,68.30443,0.0],[15.62436,68.30048,0.0],[15.63795,68.30419,0.0],[15.64015,68.31745,17.9125],[15.69125,68.343,9.3259],[15.70631,68.35883,75.9288],[15.69353,68.35814,223.7602],[15.68116,68.35908,160.2988],[15.66944,68.3614,185.5745],[15.65846,68.36506,312.3188],[15.67433,68.37128,16.7084],[15.69142,68.37324,0.0],[15.72674,68.3725,20.305],[15.72462,68.37694,0.0],[15.72185,68.38837,136.5528],[15.7199,68.39301,223.2585],[15.73308,68.40131,17.995],[15.74041,68.41494,145.6038],[15.74789,68.42536,239.1666],[15.76149,68.42402,17.0079],[15.77312,68.4134,0.0],[15.78102,68.4018,0.0],[15.79274,68.39362,0.0],[15.81617,68.39301,0.0],[15.80738,68.40314,0.0],[15.78045,68.41869,32.3369],[15.77442,68.43085,0.0],[15.78102,68.43818,63.4231],[15.79607,68.43391,106.5363],[15.81235,68.42642,78.1077],[15.82301,68.42402,20.664],[15.84929,68.43476,25.7235],[15.85719,68.44086,45.023],[15.86451,68.45441,92.9868],[15.86476,68.46735,116.7671],[15.85963,68.47736,127.7236],[15.85857,68.48623,157.3625],[15.87078,68.49543,0.0],[15.87062,68.47846,0.0],[15.8755,68.46662,0.0],[15.8816,68.45637,0.0],[15.88429,68.44416,0.0],[15.88063,68.42878,0.0],[15.87371,68.41462,0.0],[15.87078,68.40058,0.0],[15.87818,68.38557,8.9064],[15.87623,68.36909,0.0],[15.90398,68.36986,0.0],[15.94093,68.38032,0.0],[15.96632,68.39301,0.0],[15.99497,68.42943,166.7721],[16.01205,68.44697,1.0585],[16.0534,68.46483,0.0],[16.06967,68.48896,104.6243],[16.08237,68.51557,416.11],[16.09352,68.53351,267.9564],[16.10597,68.53852,179.3211],[16.11793,68.53425,0.0],[16.12973,68.52717,0.0],[16.14177,68.52334,0.0],[16.15553,68.52456,0.0],[16.22218,68.54743,0.0],[16.34653,68.55952,0.0],[16.41944,68.55744,0.0],[16.45932,68.54906,0.0],[16.48146,68.54751,0.0],[16.49757,68.55402,0.0],[16.50603,68.56818,22.5561],[16.50123,68.57559,29.0816],[16.4961,68.57933,18.4891],[16.24581,68.62863,441.4892],[16.03042,68.59127,448.6169],[15.96169,68.60222,384.1414],[15.93405,68.59643,790.7842],[15.92428,68.58904,737.2968],[15.91637,68.57995,659.5928],[15.89901,68.56589,546.0294],[15.87214,68.54956,199.2889],[15.67758,68.46797,253.8361],[15.65675,68.46228,390.3874],[15.64326,68.46089,420.6758],[15.63892,68.46378,556.5544],[15.63877,68.46724,575.7159],[15.64249,68.47096,474.4134],[15.66512,68.48535,247.738],[15.67153,68.49065,336.485],[15.67525,68.49515,547.4387],[15.67541,68.49858,659.9962],[15.67525,68.50006,595.7296],[15.65706,68.51551,566.2702],[15.64419,68.53024,583.1],[15.64063,68.53664,334.8455],[15.64218,68.54605,508.1807],[15.67959,68.61726,46.2606],[15.71292,68.63912,421.975],[15.73514,68.64702,542.301],[15.75003,68.65527,141.1263],[15.7753,68.6739,57.2324],[15.78201,68.68762,458.8923],[15.78274,68.70131,256.6004],[15.77266,68.71113,392.3888],[15.75731,68.71849,252.766],[15.73824,68.72537,79.5485],[15.72455,68.73338,90.6815],[15.7199,68.74371,39.318],[15.72176,68.75136,165.5789],[15.72956,68.75772,313.2886],[15.79163,68.7889,703.758],[15.84702,68.8357,478.0879],[15.88097,68.87657,473.0539],[15.88531,68.88675,185.4126],[15.88578,68.89533,179.9009],[15.88345,68.90375,138.7972],[15.874,68.92491,187.5876],[15.87415,68.93507,198.4979],[15.88097,68.94509,282.4384],[15.89167,68.95223,296.7699],[15.90785,68.9575,12.4818]]],
[[[15.19288,68.93423,0.0],[15.19703,68.93521,0.0],[15.20655,68.94038,8.7193],[15.19256,68.94269,6.7005],[15.15138,68.96214,0.0],[15.17066,68.97378,0.0],[15.16822,68.98827,2.5724],[15.15398,69.00251,22.3007],[15.13771,69.01309,127.2455],[15.12436,69.01533,59.3325],[15.10434,69.01447,21.4363],[15.08448,69.01122,0.0],[15.00766,68.98102,0.0],[15.00929,68.96332,0.0],[15.01938,68.94477,62.5102],[15.02784,68.93423,0.0],[15.0652,68.91315,0.0],[15.07667,68.89899,7.4516],[15.0687,68.87897,0.0],[15.09156,68.8664,21.3391],[15.12029,68.85651,15.7056],[15.14568,68.84252,6.0673],[15.15886,68.81753,14.5151],[15.1233,68.82559,0.0],[15.08546,68.8452,237.1733],[15.04982,68.85277,160.3408],[15.02101,68.82494,0.0],[15.02662,68.81997,0.0],[15.0276,68.8144,0.0],[15.02426,68.80805,0.0],[15.01759,68.80048,9.8344],[15.00603,68.79385,140.8587],[14.99985,68.79926,192.9753],[14.99366,68.81753,52.2202],[14.99204,68.82486,396.105],[14.99269,68.83417,111.3417],[14.99106,68.84203,8.75],[14.97608,68.84805,283.8094],[14.95265,68.86591,0.0],[14.94117,68.85981,0.0],[14.90431,68.84545,152.4302],[14.95265,68.81753,0.0],[14.94654,68.80988,72.4678],[14.94223,68.80146,213.5658],[14.94158,68.79267,16.2139],[14.94532,68.784,16.3456],[14.92897,68.77904,20.7412],[14.90707,68.76024,21.5627],[14.89405,68.75605,0.0],[14.88006,68.75996,74.8338],[14.87233,68.76923,0.0],[14.87289,68.78046,231.2001],[14.8838,68.79023,1.8722],[14.8436,68.79629,0.0],[14.80128,68.78937,0.0],[14.71998,68.76288,0.0],[14.68653,68.75747,27.3573],[14.6797,68.76732,4.5508],[14.69207,68.81127,332.8126],[14.67897,68.81753,23.3263],[14.6858,68.82494,23.4054],[14.66944,68.83104,67.985],[14.64869,68.83295,16.0044],[14.62843,68.8299,0.0],[14.61354,68.82123,0.0],[14.6076,68.80728,0.0],[14.61647,68.79906,0.0],[14.64422,68.79023,191.0978],[14.62371,68.78449,0.0],[14.60865,68.77806,0.0],[14.59783,68.7674,0.0],[14.58961,68.7486,0.0],[14.59889,68.7473,0.0],[14.60792,68.74461,20.321],[14.61622,68.74071,0.0],[14.62379,68.73558,0.0],[14.60499,68.73517,6.7814],[14.58725,68.73908,18.5203],[14.57228,68.74632,22.2697],[14.56178,68.75605,300.8911],[14.55502,68.77041,275.9101],[14.55323,68.79434,460.0339],[14.54802,68.8039,11.9409],[14.52394,68.80707,0.0],[14.48845,68.79536,0.0],[14.45533,68.77603,0.0],[14.43816,68.75605,0.0],[14.51661,68.7425,0.0],[14.54176,68.74242,35.4289],[14.54176,68.73558,0.0],[14.46412,68.72451,31.5186],[14.42628,68.71442,0.0],[14.42506,68.7014,6.4653],[14.39454,68.70161,0.0],[14.38111,68.69766,0.0],[14.36988,68.6872,0.0],[14.38209,68.66938,0.0],[14.38795,68.66389,0.0],[14.39723,68.66047,0.0],[14.40805,68.66218,0.0],[14.4144,68.66865,4.5163],[14.42091,68.67251,9.6509],[14.4319,68.66669,0.0],[14.4192,68.65485,0.0],[14.41326,68.63642,0.0],[14.41725,68.61953,0.0],[14.43507,68.61213,0.0],[14.49195,68.60668,12.5936],[14.52068,68.60904,14.5037],[14.54493,68.62263,34.298],[14.55828,68.62726,19.7857],[14.61695,68.62572,3.329],[14.62257,68.62885,11.1352],[14.62582,68.64521,5.5787],[14.63063,68.65302,0.0],[14.66212,68.67398,7.8449],[14.67408,68.68696,75.883],[14.67897,68.70767,0.0],[14.69606,68.68757,0.0],[14.72193,68.67304,0.0],[14.75034,68.66747,2.4788],[14.77459,68.67414,46.1406],[14.78492,68.68317,0.0],[14.7964,68.701,102.8303],[14.80502,68.71137,8.1927],[14.81511,68.71475,16.8457],[14.82154,68.70722,0.0],[14.82065,68.69408,105.1929],[14.80877,68.68098,76.2619],[14.82781,68.67349,62.7684],[14.86199,68.68989,0.0],[14.88038,68.68407,49.9271],[14.90089,68.6813,7.0565],[14.9253,68.69501,45.4995],[14.94695,68.71459,0.0],[14.95883,68.7294,37.5971],[14.96111,68.72163,0.0],[14.9629,68.71906,1.2409],[14.9629,68.71621,15.7672],[14.95883,68.70767,0.0],[14.98601,68.70254,19.5681],[15.01954,68.71214,25.2449],[15.05014,68.7298,1.6883],[15.0687,68.7486,0.0],[15.01352,68.76301,0.0],[14.99366,68.76288,24.4059],[15.02605,68.77119,147.4816],[15.15138,68.75605,6.536],[15.14503,68.73957,8.6181],[15.14674,68.72553,12.3307],[15.15431,68.7132,13.8474],[15.16505,68.7014,0.0],[15.14088,68.69501,25.6504],[15.08888,68.69501,158.3359],[15.06251,68.6872,70.3486],[15.0569,68.68228,9.9696],[15.05055,68.67536,30.7856],[15.04347,68.66938,3.9882],[15.03468,68.66669,61.8788],[14.97291,68.66669,22.3865],[14.94874,68.66413,71.0399],[14.87696,68.64619,23.5561],[14.83367,68.64448,29.0991],[14.81593,68.63776,3.1978],[14.80877,68.61953,0.0],[14.80641,68.61595,0.0],[14.80812,68.61469,0.0],[14.86329,68.60521,6.5758],[14.85825,68.60204,15.0353],[14.84881,68.59455,3.313],[14.84278,68.59154,0.0],[14.87322,68.58446,0.0],[15.06267,68.57852,0.0],[15.33619,68.6529,0.0],[15.37525,68.66991,5.4335],[15.39772,68.694,33.3417],[15.39422,68.73111,77.9886],[15.35841,68.74628,0.0],[15.3117,68.75263,0.0],[15.27491,68.76288,22.4048],[15.2824,68.76557,24.4878],[15.30274,68.77656,6.4039],[15.27833,68.79182,0.0],[15.27491,68.79706,0.0],[15.28443,68.80353,212.1027],[15.29982,68.8028,63.8999],[15.32976,68.79706,3.3429],[15.35076,68.80292,84.5236],[15.36264,68.81733,17.2246],[15.37176,68.83535,56.937],[15.38404,68.85228,17.5359],[15.34783,68.84691,0.0],[15.34246,68.84886,20.4589],[15.33969,68.85554,76.5408],[15.33351,68.85871,95.4561],[15.32586,68.85871,161.9127],[15.31951,68.85541,134.2878],[15.30209,68.843,330.8252],[15.24073,68.82494,6.6274],[15.2728,68.85407,0.0],[15.28175,68.86591,14.8357],[15.29526,68.90693,2.1337],[15.27149,68.91975,13.6095],[15.21437,68.88166,176.2161],[15.18539,68.88581,12.8766],[15.19557,68.89692,15.4418],[15.20948,68.90327,18.6801],[15.24073,68.91376,18.7472],[15.21852,68.92438,0.0],[15.20623,68.92756,0.0],[15.19288,68.92739,0.7413],[15.19288,68.93423,0.0]]],
[[[15.81617,69.02363,171.7136],[15.84791,69.02924,1.391],[15.85776,69.03384,1.7484],[15.87078,69.04409,0.0],[15.87338,69.04999,2.3006],[15.87387,69.05671,4.769],[15.87713,69.06224,14.1275],[15.89324,69.0659,5.4002],[15.91017,69.07266,1.3091],[15.91481,69.07514,2.259],[15.93442,69.09333,4.3752],[15.94646,69.10187,9.8722],[15.95631,69.10554,8.4233],[15.97039,69.10895,0.0],[16.01401,69.1328,3.9266],[16.0608,69.1446,3.2689],[16.07618,69.15396,5.659],[16.0892,69.17145,11.3162],[16.09897,69.21109,0.0],[16.11427,69.23212,1.5143],[16.1316,69.24872,8.1325],[16.14674,69.26923,18.3518],[16.14991,69.29084,5.3042],[16.13152,69.31098,4.2812],[16.10157,69.31525,0.0],[15.97511,69.28718,0.0],[15.93214,69.26313,32.5232],[15.91603,69.25898,50.1117],[15.8816,69.25414,5.9962],[15.86451,69.2495,68.5026],[15.86622,69.24494,146.9329],[15.86866,69.23359,8.7298],[15.87078,69.22907,68.1858],[15.84311,69.22028,0.0],[15.79135,69.16128,0.0],[15.75807,69.14712,0.0602],[15.65992,69.1385,0.0],[15.61069,69.12568,0.0],[15.56967,69.10554,2.0346],[15.542,69.08096,0.0],[15.51759,69.05394,0.0],[15.45981,69.01309,5.7078],[15.45444,69.00056,0.0],[15.43092,68.97753,7.7404],[15.42506,68.96214,0.0],[15.42644,68.94668,0.0],[15.42905,68.9348,0.0],[15.42799,68.92463,0.0],[15.41879,68.91376,0.0],[15.43149,68.88422,0.0],[15.46404,68.88207,270.0154],[15.50148,68.89582,159.8608],[15.52866,68.91376,166.675],[15.56349,68.95136,41.9469],[15.56967,68.96214,144.4738],[15.5691,68.97773,33.1586],[15.56007,68.99014,7.0069],[15.54566,69.00031,0.0],[15.52866,69.00934,9.631],[15.54908,69.01626,11.594],[15.56674,69.01268,42.4073],[15.59645,68.99567,0.0],[15.63217,68.98664,1.0348],[15.76043,69.00568,0.0],[15.81617,69.02363,171.7136]]],
[[[-7.96255,71.17487,0.0],[-7.98355,71.18016,0.0],[-8.00365,71.18037,0.0],[-8.04564,71.17487,0.0],[-8.12312,71.17792,0.0],[-8.14745,71.17487,0.0],[-8.15392,71.17186,0.0],[-8.1754,71.15754,0.0],[-8.18737,71.15424,0.0],[-8.32567,71.14761,0.0],[-8.37515,71.12726,0.0],[-8.39778,71.11371,0.0],[-8.44302,71.07246,0.0],[-8.45141,71.06656,0.0],[-8.46801,71.05785,0.0],[-8.47643,71.05199,0.0],[-8.50744,71.0207,0.0],[-8.51684,71.01447,0.0],[-8.52697,71.01166,0.0],[-8.54882,71.01105,0.0],[-8.55761,71.00922,0.0],[-8.56225,71.00511,0.0],[-8.56623,71.00039,0.0],[-8.57266,70.99677,0.0],[-8.69274,70.98599,0.0],[-8.73095,70.97626,0.0],[-8.73274,70.97431,0.0],[-8.73485,70.97053,0.0],[-8.7386,70.96638,0.0],[-8.74462,70.96259,0.0],[-8.79044,70.94562,0.0],[-8.833,70.93732,20.0693],[-8.91633,70.93281,0.0],[-8.93639,70.92788,0.0],[-8.94481,70.92284,0.0],[-8.95352,70.91621,0.0],[-8.96467,70.91047,0.0],[-8.99572,70.90522,0.0],[-9.03197,70.88691,0.0],[-9.04662,70.88251,0.0],[-9.05846,70.8808,0.0],[-9.08658,70.88068,0.0],[-9.11742,70.8749,0.0],[-9.10973,70.86107,0.0],[-9.06607,70.83226,0.0],[-9.0703,70.82827,0.0],[-9.07531,70.81879,0.0],[-9.07974,70.81245,0.0],[-9.05435,70.80703,0.0],[-9.02013,70.80671,0.0],[-8.98656,70.81078,0.0],[-8.96312,70.81802,0.0],[-8.95425,70.82437,0.0],[-8.93757,70.83979,178.1232],[-8.92894,70.84593,18.7246],[-8.91218,70.85212,220.8851],[-8.87694,70.85773,0.0],[-8.86034,70.86298,0.0],[-8.69742,70.93814,190.8602],[-8.65811,70.94489,23.2007],[-8.61974,70.95808,3.1314],[-8.49755,70.97626,0.641],[-8.47199,70.97553,2.6788],[-8.42496,70.96516,0.0],[-8.40136,70.96259,0.0],[-8.00597,71.03254,367.7326],[-7.98302,71.04515,0.0],[-7.98819,71.06314,0.0],[-8.003,71.08576,178.2461],[-8.0089,71.10521,402.3486],[-7.98681,71.11347,11.4729],[-7.95788,71.1201,0.0],[-7.93932,71.13642,0.0],[-7.93847,71.15656,0.0],[-7.96255,71.17487,0.0]]]]}}