{"type":"Feature","properties":{"GID_1":"NOR.10_1","GID_0":"NOR","country":"Norway","province":"Nordland","VARNAME_1":"Nordlandfylke","NL_NAME_1":"NA","TYPE_1":"Fylke","ENGTYPE_1":"County","CC_1":"NA","HASC_1":"NO.NO","ISO_1":"NO-18","name":"Nordland.province"},
"geometry":{"type": "MultiPolygon","coordinates": [[[[12.0818,65.1297,6.3256],[12.0854,65.1292,56.8756],[12.087,65.1307,0.0],[12.0833,65.1312,32.1105],[12.0818,65.1297,6.3256]]],
[[[11.9813,65.2667,0.0],[11.9797,65.2662,0.0],[11.9755,65.2568,0.0],[11.9833,65.2562,0.0],[11.9911,65.2589,5.5552],[11.9995,65.2651,0.0],[11.9979,65.2667,0.0],[11.9813,65.2667,0.0]]],
[[[12.0307,65.2672,10.527],[12.037,65.2693,0.0],[12.037,65.2724,0.0],[12.0297,65.2734,0.0],[12.0271,65.2771,0.0],[12.0229,65.275,10.1611],[12.013,65.2745,5.7743],[12.0089,65.2724,0.8903],[12.0063,65.2688,0.0],[12.0068,65.2672,0.0],[12.0125,65.2646,11.9106],[12.0307,65.2672,10.527]]],
[[[12.0599,65.2995,0.0],[12.0521,65.3,15.9265],[12.0484,65.2963,0.0],[12.0521,65.2958,0.0],[12.0599,65.2995,0.0]]],
[[[11.8495,65.1859,1.959],[11.8479,65.1875,10.161],[11.8417,65.1875,0.0],[11.8396,65.1854,8.2863],[11.8417,65.1833,15.2587],[11.8495,65.1859,1.959]]],
[[[11.9667,65.1958,0.0],[11.9682,65.1974,0.0],[11.9651,65.1984,17.8264],[11.9641,65.2016,0.0],[11.9568,65.2026,9.049],[11.9578,65.2057,0.0],[11.9563,65.2063,0.0],[11.9526,65.2057,6.6903],[11.951599999999999,65.2026,63.6069],[11.9464,65.2016,16.3717],[11.9563,65.1958,0.0],[11.9667,65.1958,0.0]]],
[[[11.9766,65.3391,5.7527],[11.9734,65.3391,0.0],[11.9724,65.3359,7.4487],[11.9672,65.3339,0.0],[11.9766,65.3339,0.0],[11.9766,65.3391,5.7527]]],
[[[11.9729,65.3417,0.0],[11.9745,65.3432,1.5748],[11.9651,65.3432,0.0],[11.9667,65.3417,0.0],[11.9729,65.3417,0.0]]],
[[[11.988,65.3474,0.0],[11.9818,65.3453,0.0],[11.9797,65.3432,0.0],[11.9797,65.3401,6.6031],[11.9875,65.3396,0.0],[11.9953,65.3422,0.0],[11.9974,65.3516,0.0],[11.9943,65.3516,0.0],[11.9932,65.3484,13.3446],[11.988,65.3474,0.0]]],
[[[12.0292,65.3792,10.0216],[12.0276,65.3776,3.5033],[12.0307,65.3776,0.0],[12.0307,65.3786,0.0],[12.0292,65.3792,10.0216]]],
[[[12.0109,65.3776,0.0],[12.0146,65.3771,0.0],[12.0161,65.3786,0.0],[12.0125,65.3792,0.0],[12.0109,65.3776,0.0]]],
[[[12.0708,65.3812,0.0],[12.0724,65.3828,0.0],[12.063,65.3828,0.0],[12.0646,65.3812,8.3592],[12.0708,65.3812,0.0]]],
[[[12.0375,65.3979,0.0],[12.0411,65.3995,0.0],[12.0292,65.4,15.3545],[12.025,65.4021,16.3661],[12.0083,65.4021,0.0],[12.0005,65.3995,0.0],[12.0005,65.3964,0.0],[12.0036,65.3943,3.7041],[11.9984,65.3922,2.1594],[12.0016,65.3912,0.0],[12.0005,65.388,0.0],[12.0021,65.3875,3.0277],[12.0245,65.387,0.0],[12.0193,65.3849,0.0],[12.0172,65.3807,0.0],[12.0188,65.3792,0.0],[12.0224,65.3797,0.0],[12.0234,65.3828,0.0],[12.0313,65.3854,0.0],[12.0333,65.3833,0.0],[12.0318,65.3797,3.3707],[12.0333,65.3792,1.6857],[12.0396,65.3812,0.0],[12.0458,65.3812,0.0],[12.0495,65.3839,0.0],[12.0505,65.3891,10.3217],[12.0557,65.3901,0.0],[12.0542,65.3917,1.0366],[12.0479,65.3917,0.0],[12.0437,65.3875,0.0],[12.0396,65.3917,4.4901],[12.0234,65.3922,7.5817],[12.0286,65.3943,0.0],[12.0297,65.3974,3.0884],[12.0375,65.3979,0.0]]],
[[[12.014099999999999,65.4089,2.0484],[12.0161,65.412,2.0114],[12.0109,65.412,0.0],[12.0109,65.4089,2.3568],[12.014099999999999,65.4089,2.0484]]],
[[[12.0292,65.4083,0.0],[12.0313,65.4104,0.0],[12.0292,65.4125,0.0],[12.0255,65.4089,0.0],[12.0292,65.4083,0.0]]],
[[[12.0292,65.4167,19.1217],[12.025,65.4167,0.0],[12.0172,65.413,5.9561],[12.025,65.4125,0.0],[12.0328,65.4151,0.0],[12.0292,65.4167,19.1217]]],
[[[12.1453,65.1182,118.4836],[12.1396,65.1208,36.7846],[12.1359,65.1172,90.5124],[12.1437,65.1167,143.863],[12.1453,65.1182,118.4836]]],
[[[12.4428,65.3629,6.9821],[12.4583,65.3688,62.15],[12.4688,65.3688,0.0],[12.4703,65.3672,56.7753],[12.4589,65.3641,12.8707],[12.4547,65.3609,44.2843],[12.4604,65.3604,5.6251],[12.4708,65.3646,43.4096],[12.4771,65.3646,27.4876],[12.4792,65.3625,153.8816],[12.4786,65.3609,256.2032],[12.4708,65.3583,326.1801],[12.4609,65.3578,211.0791],[12.4521,65.3521,70.1664],[12.4458,65.3521,0.0],[12.4276,65.3474,91.4838],[12.4349,65.3432,0.0],[12.437,65.3401,0.0],[12.4292,65.3396,0.0],[12.4214,65.337,0.0],[12.4182,65.3318,0.0],[12.4089,65.3287,0.0],[12.412,65.3255,12.4458],[12.4068,65.3245,2.2783],[12.4047,65.3214,0.0],[12.4104,65.3187,0.0],[12.4271,65.3187,4.5941],[12.4286,65.3203,29.0293],[12.4255,65.3224,0.0],[12.4474,65.3276,0.0],[12.45,65.3313,14.4643],[12.4583,65.3313,0.0],[12.4625,65.3333,0.0],[12.4641,65.3318,23.6932],[12.4589,65.3276,0.0],[12.4688,65.3271,0.0],[12.4703,65.3255,4.9169],[12.4625,65.325,0.0],[12.4583,65.3229,179.7848],[12.4443,65.3224,5.2624],[12.4474,65.3193,0.0],[12.4422,65.3172,20.8918],[12.4453,65.3161,36.3473],[12.4464,65.313,0.0],[12.4495,65.3109,213.3864],[12.4401,65.3099,98.6655],[12.4354,65.3063,224.5057],[12.425,65.3063,131.5914],[12.4188,65.3083,51.0403],[12.4146,65.3042,377.9833],[12.3979,65.3042,367.3314],[12.3917,65.3083,178.5981],[12.3854,65.3063,245.3944],[12.3792,65.3083,142.7691],[12.375,65.3063,146.681],[12.3672,65.3057,61.7959],[12.3703,65.3037,181.1302],[12.3688,65.3021,185.5901],[12.3625,65.3021,117.2922],[12.3583,65.3042,12.501],[12.3505,65.3016,0.0],[12.3521,65.3,25.7218],[12.3625,65.3,189.2357],[12.3641,65.2984,278.4379],[12.3589,65.2974,177.9566],[12.3557,65.2943,271.293],[12.3479,65.2917,242.4885],[12.3359,65.2911,44.2065],[12.3333,65.2875,29.0365],[12.337,65.2839,75.6291],[12.3318,65.2828,0.0],[12.3297,65.2807,0.0],[12.3292,65.2771,0.0],[12.3297,65.2755,0.0],[12.3354,65.275,110.9879],[12.337,65.2734,111.6285],[12.3318,65.2724,89.5537],[12.3307,65.2693,121.5164],[12.3255,65.2682,46.0945],[12.3224,65.2651,53.9892],[12.3172,65.2641,52.1322],[12.3099,65.2589,0.0],[12.2943,65.2578,0.0],[12.2943,65.2547,0.0],[12.2974,65.2526,0.0],[12.2818,65.2516,0.0],[12.2786,65.2443,64.3195],[12.2568,65.2391,0.0],[12.2505,65.2349,0.0],[12.2536,65.2328,54.6368],[12.2526,65.2297,14.9719],[12.275,65.2271,8.9743],[12.2807,65.2297,0.0],[12.2839,65.2349,33.8613],[12.2891,65.2359,0.0],[12.2943,65.2453,10.2014],[12.3036,65.2464,0.0],[12.3068,65.2516,5.2541],[12.312,65.2526,0.0],[12.3151,65.2578,0.0],[12.3208,65.2562,0.0],[12.3333,65.2562,0.0],[12.3417,65.2604,37.7474],[12.3516,65.2609,0.0],[12.3604,65.2667,0.0],[12.3771,65.2667,0.0],[12.3813,65.2688,12.8434],[12.387,65.2651,43.8791],[12.3688,65.2625,26.0676],[12.3672,65.2609,17.5826],[12.3745,65.2599,5.2112],[12.3755,65.2568,0.0],[12.3813,65.2562,0.0],[12.3917,65.2604,0.0],[12.4042,65.2604,4.8922],[12.4089,65.2662,17.5829],[12.4167,65.2667,0.0],[12.4208,65.2688,25.5928],[12.4292,65.2646,0.0],[12.4396,65.2646,5.4042],[12.4453,65.262,0.0],[12.4401,65.2599,9.2798],[12.4417,65.2583,0.0],[12.4578,65.2578,0.0],[12.4578,65.2547,32.9419],[12.4563,65.2542,15.8332],[12.45,65.2562,0.0],[12.4396,65.2521,7.756],[12.4318,65.2516,30.9762],[12.4313,65.25,0.0],[12.4375,65.2479,52.4002],[12.4917,65.2458,7.5],[12.5083,65.2521,74.0781],[12.5349,65.2516,271.9657],[12.5271,65.2479,411.8344],[12.5047,65.2474,30.4466],[12.5203,65.2412,107.7094],[12.5193,65.238,32.2296],[12.5234,65.2359,44.5],[12.5328,65.2349,108.2942],[12.5307,65.2297,334.8936],[12.5292,65.2292,375.3938],[12.5214,65.2297,344.6053],[12.5104,65.2354,169.5676],[12.4984,65.2359,130.6122],[12.5036,65.2391,15.8272],[12.4979,65.2417,26.5533],[12.4667,65.2375,320.3132],[12.4542,65.2417,215.076],[12.4438,65.2417,305.8974],[12.4313,65.2458,183.4332],[12.4146,65.2438,198.9603],[12.4089,65.2464,81.8332],[12.4099,65.2495,7.9955],[12.4063,65.25,0.0],[12.4047,65.2495,8.2709],[12.4036,65.2443,191.1935],[12.3958,65.2417,275.518],[12.3854,65.2438,173.6834],[12.3813,65.2417,264.4482],[12.3625,65.2396,97.4407],[12.3599,65.2359,140.3459],[12.3521,65.2333,110.0334],[12.338,65.2328,0.0],[12.3359,65.2286,3.4454],[12.3443,65.2234,9.4272],[12.3563,65.2208,0.0],[12.3604,65.2229,0.0],[12.3708,65.2229,0.0],[12.375,65.225,4.1382],[12.3917,65.225,0.0],[12.3964,65.2286,0.0],[12.4042,65.2312,0.0],[12.4146,65.2312,0.0],[12.4188,65.2333,26.1323],[12.425,65.2333,10.7283],[12.4297,65.2276,0.0],[12.4411,65.2224,0.0],[12.4417,65.2208,0.0],[12.4411,65.2193,0.0],[12.4359,65.2182,0.0],[12.4276,65.212,0.0],[12.4276,65.2089,19.4015],[12.4318,65.2068,0.0],[12.4375,65.2083,6.6232],[12.4521,65.2083,16.4697],[12.4604,65.2042,0.0],[12.4682,65.2037,27.4308],[12.4672,65.2005,0.0],[12.4771,65.1958,1.525],[12.4938,65.1958,0.0],[12.4979,65.2,12.6006],[12.5047,65.1964,0.0],[12.5125,65.1958,7.807],[12.5182,65.1932,55.1097],[12.5203,65.1911,254.0027],[12.5203,65.188,409.4606],[12.5083,65.1875,378.9702],[12.5021,65.1896,171.58],[12.4995,65.1859,429.0164],[12.4917,65.1833,529.0013],[12.4708,65.1833,110.2649],[12.4667,65.1854,7.307],[12.4625,65.1833,25.0785],[12.4563,65.1833,1.1313],[12.4521,65.1854,0.0],[12.4375,65.1854,0.0],[12.4292,65.1896,0.0],[12.4229,65.1896,0.0],[12.4188,65.1875,52.1001],[12.4146,65.1896,7.1223],[12.4083,65.1896,0.0],[12.4005,65.187,41.2544],[12.3979,65.1833,141.75],[12.3839,65.1828,76.1836],[12.3828,65.1797,93.1162],[12.3792,65.1771,174.4107],[12.3672,65.1766,13.5813],[12.362,65.1693,221.6514],[12.3568,65.1682,98.0086],[12.3526,65.1578,40.3641],[12.3542,65.1563,18.9466],[12.3599,65.1557,145.5218],[12.3625,65.1521,0.0],[12.3729,65.1521,147.2301],[12.3797,65.1484,55.0801],[12.3938,65.1458,55.9254],[12.4005,65.1422,0.0],[12.4104,65.1396,0.0],[12.4208,65.1396,86.6651],[12.425,65.1375,0.0],[12.4604,65.1375,8.81],[12.4646,65.1354,0.0],[12.4688,65.1375,0.0],[12.4729,65.1333,0.0],[12.4938,65.1333,0.0],[12.4979,65.1354,0.0],[12.5057,65.1359,0.0],[12.5083,65.1396,67.8121],[12.5167,65.1396,0.0],[12.5245,65.1422,0.0],[12.5255,65.1453,25.6163],[12.5432,65.1505,0.0],[12.5505,65.1557,78.2004],[12.5583,65.1563,0.0],[12.5661,65.1589,0.0],[12.5693,65.1641,90.698],[12.5911,65.1693,0.0],[12.5922,65.1724,96.328],[12.6063,65.1729,0.0],[12.6089,65.1766,50.0027],[12.6417,65.1875,23.9428],[12.6521,65.1875,0.0],[12.6599,65.1901,0.0],[12.6646,65.1937,0.0],[12.6813,65.1958,0.0],[12.6891,65.1984,0.0],[12.6964,65.2037,0.0],[12.7063,65.2042,0.0],[12.7089,65.2078,0.0],[12.7182,65.2089,0.0],[12.7214,65.212,0.0],[12.7292,65.2146,0.0],[12.737,65.2151,0.0],[12.7401,65.2203,0.0],[12.7453,65.2214,0.0],[12.7464,65.2245,82.0057],[12.7516,65.2255,0.0],[12.7578,65.2297,0.0],[12.763,65.2391,81.1447],[12.787,65.2464,0.0],[12.7896,65.25,0.0],[12.7995,65.2505,0.0],[12.8005,65.2536,0.0],[12.8057,65.2547,0.0],[12.8109,65.2641,0.0],[12.8286,65.2693,0.0],[12.8318,65.2766,0.0],[12.8401,65.2828,6.4602],[12.8479,65.2833,0.0],[12.862,65.288,0.0],[12.8651,65.2953,0.0],[12.8703,65.2963,0.0],[12.8734,65.3016,5.6304],[12.8813,65.3042,0.0],[12.889099999999999,65.3047,0.0],[12.8922,65.3078,0.0],[12.8974,65.3089,0.0],[12.8984,65.312,0.0],[12.9036,65.313,0.0],[12.9068,65.3161,0.0],[12.9146,65.3167,0.0],[12.9224,65.3193,0.0],[12.9193,65.3224,5.1298],[12.9286,65.3234,0.0],[12.9318,65.3287,9.744],[12.9458,65.3313,0.0],[12.9474,65.3297,0.9287],[12.9453,65.3276,20.3375],[12.9401,65.3255,0.0],[12.9479,65.325,1.1407],[12.9542,65.3271,0.0],[12.9599,65.3245,1.4123],[12.9589,65.3214,0.0],[12.962,65.3193,30.6916],[12.9578,65.3109,56.2806],[12.9526,65.3099,59.9754],[12.951599999999999,65.3068,274.5928],[12.9464,65.3068,208.2216],[12.9474,65.3099,8.5695],[12.9438,65.3104,0.0],[12.9396,65.3063,97.0377],[12.9271,65.3063,0.0],[12.925,65.3042,17.3789],[12.9286,65.3016,27.3209],[12.9266,65.2963,131.37],[12.9188,65.2937,137.9864],[12.9109,65.2953,0.0],[12.9141,65.2922,126.8705],[12.9063,65.2896,106.4261],[12.8922,65.2891,19.0609],[12.8901,65.2818,352.8819],[12.8974,65.2776,699.0734],[12.8833,65.2771,572.247],[12.8792,65.275,681.9521],[12.875,65.2771,351.0122],[12.8688,65.2771,106.3208],[12.8547,65.2724,0.0],[12.8578,65.2693,70.1547],[12.8484,65.2682,0.0],[12.8516,65.2651,212.6438],[12.8401,65.262,0.0],[12.838,65.2599,0.0],[12.8411,65.2568,207.9429],[12.8297,65.2536,0.0],[12.8286,65.2505,0.0],[12.8234,65.2495,0.0],[12.8224,65.2464,50.727],[12.8109,65.2432,0.0],[12.8057,65.2359,0.0],[12.7964,65.2328,0.0],[12.7896,65.2208,0.0],[12.7932,65.2182,0.0],[12.7911,65.213,0.0],[12.7875,65.2125,0.0],[12.7818,65.2151,18.3887],[12.7828,65.2182,0.0],[12.7813,65.2188,8.4118],[12.7734,65.2182,0.0],[12.7724,65.2151,24.5834],[12.7589,65.2099,0.0],[12.7557,65.2026,223.5899],[12.7479,65.2021,125.7819],[12.7375,65.1979,31.8849],[12.7313,65.1979,0.0],[12.7266,65.1943,160.238],[12.7188,65.1937,211.0538],[12.6984,65.187,135.5118],[12.6974,65.1839,381.2037],[12.688,65.1828,109.5755],[12.6828,65.1734,401.6803],[12.6526,65.1641,0.0],[12.6526,65.1609,0.0],[12.6583,65.1604,0.0],[12.6641,65.1578,17.9263],[12.6651,65.1547,0.0],[12.6682,65.1526,209.2149],[12.6589,65.1526,30.0315],[12.6547,65.1547,86.6051],[12.6521,65.1583,14.6494],[12.6479,65.1563,176.7058],[12.6354,65.1563,27.5994],[12.6307,65.1505,294.8755],[12.6266,65.1484,317.6008],[12.6125,65.1438,242.686],[12.6063,65.1438,172.0056],[12.5984,65.1412,125.4983],[12.5958,65.1375,110.9909],[12.5979,65.1354,7.5],[12.6063,65.1354,74.7647],[12.6104,65.1333,7.5],[12.6167,65.1333,7.5],[12.6229,65.1354,21.0591],[12.6266,65.1318,18.7063],[12.6188,65.1312,66.4076],[12.6021,65.125,448.7052],[12.6005,65.1255,376.4472],[12.6016,65.1307,125.8941],[12.6,65.1312,161.9684],[12.5938,65.1312,277.4672],[12.5896,65.1292,297.5882],[12.5792,65.1292,70.3881],[12.5667,65.1333,0.0],[12.5604,65.1333,0.0],[12.5563,65.1312,77.8136],[12.55,65.1333,0.0],[12.5458,65.1312,36.2934],[12.538,65.1307,21.0149],[12.537,65.1276,154.3105],[12.5276,65.1266,78.472],[12.5214,65.1245,0.9379],[12.5167,65.1208,1.2724],[12.5063,65.1208,31.689],[12.5021,65.1229,62.2874],[12.4792,65.1125,51.9035],[12.4563,65.1125,0.0],[12.4536,65.1088,294.4852],[12.4458,65.1062,105.4506],[12.4396,65.1062,20.7654],[12.4292,65.1021,0.0],[12.4229,65.1021,0.0],[12.4188,65.1042,0.0],[12.4083,65.1,26.6645],[12.4005,65.0995,10.2063],[12.3984,65.0974,0.0],[12.4042,65.0938,0.0],[12.4188,65.0938,0.0],[12.4255,65.0901,0.0],[12.4354,65.0875,0.0],[12.4479,65.0875,0.0],[12.4568,65.0932,0.0],[12.462,65.0943,0.0],[12.4651,65.1016,3.6277],[12.4792,65.1062,0.0],[12.4891,65.1036,0.0],[12.4901,65.1005,0.0],[12.4932,65.0995,6.988],[12.4911,65.0964,0.0],[12.4818,65.0932,11.9134],[12.4849,65.0901,9.0064],[12.4797,65.0891,0.0],[12.4766,65.0859,0.0],[12.4688,65.0833,0.0],[12.4609,65.0828,0.0],[12.4583,65.0792,0.0],[12.4521,65.0792,25.3276],[12.4479,65.0771,31.7598],[12.4354,65.0771,8.2559],[12.4313,65.075,77.7066],[12.4214,65.0797,180.1435],[12.4203,65.0828,16.8503],[12.4057,65.0911,0.0],[12.4021,65.0917,0.0],[12.3979,65.0896,32.7582],[12.3896,65.0938,0.0],[12.3833,65.0938,0.0],[12.3729,65.0896,1.8383],[12.3651,65.0891,0.0],[12.3625,65.0854,0.0],[12.3438,65.0833,0.0],[12.3292,65.0792,73.4079],[12.3229,65.0813,0.0],[12.3193,65.0766,0.5126],[12.3224,65.0745,0.0],[12.3224,65.0714,0.0],[12.3161,65.0672,0.0],[12.3021,65.0687,0.0],[12.2938,65.0646,6.1421],[12.2813,65.0646,0.0],[12.2786,65.0609,22.5161],[12.2672,65.0599,0.0],[12.2661,65.0568,24.8032],[12.2583,65.0542,59.0055],[12.2505,65.0547,0.0],[12.2521,65.0583,0.0],[12.25,65.0604,0.0],[12.2354,65.0604,0.0],[12.2208,65.0563,14.5919],[12.2021,65.0542,0.0],[12.2005,65.0526,73.8851],[12.2036,65.0505,209.5344],[12.1958,65.05,262.2702],[12.1917,65.0479,364.0398],[12.1875,65.05,84.8709],[12.175,65.05,0.0],[12.1708,65.0458,0.0],[12.1583,65.0458,0.0],[12.1542,65.0437,21.2622],[12.15,65.0458,0.0],[12.1354,65.0458,15.3218],[12.1313,65.0479,0.0],[12.1208,65.0437,78.4447],[12.113,65.0443,0.0],[12.1182,65.0463,0.0],[12.1208,65.05,0.0],[12.1333,65.05,0.0],[12.1375,65.0521,5.7141],[12.1542,65.0521,0.0],[12.1583,65.0563,0.0],[12.1646,65.0563,0.0],[12.1688,65.0542,0.0],[12.1854,65.0542,0.0],[12.1896,65.0583,14.1975],[12.1938,65.0563,0.0],[12.1974,65.0568,0.0],[12.2,65.0604,8.7355],[12.2271,65.0604,0.0],[12.2438,65.0667,19.048],[12.2516,65.0672,0.0],[12.2646,65.0729,21.043],[12.2745,65.0734,0.0],[12.2797,65.0766,0.0],[12.3036,65.0839,0.0],[12.3063,65.0875,39.0125],[12.3167,65.0875,54.9485],[12.3229,65.0854,0.0],[12.3333,65.0896,24.72],[12.3411,65.0901,0.0],[12.3411,65.0932,17.4169],[12.3396,65.0938,17.9497],[12.3234,65.0943,0.0],[12.325,65.0958,0.0],[12.3328,65.0964,0.0],[12.3349,65.0984,0.0],[12.3349,65.1016,0.0],[12.3318,65.1036,5.5062],[12.3359,65.1099,0.0],[12.3411,65.1109,0.0],[12.3354,65.1146,0.0],[12.3146,65.1146,133.7671],[12.3063,65.1188,0.0],[12.2854,65.1125,332.4564],[12.2792,65.1125,374.4023],[12.275,65.1146,139.1931],[12.2604,65.1146,0.0],[12.2589,65.113,44.0731],[12.2646,65.1125,83.8968],[12.2661,65.1109,221.2718],[12.2542,65.1104,103.873],[12.25,65.1125,0.0],[12.2458,65.1104,16.9545],[12.2422,65.1109,0.0],[12.2443,65.1162,0.0],[12.2495,65.1172,0.0],[12.2505,65.1203,4.3439],[12.262,65.1234,0.0],[12.2661,65.1318,0.0],[12.263,65.1349,10.2613],[12.2682,65.1359,0.0],[12.2693,65.1391,0.0],[12.2771,65.1417,25.2253],[12.2911,65.1422,0.0],[12.2984,65.1599,76.6417],[12.3036,65.162,0.0],[12.2917,65.1687,25.1687],[12.2854,65.1667,27.8006],[12.2734,65.1672,5.1143],[12.275,65.1729,0.0],[12.2714,65.1755,15.9725],[12.2724,65.1787,11.6247],[12.2693,65.1797,0.0],[12.2672,65.1839,8.5697],[12.2667,65.1875,0.0],[12.2682,65.1911,0.0],[12.2505,65.1943,16.5599],[12.2516,65.1995,6.4933],[12.2443,65.2005,1.8194],[12.2276,65.2089,86.7492],[12.2328,65.212,0.0],[12.2167,65.2146,0.0],[12.2125,65.2125,23.1291],[12.2047,65.212,55.9027],[12.2,65.2083,219.6803],[12.1896,65.2083,20.4232],[12.1792,65.2042,20.8544],[12.1729,65.2042,0.0],[12.1526,65.1974,0.0],[12.1516,65.1943,0.2791],[12.1438,65.1917,3.367],[12.1313,65.1917,0.0],[12.1271,65.1896,1.3877],[12.1193,65.1891,0.0],[12.1182,65.1859,14.6473],[12.113,65.1849,2.4152],[12.1161,65.1818,0.0],[12.1141,65.1797,3.9202],[12.1089,65.1787,0.0],[12.1161,65.1745,10.8089],[12.113,65.1651,0.0],[12.1167,65.1625,0.0],[12.1151,65.1568,0.0],[12.1182,65.1557,0.0],[12.113,65.1536,0.0],[12.1104,65.1479,0.0],[12.1109,65.1464,0.0],[12.1167,65.1458,20.6905],[12.1182,65.1443,22.9224],[12.113,65.1432,0.0],[12.1099,65.138,0.0],[12.1047,65.1359,0.0],[12.1078,65.1349,4.7405],[12.1089,65.1318,0.0],[12.1161,65.1286,41.4529],[12.1151,65.1234,11.9097],[12.1208,65.1208,0.0],[12.125,65.1208,0.0],[12.1292,65.1229,3.6786],[12.1479,65.125,0.0],[12.1521,65.1271,0.0],[12.162,65.1245,0.0],[12.162,65.1193,187.8868],[12.1479,65.1146,464.4057],[12.1401,65.1141,242.534],[12.1354,65.1104,500.2711],[12.1292,65.1104,488.4228],[12.125,65.1083,529.3727],[12.1104,65.1083,344.8756],[12.1078,65.112,104.8039],[12.1036,65.1141,0.0],[12.0964,65.1151,3.3219],[12.088,65.1193,39.2396],[12.0891,65.1266,0.0],[12.0755,65.1266,0.0],[12.0724,65.1214,108.2486],[12.0672,65.1203,0.0],[12.0661,65.1151,143.2665],[12.0641,65.113,120.1215],[12.0589,65.112,0.0],[12.0563,65.1062,52.3062],[12.0599,65.1026,103.2444],[12.0547,65.1016,0.0],[12.062,65.0974,0.0],[12.0609,65.0943,0.0],[12.0682,65.0911,0.0],[12.0682,65.088,0.0],[12.063,65.087,0.0],[12.0609,65.0849,0.0],[12.0609,65.0818,0.0],[12.0641,65.0797,0.0],[12.0563,65.075,41.1865],[12.0458,65.0771,0.0],[12.0359,65.0818,16.8544],[12.0411,65.0849,0.0],[12.0339,65.088,0.0],[12.0349,65.0911,0.0],[12.0172,65.0922,0.0],[12.0224,65.0974,0.0],[12.0089,65.0984,0.0],[12.0104,65.1021,0.0],[12.0099,65.1057,0.0],[12.0,65.1062,0.0],[11.9901,65.1109,3.0889],[11.9979,65.1146,3.2353],[12.0042,65.1125,13.0765],[12.0068,65.1162,0.0],[12.012,65.1172,0.0],[12.014099999999999,65.1224,0.0],[12.0109,65.1245,7.1583],[12.0161,65.1255,0.0],[12.0193,65.1328,27.3348],[12.0245,65.1339,0.0],[12.0245,65.137,11.4225],[12.0214,65.1391,0.0],[12.0234,65.1412,0.0],[12.0328,65.1443,0.0],[12.0307,65.1495,8.6232],[12.0276,65.1505,0.0],[12.0286,65.1557,0.0],[12.0214,65.1589,18.1812],[12.0224,65.162,0.0],[12.0125,65.1667,0.0],[12.0021,65.1667,6.0035],[11.9979,65.1687,0.0],[11.9917,65.1687,0.0],[11.9901,65.1682,0.0],[11.987,65.1609,3.5729],[11.9792,65.1604,14.1218],[11.9563,65.1521,59.4258],[11.95,65.1521,15.4846],[11.9333,65.1458,37.1856],[11.9255,65.1453,0.0],[11.9246,65.1426,28.7811],[11.9291,65.1438,19.917],[11.9325,65.1325,406.5914],[11.9219,65.1319,368.4694],[11.9287,65.1097,159.93],[11.9181,65.1091,53.709],[11.9235,65.0913,100.9691],[11.9129,65.0907,32.5],[11.9142,65.0863,179.8127],[11.9037,65.0857,132.3819],[11.9064,65.0768,355.9401],[11.8958,65.0762,347.0399],[11.8972,65.0718,418.2309],[11.8866,65.0712,455.6003],[11.8879,65.0668,299.3347],[11.9196,65.0684,51.0439],[11.9183,65.0729,236.0757],[11.9711,65.0756,58.1626],[11.9725,65.0712,27.7215],[12.0042,65.0728,27.4822],[12.0055,65.0684,0.0],[12.0372,65.07,31.3425],[12.0385,65.0656,22.0387],[12.0491,65.0661,0.0],[12.0544,65.0483,380.7611],[12.0439,65.0477,134.7206],[12.0505,65.0254,58.5539],[12.061,65.026,161.3006],[12.0637,65.0171,441.487],[12.0742,65.0176,422.7398],[12.0755,65.0131,476.5385],[12.0861,65.0137,445.9796],[12.0887,65.0048,246.8834],[12.0993,65.0053,120.5],[12.1006,65.0008,170.8217],[12.1111,65.0014,535.1625],[12.1098,65.0058,555.8949],[12.1203,65.0064,528.1599],[12.119,65.0108,471.1546],[12.1296,65.0114,397.7815],[12.1283,65.0158,312.0457],[12.1388,65.0164,285.8247],[12.1375,65.0208,286.3735],[12.1481,65.0214,402.7607],[12.1468,65.0258,243.2431],[12.1573,65.0264,319.1589],[12.1586,65.0219,340.2077],[12.1692,65.0225,302.921],[12.1731,65.0091,215.1812],[12.1836,65.0096,53.7429],[12.1849,65.0052,38.1668],[12.1875,64.9962,0.0],[12.177,64.9957,21.7132],[12.1835,64.9734,191.2059],[12.194,64.9739,120.4239],[12.1966,64.965,75.1229],[12.2598,64.9682,537.0857],[12.2611,64.9638,631.4952],[12.2716,64.9643,629.16],[12.2729,64.9598,615.7303],[12.2834,64.9604,577.1162],[12.2847,64.9559,561.1446],[12.2952,64.9564,446.2367],[12.294,64.9609,512.4881],[12.3045,64.9614,492.6752],[12.3032,64.9659,474.5822],[12.3243,64.9669,395.5729],[12.323,64.9714,387.2006],[12.3335,64.9719,403.999],[12.3323,64.9764,364.3747],[12.3534,64.9774,531.6159],[12.3521,64.9819,490.9438],[12.3626,64.9824,629.5132],[12.3614,64.9869,577.2949],[12.3824,64.9879,708.5979],[12.3812,64.9924,702.9645],[12.3917,64.9929,732.3456],[12.393,64.9884,696.6124],[12.4141,64.9895,691.0753],[12.4153,64.985,636.4059],[12.447,64.9866,494.1029],[12.4482,64.9821,457.3451],[12.4693,64.9832,456.1077],[12.4706,64.9787,357.1363],[12.5022,64.9802,511.262],[12.5034,64.9758,554.0117],[12.5351,64.9773,637.549],[12.5363,64.9729,461.7321],[12.5679,64.9744,714.363],[12.5692,64.9699,744.9038],[12.5797,64.9704,756.6901],[12.5822,64.9615,818.2057],[12.5927,64.962,789.485],[12.5951,64.9531,705.1158],[12.6057,64.9536,740.6282],[12.6069,64.9491,802.3091],[12.6174,64.9496,815.1203],[12.6187,64.9452,858.1609],[12.6713,64.9477,894.4218],[12.6701,64.9522,838.1394],[12.7017,64.9537,825.0801],[12.7029,64.9492,768.2386],[12.7135,64.9497,845.3839],[12.7147,64.9453,726.197],[12.7357,64.9463,809.116],[12.7369,64.9418,775.7833],[12.7896,64.9443,706.134],[12.7872,64.9532,772.1218],[12.7767,64.9527,693.1423],[12.7707,64.975,783.2402],[12.8129,64.977,750.5378],[12.8141,64.9725,790.374],[12.8562,64.9745,735.1489],[12.8574,64.97,747.915],[12.8996,64.972,590.8477],[12.8984,64.9765,590.2239],[12.9195,64.9774,617.7354],[12.9172,64.9864,900.6851],[12.9277,64.9869,953.9846],[12.9242,65.0003,633.3199],[12.9348,65.0008,702.6064],[12.9301,65.0186,710.3804],[12.9289,65.0231,722.3043],[12.9183,65.0226,779.5265],[12.9171,65.0271,771.2632],[12.9066,65.0266,757.7372],[12.9054,65.031,761.3651],[12.916,65.0315,795.2319],[12.9148,65.036,861.5798],[12.9254,65.0365,884.4079],[12.9242,65.041,826.0608],[12.9665,65.0429,847.7725],[12.9676,65.0384,887.9955],[12.9782,65.0389,888.1797],[12.9747,65.0523,735.3137],[12.9853,65.0528,760.7266],[12.9818,65.0662,807.6935],[12.9924,65.0667,889.9252],[12.9912,65.0711,869.583],[13.0547,65.074,829.8563],[13.0524,65.083,575.4618],[13.063,65.0834,557.4369],[13.0618,65.0879,597.0265],[13.0724,65.0884,593.3262],[13.0701,65.0973,723.5214],[13.0807,65.0978,674.5475],[13.0796,65.1023,741.3153],[13.0902,65.1027,689.3312],[13.0879,65.1117,849.4982],[13.1833,65.1159,643.7518],[13.1844,65.1115,586.6221],[13.2163,65.1128,328.8318],[13.2174,65.1084,329.8592],[13.2598,65.1102,276.5802],[13.261,65.1058,290.0386],[13.2928,65.1072,475.7311],[13.2939,65.1027,455.9108],[13.3681,65.1059,273.3748],[13.3692,65.1014,279.3504],[13.4753,65.1059,572.7906],[13.4742,65.1104,568.6337],[13.506,65.1118,833.8743],[13.505,65.1162,797.0017],[13.5474,65.118,1006.634],[13.5485,65.1135,1008.4191],[13.6122,65.1162,662.1252],[13.6132,65.1117,713.578],[13.6663,65.1139,649.0],[13.6674,65.1094,659.13],[13.7523,65.1129,864.8725],[13.7533,65.1084,838.3657],[13.7852,65.1097,870.2538],[13.7841,65.1142,826.1616],[13.816,65.1154,692.2126],[13.8149,65.1199,701.5217],[13.953,65.1254,1072.4133],[13.952,65.1299,1018.0694],[14.0264,65.1328,1043.2915],[14.0274,65.1283,1135.322],[14.0593,65.1295,1012.739],[14.0603,65.125,1098.3086],[14.0815,65.1258,1079.5549],[14.0805,65.1303,1035.193],[14.1124,65.1315,1150.399],[14.1114,65.136,1042.8787],[14.1433,65.1372,1282.1842],[14.1423,65.1417,1241.8015],[14.153,65.1421,1320.9186],[14.1539,65.1376,1369.368],[14.1646,65.138,1360.4337],[14.1655,65.1336,1172.5703],[14.1868,65.1344,1423.6332],[14.1878,65.1299,1426.396],[14.1984,65.1303,1426.8937],[14.1994,65.1258,1194.3895],[14.2206,65.1266,1174.3567],[14.2216,65.1221,1097.0764],[14.2429,65.1229,1183.1036],[14.2438,65.1184,1134.2682],[14.2651,65.1192,1199.6135],[14.266,65.1148,1133.4],[14.2873,65.1155,1132.6014],[14.2882,65.1111,1178.8313],[14.2989,65.1115,1093.0758],[14.2998,65.107,999.3807],[14.3104,65.1074,1019.2405],[14.3095,65.1118,1062.2557],[14.3201,65.1122,994.4559],[14.3191,65.1167,1099.9086],[14.3298,65.1171,1075.2239],[14.3269,65.1305,941.6906],[14.3376,65.1309,912.3458],[14.3338,65.1488,969.4708],[14.3444,65.1492,997.8251],[14.3406,65.1671,1191.5881],[14.3513,65.1675,1232.906],[14.3475,65.1854,804.2796],[14.3581,65.1858,813.0912],[14.3553,65.1993,1017.0386],[14.3659,65.1996,1064.8689],[14.3621,65.2176,1345.6274],[14.3728,65.2179,1243.8551],[14.369,65.2359,921.8884],[14.3797,65.2362,896.3044],[14.3769,65.2497,915.6791],[14.3875,65.2501,927.8516],[14.3866,65.2545,903.489],[14.3973,65.2549,940.0713],[14.3963,65.2594,911.634],[14.407,65.2598,940.7957],[14.4061,65.2643,957.6836],[14.4168,65.2646,921.8052],[14.4158,65.2691,898.7449],[14.4265,65.2695,838.167],[14.4256,65.274,849.2088],[14.4363,65.2744,816.4775],[14.4353,65.2788,756.7603],[14.446,65.2792,780.5457],[14.4451,65.2837,759.7991],[14.4558,65.2841,792.015],[14.4548,65.2886,746.8304],[14.4655,65.2889,739.343],[14.4646,65.2934,798.5914],[14.4753,65.2938,767.652],[14.4744,65.2983,709.3042],[14.4958,65.299,615.8895],[14.4948,65.3035,609.8806],[14.5055,65.3039,608.0067],[14.5018,65.3218,752.3769],[14.5125,65.3222,748.8809],[14.4977,65.3939,833.4663],[14.5084,65.3942,905.222],[14.4963,65.4525,610.2927],[14.5071,65.4528,654.2416],[14.4949,65.5111,795.1862],[14.5057,65.5115,709.3773],[14.5001,65.5383,971.9595],[14.5109,65.5387,887.9155],[14.5062,65.5611,981.1028],[14.517,65.5615,913.6543],[14.5133,65.5794,826.1116],[14.5241,65.5798,804.7369],[14.5156,65.6201,946.8493],[14.5265,65.6205,945.6136],[14.5227,65.6384,905.2761],[14.5336,65.6388,886.5693],[14.5289,65.6612,784.8301],[14.5397,65.6615,787.3311],[14.5341,65.6884,741.7704],[14.545,65.6888,750.4727],[14.5412,65.7067,779.946],[14.5521,65.7071,785.7122],[14.5502,65.716,618.631],[14.5611,65.7164,593.7281],[14.5583,65.7299,525.0439],[14.5692,65.7302,492.2836],[14.5673,65.7392,512.8308],[14.5782,65.7396,548.6716],[14.5754,65.753,608.0479],[14.5863,65.7534,669.8514],[14.5844,65.7623,619.9385],[14.5953,65.7627,596.8593],[14.5925,65.7762,764.5625],[14.6034,65.7765,783.8026],[14.6015,65.7855,712.0709],[14.6124,65.7859,686.7573],[14.6106,65.7948,553.8771],[14.6215,65.7952,563.2601],[14.6187,65.8086,743.8091],[14.6296,65.809,773.4423],[14.6259,65.8269,674.904],[14.615,65.8265,772.4509],[14.6056,65.8714,786.2822],[14.5947,65.871,987.0145],[14.5731,65.974,1028.3099],[14.5621,65.9737,1059.7352],[14.5374,66.0901,595.5],[14.5264,66.0898,595.5],[14.5168,66.1346,610.7523],[15.0364,66.1515,627.311],[15.0355,66.156,631.5029],[15.0576,66.1567,687.3297],[15.0568,66.1612,645.4124],[15.0678,66.1615,692.5048],[15.067,66.166,637.548],[15.0891,66.1667,778.8159],[15.0882,66.1711,654.4887],[15.1104,66.1718,720.0439],[15.1095,66.1763,740.178],[15.1206,66.1766,839.3914],[15.1197,66.1811,940.4146],[15.1419,66.1818,899.0817],[15.141,66.1863,724.6955],[15.1632,66.187,762.7466],[15.1623,66.1914,771.8497],[15.1734,66.1918,765.9921],[15.1726,66.1963,829.6235],[15.1947,66.1969,874.1307],[15.1939,66.2014,896.3992],[15.2161,66.2021,848.7553],[15.2152,66.2066,892.6266],[15.2263,66.2069,899.2457],[15.2255,66.2114,927.3298],[15.2477,66.212,870.6431],[15.2468,66.2165,773.3035],[15.2579,66.2168,735.5232],[15.2571,66.2213,738.4449],[15.2793,66.222,695.9016],[15.2784,66.2265,692.8747],[15.3006,66.2271,709.1998],[15.2998,66.2316,707.5908],[15.3109,66.2319,706.2824],[15.3101,66.2364,708.2371],[15.3323,66.237,717.1063],[15.3315,66.2415,732.1181],[15.3537,66.2422,836.2029],[15.3528,66.2467,782.9506],[15.364,66.247,784.5834],[15.3631,66.2515,763.8234],[15.3853,66.2521,767.4618],[15.3845,66.2566,770.1001],[15.4068,66.2572,756.3169],[15.406,66.2617,758.7021],[15.4171,66.262,761.181],[15.4163,66.2665,771.9682],[15.4385,66.2671,755.2248],[15.4377,66.2716,742.7418],[15.4599,66.2723,764.15],[15.4591,66.2767,753.1437],[15.4702,66.2771,736.0278],[15.4694,66.2815,709.6149],[15.4806,66.2819,672.2051],[15.4742,66.3177,742.5498],[15.463,66.3174,691.7319],[15.4566,66.3533,1048.6168],[15.4455,66.353,1017.712],[15.4398,66.3844,1071.5961],[15.4286,66.3841,1077.4313],[15.423,66.4155,926.2446],[15.4118,66.4152,907.7502],[15.4061,66.4466,899.6281],[15.3949,66.4463,876.0757],[15.39,66.4732,1026.2161],[15.3788,66.4729,1022.3499],[15.3763,66.4863,1185.2257],[15.3875,66.4866,1164.5776],[15.3867,66.4911,976.8781],[15.3979,66.4915,899.2278],[15.3971,66.4959,850.4253],[15.4083,66.4963,833.3885],[15.4075,66.5007,825.713],[15.4187,66.5011,830.9],[15.4179,66.5055,892.18],[15.4291,66.5059,912.4858],[15.4283,66.5103,956.5285],[15.4395,66.5107,994.1727],[15.4387,66.5152,955.9254],[15.4499,66.5155,936.3541],[15.4491,66.52,880.7701],[15.4603,66.5203,857.965],[15.4595,66.5247,860.9756],[15.4708,66.5251,874.2891],[15.4699,66.5295,912.1726],[15.4812,66.5299,953.329],[15.4804,66.5343,980.0014],[15.4916,66.5347,1019.2216],[15.4908,66.5391,1058.2211],[15.502,66.5395,1091.1172],[15.5012,66.5439,1121.1421],[15.5125,66.5443,1168.309],[15.5117,66.5487,1224.2152],[15.5229,66.5491,1242.21],[15.5221,66.5535,1247.1423],[15.5334,66.5538,1176.0038],[15.5326,66.5583,1216.7612],[15.5438,66.5586,1099.532],[15.543,66.5631,1119.0382],[15.5543,66.5634,1117.1104],[15.5535,66.5679,1137.6643],[15.5647,66.5682,1048.592],[15.5639,66.5727,987.8553],[15.5752,66.573,984.0538],[15.5744,66.5775,990.7861],[15.5856,66.5778,983.8595],[15.5849,66.5823,990.6017],[15.5961,66.5826,999.465],[15.5953,66.5871,1118.9596],[15.6066,66.5874,1280.1125],[15.6058,66.5919,1341.4685],[15.6283,66.5925,1390.2756],[15.6268,66.6015,1059.0906],[15.638,66.6018,1029.7014],[15.6365,66.6107,1229.3217],[15.6477,66.6111,1147.8086],[15.6469,66.6155,1276.1388],[15.6582,66.6158,1238.4031],[15.6567,66.6248,1189.963],[15.6679,66.6251,1142.9999],[15.6664,66.6341,1112.8068],[15.6777,66.6344,1076.4722],[15.6769,66.6389,1014.3024],[15.6882,66.6392,1035.0603],[15.6866,66.6482,980.8347],[15.6979,66.6485,997.8596],[15.6971,66.6529,1004.9918],[15.7084,66.6532,973.6975],[15.7069,66.6622,922.9438],[15.7182,66.6625,897.688],[15.7167,66.6715,1061.6971],[15.728,66.6718,1005.1925],[15.7272,66.6763,1066.0573],[15.7385,66.6766,1174.5103],[15.737,66.6855,1246.8485],[15.7483,66.6858,1194.1066],[15.7467,66.6948,1002.1035],[15.758,66.6951,935.7728],[15.7573,66.6996,907.0219],[15.7686,66.6999,853.4404],[15.7671,66.7089,841.9753],[15.7784,66.7092,778.2971],[15.7776,66.7136,756.3842],[15.7889,66.7139,712.0145],[15.7874,66.7229,673.6493],[15.7987,66.7232,705.963],[15.7972,66.7322,658.5069],[15.8086,66.7325,714.9949],[15.8078,66.737,785.4932],[15.8191,66.7373,771.8448],[15.8176,66.7462,702.4538],[15.829,66.7465,688.0616],[15.8282,66.751,627.4041],[15.8395,66.7513,611.1729],[15.838,66.7603,662.9228],[15.8494,66.7606,688.5971],[15.8479,66.7695,976.5106],[15.8592,66.7698,1049.0386],[15.8585,66.7743,1255.4384],[15.8698,66.7746,1236.1339],[15.8683,66.7836,1244.0156],[15.8797,66.7839,1091.4884],[15.8789,66.7884,1003.812],[15.8903,66.7886,920.9014],[15.8888,66.7976,1105.3372],[15.9002,66.7979,1244.069],[15.8987,66.8069,1206.6836],[15.91,66.8072,1201.4619],[15.9093,66.8117,1211.4855],[15.9207,66.8119,1174.2686],[15.9192,66.8209,1165.5883],[15.9306,66.8212,1243.835],[15.9298,66.8257,1072.1189],[15.9412,66.826,1124.2506],[15.9397,66.8349,1210.7472],[15.9511,66.8352,1323.2606],[15.9496,66.8442,1225.5905],[15.961,66.8445,1148.459],[15.9603,66.849,1077.7767],[15.9717,66.8493,1033.1296],[15.9702,66.8582,1134.2169],[15.9816,66.8585,1158.0343],[15.9801,66.8675,1222.0184],[15.9915,66.8678,1406.5645],[15.9908,66.8723,1478.121],[16.0022,66.8725,1310.6924],[16.0007,66.8815,1152.905],[16.0121,66.8818,1060.8851],[16.0107,66.8908,1027.6061],[16.0221,66.8911,877.5754],[16.0207,66.9,903.6352],[16.0321,66.9003,773.5861],[16.0306,66.9093,930.5301],[16.042,66.9096,804.1669],[16.0413,66.914,786.1698],[16.0527,66.9143,849.4979],[16.052,66.9188,764.2216],[16.0634,66.9191,638.1978],[16.0627,66.9236,659.2823],[16.0741,66.9239,659.2724],[16.0734,66.9283,694.6218],[16.0848,66.9286,681.017],[16.0841,66.9331,697.5527],[16.0955,66.9334,614.4575],[16.0948,66.9379,626.7651],[16.1063,66.9381,641.3414],[16.1055,66.9426,680.1192],[16.117,66.9429,683.8187],[16.1163,66.9474,723.1593],[16.1277,66.9477,745.6014],[16.127,66.9521,762.3575],[16.1384,66.9524,785.3762],[16.1377,66.9569,823.3267],[16.1491,66.9572,823.8663],[16.1484,66.9617,905.7616],[16.1599,66.9619,930.0376],[16.1592,66.9664,926.276],[16.1706,66.9667,909.2599],[16.1699,66.9712,883.2502],[16.1814,66.9714,951.9235],[16.1807,66.9759,1005.8256],[16.1921,66.9762,1397.8125],[16.1914,66.9807,1737.5421],[16.2029,66.9809,1447.3062],[16.2022,66.9854,1363.7329],[16.2136,66.9857,1376.538],[16.2129,66.9902,1273.0852],[16.2358,66.9907,1160.2546],[16.2351,66.9952,1132.5564],[16.2466,66.9955,907.6346],[16.2459,67.0,867.6241],[16.2574,67.0002,848.8231],[16.2567,67.0047,848.5864],[16.2681,67.005,848.5823],[16.2675,67.0095,961.4157],[16.2904,67.01,982.355],[16.2897,67.0145,978.2307],[16.3012,67.0147,890.9571],[16.3005,67.0192,825.6013],[16.3119,67.0195,817.7357],[16.3113,67.024,786.1276],[16.3342,67.0245,758.9271],[16.3335,67.029,725.9419],[16.345,67.0292,710.4341],[16.3443,67.0337,721.4791],[16.3558,67.034,793.9695],[16.3551,67.0385,860.2077],[16.3781,67.039,728.3947],[16.3774,67.0434,755.2385],[16.3889,67.0437,720.6554],[16.3856,67.0662,818.6665],[16.3971,67.0664,978.3006],[16.3898,67.1158,1117.4711],[16.4013,67.1161,1052.1873],[16.3947,67.161,1269.3177],[16.4062,67.1612,1595.692],[16.3983,67.2152,956.7487],[16.3867,67.2149,876.926],[16.3854,67.2239,819.5908],[16.3738,67.2236,819.0787],[16.3718,67.2371,1081.3737],[16.3603,67.2369,1044.6213],[16.3589,67.2459,1100.7317],[16.3473,67.2456,1214.6196],[16.346,67.2546,1264.7863],[16.3344,67.2543,1437.7534],[16.3331,67.2633,1623.6981],[16.3215,67.2631,1477.941],[16.3194,67.2765,993.2736],[16.3079,67.2763,926.3578],[16.3065,67.2853,926.1567],[16.2949,67.285,928.7109],[16.2935,67.294,883.0058],[16.2819,67.2937,823.4338],[16.2806,67.3027,914.071],[16.269,67.3025,953.8264],[16.2676,67.3115,1082.8149],[16.256,67.3112,1102.3396],[16.2539,67.3247,786.4068],[16.2423,67.3244,795.9043],[16.2409,67.3334,870.4915],[16.2293,67.3331,872.4123],[16.2279,67.3421,1015.0651],[16.2163,67.3419,1022.1599],[16.2149,67.3508,1088.0773],[16.2032,67.3506,1052.5846],[16.2018,67.3596,909.3462],[16.1902,67.3593,869.4987],[16.1888,67.3683,866.3434],[16.1772,67.368,855.9419],[16.175,67.3815,696.2291],[16.1634,67.3812,702.5582],[16.162,67.3902,814.9958],[16.1503,67.39,838.3839],[16.1489,67.3989,826.6151],[16.1373,67.3987,837.631],[16.1358,67.4077,902.898],[16.1242,67.4074,939.9142],[16.1227,67.4164,947.8845],[16.1111,67.4161,947.028],[16.1096,67.4251,1045.0936],[16.098,67.4248,1067.5099],[16.0943,67.4473,593.1437],[16.106,67.4475,594.3839],[16.1045,67.4565,574.5408],[16.1162,67.4568,611.382],[16.114,67.4703,680.7317],[16.1257,67.4705,727.204],[16.1235,67.484,814.8458],[16.1352,67.4843,1053.7083],[16.1338,67.4933,678.8735],[16.1455,67.4935,857.3381],[16.1433,67.507,632.2487],[16.155,67.5073,739.3688],[16.1528,67.5208,1146.7661],[16.2465,67.5229,716.1341],[16.2458,67.5274,608.5707],[16.3745,67.5302,963.4564],[16.3739,67.5347,1028.3864],[16.409,67.5354,1072.3497],[16.4083,67.5399,1040.1023],[16.42,67.5402,1048.6522],[16.4194,67.5447,1002.4938],[16.4311,67.5449,993.0858],[16.4297,67.5539,1066.3441],[16.4415,67.5541,1041.1046],[16.4408,67.5586,1062.3444],[16.4525,67.5589,1018.9272],[16.4512,67.5679,895.9965],[16.4629,67.5681,867.8119],[16.4623,67.5726,814.2725],[16.474,67.5728,788.3436],[16.4727,67.5818,703.0165],[16.4844,67.5821,682.5123],[16.4831,67.5911,636.2637],[16.4948,67.5913,607.3203],[16.4942,67.5958,573.9851],[16.5059,67.596,553.1741],[16.5046,67.605,756.461],[16.5163,67.6053,740.2776],[16.515,67.6143,826.5045],[16.5268,67.6145,763.7678],[16.5255,67.6235,732.1446],[16.5372,67.6237,736.5015],[16.5359,67.6327,686.363],[16.5477,67.633,699.5032],[16.5464,67.642,856.8591],[16.5581,67.6422,890.9224],[16.5562,67.6557,734.4681],[16.568,67.6559,717.5456],[16.5667,67.6649,711.6808],[16.5784,67.6651,739.2365],[16.5765,67.6786,892.3666],[16.5883,67.6789,934.8775],[16.5857,67.6968,1016.0819],[16.5975,67.6971,955.3239],[16.5956,67.7106,1182.7592],[16.6074,67.7108,968.8061],[16.6055,67.7243,863.4886],[16.6173,67.7245,898.5991],[16.6153,67.738,1014.6896],[16.6272,67.7382,897.5084],[16.6246,67.7562,766.5438],[16.6364,67.7564,931.0541],[16.6345,67.7699,1219.8376],[16.6463,67.7702,1100.1575],[16.6444,67.7837,1054.8933],[16.6563,67.7839,1024.1699],[16.6544,67.7974,945.2327],[16.6662,67.7976,797.92],[16.6643,67.8111,575.4722],[16.6762,67.8113,588.7722],[16.6743,67.8248,590.2148],[16.6861,67.825,633.9731],[16.6842,67.8385,672.8817],[16.6961,67.8388,862.3767],[16.6942,67.8522,728.2316],[16.7061,67.8525,784.7804],[16.7036,67.8704,933.1337],[16.7155,67.8707,769.7225],[16.7136,67.8842,757.8298],[16.7255,67.8844,764.922],[16.7236,67.8979,807.5645],[16.7355,67.8981,788.2332],[16.7336,67.9116,834.6396],[16.7455,67.9118,881.7048],[16.7449,67.9163,875.8343],[16.7568,67.9165,831.43],[16.7562,67.921,788.064],[16.7681,67.9213,691.5225],[16.7675,67.9258,615.0572],[16.7794,67.926,583.246],[16.7788,67.9305,573.9695],[16.7907,67.9307,572.2225],[16.7901,67.9352,604.6036],[16.8139,67.9356,716.4771],[16.8133,67.9401,720.4301],[16.8252,67.9404,747.7383],[16.8246,67.9449,759.5194],[16.8365,67.9451,822.6749],[16.8359,67.9496,786.7477],[16.8597,67.95,757.0909],[16.8591,67.9545,826.2678],[16.8711,67.9547,704.608],[16.8705,67.9592,732.8626],[16.8824,67.9594,687.7485],[16.8818,67.9639,808.3892],[16.8937,67.9641,998.6831],[16.8931,67.9686,968.4508],[16.917,67.9691,1194.5748],[16.9164,67.9736,1302.3948],[16.9283,67.9738,1308.1613],[16.9277,67.9783,1363.5317],[16.9397,67.9785,1307.1055],[16.9391,67.983,1204.4999],[16.963,67.9834,1162.4596],[16.9624,67.9879,1001.5307],[16.9743,67.9881,902.3536],[16.9738,67.9926,928.53],[16.9857,67.9928,886.3903],[16.9851,67.9973,1015.3577],[17.009,67.9977,1360.4072],[17.0084,68.0022,1345.2546],[17.0204,68.0024,1432.2314],[17.0198,68.0069,1186.4865],[17.0437,68.0074,885.6166],[17.0432,68.0118,870.4118],[17.0551,68.0121,685.0],[17.0545,68.0166,685.0],[17.0785,68.017,685.8581],[17.0779,68.0215,715.7422],[17.0899,68.0217,754.3174],[17.0893,68.0262,777.6424],[17.1013,68.0264,915.9313],[17.1007,68.0309,954.8312],[17.1246,68.0313,960.3066],[17.1241,68.0358,1012.9289],[17.136,68.036,910.2484],[17.1355,68.0405,911.199],[17.1594,68.0408,827.5972],[17.1589,68.0453,938.7151],[17.1709,68.0455,1014.7835],[17.1703,68.05,1099.0885],[17.1823,68.0502,1209.8485],[17.1818,68.0547,1237.9458],[17.1937,68.0549,1191.0378],[17.1926,68.0639,1081.5839],[17.2046,68.0641,996.688],[17.2041,68.0686,1129.0433],[17.2161,68.0688,1146.2238],[17.215,68.0778,946.8738],[17.227,68.078,731.6578],[17.2265,68.0825,677.0828],[17.2385,68.0827,668.6926],[17.2374,68.0917,656.0933],[17.2494,68.0919,608.5],[17.2483,68.1009,742.8129],[17.2603,68.1011,840.2458],[17.2598,68.1056,971.6765],[17.2718,68.1058,1199.4966],[17.2708,68.1147,1302.6576],[17.3068,68.1153,1047.1115],[17.3073,68.1108,1071.8275],[17.3313,68.1112,748.0726],[17.3318,68.1067,798.7139],[17.3558,68.1071,606.2836],[17.3563,68.1026,614.3555],[17.3684,68.1027,605.96],[17.3689,68.0982,614.0042],[17.3929,68.0986,628.5408],[17.3934,68.0941,727.4422],[17.4174,68.0945,719.6924],[17.4179,68.09,726.4311],[17.4299,68.0901,750.4265],[17.4304,68.0857,745.4576],[17.4543,68.086,692.3575],[17.4548,68.0815,663.8829],[17.4788,68.0819,798.8516],[17.4793,68.0774,867.1382],[17.4913,68.0775,930.7285],[17.4918,68.073,950.3749],[17.5158,68.0734,976.7178],[17.5162,68.0689,970.252],[17.5282,68.0691,967.8409],[17.5287,68.0646,978.0629],[17.5527,68.0649,1036.5846],[17.5531,68.0604,992.9191],[17.5771,68.0607,1022.589],[17.5776,68.0562,1004.5816],[17.5896,68.0564,994.9318],[17.59,68.0519,995.1967],[17.614,68.0522,1033.1935],[17.6144,68.0477,1022.0033],[17.6264,68.0479,1069.8204],[17.6269,68.0434,1072.4772],[17.6508,68.0437,1295.4078],[17.6513,68.0392,1327.0592],[17.6752,68.0396,1327.5594],[17.6757,68.0351,1256.5548],[17.6876,68.0352,1110.1398],[17.6881,68.0307,1138.9226],[17.7,68.0309,1144.5992],[17.7005,68.0264,1266.4497],[17.7124,68.0265,1217.3971],[17.7129,68.022,1292.2787],[17.7249,68.0222,1171.8069],[17.7253,68.0177,1218.3962],[17.7492,68.018,1210.1725],[17.7496,68.0135,1196.9841],[17.7616,68.0137,1210.8838],[17.762,68.0092,1224.0947],[17.774,68.0093,1315.2697],[17.7744,68.0048,1277.756],[17.7864,68.005,1283.36],[17.7868,68.0005,1302.4095],[17.7988,68.0006,1206.6611],[17.7992,67.9961,1188.5426],[17.8111,67.9963,1107.8239],[17.8115,67.9918,1180.7399],[17.8354,67.9921,1026.9862],[17.8359,67.9876,1064.0553],[17.8478,67.9877,969.7514],[17.8482,67.9832,1050.5265],[17.8602,67.9834,905.8378],[17.8606,67.9789,959.7023],[17.8725,67.979,867.0856],[17.8729,67.9745,923.2988],[17.8849,67.9747,853.43],[17.8853,67.9702,894.8065],[17.9092,67.9705,862.1917],[17.9084,67.9795,861.356],[17.9203,67.9796,964.6381],[17.9191,67.9931,914.6058],[17.9311,67.9933,914.6825],[17.9303,68.0023,914.3466],[17.9422,68.0024,914.7034],[17.9414,68.0114,923.3785],[17.9534,68.0116,945.1041],[17.9526,68.0206,952.1657],[17.9646,68.0207,954.9646],[17.9634,68.0342,947.8962],[17.9754,68.0343,945.53],[17.9746,68.0433,963.8176],[17.9866,68.0435,945.1707],[17.9858,68.0525,1033.5487],[17.9978,68.0526,1128.6266],[17.997,68.0616,1106.5527],[18.009,68.0618,1151.5847],[18.0082,68.0708,1317.5105],[18.0202,68.0709,1321.2908],[18.0191,68.0844,1425.8748],[18.0311,68.0845,1429.3702],[18.0303,68.0935,1323.1704],[18.0423,68.0937,1422.3865],[18.0416,68.1027,1084.6744],[18.0536,68.1028,1138.5325],[18.0528,68.1118,1086.9037],[18.0648,68.1119,1312.5332],[18.0641,68.1209,1405.076],[18.0761,68.1211,1416.6185],[18.0754,68.1301,1201.9772],[18.0874,68.1302,1258.7202],[18.0863,68.1437,995.0008],[18.0983,68.1438,940.7529],[18.0976,68.1528,1013.7997],[18.1096,68.153,1172.5771],[18.1089,68.162,1122.6586],[18.1209,68.1621,1207.7247],[18.1202,68.1711,1172.3219],[18.1322,68.1712,1233.0341],[18.1311,68.1847,987.3297],[18.1432,68.1849,1011.1089],[18.1425,68.1939,752.5974],[18.1545,68.194,752.918],[18.152,68.2255,1122.1145],[18.1399,68.2254,1160.1086],[18.1342,68.2974,1016.6765],[18.122,68.2973,1146.5447],[18.1162,68.3693,885.5522],[18.104,68.3692,722.4501],[18.0996,68.4232,796.0756],[18.1118,68.4233,716.574],[18.1084,68.4638,578.142],[18.1206,68.464,620.907],[18.1169,68.509,621.0562],[18.1291,68.5091,586.2657],[18.1266,68.5406,1064.6763],[18.1143,68.5405,1044.8848],[18.1136,68.5495,801.1312],[18.1013,68.5493,800.9326],[18.1006,68.5583,818.0202],[18.0883,68.5582,809.7273],[18.0876,68.5672,1215.251],[18.0753,68.5671,1247.4083],[18.0746,68.5761,1280.3508],[18.0623,68.576,1088.4639],[18.0619,68.5805,1027.7556],[18.0497,68.5803,798.57],[18.0489,68.5893,522.176],[18.0366,68.5892,572.5031],[18.0359,68.5982,856.112],[18.0236,68.5981,1029.2943],[18.0228,68.6071,1372.8966],[18.0105,68.6069,1275.2805],[18.0102,68.6114,1215.0144],[17.9856,68.6111,575.8386],[17.986,68.6066,583.3489],[17.851,68.6051,403.7316],[17.8514,68.6006,411.5619],[17.5325,68.5964,698.3913],[17.533,68.5919,682.3407],[17.4962,68.5914,401.812],[17.4967,68.5869,411.1581],[17.4599,68.5863,327.6327],[17.4604,68.5818,307.4],[17.4237,68.5813,335.5378],[17.4242,68.5768,317.7407],[17.3874,68.5763,266.9691],[17.3879,68.5718,262.5164],[17.3634,68.5714,356.0922],[17.364,68.5669,388.9053],[17.2905,68.5658,418.7111],[17.291,68.5613,401.2706],[17.1564,68.5592,478.5788],[17.1558,68.5637,465.7624],[17.0823,68.5625,543.8302],[17.0818,68.567,533.0698],[17.0083,68.5657,589.1082],[17.0077,68.5702,562.1671],[16.9342,68.569,765.3979],[16.9336,68.5735,663.9412],[16.8479,68.5719,586.1176],[16.8485,68.5674,645.4336],[16.8363,68.5672,510.8457],[16.8369,68.5627,500.3931],[16.8247,68.5625,381.3124],[16.8253,68.558,482.6207],[16.8131,68.5578,359.8063],[16.8137,68.5533,459.036],[16.8015,68.5531,338.8228],[16.8021,68.5486,334.0333],[16.7899,68.5483,360.3473],[16.7905,68.5438,333.3732],[16.7783,68.5436,160.678],[16.7789,68.5391,99.4549],[16.7667,68.5389,39.7127],[16.7673,68.5344,37.3492],[16.7428,68.534,41.3105],[16.7441,68.525,26.9059],[16.7319,68.5247,36.8706],[16.7326,68.5202,25.1666],[16.7203,68.52,66.258],[16.7216,68.511,65.7384],[16.6972,68.5106,36.0788],[16.6979,68.5061,46.1958],[16.6612,68.5054,2.3807],[16.6619,68.5009,2.5966],[16.6253,68.5002,189.9572],[16.6246,68.5047,210.0363],[16.5758,68.5037,393.3114],[16.5738,68.5172,194.4626],[16.5615,68.517,278.1013],[16.5582,68.5395,385.5662],[16.5704,68.5397,138.0908],[16.5697,68.5442,44.5245],[16.5755,68.5443,0.0],[16.5703,68.5474,0.0],[16.5625,68.5479,16.5105],[16.5568,68.5505,2.3281],[16.5578,68.5557,0.0],[16.5417,68.5583,0.0],[16.5333,68.5625,0.2545],[16.5271,68.5604,0.0],[16.5187,68.5604,0.0],[16.5141,68.5568,0.6944],[16.5005,68.5537,0.0],[16.4995,68.5505,0.0],[16.4938,68.55,0.0],[16.475,68.5437,0.0],[16.45,68.5437,0.0],[16.4458,68.5417,2.2678],[16.4354,68.5417,0.0],[16.4354,68.5396,0.0],[16.4495,68.5391,0.0],[16.4484,68.5359,0.0],[16.45,68.5354,0.0],[16.4625,68.5354,0.0],[16.4682,68.5328,2.6252],[16.4625,68.5271,0.0],[16.4562,68.5271,0.0],[16.4479,68.5313,0.0],[16.4339,68.5318,20.4322],[16.413,68.5422,0.0],[16.4141,68.5453,0.0],[16.4047,68.5463,0.0],[16.3896,68.5542,0.0],[16.3792,68.5542,6.0647],[16.375,68.5563,0.0],[16.3333,68.5563,0.0],[16.3292,68.5542,6.1232],[16.3208,68.5542,0.0],[16.3167,68.5521,0.0],[16.3021,68.5521,0.0],[16.2938,68.5458,0.0],[16.2875,68.5458,1.7157],[16.2833,68.5479,0.0],[16.2417,68.5479,0.0],[16.2313,68.5437,2.3322],[16.2255,68.5432,0.0],[16.2255,68.5401,0.0],[16.2286,68.538,6.8422],[16.2266,68.5359,8.2183],[16.2193,68.5349,0.0],[16.2172,68.5297,0.0],[16.2203,68.5276,0.0],[16.2182,68.5255,0.0],[16.2068,68.5245,0.0],[16.2099,68.5224,0.6924],[16.2083,68.5208,1.1836],[16.2021,68.5208,0.0],[16.1958,68.5229,0.0],[16.1797,68.5182,0.0],[16.1755,68.512,0.0],[16.1786,68.5089,0.0],[16.1651,68.5057,0.0],[16.1682,68.5036,0.0],[16.1661,68.5005,0.0],[16.1583,68.4979,3.0239],[16.1484,68.4974,0.0404],[16.1417,68.4896,0.0],[16.1453,68.487,0.0],[16.1443,68.4838,0.0],[16.1474,68.4828,0.0],[16.1453,68.4776,0.0],[16.1432,68.4755,0.0],[16.1297,68.4724,0.0],[16.1234,68.4641,0.0],[16.1266,68.462,0.0],[16.1245,68.4568,5.0293],[16.1172,68.4557,0.0],[16.1151,68.4516,0.0],[16.1208,68.4479,-0.1763],[16.1375,68.4479,0.0],[16.1432,68.4443,6.3727],[16.1354,68.4417,0.0],[16.1255,68.4411,0.0],[16.1182,68.4339,0.0],[16.0984,68.4287,0.0],[16.1016,68.4266,0.0],[16.0995,68.4234,9.8743],[16.0896,68.4229,0.0],[16.087,68.4193,2.6883],[16.0797,68.4182,0.0],[16.0755,68.412,0.0],[16.0786,68.4099,0.0],[16.0776,68.4068,0.0],[16.0875,68.4021,2.2637],[16.0953,68.4016,0.0],[16.088,68.3974,0.0],[16.0896,68.3958,0.0],[16.1063,68.3958,0.0],[16.1104,68.3938,0.0],[16.1286,68.3932,0.0],[16.1255,68.3859,0.0],[16.1292,68.3854,0.0],[16.1333,68.3875,13.7046],[16.1521,68.3875,6.0408],[16.1646,68.3917,52.5321],[16.1792,68.3917,0.0],[16.187,68.3943,0.0],[16.1901,68.3974,2.5738],[16.1953,68.3984,0.0],[16.2005,68.4036,0.0],[16.2083,68.4063,32.5491],[16.2167,68.4063,9.0605],[16.2208,68.4083,8.3163],[16.225,68.4083,0.0],[16.2354,68.4125,35.2847],[16.25,68.4125,0.0],[16.2536,68.4151,12.941],[16.2568,68.4203,24.6903],[16.2667,68.4208,0.0],[16.2708,68.4229,0.0],[16.2813,68.4187,0.0],[16.2979,68.4187,24.2705],[16.3021,68.4167,0.0],[16.3083,68.4187,11.7404],[16.3146,68.4167,0.0],[16.3188,68.4187,0.0],[16.3333,68.4187,0.0],[16.3458,68.4229,6.1337],[16.35,68.4187,0.0],[16.3542,68.4208,0.0],[16.3625,68.4208,0.0],[16.3667,68.4229,0.0],[16.375,68.4229,2.5269],[16.3896,68.4187,0.0],[16.3958,68.4187,0.0],[16.4,68.4208,13.9152],[16.4146,68.4208,0.0],[16.425,68.425,0.0],[16.4453,68.4297,0.0],[16.4464,68.4328,1.789],[16.4536,68.4339,0.0],[16.4568,68.437,6.3548],[16.462,68.438,0.0],[16.4661,68.4422,0.0],[16.463,68.4443,2.7273],[16.462,68.4474,0.0],[16.4547,68.4484,0.0],[16.4536,68.4516,0.0],[16.4479,68.4521,0.0],[16.4411,68.4557,0.0],[16.4333,68.4563,0.0],[16.4276,68.4589,0.0],[16.4297,68.4641,4.1594],[16.4438,68.4625,0.0],[16.4562,68.4667,23.5281],[16.4625,68.4646,0.0],[16.4667,68.4667,3.1882],[16.4771,68.4667,0.0],[16.4813,68.4688,17.3704],[16.4854,68.4667,0.0],[16.5021,68.4667,3.7877],[16.5063,68.4646,0.0],[16.5182,68.4672,0.0],[16.5182,68.4703,0.0],[16.5109,68.4734,8.4512],[16.5141,68.4786,0.0],[16.5083,68.4812,0.0],[16.5005,68.4818,30.2415],[16.5078,68.4849,0.0],[16.5021,68.4875,0.0],[16.4943,68.488,0.0],[16.4953,68.4912,0.0],[16.4938,68.4917,0.0],[16.4797,68.4922,6.8649],[16.4807,68.4953,0.0],[16.4734,68.4984,0.0],[16.4771,68.5021,11.1473],[16.4917,68.4979,0.0],[16.4979,68.4979,0.0],[16.5047,68.4943,0.0],[16.512,68.4932,7.7395],[16.513,68.4901,0.0],[16.5203,68.4891,0.0],[16.5214,68.4859,0.0],[16.5286,68.4828,0.0],[16.5234,68.4745,0.0],[16.5266,68.4724,0.0],[16.5234,68.4672,0.0],[16.5266,68.4651,3.8996],[16.513,68.4599,0.0],[16.5109,68.4568,0.0],[16.5141,68.4547,0.0],[16.512,68.4526,0.0],[16.5068,68.4516,0.0],[16.5026,68.4474,2.627],[16.5042,68.4458,0.0],[16.5354,68.4479,0.0],[16.5396,68.45,11.3963],[16.5479,68.45,0.0],[16.5521,68.4479,0.0],[16.5812,68.4479,0.0],[16.5896,68.4542,0.0],[16.6083,68.4542,4.3],[16.6125,68.4521,0.0],[16.6172,68.4557,0.6906],[16.625,68.4583,1.185],[16.6354,68.4542,0.0],[16.6417,68.4563,0.0],[16.6479,68.4542,0.0],[16.6521,68.4563,4.9822],[16.6604,68.4563,0.0],[16.6646,68.4542,0.0],[16.675,68.4542,9.6614],[16.6792,68.4521,0.0],[16.6917,68.4563,6.3724],[16.7021,68.4563,0.0],[16.7062,68.4583,1.9585],[16.7104,68.4542,11.4858],[16.7229,68.4542,0.0],[16.7271,68.4563,0.0],[16.7479,68.4583,0.0],[16.7521,68.4604,0.0],[16.7667,68.4604,0.0],[16.7771,68.4646,15.8218],[16.7875,68.4646,0.0],[16.7917,68.4667,0.0],[16.8271,68.4667,0.0],[16.8333,68.4688,69.0278],[16.8396,68.4667,0.0],[16.8458,68.4688,19.6871],[16.85,68.4667,0.0],[16.8563,68.4667,0.0],[16.8604,68.4688,2.8351],[16.875,68.4688,0.0],[16.8797,68.4724,3.0051],[16.8849,68.4734,0.0],[16.8901,68.4786,0.0],[16.8979,68.4812,0.0],[16.9078,68.4807,12.1552],[16.9047,68.4766,4.8882],[16.9063,68.475,0.0],[16.9375,68.4771,0.0],[16.9417,68.4792,0.0],[16.9562,68.4792,0.0],[16.9661,68.4818,0.0],[16.9729,68.4917,3.0061],[16.9724,68.4932,12.2864],[16.9651,68.4964,0.0],[16.9661,68.4995,0.0],[16.9604,68.5021,0.0],[16.9443,68.4995,0.0],[16.9432,68.4964,15.8692],[16.9297,68.4932,0.0],[16.9229,68.4875,35.7902],[16.9167,68.4875,0.0],[16.9146,68.4896,0.0],[16.9214,68.4974,0.0],[16.9349,68.5005,0.0],[16.937,68.5057,0.0],[16.9339,68.5078,0.0],[16.938,68.5141,4.794],[16.9479,68.5167,9.9391],[16.9688,68.5167,0.0],[16.9734,68.5224,8.5304],[16.9833,68.5229,0.0],[16.9875,68.525,11.5796],[17.0016,68.5245,0.0],[17.0016,68.5214,0.0],[16.9964,68.5162,0.0],[17.0005,68.513,0.0],[17.0146,68.5125,0.0],[17.0292,68.5083,0.0],[17.0354,68.5083,0.0],[17.0417,68.5104,0.0],[17.0542,68.5062,0.0],[17.0604,68.5062,0.0],[17.0703,68.5016,9.2332],[17.0693,68.4964,0.0],[17.0766,68.4953,0.0],[17.0776,68.4922,0.0],[17.0938,68.4896,0.0],[17.0953,68.4891,0.0],[17.0943,68.4859,0.0],[17.1036,68.4849,0.0],[17.1021,68.4833,0.0],[17.0964,68.4828,0.0],[17.0953,68.4797,0.0],[17.0917,68.4771,0.0],[17.0604,68.4771,0.0],[17.0536,68.4714,2.221],[17.0474,68.4693,10.6703],[17.0375,68.4688,0.0],[17.0276,68.4661,0.0],[17.0245,68.463,0.0],[17.0193,68.462,0.0],[17.0151,68.4578,0.0],[17.0151,68.4547,0.0],[17.0224,68.4537,8.2246],[17.0292,68.45,0.0],[17.0708,68.45,0.0],[17.075,68.4521,68.2765],[17.1,68.4521,0.0],[17.1042,68.4542,63.3864],[17.1188,68.4542,0.0],[17.1229,68.4563,116.2981],[17.1604,68.4563,0.0],[17.1646,68.4583,72.7527],[17.1917,68.4583,0.0],[17.1958,68.4604,28.0253],[17.2021,68.4583,0.0],[17.2062,68.4604,0.0],[17.2208,68.4604,0.0],[17.225,68.4625,38.7851],[17.25,68.4625,0.0],[17.2625,68.4667,18.9662],[17.2708,68.4667,0.0],[17.2932,68.4734,0.0],[17.2964,68.4766,62.5009],[17.3099,68.4797,0.0],[17.313,68.4828,0.0],[17.3182,68.4838,0.0],[17.3229,68.4875,138.1103],[17.3271,68.4875,18.4552],[17.3312,68.4896,108.6137],[17.3396,68.4896,0.0],[17.3458,68.4938,17.4945],[17.3557,68.4943,0.0],[17.3589,68.4995,34.8069],[17.3661,68.5005,0.0],[17.3693,68.5036,0.0],[17.3745,68.5047,0.0],[17.3797,68.5099,42.051],[17.3979,68.5125,0.0],[17.4021,68.5167,25.1273],[17.4063,68.5167,0.0],[17.425,68.5229,0.0],[17.4396,68.5229,0.0],[17.4438,68.525,13.2716],[17.45,68.5229,0.0],[17.4625,68.5271,0.0],[17.4813,68.5271,0.0],[17.4854,68.5292,0.0],[17.4958,68.5292,0.0],[17.5005,68.5349,5.615],[17.5141,68.538,0.0],[17.5193,68.5432,0.0],[17.5271,68.5458,0.0],[17.5375,68.5458,0.0],[17.5479,68.55,0.0],[17.5583,68.5458,0.0],[17.5641,68.5453,8.4004],[17.5651,68.5422,0.0],[17.5724,68.5391,1.8009],[17.563,68.5266,5.6615],[17.5661,68.5245,13.8684],[17.5651,68.5214,0.0],[17.5682,68.5193,25.0984],[17.5568,68.5182,0.0],[17.5536,68.5151,0.0],[17.5464,68.5141,0.0],[17.5432,68.5089,0.0],[17.5359,68.5078,0.0],[17.5391,68.5047,0.0],[17.5339,68.5026,0.0],[17.537,68.5005,5.4487],[17.5271,68.4979,4.8697],[17.5187,68.4979,0.0],[17.5141,68.4943,1.237],[17.5062,68.4917,0.0],[17.4979,68.4917,0.0],[17.4891,68.4838,0.0],[17.4755,68.4807,0.0],[17.4693,68.4724,0.0],[17.4724,68.4693,0.0],[17.4672,68.4672,0.0],[17.4771,68.4646,6.8064],[17.4958,68.4646,0.0],[17.5005,68.4682,0.0],[17.5083,68.4708,7.254],[17.5146,68.4688,0.0],[17.5229,68.4688,0.0],[17.5271,68.4708,0.0],[17.5313,68.4688,0.0],[17.5458,68.4688,0.0],[17.5536,68.4714,0.0],[17.5505,68.4745,0.0],[17.5542,68.4771,0.0],[17.5578,68.4766,0.0],[17.5568,68.4734,0.0],[17.5583,68.4729,0.0],[17.5812,68.4729,0.0],[17.5854,68.475,31.7905],[17.6271,68.475,0.0],[17.6286,68.4745,0.0],[17.6276,68.4714,38.1206],[17.6292,68.4708,0.0],[17.6375,68.4729,0.0],[17.65,68.4667,0.0],[17.6578,68.4682,37.0978],[17.6568,68.4651,0.0],[17.6583,68.4646,0.0],[17.6708,68.4646,56.0878],[17.675,68.4625,0.0],[17.687,68.462,0.0],[17.7036,68.4537,0.0],[17.7026,68.4505,0.0],[17.7057,68.4484,14.7504],[17.7026,68.4422,0.0],[17.7078,68.4422,0.0],[17.7104,68.4458,0.0],[17.7188,68.4458,0.0],[17.7313,68.4417,0.0],[17.7375,68.4417,73.6046],[17.7526,68.4339,0.0],[17.7703,68.4307,97.3725],[17.7693,68.4276,0.0],[17.7792,68.4229,0.0],[17.7917,68.4229,122.7811],[17.8,68.4187,0.0],[17.8042,68.4187,0.0],[17.8083,68.4167,0.0],[17.8208,68.4167,0.0],[17.825,68.4146,0.0],[17.8312,68.4146,0.0],[17.8354,68.4167,0.0],[17.8438,68.4167,22.9446],[17.8479,68.4146,0.0],[17.8521,68.4167,31.0255],[17.8792,68.4167,0.0],[17.8833,68.4187,0.0],[17.9,68.4167,0.0],[17.9016,68.4151,1.0324],[17.8995,68.413,31.8167],[17.8896,68.4104,298.3499],[17.8417,68.4104,37.394],[17.8312,68.4063,18.3385],[17.8125,68.4063,87.0606],[17.8083,68.4083,14.5736],[17.8005,68.4089,9.8063],[17.7938,68.4125,0.0],[17.7818,68.413,38.8434],[17.7828,68.4161,0.0],[17.775,68.4167,34.6289],[17.7667,68.4208,0.0],[17.7604,68.4208,40.2331],[17.7505,68.4255,32.8918],[17.7516,68.4287,0.0],[17.7167,68.4354,19.3061],[17.7125,68.4396,0.0],[17.6964,68.437,0.0],[17.6937,68.4333,31.4681],[17.6854,68.4333,53.144],[17.6813,68.4354,0.0],[17.6708,68.4354,70.6293],[17.6557,68.4432,0.0],[17.6479,68.4437,22.6293],[17.6396,68.4479,0.0],[17.6229,68.4479,0.0],[17.6187,68.4458,0.0],[17.5839,68.4453,95.7488],[17.5854,68.4437,167.0904],[17.5932,68.4432,131.1477],[17.6182,68.4307,559.0392],[17.6167,68.4292,673.02],[17.5771,68.4313,996.4445],[17.5755,68.4318,973.9823],[17.5766,68.4349,999.4899],[17.575,68.4354,988.999],[17.5609,68.4359,760.7847],[17.5651,68.4411,483.396],[17.5703,68.4422,347.282],[17.5724,68.4443,266.4371],[17.5693,68.4474,137.0607],[17.5724,68.4516,0.0],[17.5479,68.4521,73.275],[17.5438,68.4542,25.4451],[17.525,68.4542,0.0],[17.5187,68.45,78.0106],[17.5125,68.4521,0.0],[17.4604,68.4521,0.0],[17.4562,68.45,8.5721],[17.4479,68.45,0.0],[17.4438,68.4479,10.3437],[17.4292,68.4479,0.0],[17.425,68.4458,0.0],[17.4188,68.4479,5.8609],[17.4063,68.4479,0.0],[17.4021,68.4458,12.3948],[17.3922,68.4453,0.0],[17.3818,68.4328,19.8626],[17.3833,68.4313,14.6287],[17.3917,68.4313,38.6429],[17.3958,68.4333,59.2649],[17.4021,68.4313,5.5846],[17.4083,68.4333,10.133],[17.4245,68.4287,0.0],[17.4276,68.4234,0.0],[17.4307,68.4213,0.0],[17.4245,68.4151,4.115],[17.4193,68.4141,5.6326],[17.4172,68.412,2.2027],[17.4229,68.4083,0.0],[17.4292,68.4104,6.509],[17.4333,68.4083,0.0],[17.4411,68.4078,0.0],[17.4479,68.4042,0.0],[17.4583,68.4042,0.0],[17.4625,68.4021,0.0],[17.4792,68.4,0.0],[17.4833,68.3979,0.0],[17.5208,68.3958,45.3839],[17.525,68.3938,0.0],[17.5328,68.3932,12.6329],[17.5521,68.3854,0.0],[17.5646,68.3854,0.0],[17.5688,68.3833,0.0],[17.5792,68.3833,4.9809],[17.5833,68.3812,0.0],[17.5911,68.3807,0.0],[17.5854,68.375,0.0],[17.5708,68.375,0.0],[17.5646,68.3729,82.4992],[17.5604,68.375,29.232],[17.5542,68.375,90.353],[17.5479,68.3729,506.2147],[17.538,68.3755,500.849],[17.5313,68.3792,324.2487],[17.5146,68.3792,555.0836],[17.5062,68.3833,368.532],[17.4938,68.3833,648.8896],[17.4896,68.3854,606.8755],[17.4854,68.3854,579.0841],[17.4771,68.3896,259.7824],[17.4646,68.3896,387.4484],[17.4604,68.3917,312.1024],[17.45,68.3917,516.5087],[17.4458,68.3938,376.7383],[17.4354,68.3938,467.6295],[17.4313,68.3958,420.218],[17.425,68.3958,493.2317],[17.4151,68.4016,154.465],[17.425,68.4021,53.0776],[17.4266,68.4036,0.0],[17.4208,68.4063,0.0],[17.4151,68.4068,4.8918],[17.4109,68.4089,17.1377],[17.4099,68.412,0.0],[17.3875,68.4208,0.0],[17.3813,68.4208,7.0188],[17.3771,68.4229,0.0],[17.3667,68.4229,9.3954],[17.3625,68.425,0.0],[17.3271,68.425,0.0],[17.3146,68.4208,21.2375],[17.3083,68.4208,20.8322],[17.3021,68.4229,0.0],[17.2943,68.4203,0.0],[17.2974,68.4182,0.0],[17.2964,68.4151,0.0],[17.2995,68.413,0.0],[17.2932,68.4068,0.0],[17.288,68.4057,0.0],[17.2833,68.4021,0.0],[17.2687,68.4021,0.0],[17.2609,68.3995,0.0],[17.2578,68.3964,7.4435],[17.2443,68.3932,0.0],[17.2516,68.3891,39.5238],[17.2505,68.3859,0.0],[17.2536,68.3849,10.569],[17.2526,68.3818,0.0],[17.2563,68.3792,32.018],[17.25,68.3708,38.3135],[17.2536,68.3682,61.1617],[17.2526,68.3651,0.0],[17.262,68.3641,40.5316],[17.2609,68.3609,0.0],[17.2641,68.3599,34.3183],[17.263,68.3568,0.0],[17.2724,68.3557,45.0201],[17.2766,68.3536,82.5661],[17.2755,68.3505,0.0],[17.2786,68.3495,0.0],[17.2734,68.3432,0.0],[17.2771,68.3396,0.0],[17.2734,68.3339,0.0],[17.2807,68.3297,3.3785],[17.2708,68.325,0.0],[17.2563,68.325,0.0],[17.2547,68.3234,0.0],[17.2672,68.3172,0.0],[17.2792,68.3167,0.0],[17.2875,68.3125,0.0],[17.3042,68.3125,0.0],[17.3083,68.3104,0.0],[17.3229,68.3083,26.3463],[17.3422,68.2984,0.0],[17.3516,68.2974,10.4926],[17.3557,68.2953,0.0],[17.3547,68.2922,0.0],[17.3672,68.2859,0.0],[17.3766,68.2849,64.6592],[17.3755,68.2818,0.0],[17.3813,68.2792,0.0],[17.387,68.2786,16.4969],[17.388,68.2755,0.0],[17.3937,68.275,0.0],[17.3995,68.2724,13.0791],[17.3984,68.2672,0.0],[17.4016,68.2662,0.0],[17.4005,68.263,0.0],[17.4036,68.262,0.0],[17.4016,68.2589,0.0],[17.3964,68.2578,0.0],[17.3917,68.2542,0.0],[17.3833,68.2542,0.0],[17.3708,68.2583,0.0],[17.3568,68.2599,0.0],[17.3604,68.2562,70.3947],[17.3568,68.2516,14.4446],[17.3599,68.2484,40.9888],[17.3547,68.2412,0.0],[17.3578,68.2391,20.9731],[17.3568,68.2359,163.6058],[17.3688,68.2354,409.948],[17.3703,68.2338,451.9713],[17.3563,68.2333,301.6938],[17.3521,68.2354,128.0019],[17.3396,68.2354,0.0],[17.3354,68.2312,0.0],[17.3271,68.2312,0.0],[17.3214,68.2349,0.0],[17.3255,68.2391,0.0],[17.3307,68.2401,0.0],[17.3276,68.2432,0.0],[17.3349,68.2443,0.0],[17.337,68.2484,0.0],[17.3297,68.2536,55.9847],[17.337,68.2547,0.0],[17.3411,68.2609,0.0],[17.338,68.2641,0.0],[17.3432,68.2724,0.0],[17.3401,68.2734,0.0],[17.3411,68.2766,0.0],[17.338,68.2776,0.0],[17.3391,68.2807,0.0],[17.3312,68.2813,17.5826],[17.3083,68.2875,0.0],[17.3021,68.2875,28.86],[17.2896,68.2937,19.2906],[17.2729,68.2937,117.9747],[17.2714,68.2953,116.8618],[17.2745,68.2995,0.0],[17.2646,68.3042,0.0],[17.2526,68.3047,164.3125],[17.2516,68.3078,0.0],[17.2443,68.3109,0.7565],[17.2495,68.3182,0.0],[17.2401,68.3193,0.0],[17.2411,68.3224,0.0],[17.2339,68.3255,0.0],[17.2349,68.3287,0.0],[17.2318,68.3297,0.0],[17.237,68.3328,0.0],[17.2276,68.3339,174.5168],[17.2359,68.3432,0.0],[17.2411,68.3443,0.0],[17.2453,68.3505,0.0],[17.2422,68.3526,84.0046],[17.2432,68.3557,0.0],[17.2401,68.3568,63.5847],[17.2411,68.3599,0.0],[17.2339,68.363,96.5456],[17.237,68.3703,0.0],[17.2297,68.3714,0.0],[17.2229,68.375,0.0],[17.2151,68.3755,48.7255],[17.2161,68.3786,3.4026],[17.2078,68.3828,0.0],[17.2021,68.3854,0.0],[17.1943,68.3859,14.9698],[17.1974,68.3901,0.0],[17.1958,68.3917,0.0],[17.1875,68.3896,25.969],[17.1792,68.3938,0.0],[17.1729,68.3938,0.0],[17.1667,68.3917,21.7019],[17.1625,68.3938,0.0],[17.1333,68.3938,0.0],[17.1208,68.3896,0.0],[17.1146,68.3896,0.0],[17.1104,68.3917,0.0],[17.0979,68.3917,0.0],[17.0896,68.3854,21.8418],[17.0583,68.3854,0.0],[17.0542,68.3833,12.5117],[17.0479,68.3833,4.6973],[17.0417,68.3854,0.0],[17.0401,68.3839,0.0],[17.0432,68.3818,0.0],[17.0411,68.3797,0.0],[17.0276,68.3766,0.0],[17.0307,68.3734,0.0],[17.0255,68.3724,0.0],[17.0271,68.3708,0.0],[17.0349,68.3703,0.0],[17.0339,68.3672,0.0],[17.037,68.3662,0.0],[17.0328,68.3588,0.0],[17.0292,68.3562,16.9729],[17.0167,68.3562,0.0],[17.0125,68.3583,0.0],[17.0063,68.3583,9.6943],[17.0,68.3604,0.0],[16.9896,68.3562,31.9584],[16.9813,68.3583,0.0],[16.9771,68.3562,21.6502],[16.9646,68.3562,0.0],[16.9604,68.3583,0.0],[16.9479,68.3542,0.0],[16.9396,68.3542,0.0],[16.9349,68.3505,0.0],[16.925,68.35,0.0],[16.9208,68.3479,3.5788],[16.9021,68.3479,2.7267],[16.9005,68.3484,0.0],[16.9016,68.3516,0.0],[16.8917,68.3521,0.0],[16.8849,68.3443,6.5853],[16.8771,68.3417,25.0837],[16.8625,68.3417,0.0],[16.8583,68.3396,3.4809],[16.8521,68.3417,0.0],[16.8458,68.3417,0.0],[16.8417,68.3396,3.3404],[16.838,68.3411,0.0],[16.8438,68.3458,15.8074],[16.8563,68.3458,0.0],[16.8661,68.3484,0.0],[16.8693,68.3516,0.0],[16.8745,68.3526,0.0],[16.8714,68.3557,9.3991],[16.8813,68.3583,15.8251],[16.8875,68.3562,0.0],[16.8911,68.3588,0.0],[16.8922,68.362,0.0],[16.8995,68.363,0.0],[16.9036,68.3703,0.0],[16.8964,68.3734,0.0],[16.8974,68.3766,0.0],[16.8943,68.3786,63.7814],[16.8995,68.3797,0.0],[16.9016,68.3828,0.0],[16.8833,68.3917,1.5507],[16.8667,68.3917,16.6688],[16.8568,68.3943,0.0],[16.85,68.3979,1.0323],[16.8271,68.3979,24.0567],[16.8229,68.4,0.0],[16.8104,68.4,12.1012],[16.8036,68.4036,0.0],[16.7938,68.4063,0.0],[16.7875,68.4042,0.0],[16.775,68.4042,0.0],[16.7734,68.4057,0.0],[16.7786,68.4068,0.0],[16.7828,68.412,11.0106],[16.7646,68.4146,0.0],[16.763,68.4151,0.0],[16.7641,68.4182,0.0],[16.7599,68.4203,16.5257],[16.7479,68.4208,7.3771],[16.7438,68.4229,0.0],[16.7375,68.4208,52.1507],[16.6938,68.4187,0.0],[16.6891,68.4151,5.9202],[16.6755,68.412,0.0],[16.6724,68.4068,2.0947],[16.6688,68.4063,0.0],[16.6589,68.4109,0.0],[16.6599,68.4141,0.0],[16.6557,68.4161,1.2024],[16.6464,68.4172,0.0],[16.6474,68.4203,0.0],[16.6417,68.4229,0.0],[16.6292,68.4229,0.0],[16.625,68.4208,0.0],[16.6063,68.4208,0.0],[16.6021,68.4229,0.0],[16.5938,68.4229,0.0],[16.5896,68.4208,18.8257],[16.5797,68.4203,0.0],[16.5828,68.4172,0.0],[16.5792,68.4146,0.0],[16.575,68.4167,0.0],[16.5604,68.4167,0.0],[16.5563,68.4146,9.1033],[16.5479,68.4146,0.0],[16.5438,68.4125,72.4707],[16.5354,68.4125,15.3786],[16.525,68.4083,0.0],[16.5125,68.4083,14.4476],[16.5083,68.4104,0.0],[16.4896,68.4104,0.0],[16.4797,68.4078,0.0],[16.475,68.4042,68.2909],[16.4667,68.4042,0.0],[16.4589,68.4016,12.8421],[16.4557,68.3984,0.0],[16.4479,68.3958,43.0468],[16.4172,68.3912,9.525],[16.412,68.3839,5.2035],[16.4021,68.3812,0.0],[16.3875,68.3854,0.0],[16.375,68.3854,4.4305],[16.3708,68.3833,12.9248],[16.3438,68.3833,0.0],[16.3359,68.3807,0.0],[16.3312,68.3771,0.0],[16.2958,68.3771,0.0],[16.2917,68.375,28.552],[16.2755,68.3745,0.0],[16.2734,68.3714,0.0],[16.2766,68.3703,3.5911],[16.275,68.3667,7.5978],[16.2786,68.363,0.0],[16.2766,68.3609,4.3897],[16.2693,68.3599,0.0],[16.2693,68.3568,0.0],[16.2807,68.3516,0.0],[16.2797,68.3484,0.658],[16.2917,68.3479,0.0],[16.2974,68.3453,3.4891],[16.2979,68.3438,15.7584],[16.2958,68.3417,19.8958],[16.2875,68.3417,0.0],[16.2776,68.3391,0.0],[16.2755,68.3359,0.0],[16.2833,68.3354,0.0],[16.2917,68.3313,0.0],[16.2995,68.3307,0.0],[16.2984,68.3276,0.0],[16.3,68.3271,0.0],[16.3141,68.3276,0.0],[16.3161,68.3297,0.0],[16.313,68.3318,15.2366],[16.3146,68.3333,0.0],[16.3229,68.3333,0.0],[16.3271,68.3354,0.0],[16.3396,68.3354,0.0],[16.3411,68.3349,0.0],[16.3401,68.3318,0.0],[16.3458,68.3292,0.0],[16.3828,68.3287,0.0],[16.3792,68.325,32.0961],[16.3401,68.3245,0.0],[16.3417,68.3229,0.0],[16.3479,68.3229,15.0011],[16.3521,68.3208,0.0],[16.375,68.3208,9.3622],[16.3792,68.3187,11.5954],[16.387,68.3182,41.2601],[16.3859,68.3151,0.0],[16.3937,68.3146,1.5887],[16.4063,68.3104,0.0],[16.425,68.3104,0.0],[16.4312,68.3125,18.2459],[16.4354,68.3104,0.0],[16.4458,68.3104,0.0],[16.4474,68.3099,0.0],[16.4464,68.3047,0.0],[16.4521,68.3021,0.0],[16.4688,68.3021,62.9079],[16.4729,68.3,0.0],[16.4958,68.3,32.2937],[16.5,68.2979,0.0],[16.5167,68.2979,33.8113],[16.5208,68.2958,0.0],[16.5313,68.2958,36.7571],[16.538,68.2922,0.0],[16.5458,68.2917,44.9669],[16.55,68.2896,9.2539],[16.5604,68.2896,39.9918],[16.5688,68.2854,0.0],[16.575,68.2875,46.2059],[16.5896,68.2833,0.0],[16.6063,68.2833,113.788],[16.6104,68.2813,0.0],[16.6182,68.2807,35.4434],[16.6224,68.2786,-0.1516],[16.6214,68.2755,0.0],[16.637,68.2682,35.1641],[16.6359,68.2651,0.0],[16.6391,68.2641,14.4129],[16.6391,68.2609,45.4084],[16.6271,68.2604,0.0],[16.625,68.2583,27.8604],[16.6255,68.2568,76.5779],[16.6328,68.2557,154.3576],[16.637,68.2526,324.6778],[16.6104,68.2521,0.0],[16.6026,68.2484,0.0],[16.6083,68.2458,0.0],[16.6141,68.2453,0.0],[16.6208,68.2417,0.0],[16.6391,68.2391,41.4917],[16.638,68.2359,0.0],[16.6495,68.2307,29.6834],[16.6443,68.2224,0.0],[16.6474,68.2193,36.1927],[16.6401,68.2182,31.7709],[16.6401,68.2151,78.3962],[16.6432,68.2141,81.2056],[16.6422,68.2109,0.0],[16.6479,68.2083,0.0],[16.6557,68.2078,12.892],[16.6547,68.2047,0.0],[16.6563,68.2042,0.0],[16.6625,68.2042,0.0],[16.6854,68.1979,0.0],[16.6917,68.1979,45.1903],[16.6964,68.1943,0.0],[16.7057,68.1932,27.5187],[16.7047,68.1901,0.0],[16.7062,68.1896,0.0],[16.7125,68.1896,10.3792],[16.7167,68.1875,0.0],[16.7328,68.1849,21.2481],[16.7339,68.1818,0.0],[16.7396,68.1813,11.7338],[16.7453,68.1787,0.0],[16.7484,68.1713,0.0],[16.7542,68.1687,0.0],[16.7646,68.1687,16.6185],[16.7687,68.1667,0.0],[16.7792,68.1667,10.8616],[16.7833,68.1646,0.0],[16.8,68.1625,0.0],[16.8099,68.1599,0.0],[16.8141,68.1578,0.0],[16.8151,68.1547,0.0],[16.8182,68.1536,0.0],[16.8167,68.1521,0.0],[16.7896,68.1521,46.2329],[16.788,68.1505,161.0149],[16.7911,68.1484,274.0775],[16.7833,68.1458,604.4529],[16.7771,68.1458,789.5527],[16.7708,68.1479,692.5575],[16.7646,68.1458,717.6078],[16.7604,68.1479,582.97],[16.7526,68.1484,371.8085],[16.7536,68.1516,226.7638],[16.7505,68.1536,117.7429],[16.7578,68.1547,51.8745],[16.7536,68.1578,0.0],[16.7354,68.1583,2.4157],[16.7313,68.1604,0.0],[16.7234,68.1609,13.2162],[16.7109,68.1672,35.1049],[16.712,68.1703,0.0],[16.7047,68.1734,17.1085],[16.7057,68.1766,0.0],[16.6964,68.1776,26.9216],[16.6974,68.1807,0.0],[16.6958,68.1813,0.0],[16.6776,68.1839,10.5113],[16.6745,68.187,0.0],[16.6646,68.1917,0.0],[16.6479,68.1937,17.5003],[16.6437,68.1958,0.0],[16.6313,68.1958,67.0917],[16.625,68.1917,369.4967],[16.6208,68.1937,314.2996],[16.5964,68.1943,362.3683],[16.5922,68.1974,175.9746],[16.6057,68.2005,5.5509],[16.6078,68.2037,0.0],[16.6047,68.2047,12.6929],[16.6047,68.2078,65.6692],[16.6068,68.2099,40.3045],[16.6141,68.2109,0.0],[16.6104,68.2146,7.8944],[16.6161,68.2245,0.0],[16.613,68.2255,72.0182],[16.6141,68.2286,0.0],[16.6109,68.2297,42.8422],[16.612,68.2328,0.0],[16.6089,68.2338,2.8426],[16.6078,68.237,0.0],[16.6036,68.2391,2.4199],[16.5917,68.2396,16.7677],[16.5849,68.2432,0.0],[16.5771,68.2438,1.809],[16.5714,68.2464,23.4472],[16.5724,68.2495,0.0],[16.5693,68.2516,17.0841],[16.5724,68.2557,0.0],[16.5693,68.2568,0.0],[16.5682,68.2599,0.0],[16.5609,68.2609,0.0],[16.5599,68.2641,0.0],[16.5526,68.2651,10.9746],[16.5458,68.2688,0.0],[16.5276,68.2714,7.9884],[16.5214,68.2755,4.2172],[16.5203,68.2786,0.0],[16.5146,68.2813,0.0],[16.5042,68.2813,21.8586],[16.4979,68.2833,19.189],[16.4917,68.2813,143.5709],[16.4901,68.2818,143.5709],[16.4911,68.2849,1.3373],[16.4854,68.2875,0.0],[16.4797,68.288,0.0],[16.4875,68.2917,4.2382],[16.4974,68.2922,5.714],[16.4995,68.2943,16.2514],[16.4979,68.2958,0.0],[16.4729,68.2958,0.0],[16.4651,68.2932,3.6215],[16.4724,68.2891,0.0],[16.4667,68.2833,59.3487],[16.4604,68.2833,50.9274],[16.4562,68.2854,18.7124],[16.4438,68.2854,0.0],[16.4375,68.2833,9.4152],[16.4292,68.2875,0.0],[16.4146,68.2896,0.0],[16.413,68.2911,0.0],[16.4271,68.2917,14.2579],[16.4417,68.2875,0.0],[16.4516,68.2901,0.0],[16.4536,68.2953,0.0],[16.4479,68.2979,7.3875],[16.4375,68.2979,12.5561],[16.4333,68.3,0.0],[16.4167,68.3,25.7783],[16.4125,68.3021,0.0],[16.4063,68.3021,46.2887],[16.4047,68.3026,60.8388],[16.4057,68.3057,0.0],[16.4042,68.3063,0.0],[16.3771,68.3083,39.9988],[16.3755,68.3089,41.8082],[16.3766,68.312,0.0],[16.3688,68.3125,12.5102],[16.3646,68.3146,0.0],[16.3609,68.3141,0.0],[16.3609,68.3109,53.475],[16.3724,68.3047,7.3402],[16.3604,68.3042,7.5113],[16.3589,68.3026,0.0],[16.3786,68.2995,0.0],[16.3766,68.2963,25.1062],[16.3625,68.2958,46.1719],[16.3479,68.3,0.0],[16.3375,68.3,13.8796],[16.3359,68.3016,0.0],[16.338,68.3057,23.8115],[16.3453,68.3068,0.0],[16.3474,68.312,0.0],[16.3396,68.3125,0.0],[16.3167,68.3187,0.0],[16.3063,68.3187,3.0044],[16.3021,68.3208,0.0],[16.2922,68.3203,0.0],[16.2922,68.3172,23.4081],[16.2953,68.3151,12.0578],[16.2896,68.3146,0.0],[16.2792,68.3104,5.3975],[16.2708,68.3104,0.0],[16.2568,68.3151,0.0],[16.2578,68.3203,3.929],[16.2563,68.3208,2.1196],[16.25,68.3187,0.0],[16.2422,68.3193,14.7529],[16.2443,68.3245,0.0],[16.2479,68.3271,0.0],[16.2667,68.325,0.0],[16.2703,68.3276,0.0],[16.2687,68.3292,0.0],[16.2609,68.3297,21.7644],[16.2641,68.337,0.0],[16.2542,68.3417,0.0],[16.2443,68.3391,0.0],[16.2375,68.3333,0.0],[16.2109,68.3328,0.0],[16.2203,68.3297,0.0],[16.213,68.3287,0.0],[16.212,68.3255,0.0],[16.2083,68.3229,55.7333],[16.2021,68.325,0.0],[16.1979,68.3229,0.0],[16.1771,68.3229,5.5673],[16.1724,68.3193,5.9919],[16.1672,68.3182,0.0],[16.1703,68.3151,0.0],[16.1682,68.313,6.8279],[16.163,68.312,0.0],[16.1568,68.3037,0.0],[16.1599,68.3016,0.0],[16.1589,68.2984,7.9138],[16.1661,68.2943,206.4603],[16.15,68.2937,112.3755],[16.1422,68.2911,22.8464],[16.1453,68.2891,13.4795],[16.1443,68.2859,5.4701],[16.1521,68.2854,6.2214],[16.1563,68.2833,0.0],[16.1792,68.2833,0.0],[16.1833,68.2813,0.0],[16.2,68.2813,13.3537],[16.2042,68.2792,0.0],[16.2146,68.2792,0.0],[16.2188,68.2771,0.0],[16.2271,68.2792,15.2627],[16.2339,68.2755,0.0],[16.2437,68.2729,0.0],[16.2578,68.2724,0.0],[16.262,68.2703,0.0],[16.2609,68.2672,0.0],[16.2641,68.2662,2.7972],[16.263,68.263,0.0],[16.2687,68.2604,0.0],[16.2854,68.2583,0.0],[16.2896,68.2562,0.0],[16.2938,68.2583,0.0],[16.3042,68.2583,0.0],[16.3208,68.2646,5.4433],[16.3266,68.2651,0.0],[16.3297,68.2682,0.0],[16.3396,68.2708,0.0],[16.3495,68.2662,0.0],[16.3484,68.2631,0.0],[16.3516,68.262,0.0],[16.3505,68.2589,0.0],[16.3578,68.2557,0.0],[16.3568,68.2505,0.0],[16.3641,68.2474,0.0],[16.3542,68.2438,0.0],[16.35,68.2458,0.0],[16.325,68.2458,79.6516],[16.3188,68.2417,303.7413],[16.3146,68.2438,118.3413],[16.3021,68.2438,0.0],[16.3005,68.2422,15.2535],[16.3036,68.2401,135.8671],[16.2917,68.2396,25.0929],[16.2891,68.2359,225.5112],[16.2792,68.2333,229.88],[16.275,68.2354,49.0364],[16.2625,68.2354,20.2046],[16.2583,68.2333,39.255],[16.2271,68.2333,28.5622],[16.2255,68.2338,4.0428],[16.2266,68.237,0.0],[16.225,68.2375,0.0],[16.2188,68.2354,57.8527],[16.2062,68.2354,79.2728],[16.1901,68.2307,167.0748],[16.1932,68.2286,180.2065],[16.1922,68.2255,0.0],[16.1995,68.2224,219.1042],[16.1943,68.2203,59.677],[16.1901,68.2161,0.0],[16.1958,68.2125,8.6028],[16.2146,68.2125,0.0],[16.2188,68.2146,11.8079],[16.2375,68.2167,38.9463],[16.2417,68.2146,0.0],[16.2495,68.2141,15.1626],[16.2484,68.2109,0.0],[16.2542,68.2083,0.0],[16.2667,68.2083,0.0],[16.2766,68.2109,0.0],[16.2813,68.2146,52.4638],[16.2896,68.2146,12.1969],[16.2938,68.2167,11.8152],[16.3021,68.2167,0.0],[16.3125,68.2208,11.131],[16.3208,68.2208,0.0],[16.325,68.2229,0.0],[16.3396,68.2229,0.0],[16.3438,68.225,0.0],[16.425,68.225,15.868],[16.4292,68.2229,0.0],[16.4354,68.225,16.2874],[16.4396,68.2229,0.0],[16.4458,68.2229,0.0],[16.4516,68.2276,0.0],[16.4479,68.2312,0.0],[16.4547,68.2391,13.6173],[16.475,68.2417,0.0],[16.4766,68.2412,0.0],[16.4755,68.238,48.4941],[16.4833,68.2375,198.6789],[16.4849,68.2359,312.0693],[16.4688,68.2354,21.6988],[16.4661,68.2318,40.8291],[16.4604,68.2312,0.0],[16.4589,68.2297,3.6378],[16.462,68.2286,10.3356],[16.4609,68.2255,0.0],[16.4693,68.2214,0.0],[16.4849,68.2203,47.2118],[16.4833,68.2188,34.7667],[16.4734,68.2182,0.0],[16.4766,68.2151,0.0],[16.4714,68.2089,0.0],[16.4745,68.2078,0.0],[16.4755,68.2047,0.0],[16.4854,68.2021,0.0],[16.5125,68.2,79.4343],[16.5141,68.1995,38.9273],[16.513,68.1964,0.0],[16.5146,68.1958,0.0],[16.5313,68.1958,31.4744],[16.5396,68.1917,0.0],[16.5521,68.1917,82.5804],[16.5604,68.1875,0.0],[16.575,68.1854,17.3542],[16.5792,68.1833,0.0],[16.6125,68.1833,37.8755],[16.6182,68.1807,176.3541],[16.6161,68.1755,464.7532],[16.612,68.1713,791.5901],[16.6005,68.1703,658.3168],[16.6036,68.1672,853.8874],[16.5917,68.1625,961.2162],[16.5901,68.163,1053.2683],[16.5911,68.1661,1268.9535],[16.5896,68.1667,1008.4127],[16.5792,68.1667,843.3415],[16.5708,68.1708,499.0464],[16.563,68.1713,305.6668],[16.5589,68.1734,154.6187],[16.5599,68.1766,16.1329],[16.5583,68.1771,0.0],[16.5417,68.1771,49.0119],[16.5375,68.1792,51.2267],[16.5313,68.1792,189.9532],[16.525,68.1813,157.3566],[16.5208,68.1771,404.5306],[16.5083,68.1771,663.7214],[16.5016,68.1807,548.5382],[16.4938,68.1813,559.1393],[16.488,68.1839,153.8605],[16.4896,68.1854,131.4807],[16.4958,68.1854,305.9176],[16.5021,68.1833,376.4561],[16.5083,68.1854,182.2177],[16.5099,68.1849,182.2177],[16.5089,68.1818,324.8965],[16.5167,68.1813,223.9865],[16.5203,68.1839,93.4424],[16.5104,68.1896,0.0],[16.5,68.1896,132.5549],[16.4854,68.1937,74.6608],[16.4583,68.1958,186.4911],[16.4542,68.1979,81.2011],[16.4438,68.1979,225.2323],[16.4271,68.2063,0.0],[16.4,68.2083,4.7313],[16.3901,68.2047,0.0],[16.4042,68.2042,2.6136],[16.4109,68.2005,0.0],[16.4182,68.1995,14.6225],[16.4193,68.1964,38.276],[16.425,68.1937,0.0],[16.4354,68.1937,43.5958],[16.45,68.1896,0.0],[16.4771,68.1896,19.7366],[16.4828,68.187,27.131],[16.4807,68.1818,12.2517],[16.4755,68.1766,0.0],[16.4792,68.1729,0.0],[16.4776,68.1693,0.0],[16.4807,68.1672,0.0],[16.4771,68.1667,0.0],[16.4672,68.1713,33.7675],[16.4682,68.1745,0.0],[16.4667,68.175,0.0],[16.4604,68.175,109.6094],[16.4542,68.1729,309.7489],[16.4479,68.175,182.3778],[16.4438,68.1708,727.2538],[16.4188,68.1708,203.7241],[16.4104,68.175,107.9292],[16.4042,68.175,193.5164],[16.3896,68.1792,11.5064],[16.3859,68.1766,17.7622],[16.3839,68.1713,0.0],[16.3917,68.1708,79.8431],[16.3958,68.1687,0.0],[16.4125,68.1687,23.211],[16.4141,68.1682,49.4813],[16.413,68.1651,0.0],[16.4203,68.162,27.232],[16.4167,68.1583,27.1288],[16.4068,68.1578,0.0],[16.4141,68.1536,34.9209],[16.413,68.1505,0.0],[16.4167,68.1479,33.4576],[16.4151,68.1443,0.0],[16.4182,68.1422,16.1837],[16.4042,68.1417,11.0718],[16.3984,68.1443,61.8573],[16.4036,68.1464,0.0],[16.4057,68.1495,0.0],[16.388,68.1526,86.5854],[16.387,68.1557,0.0],[16.3839,68.1568,46.914],[16.3849,68.1599,0.0],[16.3734,68.1651,151.6873],[16.3745,68.1682,9.7465],[16.3667,68.1708,19.0187],[16.363,68.1682,0.0],[16.3661,68.1661,130.2786],[16.3661,68.163,286.572],[16.3438,68.1604,208.9065],[16.3359,68.1536,40.2332],[16.3396,68.15,0.0],[16.338,68.1464,0.0],[16.3411,68.1443,0.0],[16.3333,68.1417,7.0812],[16.3229,68.1417,0.0],[16.3208,68.1396,7.8129],[16.3214,68.138,57.0767],[16.3312,68.1354,191.6446],[16.3438,68.1396,54.2998],[16.3599,68.1391,226.9775],[16.3542,68.1333,623.4884],[16.325,68.1333,319.8494],[16.3208,68.1354,322.0057],[16.3104,68.1354,274.8801],[16.3063,68.1375,98.452],[16.3,68.1375,195.2629],[16.2984,68.138,140.2138],[16.2995,68.1412,27.3183],[16.2922,68.1443,14.576],[16.2911,68.1474,0.0],[16.2813,68.15,4.4348],[16.2604,68.1479,0.0],[16.2505,68.1432,0.0],[16.2536,68.1401,24.5273],[16.2401,68.137,0.0],[16.2417,68.1354,0.0],[16.2479,68.1354,11.5382],[16.2521,68.1333,0.0],[16.2813,68.1333,24.4954],[16.2911,68.1307,7.5094],[16.2979,68.1271,0.0],[16.3057,68.1266,27.8994],[16.3036,68.1234,7.0581],[16.2984,68.1214,18.938],[16.3057,68.1172,23.0569],[16.2958,68.1167,74.7515],[16.2917,68.1188,0.0],[16.288,68.1151,0.0],[16.2938,68.1125,0.0],[16.3016,68.112,62.2372],[16.3005,68.1088,0.0],[16.3161,68.1036,0.0],[16.3203,68.1016,0.0],[16.3214,68.0984,0.0],[16.3333,68.0979,0.0],[16.3349,68.0974,22.8818],[16.3339,68.0943,0.0],[16.3479,68.0938,24.0572],[16.3521,68.0917,0.0],[16.3688,68.0917,0.0],[16.3813,68.0958,7.353],[16.3896,68.0958,0.0],[16.3932,68.0984,0.0],[16.3964,68.1036,0.0],[16.4245,68.1109,0.0],[16.4286,68.1172,8.5031],[16.4255,68.1203,0.0],[16.4307,68.1214,0.0],[16.4359,68.1266,35.617],[16.45,68.1312,0.0],[16.4583,68.1292,0.0],[16.4625,68.1312,27.2799],[16.4813,68.1312,0.0],[16.4854,68.1333,8.3743],[16.4938,68.1333,18.5257],[16.5036,68.1307,0.0],[16.5104,68.1271,0.0],[16.5224,68.1266,0.0],[16.5234,68.1234,0.0],[16.5307,68.1224,0.0],[16.5391,68.1182,11.9127],[16.5391,68.1151,20.7101],[16.5339,68.1088,0.0],[16.5453,68.1036,0.0],[16.5464,68.1005,0.0],[16.5536,68.0995,9.1721],[16.5604,68.0958,0.0],[16.5729,68.0958,41.2377],[16.5854,68.0917,0.0],[16.6083,68.0917,18.8456],[16.6125,68.0896,0.0],[16.6354,68.0896,0.0],[16.6396,68.0917,23.5341],[16.6583,68.0917,6.9991],[16.6625,68.0896,0.0],[16.6729,68.0896,0.0],[16.6771,68.0875,0.0],[16.7021,68.0875,0.0],[16.7062,68.0896,12.5839],[16.7104,68.0875,0.0],[16.7182,68.087,29.8109],[16.713,68.0849,0.0],[16.7146,68.0833,12.8858],[16.737,68.0828,118.1607],[16.737,68.0797,193.8276],[16.7313,68.0792,187.2827],[16.7208,68.075,379.0145],[16.7083,68.075,388.233],[16.7036,68.0807,102.6049],[16.6938,68.0854,39.3248],[16.6813,68.0813,256.4917],[16.6583,68.0833,238.7337],[16.6542,68.0854,111.132],[16.6443,68.0849,0.0],[16.6443,68.0818,0.0],[16.6542,68.0771,0.0],[16.6583,68.0771,0.0],[16.6625,68.075,0.0],[16.675,68.075,49.096],[16.6849,68.0724,0.0],[16.6771,68.0687,56.0129],[16.6714,68.0682,0.0],[16.6714,68.0651,42.8481],[16.6771,68.0646,92.1922],[16.6786,68.063,166.6539],[16.6708,68.0604,365.5346],[16.6646,68.0604,308.5688],[16.662,68.0641,16.8408],[16.6443,68.0672,11.2301],[16.6453,68.0703,0.0],[16.6422,68.0714,8.2952],[16.6432,68.0766,0.0],[16.6333,68.0813,0.0],[16.6042,68.0813,0.0],[16.6,68.0792,15.7338],[16.5833,68.0792,66.8646],[16.5792,68.0813,0.0],[16.55,68.0813,15.2368],[16.5458,68.0833,9.012],[16.5354,68.0833,138.133],[16.5255,68.088,54.0771],[16.5266,68.0911,0.0],[16.5068,68.1005,18.5667],[16.5078,68.1036,0.0],[16.5047,68.1047,0.0],[16.5036,68.1078,0.0],[16.4964,68.1109,81.3314],[16.4974,68.1141,6.7747],[16.488,68.1151,136.2395],[16.4833,68.1188,54.632],[16.4542,68.1208,11.6279],[16.4526,68.1193,0.0],[16.4599,68.1151,30.6666],[16.4505,68.1099,0.0],[16.4536,68.1068,4.9827],[16.4484,68.1057,0.0],[16.4438,68.1021,13.1089],[16.4339,68.1016,0.0],[16.437,68.0984,0.0],[16.4318,68.0964,0.0],[16.4391,68.0922,66.7295],[16.4328,68.0859,218.9739],[16.4229,68.0833,351.7437],[16.4063,68.0917,0.0],[16.4005,68.087,11.1318],[16.3953,68.0797,11.9093],[16.3901,68.0787,0.0],[16.3849,68.0734,0.0],[16.3734,68.0703,0.0],[16.3703,68.0672,0.0],[16.363,68.0661,0.0],[16.362,68.063,8.0039],[16.3547,68.062,0.0],[16.3583,68.0583,5.1622],[16.3526,68.0484,0.0],[16.3557,68.0474,2.623],[16.3547,68.0443,1.5443],[16.3578,68.0432,6.5836],[16.3568,68.0401,0.0],[16.3667,68.0354,0.0],[16.3854,68.0354,0.0],[16.3979,68.0396,54.8677],[16.4021,68.0375,0.0],[16.425,68.0375,34.3267],[16.4333,68.0333,0.0],[16.45,68.0333,0.0],[16.4729,68.0271,0.0],[16.5099,68.0286,26.4317],[16.5089,68.0255,0.0],[16.512,68.0234,0.0],[16.5099,68.0214,9.9237],[16.5047,68.0203,0.0],[16.5005,68.0162,14.0251],[16.5036,68.013,134.8259],[16.4984,68.0109,103.0024],[16.5063,68.0104,346.3946],[16.5104,68.0125,320.6871],[16.5187,68.0125,555.9237],[16.5203,68.012,590.2665],[16.5193,68.0089,728.5211],[16.5224,68.0068,820.2769],[16.5083,68.0083,631.8313],[16.5016,68.0026,635.2957],[16.4938,68.0,662.0815],[16.4755,68.0026,238.0994],[16.4766,68.0057,26.4978],[16.475,68.0062,17.2048],[16.4688,68.0042,48.7048],[16.4604,68.0042,23.1859],[16.4568,68.0005,0.0],[16.4599,67.9995,11.2362],[16.4589,67.9943,0.0],[16.462,67.9932,0.0],[16.4609,67.9901,0.0],[16.4849,67.9786,22.6693],[16.4833,67.9771,69.1241],[16.4776,67.9766,82.5786],[16.4833,67.9729,0.0],[16.5021,67.9729,0.0],[16.5068,67.9766,0.0],[16.5146,67.9771,0.0],[16.5187,67.975,0.0],[16.5266,67.9745,0.0],[16.5193,67.9714,0.0],[16.5224,67.9703,0.0],[16.5234,67.9672,0.0],[16.5276,67.9651,50.7173],[16.55,67.9646,191.0169],[16.5557,67.962,333.686],[16.5542,67.9604,463.0371],[16.5354,67.9604,531.9533],[16.5313,67.9583,620.5676],[16.5187,67.9583,598.2003],[16.5146,67.9604,404.7582],[16.4917,67.9604,372.8199],[16.4833,67.9646,88.9492],[16.4729,67.9646,197.1672],[16.4688,67.9667,64.8485],[16.4609,67.9672,88.6494],[16.4526,67.9714,115.3295],[16.4557,67.9766,0.0],[16.4526,67.9776,26.5106],[16.4536,67.9807,0.0],[16.4505,67.9818,25.9503],[16.4495,67.9849,0.0],[16.438,67.9901,143.8873],[16.4391,67.9932,0.0],[16.4318,67.9964,11.5313],[16.4328,67.9995,0.0],[16.4297,68.0005,40.0256],[16.4312,68.0042,0.0],[16.4276,68.0068,13.0963],[16.4286,68.0099,0.0],[16.4193,68.0109,107.8152],[16.4224,68.0162,0.0],[16.4125,68.0208,0.0],[16.4047,68.0214,49.2524],[16.4057,68.0245,0.0],[16.4042,68.025,0.0],[16.3875,68.0271,28.865],[16.3833,68.0229,0.0],[16.387,68.0203,146.4704],[16.3859,68.0172,100.6479],[16.3917,68.0146,308.0448],[16.4078,68.012,241.606],[16.4063,68.0104,383.7525],[16.4,68.0104,512.4764],[16.3958,68.0125,407.5159],[16.3854,68.0125,469.2702],[16.3771,68.0167,0.0],[16.3708,68.0167,34.4728],[16.3609,68.0214,30.8523],[16.362,68.0245,0.0],[16.3578,68.0266,17.6411],[16.3417,68.0313,0.0],[16.3354,68.0313,0.7985],[16.3312,68.0292,23.3108],[16.3167,68.0292,0.0],[16.313,68.0266,0.0],[16.3286,68.0182,10.0115],[16.3286,68.0151,5.1518],[16.3255,68.0109,0.0],[16.3328,68.0078,0.0],[16.3297,68.0005,0.0],[16.337,67.9974,43.9602],[16.3339,67.9922,0.0],[16.3536,67.9828,12.212],[16.3526,67.9776,0.0],[16.3807,67.9641,124.8133],[16.3797,67.9609,0.0],[16.3911,67.9557,153.344],[16.3901,67.9526,0.0],[16.3979,67.95,0.0],[16.4021,67.9521,55.099],[16.4104,67.9521,0.0],[16.4146,67.9542,5.4516],[16.4453,67.9537,0.0],[16.4495,67.9516,0.0],[16.4484,67.9484,0.0],[16.4516,67.9474,17.9172],[16.4484,67.9422,0.0],[16.4516,67.9401,80.8796],[16.4401,67.9391,0.0],[16.438,67.9339,0.0],[16.4411,67.9328,0.0],[16.4401,67.9297,0.0],[16.4474,67.9266,105.5748],[16.4464,67.9234,0.0],[16.4646,67.9146,38.9895],[16.4813,67.9146,57.9321],[16.4854,67.9125,71.632],[16.4958,67.9125,110.2217],[16.4984,67.9089,279.588],[16.5016,67.9078,361.582],[16.5,67.9063,495.4008],[16.4917,67.9063,590.037],[16.4875,67.9083,505.1007],[16.4833,67.9063,664.5144],[16.4646,67.9063,607.6082],[16.4417,67.9125,334.1733],[16.4354,67.9125,394.5761],[16.4339,67.9141,282.3458],[16.4411,67.9151,131.6597],[16.438,67.9172,52.6425],[16.437,67.9203,0.0],[16.4297,67.9213,18.8538],[16.4188,67.9271,159.4226],[16.4109,67.9276,258.9687],[16.4141,67.9328,4.1885],[16.4104,67.9354,69.6574],[16.4141,67.9411,0.0],[16.4042,67.9417,128.2232],[16.4016,67.938,297.6173],[16.3917,67.9375,558.5939],[16.3818,67.9401,755.1458],[16.375,67.9437,685.0638],[16.3672,67.9443,779.0819],[16.3688,67.9458,658.657],[16.3786,67.9464,330.8893],[16.3807,67.9495,135.2921],[16.3734,67.9526,200.9964],[16.3745,67.9557,0.0],[16.3672,67.9589,74.157],[16.3682,67.962,6.0143],[16.3557,67.9682,0.0],[16.3458,67.9688,0.0],[16.3401,67.9672,161.4852],[16.3432,67.9766,0.0],[16.3375,67.9792,0.0],[16.3318,67.9797,45.3403],[16.3328,67.9828,0.0],[16.3214,67.988,64.1518],[16.3224,67.9932,0.0],[16.3089,67.9943,27.1331],[16.3089,67.9974,16.9436],[16.312,68.0016,6.552],[16.3042,68.0021,144.7971],[16.2984,68.0047,112.7782],[16.3057,68.0078,0.0],[16.3026,68.0089,0.0],[16.3016,68.012,0.0],[16.2943,68.013,0.0],[16.2911,68.0203,0.0],[16.2839,68.0234,39.0046],[16.2849,68.0266,0.0],[16.2708,68.0271,68.4159],[16.2646,68.025,249.6487],[16.263,68.0255,169.8587],[16.2641,68.0286,5.1936],[16.2625,68.0292,0.0],[16.2563,68.0292,30.3631],[16.2495,68.0328,0.0],[16.2396,68.0354,64.7913],[16.2313,68.0354,95.986],[16.2297,68.0339,37.4155],[16.237,68.0286,86.9635],[16.2359,68.0255,8.9925],[16.2391,68.0234,268.2726],[16.2229,68.0188,180.2307],[16.2167,68.0208,84.2729],[16.2,68.0208,95.7434],[16.1958,68.0229,17.3942],[16.1922,68.0203,31.0284],[16.2021,68.0146,3.8072],[16.2182,68.012,0.0],[16.2224,68.0099,5.4359],[16.2234,68.0068,0.0],[16.2292,68.0042,0.0],[16.2557,67.9995,8.3612],[16.2589,67.9964,0.0],[16.2786,67.987,0.0],[16.2786,67.9838,0.0],[16.2771,67.9833,13.2743],[16.2708,67.9854,0.0],[16.2646,67.9854,10.1658],[16.263,67.9838,10.8648],[16.2661,67.9828,51.028],[16.2651,67.9797,0.0],[16.2766,67.9745,50.0738],[16.2755,67.9714,4.7932],[16.2786,67.9703,14.7394],[16.2776,67.9672,0.0],[16.287,67.9661,64.7897],[16.2849,67.9609,0.0],[16.2792,67.9542,0.0],[16.2828,67.9505,176.7281],[16.2714,67.9495,8.7231],[16.2745,67.9464,96.4379],[16.2672,67.937,47.0525],[16.2687,67.9354,109.253],[16.2807,67.9349,449.6727],[16.2818,67.9318,588.2527],[16.2849,67.9297,678.0997],[16.2776,67.9287,635.3234],[16.275,67.925,762.981],[16.2667,67.925,595.9564],[16.2625,67.9271,269.8677],[16.2526,67.9245,0.0],[16.2557,67.9224,181.8733],[16.2557,67.9193,189.2914],[16.2458,67.9187,0.0],[16.2443,67.9172,0.0],[16.2516,67.9161,0.0],[16.2505,67.913,0.0],[16.2536,67.912,41.4843],[16.2536,67.9089,191.9205],[16.2401,67.9057,0.0],[16.238,67.9026,0.0],[16.2521,67.9021,0.0],[16.2563,67.9042,0.0],[16.2646,67.9042,66.8819],[16.2745,67.9016,34.0286],[16.2813,67.8979,0.0],[16.2891,67.8974,43.2635],[16.288,67.8943,0.0],[16.2979,67.8896,0.0],[16.3042,67.8896,93.9007],[16.3083,67.8875,0.0],[16.3188,67.8875,0.0],[16.3229,67.8854,0.0],[16.3396,67.8854,14.6397],[16.3521,67.8812,0.0],[16.3646,67.8812,0.0],[16.3771,67.8771,0.0],[16.3833,67.8771,20.0174],[16.3958,67.8729,0.0],[16.4036,67.8724,95.4979],[16.4026,67.8693,0.0],[16.4057,67.8682,37.4174],[16.4068,67.8651,0.0],[16.4167,67.8625,0.0],[16.4229,67.8625,0.0],[16.4271,67.8604,0.0],[16.4604,67.8604,0.0],[16.4729,67.8542,105.1839],[16.4849,67.8536,232.1326],[16.4891,67.8505,423.5242],[16.4729,67.85,485.3425],[16.4651,67.8474,565.4557],[16.4583,67.8417,700.3932],[16.4542,67.8438,569.2982],[16.4354,67.8438,0.0],[16.4339,67.8422,0.0],[16.437,67.8411,25.2492],[16.4359,67.838,0.0],[16.4401,67.8359,0.0],[16.4495,67.8349,31.4066],[16.4646,67.8271,0.0],[16.4854,67.8271,143.0656],[16.5099,67.8203,0.0],[16.5099,67.8172,0.0],[16.4964,67.8141,12.8276],[16.4917,67.8104,219.8516],[16.4854,67.8104,342.6839],[16.4771,67.8146,170.7238],[16.4708,67.8125,471.1902],[16.4667,67.8146,307.3658],[16.4542,67.8146,600.8194],[16.45,67.8167,560.4718],[16.438,67.8172,603.4251],[16.4411,67.8224,281.9151],[16.4312,67.8271,244.8422],[16.425,67.8271,498.7447],[16.4109,67.8318,681.5605],[16.4125,67.8333,340.1547],[16.4224,67.8339,0.0],[16.4167,67.8375,0.0],[16.4083,67.8375,279.8138],[16.4042,67.8354,686.5822],[16.4,67.8375,615.9347],[16.3875,67.8375,647.6432],[16.3813,67.8354,661.2283],[16.3714,67.838,440.8863],[16.3911,67.8453,121.4479],[16.3813,67.85,0.0],[16.3734,67.8505,23.1159],[16.3693,67.8526,58.547],[16.3703,67.8557,0.0],[16.3625,67.8562,127.4517],[16.3568,67.8588,136.836],[16.3578,67.862,32.2012],[16.3563,67.8625,0.0],[16.35,67.8604,284.6364],[16.3438,67.8604,456.9552],[16.3375,67.8625,392.755],[16.3333,67.8604,523.4532],[16.3271,67.8604,491.431],[16.3229,67.8625,327.3055],[16.3109,67.863,296.4845],[16.312,67.8682,18.9514],[16.3063,67.8708,132.2129],[16.3005,67.8714,166.0143],[16.2995,67.8745,51.2889],[16.2922,67.8776,49.8472],[16.2932,67.8807,0.0],[16.2797,67.8818,335.7569],[16.2807,67.8849,0.0],[16.2776,67.8859,78.7595],[16.275,67.8896,5.6605],[16.2646,67.8917,157.0843],[16.2604,67.8896,310.6969],[16.2458,67.8896,198.4362],[16.238,67.887,272.5695],[16.2453,67.8828,690.284],[16.2417,67.8812,792.2043],[16.2318,67.8839,548.6561],[16.225,67.8875,222.236],[16.2172,67.888,32.0198],[16.2182,67.8912,0.0],[16.2068,67.8964,0.0],[16.2078,67.8995,0.0],[16.2005,67.9026,4.2057],[16.1995,67.9057,0.0],[16.1964,67.9078,0.0],[16.2005,67.9141,23.6161],[16.2078,67.9151,0.0],[16.2099,67.9172,0.0],[16.2026,67.9245,46.5608],[16.2141,67.9255,0.0],[16.2109,67.9287,32.9061],[16.2224,67.9443,0.0],[16.2193,67.9474,119.8762],[16.2245,67.9484,0.0],[16.2266,67.9505,0.0],[16.2234,67.9526,33.3444],[16.225,67.9563,6.8203],[16.2229,67.9604,50.8305],[16.2245,67.9641,43.1187],[16.2214,67.9651,75.9592],[16.2224,67.9682,0.0],[16.2193,67.9693,68.5064],[16.2182,67.9724,13.2965],[16.2109,67.9755,13.6863],[16.212,67.9786,0.0],[16.2047,67.9797,30.0661],[16.1964,67.9838,112.1709],[16.1953,67.987,74.0019],[16.188,67.9901,123.9246],[16.1911,67.9953,12.4263],[16.1797,68.0005,36.3032],[16.1807,68.0057,0.0],[16.1734,68.0089,52.2601],[16.1745,68.012,13.2463],[16.1672,68.0151,11.9269],[16.1682,68.0182,0.0],[16.1651,68.0193,0.0],[16.1641,68.0224,0.0],[16.1578,68.0266,0.0],[16.1271,68.0271,31.0631],[16.113,68.0318,58.4036],[16.112,68.0349,0.0],[16.1036,68.0391,3.1735],[16.0964,68.0401,4.9557],[16.0953,68.0432,0.0],[16.087,68.0474,3.6347],[16.0672,68.0484,0.0],[16.0693,68.0516,1.8555],[16.0745,68.0526,0.0],[16.0766,68.0547,0.0],[16.0734,68.0578,72.4786],[16.0807,68.0589,0.0],[16.088,68.0703,8.2096],[16.1016,68.0755,0.0],[16.1089,68.0828,17.356],[16.1141,68.0839,0.0],[16.1109,68.0859,30.7801],[16.112,68.0891,0.0],[16.1104,68.0896,0.0],[16.1042,68.0875,80.0633],[16.1005,68.088,77.7054],[16.1036,68.0932,0.0],[16.1005,68.0943,31.5287],[16.1005,68.0974,31.5357],[16.1109,68.1099,3.6466],[16.1161,68.1109,0.0],[16.1182,68.113,0.0],[16.1146,68.1167,27.5602],[16.1161,68.1203,0.0],[16.1089,68.1245,0.0],[16.1109,68.1266,3.0808],[16.1161,68.1276,0.0],[16.1182,68.1307,0.0],[16.1151,68.1328,0.0],[16.1203,68.1339,0.0],[16.1245,68.138,0.0],[16.1214,68.1401,0.0],[16.1214,68.1432,17.6746],[16.1266,68.1484,4.6152],[16.1318,68.1578,7.6004],[16.1391,68.1589,0.0],[16.1474,68.163,0.0],[16.1458,68.1646,0.0],[16.1396,68.1646,15.6495],[16.1339,68.1672,20.7402],[16.1359,68.1703,11.8183],[16.1411,68.1713,0.0],[16.1432,68.1734,0.0],[16.1401,68.1755,0.0],[16.1411,68.1787,1.736],[16.138,68.1797,14.6744],[16.138,68.1828,15.9699],[16.1437,68.1833,0.0],[16.1453,68.1849,0.0],[16.1396,68.1875,11.4499],[16.1318,68.188,13.988],[16.1276,68.1901,25.6894],[16.1286,68.1932,0.0],[16.1208,68.1937,1.6974],[16.1167,68.1958,0.0],[16.113,68.1932,0.0],[16.1161,68.1911,24.4625],[16.1141,68.188,0.0],[16.1,68.1896,3.3041],[16.0922,68.187,6.9934],[16.0953,68.1849,0.0],[16.0943,68.1818,0.0],[16.0974,68.1807,24.7758],[16.0958,68.1792,9.4063],[16.0833,68.1792,0.0],[16.0792,68.1813,0.0],[16.0667,68.1813,12.6066],[16.0625,68.1833,0.0],[16.0562,68.1833,0.0],[16.0438,68.1792,0.0],[16.0339,68.1839,0.0],[16.0349,68.187,0.0],[16.0193,68.188,5.2537],[16.0229,68.1917,0.0],[16.0479,68.1917,0.0],[16.0521,68.1937,5.1101],[16.0604,68.1937,0.0],[16.0672,68.1995,0.0],[16.0812,68.2042,0.0],[16.1083,68.2063,40.197],[16.1125,68.2042,0.0],[16.1182,68.2099,0.0],[16.1089,68.2109,37.824],[16.1047,68.213,92.2049],[16.1057,68.2161,0.0],[16.0917,68.2229,0.0],[16.075,68.225,0.0],[16.0688,68.2229,0.0],[16.0646,68.225,0.0],[16.0568,68.2255,0.0],[16.0589,68.2286,0.0],[16.0641,68.2297,0.0],[16.0708,68.2375,0.0],[16.0703,68.2391,0.0],[16.063,68.2422,17.0326],[16.0641,68.2453,0.0],[16.0609,68.2464,0.0],[16.062,68.2495,0.0],[16.0589,68.2516,1.881],[16.0641,68.2536,0.0],[16.0599,68.2557,4.5904],[16.0521,68.2562,0.0],[16.0458,68.2542,4.5875],[16.0417,68.2562,4.8765],[16.0339,68.2568,0.0],[16.0349,68.2599,27.3477],[16.0333,68.2604,27.3477],[16.0167,68.2604,20.4374],[16.0021,68.2646,0.0],[15.975,68.2646,19.9921],[15.9708,68.2667,0.0],[15.9521,68.2667,0.0],[15.9396,68.2625,0.8007],[15.9297,68.262,0.0],[15.937,68.2578,2.5668],[15.9359,68.2526,0.0],[15.9391,68.2516,0.0],[15.938,68.2484,0.0],[15.9453,68.2453,44.5406],[15.9464,68.2422,0.0],[15.9536,68.2391,0.0],[15.951599999999999,68.2359,7.2103],[15.9464,68.2338,3.0875],[15.9557,68.2286,0.0],[15.9568,68.2255,0.0],[15.9599,68.2245,0.0],[15.9589,68.2214,3.3505],[15.962,68.2203,26.8778],[15.9599,68.2172,0.0],[15.9547,68.2161,0.0],[15.9526,68.2141,0.0],[15.9599,68.2099,0.0],[15.9599,68.2068,0.0],[15.9578,68.2047,0.0],[15.9375,68.2063,0.0],[15.9292,68.1979,0.0],[15.8979,68.1958,34.9104],[15.8922,68.1984,8.3972],[15.8953,68.2026,0.0],[15.8953,68.2057,0.2377],[15.8833,68.2083,6.946],[15.8646,68.2021,39.6086],[15.8547,68.2016,0.0],[15.8521,68.1979,32.1884],[15.8557,68.1943,83.675],[15.8484,68.1849,0.0],[15.8651,68.1755,0.0],[15.8792,68.175,30.622],[15.889099999999999,68.1703,66.0567],[15.8849,68.1651,129.3513],[15.8714,68.162,8.7192],[15.8729,68.1604,0.0],[15.8792,68.1604,25.6485],[15.8833,68.1583,0.0],[15.9167,68.1583,5.6655],[15.925,68.1542,0.0],[15.9375,68.1542,0.0],[15.9417,68.1521,0.0],[15.9583,68.1521,30.9052],[15.9599,68.1505,195.1901],[15.9437,68.15,55.9728],[15.9396,68.1479,203.692],[15.9313,68.1479,151.9612],[15.9271,68.1458,181.4607],[15.9172,68.1464,52.2346],[15.9188,68.1479,31.42],[15.9245,68.1484,34.0694],[15.9229,68.15,0.0],[15.9146,68.15,0.0],[15.9104,68.1479,0.0],[15.9063,68.15,5.25],[15.9,68.15,27.5966],[15.8938,68.1521,0.0],[15.8896,68.15,4.0466],[15.8797,68.1495,0.0],[15.8896,68.1438,0.0],[15.8958,68.1458,0.0],[15.8995,68.1453,22.6145],[15.8958,68.1417,66.7072],[15.8755,68.1412,0.0],[15.8771,68.1396,0.0],[15.8828,68.1391,14.9734],[15.8839,68.1359,0.0],[15.8911,68.1349,0.0],[15.8953,68.1318,17.3479],[15.8901,68.1307,0.0],[15.887,68.1276,81.4828],[15.8807,68.1255,100.4322],[15.8609,68.1203,0.0],[15.8589,68.1172,0.0],[15.862,68.1151,2.9199],[15.8542,68.1125,50.1971],[15.8479,68.1146,0.0],[15.8417,68.1125,0.0],[15.8375,68.1146,0.0],[15.8229,68.1146,5.211],[15.8224,68.113,22.7475],[15.8125,68.1104,16.9605],[15.7964,68.1099,0.0],[15.8036,68.1057,0.0],[15.7984,68.1026,0.0],[15.8057,68.0995,0.0],[15.8047,68.0964,0.0],[15.8078,68.0953,65.8731],[15.8063,68.0938,160.7719],[15.7979,68.0938,145.8357],[15.7938,68.0917,213.8879],[15.7917,68.0938,76.1467],[15.7932,68.0974,0.0],[15.775,68.0979,28.2854],[15.7708,68.1,0.0],[15.7646,68.1,2.0547],[15.763,68.1005,11.877],[15.764099999999999,68.1036,0.0],[15.7609,68.1047,9.2588],[15.762,68.1078,0.0],[15.7521,68.1083,14.5623],[15.7505,68.1068,0.0],[15.7536,68.1047,0.0],[15.7458,68.1021,6.0308],[15.7297,68.1016,15.2812],[15.7297,68.0984,0.0],[15.7328,68.0964,43.3049],[15.7271,68.0958,0.0],[15.7255,68.0943,0.0],[15.7349,68.0932,30.8319],[15.7432,68.0891,13.0376],[15.7422,68.0859,22.3888],[15.7479,68.0833,146.0783],[15.7557,68.0828,250.0665],[15.7542,68.0813,249.9842],[15.7354,68.0813,367.7979],[15.7292,68.0833,186.0182],[15.725,68.0813,332.194],[15.7208,68.0833,218.4486],[15.713,68.0839,145.1983],[15.7141,68.087,18.5716],[15.7125,68.0875,0.0],[15.6938,68.0875,0.0],[15.6875,68.0854,85.8194],[15.6833,68.0875,62.0554],[15.6667,68.0875,61.7032],[15.6599,68.0818,46.502],[15.6505,68.0818,4.6353],[15.6516,68.087,0.0],[15.6443,68.088,19.0166],[15.6318,68.0943,0.0],[15.6318,68.0974,0.0],[15.6375,68.0979,0.0],[15.639099999999999,68.0995,21.7217],[15.6333,68.1021,0.0],[15.6271,68.1021,12.3392],[15.6229,68.1042,3.1567],[15.6083,68.1062,53.1748],[15.6068,68.1068,21.6621],[15.6068,68.1099,0.0],[15.6208,68.1104,0.0],[15.625,68.1083,0.0],[15.6583,68.1083,12.5978],[15.6625,68.1062,0.0],[15.6958,68.1062,26.0275],[15.7,68.1042,0.0],[15.7063,68.1062,30.4775],[15.7161,68.1068,0.0],[15.7208,68.1125,0.0],[15.7172,68.1162,45.1881],[15.7245,68.1172,0.0],[15.725,68.1188,6.2855],[15.7245,68.1203,4.9332],[15.7172,68.1234,7.1983],[15.7182,68.1266,0.0],[15.7151,68.1276,0.0],[15.7161,68.1307,0.0],[15.713,68.1318,1.9003],[15.713,68.1349,0.0],[15.7161,68.1391,0.0],[15.7104,68.1417,0.0],[15.6922,68.1443,0.0],[15.6932,68.1474,3.8712],[15.6901,68.1495,2.1196],[15.6979,68.15,0.0],[15.7021,68.1479,0.0],[15.7083,68.1479,0.9081],[15.7146,68.1458,0.0],[15.7224,68.1484,0.0],[15.7193,68.1516,9.0496],[15.7224,68.1578,0.0],[15.7193,68.1589,15.2184],[15.7203,68.162,0.0],[15.7089,68.1672,7.3142],[15.7161,68.1713,0.0],[15.7146,68.1729,0.0],[15.7083,68.1729,0.8216],[15.7021,68.1708,0.0],[15.6979,68.1729,0.0],[15.6896,68.1729,0.0],[15.6854,68.1708,0.0],[15.6792,68.1708,3.9286],[15.6693,68.1755,0.0],[15.6714,68.1807,0.0],[15.6771,68.1813,0.0],[15.6786,68.1828,0.2498],[15.6708,68.1833,2.3986],[15.6625,68.1875,0.0],[15.6396,68.1875,9.083],[15.6354,68.1896,0.0],[15.6292,68.1875,7.5673],[15.6229,68.1896,0.0],[15.6063,68.1833,7.7974],[15.5943,68.1828,0.0],[15.6,68.1792,0.0],[15.6125,68.1792,3.36],[15.6224,68.1745,0.0],[15.6208,68.1729,14.3163],[15.6167,68.1729,4.1789],[15.6026,68.1682,0.0],[15.6005,68.1651,0.0],[15.6146,68.1667,1.009],[15.6245,68.162,7.2482],[15.6234,68.1589,0.0],[15.6266,68.1578,0.0],[15.6276,68.1547,17.3635],[15.6307,68.1526,5.5391],[15.6224,68.1422,0.0],[15.5979,68.1417,0.0],[15.5964,68.1432,13.823],[15.6016,68.1443,0.0],[15.6036,68.1474,0.0],[15.5854,68.15,0.0],[15.5807,68.1464,12.9141],[15.5729,68.1458,11.5633],[15.5672,68.1484,1.1833],[15.5682,68.1516,8.6824],[15.5646,68.1521,0.0],[15.5583,68.15,5.1438],[15.5542,68.1521,0.0],[15.5464,68.1443,0.0],[15.5604,68.1438,0.0],[15.5688,68.1396,0.5205],[15.575,68.1396,0.0],[15.5813,68.1417,3.4295],[15.5828,68.1412,0.0],[15.5818,68.1359,6.1265],[15.5875,68.1354,0.0],[15.5891,68.1339,0.711],[15.5813,68.1312,39.8568],[15.575,68.1333,3.0845],[15.5688,68.1292,5.1408],[15.5625,68.1312,0.0],[15.5458,68.1312,11.2413],[15.5417,68.1333,12.6464],[15.5276,68.1328,0.0],[15.5307,68.1297,-0.8995],[15.5255,68.1286,0.8352],[15.5172,68.1234,0.0],[15.5203,68.1224,5.7461],[15.5193,68.1193,2.3942],[15.5224,68.1182,8.2754],[15.5214,68.1151,-0.5685],[15.5286,68.1109,7.9129],[15.5188,68.1083,5.5342],[15.5146,68.1104,0.0],[15.5042,68.1104,32.2043],[15.4984,68.113,14.6075],[15.4995,68.1162,0.0],[15.4958,68.1188,0.0],[15.4995,68.1245,0.0],[15.4964,68.1266,0.0],[15.5099,68.1318,0.0],[15.5125,68.1354,0.0],[15.5089,68.1391,0.0],[15.525,68.1396,0.0],[15.5266,68.1412,0.0],[15.5193,68.1443,0.0],[15.5203,68.1495,0.0114],[15.5083,68.15,16.5481],[15.4943,68.1568,0.0],[15.4995,68.1599,12.0884],[15.4854,68.1604,6.6989],[15.4776,68.1578,0.0],[15.4745,68.1526,0.0],[15.4708,68.15,12.2833],[15.4563,68.15,-0.2487],[15.4521,68.1479,0.0],[15.4438,68.1479,0.0],[15.425,68.1417,1.4374],[15.4125,68.1417,1.066],[15.4026,68.1391,0.0],[15.412,68.1359,0.0],[15.4042,68.1333,5.3474],[15.3943,68.1328,38.1834],[15.3901,68.1286,44.4739],[15.3901,68.1255,17.3501],[15.4036,68.1245,0.0],[15.4016,68.1193,13.6042],[15.3974,68.1151,20.3273],[15.3776,68.1099,12.3397],[15.3771,68.1083,0.0],[15.3776,68.1068,0.0],[15.3833,68.1042,5.614],[15.3953,68.1036,13.8303],[15.3943,68.1005,1.5],[15.3974,68.0995,1.5],[15.3984,68.0964,1.5],[15.4057,68.0953,62.5678],[15.4057,68.0922,1.5],[15.4016,68.088,1.5],[15.3938,68.0875,1.5],[15.3797,68.0943,8.2105],[15.3818,68.0974,1.5],[15.387,68.0995,1.5],[15.3813,68.1021,60.9835],[15.3734,68.1026,112.2113],[15.3693,68.1047,53.9845],[15.3703,68.1078,4.3425],[15.3625,68.1083,0.0],[15.3583,68.1062,88.3691],[15.3484,68.1057,0.0],[15.3432,68.1005,11.3438],[15.338,68.0995,7.9814],[15.3339,68.0932,0.0],[15.337,68.0901,15.2474],[15.3328,68.0839,13.302],[15.3229,68.0833,0.0],[15.313,68.0807,0.0],[15.3125,68.0792,0.0],[15.313,68.0776,8.6455],[15.3188,68.075,0.0],[15.3266,68.0766,0.0],[15.3266,68.0734,0.0],[15.3234,68.0693,0.0],[15.3276,68.0672,0.0],[15.3391,68.0682,0.0],[15.337,68.0651,3.0395],[15.3318,68.0641,0.0],[15.3333,68.0625,45.8672],[15.3521,68.0646,24.501],[15.3563,68.0667,13.9519],[15.3708,68.0667,90.4374],[15.375,68.0687,49.5335],[15.3792,68.0667,134.9533],[15.3854,68.0687,135.4794],[15.3891,68.0682,180.0748],[15.388,68.0651,330.4226],[15.3911,68.063,412.2383],[15.3813,68.0625,540.9147],[15.3734,68.0599,599.3007],[15.3703,68.0568,714.5468],[15.3625,68.0542,807.1229],[15.3542,68.0542,840.3973],[15.35,68.0521,798.2352],[15.325,68.0521,672.2874],[15.3167,68.0563,797.6547],[15.3104,68.0542,832.4839],[15.3036,68.0578,606.7172],[15.2958,68.0583,468.3032],[15.2875,68.0625,29.1665],[15.2797,68.062,0.0],[15.2828,68.0589,56.7497],[15.2807,68.0568,26.6099],[15.2755,68.0557,0.0],[15.2786,68.0537,12.4999],[15.2771,68.05,12.7725],[15.2807,68.0474,43.4242],[15.2797,68.0443,0.0],[15.2911,68.0391,90.0799],[15.2901,68.0359,0.0],[15.2974,68.0328,0.0],[15.2901,68.0286,0.0],[15.2901,68.0255,0.0],[15.2958,68.0229,0.0],[15.3078,68.0224,30.8295],[15.3068,68.0172,0.0],[15.3167,68.0146,0.0],[15.3354,68.0146,0.0],[15.3417,68.0167,7.7729],[15.35,68.0125,0.0],[15.3604,68.0125,4.0582],[15.3646,68.0104,0.0],[15.3708,68.0125,0.0],[15.3729,68.0104,0.0],[15.3693,68.0047,-0.6671],[15.3771,68.0042,2.4316],[15.3813,68.0021,0.0],[15.3979,68.0021,0.487],[15.3995,68.0016,0.0],[15.3984,67.9984,0.0],[15.4083,67.9938,0.0],[15.4182,67.9964,0.0],[15.4224,68.0005,3.8709],[15.4224,68.0036,0.0],[15.4193,68.0047,0.0],[15.4214,68.0078,0.0],[15.4328,68.0089,0.0],[15.4359,68.0141,0.0],[15.4432,68.0151,0.0],[15.4401,68.0172,0.0],[15.4391,68.0203,0.0],[15.4359,68.0214,2.5052],[15.4401,68.0266,0.0],[15.4479,68.025,0.0],[15.4521,68.0271,23.4933],[15.4604,68.0271,0.0],[15.4641,68.0297,0.0],[15.4625,68.0313,0.0],[15.4484,68.0318,5.1142],[15.4495,68.0349,0.0],[15.4479,68.0354,0.0],[15.4208,68.0354,24.3245],[15.4151,68.038,0.0],[15.4203,68.0401,15.3102],[15.4234,68.0453,22.5163],[15.4375,68.0458,9.7727],[15.4417,68.0437,5.8761],[15.45,68.0437,0.0],[15.4542,68.0458,15.442],[15.4682,68.0463,0.0],[15.4734,68.0516,3.225],[15.4813,68.0542,0.4922],[15.4911,68.0537,-0.0304],[15.4901,68.0505,0.0],[15.4938,68.05,0.0],[15.5016,68.0526,0.0],[15.5036,68.0547,1.0662],[15.5005,68.0568,0.0],[15.5021,68.0583,1.1989],[15.5188,68.0563,3.2994],[15.525,68.0604,3.1306],[15.5313,68.0583,0.0],[15.5391,68.0589,0.0],[15.5411,68.062,0.0],[15.5214,68.0714,0.0],[15.5214,68.0745,0.0],[15.5286,68.0755,6.223],[15.5292,68.0771,0.0],[15.5286,68.0787,0.0],[15.5214,68.0797,48.6716],[15.5203,68.0828,0.0],[15.5172,68.0839,10.9735],[15.5182,68.087,3.3143],[15.5151,68.0891,25.9022],[15.5188,68.0938,0.0],[15.5286,68.0932,1.0238],[15.5479,68.0833,0.0],[15.5646,68.0833,5.0608],[15.5771,68.0771,2.8526],[15.5932,68.0745,0.0],[15.5911,68.0693,5.5286],[15.5896,68.0687,9.1925],[15.5813,68.0708,0.0],[15.5734,68.0682,11.7383],[15.575,68.0667,0.0],[15.5828,68.0661,1.6256],[15.5786,68.0609,0.0],[15.5672,68.0599,0.0],[15.5688,68.0583,0.0],[15.587,68.0557,6.6558],[15.5859,68.0526,16.1211],[15.5891,68.0505,5.9748],[15.5755,68.0474,0.0],[15.5813,68.0437,0.0],[15.5875,68.0458,8.4489],[15.6021,68.0458,0.0],[15.6063,68.0479,0.0],[15.6292,68.0479,0.0],[15.6375,68.0437,0.0],[15.65,68.0437,0.0],[15.6542,68.0458,8.2281],[15.6958,68.0458,0.0],[15.7021,68.0479,15.022],[15.712,68.0453,30.3744],[15.7188,68.0417,0.0],[15.7375,68.0417,0.0],[15.7391,68.0401,20.7358],[15.7359,68.0359,0.0],[15.7438,68.0354,53.2963],[15.7479,68.0333,0.0],[15.7583,68.0333,44.9617],[15.7625,68.0313,0.0],[15.7688,68.0313,0.0],[15.7729,68.0333,21.3409],[15.7917,68.0333,0.0],[15.7932,68.0318,0.0],[15.7646,68.0292,0.0],[15.7604,68.025,26.8742],[15.7354,68.025,159.6715],[15.7313,68.0271,0.0],[15.725,68.0271,78.2395],[15.7188,68.025,204.1529],[15.7146,68.0271,137.7621],[15.7026,68.0276,158.8981],[15.7078,68.0307,12.12],[15.7021,68.0333,0.0],[15.6958,68.0313,27.336],[15.6813,68.0354,22.736],[15.6734,68.0349,0.0],[15.6708,68.0313,17.6465],[15.6745,68.0276,228.7507],[15.6708,68.025,328.8663],[15.6521,68.0271,169.5289],[15.6479,68.025,287.8532],[15.6464,68.0255,263.3226],[15.6474,68.0307,0.0],[15.6458,68.0313,0.0],[15.6333,68.0313,27.422],[15.6271,68.0292,113.4046],[15.6229,68.0313,0.0],[15.6167,68.0313,0.0],[15.6104,68.0271,17.8804],[15.6042,68.0292,0.0],[15.6,68.0271,38.8354],[15.5854,68.0271,3.0572],[15.5776,68.0245,36.6311],[15.5729,68.0208,143.7207],[15.5667,68.0229,37.475],[15.562,68.0193,188.6012],[15.5521,68.0188,38.4062],[15.5479,68.0167,161.585],[15.5438,68.0208,0.0],[15.5313,68.0208,13.1858],[15.5271,68.0188,75.1652],[15.5188,68.0188,0.0],[15.5151,68.0141,0.0],[15.5182,68.0109,10.7267],[15.5109,68.0099,1.7211],[15.5099,68.0068,0.0],[15.5063,68.0042,8.3426],[15.5,68.0062,2.1042],[15.4958,68.0042,21.9706],[15.4875,68.0042,19.8156],[15.4776,68.0068,1.52],[15.4734,68.0089,0.0],[15.4708,68.0125,0.0],[15.4609,68.0099,0.0],[15.4604,68.0083,0.0],[15.4609,68.0068,0.0],[15.4724,68.0016,0.0],[15.4714,67.9984,0.0],[15.4958,67.9979,0.0],[15.5109,67.9901,0.0],[15.5167,67.9896,0.3394],[15.5224,67.987,0.233],[15.5172,67.9849,0.0],[15.5188,67.9833,0.0],[15.5328,67.9838,2.4246],[15.5255,67.9891,0.7624],[15.5333,67.9917,0.0],[15.5583,67.9917,0.0],[15.5708,67.9875,0.0],[15.6167,67.9875,14.0652],[15.6208,67.9854,0.0],[15.625,67.9875,4.7817],[15.6333,67.9875,4.0346],[15.6375,67.9896,3.6106],[15.6458,67.9896,7.2213],[15.6521,67.9875,0.0],[15.6563,67.9896,2.6478],[15.675,67.9896,0.0],[15.6813,67.9938,0.0],[15.6938,67.9938,0.0],[15.6979,67.9958,3.7557],[15.7063,67.9958,0.0],[15.7125,68.0,26.9714],[15.7328,68.0005,0.0],[15.7229,68.0062,7.1526],[15.7042,68.0042,7.5851],[15.7,68.0021,11.6794],[15.688,68.0047,0.0],[15.688,68.0078,0.0],[15.6922,68.0141,21.1443],[15.6979,68.0146,0.0],[15.7083,68.0188,35.481],[15.7208,68.0188,21.5082],[15.7318,68.013,10.2877],[15.7411,68.012,16.6165],[15.7495,68.0078,0.0],[15.7484,68.0047,0.0],[15.7578,68.0036,2.7629],[15.7729,67.9958,0.0],[15.7833,67.9958,0.0],[15.8063,67.9896,0.0],[15.8125,67.9896,7.4201],[15.8167,67.9875,0.0],[15.8271,67.9875,4.2503],[15.8313,67.9854,0.0],[15.8375,67.9854,17.2276],[15.8391,67.9849,17.2276],[15.838,67.9818,0.0],[15.8438,67.9792,0.0],[15.8792,67.9792,0.0],[15.8833,67.9812,0.0],[15.889099999999999,67.9786,2.0311],[15.8818,67.9745,0.0],[15.8875,67.9708,0.0],[15.8938,67.9708,4.0605],[15.8979,67.9688,0.0],[15.9208,67.9688,8.6358],[15.9307,67.9661,12.5039],[15.9193,67.962,0.0],[15.9141,67.9568,28.3768],[15.8943,67.9516,0.0],[15.8922,67.9464,12.1659],[15.8995,67.9422,203.545],[15.8833,67.9417,39.3533],[15.8755,67.9391,61.8869],[15.8714,67.9349,0.0],[15.875,67.9313,13.729],[15.8734,67.9276,0.0],[15.8792,67.925,0.0],[15.8854,67.925,0.0],[15.887,67.9234,0.0],[15.8833,67.9208,41.7584],[15.8688,67.9208,0.0],[15.8672,67.9193,0.0],[15.8854,67.9167,12.2675],[15.887,67.9151,23.8261],[15.8708,67.9125,0.0],[15.8563,67.9167,0.0],[15.8422,67.9151,0.0],[15.8432,67.9182,0.0],[15.8401,67.9193,27.4109],[15.8411,67.9245,13.0885],[15.8339,67.9276,166.1725],[15.8349,67.9307,94.7282],[15.8318,67.9318,177.0882],[15.8328,67.937,20.7349],[15.8297,67.938,40.9481],[15.826599999999999,67.9432,0.0],[15.8234,67.9443,68.7966],[15.8245,67.9474,0.0],[15.813,67.9526,78.9567],[15.8141,67.9557,0.0],[15.8099,67.9578,19.1708],[15.7958,67.9583,307.5452],[15.7875,67.9625,267.9189],[15.7797,67.962,414.5868],[15.7766,67.9589,523.0039],[15.7688,67.9563,789.8341],[15.7562,67.9563,796.5012],[15.7438,67.9625,505.9008],[15.7375,67.9604,557.913],[15.7229,67.9646,283.2429],[15.7151,67.9641,346.2466],[15.7193,67.9609,554.1375],[15.7266,67.9599,501.0241],[15.7292,67.9563,568.1837],[15.7333,67.9583,564.2686],[15.7417,67.9583,555.8705],[15.7516,67.9557,717.7169],[15.7516,67.9526,928.7851],[15.7479,67.95,1005.3407],[15.7125,67.95,1090.6572],[15.7068,67.9526,837.3286],[15.7078,67.9557,722.8055],[15.7063,67.9563,727.2822],[15.6958,67.9563,719.3334],[15.6813,67.9604,379.2798],[15.6583,67.9604,95.7146],[15.6542,67.9583,67.911],[15.6443,67.9578,19.9494],[15.6474,67.9547,0.0],[15.6438,67.9521,0.0],[15.6292,67.9521,0.0],[15.625,67.95,37.9513],[15.588,67.9495,0.0],[15.5839,67.9422,0.0],[15.587,67.9411,0.0],[15.5859,67.938,0.0],[15.5891,67.937,0.0],[15.5901,67.9339,2.5086],[15.5932,67.9318,88.3693],[15.5833,67.9271,11.9882],[15.5568,67.9276,0.0],[15.562,67.937,0.0],[15.5542,67.9375,11.0344],[15.55,67.9396,0.0],[15.5313,67.9375,234.7925],[15.5234,67.9349,372.9068],[15.5188,67.9313,364.2826],[15.5,67.9313,124.867],[15.4984,67.9318,77.0479],[15.4995,67.9349,39.1726],[15.4979,67.9354,39.1726],[15.4854,67.9354,0.0],[15.475,67.9313,4.9755],[15.4667,67.9333,0.0],[15.4625,67.9313,6.4645],[15.45,67.9313,0.0],[15.4464,67.9287,2.0079],[15.4521,67.925,0.0],[15.4583,67.925,16.2878],[15.4708,67.9208,136.3536],[15.4891,67.9203,122.133],[15.4932,67.9182,244.7458],[15.4943,67.9151,347.8171],[15.5016,67.912,583.826],[15.5,67.9104,569.963],[15.4859,67.913,575.7349],[15.475,67.9187,303.0007],[15.4625,67.9187,421.4283],[15.4583,67.9167,507.0764],[15.4484,67.9161,484.0065],[15.4484,67.913,567.0902],[15.451599999999999,67.9109,543.1616],[15.4417,67.9083,753.4909],[15.4354,67.9083,624.2593],[15.4208,67.9125,204.678],[15.4104,67.9083,346.4464],[15.4005,67.9078,345.6868],[15.4036,67.9057,403.8082],[15.4021,67.9042,536.3507],[15.3938,67.9042,573.5052],[15.3839,67.9068,265.1587],[15.3839,67.9099,68.8819],[15.3875,67.9125,39.4332],[15.4125,67.9125,102.8404],[15.4167,67.9146,54.5332],[15.4354,67.9146,194.7981],[15.4432,67.9172,310.7118],[15.4401,67.9193,176.8198],[15.4411,67.9224,37.4295],[15.4375,67.9229,17.7437],[15.4333,67.9208,75.2216],[15.4271,67.9229,0.0],[15.4229,67.9208,25.8089],[15.4146,67.9208,0.0],[15.4104,67.9187,10.718],[15.3979,67.9187,8.8413],[15.3938,67.9167,21.5278],[15.3854,67.9167,0.0],[15.3755,67.9141,0.0],[15.3745,67.9109,31.9392],[15.3672,67.9099,0.0],[15.3646,67.9063,124.5954],[15.3563,67.9063,50.3393],[15.3438,67.9021,63.5424],[15.3375,67.9021,9.4489],[15.3318,67.9057,9.6742],[15.3453,67.9109,0.0],[15.3484,67.9141,0.0],[15.3536,67.9151,0.0],[15.3557,67.9182,3.4322],[15.3229,67.9167,0.0],[15.3063,67.9104,0.0],[15.2943,67.9078,0.0],[15.2974,67.9047,0.0],[15.2911,67.9026,5.0689],[15.2854,67.9021,0.0],[15.275,67.8979,0.0],[15.2651,67.8974,0.0],[15.2667,67.8958,0.0],[15.2745,67.8953,-0.0203],[15.2708,67.8896,0.0],[15.2745,67.8859,5.9073],[15.2672,67.8849,0.0],[15.2661,67.8818,26.7997],[15.2464,67.8766,0.0],[15.2349,67.8693,24.9628],[15.2297,67.8682,15.8958],[15.2339,67.8651,97.9849],[15.2375,67.8646,110.3912],[15.2453,67.8672,57.3769],[15.25,67.8708,19.408],[15.2583,67.8667,154.833],[15.2708,67.8667,277.5056],[15.2849,67.862,437.7524],[15.2771,67.8583,509.7815],[15.2708,67.8604,490.439],[15.2667,67.8583,751.3945],[15.2542,67.8583,623.1323],[15.25,67.8604,520.5305],[15.2229,67.8646,0.0],[15.2042,67.8583,0.0],[15.1958,67.8583,0.0],[15.1911,67.8526,0.0],[15.1859,67.8526,0.0],[15.1964,67.8682,0.0627],[15.2063,67.8688,0.0],[15.2167,67.8729,0.0],[15.2224,67.8734,0.0],[15.2234,67.8766,9.1856],[15.2516,67.8839,0.0],[15.2536,67.8891,0.0],[15.2479,67.8917,4.8299],[15.2396,67.8917,2.2364],[15.2354,67.8896,2.6896],[15.2313,67.8917,0.0],[15.225,67.8917,0.0],[15.2188,67.8896,0.0],[15.2026,67.8943,0.0],[15.2063,67.8979,0.0],[15.2146,67.8979,0.0],[15.2286,67.9026,0.0],[15.2271,67.9042,0.0],[15.2146,67.9042,0.0],[15.2104,67.9021,0.0],[15.1979,67.9021,0.0],[15.1938,67.9,13.0985],[15.1792,67.9,0.0],[15.1776,67.8984,0.0],[15.1807,67.8964,0.4446],[15.1708,67.8958,0.0],[15.1667,67.8938,17.0141],[15.1333,67.8938,0.0],[15.1292,67.8958,0.0],[15.1214,67.8964,0.0],[15.1146,67.9,0.0],[15.1083,67.9,0.0],[15.1021,67.8979,75.3038],[15.0979,67.9,7.957],[15.0917,67.9,5.9983],[15.0901,67.9016,0.0],[15.0932,67.9057,2.3245],[15.0917,67.9063,31.2991],[15.0625,67.9063,70.2589],[15.0583,67.9042,246.893],[15.0208,67.9042,192.5276],[15.0167,67.9021,328.7394],[15.0104,67.9021,324.038],[15.0042,67.9042,114.2594],[14.9938,67.9,242.0127],[14.975,67.9,92.5333],[14.9688,67.8958,195.7485],[14.9625,67.8979,48.5686],[14.9583,67.8958,94.9357],[14.95,67.8958,7.8457],[14.9313,67.8896,55.9655],[14.9125,67.8896,0.0],[14.9083,67.8875,25.8117],[14.9,67.8875,0.0],[14.8958,67.8854,27.7323],[14.8771,67.8854,0.0],[14.8583,67.8792,8.7158],[14.85,67.8792,0.0],[14.8484,67.8776,0.0],[14.8625,67.8771,0.0],[14.8682,67.8734,0.0],[14.862,67.8651,10.8021],[14.8354,67.8625,0.0],[14.8318,67.8588,0.2531],[14.8396,67.8583,-0.0835],[14.8438,67.8562,0.0],[14.85,67.8562,0.0],[14.8563,67.8583,11.9869],[14.8604,67.8562,0.0],[14.8667,67.8583,9.0739],[14.8729,67.8562,0.0],[14.8771,67.8583,1.9966],[14.9,67.8583,0.0],[14.9042,67.8604,-0.5671],[14.9125,67.8604,1.8354],[14.9167,67.8583,0.0],[14.9208,67.8604,0.0],[14.925,67.8604,0.0],[14.9292,67.8625,9.0],[14.9375,67.8625,0.0],[14.9417,67.8646,13.5305],[14.975,67.8646,14.9615],[14.9812,67.8625,0.0],[14.9854,67.8646,7.7075],[14.9979,67.8646,0.0],[15.0021,67.8667,0.0],[15.0104,67.8667,0.0],[15.0146,67.8688,11.4232],[15.0458,67.8688,0.0],[15.0563,67.8729,0.0],[15.0875,67.8729,0.0],[15.0917,67.875,0.0],[15.0995,67.8745,0.0],[15.1078,67.8703,5.1326],[15.1078,67.8672,0.0],[15.1005,67.8662,0.0],[15.1036,67.863,5.6219],[15.0984,67.862,0.0],[15.1016,67.8588,0.0],[15.0979,67.8542,0.0],[15.088,67.8547,0.2625],[15.0911,67.8599,5.8346],[15.0854,67.8625,5.3806],[15.0792,67.8604,15.79],[15.0729,67.8604,3.947],[15.0703,67.8641,8.5375],[15.0646,67.8667,0.0],[15.0521,67.8667,0.0],[15.0479,67.8646,5.8351],[15.0396,67.8646,0.0],[15.0354,67.8625,9.7007],[15.0214,67.862,0.0],[15.0193,67.8599,0.0],[15.0193,67.8568,41.3211],[15.0313,67.8562,129.1351],[15.0328,67.8547,178.9807],[15.0229,67.8542,222.7905],[15.0182,67.8505,293.3837],[15.013,67.8495,245.2914],[15.0161,67.8464,306.0015],[15.0125,67.8438,578.4061],[15.0063,67.8438,567.8168],[15.0021,67.8458,332.3267],[14.9839,67.8464,314.8954],[14.9859,67.8516,78.5718],[14.9875,67.8521,59.7145],[15.0063,67.85,116.7651],[15.0104,67.8521,104.4271],[15.0104,67.8542,43.2769],[14.9729,67.8542,0.0],[14.9688,67.8521,23.4449],[14.9438,67.8521,22.1417],[14.9375,67.8458,345.428],[14.9292,67.8458,318.2151],[14.925,67.8438,378.5904],[14.9,67.8438,73.2146],[14.8958,67.8417,127.8577],[14.8917,67.8417,68.6674],[14.8901,67.838,0.0],[14.8979,67.8375,18.6178],[14.8995,67.8359,17.8965],[14.8896,67.8313,5.1577],[14.8646,67.8313,162.4398],[14.8604,67.8292,335.4064],[14.8542,67.8292,502.0444],[14.8521,67.8313,285.9075],[14.8526,67.8328,253.2181],[14.8583,67.8333,219.4284],[14.8599,67.8349,241.1196],[14.8521,67.8354,325.0231],[14.8479,67.8375,283.9334],[14.8375,67.8375,508.2506],[14.8292,67.8417,418.5245],[14.8214,67.8422,372.3068],[14.8172,67.8443,119.8716],[14.8161,67.8474,0.0],[14.8083,67.8479,1.1046],[14.8068,67.8464,0.0],[14.8099,67.8443,-0.2047],[14.7984,67.8411,3.1828],[14.8057,67.8359,-0.0649],[14.7958,67.8333,0.1446],[14.7771,67.8333,0.0],[14.7604,67.8271,0.0],[14.7547,67.8266,0.0],[14.7578,67.8245,0.0],[14.7578,67.8214,53.8682],[14.7505,67.8203,9.3527],[14.7505,67.8172,0.0],[14.7745,67.8161,0.0],[14.7667,67.8125,0.0],[14.7526,67.812,0.0],[14.7599,67.8078,0.0],[14.7589,67.8047,3.9089],[14.762,67.8037,1.4641],[14.7609,67.7984,0.0],[14.7693,67.7943,0.0],[14.8,67.7937,0.0],[14.8042,67.7958,5.3197],[14.8104,67.7958,0.0],[14.8167,67.7937,0.0],[14.8182,67.7953,0.0],[14.8151,67.7974,0.0],[14.8229,67.8,0.0],[14.8292,67.8,0.0],[14.8307,67.7984,2.1974],[14.8286,67.7963,0.0],[14.8234,67.7943,0.0],[14.8292,67.7917,0.0],[14.837,67.7911,0.0],[14.8438,67.7875,0.0],[14.8516,67.787,0.0],[14.8479,67.7833,0.0],[14.8417,67.7854,0.0],[14.8339,67.7849,7.4554],[14.8318,67.7818,3.4676],[14.8349,67.7797,0.0],[14.8234,67.7786,0.0],[14.8193,67.7724,0.0],[14.8208,67.7708,0.0],[14.8396,67.7708,0.0],[14.85,67.775,18.3311],[14.8708,67.7771,0.0],[14.875,67.7792,24.0512],[14.8813,67.7771,7.0328],[14.8875,67.7771,1.1897],[14.8938,67.7792,3.8454],[14.8979,67.7771,0.0],[14.9021,67.7792,14.5994],[14.9104,67.7792,0.0],[14.9146,67.7813,16.6653],[14.9354,67.7813,0.0],[14.9458,67.7854,20.3148],[14.975,67.7854,0.0],[14.9792,67.7875,14.447],[15.0,67.7875,0.0],[15.0146,67.7917,0.3793],[15.0333,67.7917,0.0],[15.0349,67.7901,0.0],[15.0328,67.7859,29.064],[15.025,67.7833,68.1614],[15.0104,67.7833,0.0],[15.0026,67.7807,0.0],[14.9995,67.7776,0.0],[14.9943,67.7766,0.0],[14.9974,67.7734,0.426],[14.9943,67.7693,-0.094],[15.0083,67.7688,0.0],[15.0125,67.7708,6.3964],[15.025,67.7708,0.0],[15.0307,67.7682,-0.4446],[15.0193,67.7641,0.0],[15.0172,67.762,0.0],[15.0229,67.7583,0.5582],[15.0292,67.7583,-0.5314],[15.0354,67.7604,-1.0837],[15.0417,67.7583,0.0],[15.0458,67.7604,-0.491],[15.0542,67.7604,0.0],[15.0583,67.7625,3.4554],[15.1203,67.762,0.0],[15.1203,67.7589,0.4477],[15.1068,67.7557,0.0],[15.1036,67.7526,13.4222],[15.0984,67.7516,9.4511],[15.0958,67.7479,163.3197],[15.0854,67.7521,0.0],[15.0792,67.75,38.7471],[15.0729,67.7521,0.0],[15.0688,67.75,5.041],[15.05,67.75,12.5099],[15.0458,67.7521,0.0],[15.0375,67.7458,0.0],[15.0313,67.7458,9.1482],[15.0271,67.7479,0.0],[15.0208,67.7458,14.204],[15.0109,67.7505,-0.2837],[15.012,67.7536,0.0],[15.0083,67.7542,0.0],[14.9979,67.75,0.1238],[14.9854,67.75,7.6168],[14.9792,67.7521,0.0],[14.9729,67.75,13.9358],[14.9688,67.7521,0.0],[14.9563,67.7479,29.3349],[14.9438,67.7479,11.187],[14.9422,67.7464,27.4836],[14.9542,67.7458,96.4005],[14.9557,67.7443,184.7413],[14.9333,67.7417,218.9729],[14.9255,67.7391,187.6318],[14.9271,67.7375,276.8737],[14.9349,67.737,398.575],[14.9339,67.7338,458.5111],[14.9354,67.7333,491.8633],[14.9417,67.7354,410.2376],[14.9495,67.7349,430.5343],[14.9458,67.7312,635.6177],[14.9292,67.7312,690.001],[14.9146,67.7354,358.9367],[14.9083,67.7333,274.3822],[14.9068,67.7338,204.4469],[14.9078,67.737,90.7657],[14.9063,67.7375,37.2811],[14.8979,67.7375,6.901],[14.8938,67.7354,24.1705],[14.8896,67.7375,0.0],[14.8563,67.7375,8.1423],[14.8521,67.7396,0.0],[14.8333,67.7396,0.0],[14.8292,67.7354,119.8815],[14.8167,67.7354,14.0183],[14.8083,67.7396,0.0],[14.8021,67.7396,0.0],[14.7958,67.7417,-0.1747],[14.7755,67.7349,0.0],[14.7724,67.7318,11.5557],[14.7646,67.7292,0.0],[14.7542,67.7292,0.0],[14.7526,67.7255,0.0],[14.7646,67.725,0.0],[14.7688,67.7229,13.4947],[14.7771,67.7229,0.0],[14.7813,67.725,2.0413],[14.8057,67.7245,0.0],[14.8036,67.7193,0.0],[14.7964,67.7182,0.0],[14.7979,67.7167,0.0],[14.8104,67.7167,0.0],[14.8146,67.7188,19.9138],[14.8625,67.7188,0.0],[14.8667,67.7208,0.0],[14.8792,67.7208,0.0],[14.889099999999999,67.7182,0.0],[14.8901,67.7151,0.0],[14.8974,67.712,19.6506],[14.8958,67.7104,42.234],[14.8901,67.7099,0.0],[14.889099999999999,67.7068,17.0285],[14.8818,67.7057,2.0324],[14.8818,67.7026,51.7949],[14.8875,67.7042,29.9738],[14.9063,67.7042,385.4459],[14.9188,67.6979,519.5228],[14.9224,67.6984,603.2818],[14.925,67.7021,477.3306],[14.9286,67.7005,605.162],[14.9266,67.6964,844.9584],[14.9151,67.6953,635.2423],[14.913,67.6922,757.9448],[14.9161,67.6901,864.6411],[14.8943,67.6891,514.09],[14.8974,67.6859,633.1277],[14.8938,67.6833,695.9538],[14.8896,67.6854,651.1874],[14.8813,67.6854,745.4034],[14.8771,67.6833,725.0135],[14.863,67.6839,375.4557],[14.8646,67.6854,411.2726],[14.8745,67.6859,568.61],[14.8792,67.6896,491.9814],[14.889099999999999,67.6901,504.5524],[14.889099999999999,67.6932,530.7378],[14.8849,67.6953,472.4253],[14.8771,67.6958,648.5331],[14.8667,67.6917,648.7957],[14.8583,67.6937,378.6475],[14.8583,67.6917,457.32],[14.8521,67.6875,649.7095],[14.8479,67.6896,448.6788],[14.8292,67.6896,317.6434],[14.8276,67.688,455.1494],[14.8307,67.6859,439.363],[14.8292,67.6854,522.7148],[14.8042,67.6854,319.1447],[14.8,67.6813,488.5678],[14.7917,67.6813,583.1631],[14.7875,67.6792,709.0118],[14.7729,67.6792,235.5061],[14.7688,67.6771,341.6605],[14.7521,67.6771,145.1623],[14.7479,67.6792,47.9513],[14.7417,67.6792,39.9497],[14.7359,67.6745,0.0],[14.7417,67.6687,0.0],[14.7542,67.6687,0.0],[14.7583,67.6708,18.0926],[14.7625,67.6667,0.4373],[14.7807,67.6661,7.2701],[14.7792,67.6646,15.6718],[14.7734,67.6641,5.1266],[14.7724,67.6609,84.226],[14.7651,67.6599,17.2004],[14.7667,67.6583,7.8913],[14.7854,67.6604,0.0],[14.7896,67.6583,8.8785],[14.7958,67.6583,0.0],[14.8,67.6604,11.488],[14.8063,67.6604,0.0],[14.8104,67.6583,0.0],[14.8229,67.6583,22.4109],[14.8271,67.6563,0.0],[14.8542,67.6563,0.0],[14.8583,67.6583,18.2267],[14.8667,67.6583,8.0208],[14.8708,67.6563,0.0],[14.875,67.6583,3.9517],[14.8958,67.6583,0.0],[14.9,67.6604,0.0],[14.9063,67.6604,0.0],[14.9104,67.6583,0.0],[14.9167,67.6583,0.0],[14.9271,67.6625,4.9206],[14.9417,67.6625,0.0],[14.9495,67.6651,0.0],[14.9526,67.6703,15.7279],[14.9625,67.6708,0.0],[14.9812,67.6771,6.021],[15.0063,67.6771,0.0],[15.0167,67.6813,0.0],[15.025,67.6813,0.0],[15.0354,67.6854,2.3068],[15.0438,67.6854,0.0],[15.0479,67.6875,4.1526],[15.0625,67.6875,0.0],[15.0641,67.6891,0.0],[15.0609,67.6911,5.4356],[15.0724,67.6943,0.0],[15.0755,67.6974,7.2356],[15.0833,67.7,0.0],[15.0917,67.7,0.0],[15.0964,67.7037,0.0],[15.1104,67.7083,0.0],[15.1188,67.7083,3.2066],[15.1292,67.7125,22.1808],[15.1333,67.7125,0.0],[15.1411,67.7151,0.0],[15.1458,67.7188,0.0],[15.1536,67.7182,10.8766],[15.1526,67.7151,0.0],[15.1563,67.7146,0.0],[15.1703,67.7193,0.0],[15.1755,67.7245,0.0],[15.187,67.7276,0.0],[15.1901,67.7328,32.117],[15.2036,67.7359,0.0],[15.2057,67.7391,5.583],[15.2026,67.7412,0.0],[15.2078,67.7432,0.0],[15.2,67.7438,0.0],[15.1943,67.7464,0.0],[15.1984,67.7516,0.0],[15.2182,67.7568,0.0],[15.2208,67.7604,0.0],[15.2354,67.7604,0.0],[15.238,67.7641,9.0267],[15.2438,67.7646,0.8416],[15.2604,67.7708,0.0],[15.2646,67.7708,0.0],[15.2875,67.7792,30.4226],[15.2995,67.7818,0.0],[15.3047,67.7891,1.975],[15.3099,67.7901,0.0],[15.3146,67.7937,8.7568],[15.3208,67.7917,0.0],[15.3271,67.7917,0.0],[15.3521,67.8,0.0],[15.3604,67.8,0.0],[15.3646,67.8021,30.9281],[15.3729,67.8021,4.5403],[15.3807,67.8047,0.0],[15.3776,67.8068,2.895],[15.3797,67.812,0.0],[15.3922,67.8307,34.5101],[15.3979,67.8313,0.0],[15.3995,67.8328,0.0],[15.3938,67.8354,39.3441],[15.3797,67.8359,279.676],[15.3833,67.8417,0.0],[15.3797,67.8443,1.7993],[15.3807,67.8474,0.0],[15.3776,67.8484,23.4983],[15.3792,67.8521,0.0],[15.3755,67.8547,11.8749],[15.3766,67.8578,0.0],[15.3734,67.8588,8.2745],[15.3766,67.8662,0.0],[15.3734,67.8672,18.706],[15.3745,67.8703,0.0],[15.363,67.8766,0.0],[15.3729,67.8792,28.4367],[15.387,67.8724,18.5726],[15.3859,67.8693,0.0],[15.3891,67.8682,31.2734],[15.388,67.8651,0.0],[15.3917,67.8625,33.6095],[15.388,67.8578,5.6386],[15.388,67.8547,0.0],[15.3953,67.8516,62.889],[15.3922,67.8464,0.0],[15.4021,67.8417,0.0],[15.4104,67.8417,0.0],[15.413,67.8453,14.478],[15.4229,67.8458,0.0],[15.4276,67.8495,18.1713],[15.4328,67.8505,0.0],[15.4349,67.8536,0.0],[15.4271,67.8542,51.6881],[15.4214,67.8568,40.6911],[15.4266,67.8651,0.0],[15.4234,67.8682,2.0054],[15.4313,67.8688,5.3961],[15.4328,67.8682,10.5337],[15.4359,67.8609,0.0],[15.4391,67.8599,25.4574],[15.438,67.8568,0.0],[15.4536,67.8495,15.8748],[15.4479,67.8396,0.0],[15.4484,67.838,0.0],[15.4557,67.8349,101.6784],[15.4536,67.8318,201.0959],[15.4438,67.8313,20.8168],[15.4411,67.8276,171.398],[15.4313,67.825,104.2781],[15.4234,67.8255,0.0],[15.4245,67.8307,0.3508],[15.4188,67.8333,0.0],[15.413,67.8287,0.0],[15.413,67.8255,0.0],[15.4161,67.8234,13.0139],[15.413,67.8193,0.0],[15.4224,67.8182,8.6872],[15.4214,67.8151,0.0],[15.4339,67.8089,0.0],[15.4438,67.8083,0.0],[15.4479,67.8104,0.0],[15.4542,67.8104,0.0],[15.4557,67.8099,0.0],[15.4547,67.8068,0.0],[15.4646,67.8021,0.0],[15.4708,67.8021,4.1827],[15.475,67.8,0.0],[15.4854,67.8,0.0],[15.4896,67.7979,0.0],[15.5,67.7979,4.4738],[15.5026,67.7943,5.3013],[15.5083,67.7917,0.0],[15.5125,67.7917,16.5808],[15.5167,67.7896,0.0],[15.5292,67.7896,88.6952],[15.5333,67.7875,0.0],[15.5438,67.7875,34.0753],[15.5667,67.7813,0.0],[15.5771,67.7813,42.5849],[15.5833,67.7792,0.0],[15.5938,67.7833,29.795],[15.6063,67.7833,0.0],[15.613,67.7797,0.0],[15.6208,67.7792,40.102],[15.625,67.7771,8.3536],[15.6354,67.7771,98.5332],[15.65,67.7729,0.0],[15.6604,67.7729,0.0],[15.6755,67.7651,0.0],[15.6828,67.7641,0.0],[15.6938,67.7583,0.0],[15.712,67.7557,66.5456],[15.7271,67.7479,0.0],[15.7375,67.7479,4.5986],[15.7417,67.7458,0.0],[15.7583,67.7458,33.1354],[15.7625,67.7438,0.0],[15.7688,67.7458,13.0028],[15.787,67.737,0.0],[15.7859,67.7338,0.0],[15.7891,67.7318,0.0],[15.7833,67.7229,0.0],[15.787,67.7203,57.3807],[15.7839,67.7151,0.0],[15.7922,67.7109,0.0],[15.8104,67.7083,16.6996],[15.8146,67.7063,0.0],[15.8313,67.7063,0.0],[15.8354,67.7083,0.0],[15.8479,67.7083,0.0],[15.8536,67.7057,33.9448],[15.8458,67.7021,108.7962],[15.8401,67.7016,0.0],[15.8432,67.6995,0.0],[15.8432,67.6964,0.0],[15.8333,67.6958,0.0],[15.8297,67.6932,15.4272],[15.838,67.688,0.0],[15.8458,67.6875,51.7891],[15.8474,67.6859,71.9185],[15.8375,67.6854,11.3023],[15.8313,67.6833,124.3233],[15.8161,67.6911,12.7697],[15.7984,67.6943,26.8675],[15.7995,67.6974,0.0],[15.7938,67.7,18.5545],[15.7854,67.7,23.0036],[15.7813,67.6979,167.6587],[15.7771,67.7,70.9957],[15.7646,67.7,279.0386],[15.7599,67.6964,563.7067],[15.7521,67.6937,739.5336],[15.7484,67.6943,670.7645],[15.7443,67.6974,564.1551],[15.7604,67.7021,212.4493],[15.7688,67.7021,89.9808],[15.7708,67.7042,29.1617],[15.7703,67.7057,26.5372],[15.763,67.7089,87.1036],[15.764099999999999,67.712,0.0],[15.7568,67.7151,97.5044],[15.762,67.7245,0.0],[15.7589,67.7255,32.2139],[15.7599,67.7286,0.0],[15.7542,67.7312,12.1252],[15.7443,67.7307,16.807],[15.7479,67.7271,161.6177],[15.7458,67.725,308.0255],[15.7396,67.7271,187.3056],[15.7333,67.725,339.3668],[15.7292,67.7271,185.8037],[15.7167,67.7271,191.0487],[15.7151,67.7276,191.0569],[15.7161,67.7307,10.2616],[15.7146,67.7312,19.2873],[15.7021,67.7312,62.4345],[15.6979,67.7292,256.4336],[15.6922,67.7318,155.9435],[15.6911,67.7349,15.6306],[15.687,67.737,15.6622],[15.6563,67.7438,47.0554],[15.6547,67.7422,106.6789],[15.6604,67.7396,145.4123],[15.6661,67.7391,121.8736],[15.6703,67.7359,171.7464],[15.6458,67.7354,564.8422],[15.6417,67.7333,654.9962],[15.6333,67.7333,742.0504],[15.6318,67.7318,813.7796],[15.6349,67.7297,807.3923],[15.6333,67.7292,834.0652],[15.6271,67.7312,985.5649],[15.6208,67.7312,801.2859],[15.6193,67.7318,809.0436],[15.6203,67.7349,784.027],[15.6172,67.737,737.2443],[15.6266,67.7359,721.1238],[15.6286,67.738,609.8141],[15.6255,67.7401,555.0127],[15.6271,67.7417,492.927],[15.6333,67.7396,513.9503],[15.6396,67.7396,477.4238],[15.6396,67.7375,570.081],[15.65,67.7375,423.1174],[15.6521,67.7396,272.1802],[15.65,67.7417,237.8155],[15.638,67.7422,374.8802],[15.6396,67.7458,244.498],[15.6375,67.7479,196.9085],[15.6208,67.7479,490.0428],[15.6146,67.7458,653.4318],[15.6089,67.7484,578.3367],[15.6109,67.7536,340.0467],[15.6224,67.7547,105.1664],[15.6151,67.7589,106.9996],[15.6161,67.762,0.0],[15.6146,67.7625,0.0],[15.6083,67.7604,144.7136],[15.5917,67.7604,185.4377],[15.5771,67.7646,0.0],[15.5563,67.7646,101.1132],[15.5521,67.7667,41.7866],[15.5396,67.7667,76.0255],[15.5354,67.7688,0.0],[15.5292,67.7688,0.0],[15.525,67.7667,23.8364],[15.5208,67.7688,0.0],[15.5125,67.7688,0.0],[15.5021,67.7646,3.4758],[15.4875,67.7646,0.0],[15.4833,67.7625,17.3538],[15.475,67.7625,0.0],[15.4583,67.7562,84.8782],[15.4396,67.7562,0.0],[15.4354,67.7583,0.0],[15.4292,67.7583,0.0],[15.4229,67.7542,32.224],[15.413,67.7536,17.4574],[15.412,67.7505,39.3747],[15.4047,67.7495,0.0],[15.4042,67.7479,0.0],[15.4047,67.7464,0.0],[15.412,67.7453,8.0314],[15.4188,67.7417,0.0],[15.425,67.7417,78.9343],[15.4333,67.7375,0.0],[15.4411,67.737,39.8412],[15.4401,67.7338,0.0],[15.4526,67.7276,0.0],[15.4599,67.7266,40.0208],[15.4609,67.7234,0.0],[15.4641,67.7224,0.0],[15.463,67.7193,0.0],[15.4646,67.7188,0.0],[15.4708,67.7188,36.283],[15.475,67.7167,1.5176],[15.4979,67.7167,0.0],[15.5021,67.7188,62.3069],[15.5167,67.7188,0.0],[15.5208,67.7208,11.9798],[15.5479,67.7208,16.478],[15.5521,67.7188,0.0],[15.5688,67.7188,73.0285],[15.588,67.7089,0.0],[15.5958,67.7083,0.0],[15.6026,67.7047,0.0],[15.6099,67.7037,28.5965],[15.6182,67.6995,26.964],[15.6208,67.6958,0.0],[15.6313,67.6958,46.6221],[15.6438,67.6917,0.0],[15.65,67.6917,0.0],[15.6516,67.6911,0.0],[15.6505,67.688,0.0],[15.6521,67.6875,0.0],[15.6792,67.6875,181.8202],[15.6807,67.6859,289.2995],[15.6729,67.6854,242.131],[15.6604,67.6813,404.6709],[15.6521,67.6813,361.0708],[15.6479,67.6792,541.9061],[15.6146,67.6792,806.243],[15.6104,67.6813,688.6371],[15.6026,67.6818,752.1096],[15.6036,67.6849,607.1494],[15.6021,67.6854,634.0195],[15.5958,67.6854,615.0101],[15.5917,67.6875,638.3426],[15.575,67.6875,898.6714],[15.5708,67.6896,677.4086],[15.5604,67.6896,924.2004],[15.5563,67.6917,777.1664],[15.5458,67.6917,882.6617],[15.5443,67.6922,962.7631],[15.5453,67.6953,743.1835],[15.5396,67.6979,893.4647],[15.5333,67.6958,827.6463],[15.5271,67.6958,681.7427],[15.5229,67.6979,583.5693],[15.5151,67.6984,286.254],[15.5083,67.7021,83.3686],[15.5047,67.6984,0.0],[15.5161,67.6932,0.0],[15.5151,67.6901,0.0],[15.5229,67.6896,126.1519],[15.5328,67.6849,0.0],[15.5297,67.6797,68.2502],[15.5438,67.6792,116.0035],[15.5453,67.6787,144.023],[15.5443,67.6755,252.3903],[15.5479,67.675,289.1506],[15.5521,67.6771,138.6455],[15.5604,67.6729,338.3434],[15.5682,67.6724,169.597],[15.5724,67.6693,314.757],[15.5646,67.6687,611.3122],[15.5583,67.6708,450.1422],[15.5542,67.6687,701.8893],[15.5313,67.6687,761.554],[15.5271,67.6708,750.8256],[15.5146,67.6708,986.5546],[15.5026,67.6776,538.901],[15.5016,67.6807,343.8293],[15.4984,67.6818,353.2179],[15.5016,67.687,50.0314],[15.4938,67.6896,90.1425],[15.4922,67.688,178.6743],[15.4953,67.6859,268.3633],[15.4901,67.6859,463.4854],[15.4776,67.6922,249.3623],[15.4786,67.6953,70.269],[15.4771,67.6958,39.1926],[15.4604,67.6958,6.9391],[15.4479,67.7,4.6101],[15.4417,67.7,33.4922],[15.4354,67.7021,0.0],[15.4339,67.7005,11.9792],[15.4411,67.6974,93.9792],[15.4411,67.6943,275.7418],[15.4313,67.6917,566.8078],[15.4042,67.6937,451.2905],[15.4026,67.6953,229.3888],[15.4047,67.6995,85.7294],[15.412,67.7005,88.2886],[15.412,67.7037,9.0221],[15.4005,67.7089,13.4219],[15.4016,67.712,2.0044],[15.3807,67.7224,0.0],[15.3688,67.7229,28.1073],[15.3604,67.7271,0.0],[15.3526,67.7276,50.9577],[15.3536,67.7307,0.0],[15.3521,67.7312,0.0],[15.3417,67.7312,32.2315],[15.3271,67.7354,2.3843],[15.3208,67.7354,17.629],[15.3167,67.7375,8.4353],[15.2938,67.7354,0.0],[15.2901,67.7328,0.0],[15.2932,67.7297,16.0751],[15.288,67.7286,0.0],[15.2828,67.7214,4.5385],[15.2729,67.7208,0.0],[15.2682,67.7172,64.3515],[15.263,67.7161,14.7896],[15.2589,67.7099,0.0],[15.262,67.7068,38.8462],[15.25,67.7042,0.0],[15.2484,67.7026,10.7988],[15.2646,67.6979,0.0],[15.2979,67.6979,0.0],[15.3042,67.7,36.8794],[15.3104,67.6979,0.0],[15.3146,67.7,20.5031],[15.3208,67.7,20.5619],[15.337,67.6953,0.0],[15.3328,67.688,3.0952],[15.3292,67.6875,11.2014],[15.3229,67.6896,0.0],[15.3188,67.6875,0.6822],[15.3063,67.6875,22.5553],[15.3026,67.6849,122.7386],[15.3057,67.6818,302.1706],[15.3021,67.6792,547.0738],[15.2917,67.6792,718.7022],[15.2818,67.6839,160.82],[15.2818,67.687,75.6942],[15.2833,67.6875,59.979],[15.2995,67.688,17.8774],[15.2979,67.6896,0.2991],[15.2917,67.6896,4.4113],[15.2875,67.6917,0.0],[15.275,67.6917,0.0],[15.2646,67.6875,50.1683],[15.25,67.6875,0.0],[15.2479,67.6854,19.1022],[15.25,67.6833,64.6949],[15.2682,67.6828,106.0579],[15.2766,67.6787,337.8225],[15.2755,67.6755,303.0],[15.2849,67.6745,369.3789],[15.2839,67.6713,303.0],[15.2911,67.6682,320.2922],[15.2901,67.6651,303.0],[15.3057,67.6568,646.789],[15.275,67.6563,739.7215],[15.2708,67.6583,823.6246],[15.2547,67.6589,858.1965],[15.2563,67.6604,919.1193],[15.2703,67.6609,715.8973],[15.2766,67.6693,340.487],[15.2708,67.6729,402.2275],[15.2609,67.6724,563.1585],[15.2583,67.6687,712.223],[15.2505,67.6703,794.8371],[15.2526,67.6672,800.0565],[15.2557,67.6661,756.1902],[15.2542,67.6646,817.9917],[15.2313,67.6646,591.9593],[15.2297,67.6651,542.1406],[15.2307,67.6682,611.1827],[15.2266,67.6703,275.5806],[15.2188,67.6708,13.4285],[15.2141,67.6672,53.2295],[15.2063,67.6646,16.1785],[15.1979,67.6646,0.0],[15.1917,67.6604,9.0131],[15.1818,67.6599,0.0],[15.1859,67.6568,19.047],[15.1938,67.6563,104.9601],[15.1953,67.6547,183.4794],[15.1917,67.6521,292.8373],[15.1875,67.6542,149.2083],[15.1776,67.6536,0.0],[15.1755,67.6484,0.0],[15.1786,67.6464,0.0],[15.1766,67.6422,40.601],[15.1714,67.6412,29.0736],[15.1672,67.637,31.8029],[15.1651,67.6318,18.9098],[15.1708,67.6292,0.0],[15.1771,67.6292,12.7539],[15.1813,67.6271,6.5541],[15.1917,67.6271,40.1518],[15.1958,67.625,0.0],[15.2021,67.625,0.0],[15.2063,67.6271,35.538],[15.2479,67.6271,0.0],[15.2557,67.6297,0.0],[15.2609,67.637,27.8537],[15.2688,67.6396,34.7662],[15.275,67.6396,3.1833],[15.2917,67.6312,0.0],[15.3375,67.625,50.8704],[15.3391,67.6245,14.9674],[15.338,67.6214,0.0],[15.3438,67.6188,6.3665],[15.3813,67.6167,8.6964],[15.3828,67.6162,6.253],[15.3813,67.6125,0.0],[15.3833,67.6104,0.0],[15.3938,67.6104,0.0],[15.3979,67.6083,0.0],[15.4146,67.6062,0.0],[15.4271,67.6104,0.0],[15.4328,67.6068,0.5405],[15.4307,67.6047,0.7761],[15.4255,67.6036,0.0],[15.4286,67.6005,0.0],[15.4188,67.5979,21.6844],[15.4146,67.6,0.0],[15.3979,67.6,1.8775],[15.375,67.6062,0.0],[15.3688,67.6042,0.0],[15.3625,67.6042,45.4228],[15.3609,67.6047,40.8456],[15.362,67.6078,0.0],[15.3563,67.6104,0.0],[15.35,67.6104,6.8056],[15.3458,67.6125,0.0],[15.3292,67.6125,30.2651],[15.3193,67.6151,29.2658],[15.3125,67.6188,26.6157],[15.3063,67.6188,53.4918],[15.3021,67.6208,0.0],[15.2958,67.6188,70.1832],[15.2896,67.6188,50.2139],[15.2854,67.6208,0.0],[15.2813,67.6188,0.0],[15.2729,67.6188,0.0],[15.2688,67.6167,18.754],[15.2438,67.6167,0.89],[15.2401,67.613,0.0],[15.2443,67.6109,0.0],[15.2521,67.6104,20.5904],[15.2604,67.6062,55.0846],[15.2667,67.6062,174.4382],[15.2729,67.6083,71.7748],[15.2828,67.6026,547.9089],[15.2604,67.6021,335.5523],[15.2563,67.6,477.189],[15.2208,67.6,113.2763],[15.2188,67.5979,3.9902],[15.2224,67.5953,0.0],[15.2203,67.5922,1.6004],[15.2089,67.588,0.0],[15.2146,67.5854,0.0],[15.2266,67.5849,6.1971],[15.2255,67.5818,0.0],[15.2271,67.5813,0.0],[15.2333,67.5813,12.9116],[15.2396,67.5833,81.4768],[15.2438,67.5813,200.5009],[15.2542,67.5813,79.0886],[15.2583,67.5792,144.3147],[15.2646,67.5792,94.9683],[15.2661,67.5776,207.5238],[15.2609,67.5755,345.8757],[15.2682,67.5745,352.2549],[15.275,67.5708,468.7221],[15.2854,67.5708,268.8449],[15.2896,67.5687,381.6751],[15.2979,67.5687,259.0956],[15.3021,67.5708,142.7499],[15.325,67.5708,148.6647],[15.3266,67.5693,362.3003],[15.3224,67.5651,675.9267],[15.3146,67.5646,585.6068],[15.3104,67.5625,897.4484],[15.2917,67.5625,697.2656],[15.2833,67.5667,610.6865],[15.2729,67.5667,735.4237],[15.25,67.5729,746.4233],[15.2438,67.5729,626.9103],[15.2396,67.575,561.5485],[15.2292,67.575,327.0086],[15.2229,67.5771,100.1684],[15.2214,67.5766,132.674],[15.2214,67.5734,0.0],[15.2286,67.5693,279.873],[15.2151,67.5661,0.0],[15.2182,67.5641,21.9694],[15.2151,67.5578,10.4659],[15.2182,67.5557,6.4223],[15.2172,67.5526,0.0],[15.225,67.5521,1.6188],[15.2318,67.5484,0.0],[15.2396,67.5479,6.6536],[15.2438,67.5458,0.0],[15.2542,67.5458,12.8765],[15.2583,67.5437,0.0],[15.2625,67.5437,3.0268],[15.2651,67.5401,0.0],[15.2708,67.5396,1.2474],[15.2776,67.5359,0.0],[15.2854,67.5354,0.0],[15.2896,67.5333,0.0],[15.3021,67.5375,0.0],[15.3146,67.5375,0.0],[15.3214,67.5339,0.0],[15.3313,67.5313,0.0],[15.3646,67.5313,0.0],[15.3771,67.5354,0.0],[15.3938,67.5354,0.0],[15.4,67.5292,0.0],[15.4125,67.5292,0.0],[15.4188,67.5313,62.8977],[15.4229,67.5292,0.0],[15.4354,67.5292,0.0],[15.4542,67.5354,0.0],[15.4583,67.5333,0.0],[15.4703,67.5328,2.3787],[15.4734,67.5255,44.1181],[15.4911,67.5224,0.0],[15.5005,67.5172,3.0217],[15.5078,67.5162,0.0],[15.5188,67.5104,0.0],[15.5271,67.5104,0.0],[15.5297,67.5141,26.8305],[15.5432,67.5172,0.0],[15.5484,67.5245,0.0],[15.5625,67.5292,0.0],[15.5667,67.5292,0.0],[15.5896,67.5375,0.0],[15.5938,67.5375,0.0],[15.5964,67.5411,61.9058],[15.6021,67.5417,0.0],[15.6667,67.5625,0.0],[15.6813,67.5625,0.0],[15.6917,67.5667,0.0],[15.7208,67.5667,0.0],[15.7333,67.5708,0.9376],[15.7646,67.5729,0.0],[15.7688,67.575,24.7408],[15.775,67.5729,0.0],[15.7828,67.5755,0.0],[15.7755,67.5797,16.6447],[15.7771,67.5813,20.6184],[15.7854,67.5813,0.0],[15.7896,67.5792,0.0],[15.8063,67.5792,0.0],[15.8109,67.5828,0.0],[15.8208,67.5833,0.0],[15.825,67.5854,5.1256],[15.8292,67.5833,0.0],[15.8417,67.5833,0.0],[15.8495,67.5859,0.0],[15.8464,67.5891,7.1828],[15.8563,67.5896,0.0],[15.8604,67.5917,3.3167],[15.8688,67.5917,3.0968],[15.8745,67.588,38.3443],[15.8646,67.5854,93.0899],[15.8563,67.5854,27.3675],[15.8547,67.5839,0.0],[15.8729,67.5833,0.0],[15.8771,67.5813,0.0],[15.8875,67.5813,0.0],[15.889099999999999,67.5797,25.7906],[15.8839,67.5787,0.0],[15.8818,67.5766,0.0],[15.8818,67.5734,112.4517],[15.8849,67.5724,184.2002],[15.8833,67.5708,291.2238],[15.875,67.5708,300.2144],[15.8708,67.5729,195.712],[15.8646,67.5708,306.5983],[15.8563,67.575,47.761],[15.8438,67.5708,184.4024],[15.8208,67.5708,159.5289],[15.8167,67.5729,177.7099],[15.8104,67.5729,151.9494],[15.8063,67.5708,222.9241],[15.7917,67.5708,52.4473],[15.7839,67.5682,97.5368],[15.7807,67.563,270.7381],[15.7708,67.5625,144.8638],[15.7667,67.5604,256.8667],[15.763,67.5609,159.3581],[15.764099999999999,67.5641,0.0],[15.7625,67.5646,8.7314],[15.75,67.5646,0.0],[15.7458,67.5625,173.1485],[15.7359,67.562,77.0231],[15.7349,67.5589,84.9861],[15.725,67.5563,294.1439],[15.7125,67.5563,197.5882],[15.7063,67.5542,217.5737],[15.7,67.5563,26.5171],[15.6984,67.5557,61.5823],[15.6984,67.5526,136.5151],[15.7042,67.5521,154.0912],[15.7057,67.5505,351.2054],[15.6979,67.55,361.7092],[15.6938,67.5479,509.802],[15.6839,67.5484,272.3409],[15.6854,67.55,199.3603],[15.6911,67.5505,176.8127],[15.6911,67.5537,99.2952],[15.6896,67.5542,84.3466],[15.6854,67.5521,102.4382],[15.6771,67.5521,48.6603],[15.6729,67.55,42.3342],[15.6688,67.55,8.2896],[15.6672,67.5495,16.8502],[15.6672,67.5464,93.4534],[15.675,67.5479,164.8275],[15.6766,67.5464,207.727],[15.6729,67.5437,375.6202],[15.6604,67.5437,120.2988],[15.6563,67.5417,108.7842],[15.6464,67.5411,4.4267],[15.6411,67.5339,138.1169],[15.6359,67.5328,151.9258],[15.6458,67.5292,377.0936],[15.6521,67.5313,322.8754],[15.6583,67.5313,373.1298],[15.6599,67.5297,504.0794],[15.6521,67.5271,566.9413],[15.6375,67.5271,341.347],[15.6333,67.525,392.6617],[15.6146,67.525,102.827],[15.6104,67.5229,174.1196],[15.5964,67.5224,0.0],[15.5995,67.5193,75.3861],[15.588,67.5182,0.0],[15.5828,67.513,74.8536],[15.5693,67.5078,0.0],[15.576599999999999,67.5026,254.05],[15.5651,67.5016,67.9096],[15.5599,67.4943,284.4908],[15.5458,67.4938,11.9744],[15.5391,67.488,78.4266],[15.5276,67.4849,0.0],[15.5307,67.4818,0.0],[15.5255,67.4807,0.0],[15.5234,67.4776,0.0],[15.5292,67.475,0.0],[15.5396,67.475,15.9681],[15.5542,67.4708,0.0],[15.562,67.4714,0.0],[15.5651,67.4745,0.0],[15.5729,67.4771,40.2324],[15.5813,67.4771,0.0],[15.5854,67.4792,0.0],[15.5932,67.4786,65.2778],[15.5854,67.475,221.5058],[15.5813,67.475,66.9237],[15.5672,67.4703,0.0],[15.5641,67.4672,30.5791],[15.5563,67.4646,54.4941],[15.5188,67.4604,95.067],[15.513,67.4557,0.0],[15.5161,67.4526,0.0],[15.5109,67.4516,0.0],[15.514099999999999,67.4495,0.0],[15.513,67.4464,0.0],[15.5161,67.4453,0.0],[15.5172,67.4422,0.0],[15.5245,67.4411,0.0],[15.5313,67.4375,0.0],[15.5417,67.4375,14.9693],[15.5458,67.4354,0.0],[15.5536,67.4349,125.9117],[15.5484,67.4255,0.0],[15.5625,67.4187,0.0],[15.5786,67.4161,84.9307],[15.5776,67.4109,0.0],[15.5818,67.4089,0.0],[15.5896,67.4083,0.0],[15.5938,67.4104,17.7389],[15.6,67.4083,0.0],[15.6042,67.4104,0.0],[15.6354,67.4104,0.0],[15.6396,67.4125,0.0],[15.6495,67.413,0.0],[15.6505,67.4161,0.0],[15.6667,67.4208,0.0],[15.6693,67.4172,0.0],[15.6724,67.4161,17.0199],[15.6708,67.4146,63.7019],[15.6625,67.4146,0.0],[15.6464,67.4099,0.0],[15.6474,67.4047,0.0],[15.6458,67.4042,0.0],[15.6417,67.4063,0.0],[15.6292,67.4063,0.0],[15.625,67.4042,30.7584],[15.6063,67.4042,0.0],[15.5922,67.3995,0.0],[15.5943,67.3964,0.0],[15.5974,67.3953,10.2421],[15.5984,67.3922,0.0],[15.6057,67.3891,0.0],[15.6047,67.3859,0.0],[15.612,67.3828,9.6618],[15.6068,67.3807,0.0],[15.6026,67.3755,0.0],[15.6083,67.3729,0.0],[15.6313,67.3729,0.0],[15.6328,67.3714,1.0619],[15.6286,67.3651,54.6258],[15.6151,67.362,0.0],[15.612,67.3588,0.0],[15.5917,67.3521,0.0],[15.588,67.3536,0.0],[15.5932,67.362,0.0],[15.5839,67.363,0.0],[15.5891,67.3714,0.0],[15.5849,67.3745,0.0],[15.5667,67.3771,0.0],[15.5625,67.375,21.349],[15.5484,67.3734,0.0],[15.5495,67.3786,0.0],[15.5464,67.3797,0.0],[15.5474,67.3828,0.0],[15.5401,67.388,21.2619],[15.5438,67.3938,0.0],[15.5401,67.3974,49.9947],[15.5453,67.4057,0.0],[15.5339,67.4109,0.0],[15.5349,67.4141,0.0],[15.5276,67.4172,0.0],[15.5286,67.4224,0.0],[15.5214,67.4255,0.0],[15.5224,67.4287,0.0],[15.5167,67.4313,0.0],[15.5089,67.4318,61.6786],[15.5099,67.4349,0.0],[15.4958,67.4417,0.0],[15.4896,67.4417,0.0],[15.4833,67.4396,23.3627],[15.4776,67.4422,40.0109],[15.4786,67.4453,0.0],[15.4755,67.4474,0.0],[15.4776,67.4495,0.0],[15.4828,67.4505,0.0],[15.4797,67.4526,0.0],[15.4807,67.4557,0.0],[15.4776,67.4568,0.0],[15.4786,67.462,0.0],[15.4755,67.463,0.0],[15.4813,67.4729,0.0],[15.4776,67.4755,11.4826],[15.4807,67.4807,0.0],[15.4688,67.4812,9.6856],[15.4646,67.4833,0.0],[15.4568,67.4838,0.0],[15.4578,67.487,0.0],[15.4547,67.488,0.0],[15.4557,67.4932,0.0],[15.4542,67.4938,0.0],[15.4479,67.4938,25.5259],[15.4438,67.4958,0.0],[15.4333,67.4958,37.6465],[15.4292,67.4979,0.0],[15.4188,67.4979,37.2277],[15.4042,67.5021,0.0],[15.4,67.5,0.0],[15.3875,67.5,7.8606],[15.3729,67.5042,13.1264],[15.3688,67.5021,10.7551],[15.3563,67.5021,13.1924],[15.3521,67.5042,0.0],[15.3354,67.5042,67.6564],[15.3313,67.5021,152.6213],[15.3229,67.5021,158.5424],[15.3188,67.5042,0.0],[15.3021,67.5042,60.6991],[15.2958,67.5083,0.0],[15.2833,67.5083,11.1696],[15.2818,67.5068,0.0],[15.2849,67.5057,6.7461],[15.2833,67.5042,0.0],[15.275,67.5062,0.0],[15.2672,67.5036,0.0],[15.2661,67.5005,16.351],[15.2625,67.4979,4.7651],[15.2479,67.4979,5.7909],[15.2438,67.4958,32.3259],[15.2375,67.4958,0.0],[15.2328,67.4922,34.6821],[15.2193,67.4891,0.0],[15.2172,67.4838,0.0],[15.225,67.4833,27.3604],[15.2266,67.4818,5.7079],[15.2224,67.4755,3.1883],[15.2089,67.4703,0.0],[15.2042,67.4646,29.4302],[15.2047,67.463,86.4632],[15.212,67.462,367.1502],[15.212,67.4589,536.8371],[15.2083,67.4542,694.9437],[15.212,67.4505,723.4743],[15.2083,67.45,854.7406],[15.2,67.4542,525.4949],[15.1776,67.4547,167.0273],[15.1792,67.4563,103.1511],[15.1932,67.4568,195.7837],[15.1964,67.4599,90.4135],[15.201599999999999,67.4609,177.266],[15.2,67.4625,26.2496],[15.1813,67.4604,3.1387],[15.1708,67.4563,23.2763],[15.1563,67.4563,0.0],[15.1526,67.4516,9.6216],[15.1557,67.4484,0.0],[15.1474,67.4339,0.0],[15.1375,67.4333,12.0404],[15.1359,67.4349,0.0],[15.1401,67.4391,0.0],[15.1453,67.4401,0.0],[15.1417,67.4437,0.0],[15.1453,67.4495,0.0],[15.138,67.4526,2.416],[15.137,67.4557,0.0],[15.1339,67.4578,0.0],[15.1438,67.4625,14.7863],[15.1583,67.4625,0.0],[15.1609,67.4661,0.0],[15.1682,67.4672,0.0],[15.1714,67.4724,0.0],[15.1766,67.4734,0.0],[15.1807,67.4776,0.0],[15.1776,67.4797,0.0],[15.1766,67.4828,0.0],[15.1708,67.4854,0.0],[15.1646,67.4854,90.5836],[15.1583,67.4833,478.7159],[15.1542,67.4854,489.9144],[15.1438,67.4854,720.6085],[15.1339,67.4828,901.9643],[15.1313,67.4792,1060.5283],[15.1125,67.4812,674.4868],[15.1083,67.4792,757.9956],[15.0896,67.4792,790.1475],[15.0854,67.4771,857.3715],[15.0813,67.4792,711.1165],[15.075,67.4792,631.7614],[15.0734,67.4807,670.9634],[15.0833,67.4812,658.0781],[15.0938,67.4854,502.7462],[15.1,67.4854,359.5649],[15.1063,67.4833,470.7254],[15.1109,67.487,283.9097],[15.1271,67.4896,144.6286],[15.1375,67.4938,57.7672],[15.1438,67.4917,14.131],[15.1474,67.4943,0.0],[15.1484,67.4974,8.6181],[15.1583,67.5,9.4134],[15.1625,67.4979,0.0],[15.1687,67.5,0.0],[15.1729,67.4979,0.0],[15.1979,67.4979,0.0],[15.2146,67.5042,16.2305],[15.2208,67.5021,0.0],[15.225,67.5042,0.0],[15.2333,67.5042,0.0],[15.2411,67.5078,0.0],[15.2026,67.5109,226.0063],[15.2036,67.5162,0.0],[15.2005,67.5182,22.9436],[15.2057,67.5193,0.0],[15.2078,67.5224,0.0],[15.2047,67.5234,0.0],[15.2057,67.5266,0.0],[15.2026,67.5276,1.9284],[15.201599999999999,67.5307,0.0],[15.1917,67.5333,0.0],[15.1854,67.5313,16.6664],[15.1792,67.5313,69.3039],[15.1729,67.5333,0.0],[15.1703,67.5297,187.9562],[15.1589,67.5286,299.5787],[15.162,67.5255,429.2747],[15.1583,67.5229,608.4902],[15.1521,67.5229,513.2527],[15.1479,67.525,202.2468],[15.1339,67.5245,22.5168],[15.1411,67.5203,299.831],[15.1375,67.5167,519.9932],[15.1021,67.5167,2.9266],[15.0854,67.5104,10.3155],[15.0729,67.5104,37.9064],[15.0667,67.5125,0.0],[15.0651,67.5109,15.0494],[15.0682,67.5089,78.2501],[15.0667,67.5083,159.1509],[15.0604,67.5083,127.8549],[15.0563,67.5104,24.5699],[15.05,67.5062,55.3062],[15.0417,67.5062,0.0],[15.0339,67.5036,0.0],[15.0307,67.4984,7.1028],[15.0271,67.4958,23.2995],[15.0151,67.4984,0.0],[15.0151,67.5016,11.0493],[15.0224,67.5026,0.0],[15.0276,67.512,0.0],[15.0411,67.5151,0.0],[15.0422,67.5182,8.3349],[15.05,67.5208,0.0],[15.0682,67.5234,0.0],[15.0693,67.5266,37.7619],[15.0745,67.5276,0.0],[15.0766,67.5307,20.6535],[15.0583,67.5313,237.5138],[15.0542,67.5333,222.8914],[15.0333,67.5333,731.6203],[15.0292,67.5354,434.2216],[15.0188,67.5354,570.4318],[15.0146,67.5375,498.8427],[15.0063,67.5354,603.6174],[15.0021,67.5375,581.8298],[14.9917,67.5375,847.4647],[14.9818,67.5401,557.8913],[14.9833,67.5417,444.8264],[15.0188,67.5417,142.5885],[15.0266,67.5443,49.3305],[15.0307,67.5505,0.0],[15.0307,67.5537,0.0],[15.0276,67.5547,10.4422],[15.0286,67.5578,0.0],[15.0271,67.5583,0.0],[14.9984,67.5589,0.0],[14.9995,67.562,0.0],[14.9958,67.5646,0.0],[15.0026,67.5766,0.0],[15.0167,67.5771,0.0],[15.0208,67.575,6.156],[15.0286,67.5745,32.236],[15.0276,67.5714,0.0],[15.0292,67.5708,0.0],[15.0411,67.5703,19.0963],[15.0422,67.5672,0.0],[15.0495,67.5641,41.7589],[15.0484,67.5609,0.0],[15.0563,67.5604,64.2399],[15.062,67.5578,225.9311],[15.0589,67.5526,0.0],[15.0682,67.5516,-0.4607],[15.0833,67.5437,0.0],[15.0938,67.5437,12.6311],[15.0979,67.5417,0.0],[15.1042,67.5437,78.3479],[15.1104,67.5417,0.0],[15.1167,67.5437,4.4786],[15.1208,67.5417,0.0],[15.1333,67.5458,6.471],[15.1458,67.5458,0.0],[15.1495,67.5484,11.3929],[15.1557,67.5589,0.0],[15.1526,67.5609,0.0],[15.1536,67.5641,4.0695],[15.1458,67.5646,18.2302],[15.1417,67.5667,0.0],[15.1354,67.5646,18.891],[15.1214,67.5714,0.0],[15.1224,67.5766,15.2617],[15.1141,67.5807,16.7085],[15.1005,67.5818,16.193],[15.0995,67.5849,0.0],[15.0938,67.5875,38.6378],[15.0833,67.5875,136.4052],[15.0792,67.5896,123.373],[15.0568,67.5901,119.1406],[15.062,67.5922,39.383],[15.0604,67.5938,0.0],[15.0417,67.5917,15.5399],[15.0375,67.5896,63.8674],[15.0229,67.5896,0.0],[15.0125,67.5854,85.793],[15.0063,67.5875,0.0],[15.0021,67.5854,21.8478],[14.9875,67.5854,0.0],[14.9797,67.5828,0.0],[14.9766,67.5797,42.5818],[14.9714,67.5787,74.4621],[14.9688,67.575,224.3818],[14.9375,67.5729,159.82],[14.9333,67.575,6.4619],[14.9297,67.5724,21.4712],[14.9313,67.5708,129.9375],[14.9375,67.5708,182.874],[14.95,67.5667,379.9669],[14.9661,67.5641,466.5747],[14.9661,67.5609,732.7831],[14.9563,67.5604,941.1086],[14.9521,67.5583,849.7877],[14.9375,67.5625,524.1829],[14.9313,67.5625,457.0079],[14.9188,67.5687,34.702],[14.9021,67.5687,0.0],[14.8859,67.5641,11.9946],[14.8839,67.5609,0.5464],[14.8896,67.5583,7.8856],[14.9021,67.5583,51.2375],[14.925,67.5521,336.1006],[14.9354,67.5521,445.6693],[14.9417,67.55,466.0726],[14.9458,67.5521,633.2704],[14.9521,67.5521,642.2689],[14.9536,67.5505,473.6179],[14.9516,67.5463,763.9438],[14.9479,67.5458,791.7031],[14.9438,67.5479,663.4561],[14.9333,67.5479,568.1221],[14.9292,67.55,454.9861],[14.9229,67.5479,654.3323],[14.9063,67.5479,687.4209],[14.9021,67.55,502.3793],[14.8859,67.5526,135.336],[14.8833,67.5563,3.4321],[14.8755,67.5557,0.0],[14.8708,67.5521,0.0],[14.8521,67.5521,0.2749],[14.8495,67.5484,14.469],[14.8359,67.5453,0.0],[14.8328,67.5401,15.8396],[14.8089,67.537,0.0],[14.8057,67.5318,1.5696],[14.8005,67.5307,0.5197],[14.7958,67.5271,2.3084],[14.7833,67.5271,0.0],[14.7646,67.5208,8.2043],[14.7583,67.5229,0.0],[14.7521,67.5229,8.0357],[14.7479,67.5208,13.0579],[14.738,67.5203,0.0],[14.738,67.5172,5.4806],[14.75,67.5167,0.0],[14.7516,67.5151,0.0],[14.7479,67.5125,0.0],[14.7318,67.5099,0.0],[14.7292,67.5062,15.1042],[14.7146,67.5062,0.0],[14.7068,67.5036,0.0],[14.7036,67.5005,0.0],[14.6943,67.4995,0.0],[14.6901,67.4953,0.0],[14.6932,67.4922,-0.45],[14.6792,67.4917,0.0],[14.6755,67.4891,0.0],[14.6771,67.4875,6.9769],[14.7,67.4875,12.1181],[14.7057,67.4838,218.5046],[14.6958,67.4833,257.3936],[14.6917,67.4854,172.2668],[14.6854,67.4854,207.1306],[14.6812,67.4833,321.1899],[14.6729,67.4833,31.628],[14.6688,67.4812,35.594],[14.6542,67.4792,0.0],[14.6526,67.4786,0.0],[14.6526,67.4755,3.7665],[14.6583,67.4729,0.0],[14.6688,67.4729,0.0],[14.6786,67.4703,0.8364],[14.6797,67.4672,0.0],[14.688,67.463,7.7626],[14.6938,67.4625,18.1637],[14.7005,67.4589,0.0],[14.7083,67.4583,8.5987],[14.7141,67.4557,18.7742],[14.713,67.4526,0.2468],[14.7146,67.4521,0.2449],[14.7771,67.4521,0.0],[14.7813,67.4542,48.4115],[14.7896,67.4542,0.0],[14.8,67.4583,0.0],[14.8083,67.4583,0.0],[14.8125,67.4604,0.0],[14.8188,67.4604,0.0],[14.825,67.4625,89.7774],[14.8292,67.4604,0.0],[14.85,67.4604,52.0902],[14.8646,67.4563,0.0],[14.8813,67.4563,176.881],[14.8938,67.4521,0.0],[14.9167,67.4521,60.3753],[14.9396,67.4458,0.0],[14.9458,67.4479,0.0],[14.9583,67.4479,0.0],[14.9625,67.45,12.4385],[14.9708,67.45,0.0],[14.9812,67.4542,5.0507],[14.9896,67.4542,0.0],[14.9938,67.4563,17.3489],[15.0229,67.4563,0.0],[15.0271,67.4583,32.1419],[15.0333,67.4563,0.0],[15.0542,67.4563,3.9327],[15.0568,67.4526,22.113],[15.0641,67.4484,331.7132],[15.0604,67.4458,538.9476],[15.0313,67.4458,402.4465],[15.0271,67.4437,492.7373],[15.0125,67.4437,538.4479],[15.0083,67.4417,612.4818],[15.0021,67.4437,463.4098],[14.9979,67.4417,550.2241],[14.988,67.4411,541.4219],[14.9854,67.4375,828.0655],[14.9771,67.4396,505.3422],[14.9625,67.4354,191.7104],[14.9542,67.4354,0.0],[14.9458,67.4292,0.0],[14.9276,67.4307,45.9039],[14.9349,67.4266,194.7812],[14.9333,67.425,378.6129],[14.9167,67.4271,437.6927],[14.912,67.4234,673.0256],[14.9042,67.4208,573.1072],[14.8979,67.4229,203.2791],[14.8818,67.4182,0.0],[14.8766,67.4109,13.2366],[14.863,67.4057,0.0],[14.8661,67.4026,0.0],[14.8641,67.4005,0.0],[14.8589,67.3995,0.0],[14.8583,67.3979,0.0],[14.8589,67.3964,0.0],[14.8661,67.3953,15.7573],[14.8672,67.3922,42.3814],[14.8703,67.3912,141.5401],[14.8672,67.3859,18.3613],[14.887,67.3849,115.8278],[14.8859,67.3797,359.1572],[14.8932,67.3786,419.2334],[14.8932,67.3755,609.0081],[14.8917,67.375,694.2937],[14.8854,67.375,760.9191],[14.8813,67.3771,548.4692],[14.8542,67.3771,378.4727],[14.8521,67.3792,232.5756],[14.8536,67.3849,14.6716],[14.8505,67.3859,22.7167],[14.8516,67.3891,0.0],[14.8318,67.3901,0.0],[14.8359,67.3953,0.0],[14.8453,67.3964,0.0],[14.8422,67.3995,0.0],[14.8495,67.4005,0.0],[14.8505,67.4036,0.0],[14.8557,67.4047,0.0],[14.8599,67.4089,0.0],[14.8599,67.412,0.0],[14.8568,67.4141,0.0],[14.862,67.4224,0.0],[14.8589,67.4245,27.671],[14.8703,67.4255,0.0],[14.8724,67.4307,0.0],[14.8646,67.4313,142.8085],[14.8563,67.4354,179.6833],[14.8354,67.4354,344.74],[14.8339,67.4359,295.8383],[14.8349,67.4391,42.0708],[14.8292,67.4417,0.0],[14.8208,67.4417,120.7583],[14.8167,67.4396,328.7944],[14.8047,67.4401,244.4234],[14.8161,67.4443,58.0403],[14.8146,67.4458,0.0],[14.8083,67.4458,19.7338],[14.8042,67.4479,3.0634],[14.8,67.4458,24.1201],[14.7917,67.4458,0.0],[14.7901,67.4443,0.0],[14.7932,67.4422,2.726],[14.7833,67.4375,13.3252],[14.7792,67.4396,0.0],[14.7729,67.4375,0.0],[14.7667,67.4375,16.9149],[14.7625,67.4396,0.0],[14.7521,67.4396,0.0],[14.7479,67.4417,0.0],[14.7292,67.4417,0.0],[14.7167,67.4375,28.152],[14.7042,67.4417,0.0],[14.6958,67.4417,95.3351],[14.6812,67.4375,417.8295],[14.6729,67.4375,350.0281],[14.6667,67.4333,576.8886],[14.6604,67.4354,310.3836],[14.6563,67.4333,488.9715],[14.6438,67.4333,197.7768],[14.6422,67.4339,186.9382],[14.6432,67.437,25.8816],[14.6396,67.4375,8.3184],[14.6339,67.4307,0.0],[14.637,67.4287,0.0],[14.637,67.4255,0.0],[14.6349,67.4234,0.0],[14.6234,67.4203,7.4012],[14.6307,67.4161,0.0],[14.6286,67.413,0.0],[14.6188,67.4125,2.9534],[14.6083,67.4083,28.6242],[14.6021,67.4104,1.1077],[14.5672,67.4099,0.0],[14.5745,67.4057,0.0],[14.5755,67.4026,0.0],[14.5875,67.4021,22.5776],[14.5917,67.4,0.0],[14.6188,67.4,0.0],[14.6229,67.4021,11.2515],[14.6328,67.4016,0.0],[14.637,67.3995,0.0],[14.6359,67.3964,4.7319],[14.6391,67.3943,0.0],[14.6354,67.3917,27.4566],[14.6271,67.3917,0.0],[14.6193,67.388,7.9441],[14.6313,67.3875,0.0],[14.6328,67.387,6.4609],[14.6328,67.3839,13.4584],[14.6167,67.3833,0.8259],[14.6125,67.3792,8.59],[14.5979,67.3792,0.0],[14.5833,67.375,0.2421],[14.575,67.375,0.0],[14.5604,67.3667,0.0],[14.5542,67.3667,5.3638],[14.5526,67.3682,0.0],[14.5547,67.3724,0.0],[14.562,67.3734,0.0],[14.563,67.3766,13.4977],[14.5682,67.3776,0.0],[14.5625,67.3812,2.6558],[14.5583,67.3792,10.1048],[14.5396,67.3792,0.0],[14.5354,67.3771,2.2664],[14.5151,67.3766,0.0],[14.5167,67.375,0.0],[14.5224,67.3745,0.0],[14.5229,67.3729,0.0],[14.5224,67.3714,0.0],[14.5172,67.3703,0.0],[14.5203,67.3682,7.4443],[14.5172,67.3641,0.0],[14.5188,67.3625,3.0716],[14.5286,67.363,0.0],[14.5313,67.3667,0.0],[14.5438,67.3667,5.2046],[14.5479,67.3646,8.2268],[14.5583,67.3646,0.0],[14.5625,67.3625,0.0],[14.5687,67.3625,0.0],[14.5703,67.3609,1.981],[14.5604,67.3562,15.4933],[14.5521,67.3562,0.0],[14.5417,67.3521,3.8033],[14.5318,67.3516,0.0],[14.5286,67.3484,0.0],[14.5234,67.3474,0.0],[14.5208,67.3438,15.367],[14.5063,67.3438,0.0],[14.4984,67.3411,0.0],[14.4953,67.338,0.0],[14.4859,67.337,0.0],[14.4891,67.3339,0.0],[14.4818,67.3328,0.0],[14.4766,67.3234,0.0],[14.4547,67.3224,0.0],[14.4526,67.3193,0.0],[14.4557,67.3172,12.2622],[14.4443,67.3141,0.0],[14.4411,67.3109,16.6425],[14.4333,67.3083,3.5597],[14.425,67.3083,0.0],[14.4208,67.3063,22.022],[14.4125,67.3104,3.5364],[14.4063,67.3104,86.4466],[14.4021,67.3083,130.9255],[14.3938,67.3083,0.0],[14.3859,67.3057,0.0],[14.3839,67.3037,0.0],[14.3839,67.3005,0.0],[14.3911,67.2995,10.0416],[14.3922,67.2963,3.2546],[14.3995,67.2953,0.0],[14.4036,67.2922,3.5617],[14.3812,67.2833,16.0609],[14.3729,67.2833,5.1722],[14.3589,67.2786,0.0],[14.3557,67.2755,0.0],[14.3354,67.2688,5.7802],[14.3125,67.2646,0.0],[14.3104,67.2625,0.0],[14.3109,67.2609,0.0],[14.325,67.2542,4.0274],[14.3375,67.2542,0.0],[14.3417,67.2562,2.3422],[14.3542,67.2562,0.0],[14.3583,67.2583,2.1628],[14.3667,67.2583,0.0],[14.3771,67.2625,0.0],[14.3958,67.2625,0.0],[14.4063,67.2667,0.0],[14.4125,67.2646,0.0],[14.4167,67.2667,0.8753],[14.4417,67.2667,0.0],[14.4458,67.2688,21.5076],[14.4542,67.2688,0.0],[14.4688,67.2729,0.0],[14.475,67.2708,0.0],[14.4792,67.2729,0.2998],[14.4979,67.2729,0.0],[14.5021,67.275,6.6626],[14.5167,67.275,0.0],[14.5208,67.2771,16.0979],[14.5271,67.2771,13.7472],[14.5313,67.275,0.0],[14.5479,67.2771,16.0928],[14.5521,67.275,0.0],[14.5813,67.275,0.0],[14.5854,67.2771,7.3326],[14.5938,67.2771,0.555],[14.5979,67.2792,2.6053],[14.6104,67.2792,0.0],[14.6208,67.2833,23.0449],[14.6292,67.2833,0.0],[14.637,67.2859,0.0],[14.6339,67.2891,0.0],[14.6417,67.2917,7.6466],[14.6563,67.2917,0.0],[14.6604,67.2937,0.0],[14.6792,67.2937,0.0],[14.6958,67.3,10.1647],[14.7057,67.3005,0.0],[14.7104,67.3042,5.4299],[14.7167,67.3042,0.0],[14.7208,67.3063,0.0],[14.7307,67.3057,0.0],[14.7266,67.3005,0.0],[14.7151,67.2974,0.0],[14.713,67.2953,1.0558],[14.713,67.2922,0.0],[14.7161,67.2911,0.0],[14.7151,67.288,0.0],[14.7224,67.2849,5.3628],[14.7203,67.2797,3.2981],[14.7182,67.2776,0.0],[14.713,67.2766,0.0],[14.7099,67.2734,0.0],[14.7047,67.2724,0.0],[14.712,67.2682,3.9447],[14.713,67.2651,0.0953],[14.7188,67.2646,0.0],[14.7203,67.263,0.0],[14.7063,67.2583,0.0],[14.6964,67.2578,0.0],[14.6922,67.2516,7.0889],[14.6964,67.2484,0.0],[14.7042,67.2479,4.3556],[14.7099,67.2453,0.0],[14.7078,67.2422,0.0],[14.6812,67.2417,0.0],[14.6771,67.2375,4.8302],[14.6479,67.2375,31.2997],[14.6354,67.2417,0.0],[14.625,67.2417,16.2971],[14.6208,67.2438,0.0],[14.6109,67.2412,0.0],[14.6141,67.2391,4.2151],[14.613,67.2338,0.0],[14.6203,67.2307,0.0],[14.6193,67.2276,0.0],[14.6208,67.2271,0.0],[14.6313,67.2271,18.4719],[14.6375,67.225,0.0],[14.6417,67.2271,40.7384],[14.6583,67.2271,16.0569],[14.6625,67.225,0.0],[14.6833,67.225,20.5181],[14.6896,67.2229,0.0],[14.6938,67.225,0.0],[14.7,67.2229,0.0],[14.7042,67.225,0.0],[14.7141,67.2255,0.0],[14.7193,67.2328,0.0],[14.7245,67.2338,0.0],[14.7214,67.2359,0.0],[14.7234,67.2412,2.4009],[14.7333,67.2417,0.0],[14.7474,67.2464,0.0],[14.7505,67.2495,0.0],[14.7703,67.2547,0.0],[14.7714,67.2578,13.3746],[14.7792,67.2604,0.0],[14.7875,67.2604,0.0],[14.7979,67.2646,24.5967],[14.8396,67.2667,0.0],[14.8458,67.2708,0.0],[14.8542,67.2708,0.0],[14.862,67.2734,0.0],[14.8703,67.287,0.0],[14.8521,67.2875,1.6522],[14.8479,67.2896,0.0],[14.8417,67.2875,10.0145],[14.8339,67.288,4.5947],[14.85,67.2937,-0.6543],[14.8625,67.2937,0.5347],[14.8687,67.2979,0.0],[14.875,67.2979,0.0],[14.8792,67.2958,0.0],[14.8833,67.2979,2.8752],[14.8896,67.2979,6.6392],[14.8938,67.2958,0.0],[14.9016,67.2953,1.0944],[14.9083,67.2917,0.0],[14.9292,67.2917,7.8135],[14.9333,67.2896,0.0],[14.9458,67.2937,5.564],[14.9792,67.2937,0.0],[14.9833,67.2896,0.0],[15.0104,67.2896,0.0],[15.0146,67.2917,0.0],[15.0292,67.2917,0.0],[15.0307,67.2922,0.0],[15.0328,67.2974,0.0],[15.025,67.2979,0.0],[15.0208,67.2958,0.0],[14.9917,67.2958,0.0],[14.9901,67.2974,0.0],[14.9922,67.3016,0.0],[14.9995,67.3026,0.0],[15.0026,67.3078,0.0],[15.0104,67.3104,0.0],[15.0203,67.3109,0.0],[15.0214,67.3141,0.0],[15.0286,67.3151,0.0],[15.0297,67.3182,0.0],[15.0333,67.3208,0.0],[15.0521,67.3208,0.0],[15.0583,67.3229,0.0],[15.0625,67.3208,0.0],[15.0771,67.3208,4.7861],[15.0833,67.3187,0.0],[15.0875,67.3208,0.0],[15.0958,67.3208,0.0],[15.1,67.3229,0.0],[15.1062,67.3208,0.0],[15.1104,67.3229,0.0],[15.1229,67.3229,0.0],[15.1458,67.3292,2.7056],[15.1646,67.3292,3.1571],[15.1703,67.3255,0.7915],[15.163,67.3245,0.0],[15.1661,67.3224,0.0],[15.1661,67.3193,0.0],[15.162,67.313,7.639],[15.1568,67.312,0.0],[15.1547,67.3099,0.0],[15.1578,67.3068,0.0],[15.1516,67.2984,0.0],[15.1422,67.2974,0.0],[15.1354,67.2917,0.0],[15.1292,67.2917,0.0],[15.1167,67.2875,7.893],[15.1104,67.2875,0.0],[15.1057,67.2839,0.0],[15.0979,67.2813,0.0],[15.0917,67.2813,0.0],[15.0875,67.2833,0.0],[15.0688,67.2833,0.0],[15.0646,67.2792,21.6144],[15.0437,67.2771,0.0],[15.0359,67.2734,0.0],[15.0417,67.2708,0.0],[15.0688,67.2708,0.0],[15.075,67.2729,0.0],[15.0792,67.2708,0.0],[15.0854,67.2729,0.0],[15.0896,67.2708,0.0],[15.0958,67.2708,0.0],[15.1,67.2729,0.0],[15.1125,67.2729,0.0],[15.125,67.2688,0.0],[15.139099999999999,67.2682,0.0],[15.1359,67.263,0.0],[15.1438,67.2625,0.0],[15.1646,67.2542,0.0],[15.1833,67.2542,0.0],[15.1875,67.2562,0.0],[15.2271,67.2562,0.0],[15.2318,67.2599,0.0],[15.237,67.2609,0.0],[15.2339,67.2641,0.0],[15.2479,67.2688,0.0],[15.275,67.2667,14.6388],[15.2833,67.2625,0.0],[15.2896,67.2646,26.2811],[15.3396,67.2646,0.0],[15.3453,67.262,0.0],[15.3443,67.2589,0.0],[15.3474,67.2568,0.0],[15.3453,67.2547,0.0],[15.3401,67.2536,0.0],[15.337,67.2484,0.0],[15.3292,67.2458,4.5772],[15.325,67.2458,0.0],[15.3208,67.2438,0.0],[15.2708,67.2438,0.0],[15.2667,67.2417,38.5001],[15.2479,67.2417,0.0],[15.2464,67.2401,0.0],[15.2495,67.238,13.6119],[15.2443,67.237,0.0],[15.2422,67.2349,0.0],[15.2437,67.2333,0.0],[15.2563,67.2333,0.0],[15.2604,67.2354,3.9592],[15.2646,67.2333,0.0],[15.2875,67.2333,41.398],[15.2891,67.2328,38.9385],[15.288,67.2297,0.0],[15.2896,67.2292,0.0],[15.3021,67.2292,0.0],[15.3062,67.2312,16.0119],[15.3208,67.2333,0.0],[15.3411,67.2401,0.0],[15.3526,67.2474,0.0],[15.3625,67.2479,0.0],[15.3938,67.2583,3.8781],[15.4245,67.2599,0.0],[15.4234,67.2568,0.0],[15.4266,67.2547,0.0],[15.4203,67.2443,5.8569],[15.4042,67.2396,5.8633],[15.3896,67.2375,0.0],[15.3693,67.2307,0.0],[15.3646,67.2271,29.142],[15.3562,67.2271,0.0],[15.3484,67.2245,0.0],[15.3464,67.2214,0.0],[15.3646,67.2208,0.0],[15.3687,67.2188,6.1807],[15.3813,67.2188,0.0],[15.3854,67.2208,0.0],[15.3917,67.2208,0.0],[15.3932,67.2203,0.0],[15.3922,67.2172,0.0],[15.3979,67.2146,8.7579],[15.425,67.2125,38.5677],[15.4297,67.2089,0.0],[15.4391,67.2078,158.4291],[15.4375,67.2042,0.0],[15.4411,67.2016,38.3934],[15.4401,67.1984,0.0],[15.4458,67.1958,0.0],[15.4578,67.1953,0.0],[15.4828,67.1828,0.0],[15.4807,67.1797,37.6398],[15.4755,67.1786,65.7286],[15.4714,67.1724,0.0],[15.4828,67.1661,0.0],[15.4807,67.163,0.0],[15.4693,67.162,0.0],[15.4693,67.1589,0.0],[15.4724,67.1568,122.1909],[15.4651,67.1557,0.0],[15.462,67.1505,50.929],[15.4521,67.15,7.9185],[15.4422,67.1453,0.0],[15.4458,67.1417,0.0],[15.4417,67.1354,0.0],[15.4453,67.1328,0.0],[15.4443,67.1297,0.0],[15.4474,67.1286,0.0],[15.4464,67.1234,0.0],[15.4536,67.1224,24.2034],[15.4536,67.1193,13.9122],[15.45,67.1167,53.9036],[15.4375,67.1167,0.0],[15.4339,67.1141,0.0],[15.4438,67.1083,0.0],[15.4557,67.1078,3.7183],[15.4599,67.1057,5.1238],[15.4589,67.1026,0.0],[15.4682,67.1016,0.0],[15.4724,67.0995,0.0],[15.4708,67.0979,6.2633],[15.4625,67.0979,0.0],[15.4563,67.0958,0.0],[15.437,67.1036,23.215],[15.4292,67.1042,0.0],[15.425,67.1062,0.0],[15.4208,67.1042,0.0],[15.4146,67.1042,0.9631],[15.4104,67.1062,0.0],[15.4042,67.1042,0.0],[15.3901,67.1047,0.0],[15.3911,67.1078,0.0],[15.388,67.1099,34.4661],[15.3932,67.112,0.0],[15.3901,67.1141,16.4813],[15.3974,67.1151,0.0],[15.4026,67.1245,2.5541],[15.4047,67.1266,0.0],[15.4099,67.1276,0.0],[15.4125,67.1312,0.0],[15.4104,67.1333,0.0],[15.3917,67.1271,0.0],[15.3896,67.1292,0.0],[15.3922,67.1328,0.0],[15.3974,67.1339,0.0],[15.3943,67.1359,11.976],[15.3964,67.1391,0.0],[15.4016,67.1401,0.0],[15.3984,67.1432,0.0],[15.4078,67.1484,0.0],[15.4078,67.1516,0.0],[15.4047,67.1536,0.0],[15.4089,67.1599,0.0],[15.413,67.1641,4.8451],[15.4182,67.1651,0.0],[15.4182,67.1682,16.9652],[15.412,67.1724,0.0],[15.4026,67.1734,140.8562],[15.4078,67.1828,0.0],[15.3984,67.1839,0.0],[15.3875,67.1896,0.0],[15.3604,67.1875,226.6359],[15.3542,67.1896,0.0],[15.35,67.1875,46.4964],[15.3417,67.1917,0.0],[15.3125,67.1917,46.4037],[15.3083,67.1896,93.0515],[15.2958,67.1896,120.2566],[15.2943,67.1911,86.2873],[15.2974,67.1953,0.0],[15.2932,67.1974,0.0],[15.2896,67.1979,14.6194],[15.2854,67.1958,152.3356],[15.2813,67.1979,53.3437],[15.2734,67.1984,10.9544],[15.2568,67.2068,39.3653],[15.2578,67.2099,0.0],[15.25,67.2104,125.5872],[15.2443,67.213,67.4917],[15.2453,67.2161,0.0],[15.2333,67.2167,45.5683],[15.225,67.2208,0.0],[15.2083,67.2208,0.0],[15.1984,67.2182,0.0],[15.1958,67.2146,35.7638],[15.1667,67.2146,0.0],[15.1479,67.2083,27.1659],[15.1339,67.2151,0.0],[15.1328,67.2182,0.0],[15.1297,67.2193,0.0],[15.1307,67.2224,0.0],[15.1276,67.2234,0.0],[15.1286,67.2266,0.0],[15.1229,67.2292,0.0],[15.1083,67.2312,83.8577],[15.1,67.2354,0.0],[15.0771,67.2354,86.2771],[15.0729,67.2375,0.0],[15.0625,67.2333,72.7814],[15.0563,67.2333,0.0],[15.0521,67.2354,0.0],[15.0125,67.2354,0.0],[15.0047,67.2328,0.0],[15.0026,67.2297,0.0],[15.0208,67.2292,0.0],[15.0224,67.2276,0.0],[15.0182,67.2214,0.0],[15.0104,67.2188,8.7601],[15.0021,67.2188,0.0],[14.9984,67.2161,0.0],[15.0,67.2146,0.0],[15.0078,67.2141,0.0],[15.0057,67.2109,44.1027],[14.9979,67.2083,9.5834],[14.9896,67.2083,0.0],[14.9792,67.2042,16.23],[14.9667,67.2042,0.0],[14.9651,67.2047,0.0],[14.9661,67.2099,7.5501],[14.9484,67.213,107.3983],[14.9495,67.2161,0.0],[14.9464,67.2172,34.0913],[14.9474,67.2203,0.0],[14.9443,67.2214,0.0],[14.9443,67.2245,0.0],[14.9521,67.225,5.4043],[14.9563,67.2229,0.0],[14.9646,67.2229,0.0],[14.9724,67.2255,0.0],[14.975,67.2292,43.5728],[14.9833,67.2292,0.0],[14.9938,67.2333,0.0],[14.9995,67.2338,0.0],[15.0005,67.237,0.0],[15.0057,67.238,0.0],[15.0078,67.2412,0.0],[14.9854,67.2417,0.0],[14.9833,67.2438,0.0],[14.9849,67.2474,0.0],[14.9807,67.2495,0.0],[14.9667,67.25,0.0],[14.9641,67.2464,0.0],[14.9563,67.2438,0.0],[14.9479,67.2458,0.0],[14.9453,67.2422,0.0],[14.9375,67.2396,0.0],[14.9333,67.2396,0.0],[14.9292,67.2375,0.0],[14.9229,67.2396,0.0],[14.9188,67.2354,0.0],[14.9146,67.2354,0.0],[14.9042,67.2312,0.0],[14.8917,67.2312,0.0],[14.8875,67.2292,1.6667],[14.8583,67.2292,0.0],[14.8521,67.2271,61.0728],[14.8464,67.2297,0.0],[14.8474,67.2349,0.0],[14.8354,67.2354,17.9918],[14.8286,67.2391,0.0],[14.8188,67.2417,0.0],[14.8063,67.2417,0.0],[14.8021,67.2396,7.0003],[14.7937,67.2396,0.0],[14.7896,67.2375,24.4965],[14.7771,67.2375,0.0],[14.7484,67.2286,0.0],[14.7516,67.2266,0.0],[14.7495,67.2234,142.6477],[14.7401,67.2224,27.4507],[14.7359,67.2182,0.0],[14.7391,67.2161,157.4501],[14.7391,67.213,315.9279],[14.725,67.2146,62.2456],[14.7188,67.2104,282.1142],[14.7083,67.2104,104.9425],[14.7068,67.2109,27.7327],[14.7078,67.2161,0.0],[14.7063,67.2167,0.0],[14.7,67.2167,0.0],[14.6958,67.2146,24.0367],[14.6833,67.2146,0.0],[14.675,67.2188,0.0],[14.6583,67.2188,19.5747],[14.6458,67.2229,0.0],[14.6396,67.2208,12.8601],[14.6333,67.2208,13.3791],[14.6271,67.2229,0.0],[14.6229,67.2208,15.5057],[14.6167,67.2208,7.6966],[14.6151,67.2214,2.5669],[14.6161,67.2245,0.0],[14.6089,67.2297,10.0919],[14.6099,67.2328,0.0],[14.6005,67.2338,21.7302],[14.6016,67.237,0.0],[14.5958,67.2396,0.0],[14.5896,67.2396,0.0],[14.5833,67.2375,9.1576],[14.5792,67.2396,0.0],[14.575,67.2375,8.3047],[14.5604,67.2375,0.0],[14.5563,67.2354,2.5399],[14.5521,67.2375,0.0],[14.5083,67.2375,0.0],[14.5042,67.2396,0.0],[14.4979,67.2396,0.0],[14.4937,67.2375,4.8986],[14.4729,67.2354,0.0],[14.4625,67.2312,6.0448],[14.45,67.2312,0.0],[14.4453,67.2276,5.3861],[14.4375,67.2271,0.0],[14.4333,67.225,11.2713],[14.4188,67.225,0.0],[14.4146,67.2229,2.5944],[14.4063,67.2229,0.0],[14.3958,67.2188,4.7818],[14.3833,67.2188,0.0],[14.3667,67.2125,0.0],[14.3505,67.2099,0.0],[14.3484,67.2068,0.0],[14.3599,67.2016,0.0],[14.3583,67.1979,0.0],[14.362,67.1943,3.7899],[14.3547,67.1901,0.0],[14.3641,67.1891,0.0],[14.3609,67.1849,0.0],[14.3625,67.1833,0.0],[14.375,67.1833,0.0],[14.3917,67.1896,62.6315],[14.4125,67.1917,0.0],[14.4172,67.1953,0.0],[14.4438,67.2021,31.1396],[14.4625,67.2021,0.0],[14.4667,67.2042,23.862],[14.4792,67.2042,0.0],[14.4896,67.2083,0.0],[14.4958,67.2083,5.8311],[14.5016,67.2047,31.836],[14.4901,67.2016,0.0],[14.4854,67.1979,0.0],[14.4625,67.2,0.0],[14.4521,67.1958,0.3802],[14.4396,67.1958,0.0],[14.4292,67.1917,0.0],[14.4208,67.1917,0.0],[14.413,67.1891,0.0],[14.4083,67.1854,40.7792],[14.3984,67.1849,0.0],[14.3953,67.1776,11.2598],[14.3917,67.175,15.8277],[14.3688,67.175,6.6588],[14.3589,67.1776,0.0],[14.3547,67.1797,0.0],[14.3521,67.1833,0.0],[14.3443,67.1828,0.0],[14.3422,67.1807,0.0],[14.3422,67.1776,10.1406],[14.3479,67.1771,7.6051],[14.3495,67.1755,0.0],[14.3318,67.1724,0.0],[14.3286,67.1651,43.024],[14.3193,67.1599,0.0],[14.3229,67.1563,0.0],[14.3214,67.1526,0.0],[14.3271,67.15,0.0],[14.3349,67.1495,0.0],[14.3391,67.1464,0.0],[14.3318,67.1453,0.0],[14.3286,67.1401,109.3876],[14.3234,67.1391,16.6028],[14.3182,67.1318,17.9015],[14.313,67.1307,0.0],[14.3099,67.1255,52.5643],[14.3047,67.1245,0.0],[14.312,67.1214,0.5888],[14.3068,67.1203,0.0],[14.3057,67.1172,3.3382],[14.2984,67.1162,0.0],[14.3016,67.113,0.0],[14.2964,67.112,0.0],[14.2938,67.1083,0.0],[14.2875,67.1104,0.0],[14.2734,67.1099,0.0],[14.2771,67.1062,3.5933],[14.2724,67.0984,1.7087],[14.2609,67.0974,0.0],[14.2583,67.0938,0.0],[14.238,67.0932,0.0],[14.2422,67.0901,0.0],[14.2495,67.0891,5.7122],[14.2563,67.0854,0.0],[14.2625,67.0875,0.0],[14.2813,67.0875,0.0],[14.2854,67.0896,-0.0004],[14.2896,67.0875,0.0],[14.3063,67.0875,0.0],[14.3078,67.087,3.9935],[14.3068,67.0839,0.0],[14.3083,67.0833,0.0],[14.3266,67.0828,0.0],[14.325,67.0813,0.0],[14.3125,67.0813,0.0],[14.3047,67.0787,0.0],[14.3063,67.0771,0.0],[14.3182,67.0766,0.0],[14.3224,67.0745,0.0],[14.3208,67.0729,0.0],[14.3021,67.0729,15.7897],[14.3005,67.0734,0.0],[14.3016,67.0766,0.0],[14.2917,67.0813,0.0],[14.2875,67.0792,0.0],[14.2688,67.0792,0.0],[14.2672,67.0776,0.0],[14.2703,67.0766,1.3274],[14.2688,67.075,13.5394],[14.2458,67.075,9.9228],[14.2354,67.0792,0.0],[14.2276,67.0766,0.0],[14.2234,67.0703,0.0],[14.225,67.0687,0.0],[14.2495,67.0682,0.7593],[14.2578,67.0641,0.0],[14.2547,67.0589,0.0],[14.2682,67.0578,7.1591],[14.2693,67.0547,0.0],[14.2724,67.0526,0.0],[14.2646,67.0396,0.0],[14.2682,67.0359,7.5744],[14.2547,67.0307,0.0],[14.2521,67.0271,0.0],[14.2557,67.0234,42.2323],[14.2516,67.0193,45.399],[14.2422,67.0182,0.0],[14.237,67.0109,0.0],[14.2255,67.0099,0.0],[14.2234,67.0047,0.0],[14.237,67.0036,18.5411],[14.2359,66.9984,0.0],[14.2375,66.9979,12.4763],[14.2479,66.9979,49.5811],[14.2521,66.9958,114.3136],[14.2583,66.9958,154.6022],[14.2646,66.9979,118.371],[14.2688,66.9958,220.6895],[14.2807,66.9953,351.4222],[14.2792,66.9938,418.4172],[14.2667,66.9938,312.3082],[14.2604,66.9896,715.3174],[14.2563,66.9917,489.7885],[14.2479,66.9917,427.5136],[14.2438,66.9896,702.6598],[14.2375,66.9896,618.326],[14.225,66.9938,11.7027],[14.2125,66.9938,0.0],[14.2047,66.9912,85.5775],[14.2,66.9875,331.7276],[14.1979,66.9896,132.2491],[14.1995,66.9932,0.0],[14.1911,66.9974,0.0],[14.1771,66.9979,0.0],[14.1703,66.988,105.4396],[14.1651,66.988,0.0],[14.1609,66.9912,0.0],[14.1682,66.9922,0.0],[14.1708,66.9979,0.0],[14.1703,66.9995,0.0],[14.163,67.0026,0.0],[14.1641,67.0057,0.0],[14.1604,67.0062,0.0],[14.1464,67.0016,0.0],[14.1453,66.9984,0.0],[14.1417,66.9979,3.9583],[14.1401,66.9995,0.0],[14.1432,67.0057,0.0],[14.1401,67.0068,2.5108],[14.139099999999999,67.0099,0.0],[14.1318,67.0109,15.2307],[14.1307,67.0141,0.0],[14.1234,67.0172,0.0],[14.1245,67.0203,0.0],[14.1214,67.0214,0.0],[14.1224,67.0245,0.0],[14.1188,67.0271,0.0],[14.1203,67.0307,0.0],[14.1167,67.0333,0.0],[14.1203,67.0391,0.0],[14.1172,67.0401,0.0],[14.1161,67.0432,0.0],[14.1047,67.0484,34.4686],[14.1063,67.0521,0.0],[14.1026,67.0547,16.9192],[14.1036,67.0578,0.0],[14.0901,67.0589,4.4018],[14.0911,67.0641,0.0],[14.0776,67.0651,0.0],[14.0693,67.0693,4.0976],[14.0661,67.0745,0.0],[14.0589,67.0776,0.0],[14.0578,67.0807,0.0],[14.05,67.0813,0.0],[14.0458,67.0792,0.6615],[14.0359,67.0787,0.0],[14.0396,67.075,0.0],[14.0359,67.0682,0.0],[14.0391,67.0661,1.3598],[14.0359,67.0589,0.0],[14.0391,67.0578,2.3515],[14.0391,67.0547,0.0],[14.0333,67.05,0.6721],[14.0214,67.0516,4.1179],[14.013,67.038,0.0],[14.0167,67.0354,0.0],[14.0151,67.0297,0.0],[14.0224,67.0286,0.0],[14.0214,67.0234,0.0],[14.0286,67.0203,0.0],[14.0276,67.0172,0.0],[14.0313,67.0146,0.0],[14.0297,67.0109,0.0],[14.0375,67.0104,4.4735],[14.0474,67.0057,33.2553],[14.0443,67.0005,0.0],[14.0516,66.9974,0.0],[14.0526,66.9943,0.0],[14.0557,66.9922,0.0],[14.0521,66.9896,0.0],[14.0354,66.9917,0.0],[14.025,66.9875,0.0],[14.0125,66.9875,15.5121],[14.0063,66.9833,0.0],[13.9979,66.9833,0.0],[13.9938,66.9812,7.6491],[13.9813,66.9812,0.0],[13.9734,66.9786,0.0],[13.9693,66.9724,0.0],[13.9724,66.9693,1.8633],[13.9464,66.9599,0.0],[13.9495,66.9568,0.0],[13.9443,66.9557,0.0],[13.9396,66.9521,0.0],[13.9271,66.9521,0.0],[13.9229,66.95,6.6773],[13.9188,66.9521,0.0],[13.9125,66.95,0.0],[13.9047,66.9505,2.3466],[13.9099,66.9526,0.0],[13.9125,66.9563,0.0],[13.9089,66.9589,7.1015],[13.9099,66.9641,0.0],[13.8984,66.9703,0.0],[13.9083,66.9708,0.0],[13.9125,66.9688,0.0],[13.9438,66.9667,0.0],[13.951599999999999,66.9693,0.0],[13.9568,66.9786,0.0],[13.962,66.9797,0.0],[13.9672,66.9849,0.0],[13.9766,66.9859,0.0],[13.9797,66.9912,0.0],[13.987,66.9922,0.0],[13.988,66.9953,13.0395],[13.9995,66.9964,0.0],[14.0036,67.0026,0.0],[14.0005,67.0047,0.0],[14.0016,67.0099,0.0],[14.0,67.0104,0.0],[13.9938,67.0104,0.0],[13.9875,67.0083,10.7803],[13.9833,67.0104,0.0],[13.9667,67.0104,0.0],[13.9625,67.0125,0.0],[13.9521,67.0125,0.0],[13.9479,67.0104,0.0],[13.9276,67.0109,0.0],[13.9375,67.0146,0.0],[13.95,67.0146,0.0],[13.9526,67.0182,0.0],[13.9661,67.0214,0.0],[13.9661,67.0245,0.0],[13.9589,67.0276,0.0],[13.9667,67.0417,0.0],[13.963,67.0443,0.0],[13.9667,67.05,0.0],[13.963,67.0526,0.0],[13.9646,67.0563,0.0],[13.9625,67.0583,0.0],[13.9505,67.0578,0.0],[13.9432,67.0484,0.0],[13.938,67.0474,0.0],[13.9328,67.0401,4.3571],[13.9276,67.0391,0.0],[13.9266,67.0359,0.0],[13.9214,67.0349,0.0],[13.9193,67.0328,0.0],[13.9208,67.0313,1.3689],[13.9271,67.0333,2.2139],[13.9313,67.0313,0.7099],[13.9417,67.0313,0.0],[13.9438,67.0292,0.0],[13.9411,67.0255,0.0],[13.9313,67.025,0.9114],[13.9172,67.0203,0.0],[13.9161,67.0172,0.0],[13.9089,67.0162,0.0],[13.9089,67.013,1.0335],[13.9203,67.0089,0.0],[13.8938,67.0021,9.4418],[13.8693,67.0016,0.0],[13.8646,66.9938,0.0],[13.8654,66.9921,0.0],[13.8724,66.9912,66.8838],[13.8724,66.988,36.7119],[13.8526,66.9828,13.7359],[13.8542,66.9812,57.485],[13.862,66.9807,63.7369],[13.8609,66.9776,189.0143],[13.8641,66.9755,288.6273],[13.8563,66.975,553.2345],[13.8521,66.9729,933.4039],[13.8333,66.9729,746.6115],[13.8224,66.9786,503.3259],[13.8151,66.9797,436.9767],[13.8109,66.9828,153.1684],[13.8188,66.9833,79.9167],[13.8229,66.9812,174.2007],[13.8292,66.9812,131.4722],[13.8333,66.9833,12.728],[13.8375,66.9833,8.7573],[13.8375,66.9854,0.0],[13.8292,66.9854,0.0],[13.825,66.9833,25.4238],[13.8208,66.9854,0.0],[13.7979,66.9854,0.0],[13.7943,66.9818,37.0018],[13.8063,66.9812,172.9839],[13.8078,66.9807,221.511],[13.8078,66.9776,490.3004],[13.7938,66.9771,350.3415],[13.7896,66.9792,94.1686],[13.7771,66.9792,98.0515],[13.7729,66.9771,198.0559],[13.7688,66.9792,95.6259],[13.7521,66.9792,245.4105],[13.7458,66.9771,207.8306],[13.7443,66.9776,222.175],[13.7453,66.9807,14.1372],[13.7417,66.9812,0.0],[13.7375,66.9792,42.0709],[13.7276,66.9786,0.0],[13.7255,66.9745,0.0],[13.7313,66.9688,0.0],[13.7896,66.9688,0.0],[13.7995,66.9641,0.0],[13.7984,66.9609,0.0],[13.8026,66.9589,14.8986],[13.8161,66.9578,81.6213],[13.8146,66.9563,149.5778],[13.7938,66.9563,95.1581],[13.7875,66.9583,0.0],[13.7859,66.9568,39.2703],[13.7891,66.9547,160.5484],[13.7854,66.9542,181.695],[13.7771,66.9583,0.0],[13.7604,66.9521,0.0],[13.7521,66.9521,0.0],[13.7417,66.9479,4.2913],[13.7354,66.9479,2.6029],[13.7313,66.95,0.0],[13.7188,66.95,0.0],[13.7146,66.9479,4.0831],[13.6917,66.9479,7.4567],[13.6875,66.95,0.0],[13.6708,66.95,0.0],[13.6667,66.9479,110.4524],[13.6583,66.9479,125.6196],[13.6417,66.9417,776.0074],[13.6313,66.9417,763.0135],[13.6229,66.9458,470.0192],[13.6151,66.9464,366.8583],[13.6161,66.9495,121.2221],[13.6104,66.9521,0.0],[13.5979,66.9521,0.0],[13.575,66.9437,0.0],[13.5693,66.9432,0.0],[13.5682,66.9401,1.8275],[13.5604,66.9375,0.0],[13.5479,66.9375,0.0],[13.5422,66.9401,0.0],[13.55,66.9437,0.0],[13.5599,66.9443,0.0],[13.5599,66.9474,0.0],[13.5526,66.9505,9.88],[13.5536,66.9537,0.0],[13.5521,66.9542,0.0],[13.5396,66.9542,4.9177],[13.5354,66.95,245.0134],[13.5172,66.9505,309.945],[13.513,66.9526,99.6569],[13.5182,66.9547,4.7245],[13.5167,66.9563,0.0],[13.4964,66.9537,0.0],[13.4938,66.95,59.5867],[13.4974,66.9464,16.3601],[13.4922,66.9453,0.0],[13.4953,66.9432,4.8622],[13.4943,66.938,0.0],[13.5042,66.9333,0.0],[13.5146,66.9333,6.1448],[13.5188,66.9313,0.0],[13.5292,66.9313,0.0],[13.5391,66.9287,0.0],[13.5391,66.9255,0.0],[13.5354,66.9187,13.951],[13.5391,66.9151,29.6891],[13.5339,66.9078,0.0],[13.537,66.9057,29.8316],[13.538,66.9026,0.0],[13.55,66.9,0.0],[13.5542,66.9021,8.1203],[13.5729,66.9042,0.0],[13.5771,66.9063,7.2894],[13.5896,66.9063,0.0],[13.5938,66.9083,11.4677],[13.6229,66.9083,4.6475],[13.6354,66.9042,0.0],[13.6432,66.9036,0.0],[13.6422,66.9005,0.0],[13.6495,66.8974,7.0111],[13.6484,66.8901,0.0],[13.6557,66.887,12.1776],[13.6526,66.8818,0.0],[13.6708,66.8812,0.0],[13.675,66.8792,0.0],[13.6828,66.8786,2.7696],[13.6896,66.875,0.0],[13.7042,66.875,13.107],[13.7063,66.8729,5.8372],[13.7026,66.8672,2.1981],[13.7182,66.8662,0.0],[13.7141,66.8588,0.0],[13.7047,66.8599,0.0],[13.701599999999999,66.8568,0.0],[13.6964,66.8557,6.4111],[13.6943,66.8505,0.0],[13.7036,66.8495,20.0826],[13.7026,66.8464,0.0],[13.7042,66.8458,0.0],[13.7265,66.8433,12.4898],[13.7245,66.8401,131.8364],[13.6979,66.8375,0.0],[13.6938,66.8354,92.6589],[13.6792,66.8333,21.3609],[13.6776,66.8318,0.0],[13.7021,66.8313,0.0],[13.7125,66.8354,58.4524],[13.725,66.8354,0.0],[13.7349,66.838,0.0],[13.7359,66.8411,0.0],[13.7396,66.8438,0.0],[13.7563,66.8438,18.7612],[13.7661,66.838,8.4001],[13.7563,66.8333,35.9459],[13.7479,66.8333,16.633],[13.7464,66.8318,0.0],[13.762,66.8307,0.0],[13.7609,66.8276,0.0],[13.7703,66.8266,24.7801],[13.7792,66.8208,0.0],[13.7932,66.8203,0.0],[13.7974,66.8182,0.0],[13.7964,66.8151,0.0],[13.8021,66.8125,0.0],[13.8188,66.8125,115.7265],[13.8229,66.8104,0.0],[13.8333,66.8104,14.657],[13.8458,66.8063,0.0],[13.8521,66.8083,0.0],[13.8625,66.8083,0.0],[13.8682,66.8047,0.0],[13.8521,66.8,0.0],[13.8438,66.8042,0.0],[13.8318,66.8057,0.0],[13.8318,66.8026,0.0],[13.8349,66.8016,0.0],[13.8328,66.7963,0.0],[13.8292,66.7937,85.5437],[13.825,66.7958,0.0],[13.8214,66.7943,92.1208],[13.8245,66.7932,151.5695],[13.8255,66.7901,211.1981],[13.8391,66.7891,108.2312],[13.8375,66.7875,211.2182],[13.8188,66.7875,767.5084],[13.8104,66.7917,361.5377],[13.8,66.7917,461.1318],[13.7943,66.7943,310.7874],[13.7995,66.7963,118.6247],[13.7979,66.7979,129.5605],[13.7771,66.7979,239.5327],[13.7755,66.7984,205.7778],[13.7766,66.8016,29.4812],[13.7729,66.8021,29.4662],[13.7688,66.8,122.4633],[13.7646,66.8042,0.0],[13.7292,66.8042,74.3957],[13.7167,66.8104,0.0],[13.7104,66.8104,11.743],[13.7063,66.8125,5.6949],[13.6958,66.8125,36.3789],[13.6917,66.8146,0.0],[13.6875,66.8125,18.4971],[13.6729,66.8125,0.0],[13.6583,66.8083,317.2667],[13.6521,66.8104,244.5791],[13.6458,66.8063,496.6478],[13.6292,66.8063,264.2919],[13.6276,66.8068,264.2919],[13.6286,66.8099,92.5854],[13.6188,66.8104,0.0],[13.6083,66.8063,13.4526],[13.5854,66.8063,0.0],[13.5839,66.8057,0.0],[13.5839,66.8026,85.1214],[13.5974,66.8016,137.8635],[13.5875,66.7958,482.1069],[13.5729,66.8,237.2582],[13.5651,66.8005,177.298],[13.5667,66.8021,84.093],[13.576599999999999,66.8026,80.4412],[13.575,66.8042,37.1555],[13.5313,66.8042,0.0],[13.5271,66.8021,6.9983],[13.5208,66.8021,0.0],[13.5167,66.8042,0.0],[13.5042,66.8042,0.0],[13.4964,66.8016,0.0],[13.4964,66.7984,0.0],[13.4995,66.7963,0.0],[13.4964,66.7901,8.2768],[13.5021,66.7875,6.9864],[13.5125,66.7875,12.4511],[13.5182,66.7849,0.0],[13.5188,66.7833,17.5898],[13.5161,66.7776,22.7819],[13.5104,66.7771,5.2988],[13.5089,66.7755,0.0],[13.5229,66.775,0.0],[13.5271,66.7729,0.0],[13.5333,66.775,17.4541],[13.5432,66.7724,8.3856],[13.5432,66.7693,28.2197],[13.5333,66.7688,0.0],[13.5255,66.7662,24.6862],[13.5271,66.7646,2.6467],[13.5771,66.7667,0.0],[13.5813,66.7688,4.8715],[13.5938,66.7688,0.0],[13.5979,66.7708,4.8635],[13.6313,66.7708,20.808],[13.6354,66.7688,0.0],[13.6604,66.7688,33.5581],[13.6688,66.7646,0.0],[13.6854,66.7646,31.3848],[13.6896,66.7625,0.0],[13.7,66.7625,9.8338],[13.7042,66.7604,0.0],[13.7417,66.7604,15.7337],[13.7458,66.7583,0.0],[13.7563,66.7583,0.0],[13.7578,66.7568,3.6908],[13.7542,66.7542,18.2722],[13.7104,66.7542,12.6002],[13.7042,66.7521,72.7659],[13.6943,66.7547,13.9844],[13.6875,66.7583,0.0],[13.675,66.7583,0.0],[13.6708,66.7562,119.5089],[13.6667,66.7583,15.6291],[13.6458,66.7583,57.9129],[13.6417,66.7604,0.0],[13.5979,66.7604,12.5829],[13.5917,66.7583,52.4497],[13.5875,66.7604,0.0],[13.5813,66.7604,0.0],[13.5708,66.7562,35.2286],[13.5505,66.7557,0.0],[13.5505,66.7526,0.0],[13.5578,66.7495,0.0],[13.5542,66.7458,0.0],[13.55,66.7479,0.0],[13.5396,66.7479,4.7853],[13.5354,66.75,0.0],[13.5292,66.75,0.0],[13.513,66.7453,0.0],[13.5104,66.7417,0.0],[13.4979,66.7417,13.1432],[13.4938,66.7438,9.5076],[13.4771,66.7438,0.0],[13.475,66.7417,0.0],[13.4771,66.7396,25.6434],[13.4875,66.7396,54.3122],[13.4917,66.7375,0.0],[13.5125,66.7375,0.0],[13.5167,66.7396,5.0463],[13.5458,66.7396,0.0],[13.5521,66.7417,0.0],[13.5536,66.7401,6.6906],[13.55,66.7354,0.0],[13.5536,66.7328,4.4816],[13.5526,66.7276,0.0],[13.5599,66.7245,0.0],[13.5589,66.7214,0.0],[13.5745,66.7141,25.4449],[13.5771,66.7104,12.0375],[13.5979,66.7104,0.0],[13.6042,66.7125,57.5295],[13.6083,66.7104,0.0],[13.6208,66.7146,34.1208],[13.625,66.7125,0.0],[13.6354,66.7125,0.0],[13.6396,66.7104,0.0],[13.6438,66.7125,30.9406],[13.6583,66.7125,0.0],[13.6625,66.7146,50.3766],[13.6766,66.7151,0.0],[13.6734,66.7172,13.8356],[13.6734,66.7203,0.0],[13.6833,66.725,40.1976],[13.6938,66.7208,0.0],[13.6979,66.7229,0.0],[13.7063,66.7229,0.0],[13.7167,66.7271,0.0],[13.7292,66.7271,0.0],[13.7333,66.7292,0.0],[13.7557,66.7286,0.0],[13.7557,66.7255,0.0],[13.7521,66.7208,0.0],[13.7292,66.7208,0.0],[13.7229,66.7167,16.5973],[13.6818,66.7161,0.0],[13.6875,66.7125,0.0],[13.6938,66.7125,0.0],[13.7063,66.7083,0.0],[13.7141,66.7078,0.0],[13.712,66.7026,0.0],[13.7083,66.7,0.0],[13.6854,66.7,0.0],[13.6839,66.7005,0.0],[13.6849,66.7037,0.0],[13.6792,66.7063,0.0],[13.6729,66.7063,0.0],[13.6714,66.7047,0.0],[13.6771,66.7042,0.0],[13.6786,66.7026,0.0],[13.6542,66.7021,0.0],[13.65,66.6979,84.7424],[13.6396,66.7021,0.0],[13.6333,66.6958,58.4457],[13.6146,66.6979,0.0],[13.5938,66.6917,193.475],[13.5708,66.6917,336.8468],[13.5667,66.6937,202.0535],[13.5563,66.6937,296.3927],[13.5464,66.6911,567.278],[13.5464,66.688,667.0391],[13.5583,66.6875,462.877],[13.5599,66.6859,587.3003],[13.5458,66.6854,794.5833],[13.5375,66.6896,557.4373],[13.5214,66.6922,743.1796],[13.5313,66.6979,242.5128],[13.5453,66.6964,98.5084],[13.5297,66.7047,0.0],[13.5286,66.7078,0.0],[13.5255,66.7089,50.0979],[13.5292,66.7167,0.0],[13.5255,66.7203,63.2216],[13.5286,66.7245,0.0],[13.5229,66.7271,0.0],[13.513,66.7245,10.9137],[13.5083,66.7208,11.275],[13.4917,66.7208,12.2749],[13.4875,66.7188,0.0],[13.4813,66.7188,0.0],[13.4651,66.7234,0.0],[13.4609,66.7255,0.0],[13.462,66.7286,0.0],[13.4563,66.7312,0.0],[13.4375,66.7292,0.0],[13.4333,66.7271,35.3716],[13.4292,66.7292,0.0],[13.4187,66.7292,19.6243],[13.4146,66.7312,9.3025],[13.4021,66.7312,56.071],[13.3979,66.7333,25.8698],[13.3604,66.7333,0.0],[13.3563,66.7312,43.261],[13.3521,66.7333,0.0],[13.3458,66.7333,0.0],[13.3417,66.7312,43.3612],[13.3188,66.7312,0.0],[13.3146,66.7333,0.0],[13.2875,66.7333,30.8932],[13.2833,66.7354,0.0],[13.2771,66.7333,19.0807],[13.2729,66.7354,0.0],[13.2667,66.7354,0.0],[13.2563,66.7312,10.8832],[13.2271,66.7292,0.0],[13.2193,66.7266,0.0],[13.2161,66.7234,6.4892],[13.2047,66.7203,8.8624],[13.2104,66.7146,0.0],[13.2354,66.7146,4.6174],[13.2396,66.7125,0.0],[13.25,66.7125,0.0],[13.2542,66.7104,0.0],[13.262,66.7099,0.0],[13.2688,66.7063,0.0],[13.2792,66.7104,3.3336],[13.2854,66.7104,6.0847],[13.287,66.7099,13.0515],[13.287,66.7068,6.5143],[13.2755,66.7057,0.0],[13.2755,66.7026,0.0],[13.2891,66.7016,0.0],[13.2932,66.6995,24.6068],[13.2917,66.6958,0.0],[13.2938,66.6937,0.0],[13.3292,66.6937,0.0],[13.3333,66.6917,0.0],[13.3708,66.6917,0.0],[13.375,66.6896,0.0],[13.4021,66.6896,39.738],[13.4146,66.6854,0.0],[13.4458,66.6854,0.0],[13.4557,66.6807,0.0],[13.4583,66.6771,16.0007],[13.5,66.6771,73.4903],[13.5099,66.6745,11.2234],[13.5167,66.6708,9.094],[13.5271,66.6708,0.0],[13.5313,66.6687,0.0],[13.5391,66.6682,42.8806],[13.5432,66.6661,71.0932],[13.538,66.663,0.0],[13.5411,66.662,30.4492],[13.5401,66.6589,0.0],[13.5432,66.6578,0.0],[13.5443,66.6547,0.0],[13.5583,66.65,0.0],[13.5646,66.65,0.0],[13.5661,66.6484,0.0],[13.5625,66.6458,40.6435],[13.5417,66.6458,0.0],[13.5375,66.6479,0.0],[13.5271,66.6479,0.0],[13.5229,66.65,0.0],[13.5151,66.6505,0.0],[13.5266,66.6547,11.9292],[13.5286,66.6568,0.0],[13.5271,66.6583,0.0],[13.5208,66.6563,0.0],[13.5104,66.6563,15.3921],[13.5063,66.6583,0.0],[13.4938,66.6583,89.7717],[13.4896,66.6563,266.7281],[13.4771,66.6563,196.9239],[13.4708,66.6521,506.0551],[13.4693,66.6526,506.0551],[13.4693,66.6557,213.69],[13.4714,66.6578,117.6409],[13.4766,66.6589,50.1285],[13.4786,66.662,0.0],[13.4604,66.6625,0.0],[13.4563,66.6646,0.0],[13.4464,66.662,32.5031],[13.4557,66.6589,137.3017],[13.4458,66.6583,271.0788],[13.4313,66.6542,895.1252],[13.4229,66.6542,308.0141],[13.4187,66.6521,348.313],[13.4161,66.6557,72.6014],[13.4089,66.6568,0.0],[13.4021,66.6604,0.0],[13.3854,66.6604,19.0904],[13.3786,66.6641,0.0],[13.3714,66.6651,0.0],[13.3703,66.6682,0.0],[13.3646,66.6708,0.0],[13.3604,66.6687,67.5272],[13.3479,66.6687,7.3889],[13.3438,66.6667,20.5125],[13.3313,66.6667,38.5493],[13.3271,66.6687,0.0],[13.3193,66.6693,0.0],[13.3125,66.6729,13.7348],[13.2896,66.6646,548.496],[13.2833,66.6646,343.5349],[13.275,66.6687,18.5761],[13.2688,66.6687,0.0],[13.2625,66.6667,9.3467],[13.2583,66.6687,0.0],[13.2438,66.6687,10.4362],[13.238,66.6713,0.0],[13.237,66.6745,0.0],[13.2297,66.6755,0.0],[13.2297,66.6787,12.6777],[13.2349,66.6807,0.0],[13.2271,66.6813,0.0],[13.2245,66.6776,7.3014],[13.1984,66.6703,0.0],[13.1953,66.6651,56.0208],[13.1813,66.6646,0.0],[13.1771,66.6625,10.8194],[13.1693,66.662,2.2237],[13.1672,66.6599,0.0],[13.1672,66.6568,0.0],[13.1792,66.6563,48.6785],[13.1859,66.6526,0.0],[13.1932,66.6516,0.0],[13.1943,66.6484,6.7628],[13.201599999999999,66.6474,12.0041],[13.2026,66.6443,0.0],[13.2057,66.6432,0.0],[13.2047,66.6401,0.0],[13.2104,66.6375,0.0],[13.2182,66.637,0.0],[13.2167,66.6354,5.7187],[13.2109,66.6349,0.0],[13.2167,66.6312,0.0],[13.2245,66.6318,15.1845],[13.2292,66.6354,3.9887],[13.2583,66.6354,0.0],[13.2625,66.6375,13.161],[13.275,66.6375,0.0],[13.2917,66.6438,8.3144],[13.325,66.6438,26.676],[13.3292,66.6417,0.0],[13.35,66.6417,0.0],[13.3542,66.6396,0.0],[13.3646,66.6396,51.2328],[13.3688,66.6375,0.0],[13.3792,66.6375,25.8082],[13.3807,66.6359,0.0],[13.3667,66.6354,9.3565],[13.3625,66.6333,0.0],[13.3333,66.6333,13.3568],[13.3292,66.6354,0.0],[13.3229,66.6333,0.0],[13.3146,66.6375,0.0],[13.3104,66.6354,33.7187],[13.2979,66.6354,13.3362],[13.2943,66.6318,0.0],[13.3141,66.6307,0.0],[13.312,66.6255,0.0],[13.2979,66.625,40.2295],[13.2854,66.6292,0.0],[13.2771,66.6292,0.0],[13.2771,66.6271,0.0],[13.2807,66.6266,32.0718],[13.2891,66.6214,0.0],[13.2833,66.6167,0.0],[13.2672,66.6214,11.9019],[13.2682,66.6245,0.0],[13.2604,66.625,0.0],[13.2526,66.6224,0.0],[13.2495,66.6193,18.2992],[13.2443,66.6182,0.0],[13.2432,66.6151,0.0],[13.2318,66.6141,0.0],[13.2318,66.6109,13.4118],[13.2349,66.6099,10.2489],[13.2339,66.6068,0.0],[13.2453,66.6005,6.6664],[13.2375,66.6,0.0],[13.2333,66.6021,0.0],[13.2234,66.5995,0.0],[13.2167,66.5854,0.0],[13.2172,66.5839,0.0],[13.2255,66.5797,465.563],[13.2417,66.5771,555.798],[13.2432,66.5755,668.4913],[13.2354,66.5729,879.457],[13.2292,66.5729,731.5212],[13.225,66.5771,581.7323],[13.2146,66.5771,41.7751],[13.2083,66.5729,18.4416],[13.1958,66.5729,19.6317],[13.1911,66.5693,8.7559],[13.1859,66.5682,9.4357],[13.201599999999999,66.5599,22.907],[13.2026,66.5568,0.0],[13.2146,66.5563,13.9815],[13.2188,66.5583,36.7112],[13.2312,66.5583,26.342],[13.2328,66.5578,37.1396],[13.2318,66.5547,0.0],[13.2333,66.5542,0.0],[13.2438,66.5542,25.6313],[13.2479,66.5521,0.0],[13.2646,66.5521,66.0535],[13.2688,66.55,0.0],[13.2938,66.5479,0.0],[13.325,66.5583,16.9282],[13.3375,66.5583,0.0],[13.3479,66.5625,63.6946],[13.3521,66.5604,0.0],[13.3583,66.5604,0.0],[13.3646,66.5625,90.371],[13.3688,66.5604,0.0],[13.3938,66.5604,19.8414],[13.4,66.5583,0.0],[13.4042,66.5604,26.7614],[13.4229,66.5604,0.0],[13.4271,66.5625,19.8842],[13.4333,66.5604,0.0],[13.4375,66.5625,90.2091],[13.4542,66.5625,0.0],[13.4589,66.5661,0.0],[13.4641,66.5672,0.0],[13.4672,66.5745,0.0],[13.4932,66.5839,0.0],[13.4984,66.5911,0.0],[13.5063,66.5938,32.5752],[13.5333,66.5938,0.0],[13.538,66.5974,0.0],[13.5432,66.5984,0.0],[13.5464,66.6016,0.0],[13.5667,66.6083,0.0],[13.5708,66.6062,0.0],[13.5771,66.6062,0.0],[13.5813,66.6083,0.0],[13.6,66.6104,0.0],[13.6099,66.6078,0.0],[13.6099,66.6047,0.0],[13.5896,66.6042,0.0],[13.575,66.6,89.3504],[13.5625,66.6,48.2694],[13.5583,66.5958,0.0],[13.5589,66.5943,35.0933],[13.5646,66.5917,223.6728],[13.5813,66.5938,332.9831],[13.5911,66.5901,706.713],[13.5833,66.5875,794.0902],[13.5771,66.5896,652.4234],[13.5708,66.5896,431.5994],[13.5682,66.5859,675.1865],[13.5646,66.5854,723.9687],[13.5547,66.588,479.3409],[13.5557,66.5932,81.9462],[13.5521,66.5938,34.4592],[13.538,66.5891,0.0],[13.5354,66.5833,106.9218],[13.5391,66.5807,306.5203],[13.5375,66.5792,393.9047],[13.5297,66.5797,338.5075],[13.5307,66.5849,0.0],[13.5188,66.5854,62.4134],[13.5125,66.5875,0.0],[13.4985,66.5828,0.0],[13.5021,66.5792,94.6924],[13.4995,66.5755,0.0],[13.488,66.5745,106.2504],[13.4818,66.5724,24.8714],[13.4792,66.5687,149.7856],[13.4714,66.5703,0.0],[13.4693,66.5682,0.0],[13.4693,66.5651,9.5345],[13.4724,66.5641,27.6991],[13.4714,66.5609,0.0],[13.4729,66.5604,0.0],[13.5,66.5604,51.5006],[13.5042,66.5583,0.0],[13.525,66.5583,0.0],[13.5313,66.5604,12.109],[13.5354,66.5583,0.0],[13.55,66.5583,68.4809],[13.5729,66.5521,0.0],[13.5792,66.5521,22.1858],[13.5917,66.5479,0.0],[13.6036,66.5474,86.8599],[13.5984,66.5453,0.0],[13.6,66.5437,0.0],[13.6167,66.5437,110.7403],[13.6292,66.5396,0.0],[13.6458,66.5396,40.9317],[13.6557,66.5349,0.0],[13.6547,66.5318,0.0],[13.6578,66.5307,0.0],[13.6568,66.5276,0.0],[13.6682,66.5193,0.0],[13.65,66.5188,0.0],[13.6458,66.5229,0.0],[13.6354,66.5229,0.0],[13.6339,66.5234,0.0],[13.6349,66.5266,0.0],[13.6318,66.5276,0.0],[13.6307,66.5307,0.0],[13.6234,66.5318,0.0],[13.6125,66.5375,0.0],[13.6,66.5375,0.0],[13.5958,66.5354,5.0862],[13.5875,66.5396,0.0],[13.5813,66.5396,0.0],[13.5688,66.5437,0.0],[13.5417,66.5458,0.0],[13.5375,66.5437,82.4148],[13.5229,66.5479,0.0],[13.5063,66.5479,0.0],[13.5021,66.5458,87.9242],[13.4958,66.5479,12.1506],[13.4917,66.5458,97.7962],[13.4875,66.5479,21.9611],[13.4438,66.5479,31.698],[13.4359,66.5453,53.2207],[13.4333,66.5417,168.6368],[13.3938,66.5417,10.866],[13.3833,66.5375,154.2658],[13.3583,66.5437,26.7616],[13.3542,66.5417,79.2264],[13.3401,66.5411,18.2915],[13.3432,66.538,156.2087],[13.338,66.537,99.6429],[13.3349,66.5318,9.0666],[13.3271,66.5292,17.2945],[13.3083,66.5292,24.4062],[13.3042,66.5271,6.2382],[13.2938,66.5271,24.8281],[13.2896,66.5292,0.0],[13.2729,66.5292,50.343],[13.2667,66.5271,219.8992],[13.2625,66.5292,0.0],[13.2589,66.5255,0.0],[13.2745,66.5182,0.0],[13.2734,66.5151,0.0],[13.2828,66.5141,8.2416],[13.2964,66.5068,0.0],[13.3036,66.5057,0.0],[13.3042,66.5042,0.0],[13.3036,66.5026,0.0],[13.2984,66.5016,0.0],[13.2953,66.4984,10.4368],[13.2901,66.4974,7.2407],[13.2891,66.4943,0.0],[13.287,66.4922,0.0],[13.2818,66.4912,0.0],[13.2807,66.488,8.0329],[13.2734,66.487,0.0],[13.2714,66.4818,0.0],[13.2786,66.4786,0.0],[13.2786,66.4755,0.0],[13.2766,66.4714,16.4903],[13.2651,66.4703,0.0],[13.2651,66.4672,0.0],[13.2708,66.4646,0.0],[13.3021,66.4646,0.0],[13.3062,66.4667,0.0],[13.3188,66.4667,0.0],[13.3292,66.4708,0.0],[13.3375,66.4708,0.0],[13.3417,66.4729,0.0],[13.3438,66.4708,0.0],[13.3391,66.4609,6.5553],[13.3125,66.4583,0.0],[13.3083,66.4542,18.2019],[13.2938,66.4542,0.0],[13.2911,66.4505,0.0],[13.2833,66.45,40.7295],[13.2792,66.4521,0.0],[13.2714,66.4526,0.0],[13.2729,66.4542,0.0],[13.2786,66.4547,0.0],[13.2771,66.4563,0.0],[13.2479,66.4563,0.0],[13.2438,66.4542,15.1682],[13.2151,66.4547,0.0],[13.2167,66.4563,0.0],[13.2266,66.4568,0.0],[13.2312,66.4604,0.0],[13.2391,66.4609,8.3931],[13.25,66.4812,7.3799],[13.2495,66.4828,0.0],[13.2422,66.4859,0.0],[13.2432,66.4891,0.0],[13.225,66.4896,0.0],[13.2193,66.4922,0.0],[13.2161,66.4974,0.0],[13.213,66.4984,0.0],[13.2151,66.5016,0.0],[13.2203,66.5026,0.0],[13.2224,66.5068,0.0],[13.2193,66.5089,10.1348],[13.2182,66.512,0.0],[13.2151,66.513,13.2686],[13.2161,66.5182,0.0],[13.2,66.5208,5.9153],[13.1875,66.5271,0.0],[13.1833,66.525,0.0],[13.1771,66.525,0.0],[13.1688,66.5292,0.0],[13.1568,66.5297,0.0],[13.1458,66.5354,4.6138],[13.1396,66.5354,5.1508],[13.1354,66.5375,0.0],[13.125,66.5375,6.1528],[13.1234,66.5391,0.0],[13.1307,66.5432,1.5609],[13.1214,66.5443,0.0],[13.1224,66.5474,4.1979],[13.1167,66.55,0.0],[13.1042,66.55,0.0],[13.1,66.5479,1.98],[13.0875,66.5479,0.0],[13.0833,66.5458,27.462],[13.0708,66.5458,0.0],[13.0505,66.5391,0.0],[13.0479,66.5354,84.4086],[13.0354,66.5354,24.6717],[13.025,66.5313,0.0],[13.0021,66.5313,2.8077],[12.9979,66.5333,0.0],[12.9875,66.5333,0.0],[12.9797,66.5307,0.0],[12.9755,66.5266,0.0],[12.9755,66.5234,0.0],[12.9828,66.5224,20.9697],[12.9979,66.5146,0.0],[13.0057,66.5141,0.0],[13.0099,66.512,0.0],[13.0089,66.5089,4.8547],[13.0104,66.5083,0.0],[13.0167,66.5104,0.0],[13.0208,66.5083,0.0],[13.0286,66.5078,3.7729],[13.0271,66.5042,4.0782],[13.0307,66.5016,29.1673],[13.0297,66.4984,0.0],[13.0375,66.4979,9.0525],[13.0458,66.4938,12.6374],[13.0625,66.4938,0.0],[13.0667,66.4958,11.1574],[13.0729,66.4958,0.0],[13.0771,66.4938,0.0],[13.0917,66.4938,0.0],[13.0974,66.4912,24.4713],[13.0984,66.488,0.0],[13.1016,66.487,18.3817],[13.1005,66.4838,0.0],[13.1042,66.4812,17.3681],[13.1026,66.4776,0.0],[13.1057,66.4766,19.9686],[13.1068,66.4734,0.0],[13.1292,66.4729,0.0],[13.1333,66.4708,0.0],[13.1396,66.4729,28.8057],[13.1438,66.4708,0.0],[13.1542,66.4708,17.3762],[13.1682,66.4661,0.0],[13.1604,66.4625,0.0],[13.1542,66.4625,51.4246],[13.15,66.4604,81.3099],[13.1417,66.4625,0.0],[13.1375,66.4604,58.4195],[13.1167,66.4604,34.7098],[13.1125,66.4625,0.0],[13.1021,66.4625,24.7666],[13.0896,66.4667,0.0],[13.0797,66.4641,7.4111],[13.0911,66.4599,28.4179],[13.0901,66.4547,0.0],[13.0995,66.4537,43.1849],[13.0984,66.4505,0.0],[13.1063,66.45,0.0],[13.1172,66.4443,0.0],[13.1271,66.4417,0.0],[13.1375,66.4417,0.0],[13.1474,66.437,0.0],[13.1474,66.4339,0.0],[13.1422,66.4328,0.0],[13.1401,66.4307,0.0],[13.1401,66.4276,0.0],[13.1432,66.4266,15.6768],[13.1422,66.4234,0.0],[13.1495,66.4203,0.0],[13.1484,66.4172,0.0],[13.1557,66.4141,21.2223],[13.1547,66.4089,0.0],[13.1578,66.4068,0.0],[13.1526,66.4057,0.0],[13.15,66.4021,0.0],[13.1359,66.4016,0.0],[13.1328,66.3984,0.0],[13.1276,66.3974,0.0],[13.1266,66.3943,0.0],[13.1214,66.3932,0.0],[13.1182,66.3901,0.0],[13.1104,66.3875,0.0],[13.0964,66.387,0.0],[13.0932,66.3818,0.0],[13.088,66.3807,0.0],[13.0854,66.3771,7.1922],[13.0771,66.3771,0.0],[13.0625,66.3729,22.5239],[13.0542,66.3729,0.0],[13.0313,66.3646,14.193],[13.0214,66.3641,0.0],[13.0188,66.3604,29.8512],[13.0062,66.3604,22.1856],[12.9984,66.3578,0.0],[12.9953,66.3526,11.331],[12.9901,66.3516,0.0],[12.988,66.3484,0.0],[12.9953,66.3432,0.0],[12.9943,66.338,0.0],[12.9974,66.337,0.0],[12.9964,66.3339,0.0],[12.9995,66.3328,5.0078],[13.0005,66.3297,0.0],[13.0125,66.3313,7.2569],[13.025,66.325,0.0],[13.0646,66.3208,27.4193],[13.0661,66.3203,33.0529],[13.0651,66.3172,0.0],[13.0833,66.3167,0.0],[13.0958,66.3104,0.0],[13.1036,66.313,0.0],[13.1006,66.3162,19.1897],[13.1057,66.3172,0.0],[13.1089,66.3224,0.0],[13.1187,66.3229,0.0],[13.1229,66.325,15.1647],[13.1292,66.3229,0.0],[13.1318,66.3266,0.0],[13.1458,66.3313,0.0],[13.1521,66.3313,0.0],[13.1578,66.3287,0.0],[13.1583,66.3271,0.0],[13.1557,66.3214,17.5173],[13.1505,66.3203,12.2099],[13.1479,66.3167,0.0],[13.1484,66.3151,38.1063],[13.1542,66.3146,290.0818],[13.1557,66.313,415.2816],[13.1479,66.3125,88.3519],[13.1438,66.3104,268.5031],[13.1375,66.3104,152.5636],[13.1333,66.3125,0.2617],[13.1208,66.3125,0.0],[13.113,66.3099,0.0],[13.113,66.3068,11.8972],[13.1271,66.3021,0.0],[13.1708,66.3021,0.0],[13.175,66.3042,59.4975],[13.1792,66.3021,0.0],[13.1833,66.3042,18.0969],[13.2125,66.3042,0.0],[13.2167,66.3063,47.5044],[13.2438,66.3063,0.0],[13.2479,66.3083,0.0],[13.2563,66.3083,0.0],[13.2604,66.3104,0.0],[13.2729,66.3104,0.0],[13.2875,66.3146,25.954],[13.3,66.3146,0.0],[13.3104,66.3187,6.2151],[13.3229,66.3187,0.0],[13.3271,66.3208,0.0],[13.3354,66.3208,0.0],[13.3458,66.325,0.0],[13.3521,66.325,0.0],[13.3625,66.3292,0.0],[13.3682,66.3297,0.0],[13.3693,66.3328,0.0],[13.3729,66.3354,0.0],[13.4104,66.3354,0.0],[13.4141,66.338,0.0],[13.4151,66.3411,8.3266],[13.4203,66.3422,0.0],[13.4234,66.3453,8.3758],[13.4313,66.3479,0.0],[13.4375,66.3479,0.0],[13.4458,66.3438,2.0248],[13.4563,66.3438,0.0],[13.4604,66.3417,0.0],[13.4708,66.3417,0.0],[13.4813,66.3458,18.779],[13.4891,66.3432,88.41],[13.4875,66.3417,271.9328],[13.4792,66.3417,0.0],[13.4688,66.3375,148.2147],[13.4563,66.3375,0.0],[13.4521,66.3354,34.943],[13.4438,66.3354,0.0],[13.4255,66.3307,0.0],[13.4339,66.3255,0.0],[13.4411,66.3245,0.0],[13.4422,66.3214,0.0],[13.4542,66.3208,18.5147],[13.4583,66.3187,0.0],[13.4688,66.3187,0.0],[13.4729,66.3167,0.0],[13.4771,66.3187,0.0],[13.4958,66.3187,0.0],[13.5,66.3208,7.4693],[13.5063,66.3208,9.7527],[13.5146,66.3167,0.0],[13.5188,66.3167,7.5651],[13.5229,66.3146,0.0],[13.5333,66.3146,8.0731],[13.5578,66.3078,0.0],[13.5563,66.3063,0.0],[13.5333,66.3063,0.0],[13.5292,66.3083,0.0],[13.5229,66.3063,32.7203],[13.5188,66.3083,0.0],[13.5021,66.3083,0.0],[13.4979,66.3063,13.9643],[13.4813,66.3063,0.0],[13.4708,66.3021,0.0],[13.4271,66.3021,0.0],[13.4229,66.3,148.5687],[13.4167,66.3021,0.0],[13.4104,66.3,196.7851],[13.4063,66.3021,0.0],[13.3708,66.3021,31.0809],[13.3646,66.2979,308.5146],[13.3583,66.3,125.0001],[13.3542,66.2979,299.6811],[13.3417,66.2979,198.3208],[13.3271,66.2937,338.5618],[13.3083,66.2937,145.5848],[13.3042,66.2917,255.1994],[13.2979,66.2917,77.2554],[13.2813,66.2854,325.4403],[13.2729,66.2854,146.0759],[13.2583,66.2813,251.0585],[13.2443,66.2818,56.8259],[13.2495,66.2839,0.0],[13.2479,66.2854,0.0],[13.2271,66.2854,0.0],[13.2208,66.2813,52.7173],[13.2146,66.2833,0.0],[13.2042,66.2792,44.3203],[13.1917,66.2792,0.0],[13.1839,66.2766,0.0],[13.1828,66.2734,7.3788],[13.1729,66.2729,5.603],[13.1625,66.2688,13.686],[13.1563,66.2688,0.0],[13.1516,66.2651,6.9475],[13.1339,66.2599,0.0],[13.1328,66.2568,0.0],[13.1151,66.2516,0.0],[13.113,66.2484,0.5795],[13.125,66.2479,0.4875],[13.1266,66.2464,1.1724],[13.1245,66.2443,1.474],[13.1193,66.2432,1.0579],[13.1182,66.2401,0.875],[13.1083,66.2396,0.0],[13.1005,66.237,0.0],[13.0995,66.2338,0.0],[13.0943,66.2328,0.0],[13.0911,66.2276,3.2424],[13.0859,66.2266,0.0],[13.0828,66.2234,2.0519],[13.0688,66.2188,0.0],[13.0609,66.2182,0.0],[13.0578,66.2151,6.9512],[13.0464,66.212,0.0],[13.0453,66.2089,0.0],[13.0401,66.2078,0.0],[13.0354,66.2042,0.0],[13.0188,66.2042,0.0],[13.014099999999999,66.2005,0.0],[13.0089,66.1995,3.6194],[13.0047,66.1911,0.0],[13.0083,66.1875,0.0],[13.0068,66.1839,0.0],[13.0161,66.1828,0.0],[13.0151,66.1797,0.0],[13.0234,66.1755,0.0],[13.0313,66.175,0.0],[13.0354,66.1729,0.0],[13.0396,66.175,7.3034],[13.0625,66.175,0.0],[13.0854,66.1833,0.0],[13.0932,66.1839,0.0],[13.0979,66.1875,8.2447],[13.1104,66.1875,0.0],[13.1146,66.1896,59.0971],[13.1208,66.1875,0.0],[13.1354,66.1917,1.5205],[13.1479,66.1917,0.0],[13.1583,66.1958,15.28],[13.1667,66.1958,0.0],[13.1708,66.1979,0.0],[13.1833,66.1979,0.0],[13.1974,66.2026,0.0],[13.1984,66.2057,12.3629],[13.212,66.2109,0.0],[13.213,66.2141,0.0],[13.2229,66.2146,0.0],[13.2375,66.2188,96.5009],[13.2458,66.2188,0.0],[13.2599,66.2234,0.0],[13.263,66.2307,69.4711],[13.2896,66.2396,130.8135],[13.3036,66.2401,0.0],[13.3068,66.2453,0.0],[13.3208,66.25,8.3917],[13.3271,66.2479,0.0],[13.3313,66.25,7.7574],[13.3479,66.25,0.0],[13.3521,66.2479,0.0],[13.3583,66.2479,0.0],[13.3682,66.2453,0.0],[13.3766,66.2412,11.8433],[13.3755,66.238,0.0],[13.3833,66.2375,6.9997],[13.3875,66.2354,0.0],[13.3917,66.2375,16.2148],[13.4104,66.2375,0.0],[13.4146,66.2396,77.9141],[13.4438,66.2417,0.0],[13.4542,66.2458,166.9532],[13.4667,66.2458,0.0],[13.4745,66.2484,0.0],[13.4755,66.2516,0.0],[13.4833,66.2542,24.2505],[13.4917,66.2542,0.0],[13.4958,66.2562,0.0],[13.5083,66.2562,0.0],[13.5125,66.2604,41.6144],[13.525,66.2604,0.0],[13.5292,66.2625,0.0],[13.5375,66.2625,0.0],[13.5401,66.2662,0.0],[13.55,66.2667,0.0],[13.5578,66.2693,0.0],[13.5609,66.2745,0.0],[13.5661,66.2755,0.0],[13.5682,66.2776,0.0],[13.5724,66.2859,0.0],[13.5693,66.288,0.0],[13.5708,66.2896,0.0],[13.5771,66.2896,3.7722],[13.5813,66.2875,0.0],[13.5854,66.2896,6.1767],[13.6125,66.2896,32.782],[13.6167,66.2875,0.0],[13.6286,66.287,0.0],[13.6271,66.2854,17.6837],[13.6193,66.2849,0.0],[13.6161,66.2797,74.1299],[13.6026,66.2766,0.0],[13.6016,66.2734,30.3747],[13.5917,66.2729,0.0],[13.5839,66.2703,0.0],[13.5807,66.2651,18.2414],[13.5693,66.262,0.0],[13.5729,66.2583,0.0],[13.5714,66.2547,0.0],[13.5755,66.2526,1.3999],[13.5917,66.25,-0.0229],[13.6026,66.2443,0.0],[13.6125,66.2417,0.0],[13.6458,66.2417,0.0],[13.6729,66.25,0.0],[13.6813,66.25,0.0],[13.6839,66.2536,20.1243],[13.6938,66.2542,0.0],[13.6979,66.2562,63.582],[13.7021,66.2542,0.0],[13.7146,66.2542,0.0],[13.7188,66.2562,0.0],[13.7458,66.2562,0.0],[13.7536,66.2589,3.4994],[13.7568,66.262,0.0],[13.762,66.263,0.0],[13.7651,66.2682,34.4342],[13.7729,66.2708,68.7655],[13.7771,66.2688,0.0],[13.7938,66.2688,0.0],[13.7985,66.2724,0.0],[13.8063,66.275,80.8785],[13.8125,66.275,32.0179],[13.8167,66.2729,0.0],[13.8229,66.275,21.8183],[13.8271,66.2729,0.0],[13.8375,66.2729,0.0],[13.8438,66.275,49.7671],[13.8479,66.2729,0.0],[13.8542,66.2729,0.0],[13.8583,66.275,0.0],[13.875,66.275,0.0],[13.8979,66.2688,0.0],[13.9078,66.2734,0.0],[13.9125,66.2833,0.0],[13.9089,66.287,56.6306],[13.9141,66.288,0.0],[13.9193,66.2932,0.0],[13.9245,66.2943,0.0],[13.9255,66.2974,9.2978],[13.9307,66.2984,0.0],[13.9354,66.3021,5.3583],[13.9417,66.3021,0.0],[13.9458,66.3042,0.0],[13.975,66.3042,0.0],[13.9958,66.3104,0.0],[14.0021,66.3104,0.0],[14.0104,66.3063,0.0],[14.0271,66.3063,0.0],[14.0474,66.313,0.0],[14.0521,66.3167,19.0458],[14.0583,66.3167,0.0],[14.0688,66.3208,3.5104],[14.0813,66.3208,0.0],[14.1,66.3271,0.0],[14.1203,66.3297,0.0],[14.1234,66.337,0.0],[14.1271,66.3396,0.0],[14.1438,66.3396,4.9382],[14.1536,66.3359,0.0],[14.1438,66.3354,26.0875],[14.1422,66.3318,0.0],[14.1453,66.3307,0.0],[14.1453,66.3276,3.1629],[14.1432,66.3255,6.3059],[14.138,66.3245,3.5405],[14.1328,66.3172,5.4437],[14.1234,66.3161,3.4067],[14.1214,66.313,0.0],[14.1286,66.3089,0.0],[14.1109,66.3037,2.3635],[14.1089,66.3005,0.0],[14.112,66.2984,99.6319],[14.1042,66.2958,232.8108],[14.0917,66.2958,0.0],[14.075,66.2896,8.0738],[14.0479,66.2896,1.2257],[14.0422,66.2849,0.0],[14.0411,66.2818,0.0],[14.0359,66.2807,0.0],[14.0328,66.2776,2.8682],[14.0146,66.2729,16.9716],[14.0083,66.275,0.0],[13.9979,66.275,0.0],[13.9938,66.2729,38.5679],[13.9813,66.2729,0.0],[13.9766,66.2693,0.0],[13.9714,66.2682,0.0],[13.9688,66.2625,0.0],[13.9703,66.2589,0.0],[13.9651,66.2578,0.0],[13.9646,66.2562,0.0],[13.9667,66.2542,0.0],[13.9813,66.2521,8.1254],[13.9828,66.2505,0.0],[13.975,66.2479,76.2895],[13.9563,66.2479,0.0],[13.951599999999999,66.2422,10.1847],[13.9438,66.2417,0.0],[13.925,66.2354,36.8922],[13.9146,66.2354,0.0],[13.9104,66.2375,0.0],[13.9042,66.2375,0.0],[13.8938,66.2333,12.9768],[13.8875,66.2333,4.5701],[13.8833,66.2312,11.587],[13.8708,66.2312,0.0],[13.8667,66.2292,14.4019],[13.8583,66.2292,0.0],[13.8547,66.2266,0.0],[13.8536,66.2234,25.1367],[13.8458,66.2208,37.4092],[13.8359,66.2203,0.0],[13.8328,66.2151,112.7953],[13.825,66.2167,0.0],[13.8208,66.2146,6.0161],[13.8146,66.2146,0.0],[13.8099,66.2109,29.892],[13.8021,66.2104,0.0],[13.7943,66.2078,0.0],[13.7911,66.2047,46.3406],[13.7859,66.2037,0.0],[13.7896,66.2,0.0],[13.7891,66.1984,27.8752],[13.7839,66.1974,0.0],[13.7854,66.1937,0.0],[13.7833,66.1917,3.9997],[13.7771,66.1917,45.3152],[13.7672,66.1964,72.0224],[13.7693,66.2016,86.3684],[13.7714,66.2037,3.3844],[13.7766,66.2047,0.0],[13.7776,66.2078,0.0],[13.8036,66.2172,0.0],[13.8005,66.2193,18.7902],[13.8026,66.2224,28.4855],[13.8141,66.2255,0.0],[13.8151,66.2286,39.7565],[13.8203,66.2297,0.0],[13.8224,66.2318,2.2998],[13.8224,66.2349,0.0],[13.8063,66.2375,16.6193],[13.8,66.2417,0.0],[13.7833,66.2417,90.3601],[13.775,66.2458,0.0],[13.7708,66.2438,112.0685],[13.7583,66.2438,12.9309],[13.7505,66.2412,97.6157],[13.75,66.2396,146.0659],[13.7536,66.2391,239.3263],[13.7521,66.2375,344.9775],[13.7458,66.2396,179.5629],[13.7396,66.2396,184.0228],[13.7354,66.2375,292.7173],[13.7328,66.2412,74.177],[13.7271,66.2438,0.0],[13.7229,66.2417,33.0065],[13.7146,66.2417,0.0],[13.7104,66.2396,0.0],[13.7063,66.2417,0.0],[13.7,66.2396,10.8657],[13.6958,66.2417,0.0],[13.6896,66.2417,0.0],[13.6859,66.2391,0.0],[13.6849,66.2359,25.1376],[13.6708,66.2354,0.0],[13.663,66.2328,0.0],[13.6661,66.2307,0.0],[13.6646,66.2292,0.0],[13.6521,66.2292,17.7169],[13.6438,66.2333,15.1165],[13.6375,66.2333,0.0],[13.6333,66.2312,44.686],[13.6271,66.2333,0.0],[13.6167,66.2292,28.7315],[13.6104,66.2292,0.0],[13.6026,66.2266,0.0],[13.6083,66.2229,0.0],[13.6188,66.2229,2.8511],[13.6229,66.2208,0.0],[13.6349,66.2224,16.2358],[13.6396,66.2188,0.0],[13.639099999999999,66.2172,45.238],[13.6339,66.2161,48.0798],[13.6318,66.2141,28.661],[13.6318,66.2109,0.0],[13.6375,66.2125,31.9211],[13.6417,66.2104,0.0],[13.6495,66.2099,0.0],[13.6443,66.2078,6.7347],[13.639099999999999,66.2005,69.7881],[13.6297,66.1995,0.0],[13.6266,66.1943,138.1457],[13.613,66.1891,0.0],[13.6146,66.1833,0.0],[13.613,66.1797,0.0],[13.6167,66.1792,0.0],[13.6208,66.1813,60.9156],[13.6375,66.1813,0.0],[13.6453,66.1839,0.0],[13.6484,66.187,0.0],[13.6563,66.1875,6.5119],[13.6604,66.1896,0.0],[13.6667,66.1896,0.0],[13.6724,66.187,7.1447],[13.6734,66.1839,4.5938],[13.6766,66.1828,23.7661],[13.6755,66.1776,0.0],[13.6854,66.175,0.0],[13.6958,66.1792,25.7351],[13.7021,66.1771,0.0],[13.7063,66.1792,31.2766],[13.7146,66.1792,0.0],[13.7188,66.1833,10.8003],[13.7375,66.1833,0.0],[13.7417,66.1854,0.0],[13.7542,66.1854,0.0],[13.7583,66.1875,0.0],[13.7646,66.1875,0.0],[13.7688,66.1854,0.0],[13.7896,66.1854,0.0],[13.7953,66.1828,0.0],[13.7943,66.1797,0.0],[13.8026,66.1755,0.0],[13.8188,66.1729,0.0],[13.8297,66.1672,0.0],[13.837,66.1661,5.2828],[13.8359,66.163,0.0],[13.8396,66.1604,3.7965],[13.837,66.1547,0.0],[13.8255,66.1516,0.0],[13.8234,66.1495,0.0],[13.8234,66.1464,7.2341],[13.826599999999999,66.1453,6.2644],[13.8292,66.1417,0.0],[13.825,66.1375,2.8526],[13.8151,66.1422,0.0],[13.8161,66.1453,0.0],[13.8089,66.1505,0.0],[13.8099,66.1557,0.0],[13.8026,66.1568,0.0],[13.8036,66.1599,0.0],[13.7984,66.1599,0.0],[13.7974,66.1568,7.7464],[13.7938,66.1563,15.8707],[13.7922,66.1568,15.8707],[13.7932,66.162,0.0],[13.7854,66.1625,0.0],[13.7813,66.1604,4.9666],[13.7703,66.1661,10.3559],[13.7609,66.1672,26.8312],[13.762,66.1703,0.0],[13.7578,66.1724,0.0],[13.75,66.1729,31.5238],[13.7297,66.1661,12.3537],[13.7313,66.1646,47.2878],[13.737,66.1641,138.4543],[13.7354,66.1625,258.8252],[13.6979,66.1604,0.0],[13.6964,66.1589,14.1767],[13.6995,66.1578,140.7617],[13.6979,66.1563,160.3939],[13.6859,66.1589,38.7706],[13.6792,66.1625,0.0],[13.6729,66.1604,61.0239],[13.6458,66.1604,84.1042],[13.6396,66.1563,136.6476],[13.6229,66.1563,0.0],[13.613,66.1516,0.0],[13.6161,66.1484,191.0704],[13.5979,66.1479,10.4805],[13.5943,66.1453,0.0],[13.5911,66.1401,0.0],[13.5859,66.1391,0.0],[13.5849,66.1359,19.5102],[13.5734,66.1349,0.0],[13.5682,66.1234,81.9908],[13.563,66.1224,0.0],[13.5641,66.1193,87.4889],[13.5589,66.1182,0.0],[13.5625,66.1146,51.5422],[13.5578,66.1068,0.0],[13.55,66.1062,0.0],[13.5401,66.1088,57.2232],[13.5401,66.112,0.0],[13.5453,66.1203,0.0],[13.538,66.1255,115.3634],[13.5396,66.1292,9.4707],[13.5359,66.1328,109.813],[13.5411,66.1339,0.0],[13.5432,66.1359,0.0],[13.5505,66.1495,81.3894],[13.562,66.1505,0.0],[13.5651,66.1557,0.0],[13.576599999999999,66.1589,0.0],[13.5818,66.1682,0.0],[13.587,66.1693,0.0],[13.588,66.1724,40.8552],[13.5932,66.1734,0.0],[13.5995,66.1818,0.0],[13.6078,66.1995,0.0],[13.5938,66.2,0.0],[13.5922,66.1984,9.7268],[13.5953,66.1964,114.013],[13.5875,66.1937,312.3499],[13.5813,66.1937,323.2999],[13.5797,66.1943,282.481],[13.5807,66.1995,3.6443],[13.5646,66.2,0.0],[13.5604,66.2021,0.0],[13.5557,66.1984,0.0],[13.5505,66.1974,0.0],[13.5495,66.1943,139.5331],[13.5458,66.1917,198.9065],[13.5188,66.1917,78.2138],[13.5125,66.1896,101.635],[13.5083,66.1917,0.0],[13.4964,66.1922,26.9549],[13.4979,66.1937,0.0],[13.5167,66.1937,0.0],[13.5307,66.1984,0.0],[13.5318,66.2016,82.7977],[13.537,66.2026,0.0],[13.5401,66.2057,13.5079],[13.5479,66.2063,0.0],[13.5521,66.2083,27.6251],[13.5813,66.2083,0.0],[13.5828,66.2089,0.0],[13.587,66.2172,0.0],[13.5797,66.2214,38.159],[13.5797,66.2245,23.9802],[13.5828,66.2286,0.0],[13.5797,66.2307,0.0],[13.5849,66.2318,0.0],[13.5807,66.2349,0.0],[13.5625,66.2333,62.3814],[13.5583,66.2354,17.7362],[13.5505,66.2359,50.5123],[13.5438,66.2396,0.0],[13.5333,66.2396,23.2952],[13.5292,66.2417,0.0],[13.5146,66.2417,0.0],[13.513,66.2412,0.0],[13.514099999999999,66.2359,59.5267],[13.5089,66.2338,0.0],[13.5146,66.2333,173.4739],[13.5161,66.2318,281.4723],[13.5083,66.2292,387.7036],[13.4813,66.2292,125.9786],[13.4771,66.2271,227.4923],[13.4708,66.2271,184.641],[13.4667,66.2292,64.7622],[13.4563,66.2292,11.1768],[13.45,66.225,188.6608],[13.4438,66.225,147.1056],[13.4396,66.2271,0.0],[13.4292,66.2271,0.0],[13.425,66.225,36.4462],[13.4167,66.225,0.0],[13.4125,66.2229,66.2032],[13.4,66.2229,0.0],[13.3896,66.2188,16.7539],[13.3833,66.2188,6.7645],[13.3792,66.2208,0.0],[13.3688,66.2208,68.7814],[13.3458,66.2271,30.4183],[13.3396,66.2271,18.534],[13.3354,66.225,183.6744],[13.3313,66.2271,0.0],[13.3188,66.2271,0.0],[13.3146,66.2229,73.7852],[13.3021,66.2229,0.0],[13.2974,66.2193,69.2668],[13.2911,66.2172,105.0935],[13.2818,66.2161,6.3575],[13.2917,66.2125,227.9154],[13.2979,66.2146,197.9548],[13.2995,66.2141,273.9867],[13.2995,66.2109,541.7104],[13.2792,66.2083,314.9052],[13.2745,66.2047,561.3106],[13.2667,66.2021,618.4675],[13.2542,66.2021,257.0703],[13.2375,66.1958,234.8942],[13.2333,66.1979,0.0],[13.2297,66.1974,0.0],[13.2297,66.1943,0.0],[13.237,66.1911,0.0],[13.2349,66.188,14.5858],[13.213,66.1828,91.053],[13.2083,66.1771,269.7877],[13.2047,66.1776,179.9773],[13.2063,66.1813,0.0],[13.2042,66.1833,3.3897],[13.2,66.1813,24.3087],[13.1813,66.1813,0.0],[13.1646,66.175,32.1135],[13.1458,66.1729,0.0],[13.1417,66.1708,19.7064],[13.1313,66.1708,0.0],[13.1271,66.1687,25.7049],[13.1187,66.1687,0.0],[13.1083,66.1646,0.0],[13.1021,66.1646,0.0],[13.0943,66.162,0.0],[13.0911,66.1568,11.7202],[13.0797,66.1557,0.0],[13.0797,66.1526,0.0],[13.087,66.1516,0.0],[13.0896,66.1458,0.0],[13.0875,66.1438,0.0],[13.0771,66.1438,0.0],[13.0745,66.1474,0.0],[13.0672,66.1484,5.4138],[13.0724,66.1505,0.0],[13.075,66.1563,0.0],[13.0729,66.1583,0.0],[13.0667,66.1583,0.0],[13.0625,66.1563,19.0559],[13.0458,66.1563,0.0],[13.0396,66.1542,49.7447],[13.0354,66.1563,0.0],[13.0313,66.1542,22.4386],[13.0188,66.1542,0.0],[13.0146,66.1521,33.9529],[13.0062,66.1521,0.0],[13.0021,66.15,36.5344],[12.9901,66.1495,0.0],[12.9958,66.1458,53.7806],[13.0057,66.1453,106.0498],[13.0042,66.1438,171.401],[12.9771,66.1438,80.5456],[12.9729,66.1417,253.6427],[12.925,66.1417,0.0],[12.9214,66.1391,45.3595],[12.9245,66.137,257.744],[12.9229,66.1354,352.3465],[12.9104,66.1354,255.8967],[12.9063,66.1333,321.9502],[12.9,66.1333,243.2376],[12.8958,66.1354,124.9032],[12.8896,66.1354,45.2147],[12.8854,66.1333,142.5636],[12.8583,66.1312,65.6689],[12.8542,66.1292,141.5912],[12.8313,66.1292,0.0],[12.826599999999999,66.1255,20.901],[12.8214,66.1245,0.0],[12.825,66.1208,0.0],[12.8224,66.1172,4.8446],[12.8146,66.1167,0.0],[12.8042,66.1125,0.0],[12.7958,66.1125,0.0],[12.7854,66.1083,0.0],[12.7688,66.1062,0.0],[12.7484,66.0995,0.0],[12.7453,66.0943,32.9482],[12.7313,66.0938,0.0],[12.7266,66.0901,0.0],[12.7203,66.088,0.0],[12.7125,66.0875,0.0],[12.7047,66.0849,0.0],[12.701599999999999,66.0818,13.6872],[12.6964,66.0807,0.0],[12.6953,66.0776,3.7357],[12.6776,66.0724,0.0],[12.6745,66.0693,0.0],[12.6693,66.0682,0.0],[12.6724,66.0661,0.0],[12.6734,66.063,0.0],[12.6792,66.0604,0.0],[12.7266,66.0599,0.0],[12.7125,66.0542,0.0],[12.7063,66.0542,0.0],[12.7021,66.0521,0.0],[12.6896,66.0521,0.0],[12.6818,66.0495,0.0],[12.6833,66.0479,7.4461],[12.6938,66.0479,0.0],[12.6979,66.05,5.2582],[12.7063,66.05,0.0],[12.7208,66.0542,10.3508],[12.7333,66.0542,0.0],[12.7375,66.0563,8.5349],[12.7479,66.0563,0.0],[12.7495,66.0547,0.0],[12.7417,66.0521,5.2288],[12.7313,66.0521,0.0],[12.7208,66.0479,29.0536],[12.6854,66.0437,0.0],[12.6589,66.0349,0.0],[12.6646,66.0313,0.0],[12.6688,66.0333,7.4791],[12.6771,66.0333,0.0],[12.6875,66.0375,14.6582],[12.6938,66.0375,0.0],[12.6979,66.0396,10.8581],[12.7208,66.0396,0.0],[12.7271,66.0437,22.4257],[12.7313,66.0417,0.0],[12.7354,66.0437,0.0],[12.7542,66.0458,0.0],[12.7583,66.0479,13.7179],[12.7771,66.0479,0.0],[12.7813,66.05,0.0],[12.7938,66.05,0.0],[12.7979,66.0521,11.2027],[12.8083,66.0521,1.685],[12.8125,66.0542,19.5769],[12.8187,66.0521,0.0],[12.825,66.0521,0.0],[12.8292,66.0542,7.2189],[12.8333,66.0521,0.0],[12.85,66.0521,0.0],[12.8542,66.05,0.0],[12.8646,66.05,0.0],[12.8688,66.0479,0.0],[12.8729,66.05,0.0],[12.8896,66.05,0.0],[12.8938,66.0521,72.8846],[12.9063,66.0521,0.0],[12.9104,66.0542,0.0],[12.9188,66.0542,0.0],[12.9396,66.0604,0.0],[12.9583,66.0625,0.0],[12.9688,66.0667,15.7188],[12.9854,66.0667,0.0],[12.9958,66.0708,0.0],[13.0042,66.0708,0.0],[13.0083,66.0729,0.0],[13.0313,66.0729,0.0],[13.0354,66.075,0.0],[13.0432,66.0745,0.0],[13.0411,66.0714,4.1894],[13.0359,66.0703,0.0],[13.0349,66.0672,76.0259],[13.0271,66.0646,92.1096],[12.9917,66.0604,39.0834],[12.9813,66.0563,36.42],[12.9729,66.0563,0.0],[12.9651,66.0537,0.0],[12.9641,66.0505,33.4065],[12.9604,66.0479,96.5631],[12.9464,66.0474,0.0],[12.9443,66.0401,0.0],[12.951599999999999,66.0359,0.0],[12.9495,66.0339,39.134],[12.938,66.0307,0.0],[12.9411,66.0286,0.0],[12.9411,66.0255,15.3183],[12.9391,66.0234,0.0],[12.9339,66.0224,0.0],[12.9333,66.0208,0.0],[12.9417,66.0208,4.9184],[12.9474,66.0182,0.0],[12.9443,66.0109,0.0],[12.9479,66.0083,0.0],[12.9432,65.9984,86.3881],[12.9318,65.9953,15.0569],[12.9297,65.9932,0.0],[12.9391,65.9901,269.4754],[12.9354,65.9875,483.9913],[12.9125,65.9875,92.1719],[12.9021,65.9833,64.9068],[12.8943,65.9828,0.0],[12.8917,65.9792,0.0],[12.8953,65.9766,43.2415],[12.8943,65.9714,0.0],[12.9,65.9688,0.0],[12.9042,65.9708,31.4407],[12.9104,65.9708,0.0],[12.9146,65.9688,0.0],[12.9396,65.9688,0.0],[12.9422,65.9651,0.0],[12.9495,65.9641,0.0],[12.9578,65.9599,0.0],[12.9589,65.9568,0.0],[12.9646,65.9563,0.0],[12.9714,65.9526,0.0],[12.9771,65.9521,8.325],[12.9839,65.9484,5.5096],[12.9917,65.9479,0.0],[12.9958,65.9458,0.0],[13.0,65.9479,0.0],[13.0063,65.9479,56.3578],[13.0104,65.9458,0.0],[13.0375,65.9458,0.0],[13.0417,65.9479,11.6875],[13.0479,65.9479,0.0],[13.0661,65.9391,63.9517],[13.0651,65.9359,0.0],[13.075,65.9333,0.0],[13.0854,65.9333,0.0],[13.0896,65.9313,0.0],[13.0958,65.9313,0.0],[13.1036,65.9339,0.0],[13.1068,65.937,0.0],[13.1271,65.9437,0.0],[13.1328,65.9432,5.7524],[13.1328,65.9401,0.0],[13.1276,65.9297,0.0],[13.1307,65.9286,0.0],[13.1297,65.9234,0.0],[13.1328,65.9224,0.0],[13.1339,65.9193,0.0],[13.1396,65.9167,0.0],[13.1453,65.9161,0.0],[13.1563,65.9104,0.0],[13.1667,65.9104,0.0],[13.1724,65.9078,7.1216],[13.1651,65.9036,2.7673],[13.1599,65.8922,127.6151],[13.1547,65.8901,0.0],[13.1578,65.8891,0.0],[13.1568,65.8859,0.0],[13.1599,65.8849,32.0885],[13.1589,65.8818,0.0],[13.1661,65.8766,1.5699],[13.1651,65.8734,0.0],[13.1708,65.8708,0.0],[13.1786,65.8703,3.7084],[13.187,65.8661,0.0],[13.1849,65.863,8.439],[13.1797,65.8609,0.0],[13.1911,65.8547,0.0],[13.1849,65.8422,0.0],[13.1828,65.8401,0.0],[13.1797,65.8401,5.1063],[13.1807,65.8453,0.0],[13.1771,65.8458,0.0],[13.1729,65.8438,86.0232],[13.1672,65.8464,57.1589],[13.1682,65.8495,0.0],[13.1646,65.8521,0.0],[13.1661,65.8557,0.0],[13.1422,65.8672,110.7441],[13.1432,65.8724,0.0],[13.1401,65.8734,0.0],[13.1411,65.8766,0.0],[13.1339,65.8818,3.6664],[13.1349,65.887,0.0],[13.1276,65.8901,51.3709],[13.1286,65.8953,0.0],[13.1167,65.8917,12.9343],[13.1042,65.8917,0.0],[13.1,65.8875,22.0272],[13.0938,65.8896,0.0],[13.0792,65.8896,0.0],[13.0693,65.8922,0.0],[13.0526,65.9005,99.5458],[13.0516,65.9036,0.0],[13.0484,65.9057,69.0707],[13.0536,65.9161,0.0],[13.0313,65.925,0.0],[13.0208,65.925,64.1527],[13.0146,65.9271,0.0],[13.0104,65.925,74.0614],[13.0042,65.925,97.6007],[13.0,65.9271,0.0],[12.9958,65.925,155.4642],[12.9896,65.925,68.7216],[12.9812,65.9292,5.2286],[12.9771,65.9271,64.5519],[12.9646,65.9271,0.0],[12.9604,65.925,9.0093],[12.95,65.9292,0.0],[12.9458,65.9271,0.916],[12.9438,65.9292,0.0],[12.9453,65.9328,0.0],[12.9422,65.9339,0.0],[12.9411,65.937,8.9709],[12.9354,65.9396,23.8967],[12.9193,65.9401,133.082],[12.9182,65.9432,0.0],[12.9151,65.9443,146.4136],[12.9161,65.9474,0.0],[12.9047,65.9526,0.0],[12.9057,65.9557,0.0],[12.8974,65.9599,0.0],[12.8896,65.9604,93.5209],[12.8854,65.9583,152.7111],[12.8792,65.9604,51.0662],[12.875,65.9583,7.0354],[12.8672,65.9589,25.7511],[12.8672,65.962,15.4448],[12.8745,65.9661,0.0],[12.8714,65.9672,0.0],[12.8724,65.9703,0.0],[12.8625,65.975,0.0],[12.85,65.9708,0.0],[12.8474,65.9745,0.0],[12.8396,65.975,0.0],[12.825,65.9708,108.1348],[12.8167,65.9708,0.0],[12.8047,65.9661,0.0],[12.8016,65.963,0.0],[12.7901,65.9599,2.3659],[12.7891,65.9568,120.9917],[12.7813,65.9542,72.5539],[12.7714,65.9537,0.0],[12.7745,65.9505,165.9154],[12.7604,65.9458,294.1543],[12.7479,65.9458,64.5445],[12.7396,65.9417,118.4439],[12.7297,65.9411,0.0],[12.7297,65.938,9.0216],[12.7328,65.9359,10.3211],[12.7292,65.9333,115.5641],[12.7214,65.9339,0.0],[12.7224,65.937,0.0],[12.7208,65.9375,3.577],[12.7146,65.9375,0.0],[12.7042,65.9333,16.5253],[12.6943,65.9328,0.0],[12.6932,65.9297,166.6566],[12.6755,65.9245,91.1675],[12.6745,65.9213,191.3793],[12.6693,65.9203,109.5037],[12.6641,65.913,44.047],[12.6589,65.912,17.4893],[12.6578,65.9089,42.5854],[12.6464,65.9057,0.0],[12.6443,65.9036,0.0],[12.6443,65.9005,17.1574],[12.6474,65.8984,14.9427],[12.6422,65.8974,0.0],[12.6396,65.8938,0.0],[12.6432,65.8912,14.8357],[12.6422,65.8859,1.7413],[12.6479,65.8854,58.6296],[12.6495,65.8839,100.7566],[12.6401,65.8828,0.0],[12.6318,65.8682,0.0],[12.6354,65.8646,8.3323],[12.6339,65.8609,0.0],[12.6417,65.8604,0.0],[12.6458,65.8583,68.5708],[12.6604,65.8583,65.2936],[12.662,65.8568,108.4499],[12.6542,65.8542,364.7227],[12.6479,65.8542,272.6496],[12.6396,65.8583,38.1174],[12.6318,65.8557,28.5835],[12.6286,65.8526,0.0],[12.6234,65.8516,27.117],[12.6224,65.8484,44.4119],[12.6068,65.8474,0.0],[12.6068,65.8443,7.2212],[12.6099,65.8422,27.3939],[12.6047,65.8411,0.0],[12.6078,65.838,37.6937],[12.6026,65.837,0.0],[12.6005,65.8349,0.0],[12.5984,65.8307,0.0],[12.6021,65.8271,27.6319],[12.6,65.8229,0.0],[12.6036,65.8203,11.7172],[12.6026,65.8172,0.0],[12.6042,65.8167,0.0],[12.6182,65.8172,0.0],[12.6193,65.8203,0.0],[12.6245,65.8214,0.0],[12.6271,65.825,12.9446],[12.6333,65.8229,0.0],[12.6438,65.8229,0.0],[12.6479,65.825,0.0],[12.6646,65.825,0.0],[12.6661,65.8245,0.0],[12.6651,65.8214,0.0],[12.6729,65.8187,0.0],[12.6797,65.8287,0.0],[12.6849,65.8297,0.0],[12.6813,65.8333,0.0],[12.6839,65.8391,0.0],[12.6891,65.8391,13.9177],[12.6932,65.837,9.7211],[12.6922,65.8318,0.0],[12.6953,65.8307,17.5219],[12.6922,65.8214,0.0],[12.7036,65.8161,11.3751],[12.7026,65.813,0.0],[12.7151,65.8068,0.0],[12.7286,65.8057,12.9095],[12.7266,65.8005,36.958],[12.7188,65.7979,74.9411],[12.7068,65.8005,49.8702],[12.7,65.8042,0.0],[12.6922,65.8037,5.9472],[12.6901,65.7995,11.025],[12.6984,65.7943,0.0],[12.7042,65.7937,11.632],[12.7099,65.7911,20.8811],[12.7068,65.7818,0.0],[12.7104,65.7813,6.7824],[12.7146,65.7833,7.4572],[12.7203,65.7807,6.2586],[12.7203,65.7776,21.8274],[12.7063,65.7771,0.0],[12.688,65.7818,8.7827],[12.687,65.7849,0.0],[12.6839,65.7859,32.0698],[12.6849,65.7891,0.0],[12.6818,65.7901,0.0],[12.6833,65.7958,0.0],[12.6797,65.7984,4.3393],[12.6807,65.8016,0.0],[12.6734,65.8068,0.0],[12.6745,65.812,2.8354],[12.6688,65.8146,0.0],[12.6646,65.8125,45.6998],[12.6542,65.8125,55.9606],[12.6479,65.8146,0.0],[12.6458,65.8125,15.945],[12.6495,65.8089,159.0514],[12.6443,65.8078,216.2498],[12.6411,65.8026,321.2126],[12.6271,65.8021,191.3068],[12.6229,65.8042,125.1171],[12.6188,65.8021,141.4772],[12.6109,65.8016,2.5852],[12.6068,65.7953,27.1714],[12.6099,65.7922,37.2235],[12.6047,65.7901,0.0],[12.612,65.787,203.8369],[12.612,65.7839,368.5971],[12.6005,65.7807,99.5608],[12.5974,65.7776,138.8268],[12.5797,65.7724,0.0],[12.5828,65.7703,0.0],[12.5828,65.7672,0.0],[12.5651,65.762,13.1786],[12.5641,65.7589,29.7216],[12.55,65.7542,3.5581],[12.5417,65.7542,13.6285],[12.5396,65.7521,0.0],[12.5401,65.7505,0.0],[12.5651,65.738,0.0],[12.5724,65.737,20.3184],[12.5734,65.7338,0.0],[12.5807,65.7328,20.5063],[12.6057,65.7203,3.48],[12.6047,65.7172,0.0],[12.6078,65.7161,0.0],[12.6089,65.713,42.9269],[12.613,65.7109,12.8365],[12.6188,65.7104,0.0],[12.625,65.7125,0.0],[12.6307,65.7099,157.6469],[12.6255,65.7078,65.1749],[12.6234,65.7047,0.0],[12.6266,65.7037,1.1297],[12.6276,65.7005,14.9299],[12.6318,65.6984,0.0],[12.6438,65.6979,0.0],[12.6484,65.6943,0.0],[12.6563,65.6937,12.0564],[12.6703,65.6891,0.0],[12.6682,65.6818,0.0],[12.6661,65.6797,0.0],[12.6609,65.6787,0.0],[12.6609,65.6755,6.627],[12.6641,65.6745,27.6493],[12.662,65.6713,29.9434],[12.6396,65.6708,0.0],[12.6318,65.6682,27.1918],[12.6286,65.663,15.216],[12.6234,65.662,0.0],[12.6203,65.6589,0.0],[12.6109,65.6568,0.0],[12.6068,65.6599,0.0],[12.6182,65.6661,6.3068],[12.6109,65.6672,0.0],[12.6109,65.6703,0.0],[12.6286,65.6755,0.0],[12.6318,65.6787,0.0],[12.6432,65.6818,0.0],[12.6474,65.6849,0.0],[12.6401,65.6859,75.8362],[12.6411,65.6891,19.8081],[12.6354,65.6917,94.6537],[12.6292,65.6917,89.9635],[12.625,65.6896,29.9334],[12.6068,65.6901,206.4973],[12.6026,65.6922,0.0],[12.6057,65.6995,0.0],[12.5958,65.7042,12.7115],[12.588,65.7047,38.7153],[12.5891,65.7078,0.0],[12.5854,65.7104,19.3426],[12.587,65.7141,0.0],[12.5745,65.7203,72.9628],[12.5672,65.7214,119.7443],[12.5604,65.725,65.276],[12.5422,65.7255,229.3517],[12.5182,65.7391,0.0],[12.5104,65.7396,0.0],[12.5,65.7354,17.1399],[12.4922,65.7349,0.0],[12.4891,65.7318,0.0],[12.4839,65.7307,0.0],[12.4807,65.7234,0.0],[12.4693,65.7203,0.0],[12.4599,65.713,0.0],[12.4547,65.712,0.0],[12.451599999999999,65.7068,5.9662],[12.4422,65.7057,0.0],[12.4391,65.7026,0.0],[12.4339,65.7016,0.0],[12.4328,65.6984,2.6191],[12.4276,65.6974,0.0],[12.4307,65.6943,8.7729],[12.4193,65.6911,0.0],[12.4161,65.6859,0.0],[12.4109,65.6849,0.0],[12.4099,65.6818,2.473],[12.4047,65.6807,0.0],[12.4026,65.6787,0.0],[12.4026,65.6755,0.0],[12.4057,65.6745,0.0],[12.4036,65.6693,6.3447],[12.3922,65.6661,0.0],[12.389099999999999,65.6609,13.8573],[12.3839,65.6599,0.0],[12.3807,65.6526,17.0245],[12.3693,65.6495,0.0],[12.3661,65.6422,0.0],[12.3641,65.6401,3.5699],[12.3589,65.6391,0.0],[12.3557,65.6318,3.944],[12.3505,65.6307,0.0],[12.3484,65.6276,2.8336],[12.3563,65.6271,0.0],[12.3625,65.6292,0.0],[12.3682,65.6266,10.3601],[12.3609,65.6109,0.0],[12.3641,65.6099,6.7933],[12.363,65.6047,2.5425],[12.3703,65.5995,21.4946],[12.3693,65.5943,0.0],[12.3724,65.5932,43.6007],[12.3714,65.5901,3.0079],[12.3745,65.588,18.8051],[12.3693,65.5859,0.0],[12.3724,65.5849,0.0],[12.3734,65.5818,0.0],[12.3807,65.5807,2.7709],[12.3875,65.5771,0.0],[12.4016,65.5818,0.0],[12.4063,65.5854,0.0],[12.4141,65.5849,8.1734],[12.412,65.5818,45.6802],[12.4068,65.5807,20.871],[12.4036,65.5755,4.4666],[12.3984,65.5745,0.0],[12.3984,65.5714,69.3471],[12.412,65.5703,246.148],[12.4109,65.5672,371.2699],[12.4182,65.5641,519.2235],[12.4193,65.5609,658.2029],[12.4307,65.5599,809.648],[12.4292,65.5583,853.8439],[12.4188,65.5583,857.9476],[12.4078,65.5641,574.577],[12.3979,65.5667,391.5689],[12.3797,65.5661,0.0],[12.387,65.562,75.236],[12.3859,65.5568,0.0],[12.3896,65.5542,69.7034],[12.388,65.5484,0.0],[12.3953,65.5453,10.4959],[12.3943,65.5422,0.0],[12.4016,65.5391,46.51],[12.4005,65.5359,0.0],[12.4141,65.5349,0.0],[12.4182,65.5328,0.0],[12.4193,65.5297,0.0],[12.4266,65.5286,16.0185],[12.4333,65.525,0.0],[12.451599999999999,65.5255,0.0],[12.4568,65.5349,39.9484],[12.4641,65.5339,0.0],[12.4693,65.5411,0.0],[12.4745,65.5422,0.0],[12.4755,65.5453,0.0],[12.4849,65.5463,0.0],[12.488,65.5516,46.6622],[12.4932,65.5526,0.0],[12.4964,65.5557,25.6788],[12.5078,65.5589,29.2302],[12.513,65.5703,16.4794],[12.5203,65.5755,0.0],[12.5234,65.5807,53.47],[12.5391,65.5828,0.0],[12.5432,65.5797,113.6001],[12.5411,65.5776,114.5197],[12.5359,65.5766,22.948],[12.5359,65.5734,0.0],[12.5391,65.5724,118.6098],[12.537,65.5693,259.3083],[12.5318,65.5682,139.8367],[12.5292,65.5646,220.3257],[12.5193,65.5641,16.2352],[12.5229,65.5604,71.5443],[12.5182,65.5505,203.2032],[12.5104,65.5521,78.433],[12.4964,65.5474,0.0],[12.4932,65.5422,36.85],[12.4776,65.537,0.0],[12.4755,65.5349,3.4887],[12.4786,65.5328,43.1186],[12.4786,65.5297,140.6873],[12.475,65.5292,83.1963],[12.4708,65.5313,0.0],[12.4661,65.5276,16.9486],[12.4609,65.5266,0.0],[12.4583,65.5188,9.7851],[12.4609,65.5151,0.0],[12.4729,65.5146,51.2278],[12.4771,65.5104,0.0],[12.5021,65.5083,0.0],[12.5063,65.5104,30.4914],[12.5125,65.5104,0.0],[12.5266,65.5151,0.0],[12.5276,65.5182,40.9129],[12.5391,65.5214,0.0],[12.5422,65.5266,0.0],[12.5474,65.5276,0.0],[12.5484,65.5307,11.2059],[12.5536,65.5318,0.0],[12.5557,65.5339,0.0],[12.5557,65.537,0.0],[12.5526,65.538,69.6786],[12.5536,65.5411,0.0],[12.5505,65.5432,52.2233],[12.5557,65.5443,0.0],[12.5557,65.5474,0.0],[12.5526,65.5484,20.3766],[12.5536,65.5516,0.0],[12.5505,65.5526,60.3317],[12.5495,65.5557,0.0],[12.5464,65.5578,37.6546],[12.5505,65.5641,25.1617],[12.5557,65.5651,0.0],[12.5557,65.5682,0.0],[12.5526,65.5693,42.0242],[12.5547,65.5745,0.0],[12.5568,65.5766,8.7735],[12.562,65.5776,0.0],[12.562,65.5807,0.0],[12.5589,65.5828,48.0321],[12.5625,65.5854,0.0],[12.5833,65.5854,242.3374],[12.5849,65.5839,291.4807],[12.5828,65.5797,507.3754],[12.575,65.5792,212.3671],[12.5651,65.5745,0.0],[12.5693,65.5714,0.0],[12.576599999999999,65.5703,189.672],[12.5734,65.5682,22.3227],[12.5755,65.563,51.3368],[12.5828,65.562,169.1994],[12.5813,65.5604,264.556],[12.575,65.5604,239.6218],[12.5672,65.5578,7.1081],[12.5703,65.5557,102.6066],[12.5714,65.5526,0.0],[12.5745,65.5516,126.4659],[12.5734,65.5463,45.6796],[12.5786,65.5432,35.8036],[12.5797,65.5401,0.0],[12.5828,65.5391,120.8546],[12.5792,65.5313,6.6973],[12.5828,65.5286,3.5949],[12.5818,65.5255,0.0],[12.6042,65.5229,0.0],[12.6188,65.5271,86.8901],[12.6312,65.5271,39.9693],[12.6328,65.5255,176.5641],[12.6125,65.5229,34.7706],[12.5984,65.5182,7.7051],[12.6021,65.5146,98.6936],[12.6,65.5125,252.2863],[12.5922,65.513,196.1108],[12.5771,65.5208,6.7629],[12.5693,65.5182,0.0],[12.5672,65.5151,0.0],[12.5786,65.5109,204.1016],[12.5708,65.5104,129.2987],[12.5667,65.5083,136.2215],[12.5542,65.5083,54.3688],[12.5526,65.5068,11.6234],[12.5625,65.5021,0.0],[12.5703,65.5016,74.7448],[12.5693,65.4964,0.0],[12.576599999999999,65.4953,50.5229],[12.5797,65.488,0.0],[12.5828,65.487,23.2771],[12.5818,65.4838,0.0],[12.5849,65.4828,24.6197],[12.5859,65.4797,24.4479],[12.5958,65.475,39.3137],[12.6021,65.475,0.0],[12.6063,65.4771,47.1706],[12.6167,65.4771,0.0],[12.6208,65.4792,0.0],[12.6292,65.4792,0.0],[12.6438,65.4854,31.4766],[12.6641,65.4807,0.0],[12.6667,65.4771,151.1084],[12.6729,65.4771,279.0342],[12.6771,65.4792,195.2933],[12.6828,65.4766,382.3534],[12.675,65.4729,558.9406],[12.6604,65.4771,87.0656],[12.6526,65.4745,43.1419],[12.6505,65.4693,208.0624],[12.6599,65.4703,205.1459],[12.6599,65.4672,336.9696],[12.6583,65.4667,404.1547],[12.6167,65.4667,203.5503],[12.6104,65.4688,0.0],[12.6047,65.4661,11.0623],[12.6068,65.463,19.1856],[12.625,65.4542,0.0],[12.6458,65.4542,0.0],[12.6667,65.4604,59.3014],[12.6729,65.4583,0.0],[12.6771,65.4604,13.6842],[12.6833,65.4604,68.0802],[12.6875,65.4583,0.0],[12.6938,65.4583,0.0],[12.6979,65.4604,13.2694],[12.7104,65.4604,0.0],[12.7146,65.4625,0.0],[12.7313,65.4625,0.0],[12.7354,65.4646,64.7675],[12.75,65.4646,156.9161],[12.7542,65.4625,0.0],[12.7604,65.4625,0.0],[12.7646,65.4646,0.0],[12.775,65.4646,0.0],[12.7766,65.463,0.0],[12.7714,65.462,0.0],[12.7688,65.4583,94.1526],[12.7417,65.4563,138.0418],[12.7339,65.4537,200.0264],[12.7292,65.45,454.9048],[12.7229,65.45,590.3979],[12.7125,65.4458,658.2458],[12.7,65.4458,369.364],[12.6896,65.4417,553.8184],[12.6792,65.4437,446.2988],[12.675,65.4417,500.7531],[12.6688,65.4417,496.7431],[12.6672,65.4422,452.8627],[12.6688,65.4458,215.5959],[12.6667,65.4479,186.4139],[12.6604,65.4479,272.1443],[12.6563,65.4458,231.0112],[12.6521,65.4479,204.4239],[12.6484,65.4453,109.6178],[12.6458,65.4396,0.0],[12.6495,65.4359,0.0],[12.6464,65.4297,22.4719],[12.6583,65.4292,94.0489],[12.6625,65.4271,157.7142],[12.6813,65.4271,390.8622],[12.6833,65.425,539.0339],[12.6813,65.4229,613.2571],[12.6563,65.4229,474.566],[12.6521,65.425,405.1469],[12.6417,65.425,134.6421],[12.639099999999999,65.4287,11.635],[12.6318,65.4318,10.4309],[12.6328,65.4349,0.0],[12.6312,65.4354,14.6372],[12.613,65.4349,32.0567],[12.613,65.4318,0.0],[12.6203,65.4287,0.0],[12.6167,65.425,0.0],[12.6026,65.4318,135.5834],[12.6036,65.4349,49.3461],[12.6005,65.4359,73.3518],[12.5995,65.4391,0.0],[12.5896,65.4417,6.2304],[12.5792,65.4417,19.0426],[12.5776,65.4411,0.0],[12.5792,65.4375,0.0],[12.5776,65.4339,0.0],[12.5807,65.4328,19.3424],[12.5818,65.4297,0.0],[12.5849,65.4276,24.5602],[12.5807,65.4193,6.9018],[12.5755,65.4172,0.0],[12.587,65.412,22.2279],[12.5859,65.4089,0.0],[12.5891,65.4078,2.4655],[12.5875,65.4063,3.5667],[12.5813,65.4063,0.0],[12.576599999999999,65.4099,0.0],[12.5688,65.4104,17.6897],[12.563,65.413,0.0],[12.5641,65.4161,0.0],[12.5604,65.4187,2.7134],[12.5703,65.4391,0.0],[12.5495,65.4495,25.1347],[12.5354,65.45,52.072],[12.5313,65.4458,11.6727],[12.5167,65.4479,0.0],[12.5125,65.4458,19.9926],[12.5063,65.4458,0.0],[12.4922,65.4526,0.0],[12.4974,65.4557,9.9953],[12.4875,65.4604,0.0],[12.4771,65.4604,0.0],[12.4667,65.4563,8.4688],[12.4589,65.4557,7.5596],[12.462,65.4526,0.0],[12.4568,65.4516,9.6528],[12.4547,65.4495,3.7687],[12.4583,65.4458,0.0],[12.4568,65.4422,13.1551],[12.4625,65.4396,0.0],[12.4703,65.4391,0.0],[12.4693,65.4339,0.0],[12.4724,65.4328,34.523],[12.4714,65.4297,12.3656],[12.4786,65.4266,29.3249],[12.4776,65.4234,13.4154],[12.487,65.4224,33.9042],[12.4995,65.4161,0.0],[12.4974,65.413,0.0],[12.4922,65.412,13.9081],[12.4922,65.4089,12.8971],[12.5063,65.4042,0.0],[12.5182,65.4036,0.0],[12.5172,65.4005,0.0],[12.5208,65.3979,12.4592],[12.5167,65.3938,0.0],[12.5109,65.3964,15.0598],[12.5099,65.3995,18.5243],[12.4917,65.4042,0.0],[12.4839,65.4047,0.0],[12.4849,65.4099,23.9651],[12.4776,65.413,0.0],[12.4745,65.4161,43.9189],[12.4583,65.4187,44.8199],[12.4557,65.4224,0.0],[12.4484,65.4234,0.0],[12.4453,65.4307,0.0],[12.4422,65.4318,0.0],[12.4438,65.4354,0.0],[12.4401,65.438,9.3041],[12.4411,65.4432,0.0],[12.438,65.4443,36.1371],[12.4391,65.4474,0.0],[12.4354,65.45,7.0556],[12.438,65.4557,47.8107],[12.4458,65.4563,0.0],[12.4495,65.4589,0.0],[12.4536,65.4672,0.0],[12.4505,65.4703,33.1649],[12.4557,65.4714,0.0],[12.4563,65.4729,0.0],[12.4526,65.4755,0.0],[12.4536,65.4786,0.0],[12.4339,65.488,7.9085],[12.4349,65.4912,0.0],[12.4255,65.4922,7.3645],[12.4266,65.4953,0.0],[12.3901,65.513,28.1572],[12.3911,65.5162,0.0],[12.3828,65.5203,0.0],[12.3667,65.5229,0.0],[12.3474,65.5328,0.0],[12.3333,65.5354,8.2179],[12.3276,65.538,0.0],[12.3292,65.5437,0.0],[12.3255,65.5463,0.0],[12.326599999999999,65.5516,0.0],[12.3193,65.5557,0.0],[12.325,65.5667,0.0],[12.3214,65.5703,23.56],[12.326599999999999,65.5714,0.0],[12.3286,65.5745,0.0],[12.3255,65.5755,0.0],[12.3245,65.5787,0.0],[12.3125,65.5792,12.5688],[12.3016,65.5849,0.0],[12.2917,65.5875,21.0254],[12.2651,65.5787,0.0],[12.264099999999999,65.5755,0.0],[12.2589,65.5745,0.0],[12.2557,65.5693,3.1728],[12.2505,65.5682,0.0],[12.2474,65.563,0.0],[12.2422,65.562,5.0545],[12.2411,65.5589,7.8535],[12.2359,65.5578,4.9377],[12.2339,65.5557,8.384],[12.2297,65.5463,0.0],[12.2391,65.5453,6.6449],[12.2432,65.5432,4.0521],[12.2422,65.5401,0.0],[12.2495,65.5391,0.0],[12.2542,65.5354,0.0],[12.2516,65.5318,8.7314],[12.2464,65.5286,0.0],[12.2432,65.5234,0.0],[12.238,65.5224,0.6047],[12.238,65.5193,0.0],[12.2453,65.5151,0.0],[12.2411,65.5068,7.9233],[12.2339,65.5016,0.0],[12.237,65.4995,0.0],[12.237,65.4964,4.1783],[12.2234,65.4912,2.3096],[12.2203,65.4859,4.3702],[12.2151,65.4849,0.0],[12.2151,65.4818,0.0],[12.2182,65.4807,8.0077],[12.2161,65.4776,8.8082],[12.2099,65.4734,7.2678],[12.2047,65.4724,0.0],[12.2036,65.4693,6.8212],[12.1984,65.4682,0.0],[12.1964,65.4661,0.0],[12.1932,65.4568,0.0],[12.1797,65.4516,0.0],[12.1797,65.4484,0.0],[12.1828,65.4464,1.8611],[12.1797,65.4401,0.0],[12.1849,65.4401,0.0],[12.1875,65.4437,0.0],[12.1974,65.4443,0.0],[12.2,65.4479,1.5779],[12.2078,65.4484,0.0],[12.213,65.4557,0.0],[12.2224,65.4568,0.0],[12.2255,65.462,0.0],[12.2307,65.463,0.0],[12.2318,65.4661,4.2172],[12.2354,65.4667,0.0],[12.2396,65.4646,0.0],[12.2536,65.4693,0.0],[12.2563,65.4729,4.6773],[12.264099999999999,65.4724,0.0],[12.263,65.4672,0.0],[12.2646,65.4667,1.938],[12.2708,65.4688,13.9085],[12.275,65.4667,0.0],[12.2797,65.4703,0.0],[12.2875,65.4729,0.0],[12.2953,65.4724,0.0],[12.2932,65.4672,11.6783],[12.2755,65.462,0.0],[12.2813,65.4563,3.0948],[12.2839,65.4599,0.0],[12.2901,65.462,2.6571],[12.3016,65.463,0.0],[12.3047,65.4703,0.0],[12.3161,65.4734,0.0],[12.3172,65.4766,2.8048],[12.325,65.4771,0.0],[12.326599999999999,65.4766,0.0],[12.3297,65.4693,4.4523],[12.3339,65.4672,0.0],[12.3396,65.4688,2.1465],[12.3474,65.4682,1.1015],[12.3453,65.4609,4.7221],[12.3417,65.4583,17.1087],[12.3313,65.4583,0.0],[12.3146,65.4521,0.0],[12.3068,65.4516,0.0],[12.3036,65.4464,7.0825],[12.2958,65.4437,14.7266],[12.2792,65.4437,0.0],[12.2714,65.4411,3.2905],[12.2667,65.4375,9.0218],[12.2563,65.4375,0.0],[12.2484,65.4349,0.0],[12.2464,65.4328,0.0],[12.2464,65.4297,28.9307],[12.2521,65.4292,153.3488],[12.2536,65.4276,315.6196],[12.2458,65.4271,152.0345],[12.2417,65.4292,34.1942],[12.2375,65.4292,0.0],[12.1984,65.4161,0.0],[12.1953,65.4109,9.7715],[12.1891,65.4068,28.7586],[12.1839,65.4057,0.0],[12.1828,65.4026,0.0],[12.1776,65.4016,0.0],[12.1745,65.3964,2.2181],[12.1651,65.3953,0.0],[12.1609,65.388,0.0],[12.1641,65.387,1.2959],[12.1651,65.3839,0.0],[12.1708,65.3812,0.0],[12.1766,65.3807,0.0],[12.1771,65.3792,0.8102],[12.1745,65.3755,0.0],[12.1693,65.3734,0.0],[12.1875,65.3729,0.0],[12.1917,65.375,0.0],[12.1938,65.3729,5.2969],[12.1911,65.3672,9.3674],[12.1875,65.3667,21.2413],[12.1833,65.3688,0.0],[12.1807,65.3651,25.893],[12.1729,65.3646,0.0],[12.1703,65.3682,0.0],[12.1604,65.3729,0.0],[12.1563,65.3729,0.0],[12.1458,65.3688,0.0],[12.1396,65.3688,0.0],[12.138,65.3703,0.0],[12.1432,65.3724,0.0],[12.1401,65.3734,0.0],[12.139099999999999,65.3766,0.0],[12.1297,65.3766,0.0],[12.1286,65.3714,5.756],[12.1234,65.3703,1.4347],[12.1214,65.3682,6.0447],[12.1214,65.3651,0.0],[12.1292,65.3646,0.0],[12.1333,65.3667,0.0],[12.139099999999999,65.3641,0.0],[12.1375,65.3583,0.0],[12.139099999999999,65.3547,0.0],[12.1328,65.3505,0.0],[12.1276,65.3495,2.5187],[12.1266,65.3464,7.5407],[12.1214,65.3453,0.0],[12.1193,65.3432,0.0],[12.1193,65.338,0.0],[12.1245,65.3349,3.8745],[12.1193,65.3307,3.5107],[12.1224,65.3287,0.0],[12.1224,65.3255,0.0],[12.1125,65.325,0.0],[12.1099,65.3214,0.0],[12.1021,65.3187,18.2162],[12.0943,65.3182,0.0],[12.0911,65.3151,0.0],[12.0859,65.3141,0.0],[12.0891,65.3109,0.0],[12.0859,65.3099,6.6913],[12.0839,65.3068,0.0],[12.0896,65.3042,0.0],[12.1063,65.3042,0.0],[12.1104,65.3063,0.0],[12.1208,65.3063,0.0],[12.125,65.3042,0.0],[12.1354,65.3083,0.0],[12.1411,65.3026,0.0],[12.1359,65.3016,0.0],[12.1307,65.2922,0.0],[12.1214,65.2911,0.0],[12.1151,65.2891,0.0],[12.1141,65.2859,0.0],[12.1089,65.2849,2.4214],[12.1104,65.2833,0.0],[12.1208,65.2833,0.0],[12.125,65.2854,0.0],[12.1307,65.2818,0.0],[12.1255,65.2807,0.0],[12.1193,65.2766,0.0],[12.1193,65.2734,7.4782],[12.1224,65.2724,2.6692],[12.1203,65.2693,0.6728],[12.1083,65.2688,0.0],[12.1047,65.2662,0.0],[12.1047,65.263,3.1191],[12.1078,65.262,8.835],[12.1068,65.2589,1.8371],[12.1141,65.2547,0.0],[12.1063,65.2542,0.0],[12.0984,65.2516,0.0],[12.0953,65.2464,0.0],[12.0901,65.2432,0.0],[12.0932,65.2412,0.0],[12.0922,65.238,0.0],[12.0953,65.2359,0.0],[12.0813,65.2312,6.644],[12.075,65.2312,0.0],[12.0672,65.2286,0.0],[12.0703,65.2255,21.1389],[12.0583,65.2208,7.2709],[12.05,65.2208,0.0],[12.0396,65.2167,0.0],[12.0339,65.2193,5.9884],[12.0349,65.2224,0.0],[12.0276,65.2255,0.0],[12.0266,65.2286,3.1762],[12.0193,65.2318,5.0997],[12.0203,65.237,0.0],[12.0146,65.2396,16.6597],[11.9938,65.2396,0.0],[11.9911,65.2359,92.1846],[11.9693,65.2286,17.0473],[11.9667,65.225,0.0],[11.9703,65.2214,26.6731],[11.9667,65.2146,16.0104],[11.9688,65.2125,15.0151],[11.9917,65.2104,0.0],[11.9958,65.2083,9.9634],[12.0104,65.2083,0.0],[12.0125,65.2063,0.0],[12.0109,65.2026,0.0],[12.0146,65.2021,0.0],[12.0188,65.2042,46.9],[12.0292,65.2042,0.0],[12.037,65.2068,6.1676],[12.0417,65.2104,0.0],[12.0521,65.2104,52.8543],[12.0563,65.2083,0.0],[12.0771,65.2083,0.0],[12.0875,65.2125,0.0],[12.0938,65.2125,0.0],[12.1016,65.2151,0.0],[12.112,65.2193,0.0],[12.1167,65.2229,0.0],[12.1229,65.2229,0.0],[12.1307,65.2255,4.0999],[12.1318,65.2286,25.3084],[12.1396,65.2312,9.3947],[12.1458,65.2312,31.2187],[12.15,65.2292,0.0],[12.1542,65.2312,30.8313],[12.1625,65.2312,0.0],[12.1771,65.2375,16.4252],[12.1833,65.2354,0.0],[12.1911,65.238,4.7151],[12.1922,65.2412,19.6349],[12.2036,65.2422,0.0],[12.2109,65.2474,31.5209],[12.2161,65.2484,0.0],[12.2172,65.2516,41.9763],[12.2224,65.2526,0.0],[12.2234,65.2557,55.4257],[12.2286,65.2568,0.0],[12.2318,65.2599,0.0],[12.2432,65.263,0.0],[12.2443,65.2682,25.0208],[12.2464,65.2703,11.1409],[12.2542,65.2708,0.0],[12.2682,65.2755,0.0],[12.2703,65.2807,0.0],[12.2667,65.2833,0.0],[12.2703,65.2911,18.9858],[12.2542,65.2958,104.2676],[12.238,65.2963,74.5185],[12.2417,65.3042,0.0],[12.238,65.3068,33.1776],[12.2391,65.3099,0.0],[12.2297,65.3109,3.8173],[12.2307,65.3141,0.0],[12.2271,65.3167,5.0946],[12.2276,65.3182,3.0881],[12.2328,65.3193,0.0],[12.2349,65.3214,0.0],[12.2349,65.3245,0.0],[12.2318,65.3266,3.4668],[12.2453,65.3266,0.0],[12.2443,65.3172,2.798],[12.2604,65.3167,20.9933],[12.2646,65.3146,0.0],[12.2708,65.3146,7.7885],[12.2734,65.3182,9.4948],[12.2813,65.3187,0.0],[12.2854,65.3208,1.9461],[12.3125,65.3208,0.0],[12.3167,65.3229,0.0],[12.3396,65.3229,0.0],[12.35,65.3292,29.6326],[12.3641,65.3297,0.0],[12.3609,65.3318,0.0],[12.3609,65.3349,78.3919],[12.3688,65.3354,0.0],[12.3766,65.338,0.0],[12.3797,65.3411,0.0],[12.3849,65.3422,0.0],[12.3859,65.3453,26.6459],[12.3974,65.3484,0.0],[12.3984,65.3516,11.8173],[12.4063,65.3542,86.131],[12.4141,65.3547,0.0],[12.4193,65.362,7.9394],[12.4313,65.3625,15.2196],[12.4354,65.3604,0.0],[12.4428,65.3629,6.9821]]],
[[[12.112,65.3568,0.0],[12.112,65.3599,1.7812],[12.1104,65.3604,2.5507],[12.1063,65.3562,9.0434],[12.1083,65.3542,0.0],[12.112,65.3568,0.0]]],
[[[12.1938,65.475,0.0],[12.1771,65.4729,1.6104],[12.1714,65.4755,0.0],[12.1724,65.4786,0.0],[12.1708,65.4792,0.0],[12.1484,65.4786,0.0],[12.1453,65.4734,0.0],[12.1214,65.4661,0.0],[12.1203,65.463,8.0294],[12.1151,65.462,0.0],[12.1182,65.4589,18.7995],[12.113,65.4578,0.0],[12.1161,65.4547,5.2369],[12.1083,65.4542,0.0],[12.1047,65.4516,0.0],[12.1047,65.4484,14.7972],[12.1063,65.4479,0.0],[12.1125,65.4479,0.0],[12.1167,65.45,0.0],[12.1188,65.4479,0.0],[12.1161,65.4422,0.0],[12.1109,65.4411,0.0],[12.1078,65.4359,3.7567],[12.1026,65.4328,0.0],[12.1036,65.4297,7.9315],[12.0979,65.4271,2.6942],[12.0901,65.4276,0.0],[12.0953,65.4297,0.0],[12.0984,65.437,7.3802],[12.1036,65.438,0.0],[12.1063,65.4437,14.7295],[12.1042,65.4458,0.0],[12.1,65.4437,8.262],[12.0922,65.4432,0.0],[12.0891,65.4401,8.7458],[12.0839,65.4391,0.0],[12.0828,65.4359,16.0685],[12.0776,65.4349,0.0],[12.0703,65.4297,0.0],[12.0339,65.4172,4.3954],[12.0432,65.4161,7.6451],[12.0422,65.413,0.0],[12.0458,65.4104,6.0494],[12.0443,65.4068,0.0],[12.0474,65.4057,1.7987],[12.0422,65.4036,0.0],[12.0422,65.4005,0.0],[12.0437,65.4,0.0],[12.0542,65.4,0.0],[12.0745,65.4068,0.0],[12.0755,65.4099,5.2121],[12.0833,65.4125,0.0],[12.0869,65.412,0.0],[12.0849,65.4068,0.7063],[12.0714,65.4016,0.0],[12.0688,65.3958,0.0],[12.0724,65.3932,1.4107],[12.0714,65.3901,0.0],[12.0807,65.3891,0.0],[12.0755,65.3859,4.7658],[12.0833,65.3854,-0.2898],[12.0938,65.3896,4.7838],[12.1016,65.3901,0.0],[12.1089,65.4036,0.0],[12.1182,65.4068,17.9665],[12.1214,65.4099,0.0],[12.1266,65.4109,0.0],[12.1266,65.4141,0.0],[12.1234,65.4161,0.0],[12.1286,65.4182,0.0],[12.1255,65.4203,0.0],[12.1292,65.4208,0.0],[12.1359,65.4172,9.9593],[12.139099999999999,65.4172,0.0],[12.1422,65.4224,3.6097],[12.1474,65.4234,0.0],[12.1505,65.4307,0.0],[12.1557,65.4318,0.0],[12.1578,65.4359,0.0],[12.1536,65.4391,0.0],[12.1505,65.4391,5.3392],[12.1474,65.4339,3.0738],[12.1422,65.4328,1.8201],[12.1401,65.4307,0.0],[12.139099999999999,65.4276,0.0],[12.125,65.4229,0.0],[12.1229,65.425,0.0],[12.1245,65.4287,0.0],[12.1208,65.4313,4.7192],[12.1214,65.4328,5.11],[12.1266,65.4339,0.0],[12.1297,65.4411,0.0],[12.1349,65.4422,0.0],[12.138,65.4453,0.0],[12.1474,65.4484,0.0],[12.1505,65.4537,0.0],[12.1646,65.4542,0.0],[12.1724,65.4568,0.0],[12.1734,65.4599,0.0],[12.1833,65.4604,0.0],[12.1911,65.463,3.1576],[12.1943,65.4703,0.0],[12.1995,65.4714,0.0],[12.2,65.4729,0.0],[12.1995,65.4745,6.3725],[12.1938,65.475,0.0]]],
[[[12.1625,65.4375,3.7972],[12.1646,65.4396,3.5061],[12.1625,65.4417,2.2399],[12.1589,65.438,3.8321],[12.1625,65.4375,3.7972]]],
[[[12.1438,65.4979,0.0],[12.1333,65.4979,0.0],[12.1271,65.4958,0.0],[12.1234,65.4984,0.0],[12.1229,65.5021,7.1828],[12.1234,65.5036,1.5204],[12.1286,65.5047,0.0],[12.1318,65.5078,0.0],[12.137,65.5089,0.0],[12.1401,65.5162,2.7637],[12.1453,65.5172,0.0],[12.1484,65.5224,15.1381],[12.1536,65.5234,0.0],[12.1547,65.5266,0.0],[12.1599,65.5286,0.0],[12.1521,65.5292,0.0],[12.1443,65.5266,0.0],[12.1432,65.5234,4.7667],[12.138,65.5224,0.0],[12.137,65.5193,2.8367],[12.1318,65.5182,3.5441],[12.1286,65.513,6.0489],[12.1234,65.512,0.0],[12.1203,65.5068,8.5393],[12.1151,65.5057,2.1607],[12.112,65.5005,3.4627],[12.0979,65.4958,8.6689],[12.0901,65.4953,0.0],[12.0901,65.4922,0.0],[12.0932,65.4912,0.0],[12.0922,65.488,0.0],[12.1016,65.487,0.0],[12.0964,65.4849,17.5075],[12.0932,65.4797,7.4773],[12.088,65.4786,0.0],[12.0849,65.4755,0.0],[12.0729,65.4708,0.0],[12.0667,65.4729,0.0],[12.0589,65.4693,0.0],[12.0708,65.4688,0.0],[12.076599999999999,65.4661,0.0],[12.0734,65.4599,0.0],[12.075,65.4583,3.0651],[12.0854,65.4583,0.0],[12.0917,65.4604,0.0],[12.0932,65.4599,0.0],[12.0922,65.4568,0.0],[12.0974,65.4568,6.0123],[12.0984,65.4599,0.0],[12.112,65.4651,0.0],[12.113,65.4703,15.4267],[12.1286,65.4714,0.0],[12.1318,65.4766,5.4252],[12.1396,65.4792,0.0],[12.1474,65.4797,0.0],[12.1505,65.4828,0.0],[12.1557,65.4838,0.0],[12.1568,65.487,4.9224],[12.162,65.488,0.0],[12.162,65.4912,0.0],[12.1547,65.4943,25.4678],[12.1557,65.4995,12.3328],[12.1438,65.4979,0.0]]],
[[[12.1563,65.5125,0.0],[12.1464,65.5099,0.0],[12.1464,65.5068,1.561],[12.1557,65.5089,9.8213],[12.1578,65.5109,10.963],[12.1563,65.5125,0.0]]],
[[[12.0958,65.5458,0.0],[12.0922,65.5432,0.0],[12.0922,65.5401,0.0],[12.0995,65.538,0.0],[12.1016,65.5401,0.0],[12.1016,65.5432,0.0],[12.0958,65.5458,0.0]]],
[[[12.2047,65.4391,0.0],[12.2057,65.4339,6.7637],[12.2026,65.4318,1.8704],[12.2146,65.4313,0.0],[12.2172,65.4349,3.0019],[12.2349,65.4401,0.0],[12.2359,65.4432,5.3328],[12.2411,65.4453,0.0],[12.2333,65.4458,0.0],[12.225,65.4417,0.0],[12.2167,65.4417,0.0],[12.2125,65.4396,8.9452],[12.2047,65.4391,0.0]]],
[[[12.2979,65.625,0.0],[12.2964,65.6245,0.0],[12.2922,65.6151,3.7207],[12.3078,65.6151,0.0],[12.3047,65.6172,0.0],[12.3036,65.6203,2.6865],[12.3005,65.6214,0.9417],[12.3016,65.6245,2.2835],[12.2979,65.625,0.0]]],
[[[12.3318,65.7297,0.0],[12.3354,65.7292,0.0],[12.337,65.7307,6.7639],[12.3333,65.7312,3.8727],[12.3318,65.7297,0.0]]],
[[[12.2464,65.7526,0.0],[12.25,65.7521,11.9818],[12.2516,65.7536,7.5401],[12.2479,65.7542,4.0596],[12.2464,65.7526,0.0]]],
[[[12.1104,65.5417,0.0],[12.1125,65.5437,1.4586],[12.1104,65.5458,0.445],[12.1068,65.5422,0.0],[12.1104,65.5417,0.0]]],
[[[12.1813,65.6375,10.1234],[12.1828,65.6412,3.3579],[12.1771,65.6438,0.0],[12.1714,65.6443,0.0],[12.1703,65.6474,0.0],[12.1625,65.6479,0.0],[12.1599,65.6443,0.9191],[12.1547,65.6432,6.6397],[12.1526,65.6412,0.0],[12.1557,65.6391,0.0],[12.1557,65.6359,0.0],[12.138,65.6307,1.6314],[12.1349,65.6234,1.5004],[12.1328,65.6214,2.0943],[12.1276,65.6203,0.0],[12.1255,65.6162,0.0],[12.1286,65.6141,0.0],[12.1286,65.6109,0.0],[12.1214,65.6057,0.0],[12.1229,65.6042,0.0],[12.1286,65.6036,0.0],[12.1276,65.5943,0.0],[12.1396,65.5979,5.0536],[12.1458,65.5979,0.0],[12.1505,65.6016,0.0],[12.1557,65.6026,0.0],[12.1589,65.6099,16.2987],[12.1641,65.6109,0.0],[12.1672,65.6162,8.6145],[12.1724,65.6172,0.0],[12.1776,65.6286,0.0],[12.1828,65.6318,0.0],[12.1797,65.6339,9.7888],[12.1813,65.6375,10.1234]]],
[[[12.175,65.6625,2.4173],[12.1734,65.662,7.281],[12.1734,65.6609,3.2538],[12.1766,65.6609,6.8967],[12.175,65.6625,2.4173]]],
[[[12.1682,65.6651,1.9201],[12.1703,65.6682,0.0],[12.1651,65.6682,0.0],[12.1651,65.6651,3.0112],[12.1682,65.6651,1.9201]]],
[[[11.951599999999999,65.3703,0.0],[11.9484,65.3703,3.0036],[11.9464,65.3672,0.0],[11.9521,65.3646,1.9004],[11.9557,65.3651,0.0],[11.9526,65.3672,1.1803],[11.951599999999999,65.3703,0.0]]],
[[[11.6672,65.4922,0.0],[11.6708,65.4917,4.3709],[11.6724,65.4932,3.301],[11.6687,65.4938,1.3266],[11.6672,65.4922,0.0]]],
[[[11.6958,65.5625,3.4354],[11.6943,65.5609,0.0],[11.6974,65.5609,6.7855],[11.6974,65.562,18.0444],[11.6958,65.5625,3.4354]]],
[[[11.9188,65.5667,1.5465],[11.9172,65.5651,6.5059],[11.9203,65.5651,2.9787],[11.9203,65.5661,2.2191],[11.9188,65.5667,1.5465]]],
[[[12.0083,65.4479,3.7573],[12.0104,65.4458,3.5026],[12.0161,65.4464,5.1359],[12.0083,65.4521,0.0],[11.9958,65.4521,0.0],[11.9938,65.45,7.1184],[11.9958,65.4479,0.0],[12.0,65.45,0.0],[12.0063,65.45,0.0],[12.0083,65.4479,3.7573]]],
[[[12.0599,65.462,0.0],[12.0521,65.4625,0.0],[12.0458,65.4604,0.0],[12.0443,65.4609,0.0],[12.0453,65.4641,4.3618],[12.0437,65.4646,2.3307],[12.0375,65.4646,0.0],[12.0333,65.4625,2.6862],[12.0208,65.4625,0.0],[12.0089,65.4578,3.6451],[12.0068,65.4547,0.0],[12.0125,65.4563,0.0],[12.025,65.4563,11.1304],[12.0292,65.4583,0.8817],[12.037,65.4578,3.3661],[12.0193,65.4516,0.0],[12.0208,65.45,0.0],[12.0333,65.45,0.0],[12.0375,65.4521,3.7551],[12.0479,65.4521,0.0],[12.0557,65.4547,0.0],[12.0526,65.4578,39.1479],[12.0578,65.4589,0.0],[12.0599,65.462,0.0]]],
[[[12.0729,65.4896,2.1551],[12.0708,65.4875,7.4266],[12.0625,65.4875,0.0],[12.0609,65.4859,0.0],[12.0833,65.4854,12.2041],[12.0875,65.4896,0.0],[12.0828,65.4932,4.0166],[12.075,65.4938,0.0],[12.0734,65.4932,0.0],[12.0729,65.4896,2.1551]]],
[[[12.0813,65.5292,4.1342],[12.0849,65.5307,3.8808],[12.0776,65.5307,0.0],[12.0776,65.5297,0.0],[12.0813,65.5292,4.1342]]],
[[[11.6792,65.5708,0.0],[11.6776,65.5703,0.0],[11.6776,65.5693,6.4538],[11.6807,65.5693,8.4047],[11.6792,65.5708,0.0]]],
[[[11.6958,65.5667,0.0],[11.7099,65.5651,0.0],[11.7068,65.5682,6.0345],[11.712,65.5693,0.0],[11.7125,65.5708,0.0],[11.7089,65.5745,8.425],[11.7141,65.5766,0.0],[11.7042,65.5813,0.3106],[11.6922,65.5807,2.7517],[11.6896,65.5771,0.0],[11.6932,65.5745,0.0],[11.6922,65.5714,4.0693],[11.6953,65.5693,0.0],[11.6875,65.5687,6.6192],[11.6797,65.5661,1.0599],[11.6792,65.5646,1.3743],[11.6813,65.5625,7.8095],[11.6875,65.5625,3.2842],[11.6901,65.5661,1.1167],[11.6958,65.5667,0.0]]],
[[[11.6854,65.575,3.3041],[11.6839,65.5734,6.705],[11.687,65.5734,0.0],[11.687,65.5745,0.0],[11.6854,65.575,3.3041]]],
[[[11.95,65.5854,0.0],[11.9479,65.5875,1.8458],[11.9401,65.5839,0.0],[11.9479,65.5833,0.0],[11.95,65.5854,0.0]]],
[[[11.8547,65.5964,0.0],[11.8583,65.5958,0.0],[11.8599,65.5974,1.6959],[11.8562,65.5979,18.9357],[11.8547,65.5964,0.0]]],
[[[11.3839,65.6151,0.0],[11.3875,65.6146,0.3334],[11.389099999999999,65.6162,0.2208],[11.3854,65.6167,2.5839],[11.3839,65.6151,0.0]]],
[[[11.6266,65.6172,0.2501],[11.625,65.6188,0.0],[11.6188,65.6188,0.0],[11.6167,65.6167,3.1229],[11.6188,65.6146,1.1857],[11.6266,65.6172,0.2501]]],
[[[11.3839,65.6245,0.0],[11.387,65.6214,1.3203],[11.3818,65.6193,0.0],[11.3896,65.6188,0.2386],[11.3974,65.6266,0.0],[11.3917,65.6271,1.1713],[11.3839,65.6245,0.0]]],
[[[11.5755,65.637,2.871],[11.5854,65.6333,0.0],[11.5891,65.6339,3.5019],[11.5896,65.6354,2.1426],[11.5875,65.6375,0.0],[11.5755,65.637,2.871]]],
[[[11.625,65.6521,0.3664],[11.6234,65.6516,0.2559],[11.6234,65.6505,0.3578],[11.6266,65.6505,0.2208],[11.625,65.6521,0.3664]]],
[[[11.9563,65.7167,5.6629],[11.9599,65.7172,0.0],[11.962,65.7203,0.0],[11.9542,65.7208,1.9497],[11.95,65.7229,0.0],[11.9422,65.7224,5.5496],[11.9422,65.7193,0.0],[11.9453,65.7172,0.0],[11.9401,65.7161,0.0],[11.938,65.7109,0.0],[11.9474,65.7099,0.0],[11.9458,65.7083,7.5984],[11.9292,65.7083,0.0],[11.925,65.7104,1.7188],[11.9172,65.7109,0.683],[11.9104,65.7146,0.0],[11.9063,65.7104,4.7619],[11.8792,65.7104,0.0],[11.8729,65.7063,0.4255],[11.8604,65.7063,0.0],[11.8562,65.7042,4.0962],[11.85,65.7063,0.0],[11.8458,65.7042,0.0],[11.8417,65.7083,1.9128],[11.8339,65.7057,0.0],[11.8411,65.7016,0.0],[11.8411,65.6984,0.0],[11.8234,65.6932,0.0],[11.8208,65.6896,7.1842],[11.813,65.6901,0.0],[11.8089,65.6922,0.6636],[11.8063,65.6958,0.0],[11.7958,65.6917,11.967],[11.788,65.6911,6.951],[11.7859,65.688,11.9442],[11.7979,65.6875,5.5625],[11.8078,65.6849,0.0],[11.8083,65.6833,0.0],[11.8036,65.6713,5.1652],[11.8016,65.6693,19.0264],[11.7964,65.6682,0.0],[11.787,65.6464,48.6106],[11.7818,65.6453,22.6704],[11.7797,65.6422,6.5149],[11.7828,65.6412,0.2598],[11.7854,65.6375,81.6719],[11.7974,65.6391,73.5696],[11.8016,65.637,329.8083],[11.8016,65.6339,458.1727],[11.7979,65.6312,613.078],[11.7813,65.6292,239.9884],[11.7797,65.6297,190.5856],[11.7807,65.6349,46.259],[11.7776,65.6349,19.9348],[11.7745,65.6318,28.0176],[11.7693,65.6307,4.1401],[11.7661,65.6234,30.585],[11.7547,65.6203,2.1647],[11.7536,65.6172,43.2109],[11.7484,65.6162,40.4594],[11.7464,65.613,0.0],[11.7542,65.6125,20.6984],[11.7625,65.6083,0.0],[11.7667,65.6104,27.9051],[11.7729,65.6083,0.0],[11.7875,65.6083,0.0],[11.7917,65.6104,17.2128],[11.8,65.6104,0.0],[11.8042,65.6125,0.0],[11.8333,65.6125,1.2285],[11.8359,65.6088,0.0],[11.8391,65.6078,14.7055],[11.8339,65.6057,0.0],[11.8339,65.6026,0.0],[11.8354,65.6021,0.0],[11.8458,65.6042,21.9189],[11.85,65.6021,6.8684],[11.8625,65.6062,2.0449],[11.8641,65.6047,0.0],[11.8609,65.5984,15.2266],[11.8646,65.5979,0.0],[11.8688,65.6,2.1016],[11.8714,65.5964,8.4975],[11.8771,65.5958,5.7251],[11.8938,65.6021,4.2425],[11.9,65.6021,0.0],[11.9016,65.6016,10.4691],[11.9016,65.5984,33.0021],[11.8964,65.5974,0.0],[11.8995,65.5943,42.9028],[11.8943,65.5932,0.0],[11.8922,65.5901,19.2757],[11.9104,65.5896,3.01],[11.9245,65.5943,0.0],[11.9255,65.5974,20.1458],[11.937,65.6005,0.0],[11.938,65.6036,0.0],[11.9495,65.6047,0.0],[11.9547,65.6141,1.0282],[11.9641,65.6172,0.0],[11.9672,65.6203,8.1179],[11.9786,65.6234,0.0],[11.9818,65.6286,15.6375],[11.9911,65.6297,0.0],[11.9932,65.6349,0.0],[11.9901,65.637,0.0],[11.9995,65.638,0.0],[12.0016,65.6412,0.0],[11.9984,65.6422,0.0],[11.9984,65.6453,0.0],[12.0036,65.6464,0.0],[12.0047,65.6495,0.0],[12.0083,65.65,0.0],[12.0125,65.6479,2.4895],[12.0203,65.6484,0.0],[12.0224,65.6536,0.0],[12.0146,65.6542,1.2326],[12.013,65.6557,1.2829],[12.0313,65.6604,0.0],[12.0411,65.6609,4.0231],[12.0339,65.6682,1.366],[12.0417,65.6687,4.7532],[12.0474,65.6661,1.7906],[12.0464,65.6609,0.0],[12.0536,65.6557,17.173],[12.0526,65.6526,0.0],[12.0583,65.65,0.0],[12.0688,65.65,0.0],[12.076599999999999,65.6526,0.0],[12.0786,65.6557,0.0],[12.0693,65.6568,6.9018],[12.0609,65.6609,0.0],[12.0589,65.6641,0.0],[12.0667,65.6646,7.5391],[12.0708,65.6667,0.0],[12.0771,65.6667,4.0148],[12.0813,65.6646,0.0],[12.1021,65.6708,21.1708],[12.1146,65.6708,0.0],[12.1193,65.6745,0.0],[12.1286,65.6755,0.0],[12.1318,65.6807,0.0],[12.137,65.6818,0.0],[12.1339,65.6839,0.0],[12.1328,65.687,0.0],[12.1255,65.6901,0.0],[12.1266,65.6932,0.2956],[12.125,65.6937,2.3259],[12.0938,65.6937,0.0],[12.0875,65.6917,7.2653],[12.0833,65.6937,0.0],[12.0771,65.6917,3.2814],[12.0688,65.6958,4.4495],[12.063,65.6953,0.0],[12.0599,65.6901,2.9889],[12.05,65.6896,0.0],[12.0422,65.687,0.0],[12.0396,65.6833,4.761],[12.0354,65.6854,1.4168],[12.0276,65.6859,0.0],[12.0193,65.6901,0.0],[12.0224,65.6964,0.0],[12.0193,65.6984,0.0],[12.0208,65.7,0.0],[12.0271,65.7,4.0829],[12.0396,65.6958,0.0],[12.0474,65.6964,0.0],[12.0474,65.6995,2.3644],[12.0359,65.7037,0.0],[12.0474,65.7078,0.0],[12.0396,65.7083,7.9476],[12.0354,65.7104,3.6432],[12.0234,65.7089,0.0],[12.0234,65.712,0.0],[12.0286,65.713,0.3608],[12.0307,65.7161,0.0],[12.0188,65.7167,0.0],[12.0125,65.7146,0.0],[12.0083,65.7167,3.4512],[12.0021,65.7167,0.0],[12.0005,65.7151,0.0],[12.0036,65.713,0.0],[11.9943,65.712,2.1065],[12.0016,65.7089,0.0],[11.9833,65.7083,3.9253],[11.9792,65.7063,-1.5],[11.9729,65.7063,2.2882],[11.9714,65.7068,2.2882],[11.9724,65.7099,4.5238],[11.9604,65.7104,2.2604],[11.9505,65.7151,0.0],[11.9521,65.7167,5.7478],[11.9563,65.7167,5.6629]]],
[[[11.7396,65.675,2.9776],[11.7354,65.6708,263.0102],[11.7234,65.6713,146.9235],[11.725,65.6729,109.4659],[11.7328,65.6734,66.4485],[11.7328,65.6766,1.8437],[11.7307,65.6787,0.0],[11.7271,65.6792,0.0],[11.7229,65.6771,1.6354],[11.7151,65.6766,0.0],[11.712,65.6713,40.4071],[11.7068,65.6703,0.0],[11.7063,65.6687,1.0992],[11.7068,65.6672,0.0],[11.7141,65.6661,0.9436],[11.725,65.6604,1.3229],[11.7354,65.6604,0.0],[11.7396,65.6625,21.494],[11.7458,65.6625,0.0],[11.7505,65.6661,23.6653],[11.7557,65.6672,0.0],[11.7432,65.6745,7.9903],[11.7396,65.675,2.9776]]],
[[[12.0214,65.5859,0.0],[12.025,65.5854,0.0],[12.0266,65.587,1.3269],[12.0229,65.5875,0.0],[12.0214,65.5859,0.0]]],
[[[12.0432,65.7203,0.0],[12.038,65.7203,2.2774],[12.038,65.7172,0.0],[12.0437,65.7146,0.0],[12.0516,65.7151,0.0],[12.0516,65.7161,-0.0674],[12.0432,65.7203,0.0]]],
[[[12.0475,65.7508,2.8472],[12.0401,65.7464,0.0],[12.0479,65.7458,2.5224],[12.0526,65.7495,0.0],[12.0641,65.7526,0.0],[12.0641,65.7578,0.5698],[12.0583,65.7583,0.0],[12.0505,65.7557,4.1493],[12.0475,65.7508,2.8472]]],
[[[11.9917,65.7583,0.0],[11.9901,65.7578,1.615],[11.9901,65.7568,0.0],[11.9932,65.7568,0.0],[11.9917,65.7583,0.0]]],
[[[11.8,65.6833,5.6491],[11.7984,65.6828,6.6466],[11.7984,65.6818,10.0741],[11.8016,65.6818,13.4727],[11.8,65.6833,5.6491]]],
[[[11.713,65.6839,3.7058],[11.7104,65.6854,1.9538],[11.7026,65.6818,0.0],[11.7161,65.6818,3.7779],[11.713,65.6839,3.7058]]],
[[[11.9703,65.7161,5.6987],[11.9813,65.7104,0.0],[11.9891,65.713,4.8065],[11.975,65.7208,0.0],[11.9672,65.7182,0.0],[11.9703,65.7161,5.6987]]],
[[[11.8641,65.7161,0.0],[11.8583,65.7188,0.6158],[11.8547,65.7182,1.7999],[11.8542,65.7167,1.1615],[11.8562,65.7146,1.9112],[11.8625,65.7146,0.0],[11.8641,65.7161,0.0]]],
[[[11.8979,65.7167,0.0],[11.9042,65.7167,1.6879],[11.9057,65.7182,2.3165],[11.8979,65.7188,3.8394],[11.8938,65.7208,0.0],[11.8818,65.7203,0.4719],[11.8875,65.7167,4.334],[11.8979,65.7167,0.0]]],
[[[11.9839,65.7318,0.0],[11.9813,65.7354,1.5045],[11.9771,65.7312,4.7063],[11.9792,65.7292,0.0],[11.987,65.7297,0.0],[11.9839,65.7318,0.0]]],
[[[11.7542,65.7375,3.5492],[11.7526,65.7359,0.0],[11.7557,65.7359,1.9369],[11.7557,65.737,0.0],[11.7542,65.7375,3.5492]]],
[[[11.7437,65.7375,0.8748],[11.7422,65.7359,0.0],[11.7453,65.7359,0.8487],[11.7453,65.737,0.616],[11.7437,65.7375,0.8748]]],
[[[12.3667,65.1333,0.0],[12.3604,65.1354,0.0],[12.3484,65.1359,29.536],[12.3474,65.1391,0.0],[12.3417,65.1417,0.0],[12.3313,65.1417,0.0],[12.3167,65.1354,92.2888],[12.3068,65.1349,0.0],[12.3026,65.1318,4.3675],[12.3229,65.1312,0.0],[12.3271,65.1292,0.0],[12.3375,65.1292,4.4126],[12.35,65.125,0.0],[12.3604,65.125,32.6662],[12.3651,65.1214,0.0],[12.3729,65.1208,2.1345],[12.3938,65.1125,0.0],[12.4083,65.1125,0.0],[12.4146,65.1167,0.0],[12.425,65.1167,0.0],[12.4417,65.1229,26.0383],[12.4479,65.1229,0.0],[12.4557,65.1255,0.0],[12.4583,65.1292,34.1654],[12.4578,65.1307,28.7817],[12.4521,65.1333,0.0],[12.4458,65.1333,0.0],[12.4313,65.1271,0.0],[12.4208,65.1271,0.0],[12.4167,65.1292,0.0],[12.4063,65.1292,51.4351],[12.4021,65.1312,0.0],[12.3667,65.1333,0.0]]],
[[[12.3359,65.1755,0.0],[12.3438,65.175,46.3894],[12.3479,65.1729,0.0],[12.3516,65.1755,33.1569],[12.3526,65.1787,9.2707],[12.3604,65.1792,0.0],[12.3682,65.1818,0.0],[12.3651,65.1849,0.0],[12.3682,65.1901,5.6097],[12.3682,65.1932,0.0],[12.3542,65.2,0.0],[12.3438,65.2,0.0],[12.3411,65.1964,2.6836],[12.3313,65.1958,0.0],[12.3255,65.1932,14.8939],[12.3286,65.1911,52.3231],[12.3276,65.1859,6.1974],[12.337,65.1807,14.2782],[12.3359,65.1755,0.0]]],
[[[12.3833,65.1917,0.0],[12.3813,65.1937,0.8604],[12.3734,65.1901,0.0],[12.3813,65.1896,-0.0565],[12.3833,65.1917,0.0]]],
[[[12.4188,65.2521,0.0],[12.4313,65.2521,20.8982],[12.4313,65.2542,15.4501],[12.4276,65.2547,25.5899],[12.4229,65.2583,6.681],[12.4104,65.2583,0.0],[12.4026,65.2536,0.0],[12.4042,65.2521,0.0],[12.4188,65.2521,0.0]]],
[[[12.3068,65.2068,0.0],[12.3099,65.2057,0.0],[12.3089,65.2005,31.2715],[12.3167,65.2,0.0],[12.3208,65.2021,0.7921],[12.3286,65.2026,0.0],[12.3313,65.2083,0.0],[12.3255,65.213,3.9959],[12.3245,65.2161,9.2044],[12.3188,65.2188,0.0],[12.3125,65.2188,0.0],[12.3109,65.2182,0.0],[12.3083,65.2125,0.0],[12.312,65.2089,0.0],[12.3068,65.2068,0.0]]],
[[[12.2953,65.2286,4.4006],[12.2896,65.2312,0.0],[12.2859,65.2276,2.7666],[12.2938,65.2271,3.0301],[12.2953,65.2286,4.4006]]],
[[[12.3516,65.2422,83.9451],[12.3563,65.2438,111.2882],[12.3604,65.2417,0.0],[12.363,65.2453,0.0],[12.3682,65.2474,53.1793],[12.3521,65.2479,80.6573],[12.3458,65.2438,110.3855],[12.3354,65.2438,39.1565],[12.3313,65.2458,35.8748],[12.326599999999999,65.2422,0.0],[12.3214,65.2412,0.0],[12.3208,65.2396,0.0],[12.3229,65.2375,0.0],[12.3292,65.2375,0.0],[12.3333,65.2396,28.1998],[12.3375,65.2375,0.0],[12.3516,65.2422,83.9451]]],
[[[12.3083,65.3104,0.0],[12.3099,65.312,0.0],[12.3005,65.312,3.0259],[12.3021,65.3104,0.0],[12.3083,65.3104,0.0]]],
[[[12.5604,65.4563,10.5973],[12.5589,65.4547,0.0],[12.562,65.4547,6.5414],[12.562,65.4557,0.0],[12.5604,65.4563,10.5973]]],
[[[12.5563,65.4583,0.0],[12.5547,65.4568,12.0107],[12.5578,65.4568,17.1812],[12.5578,65.4578,5.2311],[12.5563,65.4583,0.0]]],
[[[12.6333,65.4729,109.2343],[12.6318,65.4714,133.1185],[12.6349,65.4714,137.8015],[12.6349,65.4724,112.8943],[12.6333,65.4729,109.2343]]],
[[[12.5188,65.4521,4.6579],[12.5229,65.4521,24.1526],[12.5271,65.45,0.0],[12.5354,65.45,52.072],[12.537,65.4537,5.5732],[12.5172,65.4537,9.7651],[12.5188,65.4521,4.6579]]],
[[[12.5083,65.4625,0.0],[12.5068,65.4609,0.0],[12.5099,65.4609,5.3902],[12.5099,65.462,0.0],[12.5083,65.4625,0.0]]],
[[[12.3542,65.625,0.0],[12.3526,65.6245,5.12],[12.3526,65.6234,0.0],[12.3557,65.6234,0.0],[12.3542,65.625,0.0]]],
[[[12.5693,65.7995,12.3734],[12.5745,65.8005,0.0],[12.5792,65.8125,7.3944],[12.5771,65.8167,4.7445],[12.5792,65.8229,0.0],[12.5771,65.8292,0.0],[12.5813,65.8375,0.0],[12.5792,65.8396,0.0],[12.575,65.8375,9.7651],[12.5672,65.837,90.2719],[12.562,65.8297,210.0997],[12.5401,65.8245,56.1345],[12.5328,65.8193,118.9162],[12.5276,65.8182,18.9396],[12.5234,65.8109,0.0],[12.5292,65.8083,0.0],[12.5396,65.8104,0.0],[12.5411,65.8099,0.0],[12.5411,65.8068,18.965],[12.5255,65.8057,21.6067],[12.5234,65.8005,0.0],[12.5266,65.7995,5.8019],[12.5266,65.7963,20.4389],[12.5245,65.7922,26.1741],[12.5193,65.7911,7.6513],[12.5167,65.7875,0.0],[12.5172,65.7859,0.0],[12.5271,65.7833,25.0662],[12.5333,65.7833,7.2376],[12.5411,65.7859,0.0],[12.5443,65.7932,10.4261],[12.5495,65.7943,0.0],[12.5526,65.7974,2.7101],[12.5557,65.7974,0.0],[12.5583,65.7937,5.8945],[12.5646,65.7937,4.9401],[12.5693,65.7995,12.3734]]],
[[[12.4401,65.7141,1.55],[12.451599999999999,65.7151,0.0],[12.4536,65.7224,0.0],[12.4479,65.725,15.201599999999999],[12.4375,65.7208,14.5616],[12.4313,65.7229,0.0],[12.4234,65.7203,0.0],[12.4224,65.7172,4.3155],[12.4047,65.712,0.0],[12.4016,65.7089,11.2994],[12.3964,65.7078,0.0],[12.3932,65.6984,7.0071],[12.3911,65.6964,5.1766],[12.3833,65.6937,0.0],[12.3755,65.6932,1.3854],[12.3708,65.6896,20.2416],[12.3604,65.6896,0.0],[12.3563,65.6875,14.645],[12.3464,65.687,18.2473],[12.3453,65.6839,58.6214],[12.3401,65.6828,33.2439],[12.3354,65.6792,101.7734],[12.3276,65.6787,6.8272],[12.3245,65.6734,38.2748],[12.313,65.6703,0.0],[12.312,65.6672,21.135],[12.3068,65.6661,0.0],[12.3036,65.663,0.0],[12.2943,65.662,14.1016],[12.2901,65.6526,28.0797],[12.2953,65.6526,0.0],[12.2964,65.6557,23.3801],[12.3,65.6563,0.0],[12.325,65.6479,0.0],[12.3313,65.65,15.2976],[12.3354,65.6479,0.0],[12.3396,65.65,0.0],[12.3479,65.65,0.0],[12.3557,65.6526,0.0],[12.3568,65.6557,10.9926],[12.362,65.6568,0.0],[12.3651,65.662,0.0],[12.3766,65.6651,0.0],[12.3818,65.6766,6.9312],[12.3953,65.6818,0.0],[12.3964,65.6849,0.0],[12.4042,65.6875,0.0],[12.412,65.688,0.0],[12.4172,65.6953,0.0],[12.4224,65.6964,0.0],[12.4276,65.7057,15.6936],[12.437,65.7068,0.0],[12.4401,65.7141,1.55]]],
[[[12.3688,65.7354,5.5574],[12.3708,65.7375,0.0],[12.3688,65.7396,0.0],[12.3651,65.7359,5.5524],[12.3688,65.7354,5.5574]]],
[[[12.4521,65.7604,0.0],[12.4563,65.7625,4.2917],[12.4641,65.763,0.0],[12.4651,65.7662,7.099],[12.4703,65.7672,0.0],[12.4734,65.7724,10.088],[12.4849,65.7755,0.0],[12.4901,65.7849,0.0],[12.4953,65.788,0.0],[12.4932,65.7932,0.0],[12.4901,65.7943,1.7082],[12.4911,65.7974,0.0],[12.488,65.7984,0.0],[12.488,65.8016,0.0],[12.4958,65.8021,0.0],[12.4974,65.8037,3.6965],[12.4917,65.8063,3.0501],[12.4875,65.8063,17.7086],[12.4734,65.8016,0.0],[12.4703,65.7963,29.2048],[12.4625,65.7937,20.7266],[12.45,65.7937,4.4683],[12.4458,65.7917,6.272],[12.4396,65.7917,0.0],[12.4349,65.788,21.6022],[12.4068,65.7786,0.0],[12.4016,65.7714,0.0],[12.3964,65.7703,0.0],[12.3958,65.7688,0.0],[12.3964,65.7672,4.3796],[12.4036,65.7662,0.0],[12.4016,65.7589,0.0],[12.3901,65.7578,0.0],[12.387,65.7505,0.0],[12.3755,65.7464,3.1352],[12.3786,65.7453,2.526],[12.3797,65.7422,0.0],[12.3854,65.7417,11.2904],[12.3995,65.7464,4.0491],[12.4026,65.7495,0.0],[12.4089,65.7516,16.8607],[12.4182,65.7526,0.0],[12.4214,65.7578,8.3958],[12.4328,65.7609,0.0],[12.4354,65.7646,8.0772],[12.4458,65.7604,0.0],[12.4521,65.7604,0.0]]],
[[[12.5193,65.8547,10.584],[12.5229,65.8542,2.5022],[12.5245,65.8557,0.0],[12.5208,65.8562,4.5714],[12.5193,65.8547,10.584]]],
[[[12.3171,65.8178,8.4333],[12.3172,65.8151,4.499],[12.3271,65.8104,0.0],[12.3313,65.8146,0.0],[12.3276,65.8182,24.21],[12.3411,65.8234,0.0],[12.3453,65.8318,13.5116],[12.3422,65.8339,25.8705],[12.3422,65.837,4.4365],[12.3474,65.838,0.0],[12.3495,65.8401,2.0236],[12.3521,65.8479,0.0],[12.3484,65.8516,3.1697],[12.3505,65.8536,7.6065],[12.3557,65.8547,0.0],[12.3557,65.8578,0.0],[12.3526,65.8599,3.2781],[12.3557,65.8662,4.4902],[12.3521,65.8667,7.4189],[12.3443,65.8641,0.0],[12.3432,65.8588,0.0],[12.338,65.8578,0.0],[12.3359,65.8557,0.0],[12.3391,65.8536,15.4757],[12.3391,65.8505,6.9283],[12.3339,65.8495,0.0],[12.3318,65.8464,0.0],[12.3349,65.8443,0.0],[12.3297,65.8432,0.0],[12.3276,65.838,0.0],[12.3307,65.837,3.3015],[12.3307,65.8339,20.4114],[12.3255,65.8328,14.4543],[12.3203,65.8255,5.9497],[12.3151,65.8245,0.0],[12.3188,65.8208,6.8006],[12.3171,65.8178,8.4333]]],
[[[12.2979,65.8417,2.0096],[12.2943,65.8411,2.5138],[12.2974,65.8391,0.0],[12.2964,65.8359,0.0],[12.3,65.8354,9.0135],[12.3078,65.838,0.0],[12.3036,65.8411,0.6458],[12.2979,65.8417,2.0096]]],
[[[12.3141,65.8453,0.0],[12.3089,65.8422,0.0],[12.3167,65.8396,0.0],[12.3182,65.8401,0.0],[12.3208,65.8458,15.877],[12.3188,65.8479,0.0],[12.3109,65.8474,3.0024],[12.3141,65.8453,0.0]]],
[[[12.3273,65.8626,6.0193],[12.3234,65.862,0.0],[12.3214,65.8547,0.0],[12.3245,65.8547,7.9563],[12.3276,65.8578,0.0],[12.3391,65.8609,0.0],[12.3359,65.8641,0.0],[12.3411,65.8651,0.0],[12.3411,65.8682,2.4128],[12.3318,65.8682,0.0],[12.3307,65.8651,2.254],[12.3273,65.8626,6.0193]]],
[[[12.9458,65.3146,0.0],[12.9495,65.3151,0.0],[12.951599999999999,65.3182,0.0],[12.9422,65.3193,23.1671],[12.9432,65.3224,8.5642],[12.9417,65.3229,0.0],[12.9276,65.3182,0.0],[12.9255,65.3161,22.3979],[12.9312,65.3104,0.0],[12.9354,65.3104,0.0],[12.9458,65.3146,0.0]]],
[[[12.9505,66.1651,1.7729],[12.9583,66.1646,2.2924],[12.9625,66.1625,0.0],[12.9667,66.1646,13.3658],[12.9792,66.1646,0.0],[12.9833,66.1687,0.0],[12.9813,66.1708,0.1941],[12.9646,66.1708,0.0],[12.962,66.1672,0.0],[12.9521,66.1667,0.0],[12.9505,66.1651,1.7729]]],
[[[12.9729,66.2042,3.9627],[12.963,66.2068,0.0],[12.9641,66.212,0.0],[12.9625,66.2125,2.9659],[12.9563,66.2125,6.478],[12.95,66.2104,149.7106],[12.9458,66.2125,0.0],[12.9396,66.2083,91.683],[12.9292,66.2083,62.8911],[12.9229,66.2104,0.0],[12.9188,66.2083,0.0],[12.9125,66.2083,0.0],[12.8984,66.2037,0.0],[12.8964,66.2005,24.164],[12.8995,66.1984,200.7973],[12.8854,66.1979,75.4451],[12.8714,66.1932,0.0],[12.8714,66.1901,0.0],[12.8745,66.1891,27.3032],[12.8724,66.1839,0.0],[12.8703,66.1818,0.4052],[12.8651,66.1807,0.0],[12.8641,66.1776,0.0],[12.8505,66.1724,0.0],[12.8479,66.1667,4.1078],[12.8484,66.1651,3.5175],[12.8583,66.1625,0.0],[12.8854,66.1625,0.0],[12.8958,66.1667,0.0],[12.9083,66.1667,0.0],[12.9125,66.1687,0.0],[12.9208,66.1687,0.0],[12.925,66.1708,24.9474],[12.9292,66.1687,0.0],[12.9354,66.1687,0.0],[12.9396,66.1729,0.0],[12.9479,66.1729,0.0],[12.9583,66.1771,0.0],[12.9646,66.1771,1.5035],[12.9682,66.1797,0.0],[12.9703,66.1839,0.0],[12.9667,66.1875,0.0],[12.9703,66.1932,0.0],[12.9667,66.1958,0.0],[12.9693,66.2016,0.0],[12.9745,66.2026,0.0],[12.9729,66.2042,3.9627]]],
[[[12.9896,66.2167,2.2117],[12.988,66.2151,0.0],[12.9911,66.2151,0.0],[12.9911,66.2161,0.0],[12.9896,66.2167,2.2117]]],
[[[12.7297,66.1245,0.0],[12.7266,66.1214,0.0],[12.7214,66.1203,0.0],[12.7214,66.1172,22.0246],[12.7333,66.1167,0.0],[12.737,66.1193,0.0],[12.7339,66.1214,0.0],[12.7328,66.1245,0.0],[12.7297,66.1245,0.0]]],
[[[12.7146,66.1854,0.0],[12.6958,66.1854,15.5573],[12.6917,66.1875,0.0],[12.6854,66.1875,0.0],[12.6807,66.1839,5.9244],[12.6755,66.1828,0.0],[12.6745,66.1797,0.0],[12.6693,66.1787,0.0],[12.6807,66.1745,0.0],[12.6755,66.1713,0.0],[12.6891,66.1703,0.0],[12.6875,66.1646,0.0],[12.6911,66.162,0.0],[12.6901,66.1589,0.0],[12.6995,66.1578,0.0],[12.6974,66.1526,14.168],[12.6859,66.1516,0.0],[12.6896,66.1479,0.0],[12.6891,66.1464,0.0],[12.6839,66.1443,2.1974],[12.7,66.1417,1.2521],[12.7042,66.1396,0.0],[12.7083,66.1417,0.0],[12.725,66.1417,0.0],[12.7292,66.1438,0.0],[12.7458,66.1417,0.0],[12.7521,66.1438,58.0218],[12.7646,66.1396,0.0],[12.7708,66.1396,0.0],[12.7771,66.1438,54.729],[12.7896,66.1438,0.0],[12.8036,66.1484,0.0],[12.8036,66.1516,0.0],[12.8005,66.1536,0.0],[12.8057,66.1547,7.3201],[12.8026,66.1578,0.0],[12.8057,66.1641,0.0],[12.7979,66.1646,0.0],[12.7917,66.1625,5.3706],[12.7875,66.1646,0.0],[12.7833,66.1625,0.0],[12.7771,66.1625,0.0],[12.7672,66.1672,6.2244],[12.7661,66.1703,0.0],[12.7604,66.1729,0.0],[12.7563,66.1708,17.4566],[12.75,66.1729,0.0],[12.7458,66.1708,0.0],[12.738,66.1713,0.0],[12.738,66.1745,0.0],[12.7401,66.1766,0.0],[12.7516,66.1797,0.0],[12.7526,66.1828,5.5468],[12.7578,66.1849,7.3271],[12.7354,66.1854,0.0],[12.7313,66.1833,3.3503],[12.7208,66.1833,0.0],[12.7146,66.1854,0.0]]],
[[[12.713,66.2349,7.1205],[12.7068,66.2328,4.6623],[12.7047,66.2297,0.0],[12.7229,66.2292,0.0],[12.7328,66.2339,0.0],[12.7271,66.2396,0.0],[12.713,66.2349,7.1205]]],
[[[12.7229,66.2417,0.0],[12.7214,66.2401,0.0],[12.7245,66.2401,9.6421],[12.7245,66.2412,3.1106],[12.7229,66.2417,0.0]]],
[[[12.8245,66.2953,33.4644],[12.8167,66.2958,7.5814],[12.8109,66.2943,0.0],[12.8068,66.2963,11.8246],[12.8078,66.3016,7.2105],[12.8063,66.3021,8.2122],[12.7964,66.2995,10.0527],[12.7995,66.2974,0.0],[12.7995,66.2943,53.1394],[12.7859,66.2891,4.1924],[12.7891,66.2859,61.8853],[12.7813,66.2854,11.2757],[12.7708,66.2813,2.4123],[12.7625,66.2813,0.0],[12.7547,66.2786,0.0],[12.7536,66.2755,0.0],[12.7333,66.2688,2.8975],[12.7193,66.2682,0.0],[12.7172,66.2651,0.0],[12.7203,66.263,4.7972],[12.7151,66.262,0.0],[12.7182,66.2599,0.0],[12.7182,66.2568,7.5354],[12.7104,66.2542,0.0],[12.7005,66.2536,0.0],[12.7042,66.25,0.0],[12.7036,66.2484,13.8066],[12.6984,66.2464,5.2682],[12.7083,66.2438,8.9369],[12.7354,66.2438,0.0],[12.7396,66.2458,0.0],[12.7474,66.2453,6.0697],[12.7474,66.2422,0.0],[12.7453,66.2401,0.0],[12.7401,66.2391,0.0],[12.7438,66.2354,0.0],[12.7417,66.2312,0.0],[12.7453,66.2286,0.0],[12.7443,66.2255,0.0],[12.7563,66.225,0.0],[12.7604,66.2229,0.0],[12.7682,66.2224,0.0],[12.7672,66.2193,0.0],[12.7745,66.2182,0.0],[12.7755,66.2151,0.0],[12.7813,66.2125,0.0],[12.7875,66.2125,0.0],[12.7917,66.2146,1.7073],[12.7979,66.2125,0.0],[12.7995,66.2141,4.0528],[12.7964,66.2161,0.0],[12.8182,66.2224,0.0],[12.8182,66.2193,0.0],[12.8161,66.2172,0.0],[12.8083,66.2167,0.0],[12.8047,66.2141,0.0],[12.8083,66.2104,0.0],[12.8068,66.2068,0.0],[12.8104,66.2063,0.0],[12.8182,66.2089,0.0],[12.8214,66.2141,0.0],[12.8328,66.2172,1.2737],[12.8359,66.2224,2.3869],[12.8453,66.2234,0.0],[12.8484,66.2286,4.5531],[12.862,66.2338,0.0],[12.8589,66.237,0.0],[12.8667,66.2375,0.0],[12.8714,66.2412,0.0],[12.8776,66.2432,0.0],[12.8854,66.2438,0.0],[12.8932,66.2464,0.0],[12.8859,66.2516,8.8538],[12.8911,66.2526,0.0],[12.888,66.2557,0.0],[12.8917,66.2625,0.0],[12.888,66.2662,0.0],[12.8901,66.2703,13.0036],[12.8953,66.2714,0.0],[12.8922,66.2745,23.7939],[12.8953,66.2807,0.0],[12.8818,66.2818,39.2302],[12.8828,66.2849,0.0],[12.8755,66.288,0.0],[12.8745,66.2911,0.0],[12.8688,66.2937,0.0],[12.8646,66.2917,6.1136],[12.8583,66.2937,4.7475],[12.8359,66.2932,0.0],[12.8417,66.2896,63.8939],[12.8536,66.2911,21.8404],[12.8526,66.2839,199.9165],[12.8583,66.2813,268.2394],[12.8641,66.2807,232.5775],[12.8625,66.2792,384.22],[12.8417,66.2792,789.816],[12.8271,66.2833,484.0568],[12.8151,66.2839,276.7898],[12.8328,66.2901,23.1955],[12.8245,66.2953,33.4644]]],
[[[12.7953,66.2963,0.0],[12.7938,66.2979,16.0125],[12.7859,66.2974,5.5034],[12.7875,66.2958,0.0],[12.7953,66.2963,0.0]]],
[[[12.6312,66.3083,3.1333],[12.6349,66.3089,0.0],[12.637,66.312,0.0],[12.6292,66.3125,1.9707],[12.625,66.3146,0.0],[12.6214,66.312,0.0],[12.6203,66.3089,4.169],[12.6089,66.3057,0.0],[12.6068,66.3026,3.1057],[12.6099,66.3016,0.0],[12.6109,66.2984,1.9823],[12.6188,66.2979,9.2321],[12.6214,66.3016,0.0],[12.6266,66.3026,1.5828],[12.6312,66.3083,3.1333]]],
[[[12.7922,66.312,0.0],[12.7922,66.3089,9.6626],[12.8021,66.3042,0.0],[12.8057,66.3068,11.9474],[12.8078,66.3109,0.0],[12.8021,66.3146,3.7611],[12.7958,66.3146,0.0],[12.7922,66.312,0.0]]],
[[[12.6047,65.863,0.0],[12.6078,65.862,0.0],[12.6063,65.8563,0.0],[12.6083,65.8542,0.0],[12.613,65.8578,0.0],[12.6182,65.8588,0.0],[12.6193,65.862,6.1259],[12.6245,65.8641,0.0],[12.6063,65.8646,0.0],[12.6047,65.863,0.0]]],
[[[12.5839,65.863,12.6361],[12.5917,65.8625,0.0],[12.5958,65.8604,0.7008],[12.5995,65.863,3.3009],[12.6005,65.8662,25.5073],[12.6068,65.8682,0.0],[12.6224,65.8693,0.0],[12.6193,65.8724,0.0],[12.6224,65.8786,23.0748],[12.6172,65.8786,10.5205],[12.6141,65.8714,13.048],[12.5938,65.8688,0.0],[12.5839,65.863,12.6361]]],
[[[12.6818,65.9578,33.1301],[12.6917,65.9583,0.0],[12.7063,65.9646,37.786],[12.7161,65.9651,0.0],[12.7172,65.9682,0.0],[12.725,65.9708,54.065],[12.7375,65.9708,0.0],[12.7542,65.9771,39.3825],[12.7724,65.9766,0.0],[12.7708,65.975,1.0237],[12.7609,65.9745,0.0],[12.7589,65.9693,0.3337],[12.7625,65.9688,0.0],[12.7667,65.9729,11.6373],[12.7729,65.9708,0.0],[12.7896,65.9771,13.0897],[12.8083,65.9792,0.0],[12.8188,65.9833,0.0],[12.8313,65.9833,0.0],[12.8417,65.9875,6.9687],[12.8458,65.9833,0.0],[12.8625,65.9833,0.0],[12.8651,65.987,0.0],[12.8703,65.988,0.0],[12.875,65.9917,0.0],[12.8813,65.9917,0.0],[12.9146,66.0021,4.9549],[12.9229,66.0021,0.0],[12.9307,66.0047,0.0],[12.9307,66.0078,0.0],[12.9276,66.0099,0.0],[12.9333,66.0208,0.0],[12.9271,66.0229,7.6809],[12.9167,66.0229,20.9821],[12.9125,66.0208,8.2882],[12.8984,66.0193,0.0],[12.8984,66.0224,0.0],[12.9005,66.0245,0.0],[12.9057,66.0255,0.0],[12.9068,66.0286,0.0],[12.9182,66.0318,0.0],[12.9203,66.0339,0.0],[12.9229,66.0396,0.0],[12.9208,66.0417,0.0],[12.9167,66.0396,6.2846],[12.9068,66.0391,0.0],[12.9042,66.0354,81.847],[12.8854,66.0354,0.0],[12.8688,66.0292,13.3637],[12.8609,66.0286,18.4166],[12.8563,66.025,212.6562],[12.85,66.025,142.4019],[12.8396,66.0208,344.4734],[12.8333,66.0229,221.481],[12.8188,66.0188,368.4979],[12.8063,66.0188,74.1177],[12.8016,66.0151,440.0179],[12.7938,66.0125,548.5027],[12.7896,66.0146,393.7436],[12.7833,66.0125,501.078],[12.7792,66.0146,303.1802],[12.7688,66.0146,193.0334],[12.7646,66.0167,43.5181],[12.7583,66.0104,447.6843],[12.7521,66.0125,244.2999],[12.7443,66.0099,419.3285],[12.7396,66.0062,621.9891],[12.7255,66.0057,411.1948],[12.7229,66.0021,554.3166],[12.7146,66.0021,438.0133],[12.7104,66.0,505.6349],[12.6938,66.0,104.0099],[12.6833,65.9958,120.7083],[12.6771,65.9958,53.4336],[12.6693,65.9932,45.7642],[12.6672,65.9901,82.1743],[12.6708,65.9896,172.9515],[12.675,65.9917,148.0146],[12.6766,65.9912,161.0424],[12.6766,65.988,324.4105],[12.6745,65.9859,476.6156],[12.6604,65.9812,736.7053],[12.6443,65.9838,180.9864],[12.6453,65.987,19.3223],[12.6438,65.9875,0.0],[12.6359,65.987,7.1877],[12.639099999999999,65.9838,88.9746],[12.6354,65.9812,219.272],[12.6312,65.9833,16.2747],[12.6208,65.9833,0.0],[12.6188,65.9854,0.0],[12.6208,65.9875,9.582],[12.6292,65.9875,0.0],[12.637,65.9901,0.0],[12.6333,65.9938,3.9942],[12.6359,65.9995,0.0],[12.6474,66.0026,0.0],[12.6547,66.0078,3.6982],[12.6599,66.0089,0.0],[12.663,66.0141,4.6569],[12.6995,66.0266,4.7825],[12.6875,66.0271,0.0],[12.6813,66.025,0.0],[12.6771,66.0271,0.0],[12.6729,66.025,3.945],[12.6604,66.025,0.0],[12.65,66.0208,6.9355],[12.6458,66.0229,0.0],[12.6292,66.0229,0.0],[12.625,66.0208,9.4223],[12.6063,66.0208,0.0],[12.6021,66.0188,7.8701],[12.5943,66.0182,0.0],[12.587,66.013,0.0],[12.5542,66.0021,25.8549],[12.5443,66.0016,0.0],[12.5417,65.9979,31.6558],[12.5318,65.9974,0.0],[12.5307,65.9943,34.6422],[12.5214,65.9932,0.0],[12.5182,65.988,19.8536],[12.5083,65.9875,0.0],[12.5057,65.9838,4.4441],[12.488,65.9786,0.0],[12.4849,65.9735,7.9219],[12.4797,65.9724,0.0],[12.4776,65.9703,0.0],[12.4766,65.9672,0.0],[12.4714,65.9661,0.0],[12.4682,65.9609,18.7736],[12.4568,65.9578,0.0],[12.4542,65.9521,0.0],[12.4578,65.9484,-0.3559],[12.4536,65.9422,-0.2807],[12.4484,65.9411,0.0],[12.4479,65.9396,0.0],[12.4484,65.938,0.5765],[12.4557,65.9349,3.2784],[12.4547,65.9318,0.0],[12.4583,65.9292,0.0],[12.4557,65.9255,0.0],[12.45,65.9271,0.0],[12.4333,65.9271,0.0],[12.4271,65.9208,3.7924],[12.4234,65.9213,7.8187],[12.4245,65.9245,9.7654],[12.4229,65.925,11.2087],[12.4125,65.925,0.0],[12.4047,65.9224,0.0],[12.4078,65.9193,4.5523],[12.4057,65.9172,11.5973],[12.4005,65.9161,0.0],[12.3995,65.913,11.9702],[12.3943,65.912,0.0],[12.3911,65.9089,0.0],[12.3797,65.9057,0.0],[12.3797,65.9026,0.0],[12.3828,65.9016,14.6505],[12.3818,65.8964,0.0],[12.3953,65.8953,7.7081],[12.3901,65.8922,0.0],[12.3974,65.888,47.2916],[12.3859,65.8849,0.0],[12.3917,65.8812,4.2058],[12.4021,65.8854,1.2682],[12.412,65.8859,0.0],[12.4146,65.8896,0.3387],[12.4229,65.8896,0.1125],[12.4375,65.8938,2.088],[12.4542,65.8938,2.5206],[12.4583,65.8958,5.6456],[12.4854,65.8958,0.0],[12.4896,65.8979,0.0],[12.5167,65.8979,0.0],[12.5224,65.8953,0.6425],[12.5146,65.8917,0.0],[12.5083,65.8917,0.0],[12.5005,65.8891,0.0],[12.5036,65.8859,0.0],[12.5,65.8812,0.0],[12.4833,65.8812,0.0],[12.4818,65.8807,0.0],[12.4828,65.8776,0.0],[12.4786,65.8755,4.7075],[12.4688,65.875,0.2467],[12.4583,65.8708,9.084],[12.4542,65.8729,0.4476],[12.4401,65.8724,0.0],[12.437,65.8651,1.9183],[12.4255,65.862,0.0],[12.4286,65.8599,0.0],[12.4271,65.8583,0.0],[12.4146,65.8583,0.0],[12.4042,65.8542,3.6107],[12.3958,65.8583,0.0],[12.3922,65.8578,0.0],[12.3917,65.8542,0.0],[12.3932,65.8505,0.0],[12.3901,65.8495,0.0],[12.3875,65.8458,0.0],[12.3911,65.8432,10.6152],[12.3896,65.8396,3.8922],[12.3932,65.8359,6.5827],[12.388,65.8339,0.0],[12.3953,65.8297,11.5478],[12.3932,65.8276,0.0],[12.388,65.8266,0.0],[12.3911,65.8234,3.4526],[12.3859,65.8214,0.0],[12.3958,65.8167,0.0],[12.4021,65.8167,3.1148],[12.4063,65.8146,0.0],[12.4167,65.8146,0.0],[12.4208,65.8167,9.9028],[12.4286,65.8172,0.0],[12.4255,65.8203,9.1509],[12.4333,65.8229,0.0],[12.4396,65.8229,2.1117],[12.4438,65.8208,0.0],[12.4542,65.825,0.0],[12.4604,65.8229,0.0],[12.4651,65.8266,13.4718],[12.4703,65.8276,0.0],[12.4672,65.8307,0.0],[12.4828,65.8318,0.0],[12.4901,65.837,1.4848],[12.4953,65.838,0.0],[12.4953,65.8411,0.0],[12.488,65.8453,0.0],[12.5083,65.8458,11.4646],[12.5104,65.8479,12.3524],[12.5099,65.8495,2.3098],[12.5026,65.8505,0.0],[12.5078,65.8526,0.0],[12.5099,65.8578,4.1441],[12.5042,65.8604,1.1965],[12.4875,65.8583,0.0],[12.4859,65.8588,0.0],[12.4859,65.862,0.0],[12.488,65.8641,0.7081],[12.4932,65.8651,0.0],[12.4943,65.8682,3.421],[12.5203,65.8776,0.0],[12.5234,65.8849,0.0],[12.5411,65.8901,0.0],[12.5432,65.8953,0.0],[12.5401,65.8974,0.0],[12.5516,65.9005,0.0],[12.5542,65.9042,0.0],[12.5641,65.9047,0.0],[12.5651,65.9078,3.7181],[12.5703,65.9089,0.0],[12.5734,65.912,0.0],[12.5839,65.9161,15.191],[12.5953,65.9172,0.0],[12.5964,65.9203,6.0216],[12.6016,65.9213,0.0],[12.5984,65.9245,2.9751],[12.6036,65.9255,0.0],[12.6068,65.9287,0.0],[12.6161,65.9297,0.0],[12.6208,65.9333,0.0],[12.6286,65.9339,0.0],[12.6359,65.9391,0.0],[12.6536,65.9443,0.0],[12.6568,65.9474,0.0],[12.6807,65.9547,0.0],[12.6818,65.9578,33.1301]]],
[[[12.4016,65.9505,0.0],[12.4036,65.9537,7.2977],[12.3984,65.9537,0.0],[12.3984,65.9505,4.4763],[12.4016,65.9505,0.0]]],
[[[12.4099,65.9651,12.1582],[12.4083,65.9667,0.0],[12.4047,65.9661,0.0],[12.4026,65.9609,9.5676],[12.4078,65.9609,0.0],[12.4099,65.9651,12.1582]]],
[[[12.3917,66.0,3.5026],[12.4021,65.9979,0.0],[12.4068,66.0016,0.7437],[12.413,66.0036,5.7769],[12.4224,66.0047,0.0],[12.4266,66.012,0.0],[12.4125,66.0125,0.0],[12.4047,66.0099,0.0],[12.4021,66.0062,0.0],[12.388,66.0057,0.0],[12.3859,66.0005,0.0],[12.3917,66.0,3.5026]]],
[[[12.4734,66.013,3.3032],[12.4771,66.0125,6.4474],[12.4786,66.0141,0.0],[12.475,66.0146,0.0],[12.4734,66.013,3.3032]]],
[[[12.7172,66.0089,0.0],[12.7208,66.0083,105.7012],[12.7224,66.0099,96.9461],[12.7188,66.0104,0.0],[12.7172,66.0089,0.0]]],
[[[12.512,66.0411,0.0],[12.5161,66.0391,7.3362],[12.5151,66.0339,0.0],[12.5167,66.0333,0.0],[12.5542,66.0333,0.0],[12.5568,66.037,0.0],[12.562,66.038,0.0],[12.5651,66.0411,13.9377],[12.5828,66.0463,0.0],[12.5833,66.0479,0.0],[12.5828,66.0495,5.3964],[12.5771,66.0521,0.0],[12.5667,66.0521,0.0],[12.5625,66.05,35.6932],[12.5542,66.05,0.0],[12.55,66.0479,27.6545],[12.5271,66.0479,0.0],[12.5188,66.0437,6.0139],[12.5089,66.0432,0.0],[12.512,66.0411,0.0]]],
[[[12.6771,66.0458,0.0],[12.6786,66.0474,11.7514],[12.6693,66.0474,0.0],[12.6708,66.0458,8.2233],[12.6771,66.0458,0.0]]],
[[[12.6021,66.0833,0.0],[12.6005,66.0818,9.004],[12.6036,66.0818,0.8088],[12.6036,66.0828,0.0],[12.6021,66.0833,0.0]]],
[[[12.4063,66.0188,12.8505],[12.4047,66.0182,4.7594],[12.4047,66.0172,1.0338],[12.4078,66.0172,0.0],[12.4063,66.0188,12.8505]]],
[[[12.4896,66.0208,3.983],[12.4938,66.0188,0.0],[12.5,66.0188,7.1894],[12.5042,66.0229,0.5087],[12.5036,66.0245,0.0],[12.4979,66.0271,0.0],[12.4875,66.0229,4.5543],[12.4604,66.025,0.0],[12.4589,66.0245,0.0],[12.4568,66.0193,2.8382],[12.4729,66.0188,0.0],[12.4771,66.0167,0.0],[12.4833,66.0167,9.3607],[12.4849,66.0182,4.1187],[12.4818,66.0203,1.3421],[12.4896,66.0208,3.983]]],
[[[12.5276,66.0307,0.0],[12.525,66.0292,23.2208],[12.5172,66.0286,0.0],[12.5172,66.0255,5.8255],[12.5396,66.025,0.0],[12.5432,66.0297,0.0],[12.5417,66.0313,0.0],[12.5276,66.0307,0.0]]],
[[[12.3563,66.1104,0.672],[12.3542,66.1125,0.0],[12.3464,66.1088,3.4059],[12.3542,66.1083,0.0],[12.3563,66.1104,0.672]]],
[[[12.1063,65.7021,0.7345],[12.1099,65.7037,2.8322],[12.1026,65.7037,0.0],[12.1026,65.7026,0.0],[12.1063,65.7021,0.7345]]],
[[[12.1042,65.7271,2.3618],[12.1026,65.7266,4.9833],[12.1026,65.7255,8.1123],[12.1057,65.7255,4.2983],[12.1042,65.7271,2.3618]]],
[[[12.1083,65.7375,0.0],[12.112,65.7391,0.0],[12.0979,65.7438,0.0],[12.0943,65.7432,0.0],[12.0979,65.7396,0.0],[12.0964,65.7338,3.4113],[12.1083,65.7375,0.0]]],
[[[12.2104,65.7646,0.0],[12.212,65.7662,0.0],[12.2026,65.7662,0.0],[12.2042,65.7646,3.366],[12.2104,65.7646,0.0]]],
[[[12.2693,65.7776,8.4223],[12.2667,65.7792,0.0],[12.263,65.7786,5.2089],[12.2609,65.7734,0.0],[12.2703,65.7734,0.0],[12.2724,65.7766,0.0],[12.2693,65.7776,8.4223]]],
[[[12.2354,65.7854,6.807],[12.2375,65.7875,0.0],[12.2354,65.7896,5.361],[12.2318,65.7859,0.0],[12.2354,65.7854,6.807]]],
[[[12.2375,65.8,7.0135],[12.2339,65.7995,0.0],[12.2318,65.7963,0.0],[12.2396,65.7937,0.0],[12.2453,65.7963,0.0],[12.2411,65.7995,0.0],[12.2375,65.8,7.0135]]],
[[[12.2167,65.7917,0.0],[12.2208,65.7896,8.1734],[12.2245,65.7922,5.2923],[12.2286,65.8005,0.0],[12.225,65.8042,14.1108],[12.2266,65.8078,0.0],[12.2172,65.8078,0.0],[12.213,65.8016,0.0],[12.2161,65.7984,4.3164],[12.2068,65.7974,7.9108],[12.2083,65.7958,0.0],[12.2141,65.7953,10.3838],[12.2089,65.7922,4.1809],[12.2167,65.7917,0.0]]],
[[[12.1474,65.8016,1.1998],[12.1396,65.8021,0.0],[12.1359,65.7984,0.0],[12.1438,65.7979,0.0],[12.1474,65.8016,1.1998]]],
[[[12.1068,65.8005,7.0236],[12.1104,65.8,0.0],[12.112,65.8016,0.0],[12.1083,65.8021,0.0],[12.1068,65.8005,7.0236]]],
[[[12.1104,65.8063,0.0],[12.1089,65.8047,5.0834],[12.112,65.8047,0.0],[12.112,65.8057,0.0],[12.1104,65.8063,0.0]]],
[[[12.1021,65.8146,0.0],[12.1016,65.8109,0.0],[12.0943,65.8068,0.0],[12.1036,65.8068,1.3537],[12.1068,65.812,2.5522],[12.112,65.813,0.0],[12.1063,65.8187,0.0],[12.1021,65.8146,0.0]]],
[[[12.2417,65.8042,2.2506],[12.2401,65.8037,0.0],[12.2401,65.8026,0.0],[12.2432,65.8026,0.0],[12.2417,65.8042,2.2506]]],
[[[12.2208,65.8167,0.8256],[12.2151,65.8161,6.6485],[12.2151,65.813,0.0],[12.2224,65.8109,4.8569],[12.225,65.8146,0.0],[12.2245,65.8161,0.0],[12.2208,65.8167,0.8256]]],
[[[12.2443,65.813,0.0],[12.2479,65.8125,0.0],[12.2495,65.8141,0.0],[12.2458,65.8146,11.1416],[12.2443,65.813,0.0]]],
[[[12.2464,65.8172,6.3831],[12.25,65.8167,0.0],[12.2516,65.8182,0.0],[12.2479,65.8187,2.029],[12.2464,65.8172,6.3831]]],
[[[11.7375,65.7375,0.836],[11.7411,65.738,0.6413],[11.7411,65.7391,0.3124],[11.7339,65.7391,0.0],[11.7375,65.7375,0.836]]],
[[[11.9682,65.7453,2.3064],[11.9625,65.7479,0.6783],[11.9589,65.7474,0.0],[11.9583,65.7458,0.0],[11.9604,65.7438,0.0],[11.9667,65.7438,0.9882],[11.9682,65.7453,2.3064]]],
[[[11.6859,65.7484,5.2704],[11.6896,65.7479,0.3816],[11.6911,65.7495,2.0897],[11.6875,65.75,0.0],[11.6859,65.7484,5.2704]]],
[[[11.675,65.7521,4.5316],[11.6734,65.7516,17.5635],[11.6734,65.7505,4.2157],[11.6766,65.7505,4.9005],[11.675,65.7521,4.5316]]],
[[[11.6776,65.7526,1.8109],[11.6813,65.7521,10.0033],[11.6828,65.7536,2.1147],[11.6792,65.7542,0.5827],[11.6776,65.7526,1.8109]]],
[[[11.7333,65.7562,0.0],[11.7396,65.7562,0.0],[11.7474,65.7589,0.2716],[11.7474,65.7641,0.0],[11.7208,65.7625,0.0],[11.7167,65.7646,0.8805],[11.713,65.7641,0.0],[11.7161,65.7609,0.6654],[11.7068,65.7599,8.5105],[11.7047,65.7547,1.3464],[11.7078,65.7536,0.0],[11.7078,65.7505,1.5827],[11.7026,65.7484,0.0],[11.7083,65.7458,0.5915],[11.725,65.7521,0.0],[11.7495,65.7526,0.0],[11.7479,65.7542,1.5471],[11.7271,65.7542,0.5968],[11.7214,65.7578,0.0],[11.7292,65.7583,0.0],[11.7333,65.7562,0.0]]],
[[[11.6938,65.7604,0.0],[11.6875,65.7604,0.0],[11.6859,65.7589,1.7013],[11.6917,65.7562,4.0171],[11.6995,65.7568,0.0],[11.6938,65.7604,0.0]]],
[[[11.7437,65.7729,0.0],[11.75,65.7729,0.0],[11.7563,65.7708,0.0],[11.7604,65.7729,0.2903],[11.7708,65.7729,1.7926],[11.7724,65.7745,3.6226],[11.738,65.7745,0.0],[11.7396,65.7729,0.0],[11.7437,65.7729,0.0]]],
[[[11.9911,65.7609,2.5719],[11.9896,65.7625,0.0],[11.9833,65.7625,0.0],[11.9813,65.7604,0.0],[11.9818,65.7589,0.0],[11.9875,65.7583,3.0709],[11.9911,65.7609,2.5719]]],
[[[12.0797,65.763,1.321],[12.0771,65.7646,14.4938],[12.0734,65.7641,0.0],[12.0776,65.7609,0.0],[12.0828,65.7609,0.0],[12.0797,65.763,1.321]]],
[[[12.0479,65.7729,5.8526],[12.0422,65.7724,0.0],[12.0422,65.7693,0.0],[12.0479,65.7667,0.0],[12.0542,65.7667,0.3738],[12.0599,65.7693,11.3604],[12.0542,65.7729,0.0],[12.0479,65.7729,5.8526]]],
[[[12.025,65.7771,0.382],[12.0234,65.7766,0.0],[12.0214,65.7714,0.0],[12.0271,65.7688,7.0578],[12.0349,65.7693,0.0],[12.0391,65.7755,0.0],[12.0375,65.7771,0.0],[12.025,65.7771,0.382]]],
[[[12.0609,65.7797,2.0015],[12.0646,65.7792,0.0],[12.0661,65.7807,0.0],[12.0625,65.7813,3.1769],[12.0609,65.7797,2.0015]]],
[[[11.9896,65.7875,0.0],[11.988,65.7859,0.0],[12.0,65.7813,1.91],[12.0016,65.7818,1.91],[12.0036,65.7891,0.0],[11.9958,65.7896,0.1792],[11.9896,65.7875,0.0]]],
[[[12.0839,65.8068,0.0],[12.0875,65.8063,9.8017],[12.0891,65.8078,0.0],[12.0854,65.8083,2.0182],[12.0839,65.8068,0.0]]],
[[[12.0479,65.8146,0.0],[12.0464,65.8141,0.0],[12.0422,65.8047,2.4885],[12.0474,65.8047,0.0],[12.0484,65.8078,-0.5787],[12.0536,65.8089,0.0],[12.0599,65.813,0.0],[12.0563,65.8167,0.0],[12.0479,65.8146,0.0]]],
[[[11.5786,65.7714,2.4858],[11.5807,65.7745,14.7127],[11.5755,65.7745,0.0],[11.5755,65.7714,11.5607],[11.5786,65.7714,2.4858]]],
[[[11.9833,65.7917,0.0],[11.9911,65.7922,0.0],[11.9911,65.7953,3.2066],[11.988,65.7974,2.5413],[11.9911,65.8078,2.0502],[11.9818,65.8078,0.0],[11.9776,65.8057,0.0],[11.9734,65.7995,4.8753],[11.975,65.7979,0.0],[11.9828,65.7974,0.0],[11.9813,65.7937,0.6324],[11.9833,65.7917,0.0]]],
[[[11.9672,65.8068,2.7513],[11.9708,65.8063,2.0219],[11.9724,65.8078,0.8124],[11.9688,65.8083,0.0],[11.9672,65.8068,2.7513]]],
[[[11.7458,65.85,0.2061],[11.7474,65.8516,0.2648],[11.738,65.8516,0.0],[11.7396,65.85,0.1779],[11.7458,65.85,0.2061]]],
[[[12.0286,65.8193,12.0544],[12.0234,65.8182,0.0],[12.0214,65.8161,0.0],[12.0214,65.8109,3.091],[12.0333,65.8104,2.4111],[12.0411,65.813,0.0],[12.0453,65.8224,0.0],[12.0375,65.8229,0.0],[12.0286,65.8193,12.0544]]],
[[[12.0917,65.8146,3.0244],[12.0938,65.8167,1.3439],[12.0917,65.8187,2.5329],[12.088,65.8151,0.1181],[12.0917,65.8146,3.0244]]],
[[[12.0188,65.8667,2.1204],[12.0208,65.8688,0.0],[12.0188,65.8708,0.0],[12.0151,65.8672,1.5729],[12.0188,65.8667,2.1204]]],
[[[11.9979,65.8792,0.0],[11.9964,65.8776,3.6607],[11.9995,65.8776,0.0],[11.9995,65.8786,0.0],[11.9979,65.8792,0.0]]],
[[[11.7521,65.8542,0.0],[11.7505,65.8536,0.2054],[11.7505,65.8526,0.2063],[11.7536,65.8526,0.2366],[11.7521,65.8542,0.0]]],
[[[11.7437,65.8583,0.0],[11.7422,65.8568,0.2278],[11.7453,65.8568,0.1976],[11.7453,65.8578,0.2244],[11.7437,65.8583,0.0]]],
[[[11.7776,65.8588,0.8895],[11.7813,65.8583,1.7754],[11.7828,65.8599,0.0],[11.7792,65.8604,4.1375],[11.7776,65.8588,0.8895]]],
[[[11.9703,65.8578,0.0],[11.9672,65.8588,0.0],[11.9661,65.862,2.4643],[11.9583,65.8604,5.4227],[11.95,65.8646,0.0],[11.9458,65.8604,0.0],[11.9479,65.8583,0.6736],[11.9583,65.8583,2.1152],[11.9625,65.8562,0.0],[11.9687,65.8562,0.0],[11.9703,65.8578,0.0]]],
[[[11.8104,65.8667,0.4357],[11.8188,65.8667,0.5696],[11.825,65.8646,0.0],[11.826599999999999,65.8651,0.0],[11.8286,65.8724,0.4197],[11.8214,65.8755,0.5823],[11.8188,65.8792,0.0],[11.8151,65.8766,0.4661],[11.8182,65.8734,1.1509],[11.8089,65.8703,1.2216],[11.8068,65.8682,1.5811],[11.8104,65.8667,0.4357]]],
[[[11.7813,65.875,0.7747],[11.7797,65.8745,1.8806],[11.7797,65.8734,1.9082],[11.7828,65.8734,0.6418],[11.7813,65.875,0.7747]]],
[[[11.7932,65.8818,1.3816],[11.7922,65.8797,1.5123],[11.7953,65.8786,0.0],[11.7943,65.8734,0.9301],[11.7958,65.8729,0.7452],[11.8036,65.8734,0.0],[11.812,65.8797,0.7196],[11.8089,65.8818,1.1839],[11.8078,65.8849,0.0],[11.8021,65.8875,0.0],[11.7943,65.8849,2.0394],[11.7932,65.8818,1.3816]]],
[[[12.0036,65.8964,0.0],[12.0047,65.8995,0.0],[12.0099,65.9016,1.9468],[12.0042,65.9021,0.0],[11.9938,65.9063,0.0],[11.9922,65.9047,0.5359],[11.9953,65.9036,0.0],[11.9953,65.9005,0.4306],[11.9854,65.9,0.0],[11.9771,65.8958,1.4223],[11.9688,65.8958,0.0],[11.9661,65.8922,4.9934],[11.9609,65.8901,0.0],[11.9745,65.8891,0.0],[11.9672,65.8849,4.0571],[11.9688,65.8833,0.0],[11.975,65.8833,1.9283],[11.9854,65.8875,0.0],[11.9958,65.8854,0.6529],[11.9995,65.8891,0.0948],[11.9922,65.8922,0.0],[11.9922,65.8953,0.5879],[12.0036,65.8964,0.0]]],
[[[12.1214,65.8214,1.6357],[12.125,65.8208,0.2554],[12.1266,65.8224,0.0],[12.1229,65.8229,2.8886],[12.1214,65.8214,1.6357]]],
[[[12.1943,65.8266,2.679],[12.1932,65.8234,4.8324],[12.188,65.8224,0.0],[12.1859,65.8193,0.0],[12.1953,65.8193,0.0],[12.2,65.8271,9.1608],[12.1979,65.8292,4.6211],[12.1943,65.8266,2.679]]],
[[[12.0849,65.8297,0.3393],[12.0818,65.8234,0.0],[12.0875,65.8208,0.7439],[12.0938,65.8229,0.0],[12.1042,65.8229,1.1232],[12.1078,65.8255,0.0],[12.1047,65.8276,0.0],[12.1057,65.8328,0.0],[12.1042,65.8333,0.0],[12.0917,65.8333,0.0],[12.0849,65.8297,0.3393]]],
[[[12.2068,65.8297,0.0],[12.2104,65.8292,0.0],[12.212,65.8307,9.4923],[12.2083,65.8313,0.0],[12.2068,65.8297,0.0]]],
[[[12.2958,65.8208,0.0],[12.2943,65.8203,0.0],[12.2943,65.8193,0.0],[12.2974,65.8193,4.8912],[12.2958,65.8208,0.0]]],
[[[12.2208,65.8229,0.0],[12.2193,65.8224,3.681],[12.2193,65.8214,0.0],[12.2224,65.8214,0.0],[12.2208,65.8229,0.0]]],
[[[12.2922,65.8287,0.0],[12.2911,65.8255,0.0],[12.2859,65.8245,0.0],[12.2839,65.8214,1.5526],[12.2932,65.8214,0.0],[12.2964,65.8245,0.0],[12.3016,65.8255,0.0],[12.3042,65.8313,0.0],[12.3021,65.8333,5.7829],[12.2922,65.8287,0.0]]],
[[[12.2479,65.8292,0.0],[12.2458,65.8271,0.0],[12.2495,65.8245,0.0],[12.2484,65.8214,0.0],[12.25,65.8208,2.9325],[12.2536,65.8214,0.0],[12.2547,65.8245,15.2764],[12.2599,65.8255,0.0],[12.2646,65.8333,13.6201],[12.263,65.8391,26.6483],[12.2661,65.8401,0.0],[12.2682,65.8432,0.0],[12.2547,65.8432,0.0],[12.25,65.8354,0.0],[12.2536,65.8318,0.0],[12.2516,65.8297,0.0],[12.2479,65.8292,0.0]]],
[[[12.1188,65.8292,0.0],[12.1266,65.8318,0.0],[12.1286,65.837,0.0],[12.1229,65.8396,1.5341],[12.1167,65.8375,0.0],[12.1125,65.8396,0.0],[12.1063,65.8396,0.0],[12.1026,65.837,0.0],[12.1151,65.8297,0.0],[12.1188,65.8292,0.0]]],
[[[12.2063,65.8396,0.0],[12.2042,65.8417,2.6961],[12.1979,65.8417,0.0],[12.1958,65.8396,0.0],[12.1979,65.8375,7.3338],[12.2042,65.8375,0.0],[12.2063,65.8396,0.0]]],
[[[12.1479,65.8521,6.5906],[12.1464,65.8516,11.8225],[12.1464,65.8505,10.3594],[12.1495,65.8505,8.449],[12.1479,65.8521,6.5906]]],
[[[12.1813,65.8604,0.0],[12.1849,65.8609,0.0],[12.187,65.8641,0.0],[12.1792,65.8646,0.0],[12.175,65.8667,2.5708],[12.1609,65.862,1.157],[12.1604,65.8604,0.0],[12.163,65.8526,6.8413],[12.175,65.8521,8.0188],[12.1786,65.8568,15.4587],[12.1755,65.8599,2.4157],[12.1813,65.8604,0.0]]],
[[[12.3411,65.8776,0.0],[12.3359,65.8766,0.0],[12.3359,65.8734,0.0],[12.3417,65.8708,0.0],[12.3495,65.8734,0.0],[12.3464,65.8755,0.0],[12.3453,65.8786,9.3324],[12.3411,65.8776,0.0]]],
[[[12.375,65.9292,0.0],[12.3766,65.9297,0.0],[12.3766,65.9328,0.0],[12.3651,65.9339,0.0],[12.3625,65.9375,0.0],[12.3458,65.9375,0.0],[12.3417,65.9333,7.8857],[12.3229,65.9333,0.0],[12.3188,65.9292,6.3204],[12.3109,65.9307,0.0],[12.3078,65.9255,7.2392],[12.3026,65.9245,0.0],[12.3005,65.9193,8.3323],[12.3099,65.9182,0.0],[12.3047,65.9151,0.0],[12.3104,65.9125,0.0],[12.3146,65.9146,5.5434],[12.3224,65.9141,0.0],[12.3224,65.9109,3.5346],[12.3203,65.9089,3.2376],[12.3151,65.9078,2.3058],[12.3141,65.9047,7.635],[12.3026,65.9016,0.0],[12.2995,65.8964,2.4668],[12.2818,65.8912,0.0],[12.2807,65.888,0.0],[12.2568,65.8807,0.0],[12.2495,65.8672,0.0],[12.2417,65.8667,0.0],[12.238,65.8641,0.0],[12.2359,65.8588,0.0],[12.2396,65.8562,0.0],[12.2349,65.8464,0.0],[12.2234,65.8432,0.0],[12.2214,65.8411,0.0],[12.2193,65.8339,0.0],[12.2474,65.8401,0.0],[12.2495,65.8453,0.0],[12.2464,65.8474,10.7974],[12.2557,65.8505,4.306],[12.2609,65.8599,0.0],[12.2661,65.8609,0.0],[12.2682,65.863,0.0],[12.2651,65.8662,10.7736],[12.2729,65.8667,0.0],[12.2771,65.8646,0.4967],[12.2833,65.8646,13.2419],[12.2911,65.8672,0.0],[12.2943,65.8766,2.789],[12.2995,65.8776,0.9572],[12.3016,65.8797,0.0],[12.3,65.8812,2.7099],[12.2922,65.8818,1.4534],[12.2984,65.8932,0.0],[12.3063,65.8958,0.0],[12.3182,65.8953,0.0],[12.313,65.8932,0.0],[12.3104,65.8875,0.0],[12.3125,65.8854,7.4953],[12.3172,65.8891,0.0],[12.3224,65.8901,0.0],[12.3234,65.8932,0.0],[12.3349,65.8964,0.0],[12.3234,65.9026,4.9589],[12.3255,65.9057,0.0],[12.3286,65.9068,0.0],[12.3255,65.9099,0.0],[12.3391,65.9151,0.0],[12.3417,65.9187,2.6905],[12.3453,65.9182,0.0],[12.3443,65.9151,0.0],[12.3484,65.913,2.3246],[12.3536,65.913,0.0],[12.3547,65.9161,3.6848],[12.3599,65.9172,0.0],[12.362,65.9193,0.0],[12.3651,65.9245,0.0],[12.3703,65.9255,0.0],[12.3714,65.9287,0.0],[12.375,65.9292,0.0]]],
[[[12.3349,65.888,0.0],[12.337,65.8912,24.3687],[12.3339,65.8912,0.0],[12.3318,65.8891,4.8309],[12.3349,65.888,0.0]]],
[[[12.2359,65.9141,0.0],[12.2297,65.912,0.0],[12.2276,65.9068,0.7884],[12.2354,65.9063,0.0],[12.2432,65.9089,0.0],[12.2458,65.9125,2.835],[12.2438,65.9146,6.4136],[12.2359,65.9141,0.0]]],
[[[12.1724,65.8672,2.559],[12.1745,65.8703,3.1347],[12.1693,65.8703,0.0],[12.1693,65.8672,1.284],[12.1724,65.8672,2.559]]],
[[[12.2042,65.8854,6.1135],[12.2026,65.8839,0.0],[12.2057,65.8839,6.118],[12.2057,65.8849,11.2158],[12.2042,65.8854,6.1135]]],
[[[12.2047,65.8901,1.1117],[12.2083,65.8896,0.0],[12.2099,65.8912,0.0],[12.2063,65.8917,4.7472],[12.2047,65.8901,1.1117]]],
[[[12.2078,65.9068,0.4562],[12.2078,65.9099,0.0],[12.2063,65.9104,0.0],[12.2021,65.9063,6.6135],[12.2042,65.9042,0.0],[12.2078,65.9068,0.4562]]],
[[[12.1318,65.8964,0.0],[12.1438,65.8938,5.2399],[12.1479,65.8958,0.0],[12.162,65.8964,0.0],[12.162,65.8995,7.5965],[12.1589,65.9016,0.0],[12.1703,65.9026,6.3775],[12.1703,65.9057,0.0],[12.1672,65.9078,0.4699],[12.1828,65.9089,1.1499],[12.1849,65.9141,0.0],[12.1813,65.9167,4.5134],[12.1828,65.9224,3.5799],[12.1771,65.925,1.2345],[12.1667,65.925,0.0],[12.1604,65.9208,-0.5],[12.15,65.9208,0.0],[12.1422,65.9182,4.4743],[12.1349,65.9047,0.7423],[12.1297,65.9016,0.2899],[12.1318,65.8964,0.0]]],
[[[12.1417,65.9208,0.0],[12.1557,65.9255,1.8962],[12.1563,65.9292,2.7361],[12.1536,65.9349,0.0],[12.1443,65.9349,1.0427],[12.1422,65.9307,0.1476],[12.1453,65.9287,0.0],[12.1438,65.9271,0.0],[12.1188,65.9292,4.3216],[12.1146,65.9333,1.1211],[12.1042,65.9333,1.2482],[12.1026,65.9328,0.0],[12.0995,65.9255,0.4683],[12.0943,65.9234,0.3972],[12.1057,65.9193,4.3622],[12.0964,65.9182,0.0],[12.0901,65.9161,0.0],[12.0854,65.9125,1.761],[12.0813,65.9146,0.0],[12.075,65.9146,0.0],[12.0672,65.912,6.7942],[12.063,65.9026,0.0],[12.0729,65.8979,0.0],[12.0792,65.8979,0.0],[12.1021,65.9063,-0.0648],[12.1078,65.9036,0.0],[12.1078,65.9005,11.1316],[12.0938,65.9,3.7393],[12.0922,65.8984,0.0],[12.1083,65.8958,0.0],[12.113,65.8995,0.0],[12.1182,65.9005,0.7355],[12.1193,65.9036,1.2631],[12.1245,65.9068,1.2447],[12.1214,65.9099,0.0],[12.1255,65.9182,1.4176],[12.1333,65.9208,1.9068],[12.1417,65.9208,0.0]]],
[[[12.175,65.9271,-0.099],[12.1771,65.9292,2.3039],[12.175,65.9313,0.0],[12.1714,65.9276,3.509],[12.175,65.9271,-0.099]]],
[[[12.1417,65.9771,7.6343],[12.1479,65.9771,0.5209],[12.1495,65.9786,0.0],[12.1417,65.9792,3.1257],[12.1401,65.9797,7.6374],[12.1411,65.9828,1.0541],[12.1359,65.9828,2.2366],[12.1339,65.9776,0.6732],[12.1417,65.9771,7.6343]]],
[[[12.2995,65.9182,0.0],[12.2938,65.9208,6.9597],[12.2875,65.9187,10.5257],[12.2854,65.9208,0.0],[12.2859,65.9224,0.0],[12.2911,65.9234,0.0],[12.2995,65.9287,8.2302],[12.2854,65.9292,0.0],[12.2776,65.9266,0.0],[12.2724,65.9172,0.0],[12.2604,65.9187,0.0],[12.2589,65.9182,0.3307],[12.2568,65.913,3.4105],[12.2703,65.912,0.0],[12.2703,65.9089,2.6993],[12.2651,65.9078,0.0],[12.263,65.9047,0.0],[12.2708,65.9042,0.0],[12.2797,65.9099,0.0],[12.2849,65.9109,0.0],[12.288,65.9141,0.0],[12.2995,65.9182,0.0]]],
[[[12.2297,65.9318,0.0],[12.2333,65.9313,1.0476],[12.2349,65.9328,1.8159],[12.2313,65.9333,0.0],[12.2297,65.9318,0.0]]],
[[[12.3,65.9437,0.0],[12.3016,65.9453,0.0],[12.2958,65.9479,6.1824],[12.2901,65.9484,0.0],[12.2896,65.95,4.353],[12.2922,65.9537,4.8682],[12.2974,65.9547,6.2886],[12.2974,65.9578,6.9245],[12.2958,65.9583,0.0],[12.288,65.9557,0.0],[12.2849,65.9526,3.9193],[12.2734,65.9495,0.0],[12.2734,65.9464,0.0],[12.2766,65.9443,0.0],[12.2688,65.9417,0.0],[12.2589,65.9411,0.0],[12.2547,65.9391,0.0],[12.2526,65.9359,0.0],[12.2583,65.9333,0.0],[12.2875,65.9437,0.5869],[12.3,65.9437,0.0]]],
[[[12.337,65.9943,0.0],[12.3443,65.9995,0.6653],[12.3495,66.0005,0.0],[12.3505,66.0036,0.0],[12.3708,66.0104,1.1793],[12.3792,66.0104,0.0],[12.387,66.0141,0.0],[12.3688,66.0146,0.0],[12.3646,66.0125,2.6829],[12.3563,66.0125,0.0],[12.3521,66.0104,6.2609],[12.3396,66.0104,0.0],[12.3313,66.0062,10.1947],[12.3125,66.0062,0.0],[12.3083,66.0021,0.0],[12.2979,66.0062,0.0],[12.2813,66.0042,0.0],[12.2797,66.0047,0.0],[12.2807,66.0078,4.1006],[12.2729,66.0104,0.0],[12.2672,66.0078,0.0],[12.2703,66.0057,5.2822],[12.2682,66.0005,0.2858],[12.2583,66.0,2.9643],[12.2542,65.9979,5.1219],[12.25,66.0,0.0],[12.2318,66.0005,0.0],[12.2333,66.0021,13.7848],[12.2417,66.0021,4.1405],[12.2432,66.0036,1.1623],[12.225,66.0125,0.0],[12.2083,66.0146,0.0],[12.2042,66.0125,1.3198],[12.1938,66.0125,19.9079],[12.1901,66.0089,0.9431],[12.1932,66.0078,1.5032],[12.1943,66.0047,1.0266],[12.201599999999999,66.0036,1.7912],[12.2057,66.0016,1.4946],[12.2068,65.9984,0.0],[12.2141,65.9953,12.2043],[12.212,65.9901,6.0824],[12.2005,65.987,5.9291],[12.1958,65.9833,0.0],[12.1833,65.9833,3.1452],[12.1792,65.9812,12.589],[12.1714,65.9807,1.102],[12.1708,65.9792,9.1109],[12.1729,65.9771,8.9791],[12.1771,65.9771,20.7908],[12.1813,65.9792,5.2867],[12.2042,65.9792,4.6097],[12.2083,65.9771,0.0],[12.212,65.9797,0.0],[12.213,65.9828,10.2344],[12.2229,65.9833,0.0],[12.2271,65.9854,3.6013],[12.2313,65.9833,0.0],[12.2349,65.9859,0.0],[12.2359,65.9891,28.8858],[12.2474,65.9901,0.0],[12.2484,65.9932,0.0],[12.2599,65.9943,0.0],[12.2625,65.9979,3.0432],[12.2766,65.9974,13.0039],[12.2625,65.9917,6.6702],[12.2526,65.9912,0.0],[12.25,65.9875,7.4812],[12.2401,65.987,0.0],[12.238,65.9818,0.0],[12.2453,65.9786,0.0],[12.2453,65.9755,3.6304],[12.2359,65.9745,2.3231],[12.2328,65.9714,0.0],[12.2276,65.9703,0.0],[12.2266,65.9672,3.1804],[12.213,65.962,0.0],[12.2146,65.9604,0.0],[12.2208,65.9604,0.0],[12.2333,65.9563,2.1022],[12.2396,65.9563,0.0],[12.2411,65.9547,2.0519],[12.2333,65.9521,1.221],[12.225,65.9521,0.0],[12.2047,65.9453,0.3004],[12.2078,65.9432,1.4372],[12.2078,65.9401,1.0968],[12.1964,65.937,0.0],[12.2036,65.9318,0.0],[12.1984,65.9307,2.4618],[12.201599999999999,65.9276,0.0],[12.1964,65.9266,0.0],[12.1995,65.9234,3.3269],[12.1943,65.9213,0.0],[12.2,65.9187,5.3855],[12.2063,65.9187,0.0],[12.2151,65.9245,0.0],[12.2203,65.9255,0.0],[12.213,65.9297,2.9454],[12.2172,65.937,0.6171],[12.225,65.9375,0.0],[12.2292,65.9396,4.8886],[12.2417,65.9396,0.0],[12.2495,65.9422,1.7726],[12.2526,65.9474,0.0],[12.2578,65.9484,0.0],[12.2589,65.9516,3.3231],[12.2688,65.9521,1.1717],[12.2828,65.9568,0.0],[12.2828,65.9599,0.0],[12.2755,65.9641,0.0],[12.287,65.9651,2.0681],[12.288,65.9682,0.0],[12.2917,65.9708,1.8514],[12.2958,65.9688,1.5937],[12.3063,65.9729,0.0],[12.3125,65.9708,0.6914],[12.3203,65.9734,0.0],[12.3234,65.9766,1.4713],[12.3286,65.9776,2.5753],[12.3297,65.9807,1.2926],[12.3333,65.9833,0.7168],[12.3479,65.9833,2.9707],[12.3542,65.9812,0.0],[12.3589,65.987,6.8651],[12.3682,65.988,0.0],[12.3708,65.9917,1.6732],[12.3688,65.9938,2.9344],[12.3563,65.9896,0.0],[12.3479,65.9938,0.0],[12.3438,65.9917,4.4391],[12.3318,65.9922,0.0],[12.337,65.9943,0.0]]],
[[[12.1583,65.9875,0.9609],[12.1547,65.987,8.0486],[12.1526,65.9838,0.0],[12.1583,65.9812,0.0],[12.162,65.9818,0.0],[12.1641,65.987,0.0],[12.1583,65.9875,0.9609]]],
[[[12.188,65.9953,0.0],[12.188,65.9922,0.0],[12.1911,65.9912,2.9261],[12.1896,65.9875,16.8545],[12.1917,65.9854,0.0],[12.1964,65.9891,31.7116],[12.201599999999999,65.9901,0.0],[12.2036,65.9943,0.0],[12.1979,65.9979,0.0],[12.188,65.9953,0.0]]],
[[[12.1708,65.9958,0.0],[12.1771,65.9979,1.3016],[12.1813,65.9958,0.0],[12.1911,66.0016,0.0],[12.1833,66.0042,1.908],[12.1792,66.0021,0.0],[12.1651,66.0016,0.0],[12.1708,65.9958,0.0]]],
[[[12.1667,66.0083,1.4429],[12.1703,66.0109,0.0],[12.1703,66.0141,0.0],[12.1542,66.0167,7.2625],[12.15,66.0146,2.8174],[12.1422,66.0141,2.7821],[12.1359,66.0026,0.0],[12.1479,66.0021,0.0],[12.1526,66.0057,1.506],[12.1667,66.0083,1.4429]]],
[[[12.0146,65.8938,0.2916],[12.0068,65.8912,0.0],[12.0047,65.888,0.0],[12.0203,65.888,0.0],[12.0203,65.8912,0.0],[12.0146,65.8938,0.2916]]],
[[[12.0729,65.8958,8.1531],[12.0667,65.8958,0.0],[12.0651,65.8943,0.0],[12.0708,65.8917,0.0],[12.0828,65.8922,2.5663],[12.0786,65.8953,4.4834],[12.0729,65.8958,8.1531]]],
[[[12.025,65.9021,0.5846],[12.0172,65.9016,0.0],[12.0151,65.8995,1.1158],[12.0151,65.8964,-0.0746],[12.0271,65.8979,0.0],[12.0307,65.9005,0.0],[12.0292,65.9021,0.0],[12.025,65.9021,0.5846]]],
[[[12.0474,65.9057,0.0],[12.0417,65.9083,0.0],[12.038,65.9047,0.6939],[12.0458,65.9042,1.1043],[12.0474,65.9057,0.0]]],
[[[12.0182,65.9089,0.4072],[12.0203,65.912,0.1356],[12.0172,65.912,1.1695],[12.0151,65.9099,0.6018],[12.0182,65.9089,0.4072]]],
[[[12.0125,66.0021,6.2412],[12.0104,66.0042,0.0],[12.0026,66.0005,0.0],[12.0104,66.0,0.1524],[12.0125,66.0021,6.2412]]],
[[[12.0792,66.0062,0.0],[12.0807,66.0078,0.68],[12.0714,66.0078,3.9249],[12.0729,66.0062,0.3463],[12.0792,66.0062,0.0]]],
[[[12.0436,66.0587,0.0],[12.0417,66.0604,0.0],[12.0375,66.0583,0.1529],[12.0297,66.0589,0.0],[12.0297,66.062,0.0],[12.0349,66.063,0.0],[12.037,66.0651,0.0],[12.0339,66.0672,1.3633],[12.0339,66.0703,0.0],[12.0479,66.0708,0.0],[12.062,66.0755,0.0],[12.0641,66.0776,0.0],[12.0641,66.0807,3.3317],[12.0583,66.0833,3.7863],[12.0521,66.0833,0.0],[12.0474,66.0776,1.9061],[12.0396,66.0771,0.0],[12.0318,66.0745,1.5597],[12.0286,66.0693,6.4993],[12.0172,66.0661,4.0208],[12.0109,66.062,0.0],[12.0057,66.0526,0.0],[12.0036,66.0505,0.0],[11.9984,66.0495,4.2546],[11.9953,66.0422,1.482],[11.9813,66.0375,0.5243],[11.975,66.0375,0.0],[11.9734,66.0359,0.4167],[11.9807,66.0349,1.1222],[11.9849,66.0328,1.1572],[11.9875,66.0292,4.8942],[12.0078,66.0359,1.6747],[12.0047,66.0391,0.0],[12.0161,66.0422,4.6583],[12.0172,66.0453,0.0],[12.025,66.0479,0.0],[12.0286,66.0474,0.0],[12.0276,66.0443,0.0],[12.0354,66.0437,0.0],[12.0401,66.0495,0.0],[12.0453,66.0505,20.245],[12.0453,66.0537,6.6115],[12.0422,66.0547,0.0],[12.0436,66.0587,0.0]]],
[[[11.6875,66.0125,10.3982],[11.6891,66.0141,11.8804],[11.6797,66.0141,0.0],[11.6813,66.0125,0.0],[11.6875,66.0125,10.3982]]],
[[[11.787,66.0255,8.7473],[11.7891,66.0286,7.4296],[11.7839,66.0286,11.0022],[11.7839,66.0255,15.0114],[11.787,66.0255,8.7473]]],
[[[11.7917,66.0313,2.5715],[11.7901,66.0307,9.4775],[11.7901,66.0297,7.3535],[11.7932,66.0297,8.0442],[11.7917,66.0313,2.5715]]],
[[[11.8104,66.0333,0.0],[11.8125,66.0354,13.3023],[11.8104,66.0375,0.0],[11.8068,66.0339,0.0],[11.8104,66.0333,0.0]]],
[[[12.0474,66.1005,0.6246],[12.0495,66.1036,1.1429],[12.0443,66.1036,0.0],[12.0443,66.1005,4.2217],[12.0474,66.1005,0.6246]]],
[[[12.0286,66.1151,0.0],[12.0307,66.1182,4.7463],[12.0255,66.1182,0.0],[12.0255,66.1151,1.5424],[12.0286,66.1151,0.0]]],
[[[12.0484,66.1203,0.0],[12.0422,66.1172,0.0],[12.0479,66.1146,2.605],[12.0578,66.1193,0.0],[12.0563,66.1208,2.9407],[12.0484,66.1203,0.0]]],
[[[12.0521,66.125,0.0],[12.0505,66.1234,9.1014],[12.0536,66.1234,0.0],[12.0536,66.1245,0.0],[12.0521,66.125,0.0]]],
[[[12.3401,65.9797,0.96],[12.3438,65.9792,2.0804],[12.3453,65.9807,3.3931],[12.3417,65.9812,2.5472],[12.3401,65.9797,0.96]]],
[[[12.2604,66.0125,0.0],[12.2589,66.012,0.0],[12.2589,66.0109,0.0],[12.262,66.0109,4.4896],[12.2604,66.0125,0.0]]],
[[[12.2625,66.0229,0.0],[12.264099999999999,66.0266,0.8547],[12.25,66.0313,0.0],[12.2333,66.0313,0.0],[12.2292,66.0292,3.2555],[12.2208,66.0292,0.4239],[12.2188,66.0271,0.0],[12.2193,66.0255,0.0],[12.2266,66.0245,0.0],[12.2292,66.0208,0.0],[12.2396,66.0208,0.0],[12.2443,66.0245,0.0],[12.2474,66.0245,2.0134],[12.2521,66.0208,0.0],[12.2516,66.0193,3.712],[12.2464,66.0182,0.0],[12.2479,66.0167,4.1934],[12.2583,66.0167,5.6995],[12.2661,66.0193,0.0],[12.2625,66.0229,0.0]]],
[[[12.2292,66.0542,2.8334],[12.2276,66.0537,1.8225],[12.2276,66.0526,0.0],[12.2307,66.0526,0.0],[12.2292,66.0542,2.8334]]],
[[[12.1417,66.0229,0.0],[12.1401,66.0214,0.3966],[12.1432,66.0214,0.7008],[12.1432,66.0224,1.2445],[12.1417,66.0229,0.0]]],
[[[12.1771,66.0542,0.0],[12.1708,66.0542,0.0],[12.1693,66.0526,8.1217],[12.1771,66.05,0.0],[12.1813,66.0521,2.0139],[12.1875,66.0521,0.0],[12.1953,66.0557,7.7927],[12.1896,66.0583,0.8132],[12.1771,66.0542,0.0]]],
[[[12.2104,66.0604,2.1377],[12.2063,66.0604,0.0],[12.1984,66.0568,2.8864],[12.2104,66.0563,0.0],[12.2182,66.0589,0.3204],[12.2203,66.062,0.0],[12.2167,66.0625,1.0035],[12.2104,66.0604,2.1377]]],
[[[12.1974,66.0589,0.0],[12.1995,66.062,0.0],[12.1943,66.062,0.0],[12.1943,66.0589,0.0],[12.1974,66.0589,0.0]]],
[[[12.2354,66.0563,0.0],[12.2339,66.0547,2.3871],[12.237,66.0547,1.9372],[12.237,66.0557,3.8927],[12.2354,66.0563,0.0]]],
[[[12.2495,66.0599,3.0753],[12.2458,66.0604,0.0],[12.238,66.0568,0.0],[12.2536,66.0568,0.0],[12.2495,66.0599,3.0753]]],
[[[12.2729,66.0604,2.651],[12.2714,66.0599,2.651],[12.2714,66.0589,2.9254],[12.2745,66.0589,0.0],[12.2729,66.0604,2.651]]],
[[[12.2193,66.0693,0.7646],[12.2229,66.0687,0.0],[12.2245,66.0703,0.0],[12.2208,66.0708,3.8122],[12.2193,66.0693,0.7646]]],
[[[12.1417,66.0708,0.0],[12.1438,66.0729,3.117],[12.1417,66.075,1.6165],[12.138,66.0714,4.0561],[12.1417,66.0708,0.0]]],
[[[12.1792,66.0771,0.0],[12.1714,66.0766,0.0],[12.1693,66.0745,0.0],[12.1693,66.0714,11.2622],[12.1813,66.075,0.0],[12.1896,66.075,0.0],[12.1917,66.0771,10.2849],[12.1896,66.0792,0.0],[12.1854,66.0771,1.833],[12.1792,66.0771,0.0]]],
[[[12.2104,66.0771,3.4164],[12.212,66.0787,11.1878],[12.2026,66.0787,0.0],[12.2042,66.0771,4.1148],[12.2104,66.0771,3.4164]]],
[[[12.1896,66.0833,0.0],[12.1813,66.0833,0.0],[12.1776,66.0797,3.9795],[12.1854,66.0792,0.0],[12.1932,66.0818,0.0],[12.1896,66.0833,0.0]]],
[[[12.2432,66.1432,0.2862],[12.2396,66.1438,0.5913],[12.238,66.1422,1.5199],[12.2411,66.1412,0.0],[12.2438,66.1375,0.1087],[12.2474,66.1412,0.0],[12.2432,66.1432,0.2862]]],
[[[12.3651,66.1693,0.0],[12.3682,66.1672,2.2944],[12.3547,66.1672,0.0],[12.3536,66.1703,0.0],[12.3464,66.1734,0.4241],[12.35,66.1813,6.1771],[12.3464,66.1839,5.3441],[12.3474,66.1891,0.0],[12.3339,66.1891,0.0],[12.337,66.1859,0.0],[12.3349,66.1839,0.0],[12.3297,66.1828,0.0],[12.3292,66.1813,0.0],[12.3297,66.1797,0.0],[12.337,66.1766,0.0],[12.3349,66.1734,0.0],[12.3234,66.1703,0.0],[12.3224,66.1672,2.7368],[12.3172,66.1661,1.4933],[12.3141,66.1609,1.0485],[12.3089,66.1599,0.0],[12.3036,66.1505,0.6616],[12.2984,66.1495,0.0],[12.2974,66.1464,3.2955],[12.2859,66.1432,0.0],[12.2828,66.138,1.356],[12.2693,66.1328,0.0],[12.2724,66.1307,1.0095],[12.2724,66.1276,0.0],[12.2547,66.1214,0.0],[12.2604,66.1188,2.187],[12.2667,66.1188,0.0],[12.2771,66.1229,0.0],[12.2896,66.1229,0.0],[12.3078,66.1276,0.0],[12.3109,66.1307,0.0],[12.3161,66.1318,0.0],[12.3172,66.1349,0.0],[12.3224,66.1359,0.0],[12.3255,66.1391,0.0],[12.3333,66.1417,0.0],[12.3391,66.1401,0.0],[12.3411,66.1432,0.0],[12.337,66.1453,0.0],[12.3333,66.1458,2.6507],[12.3292,66.1438,0.0],[12.3276,66.1453,0.0],[12.3297,66.1495,0.0],[12.3375,66.1521,0.0],[12.3453,66.1526,0.0],[12.3422,66.1547,1.6086],[12.3443,66.1599,0.0],[12.3521,66.1625,0.0],[12.3557,66.162,0.0],[12.3526,66.1547,2.14],[12.3563,66.1542,0.0],[12.3703,66.1589,0.0],[12.3714,66.162,0.7778],[12.3792,66.1646,2.3161],[12.389099999999999,66.1651,0.0],[12.3932,66.1745,0.0],[12.375,66.175,0.0],[12.3672,66.1724,0.0],[12.3651,66.1693,0.0]]],
[[[12.2979,66.1604,0.0],[12.3,66.1625,0.0],[12.2979,66.1646,0.6513],[12.2943,66.1609,0.0],[12.2979,66.1604,0.0]]],
[[[12.3125,66.1667,2.2906],[12.3161,66.1682,3.3042],[12.3089,66.1682,0.0],[12.3089,66.1672,0.0],[12.3125,66.1667,2.2906]]],
[[[12.2917,66.1708,0.0],[12.2854,66.1708,0.0],[12.2839,66.1693,1.4816],[12.2896,66.1667,0.4347],[12.2932,66.1693,0.0],[12.2917,66.1708,0.0]]],
[[[12.3172,66.1776,0.0],[12.3208,66.1771,1.2501],[12.3224,66.1787,4.3382],[12.3188,66.1792,0.0],[12.3172,66.1776,0.0]]],
[[[12.213,66.2047,0.8348],[12.2224,66.2068,0.0],[12.2245,66.2089,0.0],[12.2214,66.212,0.2234],[12.2266,66.213,0.0],[12.2266,66.2161,1.207],[12.2234,66.2172,0.0],[12.2255,66.2203,1.8655],[12.2333,66.2208,0.0],[12.2411,66.2234,0.0],[12.2432,66.2266,1.4185],[12.2354,66.2271,0.0],[12.225,66.2229,10.2005],[12.2109,66.2224,0.0],[12.2089,66.2203,3.9549],[12.2125,66.2167,0.0],[12.2104,66.2146,0.0],[12.1917,66.2146,0.0],[12.1839,66.212,0.0],[12.1854,66.2104,2.7114],[12.1958,66.2104,0.0],[12.2,66.2083,0.0],[12.2063,66.2083,0.0],[12.213,66.2047,0.8348]]],
[[[12.2526,66.2255,0.0],[12.2563,66.225,0.0],[12.2578,66.2266,4.516],[12.2542,66.2271,0.0],[12.2526,66.2255,0.0]]],
[[[12.3307,66.2286,7.1286],[12.3229,66.2292,0.0],[12.3214,66.2276,2.6236],[12.3292,66.2271,0.0],[12.3307,66.2286,7.1286]]],
[[[12.2589,66.2276,5.4087],[12.2625,66.2271,2.6435],[12.264099999999999,66.2286,0.0],[12.2604,66.2292,3.2643],[12.2589,66.2276,5.4087]]],
[[[12.2776,66.2338,0.4683],[12.2813,66.2333,0.0],[12.2828,66.2349,17.0279],[12.2792,66.2354,1.6929],[12.2776,66.2338,0.4683]]],
[[[12.2729,66.2542,0.0],[12.2766,66.2547,11.6218],[12.2786,66.2578,5.5179],[12.2708,66.2583,0.0],[12.2667,66.2604,-0.1135],[12.2526,66.2557,2.1774],[12.2474,66.2464,5.7478],[12.2229,66.2438,3.2867],[12.2089,66.2391,0.4006],[12.2057,66.2338,0.0],[12.2005,66.2318,0.0],[12.2063,66.2292,0.0],[12.2099,66.2318,0.0],[12.213,66.237,0.0],[12.2208,66.2375,0.0],[12.2375,66.2438,3.8886],[12.2438,66.2417,0.0],[12.2479,66.2438,0.0],[12.25,66.2417,0.0],[12.2474,66.238,2.1424],[12.2396,66.2354,0.0],[12.2292,66.2354,0.8451],[12.2255,66.2318,0.0],[12.2479,66.2312,0.0],[12.2542,66.2354,1.9159],[12.2724,66.2359,1.8788],[12.2708,66.2375,0.0],[12.2604,66.2375,5.1508],[12.2589,66.2391,17.65],[12.2688,66.2396,0.0],[12.2792,66.2438,15.5043],[12.287,66.2443,0.0],[12.2891,66.2464,5.1022],[12.2833,66.2521,0.0],[12.2771,66.2521,0.0],[12.2651,66.2484,0.0],[12.2651,66.2516,21.9818],[12.2729,66.2542,0.0]]],
[[[12.1797,66.2224,2.9779],[12.1911,66.2255,3.6647],[12.1911,66.2286,9.2625],[12.188,66.2297,0.0],[12.1891,66.2328,4.4025],[12.1833,66.2354,4.9564],[12.1771,66.2354,0.0],[12.1755,66.2338,0.8397],[12.1786,66.2318,0.0],[12.1766,66.2297,0.0],[12.1688,66.2312,0.0],[12.1505,66.2266,0.0],[12.1604,66.2229,14.0154],[12.1667,66.225,0.7331],[12.1745,66.2245,0.0],[12.1693,66.2224,0.0],[12.1708,66.2208,5.2747],[12.1771,66.2208,0.5987],[12.1797,66.2224,2.9779]]],
[[[12.1958,66.2312,6.9605],[12.1943,66.2297,10.5983],[12.1974,66.2297,0.0],[12.1974,66.2307,4.2607],[12.1958,66.2312,6.9605]]],
[[[12.1688,66.2479,4.8753],[12.1625,66.2479,1.2042],[12.1609,66.2464,0.9111],[12.1667,66.2438,0.0],[12.1703,66.2464,2.7741],[12.1688,66.2479,4.8753]]],
[[[12.1203,66.4995,5.5729],[12.1146,66.5021,0.0],[12.1109,66.5016,6.476],[12.1104,66.5,0.0],[12.1125,66.4979,0.0],[12.1188,66.4979,0.0],[12.1203,66.4995,5.5729]]],
[[[14.1417,66.3375,0.0],[14.1401,66.3359,4.0475],[14.1432,66.3359,24.6174],[14.1438,66.3375,0.0],[14.1417,66.3375,0.0]]],
[[[13.3396,66.2354,0.0],[13.3354,66.2333,15.5401],[13.3292,66.2333,0.0],[13.3276,66.2318,2.4842],[13.3438,66.2312,0.0],[13.3474,66.2338,6.4906],[13.3458,66.2354,0.0],[13.3396,66.2354,0.0]]],
[[[13.7964,66.163,1.9077],[13.7995,66.163,1.4222],[13.7995,66.1641,0.0],[13.7964,66.1641,0.0],[13.7964,66.163,1.9077]]],
[[[13.7458,66.2458,5.7339],[13.7359,66.2422,21.6425],[13.7479,66.2417,47.9126],[13.7516,66.2443,0.0],[13.75,66.2458,0.0],[13.7458,66.2458,5.7339]]],
[[[13.6563,66.8792,18.994],[13.6479,66.8792,5.9278],[13.6443,66.8755,0.0],[13.6599,66.8776,0.0],[13.6563,66.8792,18.994]]],
[[[13.6849,66.863,21.7304],[13.687,66.8682,0.0],[13.6776,66.8693,0.0],[13.6786,66.8724,5.2324],[13.6771,66.8729,5.2324],[13.6708,66.8729,0.0],[13.6661,66.8693,0.0],[13.6609,66.8682,0.0],[13.6583,66.8646,0.0],[13.6318,66.862,0.0],[13.639099999999999,66.8578,30.2715],[13.637,66.8547,159.3464],[13.6167,66.8521,0.0],[13.612,66.8484,0.0],[13.6068,66.8474,0.0],[13.6099,66.8453,0.0],[13.6109,66.8422,0.0],[13.6141,66.8411,0.0],[13.6125,66.8375,0.0],[13.6141,66.8339,20.0837],[13.6062,66.8333,85.7999],[13.6021,66.8354,9.572],[13.5979,66.8333,87.025],[13.5854,66.8333,178.8348],[13.5813,66.8354,43.6435],[13.5708,66.8354,0.0],[13.5672,66.8318,0.0],[13.5703,66.8307,24.7566],[13.5693,66.8276,0.0],[13.5708,66.8271,0.0],[13.6042,66.8271,0.0],[13.6208,66.8333,54.3661],[13.6292,66.8333,0.0],[13.6333,66.8354,0.0],[13.6396,66.8333,0.0],[13.6458,66.8333,0.0],[13.65,66.8354,0.0],[13.6625,66.8354,0.0],[13.6703,66.838,0.0],[13.6734,66.8432,58.7212],[13.6786,66.8443,0.0],[13.6807,66.8464,0.0],[13.6807,66.8495,0.0],[13.6776,66.8505,19.6563],[13.6792,66.8542,4.7002],[13.6771,66.8583,0.0],[13.6776,66.8599,0.0],[13.6828,66.8609,0.0],[13.6849,66.863,21.7304]]],
[[[13.2512,66.8583,6.4275],[13.2464,66.8578,3.5952],[13.2443,66.8526,7.3045],[13.2521,66.8521,6.2932],[13.2578,66.8568,0.1817],[13.2563,66.8583,0.0],[13.2512,66.8583,6.4275]]],
[[[13.4646,66.8792,10.6753],[13.4583,66.8812,0.0],[13.4479,66.8812,0.0],[13.4438,66.8833,0.0],[13.4271,66.8833,0.0],[13.413,66.8786,0.0],[13.4109,66.8755,5.0878],[13.4292,66.875,0.0],[13.4354,66.8771,8.9939],[13.437,66.8766,0.0],[13.4359,66.8714,0.0],[13.4375,66.8708,0.0],[13.4438,66.8729,7.2608],[13.4479,66.8708,0.0],[13.4583,66.8708,0.0],[13.4708,66.875,5.4654],[13.4938,66.875,0.0],[13.4958,66.8771,6.0907],[13.4953,66.8786,6.4412],[13.4896,66.8812,0.0],[13.4729,66.8812,0.0],[13.4688,66.8792,4.816],[13.4646,66.8792,10.6753]]],
[[[13.6375,66.8875,39.4479],[13.6333,66.8896,0.0],[13.6229,66.8896,17.1369],[13.6146,66.8938,0.0],[13.6083,66.8938,0.0],[13.6021,66.8896,96.246],[13.5833,66.8875,24.1534],[13.5797,66.8849,0.0],[13.5786,66.8818,59.1716],[13.5734,66.8807,13.0212],[13.5714,66.8786,0.0],[13.575,66.875,10.8971],[13.5714,66.8693,0.0],[13.5745,66.8682,9.8526],[13.5755,66.8651,0.0],[13.5833,66.8646,0.0],[13.5911,66.8672,0.0],[13.5943,66.8724,17.1192],[13.6021,66.875,0.0],[13.6083,66.875,0.0],[13.6146,66.8729,0.0],[13.6188,66.875,0.0],[13.6271,66.875,0.0],[13.6318,66.8807,0.0],[13.637,66.8818,0.0],[13.638,66.8849,0.0],[13.6432,66.8859,0.0],[13.6417,66.8875,11.2128],[13.6375,66.8875,39.4479]]],
[[[14.3349,67.2843,22.4282],[14.3333,67.2854,50.8776],[14.3234,67.2849,0.0],[14.325,67.2833,18.6156],[14.3349,67.2843,22.4282]]],
[[[14.3458,67.2917,0.0],[14.338,67.2891,0.0],[14.3359,67.2859,34.6431],[14.35,67.2854,0.0],[14.3724,67.2932,0.0],[14.3667,67.2958,0.0],[14.3542,67.2958,0.0],[14.3495,67.2922,0.0],[14.3458,67.2917,0.0]]],
[[[14.3458,67.2958,0.0],[14.3484,67.2995,2.721],[14.3557,67.3005,0.0],[14.3557,67.3037,15.4109],[14.35,67.3063,22.7741],[14.3333,67.3042,0.0],[14.3292,67.3063,0.0],[14.3229,67.3063,0.0],[14.313,67.3037,0.0],[14.3125,67.3021,0.0],[14.313,67.3005,0.0],[14.3203,67.2995,0.0],[14.3245,67.2963,7.8718],[14.3089,67.2953,0.0],[14.3042,67.2896,0.0],[14.288,67.2891,0.0],[14.2854,67.2833,0.0],[14.2875,67.2813,0.0],[14.2979,67.2813,0.0],[14.3021,67.2792,0.0],[14.3182,67.2839,0.0],[14.3193,67.287,7.6419],[14.3266,67.288,0.0],[14.3276,67.2911,0.0],[14.3328,67.2922,2.5464],[14.3359,67.2953,0.0],[14.3458,67.2958,0.0]]],
[[[14.4937,67.375,3.1103],[14.4922,67.3734,0.0],[14.4953,67.3734,0.0],[14.4953,67.3745,0.0],[14.4937,67.375,3.1103]]],
[[[14.3146,67.425,19.7627],[14.3161,67.4266,0.0],[14.3109,67.4266,0.0],[14.3109,67.4255,0.0],[14.3146,67.425,19.7627]]],
[[[14.1526,67.3943,0.0],[14.1625,67.3917,0.0],[14.1661,67.3922,0.0],[14.163,67.3943,0.0],[14.1641,67.3974,0.0],[14.1625,67.3979,0.0],[14.1526,67.3943,0.0]]],
[[[14.2354,67.4042,8.6996],[14.2339,67.4026,1.2584],[14.237,67.4026,1.5471],[14.237,67.4036,3.3594],[14.2354,67.4042,8.6996]]],
[[[14.4026,67.4328,21.1105],[14.4036,67.4349,0.0],[14.4005,67.4359,25.8389],[14.3995,67.4391,0.0],[14.3922,67.4401,6.2609],[14.3854,67.4437,4.8169],[14.3771,67.4437,0.0],[14.3693,67.4401,20.933],[14.3771,67.4396,32.8595],[14.3786,67.438,104.1642],[14.3609,67.4349,232.9453],[14.3641,67.4318,292.4571],[14.3526,67.4307,373.677],[14.3557,67.4276,430.9418],[14.3521,67.425,584.0816],[14.3443,67.4255,174.5234],[14.3495,67.4287,333.5718],[14.3422,67.4297,155.5484],[14.3396,67.4333,8.5372],[14.3354,67.4313,3.1684],[14.3271,67.4313,0.0],[14.3234,67.4276,0.0],[14.3266,67.4266,3.65],[14.3276,67.4234,76.4387],[14.3438,67.4208,249.6207],[14.3453,67.4193,289.8773],[14.3292,67.4187,414.2574],[14.325,67.4167,647.6045],[14.3083,67.4167,352.1002],[14.3026,67.4193,73.5909],[14.3078,67.4224,45.7912],[14.3,67.4229,0.0],[14.2953,67.4193,0.0],[14.2901,67.4182,0.0],[14.288,67.4141,0.0],[14.2953,67.4099,166.3819],[14.2932,67.4068,581.3142],[14.2839,67.4068,325.6107],[14.2849,67.4099,57.562],[14.2833,67.4104,52.8573],[14.2771,67.4104,0.0],[14.2729,67.4083,1.4084],[14.2568,67.4078,8.1803],[14.2661,67.4047,0.0],[14.2625,67.4021,10.6078],[14.2526,67.4016,0.0],[14.25,67.3979,2.2843],[14.2401,67.3974,0.0],[14.238,67.3943,0.0],[14.2411,67.3922,13.3368],[14.2297,67.3891,0.0],[14.225,67.3854,9.41],[14.2089,67.3828,0.0],[14.2078,67.3797,1.5837],[14.2026,67.3786,0.0],[14.1984,67.3734,0.0],[14.2083,67.3729,0.0],[14.2125,67.375,0.0],[14.2188,67.3729,0.0],[14.2229,67.375,0.0],[14.2292,67.3729,0.0],[14.2333,67.375,0.0],[14.2396,67.375,0.0],[14.2438,67.3729,4.4094],[14.2625,67.3729,0.0],[14.2792,67.3792,4.8167],[14.2932,67.3776,0.0],[14.2901,67.3797,17.0779],[14.2901,67.3828,15.9377],[14.3,67.3833,0.0],[14.3063,67.3875,16.9615],[14.3333,67.3854,0.0],[14.3375,67.3875,46.1657],[14.3458,67.3875,6.324],[14.35,67.3896,14.7534],[14.3583,67.3896,0.0],[14.3625,67.3917,1.6764],[14.3708,67.3917,0.0],[14.375,67.3938,0.0],[14.3812,67.3938,0.0],[14.3875,67.3917,0.0],[14.3896,67.3938,0.0],[14.3859,67.3974,32.6894],[14.3911,67.3984,3.5658],[14.3964,67.4057,12.004],[14.4016,67.4068,0.0],[14.4068,67.412,4.9235],[14.412,67.413,0.0],[14.4172,67.4203,0.0],[14.4224,67.4213,0.0],[14.4167,67.425,0.0],[14.4042,67.425,0.0],[14.3979,67.4208,16.8938],[14.3901,67.4213,0.0],[14.3922,67.4245,0.0],[14.3974,67.4255,0.0],[14.4026,67.4328,21.1105]]],
[[[13.9609,67.412,0.0],[13.9609,67.4089,1.7278],[13.9708,67.4042,3.9634],[13.9786,67.4068,0.0],[13.9755,67.4089,1.88],[13.9766,67.412,0.7179],[13.975,67.4125,0.0],[13.9609,67.412,0.0]]],
[[[14.7172,67.5734,4.7699],[14.7208,67.5729,0.0],[14.7224,67.5745,0.0],[14.7188,67.575,0.0],[14.7172,67.5734,4.7699]]],
[[[14.7234,67.5958,77.779],[14.7151,67.5953,0.0],[14.713,67.5922,0.0],[14.7271,67.5917,0.0],[14.7438,67.5979,0.0],[14.7495,67.5984,0.0],[14.75,67.6,14.9328],[14.7479,67.6021,0.0],[14.7438,67.6,33.09],[14.7354,67.6,0.0],[14.7234,67.5958,77.779]]],
[[[14.7339,67.6255,0.0],[14.7375,67.625,0.0],[14.7391,67.6266,0.0],[14.7354,67.6271,0.0],[14.7339,67.6255,0.0]]],
[[[13.3807,66.9276,2.3612],[13.3693,66.9234,0.0],[13.3771,66.9229,0.0],[13.3813,66.925,0.0],[13.389099999999999,66.9255,0.0],[13.3833,66.9292,0.0],[13.3807,66.9276,2.3612]]],
[[[13.4089,66.9401,1.5129],[13.4125,66.9396,0.0],[13.4141,66.9411,0.0],[13.4104,66.9417,0.0],[13.4089,66.9401,1.5129]]],
[[[13.6458,66.9479,42.2964],[13.6474,66.9495,13.6813],[13.638,66.9495,16.8266],[13.6396,66.9479,48.9084],[13.6458,66.9479,42.2964]]],
[[[13.6458,67.0188,0.0],[13.6443,67.0172,0.0],[13.6474,67.0172,0.0],[13.6474,67.0182,3.5304],[13.6458,67.0188,0.0]]],
[[[13.8297,66.9776,415.3811],[13.8333,66.9771,496.564],[13.8349,66.9786,438.9707],[13.8313,66.9792,351.575],[13.8297,66.9776,415.3811]]],
[[[13.7672,66.9818,13.6266],[13.7708,66.9812,19.9128],[13.7724,66.9828,0.0],[13.7688,66.9833,0.0],[13.7672,66.9818,13.6266]]],
[[[13.8411,66.9828,18.3125],[13.838,66.9828,24.474],[13.8375,66.9812,99.7972],[13.8411,66.9818,50.3609],[13.8411,66.9828,18.3125]]],
[[[13.7172,66.987,0.0],[13.7182,66.9891,0.0],[13.7146,66.9896,0.0],[13.7109,66.9859,0.0],[13.7146,66.9854,0.0],[13.7172,66.987,0.0]]],
[[[13.6854,66.9938,0.0],[13.6839,66.9922,0.0],[13.687,66.9922,0.0],[13.687,66.9932,0.0],[13.6854,66.9938,0.0]]],
[[[13.7125,66.9938,0.0],[13.7109,66.9922,0.0],[13.7141,66.9922,0.0],[13.7141,66.9932,0.0],[13.7125,66.9938,0.0]]],
[[[13.8391,66.9964,0.0],[13.8411,66.9995,0.0],[13.8359,66.9995,0.0],[13.8359,66.9964,0.0],[13.8391,66.9964,0.0]]],
[[[13.8536,67.0109,0.0],[13.8536,67.0141,0.0],[13.8521,67.0146,0.0],[13.8479,67.0104,0.0],[13.85,67.0083,0.0],[13.8536,67.0109,0.0]]],
[[[13.6526,67.0151,0.0],[13.6563,67.0146,0.0],[13.6578,67.0162,0.0],[13.6542,67.0167,0.0],[13.6526,67.0151,0.0]]],
[[[13.6505,67.0193,0.0],[13.6542,67.0188,2.2311],[13.6557,67.0203,0.0],[13.6521,67.0208,4.241],[13.6505,67.0193,0.0]]],
[[[13.8208,67.0229,0.0],[13.8172,67.0224,0.0],[13.8151,67.0193,0.0],[13.8229,67.0167,0.0],[13.826599999999999,67.0193,0.0],[13.826599999999999,67.0224,0.0],[13.8208,67.0229,0.0]]],
[[[13.6714,67.0276,0.0],[13.675,67.0271,0.0],[13.6766,67.0286,0.0],[13.6729,67.0292,0.0],[13.6714,67.0276,0.0]]],
[[[13.8896,67.0313,0.0],[13.8974,67.0318,0.0],[13.8974,67.0349,0.0],[13.8875,67.0375,0.0],[13.8839,67.037,0.0],[13.8818,67.0318,0.0],[13.8896,67.0313,0.0]]],
[[[13.8583,67.0396,0.0],[13.8526,67.0391,0.0],[13.8505,67.0318,0.0],[13.8536,67.0318,0.0],[13.8583,67.0354,0.0],[13.8661,67.0359,0.0],[13.8682,67.038,0.0],[13.8667,67.0396,0.0],[13.8583,67.0396,0.0]]],
[[[13.8979,67.0396,0.0],[13.9016,67.0401,0.0],[13.9036,67.0432,0.0],[13.888,67.0453,0.0],[13.888,67.0443,0.0],[13.8979,67.0396,0.0]]],
[[[13.8646,67.0458,0.0],[13.863,67.0443,0.0],[13.8661,67.0443,0.0],[13.8661,67.0453,0.0],[13.8646,67.0458,0.0]]],
[[[13.6688,67.05,0.0],[13.6771,67.05,1.6899],[13.6849,67.0526,0.0],[13.687,67.0578,1.0022],[13.6729,67.0563,0.0],[13.6688,67.0542,1.5079],[13.6625,67.0563,0.0],[13.6563,67.0563,0.0],[13.6422,67.0516,0.0894],[13.6453,67.0495,1.1787],[13.6432,67.0443,0.0],[13.6411,67.0422,0.0],[13.6297,67.038,0.0],[13.6375,67.0375,0.0],[13.6417,67.0396,2.1076],[13.65,67.0396,0.0],[13.6641,67.0443,0.0],[13.6651,67.0474,0.0],[13.6688,67.05,0.0]]],
[[[13.7266,67.0537,0.0],[13.7208,67.0563,0.0],[13.7104,67.0563,0.0],[13.7063,67.0583,0.0],[13.7,67.0583,0.0],[13.6922,67.0557,0.0],[13.6953,67.0537,0.0],[13.6943,67.0505,0.0],[13.701599999999999,67.0474,0.0],[13.7042,67.0437,0.0],[13.7104,67.0437,0.0],[13.7146,67.0458,0.0],[13.7271,67.0458,0.0],[13.737,67.0505,3.0168],[13.7354,67.0521,0.0],[13.7292,67.0521,6.0709],[13.7266,67.0537,0.0]]],
[[[13.8495,67.0807,0.0],[13.8438,67.0833,0.0],[13.8333,67.0833,30.3938],[13.8292,67.0854,0.0],[13.8229,67.0854,6.8123],[13.8167,67.0833,9.1539],[13.8125,67.0854,0.0],[13.7896,67.0792,6.2083],[13.7771,67.0792,11.6577],[13.7708,67.0813,0.0],[13.763,67.0787,0.0],[13.7599,67.0734,13.7903],[13.7484,67.0703,0.0],[13.7464,67.0672,0.0],[13.7542,67.0667,3.5933],[13.7609,67.063,0.0],[13.7682,67.062,0.0],[13.7724,67.0599,0.0],[13.7724,67.0568,0.0],[13.7688,67.0542,9.9258],[13.7625,67.0542,0.0],[13.7547,67.0516,0.0],[13.7505,67.0463,0.0],[13.7583,67.0437,0.0],[13.7724,67.0484,0.0],[13.7771,67.0521,0.0],[13.8063,67.0521,0.0],[13.8104,67.0542,9.6621],[13.8229,67.0542,0.0],[13.8333,67.0583,0.0],[13.8417,67.0583,0.0],[13.8521,67.0625,0.0],[13.8646,67.0625,9.7745],[13.8688,67.0604,0.0],[13.8724,67.063,0.0],[13.8693,67.0651,0.0],[13.8703,67.0703,0.0],[13.8672,67.0714,38.489],[13.8682,67.0745,0.0],[13.8589,67.0755,0.0],[13.8495,67.0807,0.0]]],
[[[13.6599,67.0661,1.3014],[13.6563,67.0667,0.0],[13.6484,67.063,0.0],[13.6641,67.063,0.0],[13.6599,67.0661,1.3014]]],
[[[13.6651,67.0651,2.4655],[13.6688,67.0646,8.5986],[13.6703,67.0661,9.5302],[13.6667,67.0667,0.0],[13.6651,67.0651,2.4655]]],
[[[13.7682,67.1047,3.7442],[13.7609,67.1036,2.9913],[13.7589,67.0984,4.1997],[13.7682,67.0984,0.0],[13.7729,67.1042,4.9304],[13.7708,67.1062,0.0],[13.7682,67.1047,3.7442]]],
[[[13.7875,67.1062,0.0],[13.7813,67.1062,0.0],[13.7797,67.1047,0.0],[13.7854,67.1021,0.0],[13.7932,67.1026,2.1314],[13.7875,67.1062,0.0]]],
[[[13.8766,67.1203,18.1901],[13.8604,67.1229,13.048],[13.8563,67.125,0.0],[13.8333,67.125,0.0],[13.8318,67.1234,0.0],[13.8391,67.1182,0.0],[13.837,67.1151,0.0],[13.8292,67.1125,6.3483],[13.8193,67.112,0.0],[13.8182,67.1088,9.7017],[13.813,67.1068,0.0],[13.8188,67.1042,0.0],[13.825,67.1042,0.0],[13.8292,67.1062,0.0],[13.8375,67.1021,0.0],[13.8542,67.1021,5.0142],[13.8583,67.1,0.0],[13.8875,67.1021,3.2222],[13.8917,67.1,0.0],[13.9125,67.1,0.0],[13.9167,67.1021,5.9958],[13.925,67.1021,0.0],[13.9349,67.1068,0.0],[13.9292,67.1125,0.0],[13.9229,67.1104,10.4467],[13.8917,67.1188,0.0],[13.8792,67.1188,42.2181],[13.8766,67.1203,18.1901]]],
[[[14.0224,67.0547,6.2555],[14.0224,67.0578,4.9297],[14.0208,67.0583,2.9449],[14.0172,67.0557,0.0],[14.0188,67.0542,2.4707],[14.0224,67.0547,6.2555]]],
[[[13.9579,67.0634,0.8124],[13.9578,67.0661,0.0],[13.9536,67.0682,0.0],[13.9375,67.0708,0.0],[13.9339,67.0682,0.0],[13.937,67.0651,7.7587],[13.9318,67.0641,0.0],[13.9297,67.0609,0.0],[13.9438,67.0583,0.0],[13.9479,67.0604,0.0],[13.9557,67.0609,0.0],[13.9579,67.0634,0.8124]]],
[[[14.2526,67.1255,0.0],[14.2578,67.1276,0.0],[14.262,67.1339,0.0],[14.2583,67.1375,0.0],[14.2609,67.1432,50.1059],[14.2724,67.1443,0.0],[14.2891,67.1526,46.6583],[14.2891,67.1557,5.8058],[14.2859,67.1568,18.0299],[14.287,67.1599,0.0],[14.2833,67.1625,33.3692],[14.287,67.1672,0.0],[14.2839,67.1693,0.0],[14.2839,67.1724,0.0],[14.2859,67.1766,0.0],[14.2932,67.1776,0.0],[14.2943,67.1807,7.9428],[14.2995,67.1818,0.0],[14.3036,67.187,0.0],[14.288,67.1943,4.8894],[14.2854,67.1979,0.0],[14.2688,67.1979,0.0],[14.25,67.1896,2.5375],[14.2359,67.1891,2.8142],[14.2328,67.1859,18.0099],[14.2276,67.1849,0.0],[14.2307,67.1828,5.7447],[14.2297,67.1797,2.5453],[14.2328,67.1776,0.0],[14.2276,67.1766,0.0],[14.2255,67.1745,0.0],[14.2224,67.1672,0.0],[14.2172,67.1661,0.0],[14.213,67.162,0.0],[14.2099,67.1547,47.0882],[14.2026,67.1536,0.0],[14.2026,67.1505,0.0],[14.2057,67.1495,3.4615],[14.2036,67.1443,24.8364],[14.1901,67.1412,0.1046],[14.1901,67.138,0.0],[14.1932,67.137,0.0],[14.1911,67.1339,0.0],[14.1833,67.1333,0.0],[14.1792,67.1354,0.0],[14.1755,67.1349,0.0],[14.1786,67.1318,0.0],[14.1672,67.1286,0.0],[14.1651,67.1266,0.0],[14.1682,67.1245,76.1376],[14.1667,67.1229,191.4442],[14.1547,67.1234,0.0],[14.1557,67.1286,0.0],[14.138,67.1339,4.1662],[14.139099999999999,67.137,0.0],[14.1307,67.1412,0.0],[14.1172,67.1422,0.0],[14.1182,67.1474,0.0],[14.1125,67.15,0.0],[14.1005,67.1505,0.0492],[14.0922,67.1547,1.3773],[14.0932,67.1578,0.0],[14.0807,67.1641,0.0],[14.0708,67.1646,0.0],[14.0667,67.1625,8.1081],[14.0604,67.1625,0.0],[14.0589,67.1609,0.0],[14.0646,67.1604,7.0532],[14.0661,67.1589,11.5049],[14.0547,67.1578,0.0],[14.0578,67.1557,0.0],[14.0568,67.1505,0.0],[14.0599,67.1495,0.0],[14.0599,67.1464,18.1943],[14.0547,67.1453,3.0642],[14.0516,67.1422,0.0],[14.0401,67.1391,0.0],[14.0432,67.1359,8.4323],[14.038,67.1276,3.95],[14.0453,67.1224,0.0],[14.0432,67.1193,0.0],[14.0318,67.1182,0.0],[14.0286,67.1109,0.7692],[14.0271,67.1104,6.1593],[14.0125,67.1104,0.0],[14.0083,67.1083,0.0],[14.0042,67.1104,10.2969],[13.9979,67.1104,7.1494],[13.9943,67.1078,0.0],[13.9932,67.1047,14.2363],[13.9875,67.1042,0.0],[13.9859,67.1026,0.0],[13.9917,67.1,0.0],[14.0057,67.0995,0.0],[14.0026,67.0943,0.0],[14.0099,67.0911,0.0],[14.0109,67.088,0.0],[14.0208,67.0854,0.0],[14.0333,67.0896,0.0],[14.0458,67.0896,0.0],[14.0521,67.0917,0.0],[14.0604,67.0875,0.0],[14.075,67.0854,0.0],[14.0807,67.0828,83.529],[14.0797,67.0797,0.0],[14.0828,67.0787,0.0],[14.0854,67.075,0.0],[14.0958,67.0729,0.0],[14.1,67.075,22.4677],[14.1063,67.0729,0.0],[14.1125,67.075,8.3769],[14.1224,67.0724,15.0568],[14.1307,67.0682,0.0],[14.1318,67.0651,27.449],[14.1349,67.0641,96.2521],[14.1276,67.0609,0.0],[14.137,67.0599,42.1313],[14.1354,67.0563,0.0],[14.139099999999999,67.0537,12.7813],[14.138,67.0505,0.0],[14.1536,67.0432,0.0],[14.1536,67.0401,0.0],[14.1505,67.037,16.4308],[14.1464,67.0276,0.0],[14.1536,67.0245,0.0],[14.1526,67.0193,0.0],[14.1599,67.0162,4.0431],[14.1589,67.013,0.0],[14.1682,67.0141,-0.0397],[14.1766,67.0099,0.0],[14.1755,67.0047,0.0],[14.1771,67.0042,0.0],[14.1937,67.0042,0.0],[14.2161,67.0109,0.0],[14.2172,67.0141,0.0],[14.2224,67.0151,0.0],[14.2245,67.0172,0.0],[14.2214,67.0193,2.9322],[14.2234,67.0224,0.0],[14.2313,67.025,0.7658],[14.2411,67.0255,0.0],[14.2411,67.0286,0.0],[14.2339,67.0297,0.0],[14.2297,67.0318,-0.0938],[14.2286,67.0349,0.0],[14.2172,67.0391,6.6492],[14.2266,67.0401,0.0],[14.2318,67.0453,0.0],[14.237,67.0463,0.0],[14.2339,67.0495,0.0],[14.2391,67.0505,0.0],[14.238,67.0557,0.0],[14.2432,67.0568,0.0],[14.2453,67.062,0.0],[14.2375,67.0625,9.257],[14.2292,67.0667,0.0],[14.225,67.0646,0.0],[14.2109,67.0651,63.8601],[14.2151,67.0745,0.0],[14.2224,67.0755,0.0],[14.225,67.0813,0.0],[14.2245,67.0828,0.0],[14.213,67.088,0.0],[14.2141,67.0911,0.0],[14.2109,67.0922,0.0],[14.212,67.0974,0.0],[14.2089,67.0995,0.0],[14.2109,67.1016,0.0],[14.2161,67.1026,0.0],[14.2172,67.1057,10.7851],[14.2286,67.1068,0.0],[14.2318,67.112,0.0],[14.2453,67.1151,0.0],[14.2484,67.1203,0.0],[14.2536,67.1214,0.0],[14.2557,67.1234,0.0],[14.2526,67.1255,0.0]]],
[[[14.0042,67.1292,5.0776],[14.0005,67.1286,0.0],[13.9995,67.1255,2.1282],[13.9943,67.1234,4.3354],[14.0036,67.1234,0.0],[14.0057,67.1276,5.7098],[14.0042,67.1292,5.0776]]],
[[[14.9609,67.2151,10.509],[14.9646,67.2146,20.6649],[14.9661,67.2161,10.0094],[14.9625,67.2167,0.0],[14.9609,67.2151,10.509]]],
[[[14.9083,67.25,0.0],[14.9047,67.2464,0.0],[14.9078,67.2453,-0.6278],[14.9104,67.2417,0.0],[14.9146,67.2438,0.0],[14.9229,67.2438,0.0],[14.937,67.2484,0.0],[14.9411,67.2536,0.0],[14.9271,67.2542,0.0],[14.9167,67.25,0.0],[14.9083,67.25,0.0]]],
[[[14.975,67.4458,56.3975],[14.9729,67.4479,0.0],[14.9693,67.4443,18.8141],[14.9729,67.4437,79.5037],[14.975,67.4458,56.3975]]],
[[[14.988,67.4495,11.4869],[14.9818,67.4464,95.8462],[14.9896,67.4458,162.4145],[14.9932,67.4484,29.7565],[14.9917,67.45,0.0],[14.988,67.4495,11.4869]]],
[[[14.9417,67.575,29.8593],[14.9432,67.5766,6.237],[14.938,67.5766,0.0],[14.938,67.5755,4.896],[14.9417,67.575,29.8593]]],
[[[15.1979,67.6104,0.0],[15.1911,67.6141,0.0],[15.1833,67.6146,20.5102],[15.1792,67.6167,5.7101],[15.1604,67.6167,0.0],[15.1589,67.6151,15.9271],[15.162,67.613,134.2364],[15.1604,67.6125,173.6209],[15.1542,67.6125,172.6941],[15.15,67.6146,17.1835],[15.1375,67.6146,2.9508],[15.1354,67.6125,3.4295],[15.1359,67.6109,25.8026],[15.1484,67.6047,56.78],[15.1583,67.6021,0.0],[15.1979,67.6,4.5562],[15.2021,67.6021,30.5899],[15.2099,67.6026,0.0],[15.1979,67.6104,0.0]]],
[[[14.9958,67.6396,0.0],[14.9943,67.6391,18.7602],[14.9943,67.638,13.2466],[14.9974,67.638,28.0301],[14.9958,67.6396,0.0]]],
[[[14.9917,67.65,3.204],[14.9818,67.6474,3.6606],[14.9818,67.6443,0.0],[14.9932,67.6464,0.0],[14.9932,67.6495,15.3332],[14.9917,67.65,3.204]]],
[[[15.1141,67.6568,6.5937],[15.1188,67.6604,20.449],[15.1286,67.6609,0.0],[15.1286,67.6641,0.0],[15.1229,67.6667,4.4568],[15.0896,67.6667,0.0],[15.0792,67.6625,31.3157],[15.0708,67.6646,0.0],[15.0667,67.6625,8.6423],[15.0479,67.6604,0.0],[15.038,67.6568,0.0],[15.0536,67.6557,10.262],[15.0516,67.6526,72.5907],[15.0375,67.6542,0.0],[15.0333,67.6521,0.0],[15.025,67.6521,0.0],[15.0214,67.6495,0.0],[15.0182,67.6443,58.4905],[15.013,67.6432,29.6176],[15.0104,67.6396,12.2108],[15.0125,67.6375,5.3428],[15.0292,67.6375,0.0],[15.0396,67.6417,21.7021],[15.0542,67.6417,0.0],[15.0604,67.6438,0.0],[15.0688,67.6396,0.4244],[15.0875,67.6458,31.1384],[15.1016,67.6464,0.0],[15.1068,67.6516,9.2011],[15.112,67.6526,0.0],[15.1141,67.6568,6.5937]]],
[[[15.0208,67.6604,1.5959],[15.0146,67.6604,0.0],[15.013,67.6589,0.0],[15.0188,67.6563,3.2968],[15.0266,67.6568,0.0],[15.0208,67.6604,1.5959]]],
[[[15.2292,67.6771,191.5929],[15.2255,67.6755,28.0416],[15.2313,67.6729,291.1556],[15.2411,67.6734,616.9601],[15.2354,67.6771,465.0993],[15.2292,67.6771,191.5929]]],
[[[14.7208,67.6792,71.7085],[14.7172,67.6787,8.1777],[14.7151,67.6755,0.0],[14.7208,67.6729,7.2794],[14.7245,67.6734,11.9026],[14.7286,67.6807,10.4822],[14.725,67.6813,0.0],[14.7208,67.6792,71.7085]]],
[[[14.7693,67.6818,31.0124],[14.7729,67.6813,128.788],[14.7745,67.6828,121.817],[14.7708,67.6833,23.837],[14.7693,67.6818,31.0124]]],
[[[14.8563,67.6958,289.115],[14.85,67.6958,136.955],[14.8484,67.6943,118.0451],[14.8583,67.6937,378.6475],[14.8583,67.6958,360.2388],[14.8563,67.6958,289.115]]],
[[[14.9016,67.7005,454.113],[14.8943,67.6995,408.484],[14.8922,67.6943,503.0468],[14.9,67.6937,502.9983],[14.9016,67.6953,535.8611],[14.8984,67.6974,481.2437],[14.9099,67.6984,460.3095],[14.9042,67.7021,416.1385],[14.9016,67.7005,454.113]]],
[[[15.2703,67.6787,303.0],[15.2667,67.6792,291.94],[15.2589,67.6755,416.7227],[15.2667,67.675,375.9687],[15.2703,67.6787,303.0]]],
[[[15.6208,67.6875,90.864],[15.6224,67.6891,0.0],[15.613,67.6891,92.0654],[15.6146,67.6875,172.331],[15.6208,67.6875,90.864]]],
[[[15.6026,67.6901,175.0361],[15.6063,67.6896,97.846],[15.6078,67.6911,42.2274],[15.6042,67.6917,54.2122],[15.6026,67.6901,175.0361]]],
[[[16.2297,67.8901,0.0],[16.2333,67.8896,0.0],[16.2349,67.8912,0.0],[16.2313,67.8917,0.0],[16.2297,67.8901,0.0]]],
[[[16.2641,67.9318,169.4678],[16.2604,67.9333,59.0372],[16.2568,67.9297,54.159],[16.2604,67.9292,147.1846],[16.2641,67.9318,169.4678]]],
[[[16.3958,67.9417,147.1818],[16.3974,67.9432,74.6925],[16.388,67.9432,373.9488],[16.3896,67.9417,345.2166],[16.3958,67.9417,147.1818]]],
[[[15.8771,67.95,4.4478],[15.8667,67.95,5.2272],[15.8646,67.9479,0.0],[15.8667,67.9458,0.0],[15.8729,67.9458,16.1254],[15.8807,67.9484,0.0],[15.8771,67.95,4.4478]]],
[[[15.5214,67.9401,10.2723],[15.525,67.9396,7.2946],[15.5266,67.9411,4.0631],[15.5229,67.9417,0.0],[15.5214,67.9401,10.2723]]],
[[[15.4,67.9646,0.0],[15.4036,67.9661,0.0],[15.3964,67.9693,0.0],[15.3974,67.9724,0.0],[15.3943,67.9734,0.0],[15.3995,67.9766,0.0],[15.3938,67.9792,0.0],[15.3875,67.9792,1.1909],[15.3818,67.9745,9.0415],[15.3818,67.9714,1.5457],[15.3875,67.9708,1.0681],[15.3932,67.9682,0.0],[15.3922,67.963,0.0],[15.3958,67.9625,0.0],[15.4,67.9646,0.0]]],
[[[15.4359,67.9714,1.2881],[15.4396,67.9708,0.0],[15.4411,67.9724,-0.4968],[15.4375,67.9729,0.6129],[15.4359,67.9714,1.2881]]],
[[[15.5063,67.9833,0.0],[15.4964,67.9776,6.5995],[15.5182,67.9776,0.0],[15.5182,67.9807,2.4012],[15.514099999999999,67.9828,0.0],[15.5063,67.9833,0.0]]],
[[[15.5703,67.6995,185.8835],[15.5667,67.7,250.905],[15.5589,67.6964,528.1281],[15.5724,67.6964,282.5595],[15.5703,67.6995,185.8835]]],
[[[15.5563,67.7042,230.6498],[15.5521,67.7042,294.9533],[15.5505,67.7026,420.0626],[15.5536,67.7016,372.6122],[15.5563,67.6979,493.7336],[15.5609,67.7016,243.1091],[15.5661,67.7026,117.9256],[15.5646,67.7042,72.434],[15.5563,67.7042,230.6498]]],
[[[15.6339,67.7359,653.797],[15.6354,67.7354,674.9116],[15.6396,67.7354,646.8102],[15.6375,67.7375,581.6183],[15.6339,67.7359,653.797]]],
[[[14.925,67.7417,55.766],[14.9266,67.7432,41.1037],[14.9172,67.7432,0.0],[14.9188,67.7417,17.1243],[14.925,67.7417,55.766]]],
[[[14.9375,67.7438,63.7089],[14.9391,67.7453,61.727],[14.9297,67.7453,20.3245],[14.9313,67.7438,57.1433],[14.9375,67.7438,63.7089]]],
[[[14.9729,67.7708,0.0],[14.9646,67.7708,0.0],[14.9609,67.7672,0.0],[14.9688,67.7667,0.0],[14.9786,67.7693,0.0],[14.9771,67.7708,0.0],[14.9729,67.7708,0.0]]],
[[[14.9604,67.7729,0.0],[14.9589,67.7724,0.0],[14.9589,67.7714,15.8412],[14.962,67.7714,19.6473],[14.9604,67.7729,0.0]]],
[[[15.6318,67.7505,69.3686],[15.6354,67.75,94.4431],[15.637,67.7516,0.0],[15.6333,67.7521,0.0],[15.6318,67.7505,69.3686]]],
[[[15.5167,67.9396,1.9743],[15.5151,67.938,7.0416],[15.5182,67.938,14.2136],[15.5182,67.9391,7.5813],[15.5167,67.9396,1.9743]]],
[[[14.7724,67.8443,0.0],[14.7708,67.8458,3.66],[14.7609,67.8453,0.0],[14.7625,67.8438,11.9563],[14.7724,67.8443,0.0]]],
[[[14.8125,67.9104,0.0],[14.8089,67.9099,0.0],[14.8047,67.9057,0.0],[14.8047,67.9026,6.72],[14.8125,67.9021,0.0],[14.8203,67.9047,0.0],[14.8234,67.9078,3.1167],[14.8286,67.9089,0.0],[14.8328,67.9141,0.0],[14.8229,67.9146,0.0],[14.8125,67.9104,0.0]]],
[[[14.8651,67.912,35.1002],[14.8609,67.9047,8.3918],[14.8813,67.9042,0.0],[14.8953,67.9089,0.0],[14.8974,67.9109,0.0],[14.8943,67.913,2.9853],[14.8932,67.9161,0.0],[14.8875,67.9187,3.7827],[14.8813,67.9187,0.0],[14.8766,67.9151,68.0588],[14.8651,67.912,35.1002]]],
[[[14.8484,67.912,0.8246],[14.8495,67.9141,5.9303],[14.8458,67.9146,0.0],[14.8422,67.9109,11.7657],[14.8458,67.9104,0.0],[14.8484,67.912,0.8246]]],
[[[14.8984,67.913,0.0],[14.9021,67.9125,0.0],[14.9036,67.9141,0.0],[14.9,67.9146,0.0],[14.8984,67.913,0.0]]],
[[[14.9266,67.9245,0.2736],[14.9167,67.9229,3.1927],[14.9151,67.9213,3.8167],[14.925,67.9208,0.0],[14.9266,67.9213,0.0],[14.9266,67.9245,0.2736]]],
[[[14.775,67.925,3.2311],[14.7672,67.9245,0.0],[14.7651,67.9193,0.7635],[14.7813,67.9208,0.0],[14.7891,67.9234,0.0],[14.7833,67.9271,0.0],[14.775,67.925,3.2311]]],
[[[14.9161,67.9328,0.0],[14.9104,67.9354,38.0693],[14.9068,67.9349,0.0],[14.9063,67.9333,20.2887],[14.9083,67.9313,27.1113],[14.9146,67.9313,0.0],[14.9161,67.9328,0.0]]],
[[[15.0125,67.8562,13.7469],[15.0104,67.8562,5.0284],[15.0104,67.8542,43.2769],[15.0161,67.8547,47.2898],[15.0161,67.8557,30.4551],[15.0125,67.8562,13.7469]]],
[[[15.1833,67.9042,0.0],[15.1818,67.9036,2.6974],[15.1818,67.9026,0.0],[15.1849,67.9026,0.0],[15.1833,67.9042,0.0]]],
[[[14.9208,67.95,0.0],[14.9172,67.9495,0.6741],[14.9151,67.9474,0.0],[14.913,67.9453,0.0],[14.913,67.9422,0.0],[14.9208,67.9417,3.3688],[14.9307,67.9464,0.0],[14.9276,67.9484,5.1818],[14.9286,67.9516,0.0],[14.925,67.9521,0.0],[14.9208,67.95,0.0]]],
[[[15.1182,67.988,0.0],[15.1224,67.9922,12.4293],[15.1245,67.9974,0.0],[15.1161,68.0016,0.0],[15.1021,68.0021,2.2678],[15.0958,67.9979,7.134],[15.0917,68.0,0.9155],[15.0833,68.0,0.0],[15.0813,67.9979,8.0315],[15.0849,67.9943,0.6386],[15.0813,67.9896,0.0],[15.0849,67.9859,7.1431],[15.0818,67.9818,5.2977],[15.0891,67.9776,84.3611],[15.0813,67.9771,201.0491],[15.0771,67.9792,265.9807],[15.0604,67.9812,28.2099],[15.0568,67.9776,13.0066],[15.0641,67.9745,0.0],[15.0641,67.9714,0.0],[15.0583,67.9708,0.0],[15.0479,67.9667,0.0],[15.0208,67.9708,3.9275],[15.0167,67.9729,0.0],[15.0104,67.9729,0.0],[15.0042,67.9708,0.0],[14.9917,67.975,0.0],[14.9854,67.9729,23.2506],[14.9771,67.9729,3.1894],[14.9729,67.9708,26.2091],[14.9589,67.9703,0.0],[14.9547,67.9661,3.5447],[14.9547,67.963,1.0548],[14.9745,67.9641,0.0],[14.9745,67.9609,0.0],[14.9708,67.9563,0.0],[14.9745,67.9526,99.0355],[14.9646,67.95,293.6708],[14.9505,67.9495,0.0],[14.9484,67.9464,0.0],[14.9578,67.9453,44.536],[14.9568,67.9422,0.0],[14.9599,67.9401,0.0],[14.9563,67.9375,3.171],[14.9401,67.9349,0.0],[14.9349,67.9276,20.2243],[14.9297,67.9255,0.0],[14.9375,67.925,5.1546],[14.9432,67.9213,0.0],[14.9349,67.9172,0.0],[14.9276,67.9161,0.0],[14.9266,67.913,1.78],[14.9193,67.912,0.0],[14.9193,67.9089,4.4259],[14.9349,67.9109,0.0],[14.938,67.9141,2.6343],[14.9516,67.9193,0.0],[14.9547,67.9224,5.5751],[14.9646,67.925,0.5551],[14.9661,67.9245,0.0],[14.9651,67.9213,0.8312],[14.9682,67.9203,0.0],[14.9693,67.9172,0.0],[14.975,67.9146,0.0],[14.9792,67.9167,0.7628],[14.9875,67.9167,0.0],[14.9917,67.9187,0.0],[15.0063,67.9187,0.0],[15.0104,67.9208,1.2855],[15.0271,67.9187,0.0],[15.0286,67.9182,0.0],[15.0276,67.9151,0.0],[15.0313,67.9146,0.0],[15.0354,67.9167,0.0],[15.0771,67.9167,0.0],[15.0813,67.9187,0.0],[15.0875,67.9167,-0.0069],[15.1,67.9208,0.0],[15.1063,67.9208,10.3307],[15.1104,67.9187,0.0],[15.1208,67.9187,0.0],[15.1266,67.9161,0.0],[15.1214,67.9141,1.2122],[15.1229,67.9125,0.0],[15.1292,67.9125,0.0],[15.1375,67.9083,0.0],[15.1438,67.9104,0.0],[15.15,67.9083,0.0],[15.1542,67.9104,0.0],[15.1729,67.9104,0.0],[15.1833,67.9146,-0.026],[15.2021,67.9146,0.0],[15.2063,67.9167,1.28],[15.2313,67.9167,0.0],[15.2438,67.9208,2.1171],[15.2479,67.9167,14.1313],[15.2604,67.9167,0.0],[15.2646,67.9208,3.8107],[15.2688,67.9208,0.0],[15.2792,67.925,14.0292],[15.2875,67.925,0.0],[15.3063,67.9313,0.0],[15.3146,67.9313,6.4947],[15.3172,67.9349,0.0],[15.3245,67.9359,0.0],[15.313,67.9422,0.0],[15.312,67.9453,0.9663],[15.3,67.9458,19.9239],[15.2938,67.9479,0.0],[15.2833,67.9437,4.419],[15.2734,67.9432,0.0],[15.2714,67.9401,0.0],[15.2792,67.9375,2.367],[15.2917,67.9417,0.1181],[15.2974,67.938,0.0],[15.2896,67.9354,13.1],[15.2813,67.9354,11.5533],[15.2771,67.9333,28.6335],[15.2688,67.9333,0.0],[15.2646,67.9313,5.822],[15.2521,67.9313,0.0],[15.2505,67.9318,0.0],[15.2505,67.9349,0.0],[15.2547,67.9391,0.0],[15.2599,67.9401,0.0],[15.2568,67.9432,10.5043],[15.264099999999999,67.9474,0.0],[15.2563,67.9479,0.0],[15.2516,67.9443,0.0],[15.2417,67.9417,0.0],[15.2359,67.9443,0.0],[15.2432,67.9484,0.0],[15.2375,67.9521,0.0],[15.225,67.9521,0.0],[15.2208,67.95,60.9967],[15.1979,67.95,25.6781],[15.1854,67.9563,0.0],[15.1771,67.9563,10.212],[15.1755,67.9557,14.722],[15.1755,67.9526,1.122],[15.1786,67.9516,15.0591],[15.1776,67.9484,87.7276],[15.1807,67.9464,120.9588],[15.1771,67.9458,199.8077],[15.1729,67.9479,343.6579],[15.1609,67.9484,300.6697],[15.1568,67.9516,41.3673],[15.162,67.9537,8.0641],[15.1521,67.9563,0.0],[15.1292,67.9563,0.0],[15.1276,67.9578,0.0],[15.1375,67.9583,0.0],[15.139099999999999,67.9599,5.5161],[15.1193,67.9693,0.0128],[15.1182,67.9724,0.0],[15.1109,67.9734,35.6194],[15.0984,67.9797,0.0],[15.0984,67.9828,0.1998],[15.1083,67.9833,0.0],[15.113,67.987,2.0783],[15.1182,67.988,0.0]]],
[[[14.8724,67.9432,8.2771],[14.8693,67.9432,10.4281],[14.8651,67.9391,5.1811],[14.8651,67.9359,22.1736],[14.8729,67.9354,2.6471],[14.8766,67.938,0.0],[14.8734,67.9401,2.342],[14.8724,67.9432,8.2771]]],
[[[14.9005,67.9401,1.1355],[14.9042,67.9396,0.0],[14.9057,67.9411,0.0],[14.9021,67.9417,2.4897],[14.9005,67.9401,1.1355]]],
[[[14.8875,67.9437,1.8265],[14.8813,67.9437,0.0],[14.8797,67.9422,0.0],[14.8875,67.9396,0.0],[14.8896,67.9417,0.0],[14.8875,67.9437,1.8265]]],
[[[14.8771,67.9458,0.0],[14.8755,67.9453,0.0],[14.8755,67.9443,1.1434],[14.8786,67.9443,4.2687],[14.8771,67.9458,0.0]]],
[[[15.4167,67.9812,1.9033],[15.4151,67.9807,0.0],[15.4151,67.9797,0.1793],[15.4182,67.9797,3.6819],[15.4167,67.9812,1.9033]]],
[[[15.3896,67.9875,0.0],[15.3813,67.9875,0.0],[15.3776,67.9838,0.0],[15.3917,67.9833,0.1121],[15.3953,67.9859,0.0],[15.3938,67.9875,0.0],[15.3896,67.9875,0.0]]],
[[[15.4896,67.9854,7.0925],[15.4859,67.9859,5.2868],[15.4708,67.9938,0.0],[15.4646,67.9917,0.0],[15.4458,67.9917,2.1662],[15.4417,67.9938,0.0],[15.4354,67.9938,0.0],[15.4318,67.9912,0.0],[15.4333,67.9896,0.0],[15.4411,67.9891,0.0],[15.4359,67.9797,0.3083],[15.4542,67.9792,0.0],[15.4583,67.9771,0.0],[15.4771,67.9771,0.6734],[15.4875,67.9812,0.0],[15.4932,67.9818,1.0684],[15.4932,67.9849,0.0],[15.4896,67.9854,7.0925]]],
[[[15.2438,68.0292,10.367],[15.2297,68.0359,14.011],[15.2286,68.0391,0.0],[15.2214,68.0411,0.0],[15.2172,68.0359,0.0],[15.2224,68.0349,8.8027],[15.2214,68.0318,0.0],[15.2286,68.0286,159.2044],[15.2276,68.0255,31.0908],[15.2307,68.0245,168.0988],[15.2307,68.0214,312.2236],[15.2208,68.0208,522.6653],[15.2167,68.0188,488.2798],[15.2083,68.0188,210.5687],[15.2042,68.0208,45.1292],[15.1979,68.0167,23.0172],[15.1714,68.0162,0.0],[15.1693,68.013,0.3509],[15.1766,68.0099,0.0],[15.1766,68.0068,0.0],[15.1651,68.0078,0.0],[15.1682,68.0057,0.0],[15.1682,68.0026,1.4001999999999999],[15.1661,68.0005,0.0],[15.1609,67.9995,5.5971],[15.1589,67.9964,0.0],[15.1703,67.9912,2.3492],[15.1693,67.988,0.0],[15.1849,67.9807,0.0],[15.1833,67.9792,10.8705],[15.175,67.9792,11.5056],[15.1734,67.9776,0.0],[15.1828,67.9766,19.2128],[15.1797,67.9693,0.0],[15.1854,67.9667,0.0],[15.2042,67.9667,0.0],[15.2083,67.9688,0.0],[15.2375,67.9688,0.0],[15.2458,67.9646,0.0],[15.2521,67.9646,0.0],[15.2563,67.9667,0.0],[15.2646,67.9667,0.0],[15.2708,67.9688,8.3582],[15.275,67.9667,0.0],[15.2854,67.9667,0.0],[15.2938,67.9625,0.0],[15.3099,67.9651,0.0],[15.312,67.9693,0.0],[15.3104,67.9708,0.0],[15.3042,67.9688,0.0],[15.2964,67.9693,0.0],[15.3016,67.9714,0.0],[15.3036,67.9745,0.0],[15.3005,67.9755,0.0],[15.3016,67.9786,0.0],[15.2943,67.9818,13.77],[15.2932,67.9849,2.9438],[15.2901,67.9859,0.0],[15.2911,67.9891,0.0],[15.2786,67.9953,28.4091],[15.2693,67.9964,17.7203],[15.2703,67.9995,0.0],[15.2661,68.0016,0.0],[15.2526,68.0026,343.6022],[15.2599,68.0068,0.0],[15.2599,68.0099,0.0],[15.2542,68.0125,0.0],[15.2484,68.013,61.1847],[15.2474,68.0162,53.7529],[15.2443,68.0172,97.7114],[15.2474,68.0224,0.0],[15.2443,68.0234,89.7017],[15.2453,68.0286,0.0],[15.2438,68.0292,10.367]]],
[[[13.8083,67.1125,15.8346],[13.8099,67.1141,0.0],[13.8005,67.1141,6.4464],[13.8021,67.1125,4.7762],[13.8083,67.1125,15.8346]]],
[[[13.8172,67.1151,5.6322],[13.8208,67.1146,1.6478],[13.8224,67.1162,5.9979],[13.8188,67.1167,12.1857],[13.8172,67.1151,5.6322]]],
[[[13.9375,67.1167,0.0],[13.9359,67.1162,0.0],[13.9359,67.1151,0.0],[13.9391,67.1151,0.0],[13.9375,67.1167,0.0]]],
[[[13.7109,67.1359,3.7477],[13.7146,67.1354,0.0],[13.7161,67.137,5.0117],[13.7125,67.1375,9.2926],[13.7109,67.1359,3.7477]]],
[[[14.0016,67.138,0.0],[13.9943,67.137,0.0],[13.9922,67.1318,7.1016],[13.9958,67.1312,0.0],[13.9984,67.1349,0.0],[14.0083,67.1354,0.0],[14.0161,67.1391,0.0],[14.0104,67.1417,5.7415],[14.0042,67.1417,1.93],[14.0016,67.138,0.0]]],
[[[14.0172,67.1578,0.0],[14.0203,67.1609,0.0],[14.0167,67.1646,0.0],[14.0182,67.1682,0.0],[14.0104,67.1687,0.0],[14.0063,67.1667,21.2033],[13.9938,67.1667,7.8493],[13.9875,67.1687,0.0],[13.9797,67.1661,0.0],[13.9771,67.1625,0.0],[13.9609,67.162,0.0],[13.9609,67.1589,14.3457],[13.9682,67.1557,0.0],[13.9667,67.1542,8.8242],[13.9604,67.1563,0.0],[13.95,67.1563,5.4586],[13.9458,67.1583,0.0],[13.9359,67.1557,0.0],[13.9391,67.1536,0.0],[13.9401,67.1505,0.0],[13.9458,67.15,0.0],[13.951599999999999,67.1474,0.0],[13.9464,67.1453,0.0],[13.9495,67.1432,3.3137],[13.9474,67.1401,2.8651],[13.9417,67.1417,0.0],[13.9188,67.1417,0.0],[13.9109,67.138,0.0],[13.9141,67.137,0.7645],[13.913,67.1339,0.0],[13.9146,67.1333,0.0],[13.9286,67.1349,3.6155],[13.9271,67.1312,0.0],[13.9307,67.1276,0.0],[13.9271,67.125,0.0],[13.9193,67.1245,0.0],[13.925,67.1208,0.0],[13.9458,67.1208,0.0],[13.95,67.1229,0.0],[13.9583,67.1229,0.0],[13.9599,67.1224,0.0],[13.9589,67.1193,0.0],[13.9604,67.1188,0.0],[13.9729,67.1188,0.0],[13.9745,67.1203,0.0],[13.9672,67.1234,0.0],[13.9667,67.125,0.0],[13.9693,67.1307,0.0],[13.9792,67.1312,4.9255],[13.987,67.1339,0.0],[13.9922,67.1391,2.4535],[13.9974,67.1401,0.0],[13.9995,67.1443,0.0],[13.9979,67.1458,0.0],[13.9901,67.1464,0.0],[13.9818,67.1516,0.0],[13.9958,67.15,0.0],[14.0,67.1521,0.0],[14.0083,67.1521,0.0],[14.0161,67.1547,0.0],[14.0172,67.1578,0.0]]],
[[[14.1854,67.1646,9.9371],[14.1891,67.1651,0.0],[14.1911,67.1724,3.5607],[14.1854,67.175,0.0],[14.1792,67.1729,0.0],[14.175,67.175,0.0],[14.1714,67.1724,26.2399],[14.175,67.1687,23.6215],[14.1714,67.163,0.0],[14.1792,67.1625,0.0],[14.1854,67.1646,9.9371]]],
[[[14.2047,67.1818,4.3414],[14.2021,67.1833,0.0],[14.1984,67.1828,0.0],[14.2026,67.1797,0.0],[14.2078,67.1797,0.0],[14.2047,67.1818,4.3414]]],
[[[13.7359,67.1526,0.0],[13.7396,67.1521,0.0],[13.7411,67.1536,3.6724],[13.7375,67.1542,0.0],[13.7359,67.1526,0.0]]],
[[[13.7047,67.1547,0.0],[13.7083,67.1542,17.2186],[13.7099,67.1557,8.2502],[13.7063,67.1563,1.6507],[13.7047,67.1547,0.0]]],
[[[13.7276,67.1568,0.0],[13.7313,67.1563,23.2678],[13.7328,67.1578,23.5988],[13.7292,67.1583,0.0],[13.7276,67.1568,0.0]]],
[[[13.7521,67.1563,7.6435],[13.7536,67.1578,15.131],[13.7443,67.1578,0.0],[13.7458,67.1563,10.4832],[13.7521,67.1563,7.6435]]],
[[[13.8083,67.1604,4.4811],[13.812,67.1641,0.0],[13.7938,67.1667,0.0],[13.7896,67.1646,0.0],[13.7771,67.1646,0.0],[13.7729,67.1625,0.0],[13.7646,67.1625,0.0],[13.7568,67.1589,0.0],[13.7599,67.1578,0.0],[13.7589,67.1547,12.3514],[13.7604,67.1542,0.0],[13.775,67.1583,0.0],[13.7807,67.1557,1.7649],[13.7797,67.1526,5.5664],[13.7875,67.1521,3.6534],[13.8083,67.1604,4.4811]]],
[[[13.7375,67.1667,0.0],[13.7396,67.1687,0.0],[13.7375,67.1708,1.8288],[13.7339,67.1672,0.0],[13.7375,67.1667,0.0]]],
[[[13.8083,67.1833,0.0],[13.812,67.1839,0.0],[13.8141,67.187,2.069],[13.8063,67.1875,0.0],[13.7979,67.1917,0.0],[13.7938,67.1896,0.5149],[13.7776,67.1891,0.0],[13.7776,67.1859,0.0],[13.7807,67.1839,0.5182],[13.7771,67.1813,0.0],[13.7729,67.1854,0.4113],[13.7609,67.1859,2.202],[13.762,67.1911,2.6945],[13.7542,67.1917,2.9322],[13.7464,67.1891,0.0],[13.7443,67.1859,0.0],[13.75,67.1833,0.0],[13.7604,67.1833,6.563],[13.7646,67.1813,0.0],[13.7708,67.1813,0.0],[13.7724,67.1797,1.6746],[13.7609,67.1787,0.0],[13.7599,67.1755,4.7147],[13.7521,67.1729,3.7231],[13.7422,67.1724,0.0],[13.7438,67.1708,11.8456],[13.7495,67.1703,0.0],[13.75,67.1687,0.0],[13.7495,67.1672,0.0],[13.7443,67.1661,0.0],[13.7422,67.163,0.0],[13.75,67.1625,2.1514],[13.7542,67.1646,2.7035],[13.7625,67.1646,0.0],[13.7729,67.1687,3.2724],[13.8083,67.1687,0.0],[13.8224,67.1734,0.0],[13.8208,67.175,0.0],[13.8146,67.175,0.0],[13.8104,67.1729,0.0],[13.8021,67.1729,0.0],[13.7979,67.1708,0.0],[13.7901,67.1713,0.0],[13.7922,67.1745,0.0],[13.7974,67.1755,0.0],[13.8026,67.1828,0.0],[13.8083,67.1833,0.0]]],
[[[13.75,67.1813,0.0],[13.7375,67.1813,0.0],[13.7359,67.1797,1.2984],[13.7557,67.1797,0.0],[13.7542,67.1813,0.0],[13.75,67.1813,0.0]]],
[[[14.2568,67.2172,0.0],[14.2604,67.2167,0.0],[14.262,67.2182,0.0],[14.2583,67.2188,0.0],[14.2568,67.2172,0.0]]],
[[[14.2203,67.2203,0.0],[14.2167,67.2208,0.0],[14.2151,67.2193,0.0],[14.2182,67.2182,0.0],[14.2208,67.2146,0.0],[14.2245,67.2182,0.0],[14.2203,67.2203,0.0]]],
[[[14.2672,67.2255,0.0],[14.2708,67.225,0.0],[14.2724,67.2266,0.0],[14.2688,67.2271,0.0],[14.2672,67.2255,0.0]]],
[[[13.9484,67.2318,7.176],[13.9521,67.2312,4.5705],[13.9536,67.2328,0.0],[13.95,67.2333,0.0],[13.9484,67.2318,7.176]]],
[[[13.9813,67.2562,0.0],[13.9828,67.2578,14.0941],[13.9734,67.2578,0.0],[13.975,67.2562,0.0],[13.9813,67.2562,0.0]]],
[[[13.9599,67.2609,6.0836],[13.9583,67.2625,7.3177],[13.9505,67.262,53.4856],[13.9521,67.2604,0.0],[13.9599,67.2609,6.0836]]],
[[[14.288,67.2693,0.0],[14.2917,67.2688,0.5849],[14.2932,67.2703,1.8966],[14.2896,67.2708,0.0],[14.288,67.2693,0.0]]],
[[[14.0255,67.2828,0.0],[14.0266,67.2849,1.2892],[14.0224,67.287,2.4696],[14.0146,67.2875,0.1527],[14.0104,67.2896,0.0],[13.9938,67.2896,0.0],[13.9896,67.2875,3.1238],[13.9833,67.2875,0.7208],[13.9792,67.2896,0.0],[13.9729,67.2896,0.0],[13.9667,67.2854,28.6431],[13.9526,67.2849,0.0],[13.9505,67.2818,0.7342],[13.9536,67.2797,6.8614],[13.9458,67.2771,32.4774],[13.9396,67.2792,4.1578],[13.9318,67.2766,1.7651],[13.9276,67.2724,13.631],[13.9313,67.2708,0.0],[13.9354,67.2729,15.7132],[13.9495,67.2724,10.5595],[13.9474,67.2693,0.0],[13.9229,67.2688,0.0],[13.913,67.263,3.6304],[13.9229,67.2583,0.0],[13.9354,67.2625,46.7589],[13.9438,67.2625,0.0],[13.9479,67.2646,20.1796],[13.9583,67.2646,0.0],[13.9625,67.2625,13.6543],[13.9688,67.2625,0.0],[13.975,67.2646,9.1771],[13.9766,67.2641,0.0],[13.9755,67.2609,0.0],[13.9792,67.2604,0.0],[13.9932,67.2651,11.0355],[13.9901,67.2672,0.0],[13.9922,67.2703,2.553],[14.0063,67.275,0.0],[14.0146,67.275,0.0],[14.0224,67.2776,12.146],[14.0255,67.2828,0.0]]],
[[[14.0563,67.275,2.0662],[14.0547,67.2745,14.3691],[14.0547,67.2734,22.4016],[14.0578,67.2734,1.947],[14.0563,67.275,2.0662]]],
[[[14.05,67.3021,8.3981],[14.0484,67.3016,1.5004],[14.0484,67.3005,0.0],[14.0516,67.3005,0.0],[14.05,67.3021,8.3981]]],
[[[14.0526,67.3089,0.0],[14.0563,67.3083,0.0],[14.0578,67.3099,0.0],[14.0542,67.3104,0.0],[14.0526,67.3089,0.0]]],
[[[14.0526,67.3172,-0.5537],[14.0563,67.3167,0.1631],[14.0578,67.3182,-0.0397],[14.0542,67.3187,0.0],[14.0526,67.3172,-0.5537]]],
[[[13.7271,67.3063,0.0],[13.7167,67.3063,0.0],[13.7146,67.3042,0.0],[13.7167,67.3021,0.8334],[13.7307,67.3026,1.6648],[13.7307,67.3057,0.8229],[13.7271,67.3063,0.0]]],
[[[13.8464,67.3901,21.034],[13.85,67.3896,0.0],[13.8516,67.3912,0.0],[13.8479,67.3917,0.0],[13.8464,67.3901,21.034]]],
[[[13.9375,67.3958,2.1177],[13.9359,67.3953,2.5045],[13.9359,67.3943,9.633],[13.9391,67.3943,0.0],[13.9375,67.3958,2.1177]]],
[[[13.9391,67.4036,0.0],[13.9313,67.4042,0.0],[13.9276,67.4005,4.5297],[13.9313,67.4,0.0],[13.9391,67.4036,0.0]]],
[[[14.2271,67.4271,0.0],[14.2255,67.4255,0.0],[14.2286,67.4255,0.0],[14.2286,67.4266,0.0],[14.2271,67.4271,0.0]]],
[[[14.2458,67.4271,0.0],[14.2474,67.4287,0.0],[14.238,67.4287,0.0],[14.2396,67.4271,0.0],[14.2458,67.4271,0.0]]],
[[[14.2547,67.4297,0.0],[14.2521,67.4313,0.0],[14.2484,67.4307,0.0],[14.2526,67.4276,0.0],[14.2578,67.4276,0.0],[14.2547,67.4297,0.0]]],
[[[14.0651,67.4318,0.0],[14.0688,67.4313,0.0],[14.0703,67.4328,0.0],[14.0667,67.4333,8.328],[14.0651,67.4318,0.0]]],
[[[14.5589,67.4307,0.0],[14.5526,67.4276,0.0],[14.5599,67.4255,0.0],[14.5625,67.4292,0.0],[14.562,67.4307,0.0],[14.5589,67.4307,0.0]]],
[[[14.3599,67.437,56.492],[14.3521,67.4375,8.7219],[14.3505,67.4359,33.5666],[14.3583,67.4354,130.2269],[14.3599,67.437,56.492]]],
[[[14.5464,67.4391,0.0],[14.5401,67.4359,0.0],[14.5479,67.4333,0.0],[14.5505,67.437,0.0],[14.5578,67.438,0.0],[14.5563,67.4396,0.0],[14.5464,67.4391,0.0]]],
[[[14.6833,67.4458,2.6308],[14.6818,67.4453,7.3331],[14.6818,67.4443,31.0369],[14.6849,67.4443,29.1495],[14.6833,67.4458,2.6308]]],
[[[14.2484,67.438,0.0],[14.2521,67.4375,0.0],[14.2536,67.4391,0.0],[14.25,67.4396,0.0],[14.2484,67.438,0.0]]],
[[[14.275,67.4417,0.0],[14.2688,67.4417,0.0],[14.2672,67.4401,0.0],[14.2729,67.4375,0.0],[14.2766,67.4401,0.0],[14.275,67.4417,0.0]]],
[[[14.2964,67.4453,0.0],[14.2901,67.4359,0.0],[14.3016,67.4359,0.0],[14.3036,67.4411,0.0],[14.3005,67.4422,0.0],[14.2995,67.4453,0.0],[14.2964,67.4453,0.0]]],
[[[14.2547,67.4401,0.0],[14.2583,67.4396,0.0],[14.2599,67.4411,0.0],[14.2563,67.4417,0.0],[14.2547,67.4401,0.0]]],
[[[14.3229,67.4479,0.0],[14.3292,67.4479,0.0],[14.3307,67.4495,0.0],[14.3151,67.4516,0.0],[14.3193,67.4484,0.0],[14.3229,67.4479,0.0]]],
[[[14.3484,67.4505,0.0],[14.3521,67.45,0.0],[14.3536,67.4516,0.0],[14.35,67.4521,0.0],[14.3484,67.4505,0.0]]],
[[[14.337,67.4526,0.0],[14.3391,67.4557,0.0],[14.3339,67.4557,0.0],[14.3339,67.4526,0.0],[14.337,67.4526,0.0]]],
[[[14.4729,67.4583,0.0],[14.4703,67.4547,0.0],[14.4646,67.4542,0.0],[14.463,67.4526,0.0],[14.4849,67.4526,0.0],[14.4766,67.4578,0.0],[14.4729,67.4583,0.0]]],
[[[14.6771,67.4583,7.9369],[14.6833,67.4583,0.0],[14.6849,67.4599,0.0],[14.6771,67.4604,0.0],[14.6729,67.4625,0.0],[14.6547,67.462,8.3915],[14.6646,67.4563,0.0612],[14.6708,67.4563,0.0],[14.6771,67.4583,7.9369]]],
[[[14.6474,67.4729,11.5409],[14.6495,67.4745,5.357],[14.6443,67.4745,17.3366],[14.6443,67.4734,4.29],[14.6474,67.4729,11.5409]]],
[[[14.5875,67.5271,7.0319],[14.5813,67.5271,0.2962],[14.5797,67.5255,0.0],[14.5854,67.5229,14.6563],[14.5953,67.5255,0.0],[14.5938,67.5271,12.6036],[14.5875,67.5271,7.0319]]],
[[[14.6203,67.5318,10.2864],[14.6182,67.5297,0.0],[14.613,67.5286,0.0],[14.6109,67.5255,0.0],[14.6224,67.5255,26.5691],[14.6255,67.5307,7.0061],[14.6307,67.5328,15.4765],[14.6229,67.5333,0.0],[14.6203,67.5318,10.2864]]],
[[[14.6458,67.5417,0.0],[14.6396,67.5417,0.0],[14.638,67.5401,3.1682],[14.6438,67.5375,0.0],[14.6474,67.5401,4.5917],[14.6458,67.5417,0.0]]],
[[[14.6646,67.5458,4.4545],[14.6682,67.5463,0.0],[14.6682,67.5495,1.819],[14.6651,67.5505,0.0],[14.6672,67.5537,1.0329],[14.6771,67.5542,0.0],[14.6812,67.5583,1.0408],[14.7021,67.5604,0.0],[14.7099,67.5641,0.0],[14.7042,67.5667,0.0],[14.6542,67.5667,0.0],[14.6505,67.5641,0.0],[14.6474,67.5568,0.0],[14.6417,67.5563,0.0],[14.6401,67.5547,9.0119],[14.6583,67.5542,0.0],[14.6599,67.5526,0.0],[14.6396,67.5521,0.0],[14.6354,67.55,8.1304],[14.6271,67.55,0.0],[14.625,67.5479,10.3038],[14.6271,67.5458,0.0],[14.6333,67.5458,0.0],[14.6396,67.5479,4.5376],[14.6521,67.5437,0.0],[14.6583,67.5437,0.0],[14.6646,67.5458,4.4545]]],
[[[14.613,67.5547,0.0],[14.6167,67.5542,1.6746],[14.6182,67.5557,4.3461],[14.6146,67.5563,3.614],[14.613,67.5547,0.0]]],
[[[14.6979,67.5729,7.8394],[14.6917,67.5729,0.0],[14.6901,67.5714,0.6321],[14.6958,67.5687,0.0],[14.7141,67.5693,0.0],[14.7109,67.5714,0.0],[14.712,67.5745,0.0],[14.7104,67.575,1.8247],[14.7042,67.575,0.0],[14.6979,67.5729,7.8394]]],
[[[14.6734,67.5995,0.0],[14.6708,67.5979,7.8339],[14.6625,67.5979,28.0689],[14.6609,67.5964,10.5322],[14.675,67.5958,0.0],[14.6786,67.5984,0.0],[14.6771,67.6,2.9915],[14.6734,67.5995,0.0]]],
[[[14.6833,67.6,10.2815],[14.6854,67.6021,22.2145],[14.6833,67.6042,0.0],[14.6797,67.6005,11.7373],[14.6833,67.6,10.2815]]],
[[[14.7005,67.6693,11.9084],[14.7042,67.6687,0.5419],[14.7057,67.6703,11.4517],[14.7021,67.6708,10.2272],[14.7005,67.6693,11.9084]]],
[[[14.6818,67.6734,3.7273],[14.6854,67.6729,0.0],[14.687,67.6745,12.5969],[14.6833,67.675,19.6509],[14.6818,67.6734,3.7273]]],
[[[14.6943,67.6755,17.7641],[14.6979,67.675,0.0],[14.6995,67.6766,1.11],[14.6958,67.6771,6.7302],[14.6943,67.6755,17.7641]]],
[[[14.6203,67.7276,15.6436],[14.6224,67.7307,7.5635],[14.6172,67.7307,0.0],[14.6172,67.7276,4.3117],[14.6203,67.7276,15.6436]]],
[[[14.5776,67.7255,0.0],[14.5875,67.7229,0.0],[14.5911,67.7234,0.0],[14.5943,67.7266,6.8744],[14.5995,67.7276,0.0],[14.6016,67.7297,0.0],[14.6036,67.737,4.8155],[14.5958,67.7375,0.0],[14.5911,67.7338,3.2369],[14.5797,67.7307,0.0],[14.5776,67.7286,0.0],[14.5776,67.7255,0.0]]],
[[[14.5943,67.7536,30.0134],[14.588,67.7505,0.0],[14.5953,67.7484,0.0],[14.5979,67.7521,18.3644],[14.5974,67.7536,18.2319],[14.5943,67.7536,30.0134]]],
[[[14.1729,67.3208,0.9966],[14.1688,67.3208,0.108],[14.1609,67.3172,0.0],[14.1688,67.3167,0.0],[14.1766,67.3193,0.0],[14.1729,67.3208,0.9966]]],
[[[14.137,67.3245,1.8167],[14.1271,67.325,0.0],[14.125,67.3229,0.0],[14.1271,67.3208,0.0],[14.1333,67.3208,5.2662],[14.137,67.3245,1.8167]]],
[[[14.2609,67.3588,0.0],[14.2646,67.3583,0.0],[14.2661,67.3599,10.5477],[14.2625,67.3604,0.0],[14.2609,67.3588,0.0]]],
[[[13.9526,67.3943,0.0],[13.95,67.3958,3.5229],[13.9464,67.3953,3.3102],[13.9443,67.3932,2.0313],[13.9443,67.3901,15.2632],[13.9536,67.3901,0.0],[13.9557,67.3932,0.0],[13.9526,67.3943,0.0]]],
[[[13.9896,67.4229,0.0],[13.9859,67.4255,0.0],[13.987,67.4287,1.9794],[13.9839,67.4297,0.0],[13.9891,67.4318,0.0],[13.9891,67.4349,4.9246],[13.9833,67.4375,0.0],[13.9729,67.4375,0.0],[13.9688,67.4354,3.0298],[13.9646,67.4354,0.0],[13.9604,67.4313,0.0],[13.9568,67.4318,0.0],[13.9578,67.4349,0.0],[13.95,67.4354,3.8737],[13.9401,67.4328,0.0],[13.9375,67.4292,0.0],[13.9292,67.4292,0.0],[13.925,67.4271,0.0],[13.9063,67.4271,0.0],[13.8984,67.4245,0.0],[13.8938,67.4208,0.0],[13.8839,67.4203,0.0],[13.887,67.4172,0.0],[13.8818,67.4161,0.0],[13.8792,67.4125,0.0],[13.8693,67.412,0.0],[13.8672,67.4089,6.5097],[13.8703,67.4068,3.5945],[13.8609,67.4057,1.8986],[13.8578,67.4026,4.7512],[13.8526,67.4016,3.4899],[13.8505,67.3984,0.0],[13.8599,67.3974,0.0],[13.8547,67.3953,0.0],[13.8563,67.3938,7.9843],[13.8625,67.3938,0.0],[13.8729,67.3979,0.0],[13.8807,67.3974,2.5167],[13.8755,67.3953,0.0],[13.8745,67.3922,26.6179],[13.8672,67.3912,0.5956],[13.8714,67.388,2.3939],[13.875,67.3875,0.0],[13.8854,67.3917,0.0],[13.8953,67.3922,0.0],[13.8984,67.3974,0.0],[13.9083,67.3979,0.2238],[13.9109,67.4016,3.5698],[13.9245,67.4047,0.0],[13.9286,67.412,4.637],[13.9146,67.4125,0.0],[13.9104,67.4104,0.3197],[13.9026,67.4109,0.0],[13.9026,67.4141,0.0],[13.9078,67.4151,-0.2538],[13.9125,67.4208,3.358],[13.9208,67.4208,2.2181],[13.925,67.4187,1.9143],[13.9313,67.4229,1.8528],[13.9411,67.4234,0.0],[13.9422,67.4266,-0.0167],[13.9458,67.4292,0.0],[13.951599999999999,67.4266,2.8055],[13.9521,67.425,0.0],[13.9484,67.4172,9.8605],[13.9521,67.4167,0.0],[13.9563,67.4187,18.2582],[13.9604,67.4146,4.5955],[13.9729,67.4146,0.0],[13.987,67.4193,0.0],[13.9896,67.4229,0.0]]],
[[[13.863,67.4193,5.2193],[13.8667,67.4187,0.0],[13.8682,67.4203,0.0],[13.8646,67.4208,0.0],[13.863,67.4193,5.2193]]],
[[[13.8714,67.4266,0.0],[13.8651,67.4234,0.0],[13.8708,67.4208,0.0],[13.8771,67.4208,0.0],[13.8807,67.4234,0.0],[13.8766,67.4266,0.0],[13.8714,67.4266,0.0]]],
[[[13.9182,67.4328,0.0698],[13.9104,67.4333,0.0],[13.9068,67.4297,0.0],[13.9104,67.4292,0.704],[13.9182,67.4328,0.0698]]],
[[[13.9505,67.4109,1.3126],[13.9479,67.4125,13.8741],[13.9443,67.412,12.9014],[13.9484,67.4089,0.0],[13.9536,67.4089,0.0],[13.9505,67.4109,1.3126]]],
[[[13.9875,67.4167,4.7761],[13.9859,67.4161,3.1926],[13.9859,67.4151,0.0],[13.9891,67.4151,0.4658],[13.9875,67.4167,4.7761]]],
[[[14.0359,67.4193,2.3899],[14.0396,67.4187,0.4301],[14.0411,67.4203,0.1806],[14.0375,67.4208,0.0],[14.0359,67.4193,2.3899]]],
[[[14.0536,67.4245,4.7248],[14.0563,67.4208,1.6502],[14.0661,67.4234,0.0],[14.0667,67.425,9.4954],[14.0646,67.4271,0.0],[14.0464,67.4266,6.6843],[14.0479,67.425,5.6695],[14.0536,67.4245,4.7248]]],
[[[14.0708,67.4479,12.1892],[14.0693,67.4464,6.3414],[14.0724,67.4464,0.0],[14.0724,67.4474,14.8678],[14.0708,67.4479,12.1892]]],
[[[13.9938,67.4542,0.0],[13.9922,67.4526,0.0],[13.9953,67.4526,0.0],[13.9953,67.4537,0.0],[13.9938,67.4542,0.0]]],
[[[14.2089,68.1422,0.0],[14.2125,68.1417,0.0],[14.2141,68.1432,6.6428],[14.2104,68.1438,0.0],[14.2089,68.1422,0.0]]],
[[[14.0276,68.1484,0.0],[14.0313,68.1479,0.0],[14.0328,68.1495,0.0],[14.0292,68.15,0.0],[14.0276,68.1484,0.0]]],
[[[14.75,67.7188,17.2527],[14.7484,67.7182,16.4012],[14.7484,67.7172,19.5534],[14.7516,67.7172,3.1726],[14.75,67.7188,17.2527]]],
[[[14.7396,67.7292,8.015],[14.738,67.7276,15.1865],[14.7411,67.7276,0.0],[14.7411,67.7286,0.0],[14.7396,67.7292,8.015]]],
[[[14.7521,67.7312,3.3703],[14.7458,67.7312,2.0334],[14.7443,67.7297,0.0],[14.7542,67.7292,0.0],[14.7521,67.7312,3.3703]]],
[[[14.7667,67.7771,0.0],[14.763,67.7766,0.0],[14.7609,67.7734,0.0],[14.7688,67.7708,0.0],[14.7729,67.7729,0.0],[14.7854,67.7729,0.0],[14.7953,67.7755,0.0],[14.7958,67.7771,5.633],[14.7953,67.7786,7.0316],[14.7896,67.7813,0.0],[14.7854,67.7792,2.2569],[14.7667,67.7771,0.0]]],
[[[14.6318,67.7526,8.3412],[14.6354,67.7521,11.3331],[14.637,67.7536,9.6954],[14.6333,67.7542,0.0],[14.6318,67.7526,8.3412]]],
[[[14.5589,67.7859,0.0],[14.5625,67.7854,5.6547],[14.5641,67.787,9.987],[14.5604,67.7875,0.0],[14.5589,67.7859,0.0]]],
[[[14.6938,67.7875,1.3008],[14.6922,67.787,9.774],[14.6922,67.7859,13.5939],[14.6953,67.7859,15.0223],[14.6938,67.7875,1.3008]]],
[[[14.5651,67.7963,1.8637],[14.5687,67.7958,4.6407],[14.5703,67.7974,0.3805],[14.5667,67.7979,0.0],[14.5651,67.7963,1.8637]]],
[[[14.7458,67.8125,0.0],[14.7474,67.813,0.0],[14.7474,67.8161,15.7503],[14.7422,67.8161,0.0],[14.7422,67.813,6.8883],[14.7458,67.8125,0.0]]],
[[[14.7172,67.8266,9.6347],[14.7438,67.8292,0.0],[14.7563,67.8333,0.0],[14.7708,67.8354,0.0],[14.7729,67.8375,0.0],[14.7708,67.8396,0.0],[14.7583,67.8396,0.0],[14.7479,67.8354,14.4207],[14.7292,67.8354,0.0],[14.7245,67.8318,1.2743],[14.7167,67.8292,17.6176],[14.7104,67.8313,0.0],[14.7063,67.8292,9.7778],[14.7021,67.8292,12.8861],[14.6995,67.8255,7.884],[14.6943,67.8245,17.4169],[14.6974,67.8214,1.8902],[14.6932,67.8151,0.0],[14.6833,67.8125,0.0],[14.6708,67.8125,0.0],[14.6672,67.8099,0.0],[14.6661,67.8068,35.2483],[14.6563,67.8063,68.0467],[14.6526,67.8026,16.5532],[14.6667,67.8021,0.0],[14.6729,67.8063,18.7966],[14.6854,67.8063,0.0],[14.6896,67.8042,0.0],[14.6938,67.8063,40.6512],[14.7036,67.8068,0.0],[14.7109,67.8161,0.2183],[14.7161,67.8172,0.0],[14.7125,67.8208,5.6034],[14.7172,67.8266,9.6347]]],
[[[14.7354,67.8271,8.9492],[14.7339,67.8255,0.0],[14.737,67.8255,9.888],[14.737,67.8266,0.0],[14.7354,67.8271,8.9492]]],
[[[14.8896,67.8438,0.0],[14.888,67.8422,61.5802],[14.8911,67.8422,89.1239],[14.8917,67.8438,0.0],[14.8896,67.8438,0.0]]],
[[[14.6203,67.8568,3.5371],[14.6188,67.8583,0.0],[14.6151,67.8578,0.1944],[14.613,67.8557,0.0],[14.613,67.8526,3.2352],[14.6161,67.8526,0.0],[14.6203,67.8568,3.5371]]],
[[[14.6432,67.8588,0.0],[14.6417,67.8604,0.0],[14.6318,67.8599,1.7145],[14.6333,67.8583,2.1811],[14.6432,67.8588,0.0]]],
[[[14.6208,67.8646,0.0],[14.6193,67.8641,0.0],[14.6193,67.863,1.8362],[14.6224,67.863,3.8114],[14.6208,67.8646,0.0]]],
[[[14.6589,67.8651,0.0],[14.6625,67.8646,6.2586],[14.6641,67.8662,0.0],[14.6604,67.8667,7.8111],[14.6589,67.8651,0.0]]],
[[[14.8729,67.9479,16.6724],[14.8714,67.9464,43.5985],[14.8745,67.9464,7.4968],[14.8745,67.9474,13.6547],[14.8729,67.9479,16.6724]]],
[[[14.8776,67.9484,1.7729],[14.8813,67.9479,0.0],[14.8828,67.9495,24.0147],[14.8792,67.95,0.0],[14.8776,67.9484,1.7729]]],
[[[14.7229,68.1833,5.9701],[14.7214,68.1828,7.4995],[14.7214,68.1818,0.0],[14.7245,68.1818,19.3505],[14.7229,68.1833,5.9701]]],
[[[14.7495,68.1839,0.0],[14.7479,68.1854,0.0],[14.738,68.1849,15.4111],[14.7396,68.1833,0.0],[14.7495,68.1839,0.0]]],
[[[14.2021,68.1542,4.0668],[14.1984,68.1536,9.5988],[14.1964,68.1505,15.7339],[14.2042,68.1479,0.0],[14.2078,68.1505,2.9714],[14.2078,68.1536,2.0679],[14.2021,68.1542,4.0668]]],
[[[14.0354,68.1563,0.0],[14.0318,68.1557,0.0],[14.0349,68.1536,0.0],[14.0339,68.1505,0.0],[14.0391,68.1505,0.0],[14.0411,68.1536,0.0],[14.0354,68.1563,0.0]]],
[[[14.0422,68.1547,0.0],[14.0458,68.1542,0.0],[14.0474,68.1557,0.0],[14.0438,68.1563,0.0],[14.0422,68.1547,0.0]]],
[[[14.2172,68.1568,0.0],[14.2271,68.1563,2.8257],[14.2286,68.1578,0.0],[14.2208,68.1604,3.0509],[14.2172,68.1568,0.0]]],
[[[14.7193,68.188,9.6439],[14.7229,68.1875,19.3398],[14.7245,68.1891,0.0],[14.7208,68.1896,0.0],[14.7193,68.188,9.6439]]],
[[[14.8233,68.2165,6.7169],[14.8063,68.2167,14.6851],[14.7979,68.2208,0.0],[14.7917,68.2208,0.0],[14.788,68.2182,23.4827],[14.7911,68.2151,158.3562],[14.7833,68.2125,406.4255],[14.7771,68.2146,192.8188],[14.7646,68.2146,314.2685],[14.7604,68.2125,447.8311],[14.7542,68.2125,268.5629],[14.7521,68.2146,108.1179],[14.7542,68.2167,72.9551],[14.775,68.2167,73.4548],[14.7766,68.2182,51.6023],[14.7708,68.2208,0.0],[14.7417,68.2208,1.4531],[14.7318,68.2182,0.0],[14.7297,68.213,0.0],[14.7328,68.2109,0.0],[14.7307,68.2068,4.929],[14.7271,68.2042,8.7378],[14.7172,68.2037,0.0],[14.7203,68.2005,8.9155],[14.7151,68.1984,11.1498],[14.7208,68.1958,0.0],[14.7286,68.1953,3.2963],[14.7354,68.1917,0.0],[14.7458,68.1917,12.5318],[14.75,68.1896,0.0],[14.7563,68.1917,7.6632999999999996],[14.775,68.1917,0.0],[14.7828,68.1943,0.0],[14.7849,68.1974,0.0],[14.7818,68.1995,9.751],[14.787,68.2005,3.1458],[14.7964,68.212,18.0186],[14.8042,68.2146,30.5256],[14.8161,68.2099,0.0],[14.8146,68.2083,8.8049],[14.8089,68.2078,13.2229],[14.8089,68.2047,7.0663],[14.826599999999999,68.2068,0.0],[14.8286,68.212,85.651],[14.8255,68.213,19.0746],[14.8233,68.2165,6.7169]]],
[[[14.7125,68.2167,0.0],[14.7141,68.2182,5.8336],[14.7047,68.2182,6.4692],[14.7063,68.2167,0.0],[14.7125,68.2167,0.0]]],
[[[14.7771,68.25,0.0],[14.7755,68.2484,2.6914],[14.7786,68.2484,10.6931],[14.7786,68.2495,0.0],[14.7771,68.25,0.0]]],
[[[14.713,68.1693,4.2711],[14.7083,68.1708,0.0],[14.7021,68.1687,0.0],[14.6938,68.1729,0.0],[14.6896,68.1708,0.0],[14.6812,68.1708,0.0],[14.6771,68.1687,17.8354],[14.6688,68.1687,2.5202],[14.6646,68.1708,0.0],[14.6547,68.1682,0.0],[14.6547,68.1651,0.0],[14.6625,68.1667,0.0],[14.6641,68.1651,4.6847],[14.662,68.1609,12.126],[14.6547,68.1599,0.0],[14.6526,68.1547,9.1368],[14.6729,68.1563,25.8961],[14.6792,68.1542,0.0],[14.6833,68.1563,32.24],[14.6917,68.1563,0.0],[14.6958,68.1604,41.0304],[14.712,68.1609,0.0],[14.7141,68.1641,17.1661],[14.7109,68.1661,0.0],[14.7224,68.1672,0.0],[14.7208,68.1687,4.1048],[14.713,68.1693,4.2711]]],
[[[14.5729,68.2292,4.3002],[14.5714,68.2286,10.5009],[14.5714,68.2276,7.0287],[14.5745,68.2276,2.1985],[14.5729,68.2292,4.3002]]],
[[[14.6896,68.2792,0.0],[14.6818,68.2786,0.0],[14.6797,68.2755,0.0],[14.6833,68.275,0.0],[14.6911,68.2776,0.0],[14.6896,68.2792,0.0]]],
[[[14.8516,68.3255,81.7988],[14.8625,68.3292,2.2851],[14.8687,68.3292,4.4366],[14.875,68.3271,2.2734],[14.8792,68.3292,37.6636],[14.8813,68.3271,2.5959],[14.8807,68.3255,60.7078],[14.875,68.325,196.2643],[14.85,68.3167,623.5225],[14.8438,68.3167,783.9438],[14.8396,68.3187,580.9276],[14.8104,68.3187,765.0422],[14.8042,68.3167,893.8041],[14.7979,68.3187,634.8004],[14.7937,68.3167,736.0294],[14.775,68.3167,482.8276],[14.7625,68.3208,32.0286],[14.7542,68.3208,0.0],[14.7464,68.3182,0.0],[14.7432,68.3151,0.0],[14.738,68.3141,0.0],[14.7411,68.312,2.3419],[14.7396,68.3083,0.0],[14.7432,68.3047,56.7861],[14.7359,68.3037,0.0],[14.7318,68.2974,12.2401],[14.725,68.2854,0.0],[14.7286,68.2818,37.1492],[14.7188,68.2813,0.0],[14.7151,68.2786,0.0],[14.7167,68.2771,2.8571],[14.7245,68.2766,0.0],[14.7208,68.2708,0.0],[14.7245,68.2682,14.0193],[14.7214,68.262,0.0],[14.7245,68.2599,4.1654],[14.7234,68.2547,1.9418],[14.7516,68.2589,0.0],[14.7557,68.2641,0.0],[14.7484,68.2672,0.0],[14.7484,68.2703,0.0],[14.7583,68.2708,12.6448],[14.7646,68.275,18.2773],[14.7792,68.275,0.0],[14.7833,68.2771,42.0121],[14.7917,68.2771,0.0],[14.7995,68.2797,0.0],[14.8026,68.2828,0.0],[14.8141,68.2859,0.0],[14.8193,68.2911,0.0],[14.8417,68.2979,0.0],[14.8521,68.2937,0.0],[14.8578,68.2984,0.0],[14.8609,68.3037,0.0],[14.8708,68.3042,0.0],[14.8786,68.3068,0.0],[14.8839,68.3141,0.0],[14.8911,68.3151,0.0],[14.8922,68.3182,8.8099],[14.9021,68.3187,0.0],[14.912,68.3214,0.0],[14.913,68.3245,22.5643],[14.9328,68.3297,9.0753],[14.9359,68.3328,37.5619],[14.9411,68.3339,13.8432],[14.9458,68.3375,32.5968],[14.9542,68.3375,4.2864],[14.9604,68.3417,3.6502],[14.9682,68.3401,0.0],[14.9703,68.3432,0.0],[14.9672,68.3453,21.1024],[14.9724,68.3464,0.0],[14.9818,68.3578,0.0],[14.987,68.3588,0.0],[14.9891,68.3609,0.0],[14.9859,68.3641,0.0],[14.9974,68.3672,12.8475],[15.0005,68.3703,0.0],[15.0057,68.3714,0.0],[15.0026,68.3745,0.0],[15.0125,68.375,0.0],[15.0182,68.3724,0.0],[15.0172,68.3693,0.0],[15.0266,68.3682,0.0],[15.025,68.3667,0.0],[15.0193,68.3662,0.0],[15.0182,68.363,0.0],[15.0109,68.362,0.0],[15.0057,68.3526,0.0],[14.9984,68.3516,0.0],[15.0026,68.3484,0.0],[15.0104,68.3458,9.4665],[15.0151,68.3495,0.0],[15.025,68.35,0.0],[15.0297,68.3536,13.5061],[15.0411,68.3568,0.0],[15.0453,68.3609,0.0],[15.0453,68.3641,0.0],[15.0339,68.3682,0.0],[15.0438,68.3688,0.0],[15.0516,68.3714,0.0],[15.0547,68.3745,0.0],[15.0661,68.3776,0.0],[15.0734,68.387,26.1395],[15.087,68.3901,0.0],[15.0833,68.3938,0.0],[15.0859,68.3974,0.0],[15.0958,68.3979,0.0],[15.1026,68.4036,11.2712],[15.1104,68.4042,0.0],[15.112,68.4036,0.0],[15.1109,68.4005,1.0361],[15.1188,68.4,0.0],[15.1245,68.3974,0.0],[15.1229,68.3958,0.0],[15.1026,68.3953,0.0],[15.1057,68.3922,5.5986],[15.0984,68.3912,0.0],[15.0974,68.388,16.2543],[15.0901,68.387,0.0],[15.0849,68.3797,0.0],[15.0797,68.3786,0.0],[15.0776,68.3766,0.0],[15.0724,68.3672,53.7956],[15.0651,68.3662,0.0],[15.0682,68.3641,18.4991],[15.0682,68.3609,8.026],[15.0609,68.3599,0.0],[15.0604,68.3583,0.0],[15.0625,68.3562,0.0],[15.0729,68.3562,1.3685],[15.0771,68.3542,12.2834],[15.0833,68.3542,22.6633],[15.0891,68.3505,155.7078],[15.0854,68.35,272.5061],[15.0792,68.3521,89.1443],[15.075,68.35,190.3637],[15.0708,68.3542,0.0],[15.0646,68.3542,0.0],[15.0568,68.3516,11.9106],[15.0495,68.3422,9.9984],[15.0443,68.3401,0.0],[15.05,68.3375,76.3286],[15.0547,68.3411,60.6716],[15.0625,68.3417,139.258],[15.0646,68.3396,270.1359],[15.062,68.3359,486.1404],[15.0417,68.3354,286.2159],[15.0354,68.3313,360.4361],[15.0318,68.3318,171.333],[15.0328,68.3349,40.9637],[15.0292,68.3354,25.7495],[15.0188,68.3313,14.8328],[15.013,68.3307,0.0],[15.0099,68.3255,48.2171],[14.9964,68.3224,0.0],[14.9995,68.3193,0.0],[14.9917,68.3167,10.1797],[14.9833,68.3167,0.0],[14.9797,68.3141,0.0],[14.9776,68.3089,0.0],[14.9854,68.3083,0.0],[14.9938,68.3042,2.4674],[15.0016,68.3037,0.0],[14.9943,68.3005,2.3016],[15.0042,68.3,0.0],[15.0083,68.3021,18.1384],[15.0125,68.3,0.0],[15.0203,68.2995,0.0],[15.0182,68.2963,0.0],[15.0104,68.2937,99.8698],[15.0005,68.2932,0.0],[14.9974,68.288,13.1205],[14.9901,68.287,0.0],[14.9917,68.2854,37.7476],[15.0042,68.2854,245.2533],[15.0083,68.2875,111.4146],[15.012,68.287,126.5358],[15.0099,68.2839,337.1352],[14.9958,68.2792,250.8815],[14.9896,68.2813,0.0],[14.9859,68.2807,0.0],[14.9818,68.2734,0.0],[14.9875,68.2708,0.0],[15.0016,68.2703,1.1264],[15.0005,68.2672,22.586],[15.0063,68.2646,0.0],[15.0188,68.2646,0.0],[15.0271,68.2708,3.9236],[15.0495,68.2734,0.0],[15.0526,68.2786,56.7102],[15.0661,68.2818,0.0],[15.0688,68.2854,0.0],[15.0833,68.2854,0.0],[15.0995,68.2901,0.0],[15.0964,68.2922,14.8121],[15.0974,68.2953,0.0],[15.0958,68.2958,0.0],[15.0896,68.2958,12.4205],[15.0854,68.2979,0.0],[15.0625,68.2979,1.8801],[15.0609,68.2995,0.0],[15.1104,68.3,23.1246],[15.1146,68.3021,4.6367],[15.1229,68.3021,0.0],[15.1266,68.3047,0.0],[15.1276,68.3078,0.0],[15.1349,68.3089,0.0],[15.1349,68.312,17.3989],[15.1318,68.3141,6.191],[15.139099999999999,68.3151,0.0],[15.1396,68.3167,21.6884],[15.1359,68.3203,0.0],[15.1458,68.3208,0.0],[15.1521,68.325,0.0],[15.1724,68.3245,0.0],[15.1708,68.3208,15.6014],[15.1745,68.3182,0.0],[15.1734,68.3151,25.481],[15.1813,68.3125,0.0],[15.1833,68.3146,0.0],[15.1797,68.3182,9.5055],[15.187,68.3193,0.0],[15.1922,68.3266,7.4773],[15.2146,68.3354,0.0],[15.225,68.3354,0.0],[15.2276,68.3391,27.259],[15.2349,68.3401,0.0],[15.2412,68.3506,5.7513],[15.2443,68.3536,36.9759],[15.2495,68.3547,10.7318],[15.2516,68.3568,8.9386],[15.2417,68.3625,6.1481],[15.2354,68.3625,35.4568],[15.2208,68.3667,0.0],[15.2146,68.3646,10.4231],[15.2083,68.3646,0.0],[15.2,68.3688,0.0],[15.1917,68.3688,0.0],[15.1901,68.3672,0.0],[15.1953,68.3651,4.9591],[15.1854,68.3646,0.0],[15.1797,68.3672,0.0],[15.188,68.3724,1.209],[15.2229,68.3708,32.3345],[15.2271,68.3688,0.0],[15.2583,68.3688,19.8819],[15.2609,68.3724,15.3075],[15.2828,68.3776,0.0],[15.2859,68.3828,0.0],[15.2995,68.3859,0.0],[15.3005,68.3891,7.8108],[15.312,68.3901,0.0],[15.3089,68.3922,11.3218],[15.3109,68.3953,27.8645],[15.3188,68.3979,13.8022],[15.3396,68.3979,0.0],[15.362,68.4047,0.0],[15.3672,68.4099,5.3117],[15.3724,68.4109,0.0],[15.3745,68.413,0.0],[15.3672,68.4172,7.9334],[15.3724,68.4193,0.0],[15.3693,68.4224,0.0],[15.3745,68.4234,0.0],[15.3766,68.4255,0.0],[15.3734,68.4287,0.0],[15.3828,68.4287,0.0],[15.3828,68.4255,9.6954],[15.3797,68.4213,3.2273],[15.3875,68.4208,5.306],[15.3891,68.4203,0.0],[15.388,68.4172,0.0],[15.4021,68.4146,0.0],[15.4068,68.4182,0.0],[15.4146,68.4208,0.0],[15.4229,68.4208,0.0],[15.4276,68.4245,0.0],[15.4328,68.4255,0.0],[15.4359,68.4287,14.1857],[15.4495,68.4318,0.0],[15.4505,68.4349,48.5482],[15.462,68.4359,0.0],[15.4734,68.4495,0.0],[15.4875,68.45,0.0],[15.4938,68.4542,0.0],[15.5021,68.4542,2.0787],[15.5078,68.4505,4.5531],[15.5036,68.4464,0.0],[15.4984,68.4453,0.0],[15.4964,68.4432,0.0],[15.4995,68.4411,0.0],[15.4974,68.4359,0.0],[15.4953,68.4339,0.0],[15.4901,68.4328,0.0],[15.4849,68.4276,4.1703],[15.4714,68.4224,0.0],[15.4682,68.4193,11.2293],[15.463,68.4182,0.0],[15.4578,68.413,84.2685],[15.4464,68.412,0.0],[15.4432,68.4068,103.1446],[15.4125,68.4021,0.0],[15.3984,68.3974,0.0],[15.3932,68.3922,6.9888],[15.3797,68.3891,0.0],[15.3786,68.3859,4.6705],[15.3714,68.3849,0.0],[15.3703,68.3818,0.0],[15.363,68.3807,0.0],[15.3667,68.3771,0.0],[15.3641,68.3734,7.9824],[15.3589,68.3724,0.0],[15.362,68.3703,10.7541],[15.3609,68.3672,24.5689],[15.3641,68.3662,0.0],[15.362,68.3609,11.5483],[15.3568,68.3609,0.0],[15.3578,68.3641,0.0],[15.35,68.3667,0.0],[15.3458,68.3646,18.4698],[15.3375,68.3646,0.0],[15.3276,68.362,4.6725],[15.3255,68.3568,0.0],[15.3328,68.3536,0.1971],[15.3318,68.3484,0.0],[15.3391,68.3474,0.0],[15.3458,68.3438,0.0],[15.3708,68.3438,0.0],[15.3813,68.3479,0.0],[15.3911,68.3484,0.0],[15.3958,68.3521,0.0],[15.4146,68.3521,14.2509],[15.4307,68.3474,19.4128],[15.4297,68.3443,0.0],[15.4479,68.3417,16.786],[15.4521,68.3396,9.065],[15.4568,68.3432,3.0138],[15.4604,68.3438,1.8529],[15.4688,68.3396,0.0],[15.4745,68.3443,6.4239],[15.4797,68.3516,0.0],[15.5,68.3542,8.7798],[15.5057,68.3505,0.0],[15.5005,68.3495,0.0],[15.4984,68.3474,0.0],[15.4984,68.3443,0.0],[15.5057,68.3432,5.7678],[15.5068,68.3401,0.0],[15.5099,68.3391,30.378],[15.5089,68.3359,20.7748],[15.5146,68.3333,0.0],[15.5375,68.3313,5.9237],[15.5417,68.3333,0.0],[15.5479,68.3333,5.6419],[15.55,68.3313,0.0],[15.5484,68.3276,0.0],[15.55,68.3271,0.0],[15.5625,68.3313,0.0],[15.587,68.3287,0.0],[15.5792,68.325,0.0],[15.5672,68.3224,0.0],[15.5703,68.3193,0.0],[15.5682,68.3172,0.0],[15.563,68.3161,12.2091],[15.5609,68.3141,31.6873],[15.5625,68.3125,0.0],[15.5771,68.3167,0.0],[15.5828,68.3141,19.2628],[15.5818,68.3109,3.857],[15.5833,68.3104,9.9994],[15.5917,68.3104,4.7796],[15.5958,68.3125,0.0],[15.6,68.3104,0.0],[15.6063,68.3104,0.0],[15.6104,68.3083,0.0],[15.6208,68.3083,2.4374],[15.625,68.3063,0.8379],[15.6563,68.3083,0.0],[15.662,68.313,7.9109],[15.662,68.3161,6.5072],[15.6547,68.3172,3.8088],[15.6536,68.3203,5.255],[15.6505,68.3224,0.0],[15.6589,68.3328,2.9641],[15.6667,68.3313,0.0],[15.6708,68.3333,0.0],[15.6854,68.3333,0.0],[15.6932,68.3359,0.0],[15.7,68.3438,0.0],[15.7286,68.3443,0.0],[15.7286,68.3474,0.0],[15.7214,68.3484,0.0],[15.7203,68.3516,0.0],[15.713,68.3547,0.0],[15.7234,68.3703,0.0],[15.7333,68.3708,0.0],[15.7375,68.3729,0.0],[15.7458,68.3729,0.0],[15.75,68.3708,0.0],[15.764099999999999,68.3714,0.0],[15.7609,68.3734,2.2438],[15.762,68.3766,0.0],[15.7583,68.3771,0.0],[15.7542,68.375,3.5957],[15.7333,68.375,0.0],[15.7292,68.3729,12.5811],[15.7193,68.3724,0.0],[15.7146,68.3688,4.7478],[15.7083,68.3688,45.2357],[15.7042,68.3708,0.0],[15.6938,68.3708,3.032],[15.6896,68.3729,0.0],[15.6833,68.3729,25.7123],[15.6776,68.3766,0.0],[15.6875,68.3771,0.0],[15.6938,68.3792,29.0002],[15.7021,68.375,7.5301],[15.7146,68.375,0.0],[15.7229,68.3833,8.4599],[15.7557,68.3839,0.0],[15.7526,68.387,7.3815],[15.7578,68.388,0.0],[15.762,68.3932,0.0],[15.7521,68.3979,0.0],[15.7443,68.3984,8.4333],[15.7453,68.4016,0.0],[15.7417,68.4042,0.0],[15.7464,68.412,0.0],[15.7599,68.4151,0.0],[15.7568,68.4182,14.6798],[15.764099999999999,68.4193,0.0],[15.7682,68.4255,0.0],[15.7651,68.4276,0.0],[15.7651,68.4307,8.805],[15.7708,68.4354,0.0],[15.7771,68.4354,0.0],[15.7828,68.4328,19.8249],[15.7755,68.4203,0.0],[15.7786,68.4182,1.1833],[15.7771,68.4146,0.0],[15.7807,68.412,30.6339],[15.7797,68.4089,0.0],[15.7891,68.4078,0.0],[15.8,68.4021,0.0],[15.8042,68.4042,3.9356],[15.8313,68.4042,0.0],[15.8411,68.4089,0.0],[15.838,68.4109,0.0],[15.8432,68.4193,0.0],[15.8401,68.4224,0.0],[15.8479,68.4229,0.0],[15.8521,68.4208,0.0],[15.8661,68.4213,2.9717],[15.8578,68.4266,0.0],[15.85,68.4271,0.0],[15.8484,68.4287,1.4882],[15.8526,68.4328,0.0],[15.8578,68.4339,0.0],[15.8547,68.437,18.247],[15.862,68.438,0.0],[15.8672,68.4453,24.4956],[15.8724,68.4464,0.0],[15.8766,68.4505,0.0],[15.8786,68.4557,0.0],[15.8755,68.4578,4.3585],[15.8776,68.4599,0.0],[15.8828,68.4609,0.0],[15.8875,68.4646,0.4008],[15.8953,68.462,0.0],[15.8995,68.4589,24.0117],[15.8922,68.4578,0.0],[15.8953,68.4557,0.0],[15.8922,68.4495,3.345],[15.8953,68.4474,20.6078],[15.8932,68.4443,12.0139],[15.8797,68.4411,0.0],[15.8755,68.4349,0.0],[15.887,68.4287,0.0],[15.8875,68.4271,0.0],[15.887,68.4255,14.9477],[15.8797,68.4245,0.0],[15.8833,68.4208,7.1022],[15.8776,68.412,0.0],[15.8807,68.4089,9.4669],[15.8745,68.4005,0.0],[15.8693,68.3995,1.7625],[15.8651,68.3953,0.0],[15.8651,68.3922,0.0],[15.8682,68.3901,0.0],[15.863,68.3839,0.0],[15.8729,68.3792,0.0],[15.8792,68.3812,0.0],[15.8875,68.3812,0.0],[15.8917,68.3833,2.4439],[15.9063,68.3833,0.0],[15.9188,68.3875,0.0],[15.9271,68.3875,1.5844],[15.9297,68.3912,0.0],[15.9354,68.3917,0.0],[15.9458,68.3958,7.7597],[15.9521,68.3938,0.0],[15.9583,68.3938,3.5876],[15.963,68.3974,0.0],[15.9766,68.4005,0.0],[15.9734,68.4026,0.0],[15.975,68.4042,2.1779],[15.9896,68.4042,0.0],[15.9974,68.4068,0.0],[16.0016,68.412,2.7725],[15.9943,68.4151,2.5911],[15.9932,68.4182,13.5339],[15.9901,68.4203,4.9861],[15.9943,68.4245,11.173],[16.0078,68.4276,0.0],[16.0047,68.4307,43.0282],[16.0099,68.4318,0.0],[16.0068,68.4349,26.1606],[16.0151,68.4474,0.0],[16.0224,68.4484,0.0],[16.0234,68.4516,0.0],[16.0307,68.4526,0.0],[16.0276,68.4557,0.68],[16.0328,68.4568,0.0],[16.0359,68.4599,0.0],[16.0458,68.4604,0.0],[16.0505,68.4641,0.0],[16.0583,68.4667,4.5556],[16.0766,68.4693,0.0],[16.0859,68.4828,35.7238],[16.0932,68.4838,0.0],[16.0932,68.487,0.0],[16.0859,68.4912,13.075],[16.0896,68.4938,7.2773],[16.0958,68.4917,0.0],[16.0995,68.4943,0.0],[16.0964,68.4964,18.6046],[16.0974,68.5016,0.0],[16.0943,68.5036,27.2989],[16.0995,68.5089,0.0],[16.1005,68.512,22.1221],[16.1333,68.5104,0.0],[16.1349,68.512,0.0],[16.1318,68.513,0.826],[16.1318,68.5162,0.0],[16.1391,68.5172,3.7324],[16.1375,68.5188,0.3077],[16.1068,68.5193,0.0],[16.1078,68.5224,0.0],[16.1047,68.5245,0.0],[16.1068,68.5266,3.5026],[16.112,68.5276,0.0],[16.1146,68.5313,0.0],[16.1109,68.5349,30.4309],[16.1151,68.5391,0.0],[16.1203,68.5411,0.0],[16.1172,68.5422,0.0],[16.1182,68.5453,0.0],[16.1104,68.5458,20.215699999999998],[16.1036,68.5495,0.0],[16.0958,68.55,4.0462],[16.0901,68.5526,0.0],[16.0938,68.5563,2.2703],[16.1,68.5542,0.0],[16.1182,68.5537,24.7357],[16.1172,68.5505,0.0],[16.1266,68.5495,0.0],[16.1255,68.5463,0.0],[16.1349,68.5432,13.2741],[16.1318,68.5391,0.0],[16.1349,68.537,0.0],[16.1339,68.5339,0.0],[16.1396,68.5313,23.1237],[16.1458,68.5313,22.3704],[16.1521,68.5292,0.0],[16.1563,68.5313,32.5677],[16.1646,68.5313,9.5088],[16.1745,68.5339,0.0],[16.1776,68.5391,0.0],[16.1911,68.5422,5.4938],[16.1943,68.5453,0.0],[16.1995,68.5463,0.0],[16.2047,68.5537,2.1979],[16.2104,68.5542,0.0],[16.2208,68.5583,0.0],[16.2292,68.5583,0.0],[16.2417,68.5625,0.0],[16.2542,68.5625,0.0],[16.2583,68.5604,0.0],[16.2661,68.5599,2.2105],[16.2651,68.5568,0.0],[16.2667,68.5563,0.0],[16.2833,68.5563,3.5777],[16.2896,68.5542,0.0],[16.2938,68.5563,0.0],[16.3083,68.5563,0.0],[16.3161,68.5589,0.0],[16.3229,68.5646,0.0],[16.3292,68.5625,0.0],[16.3417,68.5667,16.5878],[16.3458,68.5646,0.0],[16.3542,68.5646,0.0],[16.3583,68.5667,0.0],[16.3667,68.5667,0.0],[16.3708,68.5687,0.0],[16.3792,68.5687,0.0],[16.3833,68.5667,0.0],[16.3958,68.5667,0.0],[16.4021,68.5687,0.0],[16.4146,68.5646,0.0],[16.4271,68.5646,3.9424],[16.438,68.5589,0.0],[16.4458,68.5583,0.0],[16.45,68.5563,0.0],[16.4656,68.5563,0.0],[16.4638,68.5595,45.9622],[16.457,68.5593,56.6],[16.4548,68.5735,105.6677],[16.4425,68.5732,97.7447],[16.4418,68.5777,143.2723],[16.4051,68.577,359.2049],[16.4044,68.5815,563.6606],[16.3799,68.581,607.9776],[16.3792,68.5855,785.7479],[16.3669,68.5852,874.6185],[16.3662,68.5897,1001.0537],[16.354,68.5895,984.7498],[16.3533,68.594,757.7461],[16.341,68.5937,399.6453],[16.3403,68.5982,387.8733],[16.328,68.598,481.7836],[16.3266,68.6069,758.4481],[16.2775,68.6059,365.8246],[16.2753,68.6194,226.8495],[16.2631,68.6191,225.0342],[16.2616,68.6281,745.2787],[16.237,68.6276,440.6142],[16.2378,68.6231,613.6599],[16.2133,68.6226,781.9185],[16.214,68.6181,645.1614],[16.1527,68.6168,689.8638],[16.1535,68.6123,627.2001],[16.1412,68.612,496.9014],[16.142,68.6075,545.7993],[16.1297,68.6072,445.6559],[16.1305,68.6028,319.3673],[16.0692,68.6014,506.9781],[16.07,68.5969,509.3669],[16.0577,68.5966,457.8919],[16.0585,68.5921,485.4583],[16.0462,68.5919,504.7941],[16.0478,68.5829,756.6597],[16.0356,68.5826,677.7032],[16.0363,68.5781,799.9935],[16.0241,68.5778,852.6953],[16.0249,68.5733,836.3339],[16.0127,68.5731,705.645],[16.0103,68.5865,463.7412],[15.998,68.5863,483.6556],[15.9965,68.5952,549.6839],[15.9842,68.595,444.7324],[15.9818,68.6085,610.2198],[15.9696,68.6082,575.2691],[15.968,68.6172,539.1677],[15.9557,68.6169,701.9482],[15.9565,68.6124,571.4932],[15.9443,68.6121,433.1948],[15.9459,68.6031,489.6747],[15.9336,68.6028,580.4954],[15.9352,68.5938,743.3207],[15.923,68.5936,764.7628],[15.9254,68.5801,688.7128],[15.9132,68.5798,650.5418],[15.9164,68.5618,427.9034],[15.9041,68.5615,571.0076],[15.9066,68.5481,286.8145],[15.8943,68.5478,309.0803],[15.896,68.5388,251.8895],[15.8349,68.5373,222.6741],[15.8357,68.5329,280.8658],[15.8235,68.5326,211.3955],[15.8243,68.5281,72.2812],[15.8121,68.5278,63.0474],[15.8129,68.5233,133.3259],[15.8007,68.523,285.4342],[15.8015,68.5185,483.3664],[15.7893,68.5182,598.6892],[15.7902,68.5137,636.4902],[15.778,68.5134,701.4536],[15.7788,68.5089,653.3641],[15.7666,68.5086,520.8506],[15.7674,68.5041,815.9409],[15.7552,68.5038,768.9704],[15.7561,68.4994,728.8837],[15.7439,68.4991,642.5181],[15.7447,68.4946,658.9583],[15.7325,68.4943,527.5124],[15.7342,68.4853,181.4568],[15.722,68.485,465.5936],[15.7228,68.4805,257.0842],[15.7106,68.4802,289.2299],[15.7115,68.4757,248.7832],[15.6993,68.4754,323.8498],[15.701,68.4664,457.3541],[15.6888,68.4661,579.293],[15.6905,68.4571,477.5525],[15.6783,68.4568,761.7531],[15.68,68.4478,529.9597],[15.6679,68.4475,526.7211],[15.6687,68.4431,628.4946],[15.6444,68.4425,841.5126],[15.6435,68.4469,648.4089],[15.607,68.446,447.9336],[15.6062,68.4505,307.7698],[15.6183,68.4508,383.5699],[15.6158,68.4643,718.3647],[15.6279,68.4646,658.2502],[15.6262,68.4736,543.1409],[15.6384,68.4739,508.4841],[15.6375,68.4784,254.6297],[15.6497,68.4787,294.7367],[15.6446,68.5056,401.802],[15.6568,68.506,545.459],[15.6525,68.5284,634.3499],[15.6403,68.5281,734.4227],[15.6395,68.5326,584.8553],[15.6272,68.5323,778.5566],[15.6264,68.5368,641.3518],[15.6142,68.5365,589.071],[15.609,68.5634,701.8412],[15.5968,68.5631,551.0074],[15.595,68.5721,630.2479],[15.644,68.5733,717.4763],[15.6422,68.5823,579.5062],[15.6545,68.5826,455.8718],[15.6536,68.5871,547.3447],[15.6659,68.5874,401.336],[15.6616,68.6099,275.0238],[15.6493,68.6096,261.6248],[15.645,68.6321,492.6325],[15.6573,68.6324,436.8347],[15.6564,68.6368,261.9312],[15.681,68.6374,736.5705],[15.6801,68.6419,787.8165],[15.6924,68.6422,596.4218],[15.6915,68.6467,540.4193],[15.7161,68.6473,472.0156],[15.7169,68.6428,558.8734],[15.7292,68.6431,623.4022],[15.73,68.6386,409.4506],[15.7423,68.6389,705.9385],[15.7415,68.6434,549.4461],[15.7537,68.6437,672.9112],[15.7529,68.6482,359.3412],[15.7652,68.6485,806.1827],[15.7635,68.6575,156.0495],[15.7758,68.6578,340.8606],[15.7749,68.6623,119.545],[15.7872,68.6626,177.4462],[15.7805,68.6985,311.5728],[15.7928,68.6988,376.739],[15.792,68.7033,333.6875],[15.7797,68.703,261.3474],[15.7788,68.7075,407.3074],[15.7419,68.7066,200.7593],[15.7411,68.7111,183.974],[15.7042,68.7102,419.347],[15.7033,68.7147,689.96],[15.691,68.7144,310.2819],[15.6901,68.7189,482.2637],[15.7025,68.7192,550.3026],[15.6956,68.7552,259.0156],[15.7079,68.7555,74.7765],[15.7071,68.76,136.172],[15.7318,68.7606,247.9082],[15.7309,68.7651,157.1768],[15.7432,68.7654,487.8642],[15.7424,68.7698,364.7523],[15.7547,68.7701,516.2388],[15.7539,68.7746,412.5787],[15.7662,68.7749,381.048],[15.7654,68.7794,417.1285],[15.7777,68.7797,770.5364],[15.7744,68.7977,733.7063],[15.762,68.7974,377.8416],[15.7603,68.8064,576.1558],[15.7727,68.8067,480.7481],[15.7718,68.8112,326.1341],[15.7966,68.8118,202.5833],[15.7957,68.8163,366.8895],[15.8081,68.8166,566.3403],[15.8073,68.821,522.9991],[15.8196,68.8213,607.8577],[15.8163,68.8393,546.0446],[15.8287,68.8396,554.5693],[15.8253,68.8576,536.5051],[15.8129,68.8573,527.3497],[15.8113,68.8663,535.9547],[15.8236,68.8666,539.2357],[15.822,68.8756,293.1933],[15.8344,68.8758,313.8687],[15.8327,68.8848,214.2432],[15.8451,68.8851,407.6703],[15.8401,68.9121,483.8309],[15.8277,68.9118,146.1373],[15.8243,68.9298,423.8731],[15.8368,68.9301,600.7054],[15.8351,68.9391,657.6614],[15.8475,68.9394,597.2271],[15.8459,68.9483,658.764],[15.8583,68.9486,671.0754],[15.8575,68.9531,510.5782],[15.8699,68.9534,475.8404],[15.8691,68.9579,447.4536],[15.8566,68.9576,535.4371],[15.8542,68.9688,0.0],[15.8292,68.9604,29.4555],[15.8083,68.9604,0.0],[15.8021,68.9563,2.7347],[15.7771,68.9563,2.1901],[15.7755,68.9568,3.118],[15.7766,68.9599,-0.0037],[15.7688,68.9604,0.0],[15.7562,68.9563,0.0],[15.75,68.9563,-0.2112],[15.7396,68.9604,0.0],[15.7339,68.9609,0.798],[15.737,68.9703,-0.2239],[15.725,68.9729,0.0],[15.7151,68.9703,0.0],[15.7182,68.9672,0.0],[15.7104,68.9646,0.0],[15.6771,68.9625,0.0],[15.6708,68.9583,0.5795],[15.6479,68.9563,0.0],[15.6375,68.9521,0.5039],[15.6313,68.9542,0.0],[15.6172,68.9537,0.0],[15.6151,68.9505,0.0],[15.6208,68.9479,0.0],[15.6396,68.9479,0.0],[15.6411,68.9464,4.3409],[15.637,68.9401,2.4766],[15.6297,68.9391,0.0],[15.6245,68.9318,0.6788],[15.6172,68.9307,0.0],[15.6151,68.9255,0.0],[15.6182,68.9234,2.7299],[15.613,68.9224,0.0],[15.6099,68.9193,2.5999],[15.6026,68.9182,0.0],[15.6057,68.9161,0.0],[15.6068,68.913,0.0],[15.6099,68.912,0.0],[15.6068,68.9068,0.0],[15.6104,68.9042,0.0],[15.6099,68.9026,0.8943],[15.6026,68.9016,0.0],[15.6057,68.8984,0.0],[15.6005,68.8964,0.0],[15.6036,68.8953,3.0024],[15.6026,68.8922,0.0],[15.6099,68.8891,0.0],[15.6099,68.8859,0.0],[15.5938,68.8854,0.0],[15.5792,68.8896,0.0],[15.5745,68.8859,24.1548],[15.5693,68.8849,0.0],[15.563,68.8786,0.0],[15.5557,68.8672,-0.5791],[15.5484,68.8662,0.0],[15.5484,68.863,0.0],[15.5557,68.8599,5.1399],[15.5526,68.8547,0.0],[15.562,68.8536,7.3916],[15.5958,68.8375,0.0],[15.6271,68.8333,-0.0658],[15.6354,68.8292,0.0],[15.6495,68.8287,-0.0599],[15.6464,68.8234,0.0],[15.6563,68.8187,0.0],[15.6641,68.8182,0.0],[15.6682,68.8151,0.0],[15.6583,68.8125,6.0741],[15.6542,68.8146,0.0],[15.6479,68.8146,0.0],[15.6438,68.8167,0.0],[15.6292,68.8187,0.0],[15.625,68.8208,0.0],[15.6188,68.8187,3.6372],[15.6,68.8187,4.4162],[15.5958,68.8208,0.0],[15.5792,68.8229,3.493],[15.575,68.825,0.0],[15.5563,68.825,2.4374],[15.5521,68.8229,0.0],[15.5396,68.8229,-0.7833],[15.5339,68.8255,0.0],[15.5313,68.8292,0.0],[15.525,68.8292,0.0],[15.5188,68.8271,2.3733],[15.5125,68.8292,0.0249],[15.5047,68.8255,0.0],[15.5125,68.825,-0.4371],[15.5167,68.8229,0.0],[15.5349,68.8224,0.0],[15.5318,68.8151,0.0],[15.5349,68.8141,0.0],[15.5339,68.8109,0.0],[15.537,68.8099,0.0],[15.537,68.8068,0.0],[15.5255,68.8068,13.3604],[15.5266,68.8099,0.0],[15.5125,68.8167,0.0],[15.4979,68.8125,26.4002],[15.4917,68.8125,2.3161],[15.4875,68.8146,0.0],[15.4797,68.8151,0.0],[15.4729,68.8187,0.0],[15.4693,68.8182,0.0],[15.4682,68.8151,0.1075],[15.4609,68.8141,0.7496],[15.4583,68.8104,0.0],[15.4589,68.8089,0.0],[15.4703,68.8037,0.0],[15.463,68.7932,0.0],[15.4661,68.7901,0.0],[15.4609,68.788,0.0],[15.4786,68.7828,0.0],[15.4771,68.7792,0.0],[15.4807,68.7755,2.2812],[15.4708,68.7729,6.2758],[15.4609,68.7724,0.0],[15.4568,68.7651,0.0],[15.4599,68.7641,0.0],[15.4589,68.7609,0.0],[15.462,68.7599,0.0],[15.462,68.7568,0.0],[15.4563,68.7562,0.0],[15.4547,68.7547,0.0],[15.4729,68.7521,3.1744],[15.4771,68.75,0.0],[15.4891,68.7495,0.0],[15.4995,68.7453,0.0],[15.4984,68.7422,0.0],[15.5078,68.7412,6.441],[15.5068,68.738,0.0],[15.5182,68.7328,0.0],[15.5172,68.7297,0.0],[15.525,68.7271,0.0],[15.5349,68.7297,0.0],[15.5375,68.7333,0.0],[15.5479,68.7333,0.0],[15.5521,68.7354,0.0],[15.5604,68.7354,0.0],[15.5646,68.7375,0.0],[15.5792,68.7375,0.0],[15.5833,68.7396,8.5593],[15.5979,68.7396,0.0],[15.6083,68.7438,0.0],[15.6167,68.7438,0.0],[15.6208,68.7458,0.0],[15.6271,68.7438,0.0],[15.6458,68.7438,5.8033],[15.6474,68.7422,0.0],[15.6417,68.7354,0.0],[15.6495,68.7297,0.0],[15.6438,68.7292,0.0],[15.6422,68.7276,0.0],[15.6516,68.7266,0.0],[15.6526,68.7234,0.0],[15.6568,68.7214,0.0],[15.6641,68.7203,4.8505],[15.6734,68.7151,0.0],[15.6786,68.7141,24.5882],[15.6776,68.7109,0.0],[15.6849,68.7078,0.0],[15.6833,68.7063,0.0],[15.6734,68.7068,4.4897],[15.6609,68.713,0.0],[15.662,68.7161,0.0],[15.6526,68.7172,0.0],[15.6359,68.7255,0.0],[15.637,68.7286,0.0],[15.6339,68.7297,0.0],[15.6328,68.7328,0.0],[15.6229,68.7375,0.0],[15.6193,68.737,0.0],[15.6167,68.7333,196.9784],[15.588,68.7307,0.0],[15.5911,68.7276,77.1801],[15.5875,68.725,395.2686],[15.5813,68.7271,85.2389],[15.5625,68.7271,0.0],[15.5583,68.725,14.5615],[15.5333,68.725,0.0],[15.5292,68.7229,4.9009],[15.4979,68.7229,0.0],[15.4833,68.7271,0.0],[15.4604,68.7271,0.0],[15.4563,68.7292,0.0],[15.45,68.7292,0.0],[15.4453,68.7255,0.0],[15.4401,68.7245,0.0],[15.4432,68.7224,0.0],[15.4411,68.7193,0.8056],[15.4339,68.7182,0.0],[15.4339,68.7151,0.0],[15.437,68.713,0.0],[15.4339,68.7089,0.0],[15.4432,68.7057,7.117],[15.4401,68.7005,0.0],[15.4474,68.6974,0.0],[15.4484,68.6943,0.0],[15.451599999999999,68.6932,0.0],[15.4505,68.6901,0.0],[15.4703,68.6807,0.0],[15.4693,68.6755,0.0],[15.4724,68.6734,0.0],[15.4703,68.6693,0.0],[15.4682,68.6672,0.9679],[15.4609,68.6661,0.0],[15.4609,68.663,0.0],[15.4703,68.662,0.0],[15.4896,68.6521,0.7551],[15.4974,68.6516,1.804],[15.5016,68.6495,8.4733],[15.5005,68.6464,0.0],[15.5104,68.6417,0.0],[15.5604,68.6396,16.3144],[15.575,68.6354,0.0],[15.5813,68.6354,14.5194],[15.5828,68.6339,17.2584],[15.5797,68.6297,0.0],[15.5891,68.6286,10.2079],[15.588,68.6255,0.0],[15.5911,68.6245,22.7319],[15.5922,68.6214,0.0],[15.6,68.6208,4.7215],[15.6042,68.6188,3.0607],[15.6271,68.6188,0.0],[15.6286,68.6172,0.0],[15.6063,68.6146,0.0],[15.5979,68.6188,0.0],[15.5854,68.6188,4.8753],[15.5771,68.6125,13.4448],[15.5745,68.6162,0.0],[15.5714,68.6172,6.6991],[15.5724,68.6203,0.0],[15.5693,68.6214,8.9769],[15.5745,68.6307,0.0],[15.5625,68.6354,0.0],[15.5583,68.6333,23.6909],[15.5484,68.6328,0.0],[15.5516,68.6307,12.3622],[15.55,68.6292,12.564],[15.5339,68.6286,28.2489],[15.5354,68.6271,53.1876],[15.5411,68.6266,93.8906],[15.5411,68.6234,344.8205],[15.5375,68.6208,549.6623],[15.5208,68.625,174.2927],[15.5146,68.6208,543.8967],[15.4958,68.6208,514.7019],[15.4917,68.6229,369.4179],[15.4797,68.6234,224.8995],[15.4786,68.6266,10.2664],[15.4729,68.6292,0.0],[15.4563,68.6312,0.0],[15.45,68.6271,0.0],[15.4438,68.6292,0.0],[15.4339,68.6266,2.51],[15.4318,68.6214,0.0],[15.4411,68.6203,0.0],[15.4453,68.6182,0.0],[15.4443,68.6151,0.0],[15.4458,68.6146,0.0],[15.4599,68.6141,77.2076],[15.4724,68.6078,0.0],[15.4703,68.6047,0.0],[15.4667,68.6042,0.0],[15.4542,68.6083,0.0],[15.4479,68.6062,0.0],[15.4396,68.6062,0.0],[15.438,68.6078,24.1656],[15.4411,68.6109,0.0],[15.4411,68.6141,0.0],[15.4339,68.6151,0.0],[15.4313,68.6188,0.0],[15.4271,68.6188,13.2807],[15.4229,68.6208,0.0],[15.4146,68.6208,0.0],[15.4068,68.6182,0.0],[15.4016,68.613,14.8505],[15.3964,68.612,12.904],[15.3995,68.6099,0.0],[15.3974,68.6068,7.0949],[15.3859,68.6057,0.0],[15.3828,68.6005,6.3248],[15.3708,68.5979,0.0],[15.3625,68.6021,0.0],[15.3563,68.6021,2.9016],[15.3526,68.5995,6.4586],[15.3516,68.5964,0.0],[15.3396,68.5958,0.0],[15.3318,68.5932,7.1109],[15.3333,68.5917,77.359],[15.3396,68.5917,107.2385],[15.3453,68.5891,199.9895],[15.3438,68.5875,433.2434],[15.3354,68.5875,410.274],[15.3313,68.5896,172.8423],[15.3271,68.5896,136.1847],[15.3229,68.5938,0.0],[15.3104,68.5938,0.0],[15.3068,68.5911,0.0],[15.3068,68.588,0.0],[15.3349,68.5745,0.0],[15.3333,68.5729,0.0],[15.3125,68.5729,0.0],[15.3083,68.5708,4.4335],[15.3042,68.575,0.0],[15.2875,68.575,10.0801],[15.2833,68.5771,0.0],[15.2729,68.5771,5.1271],[15.2688,68.5792,0.0],[15.2438,68.5792,0.0],[15.2375,68.5771,0.0],[15.2333,68.5792,0.0],[15.2271,68.5792,0.0],[15.2208,68.575,0.0],[15.2125,68.575,0.0],[15.2026,68.5724,0.0],[15.2026,68.5693,0.0],[15.2057,68.5682,1.986],[15.2047,68.5651,0.0],[15.2078,68.5641,1.5906],[15.2089,68.5609,0.0],[15.212,68.5589,0.0],[15.2099,68.5568,5.0056],[15.2047,68.5557,0.0],[15.201599999999999,68.5526,15.5455],[15.1901,68.5516,0.0],[15.1932,68.5484,0.0],[15.1891,68.5422,0.0],[15.1849,68.538,0.0],[15.1797,68.537,1.362],[15.1776,68.5339,1.2097],[15.1833,68.5313,0.0],[15.2063,68.5313,1.7028],[15.2104,68.5292,0.0],[15.2167,68.5313,3.7451],[15.2229,68.5292,0.0],[15.2292,68.5292,0.0],[15.2333,68.5313,2.8581],[15.2417,68.5313,2.7295],[15.2458,68.5292,0.0],[15.2563,68.5292,0.0],[15.2604,68.5271,0.0],[15.2682,68.5266,1.8776],[15.2891,68.5162,0.0],[15.2839,68.5141,0.0],[15.287,68.5109,0.0],[15.2771,68.5083,0.0],[15.2672,68.513,0.0],[15.2682,68.5182,0.0],[15.2625,68.5208,5.9755],[15.2563,68.5208,0.0],[15.2464,68.5182,0.0],[15.2417,68.5146,0.0],[15.2318,68.5141,0.0],[15.2349,68.512,0.0],[15.2359,68.5089,0.0],[15.2432,68.5047,0.0],[15.2292,68.5042,4.2828],[15.2229,68.5062,0.0],[15.213,68.5036,0.0],[15.2318,68.4943,0.0],[15.2391,68.4932,10.0642],[15.2401,68.4901,0.0],[15.2516,68.4849,0.0],[15.2505,68.4818,0.0],[15.2547,68.4797,0.0],[15.2625,68.4792,4.7452],[15.2667,68.4771,0.0],[15.2792,68.4771,15.8208],[15.2849,68.4734,0.0],[15.2776,68.4724,0.0],[15.2766,68.4693,5.6],[15.2667,68.4667,20.1886],[15.2542,68.4667,23.1245],[15.2396,68.4708,0.0],[15.2193,68.4703,0.0],[15.2182,68.4672,25.558],[15.2109,68.4661,0.0],[15.2099,68.463,96.0711],[15.2026,68.462,0.0],[15.1995,68.4568,34.0702],[15.1922,68.4557,0.0],[15.1922,68.4526,0.0],[15.1953,68.4516,0.0],[15.1943,68.4484,0.0],[15.1979,68.4458,0.0],[15.1932,68.4401,64.7109],[15.1813,68.4375,8.3374],[15.1646,68.4313,21.1655],[15.1589,68.4307,0.0],[15.1589,68.4276,0.0],[15.162,68.4255,7.9014],[15.1401,68.4203,3.7044],[15.1375,68.4167,0.0],[15.1339,68.4172,0.0],[15.1354,68.4208,0.0],[15.1318,68.4245,6.944],[15.139099999999999,68.4255,0.0],[15.1443,68.4349,22.6403],[15.1661,68.4401,0.0],[15.1734,68.4516,28.6444],[15.187,68.4568,0.0],[15.1922,68.462,0.0],[15.1974,68.463,0.0],[15.1995,68.4651,0.0],[15.1938,68.4688,0.0],[15.1859,68.4693,0.0],[15.1911,68.4714,0.0],[15.1932,68.4745,22.9131],[15.1854,68.475,0.0],[15.1792,68.4729,29.394],[15.1729,68.475,0.0],[15.1687,68.4729,55.7393],[15.1542,68.4729,0.0],[15.1526,68.4714,0.0],[15.1557,68.4703,12.3674],[15.1557,68.4672,0.0],[15.1297,68.4641,0.0],[15.1297,68.4609,112.3592],[15.139099999999999,68.4599,209.1096],[15.1474,68.4557,322.7095],[15.1458,68.4542,438.9166],[15.1359,68.4547,348.198],[15.137,68.4578,306.1253],[15.1354,68.4583,342.2139],[15.1271,68.4563,389.4151],[15.1229,68.4583,265.7216],[15.1109,68.4589,188.6304],[15.1125,68.4604,139.3295],[15.1224,68.4609,121.8292],[15.1245,68.463,13.8235],[15.1229,68.4646,0.0],[15.1167,68.4625,17.7231],[15.1104,68.4625,27.9211],[15.1042,68.4646,0.0],[15.1,68.4625,13.9064],[15.0917,68.4625,2.8372],[15.0875,68.4646,0.0],[15.0833,68.4625,10.5222],[15.075,68.4625,15.6509],[15.0688,68.4646,0.0],[15.0646,68.4625,8.7284],[15.0458,68.4625,0.0],[15.0422,68.4589,0.0],[15.0453,68.4578,0.0],[15.0443,68.4526,0.0],[15.0474,68.4505,5.1885],[15.0396,68.4479,1.2276],[15.0318,68.4505,0.0],[15.0328,68.4537,0.0],[15.025,68.4563,0.0],[15.0167,68.45,347.3976],[15.0042,68.45,298.764],[14.9984,68.4516,37.727],[14.9943,68.4474,0.0],[14.9974,68.4453,0.0],[14.9984,68.4422,12.539],[15.0016,68.4411,0.0],[14.9979,68.4375,0.0],[14.9917,68.4375,0.0],[14.9859,68.4401,0.0],[14.9859,68.4432,0.0],[14.9891,68.4464,0.0],[14.9875,68.4479,3.6362],[14.9792,68.4458,0.0],[14.975,68.4479,7.7454],[14.9646,68.4479,0.0],[14.9604,68.45,0.0],[14.9458,68.45,0.0],[14.9417,68.4479,9.6397],[14.9063,68.4479,11.7239],[14.9047,68.4495,0.0],[14.9099,68.4578,0.0],[14.9021,68.4583,2.8026],[14.8979,68.4604,0.0],[14.8917,68.4583,3.6234],[14.8833,68.4583,6.5451],[14.8818,68.4578,0.0],[14.8818,68.4547,6.3987],[14.8849,68.4537,0.0],[14.8839,68.4505,0.0],[14.8875,68.4479,0.0],[14.8839,68.4422,0.0],[14.8911,68.437,6.6604],[14.888,68.4318,0.0],[14.8911,68.4307,0.0],[14.8911,68.4276,62.0064],[14.8797,68.4266,0.0],[14.8745,68.4193,8.7123],[14.8672,68.4182,0.0],[14.8651,68.413,0.0],[14.8766,68.4078,27.3426],[14.8776,68.4047,0.0],[14.889099999999999,68.3995,0.0],[14.888,68.3964,0.0],[14.8953,68.3932,0.0],[14.8953,68.3901,28.5966],[14.8792,68.3896,83.4088],[14.875,68.3875,565.1802],[14.8687,68.3896,532.3883],[14.85,68.3896,28.5677],[14.8464,68.3859,236.1861],[14.8542,68.3854,349.9602],[14.8563,68.3833,512.0403],[14.8557,68.3818,560.9484],[14.8484,68.3807,490.2613],[14.8516,68.3786,659.9025],[14.85,68.3771,694.0227],[14.8313,68.3771,579.4299],[14.8271,68.3792,260.0721],[14.8146,68.3792,0.0],[14.8104,68.375,148.6576],[14.7943,68.3734,0.0],[14.7964,68.3766,0.0],[14.8078,68.3797,0.0],[14.813,68.3849,0.0],[14.8229,68.3854,0.0],[14.8307,68.388,0.0],[14.8339,68.3912,0.0],[14.8391,68.3922,0.0],[14.8375,68.3938,0.0],[14.8297,68.3943,36.3982],[14.8307,68.3974,0.0],[14.8271,68.4,12.3317],[14.8292,68.4021,40.6542],[14.8411,68.4026,0.0],[14.8474,68.413,0.0],[14.8359,68.4193,0.0],[14.8359,68.4224,0.0],[14.8396,68.4229,0.0],[14.85,68.4187,0.0],[14.8542,68.4229,22.1197],[14.8646,68.4229,0.0],[14.8703,68.4297,6.0875],[14.8703,68.4328,0.0],[14.85,68.4333,0.0],[14.8458,68.4313,0.0],[14.8271,68.4313,0.0],[14.8125,68.4354,1.8486],[14.8083,68.4333,5.1611],[14.7984,68.4328,2.4821],[14.8016,68.4307,100.6244],[14.8,68.4292,277.4345],[14.7917,68.4292,272.7116],[14.7708,68.4229,856.7343],[14.7583,68.4271,411.2662],[14.7505,68.4276,312.1768],[14.7505,68.4307,83.5241],[14.7578,68.4318,51.4447],[14.7578,68.4349,1.0637],[14.7547,68.437,0.0],[14.7578,68.4411,0.0],[14.7484,68.4422,0.0],[14.75,68.4458,0.0],[14.7479,68.4479,0.0],[14.7339,68.4474,0.0],[14.7297,68.4411,0.0],[14.7328,68.438,0.0],[14.7292,68.4375,0.0],[14.7208,68.4417,0.0],[14.7141,68.4359,2.6316],[14.7089,68.4349,0.8262],[14.7057,68.4297,4.9528],[14.6984,68.4287,0.0],[14.6984,68.4255,0.0],[14.7016,68.4245,9.6005],[14.6984,68.4203,0.0],[14.7021,68.4167,0.0],[14.7,68.4146,0.0],[14.6917,68.4146,0.0],[14.6859,68.4172,0.0],[14.687,68.4203,0.0],[14.6839,68.4213,0.0],[14.6849,68.4245,0.0],[14.6797,68.4255,5.0722],[14.6828,68.4307,0.0],[14.6745,68.4349,0.0],[14.6667,68.4354,0.0],[14.6625,68.4375,0.0],[14.6375,68.4375,0.0],[14.6333,68.4354,7.908],[14.6208,68.4354,0.0],[14.6167,68.4375,0.0],[14.6104,68.4375,0.0],[14.6005,68.4349,0.0],[14.5995,68.4318,0.0],[14.5958,68.4292,0.0],[14.5813,68.4292,0.0],[14.5771,68.4271,0.0],[14.5563,68.425,0.0],[14.5458,68.4208,0.3755],[14.5375,68.4208,0.0],[14.5276,68.4182,0.0],[14.5276,68.4151,0.0],[14.5307,68.4141,0.0],[14.5297,68.4109,0.0],[14.5438,68.4104,0.0],[14.5536,68.4078,0.0],[14.5547,68.4047,0.0],[14.5578,68.4036,0.0],[14.5568,68.4005,0.0],[14.5693,68.3943,0.0],[14.5771,68.3938,0.0],[14.587,68.3891,0.0],[14.587,68.3859,0.0],[14.5797,68.3849,0.0],[14.5786,68.3818,0.0],[14.5687,68.3792,36.8536],[14.5563,68.3792,6.0172],[14.5401,68.3839,15.6478],[14.5432,68.3891,0.0],[14.538,68.3912,3.1331],[14.5453,68.3953,0.0],[14.538,68.3964,0.0],[14.537,68.3995,0.0],[14.5286,68.4036,0.0],[14.5208,68.4042,0.0],[14.5167,68.4063,0.0],[14.5125,68.4042,5.4002],[14.4979,68.4042,0.0],[14.4932,68.4005,0.0],[14.4771,68.3958,0.0],[14.4354,68.3958,0.0],[14.4313,68.3938,1.8505],[14.4167,68.3938,0.0],[14.4089,68.3912,1.5656],[14.4057,68.3859,4.521],[14.3922,68.3828,2.1976],[14.3901,68.3807,0.0],[14.3901,68.3776,0.0],[14.4021,68.3771,0.0],[14.4063,68.3729,0.0],[14.4141,68.3734,0.0],[14.4188,68.3771,-0.0678],[14.4229,68.375,0.0],[14.437,68.3745,1.1818],[14.4349,68.3714,0.0],[14.4297,68.3703,0.0],[14.4271,68.3667,0.9382],[14.4276,68.3651,2.0147],[14.4391,68.3588,4.7269],[14.4339,68.3578,4.4858],[14.4297,68.3526,0.0],[14.4432,68.3464,0.0],[14.4333,68.3458,0.0],[14.4188,68.3521,0.0],[14.4109,68.3495,0.0],[14.4089,68.3464,0.0],[14.4182,68.3453,2.7422],[14.4172,68.3422,-0.0625],[14.4188,68.3417,0.0],[14.4391,68.3411,0.0],[14.438,68.338,0.0],[14.4411,68.337,0.0],[14.4401,68.3339,0.0],[14.4495,68.3307,14.0067],[14.4474,68.3276,19.0542],[14.4422,68.3255,0.0],[14.4536,68.3203,96.889],[14.451599999999999,68.3172,350.8839],[14.4438,68.3167,387.3512],[14.4396,68.3187,239.963],[14.4333,68.3187,172.0408],[14.4318,68.3193,71.9526],[14.4328,68.3224,0.0],[14.4313,68.3229,0.0],[14.4229,68.3208,14.4802],[14.4188,68.3229,1.0373],[14.4042,68.325,0.0],[14.3984,68.3276,3.458],[14.4036,68.3307,0.0],[14.3958,68.3313,0.0],[14.3875,68.3354,0.0],[14.3812,68.3354,27.7986],[14.3771,68.3375,7.3815],[14.3724,68.3339,240.8135],[14.3688,68.3333,319.9574],[14.3646,68.3354,439.2992],[14.3542,68.3354,554.1558],[14.35,68.3375,375.2003],[14.3422,68.338,239.9138],[14.3438,68.3417,2.9041],[14.3417,68.3438,0.4428],[14.3318,68.3411,0.0],[14.3286,68.338,2.0231],[14.3234,68.337,0.0],[14.3271,68.3333,0.0],[14.3214,68.3245,40.8868],[14.3245,68.3214,265.4808],[14.3208,68.3208,335.8495],[14.3167,68.3229,18.4553],[14.3047,68.3161,0.0],[14.3125,68.3104,0.0],[14.3083,68.3042,0.0],[14.312,68.3005,0.0],[14.3068,68.2922,0.0],[14.3313,68.2833,0.0],[14.3453,68.2828,0.0],[14.3443,68.2797,0.0],[14.3474,68.2786,0.0],[14.3474,68.2755,0.0],[14.3375,68.275,2.5426],[14.3229,68.2792,0.0],[14.3,68.2792,0.0],[14.2958,68.2771,0.0],[14.2875,68.2771,0.0],[14.2771,68.2729,-0.2337],[14.2729,68.2729,2.382],[14.2651,68.2703,0.0],[14.2682,68.2672,1.9057],[14.263,68.2662,0.0],[14.2661,68.2641,0.0],[14.2651,68.2589,0.0],[14.2682,68.2568,0.971],[14.2625,68.2521,1.4317],[14.2583,68.2542,0.0],[14.2547,68.2536,0.0],[14.2516,68.2484,0.0],[14.2443,68.2474,0.0],[14.2422,68.2422,0.0],[14.2458,68.2417,0.0],[14.2646,68.2479,0.0],[14.2708,68.2479,0.0],[14.2766,68.2453,0.0],[14.2745,68.2422,0.0],[14.2667,68.2396,7.26],[14.2604,68.2417,0.0],[14.2563,68.2396,1.7771],[14.2479,68.2396,0.0],[14.2438,68.2375,0.0],[14.2229,68.2375,0.0],[14.2188,68.2333,0.9388],[14.2104,68.2333,0.0],[14.2063,68.2312,0.0],[14.1979,68.2312,0.0],[14.188,68.2286,0.0],[14.187,68.2255,0.0],[14.1797,68.2245,0.0],[14.1776,68.2193,0.0],[14.187,68.2182,0.0],[14.1859,68.2151,0.0],[14.1875,68.2146,0.0],[14.1958,68.2146,0.0],[14.1979,68.2167,0.0],[14.1943,68.2203,0.0],[14.1995,68.2214,2.0502],[14.2047,68.2266,0.0],[14.2078,68.2266,0.0],[14.2068,68.2214,0.0],[14.2104,68.2188,0.0],[14.2089,68.2151,0.0],[14.2203,68.2099,4.1325],[14.2151,68.2068,0.0],[14.2208,68.2042,0.0],[14.2391,68.2016,82.1709],[14.2354,68.1979,357.1466],[14.2271,68.1979,244.0841],[14.2229,68.2,21.7375],[14.213,68.1974,0.0],[14.213,68.1943,0.0],[14.2161,68.1932,8.3218],[14.2151,68.188,0.0],[14.2229,68.1875,11.1857],[14.2333,68.1917,0.0],[14.2417,68.1917,11.8545],[14.2479,68.1937,28.5349],[14.2521,68.1917,77.5808],[14.2599,68.1911,181.0038],[14.2724,68.1849,517.7226],[14.2708,68.1833,674.5128],[14.2354,68.1833,418.513],[14.2229,68.1792,381.2111],[14.2146,68.1833,0.0],[14.2047,68.1828,12.0472],[14.2083,68.1792,0.0],[14.2047,68.1734,0.0],[14.2078,68.1724,7.7354],[14.2089,68.1693,0.0],[14.2182,68.1703,0.0],[14.2182,68.1672,0.0],[14.2109,68.1661,0.0],[14.2167,68.1625,0.0],[14.2266,68.163,0.0],[14.2234,68.1661,0.0],[14.2313,68.1687,0.0],[14.2396,68.1687,0.0],[14.2438,68.1708,0.0],[14.2583,68.1708,0.0],[14.275,68.1771,51.8038],[14.2833,68.1771,0.0],[14.2875,68.1792,38.3459],[14.3188,68.1792,0.0],[14.325,68.1813,2.7215],[14.3292,68.1792,0.0],[14.3354,68.1792,0.0],[14.3396,68.1813,9.3454],[14.3495,68.1818,0.0],[14.3464,68.1849,0.0],[14.3516,68.1859,0.0],[14.3563,68.1896,0.0],[14.3625,68.1896,0.0],[14.3688,68.1875,0.0],[14.3875,68.1937,0.0],[14.4,68.1937,0.0],[14.4099,68.1964,0.0],[14.3984,68.2047,0.0],[14.4005,68.2099,4.5792],[14.4021,68.2104,2.7409],[14.4083,68.2083,0.0],[14.4224,68.2078,0.0],[14.4193,68.2037,0.0],[14.4208,68.2021,4.1155],[14.4333,68.2021,0.0],[14.438,68.2057,0.0],[14.4417,68.2063,0.0],[14.4432,68.2057,0.0],[14.4422,68.2026,24.7989],[14.4479,68.2,0.0],[14.4604,68.2,0.0],[14.4646,68.2021,14.1854],[14.4729,68.2021,3.5743],[14.4771,68.2042,0.0],[14.4854,68.2042,0.0],[14.487,68.2057,0.0],[14.4839,68.2078,0.0],[14.4859,68.2099,0.0],[14.4974,68.2109,0.0],[14.4974,68.2141,0.0],[14.4943,68.2161,0.0],[14.5042,68.2167,0.0],[14.5104,68.2146,0.0],[14.5182,68.2172,8.3719],[14.5151,68.2203,0.0],[14.5229,68.2229,13.3507],[14.5266,68.2224,18.2154],[14.5255,68.2193,0.0],[14.5271,68.2188,0.0],[14.537,68.2214,0.0],[14.5411,68.2276,4.1772],[14.538,68.2307,0.0],[14.5474,68.2359,0.0],[14.5401,68.2412,0.0],[14.5479,68.2417,14.9492],[14.5536,68.2391,12.6171],[14.5526,68.2359,1.9968],[14.5557,68.2349,8.1081],[14.5583,68.2312,1.8694],[14.5682,68.2338,8.9667],[14.5703,68.2391,0.0],[14.5589,68.2443,0.0],[14.5625,68.2479,0.0],[14.575,68.2417,0.0],[14.6271,68.2438,0.0],[14.6297,68.2401,0.0],[14.6396,68.2354,1.9315],[14.6438,68.2375,6.1385],[14.6661,68.238,7.57],[14.6703,68.2443,2.8121],[14.6672,68.2474,0.0],[14.6724,68.2484,0.0],[14.6755,68.2536,0.0],[14.6828,68.2547,0.0],[14.6828,68.2578,0.0],[14.6797,68.2599,0.0],[14.687,68.2693,0.0],[14.6693,68.2776,0.0],[14.6703,68.2807,0.0],[14.6672,68.2828,0.0],[14.675,68.2833,0.0],[14.6792,68.2813,0.0],[14.6875,68.2813,0.0],[14.6953,68.2839,0.0],[14.7047,68.2974,0.0],[14.7068,68.2995,0.0],[14.712,68.3005,0.0],[14.7089,68.3037,26.219],[14.7141,68.3047,0.0],[14.7161,68.3068,0.0],[14.7214,68.3161,0.0],[14.7286,68.3172,0.0],[14.7271,68.3187,0.0],[14.7089,68.3193,0.0],[14.7104,68.3208,0.0],[14.7188,68.3208,0.0],[14.7208,68.3229,0.0],[14.7188,68.325,0.0],[14.7083,68.325,7.2727],[14.7063,68.3271,0.0],[14.7068,68.3287,0.0],[14.7141,68.3297,0.0],[14.7151,68.3328,0.0],[14.7224,68.3339,0.0],[14.7188,68.3375,0.0],[14.7224,68.3422,0.0],[14.7224,68.3453,0.0],[14.7193,68.3464,4.9152],[14.7203,68.3495,0.0],[14.7172,68.3505,0.0],[14.7182,68.3536,0.0],[14.713,68.3547,0.0],[14.7146,68.3562,0.0],[14.7333,68.3542,0.0],[14.7432,68.3495,0.0],[14.7422,68.3464,0.0],[14.7458,68.3438,0.0],[14.7422,68.3391,0.0],[14.7422,68.3359,0.0],[14.7557,68.3349,16.9104],[14.7599,68.3328,0.0],[14.7589,68.3297,0.0],[14.7792,68.3292,7.5543],[14.7854,68.3313,12.0559],[14.7911,68.3287,0.0],[14.7896,68.3271,0.0],[14.7813,68.3271,0.0],[14.7734,68.3245,0.0],[14.775,68.3229,53.8021],[14.8063,68.325,214.5758],[14.8104,68.3271,53.8983],[14.8146,68.3229,319.3073],[14.8375,68.3229,368.5195],[14.8417,68.325,171.3994],[14.8516,68.3255,81.7988]]],
[[[13.6563,68.0792,4.5159],[13.6484,68.0766,7.6057],[13.6464,68.0734,0.0],[13.6578,68.0734,14.7586],[13.6599,68.0787,15.2737],[13.6563,68.0792,4.5159]]],
[[[13.8063,68.1,4.7561],[13.8078,68.1016,0.0],[13.7984,68.1016,0.0],[13.8,68.1,0.0],[13.8063,68.1,4.7561]]],
[[[13.8432,68.1026,0.0],[13.8417,68.1042,0.0],[13.8318,68.1036,0.0],[13.8333,68.1021,0.0],[13.8432,68.1026,0.0]]],
[[[13.8813,68.1708,5.3462],[13.8875,68.1708,0.0],[13.8953,68.1734,0.0],[13.8974,68.1766,0.0],[13.8896,68.1792,0.0],[13.8771,68.175,0.0],[13.8755,68.1755,0.9822],[13.8766,68.1787,0.0],[13.8688,68.1792,0.0],[13.8625,68.1729,0.0],[13.8646,68.1708,1.4563],[13.8813,68.1708,5.3462]]],
[[[14.1438,68.2792,4.5487],[14.15,68.2792,0.815],[14.1599,68.2745,0.175],[14.1589,68.2693,0.0],[14.163,68.2672,0.0],[14.1708,68.2667,13.0847],[14.1792,68.2625,0.0],[14.1896,68.2625,16.2918],[14.2021,68.2562,0.0],[14.2104,68.2562,0.0],[14.2146,68.2583,4.0599],[14.2333,68.2583,0.0],[14.2411,68.2609,0.0],[14.2464,68.2662,23.8749],[14.2516,68.2672,0.0],[14.2589,68.2786,5.841],[14.2641,68.2797,0.0],[14.2693,68.2849,1.8676],[14.2745,68.2859,0.0],[14.2672,68.2911,14.6839],[14.2724,68.2922,0.0],[14.275,68.2958,0.0],[14.2745,68.2974,0.0],[14.263,68.3026,13.35],[14.2641,68.3057,0.0],[14.2547,68.3068,13.3899],[14.2557,68.3099,0.0],[14.2464,68.313,29.6655],[14.2474,68.3161,0.0],[14.2443,68.3172,5.3321],[14.2453,68.3203,0.0],[14.2422,68.3214,0.0],[14.2438,68.3229,0.0],[14.2536,68.3234,0.0],[14.2547,68.3266,1.0389],[14.2604,68.3271,0.0],[14.262,68.3287,0.0],[14.2542,68.3292,0.0],[14.25,68.3313,0.0],[14.2417,68.3313,0.0],[14.2391,68.3276,0.0],[14.2333,68.3271,0.0],[14.2229,68.3229,0.0],[14.2104,68.3229,1.0386],[14.1958,68.3271,0.0],[14.1854,68.3271,0.0],[14.1828,68.3307,0.0],[14.1734,68.3318,0.0],[14.1693,68.3339,0.0],[14.1724,68.338,0.0],[14.1724,68.3411,0.3798],[14.1646,68.3417,0.0],[14.1563,68.3458,0.0],[14.1271,68.3458,0.0],[14.1208,68.3417,0.0],[14.0917,68.3417,6.1417],[14.0875,68.3438,0.0],[14.0833,68.3417,3.0154],[14.0714,68.3411,0.0],[14.076599999999999,68.3391,0.0],[14.0755,68.3359,0.0],[14.0786,68.3349,0.0],[14.0776,68.3318,0.0],[14.0938,68.3271,0.0],[14.1,68.3271,13.9785],[14.1016,68.3255,0.0],[14.0979,68.3229,0.0],[14.0917,68.3229,0.0],[14.0875,68.325,0.0],[14.0771,68.325,0.0],[14.0729,68.3271,0.0],[14.0667,68.325,-0.3174],[14.0604,68.3271,0.0],[14.0526,68.3266,0.0],[14.0505,68.3234,0.0],[14.0542,68.3208,3.5766],[14.0505,68.3151,0.0],[14.0599,68.312,0.0],[14.0589,68.3089,0.0],[14.0682,68.3078,2.4239],[14.0651,68.3026,0.0],[14.0854,68.3021,0.0],[14.0896,68.3,0.2146],[14.1125,68.3,0.0],[14.1167,68.3021,0.0],[14.1375,68.3021,0.0],[14.1401,68.3057,0.0],[14.15,68.3063,0.0],[14.1516,68.3047,0.6745],[14.1453,68.2963,0.0],[14.1339,68.2932,0.0],[14.1318,68.2911,0.0],[14.1359,68.288,0.0],[14.1438,68.2875,0.0],[14.1453,68.2859,0.0],[14.1354,68.2854,7.7823],[14.1313,68.2875,0.0],[14.1271,68.2875,0.0],[14.1229,68.2917,0.0],[14.1193,68.2891,0.0],[14.1224,68.287,0.0],[14.1209,68.2854,0.0],[14.1146,68.2854,0.0],[14.1104,68.2875,0.0],[14.0917,68.2875,6.5953],[14.0875,68.2896,0.0],[14.0833,68.2875,0.0],[14.075,68.2875,0.0],[14.0734,68.2859,0.0],[14.076599999999999,68.2839,0.0],[14.0708,68.2833,0.0],[14.0542,68.2771,0.0],[14.0458,68.2792,0.0],[14.038,68.2766,0.0],[14.0339,68.2693,0.0],[14.0432,68.2682,0.0],[14.0396,68.2646,0.0],[14.0333,68.2646,1.7126],[14.0271,68.2667,0.0],[14.0229,68.2646,-0.3735],[14.0104,68.2646,0.0],[14.0063,68.2625,8.1328],[13.9979,68.2625,0.0],[13.9922,68.2651,0.0],[13.9932,68.2682,0.0],[13.9776,68.2693,0.0],[13.9813,68.2729,0.0],[13.9911,68.2734,0.0],[13.9938,68.2771,0.0],[14.0146,68.2771,0.0],[14.0188,68.2792,0.0],[14.025,68.2771,1.9307],[14.0328,68.2776,0.0],[14.0297,68.2797,0.0],[14.0307,68.2849,0.0],[14.0146,68.2875,0.5741],[14.0125,68.2896,0.0],[14.0146,68.2937,0.0],[14.0109,68.2974,0.0],[14.0151,68.3016,0.0],[14.0203,68.3026,0.0],[14.0224,68.3078,0.0],[14.0193,68.3099,0.0],[14.0224,68.3161,0.0],[14.0193,68.3172,0.0],[14.0182,68.3203,0.0],[13.9984,68.3297,0.0],[13.9995,68.3328,0.0],[13.9943,68.3339,0.0],[13.9974,68.3391,0.0],[13.9943,68.3401,0.0],[13.9932,68.3432,0.0],[13.9875,68.3458,0.0],[13.9708,68.3458,0.2269],[13.9646,68.3479,0.0],[13.9604,68.3458,0.0],[13.9542,68.3458,4.1952],[13.9479,68.3479,0.0],[13.9375,68.3438,12.0787],[13.9063,68.3438,3.5561],[13.9021,68.3417,0.0],[13.8938,68.3417,0.0],[13.8896,68.3438,0.0],[13.8833,68.3438,0.0],[13.8818,68.3422,0.0],[13.8849,68.3401,0.0],[13.8813,68.3375,0.0],[13.8625,68.3375,0.0],[13.8589,68.3339,0.0],[13.8641,68.3328,4.588],[13.863,68.3297,0.0],[13.8646,68.3292,0.0],[13.8724,68.3307,2.5188],[13.8714,68.3255,0.2837],[13.8745,68.3234,0.0],[13.8693,68.3224,0.0],[13.8661,68.3172,0.0],[13.8589,68.3161,0.0],[13.8557,68.3089,0.0],[13.85,68.3083,0.0],[13.8396,68.3042,0.0],[13.8333,68.3063,0.0],[13.8255,68.3057,2.1074],[13.8234,68.3026,0.0],[13.826599999999999,68.3016,0.3865],[13.8276,68.2984,0.0],[13.8349,68.2974,0.0],[13.8349,68.2943,0.0],[13.8328,68.2922,0.4165],[13.825,68.2917,0.0],[13.8208,68.2937,0.0],[13.8125,68.2937,0.0],[13.8099,68.2901,0.0],[13.8047,68.2891,0.0],[13.8,68.2854,0.0],[13.7922,68.2859,0.0],[13.7932,68.2911,0.0],[13.7917,68.2917,0.0],[13.7854,68.2917,5.573],[13.7813,68.2937,0.0],[13.7688,68.2937,0.0],[13.7646,68.2958,0.0],[13.7505,68.2953,0.0],[13.7536,68.2922,0.0],[13.7422,68.2911,0.0],[13.7453,68.2891,0.0],[13.7438,68.2875,0.0],[13.7375,68.2875,0.0],[13.7313,68.2896,0.0],[13.7271,68.2875,0.0],[13.7245,68.2911,0.0],[13.7172,68.2943,1.4229],[13.7182,68.2995,0.0],[13.7083,68.3042,0.0],[13.7005,68.3047,0.0],[13.6896,68.3104,0.0],[13.6771,68.3104,0.0],[13.6734,68.3078,8.9694],[13.6766,68.3047,362.2057],[13.6625,68.3042,240.446],[13.6609,68.3057,62.0267],[13.6682,68.3068,65.0714],[13.6682,68.3099,0.0],[13.6542,68.3104,1.4332],[13.6464,68.3078,0.0],[13.638,68.3026,2.4486],[13.65,68.3021,5.5],[13.6542,68.3,5.5],[13.662,68.2995,5.5],[13.663,68.2963,5.5],[13.6745,68.2901,186.8197],[13.6708,68.2896,164.2555],[13.6667,68.2917,22.6884],[13.662,68.288,480.282],[13.6542,68.2875,580.0844],[13.6526,68.288,456.1877],[13.6526,68.2911,277.3763],[13.6578,68.2932,142.151],[13.6188,68.2979,0.0],[13.5964,68.2911,0.0],[13.5979,68.2896,0.0],[13.6057,68.2891,44.7597],[13.6036,68.2839,408.7644],[13.6021,68.2833,431.2664],[13.5729,68.2854,131.1151],[13.563,68.2828,0.0],[13.5786,68.2714,0.0],[13.576599999999999,68.2693,0.0],[13.5625,68.2646,8.9518],[13.5401,68.2641,0.0],[13.5354,68.2542,248.8689],[13.5391,68.2505,488.3256],[13.5188,68.2521,31.3936],[13.5151,68.2495,15.0195],[13.5151,68.2464,10.1202],[13.5167,68.2458,0.0],[13.5563,68.2458,0.0],[13.5646,68.2417,0.0],[13.5724,68.2422,0.0],[13.5771,68.2458,0.0],[13.5833,68.2458,0.0],[13.5875,68.2438,0.0],[13.6042,68.2438,0.0],[13.6188,68.2375,0.0],[13.6229,68.2396,12.5642],[13.6313,68.2375,0.0],[13.6354,68.2396,5.2832],[13.6396,68.2375,0.0],[13.6458,68.2375,0.0],[13.6484,68.2338,0.0],[13.6542,68.2333,26.2399],[13.6557,68.2318,155.7861],[13.6479,68.2292,369.5764],[13.6417,68.2292,358.3694],[13.6271,68.2354,0.0],[13.6229,68.2333,0.0],[13.613,68.2328,0.0],[13.6099,68.2297,82.1597],[13.6021,68.2271,516.8686],[13.5875,68.2271,395.1544],[13.5813,68.2208,696.5284],[13.5625,68.2208,737.7351],[13.5583,68.2229,400.1756],[13.5458,68.2229,326.2064],[13.5396,68.2208,216.3382],[13.5354,68.2229,56.9518],[13.5229,68.2229,0.0],[13.5203,68.2193,0.0],[13.5068,68.2161,0.0],[13.5026,68.2089,24.2742],[13.5078,68.2068,123.8777],[13.4839,68.2058,74.0392],[13.4797,68.1995,6.663],[13.4797,68.1964,30.1402],[13.4854,68.1979,0.0],[13.5271,68.1979,0.0],[13.5286,68.1974,0.0],[13.5276,68.1943,0.0],[13.5354,68.1937,0.0],[13.5375,68.1917,0.0],[13.5354,68.1896,0.0],[13.5255,68.1891,0.0],[13.5188,68.1833,0.0],[13.4896,68.1833,24.5478],[13.488,68.1818,0.0],[13.4911,68.1797,143.1286],[13.4833,68.1771,58.7943],[13.4672,68.1766,53.4814],[13.4688,68.175,0.0],[13.4854,68.175,0.0],[13.4896,68.1729,6.1705],[13.5021,68.1729,0.0],[13.512,68.1703,0.0],[13.513,68.1672,0.0],[13.5172,68.1651,31.2308],[13.5266,68.1641,108.4769],[13.525,68.1625,269.9187],[13.4938,68.1625,46.4523],[13.4901,68.1599,0.0],[13.4891,68.1568,0.0],[13.4818,68.1557,0.0],[13.4807,68.1526,1.5372],[13.4755,68.1516,24.3606],[13.4734,68.1484,0.0],[13.4917,68.1458,0.0],[13.4958,68.1479,4.8606],[13.5104,68.1479,0.0],[13.513,68.1516,0.0],[13.5292,68.1542,0.0],[13.5307,68.1526,0.0],[13.5255,68.1516,0.0],[13.5234,68.1495,0.0],[13.5234,68.1464,0.0],[13.5354,68.1458,0.0],[13.5375,68.1438,0.0],[13.5354,68.1417,2.1656],[13.5146,68.1396,0.0],[13.5083,68.1354,12.6059],[13.4938,68.1354,0.0],[13.4891,68.1297,0.0],[13.4755,68.1245,0.0],[13.4792,68.1208,0.0],[13.475,68.1146,0.0],[13.4786,68.1109,0.0],[13.4745,68.1026,0.0],[13.4703,68.0984,9.0843],[13.4651,68.0974,0.0],[13.4609,68.0911,0.0],[13.4609,68.088,0.0],[13.4641,68.0859,13.2459],[13.4609,68.0797,0.0],[13.4703,68.0787,0.0],[13.4745,68.0766,0.0],[13.4734,68.0734,0.0],[13.4828,68.0703,0.0],[13.4818,68.0672,0.0],[13.4896,68.0667,0.0],[13.4953,68.0641,19.8916],[13.4938,68.0625,73.8488],[13.4839,68.062,0.0],[13.4938,68.0563,0.0],[13.5078,68.0568,0.0],[13.5125,68.0625,0.0],[13.5271,68.0625,0.0],[13.5313,68.0646,14.1113],[13.5375,68.0625,5.9392],[13.5453,68.063,7.3967],[13.5474,68.0661,2.5396],[13.5422,68.0672,0.0],[13.538,68.0703,0.0],[13.5542,68.0708,0.0],[13.562,68.0734,0.0],[13.5641,68.0755,0.0],[13.5641,68.0787,2.4652],[13.5568,68.0818,0.0],[13.5583,68.0833,0.6376],[13.5667,68.0833,0.0],[13.5792,68.0792,0.0],[13.5828,68.0797,0.0],[13.5849,68.0828,0.0],[13.5818,68.0839,12.3223],[13.5828,68.0891,0.0],[13.5797,68.0911,0.0],[13.5849,68.0922,7.2631],[13.587,68.0943,0.0],[13.5776,68.0984,4.2951],[13.5792,68.1,0.0],[13.5849,68.1005,0.0],[13.5818,68.1026,11.292],[13.5807,68.1057,0.0],[13.5609,68.1068,0.0],[13.5661,68.1088,0.0],[13.5693,68.1141,0.0],[13.576599999999999,68.1151,5.594],[13.5771,68.1167,3.7485],[13.576599999999999,68.1182,4.141],[13.5667,68.1208,0.0],[13.5526,68.1214,0.0],[13.5547,68.1266,0.0],[13.5708,68.1271,0.0],[13.575,68.1292,4.7921],[13.5813,68.1271,0.0],[13.5911,68.1297,0.0],[13.5938,68.1333,0.0],[13.6016,68.1328,0.0],[13.6026,68.1297,0.0],[13.6057,68.1286,0.0],[13.6042,68.125,0.0],[13.6062,68.1229,0.0],[13.6141,68.1234,0.0],[13.6188,68.1292,0.0],[13.6328,68.1286,0.0],[13.6313,68.1271,0.0],[13.6214,68.1266,0.0],[13.6266,68.1234,0.0],[13.6193,68.1224,0.0],[13.6193,68.1193,1.919],[13.6271,68.1188,0.0],[13.6333,68.1208,0.6777],[13.6349,68.1203,0.0],[13.6339,68.1172,0.0],[13.638,68.1151,0.0],[13.6474,68.1141,0.0],[13.6458,68.1125,0.0],[13.6313,68.1125,0.0],[13.6214,68.1078,0.0],[13.6266,68.1057,18.0605],[13.6255,68.1026,0.0],[13.6286,68.1016,0.0],[13.6271,68.0979,3.2559],[13.6292,68.0958,21.2739],[13.6354,68.0958,0.0],[13.6396,68.0979,7.1375],[13.6536,68.0974,0.0],[13.6536,68.0943,0.0],[13.6516,68.0922,15.9373],[13.6401,68.0911,0.0],[13.6359,68.0839,10.2712],[13.6458,68.0833,0.0],[13.65,68.0854,24.3419],[13.6625,68.0854,0.0],[13.675,68.0896,61.4948],[13.6792,68.0875,0.0],[13.6875,68.0875,0.0],[13.6917,68.0896,0.0],[13.6979,68.0896,0.0],[13.6995,68.0891,28.886],[13.6984,68.0839,0.0],[13.701599999999999,68.0828,46.4739],[13.7005,68.0797,6.005],[13.7021,68.0792,0.0],[13.7104,68.0792,0.0],[13.7182,68.0818,0.0],[13.7214,68.087,89.9562],[13.7328,68.088,0.0],[13.7297,68.0901,0.0],[13.7307,68.0932,0.0],[13.7276,68.0943,14.7116],[13.7276,68.0974,0.0],[13.7375,68.0979,0.0],[13.7411,68.1016,24.4669],[13.7266,68.1078,13.1164],[13.7193,68.1088,0.0],[13.7203,68.1141,0.0],[13.7167,68.1167,0.0],[13.7188,68.1188,5.2163],[13.7396,68.1188,0.0],[13.7422,68.1224,4.3164],[13.7495,68.1234,3.36],[13.7495,68.1266,0.0],[13.7464,68.1276,6.016],[13.7474,68.1307,0.0],[13.7438,68.1333,0.0],[13.7464,68.1391,1.2063],[13.7479,68.1396,7.3979],[13.7682,68.1307,0.0],[13.763,68.1276,0.0],[13.7661,68.1266,4.3964],[13.7672,68.1234,1.8293],[13.7854,68.1146,0.0],[13.7917,68.1167,0.0],[13.7958,68.1146,0.0],[13.8042,68.1146,6.5219],[13.8208,68.1208,0.0],[13.8292,68.1208,0.0],[13.8333,68.1229,0.0],[13.8417,68.1229,0.0],[13.8563,68.1188,0.0],[13.8641,68.1214,3.5793],[13.8609,68.1234,0.0],[13.8625,68.1271,0.0],[13.8589,68.1297,0.0],[13.8599,68.1328,0.0],[13.8568,68.1349,0.0],[13.8667,68.1354,0.0],[13.8682,68.137,0.0],[13.85,68.1375,2.7476],[13.8443,68.1432,0.0],[13.8479,68.1458,0.0],[13.8703,68.1484,0.0],[13.8667,68.1521,0.0],[13.8682,68.1557,0.0],[13.8542,68.1563,0.0],[13.85,68.1583,0.0],[13.8333,68.1563,3.4893],[13.8292,68.1583,0.0],[13.8167,68.1583,0.0],[13.8109,68.1609,0.0],[13.812,68.1641,0.0],[13.8089,68.1661,0.0],[13.8229,68.1667,0.0],[13.8271,68.1646,0.0],[13.8313,68.1667,0.0],[13.8474,68.1672,0.0],[13.8547,68.1766,0.0],[13.8724,68.1818,0.0],[13.8745,68.1839,0.0],[13.8672,68.188,0.0],[13.8672,68.1911,0.0],[13.8729,68.1917,0.0],[13.8833,68.1958,0.0],[13.887,68.1953,0.0],[13.8859,68.1922,0.0],[13.889099999999999,68.1911,0.0],[13.888,68.1859,0.0],[13.8911,68.1849,1.2138],[13.8901,68.1818,0.0],[13.8917,68.1813,0.0],[13.9167,68.1813,0.0],[13.9271,68.1854,28.1935],[13.9328,68.1859,0.0],[13.9339,68.1891,0.0],[13.9375,68.1896,0.0],[13.9458,68.1854,0.0],[13.9641,68.1849,0.0],[13.9625,68.1833,0.0],[13.9526,68.1828,0.0],[13.9625,68.1771,0.0],[13.9661,68.1776,0.0],[13.9703,68.1839,0.0],[13.9703,68.187,0.0],[13.9672,68.1891,0.3182],[13.9693,68.1911,0.0],[13.9745,68.1922,0.0],[13.9776,68.1974,0.0],[13.9813,68.2,0.0],[13.9891,68.1974,0.0],[13.987,68.1943,0.0],[13.9818,68.1922,0.0],[13.9896,68.1917,0.0],[13.9943,68.1953,0.0],[13.9979,68.1958,2.9495],[14.0089,68.1901,0.0],[14.0182,68.1891,4.7691],[14.0172,68.1859,0.0],[14.0188,68.1854,3.8331],[14.0328,68.1859,0.0],[14.0313,68.1875,0.0],[14.0234,68.188,3.9032],[14.0255,68.1932,10.378],[14.0271,68.1937,0.0],[14.0375,68.1896,0.8584],[14.0563,68.1917,5.6799],[14.0578,68.1911,0.0],[14.0568,68.188,6.8107],[14.062,68.188,0.0],[14.0641,68.1911,0.0],[14.0609,68.1922,1.346],[14.062,68.1974,0.0],[14.0583,68.2,0.0],[14.063,68.2078,0.0],[14.0729,68.2083,0.0],[14.0807,68.2109,0.0],[14.0776,68.2141,0.0],[14.0896,68.2208,0.0],[14.1036,68.2203,0.0],[14.1005,68.213,0.0],[14.1063,68.2104,0.0],[14.1161,68.213,0.0],[14.1193,68.2182,1.8161],[14.1266,68.2193,0.0],[14.1229,68.2229,8.7851],[14.1271,68.2292,0.0],[14.1234,68.2328,0.0],[14.1297,68.2412,0.0],[14.1349,68.2422,0.0],[14.1396,68.2458,1.7776],[14.1479,68.2458,0.0],[14.1557,68.2484,0.0],[14.1568,68.2516,0.0],[14.1641,68.2526,0.0],[14.1724,68.2568,0.0],[14.1693,68.2589,0.0],[14.1682,68.262,0.0],[14.1589,68.263,24.3401],[14.1599,68.2662,0.0],[14.1557,68.2682,0.0],[14.1422,68.2693,211.3823],[14.1474,68.2714,5.2968],[14.1401,68.2755,0.0],[14.1401,68.2786,0.0],[14.1438,68.2792,4.5487]]],
[[[13.7771,68.2979,0.0],[13.7807,68.2984,0.0],[13.7828,68.3016,0.0],[13.775,68.3021,0.0],[13.7708,68.3042,0.0],[13.7443,68.3037,0.0],[13.7458,68.3021,0.0],[13.7536,68.3016,0.0],[13.7604,68.2979,0.0],[13.7771,68.2979,0.0]]],
[[[13.8104,68.3021,0.0],[13.8125,68.3042,0.0],[13.8104,68.3063,0.0],[13.8068,68.3026,2.8456],[13.8104,68.3021,0.0]]],
[[[13.8271,68.3146,0.0],[13.8172,68.312,0.0],[13.8172,68.3089,2.8048],[13.826599999999999,68.3089,1.687],[13.8292,68.3125,0.0],[13.8271,68.3146,0.0]]],
[[[14.2484,68.163,0.0],[14.2521,68.1625,10.3286],[14.2536,68.1641,5.7758],[14.25,68.1646,0.0],[14.2484,68.163,0.0]]],
[[[13.9958,68.1833,0.0],[14.0021,68.1833,0.0],[14.0036,68.1849,0.0],[13.9958,68.1854,0.0],[13.9854,68.1896,0.0],[13.9839,68.1891,0.0],[13.9813,68.1833,0.0],[13.9849,68.1807,0.0],[13.9839,68.1776,0.0],[13.9875,68.1771,1.1539],[13.9922,68.1828,0.0],[13.9958,68.1833,0.0]]],
[[[14.1589,68.2338,0.0],[14.1625,68.2333,0.0],[14.1641,68.2349,0.0],[14.1604,68.2354,0.0],[14.1589,68.2338,0.0]]],
[[[13.4276,68.1547,0.0],[13.4229,68.1563,0.6363],[13.4193,68.1526,160.5316],[13.4307,68.1526,0.0],[13.4276,68.1547,0.0]]],
[[[13.5917,68.2375,5.4506],[13.5932,68.2391,0.0],[13.588,68.2391,0.0],[13.588,68.238,20.2874],[13.5917,68.2375,5.4506]]],
[[[13.6333,68.2979,33.5361],[13.6354,68.3,16.1402],[13.6333,68.3021,0.0],[13.6297,68.2984,18.1634],[13.6333,68.2979,33.5361]]],
[[[12.5958,66.225,3.7636],[12.5813,66.2271,0.0],[12.5771,66.2292,0.0],[12.5484,66.2286,0.0],[12.5542,66.225,0.0],[12.5708,66.225,0.0],[12.5724,66.2234,0.0],[12.5646,66.2208,1.8851],[12.5547,66.2203,2.2759],[12.5526,66.2151,0.0],[12.5557,66.213,0.0],[12.5443,66.2089,0.0],[12.55,66.2063,0.0],[12.5563,66.2063,0.0],[12.5578,66.2047,0.0],[12.5438,66.2,10.6487],[12.5063,66.2,0.0],[12.5021,66.1979,7.9975],[12.4938,66.1979,5.6689],[12.4896,66.1958,8.2495],[12.4854,66.1979,0.0],[12.4792,66.1958,1.9382],[12.4688,66.1958,0.0],[12.4646,66.1979,0.0],[12.4521,66.1979,0.7702],[12.4479,66.1958,2.164],[12.4401,66.1953,7.4871],[12.438,66.1922,0.0],[12.4438,66.1896,0.0],[12.4604,66.1896,6.744],[12.4646,66.1875,0.0],[12.475,66.1875,0.0],[12.4766,66.1859,3.3435],[12.4589,66.1807,3.3654],[12.4661,66.1776,0.0],[12.4547,66.1745,1.085],[12.451599999999999,66.1672,12.6931],[12.4276,66.1599,0.0],[12.4255,66.1578,0.0],[12.4255,66.1547,0.0],[12.4333,66.1542,0.0],[12.4661,66.1651,0.0],[12.4672,66.1682,0.0],[12.4875,66.175,0.0],[12.5063,66.175,0.0],[12.5167,66.1792,7.3206],[12.5266,66.1766,0.0],[12.5349,66.1724,0.0],[12.5297,66.1703,0.0],[12.5339,66.1672,0.0],[12.5474,66.1661,0.0],[12.5464,66.1589,0.0],[12.5583,66.1625,6.2897],[12.5646,66.1625,0.0],[12.5661,66.1609,0.0],[12.5609,66.1599,0.0],[12.5583,66.1563,26.9553],[12.55,66.1563,0.0],[12.5458,66.1542,10.2108],[12.538,66.1536,0.832],[12.5333,66.1479,12.6993],[12.5234,66.1474,0.0],[12.5234,66.1443,8.0665],[12.525,66.1438,10.2725],[12.537,66.1432,7.5289],[12.5292,66.1396,1.5],[12.5214,66.1401,3.1306],[12.5203,66.1432,10.817],[12.514099999999999,66.1474,15.354],[12.5063,66.1479,0.0],[12.5021,66.1458,55.8199],[12.4922,66.1453,0.0],[12.4911,66.1422,12.6692],[12.4833,66.1396,4.251],[12.4771,66.1417,0.0],[12.4693,66.1391,0.0],[12.475,66.1354,0.0],[12.4813,66.1354,0.0],[12.4854,66.1375,0.0],[12.5021,66.1375,0.0],[12.5036,66.1359,0.0],[12.4958,66.1333,0.0],[12.4859,66.1328,1.9641],[12.4859,66.1297,1.4408],[12.4891,66.1286,0.0],[12.487,66.1255,0.0],[12.4792,66.125,0.0],[12.475,66.1229,0.0],[12.4667,66.1229,0.585],[12.4641,66.1193,9.3022],[12.4526,66.1182,0.0],[12.4505,66.113,3.8269],[12.4578,66.1088,0.0],[12.45,66.1062,11.2594],[12.4396,66.1062,0.0],[12.4354,66.1042,10.6248],[12.4271,66.1042,0.0],[12.4229,66.1021,4.6995],[12.4104,66.1021,0.0],[12.3958,66.0979,9.2344],[12.3729,66.0979,0.0],[12.3667,66.0938,5.9144],[12.3438,66.0917,0.0],[12.3411,66.088,0.0],[12.3297,66.087,4.6904],[12.337,66.0828,1.3773],[12.3318,66.0807,0.0],[12.3292,66.075,6.63],[12.3313,66.0729,8.788],[12.3479,66.0729,0.0],[12.3495,66.0745,0.0],[12.3464,66.0766,0.0],[12.3542,66.0771,0.0],[12.3583,66.0792,0.0],[12.4021,66.0792,0.0],[12.4229,66.0854,0.0],[12.4266,66.0849,4.032],[12.4307,66.0828,11.0524],[12.4297,66.0797,0.9718],[12.4328,66.0776,35.0338],[12.425,66.0771,0.0],[12.4083,66.0708,16.4107],[12.4,66.0708,0.0],[12.3833,66.0646,0.0],[12.3755,66.0641,0.0],[12.375,66.0625,4.3391],[12.3755,66.0609,0.0],[12.3854,66.0583,0.0],[12.3958,66.0583,9.7135],[12.4057,66.0557,101.4133],[12.4068,66.0526,242.5969],[12.4109,66.0505,180.9585],[12.4182,66.0495,340.5906],[12.4182,66.0463,478.5465],[12.4,66.0458,813.0012],[12.3854,66.05,557.8679],[12.3771,66.05,542.7329],[12.3667,66.0542,0.8244],[12.3651,66.0537,0.0],[12.3625,66.0479,7.2339],[12.3661,66.0453,65.3955],[12.3646,66.0437,183.6288],[12.3583,66.0458,12.0868],[12.3521,66.0458,0.0],[12.3479,66.0437,5.9827],[12.325,66.0437,0.0],[12.3208,66.0396,23.0706],[12.2938,66.0396,4.048],[12.2896,66.0417,0.0],[12.2833,66.0417,0.0],[12.2792,66.0396,0.0],[12.2714,66.0391,0.0],[12.2693,66.037,0.0],[12.2672,66.0297,0.0],[12.2745,66.0255,0.0],[12.2703,66.0172,2.6905],[12.2625,66.0167,0.0],[12.2609,66.0151,0.0],[12.2667,66.0125,0.0],[12.2771,66.0125,0.0],[12.2818,66.0182,0.0],[12.2958,66.0229,0.0],[12.2984,66.0193,0.0],[12.3016,66.0182,9.4417],[12.3005,66.0151,0.0],[12.3188,66.0146,0.0],[12.3333,66.0188,9.3995],[12.3458,66.0188,0.0],[12.3563,66.0229,14.4311],[12.3646,66.0229,0.0],[12.375,66.0271,17.7228],[12.3896,66.0271,0.0],[12.3958,66.025,0.0],[12.4167,66.0313,9.7894],[12.4292,66.0313,0.0],[12.4396,66.0354,0.0],[12.4521,66.0354,0.0],[12.4667,66.0396,20.4876],[12.475,66.0396,0.0],[12.4979,66.0479,0.0],[12.5042,66.0479,0.0],[12.525,66.0542,6.4597],[12.5333,66.0542,0.0],[12.5375,66.0583,2.138],[12.55,66.0583,0.0],[12.5578,66.0609,0.0],[12.5609,66.0641,0.0],[12.5703,66.0651,0.0],[12.5734,66.0703,15.0903],[12.5786,66.0714,0.0],[12.5818,66.0766,9.2803],[12.587,66.0776,0.0],[12.5891,66.0797,0.0],[12.5891,66.0828,13.1482],[12.5859,66.0849,0.0],[12.5938,66.0875,36.2085],[12.6229,66.0896,0.0],[12.6271,66.0917,5.8934],[12.6312,66.0896,10.748],[12.6375,66.0896,0.0],[12.6578,66.0964,0.0],[12.6609,66.1016,0.0],[12.6661,66.1036,15.8262],[12.663,66.1047,0.0],[12.6641,66.1078,11.2265],[12.6609,66.1088,0.0],[12.662,66.1141,0.0],[12.6547,66.1193,48.4837],[12.6557,66.1224,0.0],[12.6417,66.1229,0.0],[12.6312,66.1188,0.0],[12.6234,66.1193,0.0],[12.6318,66.1245,0.0],[12.637,66.1255,0.0],[12.6276,66.1286,0.0],[12.6328,66.1297,0.0],[12.6359,66.1328,0.0],[12.6474,66.137,12.6325],[12.6312,66.1396,46.8587],[12.6172,66.1464,0.0],[12.6224,66.1484,0.0],[12.6255,66.1536,0.0],[12.6307,66.1547,0.0],[12.6276,66.1568,5.6045],[12.6266,66.1599,0.0],[12.6193,66.1641,0.0],[12.6312,66.1875,0.0],[12.6286,66.1932,0.0],[12.6172,66.1984,0.0],[12.6182,66.2016,0.0],[12.6089,66.2026,0.0],[12.612,66.2089,2.5113],[12.6083,66.2125,0.0],[12.6099,66.2182,0.0],[12.6042,66.2208,0.0],[12.5984,66.2214,4.6006],[12.5958,66.225,3.7636]]],
[[[12.4125,66.125,1.665],[12.4047,66.1224,0.0],[12.4026,66.1193,3.8063],[12.4063,66.1188,0.0],[12.4141,66.1214,0.0],[12.4141,66.1245,0.0],[12.4125,66.125,1.665]]],
[[[12.4453,66.1349,0.437],[12.4375,66.1354,0.0],[12.4339,66.1318,2.9641],[12.4375,66.1312,0.0],[12.4453,66.1349,0.437]]],
[[[12.4521,66.1438,2.3669],[12.4458,66.1438,0.0],[12.4443,66.1422,1.5162],[12.4521,66.1396,4.5524],[12.4542,66.1417,3.1176],[12.4521,66.1438,2.3669]]],
[[[12.3984,66.1432,0.0],[12.4005,66.1474,29.2598],[12.4057,66.1495,0.0],[12.4026,66.1505,3.9589],[12.4036,66.1536,0.0],[12.3979,66.1563,0.0],[12.3917,66.1563,0.0],[12.3813,66.1521,6.5104],[12.3729,66.1521,0.7263],[12.3688,66.15,2.7108],[12.3625,66.15,0.0],[12.3583,66.1521,0.0],[12.3536,66.1484,1.0072],[12.3484,66.1474,0.0],[12.3432,66.1359,0.0],[12.3339,66.1349,5.873],[12.3255,66.1297,0.6978],[12.3333,66.1292,0.0],[12.3375,66.1312,0.0],[12.3438,66.1292,0.0],[12.3479,66.1312,3.12],[12.3557,66.1318,0.0],[12.3604,66.1354,1.8182],[12.3667,66.1354,0.0],[12.3771,66.1396,18.4432],[12.3854,66.1396,0.0],[12.3984,66.1432,0.0]]],
[[[12.4193,66.1422,0.0],[12.4229,66.1417,0.0],[12.4245,66.1432,0.0],[12.4208,66.1438,4.6459],[12.4193,66.1422,0.0]]],
[[[12.4875,66.1625,6.3357],[12.4859,66.162,2.6287],[12.4859,66.1609,0.0],[12.4891,66.1609,0.0],[12.4875,66.1625,6.3357]]],
[[[12.5021,66.1687,0.0],[12.4922,66.1661,0.0],[12.4922,66.163,0.0],[12.5078,66.1651,2.0827],[12.5021,66.1687,0.0]]],
[[[12.3708,66.1771,1.9297],[12.3693,66.1766,2.0973],[12.3693,66.1755,0.0],[12.3724,66.1755,0.0],[12.3708,66.1771,1.9297]]],
[[[12.3703,66.1818,0.0],[12.3724,66.1849,1.5982],[12.3672,66.1849,0.0],[12.3672,66.1818,5.6619],[12.3703,66.1818,0.0]]],
[[[12.4234,66.1943,3.1127],[12.4271,66.1937,0.0],[12.4286,66.1953,0.0],[12.425,66.1958,4.5836],[12.4234,66.1943,3.1127]]],
[[[12.5245,66.2974,10.6108],[12.5187,66.3,0.3919],[12.5151,66.2963,6.2182],[12.5229,66.2958,5.1811],[12.5245,66.2974,10.6108]]],
[[[12.4979,66.3063,0.4661],[12.4917,66.3063,1.4355],[12.4901,66.3047,8.529],[12.4958,66.3021,0.0],[12.4995,66.3047,0.5847],[12.4979,66.3063,0.4661]]],
[[[12.4333,66.3146,0.0],[12.4318,66.313,5.0839],[12.4349,66.313,4.6616],[12.4349,66.3141,0.0],[12.4333,66.3146,0.0]]],
[[[12.4896,66.3187,0.0],[12.4917,66.3208,2.6683],[12.4896,66.3229,0.0],[12.4859,66.3193,1.4696],[12.4896,66.3187,0.0]]],
[[[12.5,66.3229,2.9635],[12.4984,66.3214,2.2882],[12.5016,66.3214,2.8062],[12.5016,66.3224,2.9635],[12.5,66.3229,2.9635]]],
[[[12.7,66.3271,0.0],[12.6938,66.3271,3.965],[12.6922,66.3255,0.0],[12.6979,66.3229,0.0],[12.701599999999999,66.3255,9.06],[12.7,66.3271,0.0]]],
[[[12.7167,66.3292,9.403],[12.7182,66.3307,0.0],[12.7089,66.3307,0.0],[12.7104,66.3292,0.0],[12.7167,66.3292,9.403]]],
[[[12.5422,66.3297,1.8037],[12.5458,66.3292,0.0],[12.5474,66.3307,2.9396],[12.5438,66.3313,5.5083],[12.5422,66.3297,1.8037]]],
[[[12.7755,66.338,0.0],[12.7792,66.3375,16.7374],[12.7807,66.3391,8.4418],[12.7771,66.3396,4.7098],[12.7755,66.338,0.0]]],
[[[12.4813,66.3229,1.7376],[12.4828,66.3245,1.4593],[12.4734,66.3245,3.202],[12.475,66.3229,0.0],[12.4813,66.3229,1.7376]]],
[[[12.4036,66.3339,7.461],[12.4057,66.337,0.0],[12.4005,66.337,13.9041],[12.4005,66.3339,13.8341],[12.4036,66.3339,7.461]]],
[[[12.4286,66.3401,6.5469],[12.4271,66.3417,0.0],[12.4234,66.3411,4.9367],[12.4214,66.3359,1.5941],[12.4266,66.3359,0.0],[12.4286,66.3401,6.5469]]],
[[[12.363,66.3443,9.9134],[12.3667,66.3438,2.6076],[12.3682,66.3453,0.0],[12.3646,66.3458,3.3071],[12.363,66.3443,9.9134]]],
[[[12.7271,66.3458,0.0],[12.7214,66.3453,0.0],[12.7214,66.3422,0.9945],[12.7271,66.3396,0.0],[12.7391,66.3401,0.0],[12.7359,66.3422,6.5076],[12.737,66.3453,0.0],[12.7271,66.3458,0.0]]],
[[[12.5583,66.3875,0.0],[12.5515,66.3912,0.0],[12.5438,66.3917,5.7758],[12.5354,66.3958,2.7157],[12.5276,66.3932,1.2932],[12.5203,66.388,2.2971],[12.5104,66.3875,0.0],[12.5078,66.3839,1.9139],[12.5026,66.3828,2.3403],[12.5042,66.3812,0.0],[12.5146,66.3812,0.0],[12.5188,66.3833,0.6839],[12.5214,66.3797,1.6228],[12.5286,66.3786,0.7411],[12.5234,66.3766,3.4983],[12.5266,66.3734,5.3698],[12.5214,66.3724,0.0],[12.5151,66.3682,1.7],[12.5167,66.3667,0.9076],[12.5224,66.3662,0.0],[12.5172,66.3641,0.0],[12.5188,66.3625,1.3027],[12.5328,66.363,1.6572],[12.5359,66.3682,0.0],[12.5411,66.3693,7.8312],[12.5422,66.3724,0.0],[12.5458,66.375,2.3578],[12.5578,66.3745,0.0],[12.5557,66.3672,3.0734],[12.5484,66.363,2.3596],[12.562,66.362,0.0],[12.563,66.3588,3.7297],[12.5661,66.3568,0.0],[12.5583,66.3542,4.3248],[12.5484,66.3536,0.0],[12.5458,66.35,1.67],[12.5255,66.3495,0.0],[12.5245,66.3464,2.0727],[12.513,66.3432,1.8117],[12.5099,66.338,1.9938],[12.5021,66.3375,2.8493],[12.4943,66.3349,3.0643],[12.4859,66.3297,2.438],[12.4938,66.3292,1.9498],[12.5,66.3313,0.5014],[12.5042,66.3292,0.0],[12.5188,66.3292,1.5844],[12.5224,66.3318,3.7361],[12.5234,66.3349,1.931],[12.5313,66.3375,0.0],[12.5375,66.3354,0.0],[12.5438,66.3396,1.3722],[12.5583,66.3354,0.0],[12.5703,66.3349,0.6183],[12.562,66.3297,6.4828],[12.5542,66.3292,0.0],[12.5495,66.3255,3.9613],[12.5401,66.3245,3.8518],[12.5432,66.3214,4.9406],[12.5411,66.3172,0.2936],[12.5359,66.3151,5.9468],[12.5438,66.3146,4.9712],[12.5479,66.3167,1.5719],[12.5557,66.3172,0.0],[12.5526,66.3193,4.9692],[12.5547,66.3224,0.6601],[12.5625,66.325,0.0],[12.5703,66.3255,0.0],[12.5734,66.3287,-0.6942],[12.5828,66.3297,0.0],[12.5859,66.3328,0.0],[12.6,66.3375,10.4085],[12.6016,66.337,0.0],[12.6016,66.3339,0.0],[12.5943,66.3297,7.9169],[12.6099,66.3297,1.398],[12.6068,66.3328,1.7941],[12.6146,66.3333,0.0],[12.6182,66.3359,0.0],[12.6151,66.338,0.0],[12.6151,66.3411,6.2229],[12.6229,66.3417,0.0],[12.6271,66.3396,0.0],[12.6307,66.3401,0.0],[12.6318,66.3432,20.0576],[12.637,66.3443,0.0],[12.639099999999999,66.3464,7.0175],[12.639099999999999,66.3495,7.5218],[12.6359,66.3516,1.9204],[12.6411,66.3526,0.0],[12.6443,66.3578,3.4908],[12.6542,66.3583,0.1679],[12.6563,66.3604,0.0],[12.6557,66.362,1.8035],[12.65,66.3625,0.9059],[12.6443,66.3651,0.0],[12.6453,66.3703,0.0],[12.638,66.3734,5.2453],[12.6354,66.3771,0.0],[12.6234,66.3786,8.7921],[12.6214,66.3734,0.0],[12.6286,66.3693,4.466],[12.6208,66.3667,0.0],[12.6146,66.3667,4.9615],[12.613,66.3672,0.0],[12.6141,66.3703,5.0726],[12.6125,66.3708,5.0663],[12.6021,66.3708,1.6514],[12.5979,66.3729,4.2089],[12.5901,66.3735,3.1893],[12.5911,66.3786,4.6827],[12.5813,66.3812,7.5155],[12.5693,66.3818,6.0444],[12.5703,66.387,0.4913],[12.5583,66.3875,0.0]]],
[[[12.6708,66.3583,0.0],[12.6807,66.3588,0.0],[12.687,66.3703,0.0],[12.6792,66.3708,0.0],[12.6714,66.3682,1.4188],[12.6745,66.3662,1.9358],[12.6729,66.3646,0.0583],[12.6589,66.3662,0.0374],[12.6589,66.363,3.0686],[12.6708,66.3583,0.0]]],
[[[12.7443,66.3703,0.0],[12.7417,66.3646,4.9844],[12.7464,66.3609,0.0],[12.7542,66.3604,0.0],[12.762,66.363,15.2731],[12.7589,66.3651,0.0],[12.7578,66.3682,0.0],[12.7536,66.3703,5.7925],[12.7443,66.3703,0.0]]],
[[[12.4443,66.3495,0.4548],[12.438,66.3464,0.0],[12.4438,66.3438,0.0],[12.4484,66.3474,6.4826],[12.4536,66.3484,2.5959],[12.4521,66.35,1.0492],[12.4443,66.3495,0.4548]]],
[[[12.5047,66.3568,1.8905],[12.5083,66.3562,0.0],[12.5099,66.3578,2.0952],[12.5063,66.3583,0.0],[12.5047,66.3568,1.8905]]],
[[[12.5042,66.3729,0.0],[12.4964,66.3724,0.0474],[12.4964,66.3693,2.1607],[12.5057,66.3714,0.0],[12.5042,66.3729,0.0]]],
[[[12.5146,66.3771,0.0],[12.5125,66.3792,2.4977],[12.5089,66.3755,0.8798],[12.5125,66.375,0.0],[12.5146,66.3771,0.0]]],
[[[12.9083,66.2292,1.2921],[12.9068,66.2286,0.1606],[12.9068,66.2276,3.7797],[12.9099,66.2276,4.4616],[12.9083,66.2292,1.2921]]],
[[[13.1625,66.2854,4.9531],[13.1438,66.2854,26.4703],[13.1396,66.2875,0.0],[13.1333,66.2875,0.0],[13.1292,66.2854,152.1665],[13.125,66.2875,0.0],[13.1187,66.2875,30.7453],[13.1125,66.2854,263.05],[13.1083,66.2875,73.8187],[13.1042,66.2854,256.6185],[13.0979,66.2854,267.7831],[13.0938,66.2875,47.8826],[13.0891,66.2839,242.9553],[13.0813,66.2813,385.8091],[13.0646,66.2813,169.5298],[13.0479,66.275,410.197],[13.0354,66.275,204.5008],[13.0229,66.2792,0.0],[13.0104,66.2792,0.0],[13.0062,66.275,11.1088],[12.9938,66.275,0.0],[12.9896,66.2729,4.6306],[12.9813,66.2729,0.0],[12.9786,66.2693,3.9966],[12.9672,66.2682,0.0],[12.9641,66.2609,0.0],[12.962,66.2589,0.0],[12.9568,66.2578,0.0],[12.9599,66.2557,0.0],[12.9599,66.2526,0.0],[12.9547,66.2516,0.0],[12.951599999999999,66.2464,0.0],[12.9464,66.2453,0.0],[12.9432,66.2422,0.0],[12.9318,66.2391,0.0],[12.9307,66.2359,18.2544],[12.9193,66.2328,0.0],[12.9172,66.2297,0.0],[12.9229,66.2271,2.1201],[12.9604,66.2271,0.0],[12.9646,66.2292,24.3009],[12.9917,66.2292,0.0],[13.0021,66.2333,5.6736],[13.0208,66.2354,0.0],[13.0271,66.2396,10.4345],[13.0396,66.2396,0.0],[13.0536,66.2443,0.0],[13.0563,66.2479,5.2402],[13.0646,66.2479,0.0],[13.0813,66.2542,6.2754],[13.0938,66.2542,0.0],[13.0964,66.2578,0.0],[13.1042,66.2604,3.0649],[13.1125,66.2604,0.0],[13.1203,66.263,0.0],[13.1214,66.2662,2.4736],[13.1313,66.2667,0.0],[13.1339,66.2703,0.0],[13.1438,66.2708,0.0],[13.1464,66.2745,4.1155],[13.1563,66.275,0.0],[13.1766,66.2818,0.0],[13.1771,66.2833,3.6059],[13.175,66.2854,1.2618],[13.1625,66.2854,4.9531]]],
[[[13.0563,66.2813,56.4386],[13.0578,66.2828,40.6432],[13.0484,66.2828,0.0],[13.05,66.2813,17.9057],[13.0563,66.2813,56.4386]]],
[[[12.8458,66.3083,2.6093],[12.8396,66.3083,0.0],[12.838,66.3068,0.0],[12.8438,66.3042,0.0],[12.8516,66.3047,0.0],[12.8516,66.3078,10.5076],[12.8458,66.3083,2.6093]]],
[[[12.8271,66.3104,0.0],[12.8292,66.3125,0.0],[12.8271,66.3146,0.0],[12.8234,66.3109,0.0],[12.8271,66.3104,0.0]]],
[[[13.0943,66.4297,50.8802],[13.0891,66.4328,0.0],[13.0813,66.4333,56.0547],[13.0771,66.4354,33.6086],[13.05,66.4354,11.1761],[13.0359,66.4307,0.0],[13.0307,66.4213,34.8388],[13.013,66.4161,0.0],[13.0109,66.4141,0.0],[13.0089,66.4089,0.0],[13.0125,66.4063,69.8975],[13.0099,66.4005,62.9835],[13.0057,66.3943,62.9268],[13.0005,66.3932,0.0],[12.9984,66.3891,21.8649],[13.0021,66.3854,103.3038],[13.0005,66.3818,0.0],[13.0125,66.3771,0.0],[13.0271,66.3812,0.0],[13.0354,66.3812,0.0],[13.0458,66.3854,0.0],[13.075,66.3875,0.0],[13.0792,66.3896,7.0416],[13.0958,66.3896,0.0],[13.1099,66.3943,0.0],[13.113,66.3974,0.0],[13.1182,66.3984,0.0],[13.1214,66.4036,0.0],[13.1266,66.4047,0.0],[13.1234,66.4068,0.0],[13.1224,66.4099,0.0],[13.1193,66.4109,12.7452],[13.1203,66.4141,0.0],[13.113,66.4193,20.498],[13.1141,66.4224,0.0],[13.1016,66.4287,9.0636],[13.0943,66.4297,50.8802]]],
[[[12.9661,66.4464,10.934],[12.9693,66.4516,0.0],[12.9745,66.4526,0.0],[12.9766,66.4568,0.0],[12.9729,66.4604,0.0],[12.9745,66.4641,7.821],[12.9651,66.4641,5.5377],[12.962,66.4589,51.1972],[12.9542,66.4563,0.0],[12.9438,66.4604,9.6714],[12.9214,66.4599,0.0],[12.9193,66.4568,3.3409],[12.9271,66.4563,17.7875],[12.938,66.4505,0.0],[12.9453,66.4495,0.0],[12.9464,66.4464,0.0],[12.9495,66.4443,31.8414],[12.9292,66.4375,0.0],[12.9208,66.4375,0.0],[12.9063,66.4333,21.7297],[12.9026,66.4349,0.0],[12.9047,66.437,0.0],[12.9099,66.438,0.0],[12.912,66.4432,7.7702],[12.9089,66.4443,23.1747],[12.9078,66.4474,0.0],[12.9047,66.4495,0.0],[12.9068,66.4516,0.0],[12.912,66.4526,0.0],[12.912,66.4557,0.0],[12.9104,66.4563,0.0],[12.8833,66.4563,0.0],[12.8688,66.4521,9.2306],[12.8604,66.4521,0.0],[12.8563,66.45,62.19],[12.8438,66.45,0.0],[12.8411,66.4464,4.3509],[12.8297,66.4453,0.0],[12.8276,66.4401,0.8075],[12.8307,66.4391,0.0],[12.8292,66.4333,0.0],[12.8328,66.4297,14.5995],[12.8276,66.4287,0.0],[12.8255,66.4255,0.0],[12.8349,66.4245,12.8021],[12.8339,66.4213,0.0],[12.8411,66.4182,8.5035],[12.8401,66.4151,0.0],[12.8568,66.4068,0.0],[12.8646,66.4063,8.455],[12.8661,66.4047,0.0],[12.8438,66.3979,20.3321],[12.8313,66.4042,0.0],[12.8167,66.4063,10.49],[12.8042,66.4104,0.0],[12.7979,66.4104,0.0],[12.7932,66.4068,0.0],[12.788,66.4057,0.0],[12.7859,66.4005,11.0204],[12.7979,66.4,1.9303],[12.8021,66.3979,0.0],[12.8146,66.3979,0.0],[12.8203,66.3995,0.0],[12.825,66.3958,5.8069],[12.8224,66.3922,0.0],[12.8146,66.3917,0.0],[12.8005,66.3859,10.1807],[12.8063,66.3833,0.0],[12.812,66.3828,0.0],[12.8187,66.3792,0.0],[12.8307,66.3786,0.0],[12.8318,66.3755,5.1366],[12.8349,66.3745,3.0091],[12.8339,66.3693,1.8381],[12.8479,66.3708,0.0],[12.8521,66.3729,0.0],[12.8547,66.3693,10.0534],[12.8578,66.3682,0.0],[12.8568,66.363,3.6211],[12.8609,66.3609,0.0],[12.8708,66.3583,0.0],[12.8771,66.3604,4.5052],[12.8964,66.3505,0.0],[12.9083,66.35,2.8006],[12.912,66.3536,0.0],[12.887,66.3662,0.0],[12.8797,66.3672,19.9335],[12.8786,66.3703,0.0],[12.8714,66.3714,4.9842],[12.8708,66.3729,0.0],[12.8729,66.375,0.0],[12.8828,66.3755,4.7364],[12.887,66.3839,0.0],[12.8797,66.388,24.8518],[12.8797,66.3912,0.0],[12.8833,66.3917,0.0],[12.8875,66.3896,0.0],[12.8974,66.3943,0.0],[12.8901,66.3984,25.1966],[12.8901,66.4016,0.0],[12.8953,66.4026,0.0],[12.8974,66.4057,0.0],[12.8901,66.4089,0.0],[12.8901,66.412,17.0551],[12.8922,66.4141,24.4566],[12.9016,66.4161,0.0],[12.9005,66.4109,0.0],[12.9042,66.4083,0.0],[12.9021,66.4042,0.0],[12.9057,66.4016,1.0231],[12.9047,66.3964,3.2131],[12.912,66.3953,0.0],[12.9188,66.3917,0.0],[12.9432,66.3943,0.0],[12.9484,66.4036,36.1501],[12.9536,66.4047,11.5373],[12.9557,66.4068,11.2256],[12.9521,66.4104,0.0],[12.9563,66.4187,0.0],[12.9542,66.4229,29.9356],[12.9578,66.4307,0.0],[12.9542,66.4333,65.8921],[12.9568,66.437,0.0],[12.962,66.438,0.0],[12.9661,66.4464,10.934]]],
[[[12.8172,66.4401,4.4725],[12.8208,66.4396,8.0019],[12.8224,66.4411,8.3708],[12.8187,66.4417,0.0],[12.8172,66.4401,4.4725]]],
[[[13.0333,66.4479,0.0],[13.0354,66.45,37.3013],[13.0333,66.4521,0.0],[13.0297,66.4484,44.3661],[13.0333,66.4479,0.0]]],
[[[13.025,66.4646,0.0],[13.0125,66.4646,0.0],[13.0109,66.463,1.374],[13.0266,66.463,0.0],[13.025,66.4646,0.0]]],
[[[13.0167,66.4708,12.2079],[13.0151,66.4693,14.4965],[13.0182,66.4693,9.999],[13.0182,66.4703,21.0078],[13.0167,66.4708,12.2079]]],
[[[13.0714,66.4776,7.8932],[13.075,66.4771,9.9969],[13.076599999999999,66.4786,13.5863],[13.0729,66.4792,4.4181],[13.0714,66.4776,7.8932]]],
[[[12.7693,66.4359,7.2545],[12.7667,66.4375,10.7992],[12.763,66.437,0.9989],[12.7609,66.4318,2.7776],[12.7703,66.4318,4.3229],[12.7724,66.4349,2.4293],[12.7693,66.4359,7.2545]]],
[[[12.6974,66.4724,4.5093],[12.6896,66.4729,4.5028],[12.6859,66.4693,2.2743],[12.6896,66.4688,5.2606],[12.6974,66.4724,4.5093]]],
[[[12.6813,66.5229,0.0],[12.6792,66.525,3.9551],[12.6714,66.5214,0.0],[12.6792,66.5208,0.0],[12.6813,66.5229,0.0]]],
[[[12.6766,66.5255,0.7882],[12.6786,66.5286,3.5659],[12.6734,66.5286,1.9238],[12.6734,66.5255,2.3708],[12.6766,66.5255,0.7882]]],
[[[12.8563,66.4854,16.8207],[12.8458,66.4854,0.0],[12.8438,66.4833,0.0],[12.8458,66.4812,0.0],[12.8521,66.4812,0.0],[12.8599,66.4838,0.0],[12.8563,66.4854,16.8207]]],
[[[12.9391,66.4766,0.0],[12.9417,66.475,0.0],[12.9578,66.4797,0.0],[12.9589,66.4828,0.0],[12.9641,66.4838,0.0],[12.9661,66.4859,0.0],[12.9661,66.4891,0.0],[12.9563,66.4938,0.0],[12.9521,66.4917,0.0],[12.9396,66.4917,0.0],[12.9318,66.4891,12.4413],[12.9349,66.4859,5.9754],[12.9234,66.4849,0.0],[12.9234,66.4818,0.0],[12.9255,66.4797,8.6168],[12.9333,66.4792,3.0348],[12.9391,66.4766,0.0]]],
[[[12.9161,66.4912,0.0],[12.9104,66.4938,0.0],[12.9,66.4938,0.0],[12.8958,66.4958,0.0],[12.8896,66.4958,0.0],[12.888,66.4943,3.9601],[12.8911,66.4922,0.0],[12.889099999999999,66.4901,0.0],[12.8792,66.4896,0.0],[12.875,66.4875,24.4476],[12.8625,66.4875,0.0],[12.8609,66.4859,4.022],[12.8667,66.4833,2.5046],[12.8745,66.4828,0.0],[12.8672,66.4786,7.1777],[12.8688,66.4771,0.0],[12.875,66.4792,4.3561],[12.8813,66.4792,9.3675],[12.8854,66.4812,0.0],[12.8979,66.4812,0.0],[12.9021,66.4792,5.566],[12.9083,66.4833,3.2677],[12.9182,66.4838,0.0],[12.9146,66.4875,0.0],[12.9161,66.4912,0.0]]],
[[[12.8822,66.492,4.1286],[12.8849,66.4922,0.0],[12.8849,66.4932,4.4685],[12.8818,66.4932,6.8749],[12.8822,66.492,4.1286]]],
[[[12.8807,66.5141,0.0],[12.875,66.5167,2.5328],[12.8714,66.5162,2.6191],[12.8708,66.5146,1.9],[12.8729,66.5125,0.0],[12.8792,66.5125,0.0],[12.8807,66.5141,0.0]]],
[[[12.8774,66.5458,0.0],[12.8672,66.5463,0.0],[12.8672,66.5495,0.0],[12.8724,66.5505,0.0],[12.875,66.5542,0.0],[12.8745,66.5557,0.0],[12.8672,66.5589,16.3393],[12.8703,66.5641,0.0],[12.8646,66.5667,0.0],[12.8521,66.5667,0.0],[12.8484,66.5641,0.0],[12.8474,66.5609,0.0],[12.8396,66.5583,0.0],[12.8313,66.5583,0.0],[12.8208,66.5542,0.0],[12.8083,66.5542,2.6569],[12.8005,66.5516,0.0],[12.8099,66.5484,0.0],[12.8078,66.5463,0.0],[12.7964,66.5422,5.1681],[12.8021,66.5396,26.1506],[12.8083,66.5417,97.17],[12.8099,66.5411,134.1907],[12.8099,66.538,288.5142],[12.8,66.5375,74.6558],[12.7922,66.5339,0.0],[12.812,66.5245,49.9631],[12.8109,66.5193,0.0],[12.8167,66.5167,3.897],[12.8229,66.5188,8.7292],[12.8354,66.5188,0.0],[12.8396,66.5208,0.0],[12.8521,66.5208,0.0],[12.8766,66.5276,0.0],[12.8797,66.5328,9.026],[12.8849,66.5339,0.0],[12.887,66.537,0.0],[12.8839,66.5391,2.0982],[12.889099999999999,66.5411,0.0],[12.8774,66.5458,0.0]]],
[[[12.9766,66.5578,25.9734],[12.9688,66.5583,0.0],[12.9651,66.5547,34.5815],[12.9688,66.5542,24.548],[12.9766,66.5578,25.9734]]],
[[[12.8354,66.5667,1.5578],[12.825,66.5667,0.0],[12.8229,66.5646,0.0],[12.825,66.5625,2.2507],[12.8313,66.5625,1.1516],[12.8391,66.5651,0.0],[12.8354,66.5667,1.5578]]],
[[[13.0672,66.5703,0.0],[13.0682,66.5745,0.0],[13.0526,66.5818,8.6484],[13.0536,66.5849,0.0],[13.0479,66.5875,10.6656],[13.0417,66.5875,6.5976],[13.037,66.5839,19.2407],[13.0292,66.5833,0.0],[13.0188,66.5792,10.0261],[13.0068,66.5818,8.7557],[13.0,66.5854,0.0],[12.9875,66.5854,2.8618],[12.9849,66.5818,4.2729],[12.9776,66.5807,0.0],[12.9766,66.5776,0.0],[12.9714,66.5766,4.4168],[12.9688,66.5729,4.2575],[12.9693,66.5714,10.5359],[12.975,66.5708,0.0],[12.9807,66.5682,4.2924],[12.9818,66.5651,2.8119],[12.9953,66.5641,0.0],[12.9938,66.5625,0.0],[12.9854,66.5625,0.0],[12.9839,66.5609,0.0],[12.9917,66.5604,0.0],[12.9984,66.5568,8.5746],[13.0083,66.5542,0.0],[13.0208,66.5542,0.0],[13.0354,66.5583,0.0],[13.0479,66.5583,0.0],[13.0521,66.5604,0.0],[13.0563,66.5604,0.0],[13.0641,66.563,0.0],[13.0672,66.5703,0.0]]],
[[[12.9563,66.575,15.8812],[12.9547,66.5745,15.5065],[12.9547,66.5734,9.3766],[12.9578,66.5734,11.0035],[12.9563,66.575,15.8812]]],
[[[12.8359,66.5776,7.1575],[12.8396,66.5771,1.3979],[12.8411,66.5787,1.2105],[12.8375,66.5792,4.8198],[12.8359,66.5776,7.1575]]],
[[[12.8391,66.5839,6.0366],[12.8391,66.587,11.5095],[12.8375,66.5875,0.0],[12.8333,66.5833,34.5996],[12.8354,66.5813,0.0],[12.8391,66.5839,6.0366]]],
[[[12.9411,66.5932,3.4755],[12.9083,66.5958,9.5852],[12.9036,66.5901,55.568],[12.8984,66.5891,0.0],[12.8979,66.5875,0.0],[12.9016,66.5849,0.0],[12.9005,66.5797,0.0],[12.9104,66.575,0.0],[12.9146,66.5771,33.6196],[12.9208,66.575,8.8672],[12.9271,66.575,0.0],[12.9312,66.5771,0.0],[12.9354,66.575,0.0],[12.9417,66.575,0.0],[12.9432,66.5766,0.0],[12.9359,66.5797,0.0],[12.938,66.5849,10.3136],[12.9432,66.5859,0.0],[12.9453,66.588,0.0],[12.9422,66.5901,0.0],[12.9411,66.5932,3.4755]]],
[[[12.8375,66.6021,27.6313],[12.8333,66.6021,5.5056],[12.8255,66.5984,9.3497],[12.8333,66.5979,0.0],[12.8411,66.6005,12.8695],[12.8375,66.6021,27.6313]]],
[[[12.825,66.6042,0.0],[12.8234,66.6026,7.0527],[12.826599999999999,66.6026,0.0],[12.826599999999999,66.6036,0.0],[12.825,66.6042,0.0]]],
[[[12.9339,66.6047,10.4669],[12.9375,66.6042,0.0],[12.9391,66.6057,9.1256],[12.9354,66.6062,8.5226],[12.9339,66.6047,10.4669]]],
[[[12.3922,66.3828,0.0],[12.4063,66.3833,0.0],[12.4141,66.3859,0.0],[12.4172,66.3891,0.8058],[12.4224,66.3901,0.0],[12.4229,66.3917,1.6015],[12.4208,66.3938,1.2559],[12.4104,66.3896,5.7711],[12.4021,66.3896,0.0],[12.3917,66.3854,0.0],[12.3854,66.3875,3.1222],[12.3776,66.3849,0.8327],[12.3755,66.3797,26.6127],[12.3896,66.3792,4.2112],[12.3922,66.3828,0.0]]],
[[[12.4479,66.4063,2.5866],[12.4464,66.4057,1.2009],[12.4464,66.4047,0.5594],[12.4495,66.4047,2.3828],[12.4479,66.4063,2.5866]]],
[[[12.425,66.4083,0.0],[12.4266,66.4099,6.094],[12.4172,66.4099,2.5382],[12.4188,66.4083,11.2113],[12.425,66.4083,0.0]]],
[[[12.4536,66.412,8.4753],[12.4458,66.4125,0.0],[12.4422,66.4089,2.5746],[12.45,66.4083,0.0],[12.4536,66.412,8.4753]]],
[[[12.6599,66.5339,0.0],[12.6547,66.5318,0.0],[12.6578,66.5307,0.0],[12.6604,66.5271,11.1886],[12.6682,66.5276,0.0],[12.6651,66.5307,0.0],[12.6703,66.5318,2.5701],[12.6646,66.5375,1.777],[12.6599,66.5339,0.0]]],
[[[12.6005,66.538,0.0],[12.6042,66.5375,0.0],[12.6057,66.5391,13.5143],[12.6021,66.5396,0.0],[12.6005,66.538,0.0]]],
[[[12.5568,66.5557,13.3705],[12.5505,66.5537,5.193],[12.5484,66.5484,12.1253],[12.5578,66.5484,3.5773],[12.562,66.5557,6.8696],[12.5568,66.5557,13.3705]]],
[[[12.6849,66.5911,5.2815],[12.6792,66.5938,7.2785],[12.6609,66.5943,0.0],[12.6724,66.5984,0.0],[12.6745,66.6016,0.0],[12.6667,66.6021,4.0801],[12.6599,66.6057,0.0],[12.65,66.6083,0.0],[12.6438,66.6083,0.0],[12.6333,66.6042,0.0],[12.6276,66.6036,0.0],[12.6224,66.5943,0.0],[12.6146,66.5917,0.0],[12.6068,66.5911,0.0],[12.6016,66.5839,5.7799],[12.5901,66.5797,4.5075],[12.6042,66.5729,0.0],[12.6266,66.5724,1.5902],[12.6151,66.5682,0.0],[12.6141,66.5651,37.5624],[12.6089,66.5641,23.1906],[12.6068,66.562,0.0],[12.6047,66.5568,0.0],[12.6078,66.5557,0.0],[12.6089,66.5526,10.5743],[12.6458,66.5479,0.0],[12.6505,66.5537,4.2968],[12.6583,66.5563,0.0],[12.6708,66.5563,1.6573],[12.6755,66.562,0.0],[12.687,66.5651,0.0],[12.6839,66.5672,1.7204],[12.687,66.5734,0.0],[12.6833,66.5771,0.0],[12.6854,66.5813,0.0],[12.6818,66.5839,0.0],[12.6849,66.5911,5.2815]]],
[[[12.4641,66.413,1.9307],[12.4661,66.4161,0.0],[12.4609,66.4161,0.0],[12.4609,66.413,2.268],[12.4641,66.413,1.9307]]],
[[[12.4354,66.4187,16.9828],[12.4271,66.4187,1.1446],[12.425,66.4167,3.5289],[12.4271,66.4146,2.7993],[12.4375,66.4146,0.0],[12.4411,66.4172,6.9029],[12.4396,66.4187,14.4825],[12.4354,66.4187,16.9828]]],
[[[12.4524,66.4208,1.5198],[12.4438,66.4208,0.0],[12.4422,66.4193,12.0508],[12.4578,66.4193,0.0],[12.4563,66.4208,4.4233],[12.4524,66.4208,1.5198]]],
[[[12.4979,66.7312,0.0],[12.4995,66.7328,0.0],[12.4901,66.7328,8.1568],[12.4917,66.7312,4.7402],[12.4979,66.7312,0.0]]],
[[[12.6,66.5958,15.639099999999999],[12.5922,66.5932,13.4931],[12.5901,66.5901,0.0],[12.5995,66.5901,6.5121],[12.6021,66.5938,4.4144],[12.6,66.5958,15.639099999999999]]],
[[[12.7792,66.5917,0.0],[12.7854,66.5896,0.0],[12.7917,66.5896,3.7891],[12.8016,66.5922,0.0],[12.8016,66.5953,0.0],[12.7984,66.5974,2.0843],[12.8036,66.5984,0.0],[12.8057,66.6016,0.0],[12.7917,66.6021,0.0],[12.7901,66.6005,4.6874],[12.7932,66.5984,4.1183],[12.7776,66.5974,1.8046],[12.775,66.5938,0.0],[12.7755,66.5922,0.0],[12.7792,66.5917,0.0]]],
[[[12.6255,66.6068,0.0],[12.6286,66.6068,0.0],[12.6286,66.6078,0.0],[12.6257,66.6079,0.0],[12.6255,66.6068,0.0]]],
[[[12.9271,66.6083,0.0],[12.9255,66.6068,9.4334],[12.9286,66.6068,11.7811],[12.9286,66.6078,0.0],[12.9271,66.6083,0.0]]],
[[[12.8271,66.6125,8.1331],[12.8187,66.6125,2.73],[12.8151,66.6088,19.4432],[12.8229,66.6083,0.0],[12.8307,66.6109,8.268],[12.8271,66.6125,8.1331]]],
[[[13.0411,66.6005,0.0],[13.038,66.6036,16.4828],[13.0432,66.6047,0.0],[13.0438,66.6062,0.0],[13.0401,66.6099,59.5428],[13.0495,66.6151,0.0],[13.0516,66.6203,0.0],[13.0484,66.6214,0.0],[13.0484,66.6245,0.0],[13.0505,66.6286,8.9069],[13.0557,66.6297,0.0],[13.0599,66.6359,0.0],[13.0599,66.6391,3.1062],[13.0568,66.6401,8.5179],[13.0578,66.6432,0.0],[13.05,66.6438,0.0],[13.0458,66.6417,2.0129],[13.0167,66.6417,0.0],[13.014099999999999,66.638,60.3091],[13.0089,66.637,0.0],[13.0036,66.6297,28.0151],[12.9984,66.6286,31.3283],[13.0016,66.6255,0.0],[12.988,66.6203,0.0],[12.9917,66.6167,0.0],[12.988,66.6088,0.0],[12.9974,66.6078,12.6306],[12.9964,66.6047,23.7053],[12.9979,66.6042,10.2852],[13.0057,66.6036,0.0],[13.0047,66.5984,0.0],[13.0089,66.5964,0.0],[13.025,66.5938,0.0],[13.0292,66.5917,12.3835],[13.0354,66.5917,0.0],[13.037,66.5932,0.0],[13.0297,66.5974,0.0],[13.0375,66.5979,0.0],[13.0411,66.6005,0.0]]],
[[[12.9375,66.6229,7.5771],[12.9458,66.6229,0.0],[12.9474,66.6245,0.0],[12.9401,66.6276,5.2189],[12.9411,66.6307,7.0723],[12.9396,66.6312,5.2176],[12.9359,66.6307,0.0],[12.9333,66.6271,0.0],[12.9271,66.6292,0.0],[12.9234,66.6266,19.6718],[12.925,66.625,6.5557],[12.9312,66.625,12.1959],[12.9375,66.6229,7.5771]]],
[[[12.9542,66.6271,3.5403],[12.9563,66.6292,5.8087],[12.9542,66.6312,0.0],[12.9505,66.6276,4.8393],[12.9542,66.6271,3.5403]]],
[[[12.95,66.6333,0.0],[12.9484,66.6318,0.0],[12.951599999999999,66.6318,9.6876],[12.951599999999999,66.6328,9.6016],[12.95,66.6333,0.0]]],
[[[12.9312,66.6354,2.1213],[12.9234,66.6349,6.0277],[12.9214,66.6328,0.0],[12.9214,66.6297,7.9379],[12.9307,66.6318,7.0869],[12.9328,66.6339,1.5356],[12.9312,66.6354,2.1213]]],
[[[12.9474,66.6349,7.5138],[12.9417,66.6375,0.0],[12.938,66.6339,0.0],[12.9458,66.6333,0.0],[12.9474,66.6349,7.5138]]],
[[[13.1313,66.5896,4.1676],[13.1349,66.5901,3.3771],[13.137,66.5932,7.1579],[13.1276,66.5943,0.0],[13.1286,66.5995,4.7039],[13.1255,66.6005,30.9513],[13.1286,66.6078,0.0],[13.1255,66.6088,4.2053],[13.1255,66.612,0.0],[13.1276,66.6162,7.1328],[13.1328,66.6172,0.0],[13.1255,66.6214,0.0],[13.1286,66.6255,12.3801],[13.1286,66.6286,5.5431],[13.1229,66.6312,9.6926],[13.1172,66.6266,0.0],[13.1161,66.6234,24.4459],[13.0922,66.6182,0.0],[13.0901,66.613,0.0],[13.0938,66.6104,15.9892],[13.0922,66.6068,0.0],[13.0995,66.6036,43.2923],[13.0979,66.5979,0.0],[13.1016,66.5953,19.8379],[13.0984,66.5901,0.0],[13.1078,66.5891,25.4436],[13.1068,66.5839,53.9904],[13.1125,66.5813,36.1787],[13.1203,66.5839,0.0],[13.1255,66.5891,0.0],[13.1313,66.5896,4.1676]]],
[[[13.2729,66.6312,0.0],[13.2688,66.6312,0.0],[13.2672,66.6297,12.1091],[13.2771,66.6292,0.0],[13.2771,66.6312,0.0],[13.2729,66.6312,0.0]]],
[[[13.2776,66.6984,0.0],[13.2813,66.6979,0.0],[13.2828,66.6995,0.0],[13.2792,66.7,0.0],[13.2776,66.6984,0.0]]],
[[[13.6146,66.7,0.0],[13.6161,66.7016,0.0],[13.6109,66.7016,0.0],[13.6109,66.7005,0.0],[13.6146,66.7,0.0]]],
[[[12.9932,66.638,0.0],[12.9833,66.6375,8.8393],[12.9813,66.6354,0.0],[12.9833,66.6333,24.442],[12.9938,66.6333,0.0],[13.0016,66.6359,0.0],[13.0036,66.6391,29.3904],[12.9958,66.6396,0.0],[12.9932,66.638,0.0]]],
[[[12.9401,66.6557,0.7264],[12.9375,66.6542,0.0],[12.9292,66.6542,0.0],[12.9276,66.6526,0.0],[12.9458,66.6521,0.8576],[12.9495,66.6547,0.0],[12.9479,66.6563,1.1243],[12.9401,66.6557,0.7264]]],
[[[13.0083,66.6563,0.0],[12.988,66.6568,0.0],[12.9896,66.6625,1.4997],[12.9875,66.6646,0.0],[12.9828,66.6609,0.0],[12.9776,66.6599,0.0],[12.9807,66.6578,0.0],[12.9807,66.6547,11.1074],[12.9755,66.6536,28.3621],[12.9734,66.6505,0.0],[12.9792,66.6479,0.0],[13.0125,66.6479,0.0],[13.0167,66.65,13.8831],[13.0292,66.65,0.0],[13.0313,66.6521,0.0],[13.0292,66.6542,6.822],[13.0146,66.6542,9.3893],[13.0083,66.6563,0.0]]],
[[[13.0083,66.6667,0.0],[13.0026,66.6661,4.1761],[13.0005,66.663,5.1456],[13.0161,66.663,0.0],[13.012,66.6661,2.2816],[13.0083,66.6667,0.0]]],
[[[12.9312,66.6646,0.0],[12.9375,66.6646,0.0],[12.951599999999999,66.6693,0.0],[12.951599999999999,66.6724,0.0],[12.9458,66.675,0.0],[12.9292,66.675,0.2676],[12.9151,66.6703,2.6561],[12.9167,66.6687,0.0],[12.9245,66.6682,0.0],[12.9193,66.6651,1.3754],[12.9312,66.6646,0.0]]],
[[[12.9771,66.6708,0.0],[12.9786,66.6724,10.3285],[12.9693,66.6724,9.8252],[12.9708,66.6708,0.0],[12.9771,66.6708,0.0]]],
[[[13.0979,66.6875,0.0],[13.1021,66.6917,0.0],[13.1063,66.6896,0.0],[13.1099,66.6901,3.4087],[13.1109,66.6932,11.9982],[13.1161,66.6953,0.0],[13.1089,66.6984,0.0],[13.1099,66.7016,0.0],[13.1083,66.7021,0.0],[13.0958,66.7021,0.0],[13.0813,66.6979,7.4878],[13.0625,66.6979,0.0],[13.0589,66.6953,0.0],[13.0578,66.6922,11.3657],[13.0464,66.6891,0.0],[13.0443,66.687,0.0],[13.0443,66.6839,13.3565],[13.0516,66.6797,221.8775],[13.0375,66.6813,0.0],[13.0359,66.6797,0.0],[13.0391,66.6787,13.7348],[13.0391,66.6755,0.0],[13.0188,66.6729,0.0],[13.0172,66.6734,0.0],[13.0182,66.6766,6.2284],[13.0151,66.6776,6.1937],[13.014099999999999,66.6807,5.2231],[13.0083,66.6833,0.0],[13.0047,66.6807,3.6988],[13.0078,66.6776,1.877],[12.9979,66.6771,1.1386],[12.9901,66.6745,8.0931],[12.9896,66.6729,0.0],[12.9901,66.6713,0.0],[12.9958,66.6687,0.0],[13.0292,66.6687,7.9551],[13.0333,66.6708,0.0],[13.0396,66.6708,0.0],[13.0521,66.6646,0.0],[13.0583,66.6667,8.3154],[13.0682,66.6609,0.0],[13.0604,66.6604,48.3789],[13.0542,66.6625,14.9453],[13.0464,66.6589,0.0],[13.0578,66.6536,16.364],[13.0604,66.65,0.0],[13.0771,66.6563,2.779],[13.087,66.6568,0.0],[13.087,66.6599,6.5889],[13.0839,66.662,0.0],[13.0974,66.6672,0.0],[13.088,66.6703,17.0577],[13.0932,66.6713,0.0],[13.0995,66.6797,3.0246],[13.0995,66.6828,3.56],[13.0964,66.6839,6.123],[13.0979,66.6875,0.0]]],
[[[12.9797,66.6901,0.0],[12.9797,66.6932,0.5688],[12.9849,66.6953,6.4844],[12.9729,66.6979,0.0],[12.9589,66.6932,2.3286],[12.962,66.6911,0.0],[12.9604,66.6896,0.0],[12.9417,66.6896,0.0],[12.9375,66.6875,0.3213],[12.9312,66.6875,0.0],[12.9234,66.6849,5.1472],[12.9151,66.6797,-0.0824],[12.9396,66.6792,0.0],[12.9438,66.6813,2.4579],[12.95,66.6813,0.0],[12.951599999999999,66.6797,0.5628],[12.9464,66.6776,0.4702],[12.9646,66.6771,0.0],[12.9688,66.6792,0.2762],[12.9766,66.6797,0.0],[12.9828,66.688,0.0],[12.9797,66.6901,0.0]]],
[[[13.0188,66.7354,2.162],[13.0146,66.7354,8.2414],[13.0068,66.7318,5.5575],[13.0146,66.7312,-0.1861],[13.0224,66.7338,9.7048],[13.0188,66.7354,2.162]]],
[[[13.075,66.7396,-0.6779],[13.0734,66.738,1.0739],[13.076599999999999,66.738,0.0],[13.076599999999999,66.7391,0.2369],[13.075,66.7396,-0.6779]]],
[[[12.8526,66.763,13.3285],[12.8563,66.7625,1.338],[12.8578,66.7641,5.3374],[12.8542,66.7646,0.0],[12.8526,66.763,13.3285]]],
[[[13.0688,66.7625,0.0],[13.0771,66.7625,0.0],[13.0813,66.7604,0.0],[13.0849,66.7641,0.0],[13.0792,66.7667,5.939],[13.0729,66.7667,7.2294],[13.0651,66.7641,14.59],[13.0688,66.7625,0.0]]],
[[[13.1547,66.7432,19.8853],[13.1641,66.7443,0.0],[13.1661,66.7464,9.3304],[13.1661,66.7495,29.2703],[13.1604,66.7521,0.0],[13.1542,66.7521,0.0],[13.15,66.75,27.5856],[13.1438,66.7521,3.3896],[13.1422,66.7516,8.8727],[13.138,66.7422,10.4311],[13.1417,66.7417,0.0],[13.1458,66.7438,3.9983],[13.1521,66.7417,0.0],[13.1547,66.7432,19.8853]]],
[[[13.1464,66.7589,5.7068],[13.15,66.7583,1.3343],[13.1516,66.7599,33.6638],[13.1479,66.7604,1.4954],[13.1464,66.7589,5.7068]]],
[[[13.1167,66.7604,3.7903],[13.1109,66.7599,0.0],[13.1068,66.7547,0.0],[13.1208,66.7542,0.0],[13.1349,66.7589,0.0],[13.137,66.762,0.0],[13.1292,66.7646,0.0],[13.1167,66.7604,3.7903]]],
[[[13.3958,66.775,145.1516],[13.3917,66.7792,10.0363],[13.3797,66.7797,0.0],[13.3755,66.7818,4.3192],[13.3766,66.7849,0.0],[13.3708,66.7875,0.0],[13.3542,66.7875,0.0],[13.3443,66.7849,0.0],[13.3432,66.7818,0.0],[13.3396,66.7792,15.7862],[13.3271,66.7792,0.0],[13.3229,66.775,30.7319],[13.3089,66.7745,0.0],[13.3036,66.7693,35.7667],[13.2922,66.7662,32.5259],[13.2953,66.763,165.5992],[13.2813,66.7625,68.3876],[13.2667,66.7583,6.415],[13.2583,66.7583,0.0],[13.2536,66.7547,6.9121],[13.2484,66.7536,0.0],[13.2479,66.7521,2.965],[13.25,66.75,8.3097],[13.2563,66.7521,1.8392],[13.2604,66.75,9.3286],[13.2708,66.75,9.6447],[13.275,66.7479,0.0],[13.2792,66.75,10.615],[13.2875,66.75,0.0],[13.2917,66.7521,7.7283],[13.3042,66.7521,0.0],[13.3083,66.7542,26.0942],[13.3229,66.75,0.0],[13.3292,66.7521,33.4658],[13.3333,66.75,0.0],[13.3667,66.75,0.0],[13.3729,66.7521,49.3515],[13.3771,66.75,0.0],[13.3833,66.7542,0.0],[13.4104,66.7521,0.0],[13.4146,66.7542,17.4224],[13.4271,66.7542,0.0],[13.4313,66.7562,0.0],[13.45,66.7583,0.0],[13.4604,66.7625,40.6936],[13.4688,66.7625,0.0],[13.4786,66.7672,0.0],[13.475,66.7708,65.9457],[13.4766,66.7766,12.0816],[13.4604,66.7771,18.5933],[13.4563,66.7792,0.0],[13.4396,66.7792,0.0],[13.4333,66.7771,7.026],[13.4271,66.7792,0.0],[13.4229,66.7771,19.4114],[13.4151,66.7766,13.0792],[13.4167,66.775,58.168],[13.4286,66.7745,60.0284],[13.425,66.7708,321.4286],[13.3979,66.7708,489.9625],[13.3964,66.7714,414.638],[13.3974,66.7745,212.2326],[13.3958,66.775,145.1516]]],
[[[13.0979,66.7771,0.0],[13.0896,66.7771,0.0],[13.0859,66.7734,7.704],[13.1016,66.7734,0.0],[13.1016,66.7766,0.0],[13.0979,66.7771,0.0]]],
[[[13.1375,66.7792,11.0645],[13.1359,66.7776,0.0],[13.139099999999999,66.7776,1.831],[13.139099999999999,66.7786,0.4017],[13.1375,66.7792,11.0645]]],
[[[13.5078,66.7828,13.1555],[13.4818,66.7849,10.102],[13.4958,66.7771,23.5628],[13.5036,66.7776,0.0],[13.5078,66.7828,13.1555]]],
[[[13.1417,66.7854,1.1023],[13.1401,66.7839,0.0],[13.1432,66.7839,4.1487],[13.1432,66.7849,10.9698],[13.1417,66.7854,1.1023]]],
[[[13.1505,66.7859,1.9255],[13.1542,66.7854,0.0],[13.1557,66.787,6.5422],[13.1521,66.7875,0.0],[13.1505,66.7859,1.9255]]],
[[[13.1167,66.7875,8.7745],[13.1229,66.7875,12.1619],[13.1245,66.7891,0.0],[13.1167,66.7896,0.0],[13.1125,66.7917,21.2421],[13.1083,66.7896,0.0],[13.0984,66.7891,0.0],[13.1042,66.7854,0.0],[13.1104,66.7854,0.0],[13.1167,66.7875,8.7745]]],
[[[13.4625,66.7937,0.0],[13.4563,66.7917,48.4885],[13.4438,66.7958,8.0602],[13.4167,66.7958,0.0],[13.412,66.7922,10.3221],[13.4005,66.788,0.0],[13.4063,66.7854,0.0],[13.4167,66.7854,19.3842],[13.4208,66.7833,0.0],[13.4438,66.7833,0.0],[13.4604,66.7896,0.0],[13.4667,66.7875,0.0],[13.4745,66.7901,12.3098],[13.4729,66.7917,34.3473],[13.4625,66.7937,0.0]]],
[[[13.15,66.8,0.0],[13.1375,66.8,6.6857],[13.1359,66.7984,2.0417],[13.1516,66.7984,0.0],[13.15,66.8,0.0]]],
[[[13.2333,66.7979,0.0],[13.237,66.8016,0.0],[13.2339,66.8026,5.2723],[13.2349,66.8057,2.6553],[13.2318,66.8068,10.5622],[13.2292,66.8104,33.7619],[13.2167,66.8063,159.6058],[13.2063,66.8063,282.3911],[13.2021,66.8083,77.2648],[13.1958,66.8083,79.4477],[13.1911,66.8047,2.537],[13.1859,66.8037,0.0],[13.1943,66.7984,0.0],[13.2021,66.7979,2.3366],[13.2063,66.7958,0.0],[13.2333,66.7979,0.0]]],
[[[13.1042,66.8187,0.0],[13.1021,66.8208,3.1693],[13.0958,66.8208,0.0],[13.0938,66.8187,9.4147],[13.0958,66.8167,0.0],[13.1021,66.8167,0.0],[13.1042,66.8187,0.0]]],
[[[13.2849,66.8203,6.9511],[13.2917,66.8167,0.0],[13.2953,66.8193,0.0],[13.2854,66.825,0.0],[13.2792,66.825,0.0],[13.2755,66.8224,0.0],[13.2771,66.8208,5.8548],[13.2849,66.8203,6.9511]]],
[[[13.3292,66.8292,6.3781],[13.3229,66.8292,0.0],[13.3214,66.8276,13.9279],[13.3292,66.825,0.0],[13.3313,66.8271,0.0],[13.3292,66.8292,6.3781]]],
[[[13.5396,66.8417,177.6514],[13.5333,66.8438,44.2917],[13.5229,66.8438,119.3313],[13.5188,66.8458,108.2889],[13.5125,66.8458,171.6881],[13.5083,66.8438,278.5322],[13.4813,66.8438,46.9624],[13.4771,66.8458,14.4201],[13.4708,66.8458,21.1374],[13.4667,66.8438,67.3421],[13.4583,66.8438,16.179],[13.4542,66.8458,0.0],[13.4333,66.8458,0.0],[13.4318,66.8443,25.8497],[13.4349,66.8422,103.1114],[13.4313,66.8417,204.8097],[13.4229,66.8458,0.0],[13.4187,66.8438,41.9468],[13.4104,66.8438,0.0],[13.4,66.8396,6.2143],[13.3917,66.8396,0.0],[13.3875,66.8375,4.9398],[13.3813,66.8396,0.0],[13.3771,66.8375,0.0],[13.3646,66.8375,5.1105],[13.3599,66.8339,0.0],[13.3547,66.8328,0.0],[13.3536,66.8297,0.0],[13.338,66.8287,20.5678],[13.3422,66.8255,0.0],[13.3479,66.825,0.0],[13.3495,66.8234,3.5339],[13.3417,66.8229,5.8431],[13.3339,66.8193,3.8346],[13.3411,66.8182,0.0],[13.3396,66.8146,0.0],[13.3417,66.8125,5.4986],[13.375,66.8125,0.0],[13.3854,66.8167,10.4897],[13.4146,66.8167,0.0],[13.4187,66.8208,11.352],[13.4354,66.8187,0.0],[13.4396,66.8208,36.8551],[13.4583,66.8208,0.0],[13.4688,66.825,18.0346],[13.5146,66.825,0.0],[13.5188,66.8271,0.0],[13.5313,66.8271,0.0],[13.5354,66.8292,0.0],[13.5521,66.8292,0.0],[13.5568,66.8328,0.0],[13.5745,66.838,0.0],[13.5688,66.8417,0.0],[13.5521,66.8396,235.2147],[13.5479,66.8417,119.5181],[13.5396,66.8417,177.6514]]],
[[[13.2359,66.837,0.0],[13.2297,66.8339,8.7578],[13.2354,66.8313,0.0],[13.2396,66.8333,0.0],[13.2479,66.8333,4.1694],[13.2516,66.8359,8.7201],[13.2458,66.8396,3.5455],[13.2359,66.837,0.0]]],
[[[13.3359,66.8359,15.5268],[13.3396,66.8354,0.0],[13.3411,66.837,9.3148],[13.3375,66.8375,4.9739],[13.3359,66.8359,15.5268]]],
[[[13.3042,66.8375,0.0],[13.3057,66.8391,4.4223],[13.2964,66.8391,0.0],[13.2979,66.8375,10.1891],[13.3042,66.8375,0.0]]],
[[[13.3557,66.9016,0.0],[13.3521,66.9021,0.0],[13.3443,66.8984,0.0],[13.3521,66.8979,0.0],[13.3557,66.9016,0.0]]],
[[[13.363,66.9047,6.7933],[13.3667,66.9042,0.0],[13.3682,66.9057,2.1414],[13.3646,66.9063,0.0],[13.363,66.9047,6.7933]]],
[[[13.3568,66.9141,0.0],[13.3505,66.9109,0.0],[13.3563,66.9083,0.0],[13.3625,66.9083,0.0],[13.3667,66.9104,0.0],[13.375,66.9104,0.0],[13.3786,66.913,0.0],[13.3729,66.9167,2.4696],[13.3646,66.9167,0.0],[13.3568,66.9141,0.0]]],
[[[13.4646,66.9271,0.0],[13.4583,66.9292,4.9891],[13.4464,66.9297,0.0],[13.4484,66.9349,0.0],[13.4536,66.9359,0.0],[13.4521,66.9375,0.0],[13.4292,66.9375,0.0],[13.425,66.9354,12.0485],[13.4187,66.9354,0.0],[13.4141,66.9318,10.3545],[13.4089,66.9307,0.0],[13.4068,66.9255,0.0],[13.4125,66.9229,0.0],[13.425,66.9229,0.0],[13.4307,66.9245,0.0],[13.4292,66.9187,1.0005],[13.4328,66.9151,0.0],[13.4292,66.9146,0.0],[13.4229,66.9167,0.0],[13.4187,66.9146,0.0],[13.4125,66.9167,0.0],[13.4083,66.9146,0.0],[13.3958,66.9146,0.0],[13.3938,66.9125,0.0],[13.3974,66.9089,0.0],[13.3839,66.9057,0.0],[13.3828,66.9026,0.0],[13.3776,66.9016,0.0],[13.3693,66.8964,0.0],[13.3771,66.8938,0.0],[13.3813,66.8979,0.0],[13.4,66.8979,0.0],[13.4063,66.9,3.3642],[13.4104,66.8979,0.0],[13.4167,66.8979,0.0],[13.4229,66.9063,0.9107],[13.4417,66.9063,0.0],[13.4708,66.9167,4.0263],[13.4766,66.9172,0.0],[13.4786,66.9224,0.0],[13.4693,66.9234,0.0],[13.4703,66.9266,0.0],[13.4646,66.9271,0.0]]],
[[[12.2104,66.2521,7.2134],[12.2089,66.2516,0.0],[12.2089,66.2505,0.0],[12.212,66.2505,13.9519],[12.2104,66.2521,7.2134]]],
[[[12.3438,66.3646,331.0766],[12.3375,66.3646,359.2599],[12.3333,66.3625,582.5641],[12.3255,66.363,385.3628],[12.326599999999999,66.3662,201.5853],[12.3234,66.3682,40.0232],[12.3313,66.3708,30.9327],[12.3438,66.3708,19.8807],[12.3458,66.3729,1.8321],[12.3438,66.375,0.3277],[12.3333,66.375,1.5808],[12.3292,66.3729,19.9386],[12.3193,66.3724,0.0],[12.3161,66.3651,5.4324],[12.3109,66.363,0.0],[12.3141,66.362,9.438],[12.313,66.3568,46.8099],[12.3188,66.3542,0.0],[12.325,66.3562,2.115],[12.3292,66.3542,15.837],[12.3396,66.3542,11.7363],[12.3438,66.3521,4.5493],[12.35,66.3542,12.2387],[12.3542,66.3521,0.0],[12.3641,66.3568,0.0],[12.3661,66.362,0.0],[12.363,66.363,4.98],[12.363,66.3662,0.0],[12.3682,66.3682,5.6462],[12.3625,66.3708,4.0212],[12.3521,66.3708,0.0],[12.3484,66.3682,40.3325],[12.3516,66.3651,208.2338],[12.3438,66.3646,331.0766]]],
[[[12.3292,66.3771,0.0],[12.3276,66.3755,13.1113],[12.3307,66.3755,15.5786],[12.3307,66.3766,3.9347],[12.3292,66.3771,0.0]]],
[[[12.225,66.5437,6.2255],[12.2214,66.5422,0.0],[12.2245,66.5411,19.9432],[12.2234,66.538,0.0],[12.225,66.5375,0.0],[12.2479,66.5375,3.558],[12.2682,66.5453,3.1653],[12.2333,66.5458,0.0],[12.2292,66.5437,10.1973],[12.225,66.5437,6.2255]]],
[[[12.0443,66.4818,0.0],[12.0479,66.4812,0.0],[12.0495,66.4828,28.0799],[12.0458,66.4833,9.0223],[12.0443,66.4818,0.0]]],
[[[12.0339,66.4818,5.2693],[12.0375,66.4812,0.0],[12.0391,66.4828,0.0],[12.0354,66.4833,10.3914],[12.0339,66.4818,5.2693]]],
[[[12.1104,66.4938,2.238],[12.1042,66.4938,0.0],[12.1,66.4917,0.0],[12.0922,66.4922,1.5532],[12.0922,66.4953,0.0],[12.0943,66.4974,8.9294],[12.0995,66.4984,0.0],[12.1016,66.5057,0.7973],[12.0833,66.5062,8.4572],[12.0755,66.5036,0.0],[12.0724,66.4984,13.3222],[12.0672,66.4974,0.0],[12.0646,66.4917,6.5794],[12.0651,66.4901,0.0],[12.0708,66.4875,6.6778],[12.0771,66.4875,0.0],[12.0813,66.4896,25.2694],[12.0917,66.4896,0.0],[12.1021,66.4854,0.0],[12.1141,66.4859,0.0],[12.1167,66.4896,4.9332],[12.1161,66.4932,0.0],[12.1104,66.4938,2.238]]],
[[[12.05,66.4958,0.0],[12.0526,66.4995,26.3884],[12.0578,66.5005,0.0],[12.0661,66.5057,0.0],[12.0589,66.5089,0.0],[12.0578,66.512,0.4866],[12.0521,66.5146,4.3233],[12.0443,66.512,27.6081],[12.0474,66.5099,33.8464],[12.0458,66.5083,51.4571],[12.0375,66.5083,5.0435],[12.0333,66.5062,3.8643],[12.0047,66.5057,27.8163],[12.0104,66.5021,0.0],[12.0208,66.5021,0.0],[12.025,66.5042,6.4256],[12.0328,66.5036,0.0],[12.0307,66.4964,3.9115],[12.0255,66.4953,12.3549],[12.0234,66.4932,0.0],[12.025,66.4917,0.0],[12.0313,66.4917,15.7651],[12.0354,66.4938,22.9975],[12.0437,66.4938,0.0],[12.05,66.4958,0.0]]],
[[[12.1464,66.5193,0.0],[12.1604,66.5188,0.0],[12.1682,66.5214,0.0],[12.1688,66.5229,0.0],[12.1667,66.525,1.8286],[12.1563,66.525,0.0],[12.1521,66.5229,-0.6221],[12.138,66.5224,0.0],[12.1464,66.5193,0.0]]],
[[[12.1714,66.5391,4.4512],[12.1724,66.5432,0.4288],[12.1563,66.5479,0.0],[12.1484,66.5453,-0.0331],[12.1516,66.5432,4.6058],[12.1516,66.5401,15.7472],[12.1464,66.5391,17.3593],[12.1443,66.5359,0.0],[12.1521,66.5354,-0.0663],[12.1563,66.5333,13.3584],[12.1667,66.5333,4.4224],[12.1703,66.5359,0.4972],[12.1714,66.5391,4.4512]]],
[[[12.1109,66.5526,0.8096],[12.1146,66.5521,3.0679],[12.1161,66.5537,2.8524],[12.1125,66.5542,2.537],[12.1109,66.5526,0.8096]]],
[[[12.1286,66.5693,3.5358],[12.1276,66.5672,12.119],[12.1354,66.5646,0.0],[12.1396,66.5687,4.9473],[12.1375,66.5708,1.5671],[12.1313,66.5708,0.0],[12.1286,66.5693,3.5358]]],
[[[12.2458,66.5563,0.0],[12.2422,66.5557,0.0],[12.2422,66.5526,37.865],[12.2479,66.55,20.2905],[12.2583,66.55,22.716],[12.2682,66.5547,1.1489],[12.2667,66.5563,0.1894],[12.2458,66.5563,0.0]]],
[[[12.2464,66.5849,0.5006],[12.2474,66.587,0.388],[12.2417,66.5896,0.3184],[12.225,66.5917,0.0],[12.2172,66.5891,0.0],[12.2172,66.5859,0.0],[12.2286,66.5818,0.0],[12.2146,66.5813,0.0],[12.213,66.5797,0.2613],[12.2208,66.5792,11.1211],[12.225,66.5771,0.0],[12.2328,66.5797,12.3134],[12.2359,66.5828,0.0],[12.2438,66.5833,0.3508],[12.2464,66.5849,0.5006]]],
[[[12.2505,66.5932,1.43],[12.2516,66.5953,0.0],[12.2474,66.5974,0.0],[12.2396,66.5979,2.2466],[12.2354,66.6,0.0],[12.2313,66.5958,7.5407],[12.2318,66.5943,0.0],[12.2417,66.5917,0.0],[12.2479,66.5917,0.0],[12.2505,66.5932,1.43]]],
[[[12.038,66.1297,0.5926],[12.0354,66.1312,2.9147],[12.0318,66.1307,0.9548],[12.0359,66.1276,6.0229],[12.0411,66.1276,0.0],[12.038,66.1297,0.5926]]],
[[[12.0057,66.1526,0.0],[12.0078,66.1557,2.5076],[12.0026,66.1557,0.0],[12.0026,66.1526,4.7177],[12.0057,66.1526,0.0]]],
[[[11.9979,66.475,0.0],[12.0,66.4771,4.9287],[11.9979,66.4792,0.0],[11.9943,66.4755,11.8295],[11.9979,66.475,0.0]]],
[[[12.0729,66.4812,16.448],[12.0667,66.4812,0.0],[12.0651,66.4797,0.0],[12.0729,66.4771,0.0],[12.075,66.4792,0.0],[12.0729,66.4812,16.448]]],
[[[11.8979,66.0604,3.3329],[11.8964,66.0599,0.0],[11.8964,66.0589,3.138],[11.8995,66.0589,3.6276],[11.8979,66.0604,3.3329]]],
[[[11.8021,67.4063,0.0],[11.8005,67.4047,0.0],[11.8036,67.4047,0.0],[11.8036,67.4057,0.0],[11.8021,67.4063,0.0]]],
[[[11.8797,67.4255,19.8221],[11.8833,67.425,0.0],[11.8849,67.4266,0.0],[11.8813,67.4271,72.0649],[11.8797,67.4255,19.8221]]],
[[[11.8979,67.4354,0.0],[11.8964,67.4349,14.2765],[11.8964,67.4339,0.0],[11.8995,67.4339,0.0],[11.8979,67.4354,0.0]]],
[[[12.0563,66.5229,0.0],[12.0547,66.5214,0.0],[12.0578,66.5214,2.8889],[12.0578,66.5224,0.3015],[12.0563,66.5229,0.0]]],
[[[12.0437,66.5271,3.4594],[12.0375,66.5271,0.0],[12.0359,66.5255,4.2788],[12.0417,66.5229,7.6646],[12.0536,66.5234,1.6045],[12.0495,66.5266,0.0],[12.0437,66.5271,3.4594]]],
[[[12.0047,67.4807,0.0],[12.0026,67.4755,0.0],[12.0083,67.4729,0.0],[12.0167,67.4729,0.0],[12.0193,67.4766,4.5767],[12.0245,67.4776,0.0],[12.0328,67.4828,0.0],[12.0083,67.4833,14.7592],[12.0047,67.4807,0.0]]],
[[[12.0901,67.4964,0.833],[12.0938,67.4958,0.0],[12.0953,67.4974,0.0],[12.0917,67.4979,-0.1096],[12.0901,67.4964,0.833]]],
[[[11.8917,67.4375,49.5485],[11.8813,67.4375,34.7269],[11.8797,67.4359,0.0],[11.8953,67.4359,83.9924],[11.8917,67.4375,49.5485]]],
[[[11.9161,67.4474,0.0],[11.9104,67.45,13.815],[11.9068,67.4464,0.0],[11.9146,67.4458,0.0],[11.9161,67.4474,0.0]]],
[[[11.9271,67.4583,0.0],[11.9313,67.4563,0.0],[11.9375,67.4563,30.8226],[11.9417,67.4583,75.5787],[11.9479,67.4583,13.1272],[11.951599999999999,67.4609,0.0],[11.9536,67.4661,0.0],[11.9458,67.4688,0.0],[11.9417,67.4667,44.4875],[11.9339,67.4661,18.7937],[11.9292,67.4625,18.3166],[11.9193,67.462,0.0],[11.9234,67.4589,0.0],[11.9271,67.4583,0.0]]],
[[[12.0875,67.4979,0.0],[12.0891,67.4984,9.1899],[12.0891,67.4995,6.475],[12.0859,67.4995,0.0],[12.0875,67.4979,0.0]]],
[[[12.0688,67.5021,0.0],[12.0651,67.5016,0.0],[12.063,67.4995,0.0],[12.063,67.4964,0.0],[12.0771,67.4979,0.0],[12.0849,67.5005,0.0152],[12.0875,67.5042,0.0],[12.0854,67.5062,0.0],[12.0792,67.5062,1.1978],[12.076599999999999,67.5026,4.198],[12.0688,67.5021,0.0]]],
[[[12.0349,67.5078,0.0],[12.0271,67.5083,0.0],[12.0255,67.5068,0.0],[12.0333,67.5062,0.0],[12.0349,67.5078,0.0]]],
[[[12.1479,67.5083,0.0],[12.1495,67.5099,0.3726],[12.1464,67.5099,0.1798],[12.1464,67.5089,10.872],[12.1479,67.5083,0.0]]],
[[[12.1771,67.5125,0.0],[12.1734,67.5109,1.9451],[12.1792,67.5083,3.2381],[12.187,67.5089,19.1415],[12.1828,67.512,5.9704],[12.1771,67.5125,0.0]]],
[[[12.1026,67.5318,0.0],[12.0896,67.5354,0.6307],[12.0792,67.5313,0.0],[12.0734,67.5307,0.0],[12.0708,67.5271,0.0398],[12.0583,67.5271,0.0],[12.0521,67.5229,0.1412],[12.0458,67.525,0.0],[12.0422,67.5214,0.0],[12.0542,67.5167,0.1712],[12.0604,67.5229,0.0],[12.0667,67.5208,0.0],[12.0708,67.5229,0.0],[12.0833,67.5229,-2.0],[12.0849,67.5214,0.0718],[12.0755,67.5203,-2.0],[12.0724,67.5151,-1.0362],[12.0563,67.5146,0.0],[12.0542,67.5125,0.1027],[12.0547,67.5109,1.1994],[12.0604,67.5083,0.0],[12.0729,67.5125,-0.1538],[12.0833,67.5083,0.5379],[12.0875,67.5104,0.6155],[12.1104,67.5104,0.0],[12.1146,67.5125,-0.1679],[12.1188,67.5125,0.0],[12.1328,67.5172,0.0],[12.1339,67.5203,0.0],[12.1375,67.5229,0.0],[12.1453,67.5224,0.0],[12.1479,67.5188,0.0],[12.1526,67.5224,0.0],[12.1604,67.525,0.0],[12.1703,67.5255,0.4565],[12.1651,67.5276,0.0],[12.1661,67.5307,0.0],[12.1646,67.5313,0.0],[12.1521,67.5313,0.0],[12.1479,67.5292,-0.0556],[12.1146,67.5292,-0.2159],[12.1104,67.5313,-0.0811],[12.1026,67.5318,0.0]]],
[[[12.6229,66.6104,0.0],[12.6214,66.6088,5.7203],[12.6245,66.6088,9.906],[12.6245,66.6099,0.0],[12.6229,66.6104,0.0]]],
[[[12.725,66.6125,0.0],[12.7307,66.6099,7.4348],[12.7297,66.6068,2.0861],[12.7438,66.6062,0.0],[12.7453,66.6068,12.3676],[12.7479,66.6125,0.0],[12.7458,66.6146,0.0],[12.7234,66.6141,6.8504],[12.725,66.6125,0.0]]],
[[[12.6505,66.6141,2.0972],[12.6604,66.6104,12.1678],[12.6641,66.6109,14.6295],[12.6646,66.6125,5.7317],[12.6625,66.6146,0.0],[12.6505,66.6141,2.0972]]],
[[[12.6807,66.6162,6.4346],[12.675,66.6188,0.0],[12.663,66.6193,0.0],[12.6641,66.6224,0.0],[12.6625,66.6229,0.0],[12.65,66.6229,15.2263],[12.6479,66.6208,6.4729],[12.6484,66.6193,0.0],[12.6542,66.6167,0.0],[12.6688,66.6167,0.1701],[12.6771,66.6125,1.448],[12.6807,66.613,4.4046],[12.6807,66.6162,6.4346]]],
[[[12.6333,66.6188,0.0],[12.6318,66.6172,3.3288],[12.6349,66.6172,5.3524],[12.6349,66.6182,4.2501],[12.6333,66.6188,0.0]]],
[[[12.7458,66.6229,26.7749],[12.7396,66.6229,32.0607],[12.738,66.6214,0.0],[12.7438,66.6188,0.0],[12.7474,66.6214,3.6019],[12.7458,66.6229,26.7749]]],
[[[12.7276,66.6234,3.8893],[12.7313,66.6229,0.0],[12.7328,66.6245,12.7217],[12.7292,66.625,5.2164],[12.7276,66.6234,3.8893]]],
[[[12.6583,66.6438,0.0],[12.6604,66.6458,0.0],[12.6583,66.6479,5.3099],[12.6547,66.6443,0.0],[12.6583,66.6438,0.0]]],
[[[12.538,66.6641,1.7149],[12.5411,66.662,8.6368],[12.5422,66.6589,0.0],[12.5479,66.6563,23.0082],[12.562,66.6609,0.0],[12.5661,66.6682,2.6838],[12.5625,66.6687,2.9485],[12.5583,66.6667,0.0],[12.5417,66.6667,7.7191],[12.538,66.6641,1.7149]]],
[[[12.6099,66.7651,0.9353],[12.6083,66.7667,12.2366],[12.6021,66.7667,0.0],[12.6,66.7646,0.0],[12.6021,66.7625,22.7674],[12.6099,66.7651,0.9353]]],
[[[12.7542,66.7979,35.2175],[12.7521,66.8,0.0],[12.7443,66.7963,0.0],[12.7521,66.7958,0.0],[12.7542,66.7979,35.2175]]],
[[[12.7297,66.8005,4.0888],[12.7333,66.8,8.185],[12.7349,66.8016,0.7716],[12.7313,66.8021,0.0],[12.7297,66.8005,4.0888]]],
[[[12.4896,66.7521,0.0],[12.4932,66.7526,0.0],[12.4953,66.7547,4.132],[12.488,66.7589,0.0],[12.4932,66.762,0.0],[12.4901,66.763,0.0],[12.4891,66.7662,7.8799],[12.4833,66.7688,0.0],[12.4693,66.7662,8.4451],[12.4672,66.763,0.0],[12.4703,66.762,0.0],[12.4703,66.7589,0.0],[12.4563,66.7604,0.0],[12.4526,66.7557,0.0],[12.4542,66.7542,0.0],[12.4708,66.7542,0.0],[12.475,66.7562,0.0],[12.4813,66.7562,0.0],[12.4839,66.7526,0.0],[12.4896,66.7521,0.0]]],
[[[12.4505,66.7714,0.0],[12.4542,66.7708,0.6547],[12.4557,66.7724,1.4122],[12.4521,66.7729,0.0],[12.4505,66.7714,0.0]]],
[[[12.538,67.5005,0.0],[12.5417,67.5,0.0],[12.5432,67.5016,0.0],[12.5396,67.5021,0.0],[12.538,67.5005,0.0]]],
[[[13.0568,66.788,4.1363],[13.0604,66.7875,1.2422],[13.062,66.7891,0.0],[13.0583,66.7896,2.5414],[13.0568,66.788,4.1363]]],
[[[13.0708,66.8021,0.0],[13.0672,66.7984,7.1563],[13.0703,66.7974,0.0],[13.0729,66.7937,0.0],[13.0776,66.7974,0.4589],[13.087,66.7984,0.0],[13.0911,66.8057,3.8356],[13.0833,66.8063,12.3242],[13.0786,66.8026,0.0],[13.0708,66.8021,0.0]]],
[[[13.0125,67.9417,585.8047],[12.9938,67.9417,250.1976],[12.988,67.9432,4.6556],[12.9859,67.9411,8.324],[12.9859,67.938,122.683],[13.0042,67.9375,187.0],[13.0057,67.937,187.0],[13.0047,67.9339,187.0],[13.0078,67.9328,266.2745],[12.9938,67.9271,187.0],[12.9797,67.9276,215.4481],[12.987,67.9318,187.0],[12.9813,67.9354,261.8357],[12.975,67.9354,355.2386],[12.9708,67.9375,430.3423],[12.9542,67.9375,494.7032],[12.9458,67.9417,792.6579],[12.9271,67.9417,621.9766],[12.9193,67.9391,470.8451],[12.9146,67.9354,683.4534],[12.8979,67.9375,61.6673],[12.8938,67.9354,75.1374],[12.8839,67.9349,0.0],[12.8896,67.9313,0.0],[12.8974,67.9307,25.2093],[12.8964,67.9276,7.2177],[12.8995,67.9266,81.6869],[12.9005,67.9234,10.4989],[12.9125,67.9229,810.0652],[12.9141,67.9213,634.4319],[12.9089,67.9203,622.7103],[12.9057,67.9151,705.875],[12.8984,67.9141,497.6408],[12.8958,67.9104,715.3817],[12.8896,67.9125,376.2257],[12.8854,67.9104,526.5728],[12.8792,67.9125,195.072],[12.8714,67.912,28.1457],[12.8745,67.9089,139.7597],[12.8568,67.9057,0.0],[12.8547,67.9026,0.0],[12.8578,67.9005,79.702],[12.8479,67.9,36.1169],[12.8464,67.8984,0.0],[12.8557,67.8974,6.1922],[12.8667,67.8917,92.6423],[12.8729,67.8938,9.5],[12.8854,67.8938,9.5],[12.887,67.8932,9.5],[12.8859,67.8901,61.9281],[12.8938,67.8896,113.5658],[12.8995,67.8859,344.2294],[12.888,67.8849,343.1893],[12.8854,67.8812,477.7295],[12.8667,67.8833,410.3998],[12.8625,67.8812,362.5039],[12.8526,67.8807,55.1156],[12.8505,67.8755,0.0],[12.8661,67.8745,214.3988],[12.863,67.8693,22.6971],[12.8724,67.8682,257.4628],[12.8625,67.8625,451.9193],[12.8583,67.8646,100.5436],[12.8547,67.8641,93.7352],[12.8547,67.8609,52.9379],[12.862,67.8568,380.0419],[12.8417,67.8562,56.4818],[12.838,67.8536,11.1939],[12.8438,67.85,17.2242],[12.862,67.8495,382.0073],[12.8568,67.8474,315.9163],[12.8536,67.8422,531.5008],[12.8458,67.8396,576.7394],[12.8396,67.8417,514.6589],[12.8333,67.8396,310.3166],[12.8167,67.8396,191.2584],[12.8125,67.8417,136.5263],[12.8063,67.8417,29.821],[12.7964,67.838,0.0],[12.7995,67.837,0.0],[12.8021,67.8333,0.0],[12.8083,67.8354,1.5292],[12.8161,67.8349,0.0],[12.8141,67.8318,0.0],[12.8089,67.8307,7.2471],[12.8083,67.8292,12.4666],[12.8089,67.8276,0.0647],[12.8146,67.825,6.4524],[12.8333,67.8271,0.0],[12.8375,67.8292,17.8477],[12.8438,67.8292,52.1531],[12.8479,67.8271,27.1098],[12.8667,67.8271,0.0],[12.8745,67.8297,0.0],[12.8797,67.8391,0.0],[12.8911,67.8401,0.0],[12.888,67.8422,7.3057],[12.888,67.8453,0.0],[12.9016,67.8484,0.0],[12.9042,67.8542,3.2004],[12.9005,67.8568,4.1004],[12.9016,67.8599,0.0],[12.8984,67.862,0.0],[12.925,67.8625,0.0],[12.9312,67.8708,67.0746],[12.9396,67.8708,0.0],[12.9438,67.8729,0.0],[12.9583,67.8729,0.0],[12.9646,67.8792,87.3081],[12.9688,67.8771,0.0],[12.9813,67.8771,2.9685],[12.9896,67.8833,0.0],[13.0036,67.8839,0.0],[13.0005,67.8859,0.0],[13.0021,67.8875,0.0],[13.0146,67.8875,2.6592],[13.0161,67.887,0.0],[13.0151,67.8839,3.4114],[13.0167,67.8833,1.0409],[13.0292,67.8833,9.6635],[13.0391,67.8859,0.0],[13.0391,67.8891,0.0],[13.0359,67.8901,4.3269],[13.037,67.8953,0.0],[13.0297,67.8995,0.0],[13.0396,67.9,0.0],[13.0458,67.9021,17.8427],[13.0474,67.9016,31.0662],[13.0464,67.8984,3.6277],[13.05,67.8979,0.0],[13.0578,67.9005,0.0],[13.0578,67.9036,6.4987],[13.0547,67.9047,0.0],[13.0568,67.9078,0.0],[13.0724,67.9089,0.0],[13.0745,67.9109,0.0],[13.0714,67.913,17.997],[13.0729,67.9146,0.0],[13.0807,67.913,0.0],[13.0833,67.9167,0.9761],[13.0797,67.9193,65.7149],[13.0818,67.9245,12.8583],[13.0854,67.9271,2.9694],[13.0932,67.9255,2.4956],[13.0958,67.9292,0.0],[13.0922,67.9318,9.2531],[13.0932,67.9349,0.5132],[13.0896,67.9354,6.1981],[13.0854,67.9313,0.0],[13.0583,67.9271,565.8566],[13.0484,67.9328,564.4477],[13.0521,67.9354,224.9646],[13.0583,67.9354,90.9869],[13.0625,67.9333,65.7618],[13.075,67.9333,10.5501],[13.076599999999999,67.9339,0.0],[13.0786,67.9391,0.0],[13.0646,67.9396,0.0],[13.0604,67.9375,292.6941],[13.0458,67.9375,533.5152],[13.0417,67.9354,658.5441],[13.0375,67.9375,556.505],[13.0208,67.9375,563.5999],[13.0182,67.9411,409.4394],[13.0125,67.9417,585.8047]]],
[[[12.8604,67.8875,169.3931],[12.862,67.8891,199.0441],[12.8526,67.8891,131.1659],[12.8542,67.8875,0.0],[12.8604,67.8875,169.3931]]],
[[[13.6021,67.0396,0.0],[13.6016,67.038,5.5757],[13.5964,67.037,0.0],[13.5943,67.0349,0.0],[13.5943,67.0318,0.0],[13.6036,67.0339,0.0],[13.6083,67.0375,3.8479],[13.6167,67.0375,0.0],[13.6245,67.0401,0.0],[13.6271,67.0458,6.4641],[13.625,67.0479,0.0],[13.6172,67.0453,0.0],[13.6141,67.0422,4.9441],[13.6042,67.0417,0.0],[13.6021,67.0396,0.0]]],
[[[13.5859,67.0484,0.0],[13.5896,67.0479,0.0],[13.5911,67.0495,8.9555],[13.5875,67.05,0.0],[13.5859,67.0484,0.0]]],
[[[13.613,67.0568,2.0382],[13.6167,67.0563,0.0],[13.6182,67.0578,2.9888],[13.6146,67.0583,0.0],[13.613,67.0568,2.0382]]],
[[[13.1125,67.9417,5.2747],[13.1089,67.9411,12.5111],[13.1068,67.938,0.0],[13.1125,67.9354,0.0],[13.1161,67.9359,0.0],[13.1182,67.938,9.092],[13.1182,67.9411,4.1473],[13.1125,67.9417,5.2747]]],
[[[13.087,67.9422,5.4671],[13.0818,67.9401,30.4258],[13.0875,67.9375,0.0],[13.0938,67.9375,0.0],[13.1016,67.9401,0.0],[13.1036,67.9432,0.0],[13.0896,67.9437,20.9987],[13.087,67.9422,5.4671]]],
[[[13.2292,67.9917,3.4639],[13.2391,67.9943,0.0],[13.2339,67.9974,53.429],[13.2391,68.0057,0.0],[13.2312,68.0083,13.3436],[13.2276,68.0057,0.0],[13.2214,67.9922,0.0],[13.2292,67.9917,3.4639]]],
[[[13.1036,68.0234,0.9152],[13.0943,68.0224,0.0],[13.0922,68.0193,0.0],[13.1,68.0188,31.1319],[13.1161,68.0245,148.378],[13.1063,68.025,0.0],[13.1036,68.0234,0.9152]]],
[[[13.5458,68.0479,0.0],[13.5474,68.0495,0.0],[13.538,68.0495,5.876],[13.5396,68.0479,9.069],[13.5458,68.0479,0.0]]],
[[[12.9172,67.9745,0.2035],[12.9172,67.9734,7.0841],[12.9203,67.9734,79.1964],[12.9203,67.9745,60.5798],[12.9172,67.9745,0.2035]]],
[[[13.1839,67.9755,63.8027],[13.1849,67.9786,28.5047],[13.1792,67.9812,52.2683],[13.1667,67.9812,470.7889],[13.1604,67.9833,599.8602],[13.1563,67.9812,581.1364],[13.1438,67.9812,389.705],[13.1375,67.9792,404.7127],[13.1359,67.9797,335.5356],[13.137,67.9828,180.7912],[13.1339,67.9838,207.521],[13.1339,67.987,225.1054],[13.1375,67.9896,129.4907],[13.1479,67.9854,193.0212],[13.1542,67.9854,367.8576],[13.162,67.988,264.9334],[13.1589,67.9912,241.8273],[13.1724,67.9943,0.0],[13.1734,67.9974,0.0],[13.1849,67.9984,0.0],[13.1776,68.0026,0.0],[13.1766,68.0057,16.742],[13.1693,68.0089,5.2208],[13.1714,68.0141,9.2275],[13.1786,68.0151,0.0],[13.1792,68.0167,0.0],[13.1745,68.0203,8.4126],[13.1651,68.0214,3.7322],[13.1703,68.0307,0.0],[13.1651,68.0318,6.0016],[13.1661,68.0349,5.983],[13.163,68.037,27.3334],[13.1724,68.037,0.0],[13.1734,68.0339,0.0],[13.1766,68.0328,0.0],[13.1755,68.0276,0.0],[13.1828,68.0245,0.0],[13.1818,68.0193,7.3695],[13.1875,68.0167,0.7781],[13.1917,68.0188,10.521],[13.1953,68.0182,0.0],[13.1943,68.013,8.6462],[13.201599999999999,68.0078,22.7355],[13.2005,68.0047,5.1685],[13.2146,68.0042,16.0757],[13.2182,68.0068,7.0491],[13.2193,68.0099,10.8042],[13.2245,68.0109,0.0],[13.2266,68.013,0.0],[13.2234,68.0162,40.4491],[13.2266,68.0224,10.9113],[13.2208,68.025,49.4502],[13.2146,68.025,390.951],[13.213,68.0266,214.6121],[13.2229,68.0271,37.1316],[13.2307,68.0297,15.7205],[13.2339,68.0349,106.787],[13.2391,68.0359,0.0],[13.2359,68.0391,62.2415],[13.2411,68.0474,0.0],[13.2359,68.0484,8.069],[13.237,68.0516,0.0],[13.2333,68.0542,0.0],[13.2354,68.0563,0.0],[13.2453,68.0557,0.0],[13.2443,68.0526,0.0],[13.2479,68.05,0.0],[13.2464,68.0463,0.0],[13.2599,68.0411,0.0],[13.2563,68.0354,0.0],[13.2599,68.0328,6.2602],[13.2589,68.0276,0.0],[13.262,68.0266,0.0],[13.2583,68.0188,0.0],[13.262,68.0151,8.045],[13.2563,68.0146,0.0],[13.2547,68.013,0.0],[13.262,68.0078,9.1741],[13.2609,68.0026,1.8323],[13.2667,68.0,0.0],[13.2854,68.0021,7.6458],[13.3141,68.0109,10.4146],[13.3172,68.0141,0.0],[13.3224,68.0151,0.0],[13.3255,68.0203,16.0882],[13.3307,68.0214,15.6977],[13.3375,68.0271,25.1471],[13.3578,68.0276,2.8249],[13.3563,68.0292,3.225],[13.3484,68.0297,8.1996],[13.3505,68.0349,7.9205],[13.3542,68.0375,0.0],[13.362,68.037,231.0836],[13.363,68.0339,79.0682],[13.3661,68.0328,93.5152],[13.3651,68.0297,26.143],[13.3667,68.0292,27.1105],[13.387,68.0297,0.0],[13.3974,68.0484,15.4126],[13.3938,68.0521,51.5596],[13.3974,68.0568,9.7522],[13.3943,68.0589,45.413],[13.3943,68.062,7.059],[13.4036,68.0672,0.0],[13.4036,68.0703,25.7344],[13.4005,68.0724,123.8935],[13.4057,68.0734,41.5786],[13.4089,68.0766,65.1632],[13.4141,68.0776,27.9523],[13.4161,68.0797,3.5291],[13.4224,68.0911,0.0],[13.4125,68.0917,226.9934],[13.4083,68.0896,269.954],[13.4,68.0896,216.9474],[13.3958,68.0875,334.9071],[13.3792,68.0875,366.5103],[13.3776,68.0891,319.5921],[13.3875,68.0896,199.5661],[13.3917,68.0917,62.263],[13.4042,68.0917,174.4436],[13.4104,68.0958,24.6016],[13.4146,68.0938,38.1927],[13.4182,68.0943,16.0128],[13.4203,68.0974,0.0],[13.4167,68.1,0.0],[13.4193,68.1057,11.1882],[13.4266,68.1068,0.0],[13.4234,68.1099,28.2255],[13.4286,68.1109,0.0],[13.4318,68.1162,0.0],[13.437,68.1172,0.0],[13.4391,68.1193,0.0],[13.4432,68.1266,0.0],[13.438,68.1286,28.548],[13.4422,68.1328,5.2482],[13.4599,68.138,0.0],[13.4568,68.1401,0.0],[13.4578,68.1453,0.0],[13.4417,68.15,0.0],[13.4375,68.1479,134.8059],[13.4187,68.1479,497.8011],[13.4141,68.1443,714.6334],[13.4104,68.1438,658.4591],[13.4005,68.1464,369.2205],[13.4,68.1479,252.141],[13.4005,68.1495,147.6717],[13.4057,68.1505,127.6103],[13.4089,68.1536,37.5151],[13.4141,68.1547,15.9091],[13.4083,68.1583,0.0],[13.3917,68.1583,388.9775],[13.3849,68.162,315.1855],[13.3771,68.1625,197.4423],[13.3688,68.1667,0.0],[13.3625,68.1646,6.0088],[13.3583,68.1667,0.0],[13.3214,68.1682,0.0],[13.3109,68.1495,0.0],[13.3109,68.1464,0.0],[13.3141,68.1443,0.0],[13.3089,68.1359,15.0958],[13.3333,68.1354,242.1274],[13.3391,68.1318,482.8426],[13.3313,68.1312,455.3646],[13.325,68.1333,285.0946],[13.3208,68.1312,380.686],[13.3146,68.1333,157.2607],[13.3104,68.1312,348.8366],[13.3005,68.1307,118.045],[13.2984,68.1276,0.0],[13.3286,68.1224,3.3762],[13.337,68.1182,0.0],[13.3359,68.1151,0.0],[13.3396,68.1125,0.0],[13.338,68.1088,0.0],[13.3417,68.1062,0.0],[13.3401,68.1026,0.0],[13.3583,68.1021,257.093],[13.3641,68.0984,429.9324],[13.35,68.0979,493.2536],[13.3458,68.1,128.7054],[13.338,68.0995,0.0],[13.3333,68.0917,0.0],[13.337,68.0891,0.0],[13.3354,68.0854,0.0],[13.3391,68.0818,0.0],[13.3313,68.0792,0.0],[13.3104,68.0792,0.0],[13.3083,68.0771,14.222],[13.312,68.0745,128.3042],[13.3104,68.0729,251.4925],[13.2958,68.0729,389.3383],[13.2917,68.0708,414.9294],[13.2729,68.0708,632.5152],[13.2714,68.0724,612.3306],[13.2813,68.075,218.0554],[13.2896,68.075,131.1601],[13.2974,68.0776,14.1816],[13.3005,68.0828,0.0],[13.3141,68.088,0.0],[13.3193,68.0974,4.4327],[13.326599999999999,68.0984,0.0],[13.3286,68.1036,0.0],[13.3208,68.1042,4.5782],[13.3141,68.1078,0.0],[13.3062,68.1083,4.7743],[13.3021,68.1104,0.0],[13.2833,68.1042,1.4232],[13.2708,68.1042,3.4525],[13.2646,68.1062,0.0],[13.2604,68.1042,14.6749],[13.2542,68.1042,5.2854],[13.2479,68.1062,0.0],[13.2438,68.1042,0.0],[13.2375,68.1062,0.0],[13.2339,68.1036,0.0],[13.2339,68.1005,0.0],[13.2411,68.0995,0.0],[13.2411,68.0964,0.0],[13.2333,68.0938,0.0],[13.225,68.0958,0.0],[13.2109,68.0911,0.0],[13.2125,68.0896,0.0],[13.2245,68.0891,1.522],[13.2255,68.0859,0.0],[13.2286,68.0849,0.0],[13.2266,68.0797,0.0],[13.213,68.0766,0.0],[13.213,68.0734,46.62],[13.2161,68.0714,166.0368],[13.2109,68.0714,358.884],[13.2,68.0771,0.0],[13.1901,68.0745,0.0],[13.1974,68.0693,6.0513],[13.1813,68.0687,2.4746],[13.1797,68.0672,0.0],[13.1953,68.0661,24.4644],[13.1932,68.0609,33.5311],[13.1896,68.0583,112.8227],[13.1797,68.0578,0.0],[13.1828,68.0547,0.0],[13.1776,68.0537,0.0],[13.1745,68.0484,0.0],[13.1359,68.037,0.0],[13.139099999999999,68.0339,100.7975],[13.137,68.0318,218.4241],[13.1318,68.0307,194.5635],[13.1276,68.0234,419.3292],[13.1354,68.0229,414.1018],[13.137,68.0214,304.4217],[13.1208,68.0208,469.991],[13.1042,68.0146,459.4666],[13.0958,68.0146,285.826],[13.0917,68.0125,401.3884],[13.0854,68.0125,455.9434],[13.0776,68.0151,78.4093],[13.0797,68.0182,6.2358],[13.0849,68.0203,0.0],[13.076599999999999,68.0245,191.1364],[13.0583,68.025,247.5269],[13.0568,68.0255,191.8022],[13.0578,68.0286,34.8266],[13.0526,68.0307,4.8702],[13.0583,68.0354,0.0],[13.0708,68.0354,4.0835],[13.075,68.0333,0.0],[13.0917,68.0333,0.0],[13.0958,68.0375,0.0],[13.0922,68.0411,12.1776],[13.1021,68.0437,5.4284],[13.113,68.038,0.7953],[13.1182,68.038,1.302],[13.1151,68.0411,0.0],[13.1203,68.0432,0.0],[13.1172,68.0453,0.0],[13.1333,68.05,6.772],[13.1521,68.0521,0.0],[13.1568,68.0557,0.0],[13.1682,68.0589,0.0],[13.1651,68.0609,5.8247],[13.1661,68.0641,0.0],[13.1604,68.0667,14.9228],[13.1542,68.0667,32.5941],[13.15,68.0646,1.979],[13.1401,68.0641,0.0],[13.1328,68.0547,4.261],[13.1255,68.0568,0.0],[13.1276,68.0641,0.0],[13.1297,68.0661,0.0],[13.1349,68.0672,0.0],[13.138,68.0724,0.0],[13.1458,68.075,35.5638],[13.1604,68.075,0.0],[13.1641,68.0776,0.0],[13.1651,68.0807,0.0],[13.1729,68.0833,0.0],[13.1979,68.0833,0.0],[13.201599999999999,68.087,0.0],[13.1943,68.0901,0.0],[13.1953,68.0953,0.0],[13.1922,68.0964,0.2485],[13.1911,68.0995,0.9556],[13.1854,68.1021,0.0],[13.1729,68.1021,0.0],[13.1688,68.1,0.0],[13.1563,68.1,1.1226],[13.1521,68.0979,0.0],[13.1422,68.0984,0.0],[13.138,68.1005,0.0],[13.1432,68.1026,0.0],[13.1401,68.1047,0.0],[13.1411,68.1099,19.6131],[13.1354,68.1125,28.7206],[13.1313,68.1104,225.5338],[13.1104,68.1104,0.0],[13.1063,68.1083,0.0],[13.0979,68.1083,14.3518],[13.0875,68.1042,491.5258],[13.0776,68.1036,222.6167],[13.0755,68.0984,0.0],[13.087,68.0932,33.4062],[13.0854,68.0875,29.4236],[13.0891,68.0849,21.2007],[13.088,68.0818,0.0],[13.0974,68.0807,109.9633],[13.0964,68.0776,0.0],[13.1057,68.0766,90.97],[13.1057,68.0734,373.2476],[13.0667,68.0729,206.3479],[13.0625,68.0708,470.892],[13.0583,68.0729,461.144],[13.05,68.0729,98.4213],[13.0484,68.0724,44.6978],[13.0453,68.0651,157.8306],[13.0396,68.0646,0.0],[13.038,68.063,20.0749],[13.062,68.0557,461.8253],[13.0578,68.0505,443.6085],[13.05,68.0521,653.3949],[13.0438,68.05,734.8799],[13.037,68.0537,592.8179],[13.0292,68.0542,623.989],[13.0208,68.0583,72.3718],[13.0172,68.0547,0.0],[13.0203,68.0537,40.597],[13.0214,68.0505,78.2137],[13.0245,68.0484,327.2434],[13.0172,68.0443,74.5694],[13.025,68.0437,329.0844],[13.0307,68.0401,423.4995],[13.0208,68.0396,416.3553],[13.0167,68.0375,792.6016],[13.0104,68.0375,714.8493],[13.0042,68.0396,369.167],[12.9938,68.0354,339.7523],[12.9839,68.0349,0.0],[12.987,68.0318,0.0],[12.9828,68.0234,84.3316],[12.9813,68.0229,223.338],[12.9729,68.0229,359.6563],[12.9714,68.0234,438.1631],[12.9724,68.0266,60.295],[12.9667,68.0292,52.2537],[12.9631,68.0287,229.4593],[12.9609,68.0234,0.0],[12.9766,68.0162,376.4519],[12.9766,68.013,467.5142],[12.9667,68.0125,340.5731],[12.962,68.0089,139.47],[12.9521,68.0083,10.1947],[12.9505,68.0068,0.0],[12.9557,68.0057,20.6876],[12.9766,67.9953,440.6927],[12.9771,67.9938,511.4434],[12.975,67.9917,706.0115],[12.9688,67.9938,465.3715],[12.9609,67.9932,232.0704],[12.9568,67.988,0.0],[12.962,67.987,0.0],[12.9661,67.9838,8.1735],[12.9641,67.9818,0.0],[12.9526,67.9776,19.8394],[12.9641,67.9724,134.0405],[12.963,67.9693,223.7907],[12.9708,67.9688,197.3231],[12.9724,67.9672,231.5978],[12.9458,67.9646,676.9747],[12.9443,67.9661,618.4504],[12.95,67.9667,416.7421],[12.9578,67.9703,222.4853],[12.9521,67.9729,371.702],[12.9458,67.9708,601.4608],[12.9396,67.9708,780.123],[12.9354,67.9729,789.1565],[12.9271,67.9729,458.6856],[12.9208,67.9667,532.2173],[12.9167,67.9708,94.1571],[12.9089,67.9703,0.0],[12.912,67.9672,125.9424],[12.9068,67.9651,0.0],[12.9099,67.9641,12.8412],[12.9089,67.9609,0.0],[12.9146,67.9583,3.2138],[12.9229,67.9604,58.1444],[12.9271,67.9583,23.1162],[12.9333,67.9604,128.9239],[12.9479,67.9563,88.5548],[12.9646,67.9563,163.3699],[12.9703,67.9526,543.7606],[12.9667,67.95,754.0656],[12.9479,67.95,658.0102],[12.9438,67.9479,693.4708],[12.9312,67.9479,772.9769],[12.9271,67.95,636.5134],[12.9104,67.95,84.4716],[12.9068,67.9464,0.0],[12.9521,67.9458,358.2301],[12.9536,67.9443,396.6759],[12.9484,67.9422,483.3358],[12.9729,67.9396,273.7089],[12.9797,67.9474,21.7834],[12.9891,67.9484,0.0],[12.9943,67.9537,0.0],[13.0083,67.9583,0.0],[13.0286,67.9589,0.0],[13.0271,67.9604,0.0],[13.0193,67.9609,102.9398],[13.0224,67.9661,43.5004],[13.0193,67.9672,70.6014],[13.0182,67.9703,96.7033],[13.0099,67.9745,215.4834],[12.9901,67.9776,422.669],[12.9938,67.9812,151.517],[13.0078,67.9818,1.3282],[13.0146,67.9896,0.0],[13.0266,67.9849,27.9214],[13.0255,67.9818,0.0],[13.0349,67.9786,0.0],[13.0339,67.9755,0.0],[13.0411,67.9724,0.0],[13.0401,67.9672,0.0],[13.0432,67.9661,0.0],[13.0443,67.963,0.0],[13.0516,67.9599,25.1968],[13.0505,67.9568,0.0],[13.0708,67.95,0.0],[13.0792,67.9521,119.4035],[13.0833,67.95,0.0],[13.0932,67.9526,0.0],[13.0953,67.9578,0.0],[13.0917,67.9604,26.357],[13.0943,67.9661,6.5629],[13.1083,67.9667,0.0],[13.1109,67.963,0.0],[13.1141,67.962,0.0],[13.1125,67.9583,0.0],[13.1161,67.9557,0.0],[13.1151,67.9526,0.0],[13.1292,67.9521,22.1375],[13.1375,67.9479,0.0],[13.1422,67.9516,0.8702],[13.1474,67.9526,0.0],[13.1505,67.9578,0.0],[13.1703,67.963,0.0],[13.1734,67.9682,17.6544],[13.187,67.9734,0.0],[13.1839,67.9755,63.8027]]],
[[[13.0833,68.1062,380.0874],[13.0849,68.1078,246.3105],[13.0755,68.1078,10.1622],[13.0771,68.1062,52.7728],[13.0833,68.1062,380.0874]]],
[[[12.7188,67.6896,0.8137],[12.7266,67.6932,2.3755],[12.7208,67.6958,0.0],[12.7146,67.6937,4.9544],[12.7083,67.6958,0.0],[12.7042,67.6937,10.1722],[12.6854,67.6937,0.0],[12.6625,67.6875,0.0],[12.6563,67.6875,0.0],[12.6526,67.6849,0.0],[12.6516,67.6818,66.351],[12.6318,67.6766,0.0],[12.6286,67.6734,0.0],[12.6172,67.6703,1.0942],[12.6167,67.6687,0.0],[12.6188,67.6667,17.9584],[12.6292,67.6667,133.9972],[12.6307,67.6651,400.4549],[12.6229,67.6625,269.5205],[12.6146,67.6625,9.296],[12.6104,67.6604,62.5326],[12.6021,67.6604,0.0],[12.598,67.6563,101.8894],[12.5833,67.6563,111.1278],[12.5792,67.6542,89.6147],[12.5708,67.6542,0.0],[12.5693,67.6536,19.4144],[12.5661,67.6464,46.2305],[12.5609,67.6443,3.4033],[12.5667,67.6417,0.0],[12.5745,67.6412,46.8984],[12.5714,67.6359,0.0],[12.576599999999999,67.6349,79.4314],[12.5755,67.6318,0.0],[12.5958,67.6312,0.0],[12.6005,67.637,0.0],[12.6057,67.638,0.0],[12.6042,67.6396,22.3165],[12.5901,67.6401,154.8118],[12.5917,67.6417,9.3458],[12.5974,67.6422,0.0],[12.6,67.6479,0.0],[12.5964,67.6516,14.0879],[12.6188,67.6604,0.0],[12.625,67.6604,0.0],[12.6292,67.6583,0.0],[12.637,67.6578,0.0],[12.638,67.6547,0.0],[12.6479,67.65,0.0],[12.6521,67.6542,0.0],[12.6484,67.6568,43.2329],[12.6505,67.662,0.0],[12.6526,67.6641,0.0],[12.6625,67.6667,8.806],[12.6828,67.6599,9.2616],[12.6818,67.6568,0.0],[12.6932,67.6516,3.3028],[12.6943,67.6484,2.1677],[12.6974,67.6474,22.495],[12.6964,67.6422,0.0],[12.7042,67.6396,0.0],[12.7078,67.6443,0.0],[12.7047,67.6464,0.0],[12.7047,67.6495,0.0],[12.7099,67.6505,1.1034],[12.7146,67.6542,0.0],[12.7245,67.6547,4.713],[12.725,67.6563,6.7697],[12.7214,67.6589,1.6382],[12.7224,67.662,0.0],[12.7078,67.6682,8.1704],[12.7005,67.6693,30.5779],[12.7,67.6708,0.0],[12.7026,67.6766,0.0],[12.7078,67.6776,0.0],[12.712,67.6818,0.0],[12.7151,67.6891,8.8193],[12.7188,67.6896,0.8137]]],
[[[12.7396,67.6958,4.271],[12.7313,67.6958,0.0],[12.7297,67.6943,0.0],[12.7453,67.6943,0.0],[12.7438,67.6958,0.0928],[12.7396,67.6958,4.271]]],
[[[12.7693,67.7495,0.0],[12.7703,67.7516,0.0],[12.7625,67.7521,245.396],[12.7583,67.7542,46.2114],[12.7542,67.7521,35.2498],[12.75,67.7521,16.9363],[12.7484,67.7505,0.0],[12.7578,67.7464,209.6131],[12.7479,67.7458,133.4285],[12.7401,67.7422,0.0],[12.7625,67.7375,0.0],[12.7651,67.7412,6.1526],[12.7703,67.7422,0.0],[12.7672,67.7443,34.0336],[12.7693,67.7495,0.0]]],
[[[13.5339,68.0505,4.4607],[13.537,68.0505,3.3325],[13.537,68.0516,0.0],[13.5339,68.0516,0.0],[13.5339,68.0505,4.4607]]],
[[[13.2005,68.0818,3.0687],[13.2036,68.0818,0.0],[13.2036,68.0828,0.0],[13.2005,68.0828,4.4796],[13.2005,68.0818,3.0687]]],
[[[13.1578,68.1068,0.0],[13.1542,68.1083,0.0],[13.1521,68.1062,5.21],[13.1542,68.1042,0.0],[13.1578,68.1068,0.0]]],
[[[15.7542,67.9625,522.5743],[15.7526,67.9609,591.8682],[15.7557,67.9609,535.5667],[15.7557,67.962,523.084],[15.7542,67.9625,522.5743]]],
[[[15.7562,67.9979,3.9455],[15.7547,67.9974,0.0],[15.7547,67.9964,8.2495],[15.7578,67.9964,0.0],[15.7562,67.9979,3.9455]]],
[[[16.1792,68.0479,53.1365],[16.175,68.0479,93.8305],[16.1625,68.0521,0.0],[16.1526,68.0516,7.4269],[16.1609,68.0463,0.0],[16.1688,68.0458,14.1192],[16.1729,68.0437,0.0],[16.1854,68.0437,0.0],[16.1891,68.0463,0.0],[16.1875,68.0479,1.4367],[16.1792,68.0479,53.1365]]],
[[[15.5047,68.0297,9.8257],[15.5125,68.0292,0.0],[15.514099999999999,68.0307,0.0],[15.5,68.0375,0.0],[15.4922,68.037,10.4894],[15.4964,68.0339,0.0],[15.5036,68.0328,0.0],[15.5047,68.0297,9.8257]]],
[[[15.5646,68.0437,11.1184],[15.563,68.0432,5.4966],[15.563,68.0422,12.8379],[15.5661,68.0422,8.3716],[15.5646,68.0437,11.1184]]],
[[[15.5521,68.05,0.0],[15.5505,68.0484,2.3044],[15.5536,68.0484,3.1682],[15.5536,68.0495,9.9742],[15.5521,68.05,0.0]]],
[[[15.5568,68.0505,0.0],[15.5604,68.05,0.0],[15.562,68.0516,1.1448],[15.5583,68.0521,0.0],[15.5568,68.0505,0.0]]],
[[[16.3047,68.0839,0.0],[16.2979,68.0875,16.9558],[16.2901,68.088,64.7999],[16.2792,68.0938,29.4184],[16.2625,68.0938,60.899],[16.2526,68.0911,123.2842],[16.25,68.0875,168.7938],[16.2193,68.0828,0.0],[16.2161,68.0797,27.5824],[16.2047,68.0766,28.7611],[16.1958,68.0667,183.4075],[16.175,68.0667,59.0179],[16.1729,68.0646,0.0],[16.1766,68.062,35.9634],[16.1755,68.0589,14.9208],[16.1813,68.0563,0.0],[16.1849,68.0568,0.0],[16.1859,68.0599,11.2873],[16.1896,68.0604,0.0],[16.1938,68.0583,0.0],[16.2042,68.0583,0.0],[16.2188,68.0542,0.0],[16.225,68.0542,0.0],[16.2292,68.0521,0.0],[16.2521,68.0521,0.0],[16.2583,68.0542,36.1651],[16.2599,68.0537,9.0488],[16.2589,68.0505,0.0],[16.2729,68.0437,0.0],[16.2833,68.0437,0.0],[16.2875,68.0417,0.0],[16.2958,68.0437,6.0284],[16.3,68.0417,0.0],[16.3125,68.0417,0.0],[16.3224,68.0463,0.0],[16.3188,68.05,12.8897],[16.3245,68.0568,0.0],[16.3266,68.062,0.0],[16.3234,68.063,0.0],[16.3245,68.0661,0.0],[16.3208,68.0687,17.8301],[16.3234,68.0724,34.1613],[16.3292,68.0729,0.0],[16.3307,68.0745,0.0],[16.3276,68.0755,10.8245],[16.325,68.0792,0.0],[16.3125,68.075,291.4584],[16.3047,68.0755,443.8321],[16.3099,68.0776,116.6597],[16.312,68.0807,0.0],[16.3047,68.0839,0.0]]],
[[[16.3568,68.0797,0.0],[16.3604,68.0792,0.0],[16.362,68.0807,1.408],[16.3583,68.0813,0.0],[16.3568,68.0797,0.0]]],
[[[15.8208,68.1167,12.7343],[15.8193,68.1151,3.9643],[15.8229,68.1146,5.211],[15.8224,68.1162,5.4275],[15.8208,68.1167,12.7343]]],
[[[15.8167,68.1188,0.0],[15.8151,68.1172,7.2428],[15.8182,68.1172,2.9962],[15.8182,68.1182,0.0],[15.8167,68.1188,0.0]]],
[[[15.7568,68.1318,10.2247],[15.7604,68.1312,3.0903],[15.762,68.1328,0.0],[15.7583,68.1333,0.0],[15.7568,68.1318,10.2247]]],
[[[15.7438,68.1354,13.0754],[15.7422,68.1339,0.0],[15.7453,68.1339,2.6093],[15.7453,68.1349,9.5041],[15.7438,68.1354,13.0754]]],
[[[15.7245,68.1453,0.0],[15.7214,68.1453,0.0],[15.7193,68.1422,0.0],[15.725,68.1396,0.0],[15.7286,68.1401,3.0627],[15.7286,68.1432,13.0686],[15.7245,68.1453,0.0]]],
[[[15.8396,68.1604,20.9674],[15.8229,68.1604,22.026],[15.8214,68.1609,17.822],[15.8224,68.1641,0.0],[15.8188,68.1646,0.0],[15.8146,68.1604,29.4593],[15.7938,68.1604,0.0],[15.7833,68.1563,10.6106],[15.7776,68.1557,0.0],[15.7807,68.1526,0.0],[15.7729,68.15,20.5455],[15.7646,68.15,32.5112],[15.7599,68.1464,18.5095],[15.7484,68.1432,0.0],[15.7443,68.138,0.0],[15.7625,68.1354,6.5382],[15.7667,68.1333,1.5109],[15.7771,68.1333,0.0],[15.7813,68.1312,0.0],[15.7875,68.1333,10.294],[15.7917,68.1312,0.0],[15.7995,68.1307,5.3037],[15.7984,68.1276,0.0],[15.8042,68.125,0.0],[15.8208,68.1229,0.0],[15.8307,68.1266,0.0],[15.8193,68.1328,18.105],[15.8292,68.1333,0.0],[15.837,68.137,0.0],[15.8172,68.138,0.0],[15.8188,68.1396,4.3014],[15.8333,68.1396,0.0],[15.8354,68.1417,0.0],[15.8307,68.1453,47.0823],[15.825,68.1458,104.3161],[15.8193,68.1484,30.0345],[15.8193,68.1516,0.0],[15.825,68.1563,3.6606],[15.8313,68.1542,3.9429],[15.8391,68.1547,7.8679],[15.8417,68.1583,8.9184],[15.8396,68.1604,20.9674]]],
[[[15.5651,68.0547,0.0],[15.5688,68.0542,0.0],[15.5703,68.0557,0.0],[15.5667,68.0563,5.9851],[15.5651,68.0547,0.0]]],
[[[15.562,68.0589,0.4141],[15.5604,68.0604,0.0],[15.5505,68.0599,0.4667],[15.5521,68.0583,0.0],[15.562,68.0589,0.4141]]],
[[[15.3047,68.0734,20.9958],[15.3083,68.0729,7.439],[15.3099,68.0745,6.8789],[15.3063,68.075,0.0],[15.3047,68.0734,20.9958]]],
[[[15.5068,68.1255,5.9232],[15.5104,68.125,0.0],[15.512,68.1266,1.1003],[15.5083,68.1271,2.7423],[15.5068,68.1255,5.9232]]],
[[[15.125,68.0083,3.2178],[15.1083,68.0083,6.0085],[15.1042,68.0125,4.6174],[15.0979,68.0125,0.0],[15.0917,68.0104,1.2267],[15.0875,68.0125,4.798],[15.075,68.0125,0.0],[15.0734,68.012,0.0],[15.0714,68.0068,0.0],[15.0854,68.0062,0.0],[15.0896,68.0083,0.8287],[15.1021,68.0083,0.0],[15.1063,68.0062,18.6603],[15.1266,68.0068,0.0],[15.125,68.0083,3.2178]]],
[[[15.1797,68.0193,0.0],[15.1833,68.0188,4.6785],[15.1849,68.0203,9.6253],[15.1813,68.0208,0.0],[15.1797,68.0193,0.0]]],
[[[15.1172,68.0193,1.7917],[15.1208,68.0188,9.3475],[15.1224,68.0203,8.6635],[15.1188,68.0208,3.9734],[15.1172,68.0193,1.7917]]],
[[[15.1271,68.2521,1.1983],[15.1255,68.2516,0.1514],[15.1255,68.2505,2.6228],[15.1286,68.2505,0.0],[15.1271,68.2521,1.1983]]],
[[[15.063,68.2505,0.0],[15.0667,68.25,6.8172],[15.0682,68.2516,1.473],[15.0646,68.2521,0.0],[15.063,68.2505,0.0]]],
[[[15.075,68.2542,0.0],[15.0771,68.2562,9.8608],[15.075,68.2583,0.7836],[15.0714,68.2547,0.2585],[15.075,68.2542,0.0]]],
[[[15.0625,68.2646,0.0],[15.0547,68.2641,3.2959],[15.0526,68.262,0.0],[15.0526,68.2589,0.0],[15.0604,68.2583,12.224],[15.0703,68.263,0.0],[15.0688,68.2646,0.0],[15.0625,68.2646,0.0]]],
[[[15.1125,68.2708,0.0],[15.1089,68.2703,0.4381],[15.1068,68.2672,0.0],[15.1146,68.2646,0.0],[15.1245,68.2672,0.0],[15.125,68.2688,3.5974],[15.1229,68.2708,2.9457],[15.1125,68.2708,0.0]]],
[[[14.7818,68.2505,0.0],[14.7854,68.25,0.0],[14.787,68.2516,0.0],[14.7833,68.2521,0.0],[14.7818,68.2505,0.0]]],
[[[14.9589,68.2963,0.0],[14.9292,68.3104,0.0],[14.9104,68.3104,0.0],[14.9063,68.3083,7.7324],[14.8938,68.3083,0.0],[14.889099999999999,68.3047,22.0435],[14.8813,68.3021,0.0],[14.8714,68.3016,0.0],[14.8661,68.2963,0.0],[14.8547,68.2932,0.0],[14.8516,68.2901,0.0],[14.8401,68.2891,0.0],[14.8349,68.2818,4.9403],[14.8214,68.2766,0.0],[14.8182,68.2734,10.6249],[14.813,68.2724,0.0],[14.8089,68.2682,0.0],[14.812,68.2662,0.0],[14.812,68.263,18.5083],[14.8005,68.262,0.0],[14.7943,68.2536,0.0],[14.7974,68.2516,0.0],[14.7964,68.2464,0.0],[14.7995,68.2453,0.8012],[14.7964,68.238,0.0],[14.7995,68.2359,17.3595],[14.7854,68.2375,0.0],[14.7818,68.2338,6.1785],[14.7849,68.2328,5.9418],[14.7875,68.2292,0.0],[14.7917,68.2312,3.1131],[14.8063,68.2312,0.0],[14.8104,68.2333,0.0],[14.8167,68.2333,15.2229],[14.8245,68.2307,1.2573],[14.8234,68.2276,34.8665],[14.825,68.2271,34.8665],[14.8438,68.2292,0.0],[14.8484,68.2328,0.0],[14.8563,68.2333,0.0],[14.8578,68.2318,0.0],[14.8526,68.2307,0.0],[14.8505,68.2276,0.0],[14.8583,68.2271,46.6329],[14.8625,68.225,21.1965],[14.8724,68.2255,0.0],[14.8745,68.2307,13.2923],[14.8714,68.2318,20.2602],[14.8714,68.2349,0.0],[14.8734,68.237,0.0],[14.8786,68.238,0.0],[14.8859,68.2474,19.6689],[14.8958,68.25,23.1789],[14.8974,68.2495,0.0],[14.8964,68.2443,6.235],[14.8979,68.2438,20.7944],[14.9042,68.2479,0.0],[14.9141,68.2484,0.0],[14.9172,68.2536,47.9648],[14.9245,68.2547,0.0],[14.9266,68.2599,15.9156],[14.9234,68.262,0.0],[14.9255,68.2641,15.9437],[14.9307,68.2651,0.0],[14.9349,68.2714,0.0],[14.9292,68.275,14.0478],[14.9104,68.275,7.5062],[14.9063,68.2729,131.8219],[14.9026,68.2734,96.9564],[14.9047,68.2766,0.0],[14.9271,68.2771,0.0],[14.9313,68.2792,0.0],[14.9438,68.2792,0.0],[14.9536,68.2818,0.0],[14.9547,68.2849,44.2953],[14.962,68.2859,4.2373],[14.9641,68.2901,0.0],[14.9609,68.2922,0.0],[14.962,68.2953,0.0],[14.9589,68.2963,0.0]]],
[[[14.7984,68.2682,0.0],[14.7995,68.2703,1.7824],[14.7958,68.2708,0.0],[14.7922,68.2672,13.9633],[14.7958,68.2667,7.2877],[14.7984,68.2682,0.0]]],
[[[15.7938,68.1646,0.0],[15.7953,68.1661,18.536],[15.7911,68.1682,18.3481],[15.7818,68.1693,14.7854],[15.7828,68.1724,0.0],[15.7813,68.1729,0.0],[15.775,68.1708,9.3915],[15.7667,68.1708,0.0],[15.7646,68.1687,3.7639],[15.7651,68.1672,4.6104],[15.775,68.1646,0.0],[15.7833,68.1646,0.0],[15.7875,68.1667,0.0],[15.7938,68.1646,0.0]]],
[[[16.0479,68.1854,1.4743],[16.0604,68.1854,0.0],[16.0646,68.1875,6.2383],[16.0688,68.1875,0.0],[16.0714,68.1911,0.0],[16.0771,68.1917,0.0],[16.0849,68.1953,0.0],[16.0792,68.1979,19.2917],[16.0729,68.1979,7.5416],[16.0661,68.1922,5.7791],[16.0609,68.1911,0.0],[16.0578,68.188,11.9175],[16.0542,68.1875,21.4873],[16.05,68.1896,0.0],[16.0401,68.187,5.0454],[16.0417,68.1854,0.0],[16.0479,68.1854,1.4743]]],
[[[16.6229,68.1958,184.3038],[16.6245,68.1974,44.6334],[16.6151,68.1974,168.1171],[16.6167,68.1958,202.0363],[16.6229,68.1958,184.3038]]],
[[[16.3396,68.1979,53.1086],[16.3312,68.1979,8.0894],[16.3276,68.1943,8.5882],[16.3604,68.1958,0.0],[16.3745,68.2005,1.3748],[16.3786,68.2057,10.492],[16.3708,68.2063,0.0],[16.3583,68.2021,10.5224],[16.35,68.2021,0.0],[16.3396,68.1979,53.1086]]],
[[[15.5625,68.1396,0.0],[15.5563,68.1396,0.0],[15.5547,68.138,1.4783],[15.5604,68.1354,0.0],[15.5682,68.1359,15.4007],[15.5625,68.1396,0.0]]],
[[[15.2354,68.2542,6.0224],[15.2339,68.2526,21.236],[15.237,68.2526,23.3922],[15.237,68.2536,15.9897],[15.2354,68.2542,6.0224]]],
[[[15.6729,68.2771,0.0],[15.6714,68.2755,12.4404],[15.6745,68.2755,5.6444],[15.6745,68.2766,6.443],[15.6729,68.2771,0.0]]],
[[[15.5849,68.2766,4.3134],[15.5792,68.2792,28.5654],[15.5755,68.2786,17.1646],[15.575,68.2771,13.6995],[15.5771,68.275,0.0],[15.5833,68.275,0.0],[15.5849,68.2766,4.3134]]],
[[[16.163,68.2662,0.0],[16.1661,68.2641,0.0],[16.1672,68.2609,0.0],[16.1729,68.2583,0.0],[16.187,68.2589,0.0],[16.1729,68.2667,0.0],[16.163,68.2662,0.0]]],
[[[16.0026,68.3172,0.0],[16.0063,68.3167,0.0],[16.0078,68.3182,0.0],[16.0042,68.3187,0.0],[16.0026,68.3172,0.0]]],
[[[15.6776,68.3172,0.0],[15.6896,68.3146,4.2941],[15.6932,68.3182,2.2031],[15.6875,68.3208,0.0],[15.6792,68.3208,2.0729],[15.6776,68.3203,0.0],[15.6776,68.3172,0.0]]],
[[[16.3214,68.3276,0.0],[16.325,68.3271,8.7315],[16.3266,68.3287,3.7285],[16.3229,68.3292,0.0],[16.3214,68.3276,0.0]]],
[[[16.1828,68.3328,0.0],[16.1646,68.3333,8.033],[16.1583,68.3354,0.0],[16.1484,68.3328,1.5114],[16.1479,68.3313,0.0],[16.15,68.3292,0.0],[16.187,68.3297,0.0],[16.1828,68.3328,0.0]]],
[[[15.775,68.3354,0.0],[15.7734,68.3349,0.0],[15.7734,68.3339,0.0],[15.7766,68.3339,0.0],[15.775,68.3354,0.0]]],
[[[15.4828,68.2901,38.5392],[15.4755,68.2891,17.8298],[15.4734,68.2839,39.898],[15.4828,68.2839,14.4864],[15.4875,68.2896,8.3289],[15.4854,68.2917,21.9906],[15.4828,68.2901,38.5392]]],
[[[15.3339,68.287,6.3317],[15.3349,68.2891,0.0],[15.3318,68.2901,0.0],[15.3307,68.2932,0.8751],[15.3208,68.2958,3.153],[15.3109,68.2932,12.4962],[15.3063,68.2875,7.9899],[15.3083,68.2854,0.0],[15.3146,68.2854,0.0],[15.3188,68.2875,0.0],[15.325,68.2854,0.0],[15.3313,68.2854,0.0],[15.3339,68.287,6.3317]]],
[[[15.3349,68.2995,0.0],[15.3333,68.2979,0.0],[15.325,68.2979,1.4997],[15.3234,68.2963,1.838],[15.3375,68.2958,0.0],[15.3432,68.3016,1.0672],[15.3318,68.3016,7.1506],[15.3349,68.2995,0.0]]],
[[[15.2563,68.3021,0.0],[15.2547,68.3016,1.6563],[15.2547,68.3005,1.1614],[15.2578,68.3005,2.4829],[15.2563,68.3021,0.0]]],
[[[15.2099,68.3026,0.0],[15.2083,68.3042,16.2612],[15.1984,68.3037,5.3261],[15.2,68.3021,0.0],[15.2099,68.3026,0.0]]],
[[[15.1526,68.3193,29.8278],[15.1563,68.3187,14.6137],[15.1578,68.3203,22.8143],[15.1542,68.3208,15.7647],[15.1526,68.3193,29.8278]]],
[[[15.4182,68.3057,4.3128],[15.4151,68.3057,0.0],[15.4109,68.3016,0.0],[15.4109,68.2984,0.48],[15.4188,68.2979,0.0],[15.4224,68.3005,0.0],[15.4193,68.3026,17.2463],[15.4182,68.3057,4.3128]]],
[[[15.3458,68.3125,0.0],[15.3432,68.3089,0.9728],[15.3375,68.3083,0.0],[15.3359,68.3068,0.0],[15.3536,68.3068,4.8099],[15.3505,68.3089,-0.0731],[15.3495,68.312,12.5675],[15.3458,68.3125,0.0]]],
[[[15.538,68.313,5.1412],[15.5417,68.3125,0.0],[15.5432,68.3141,0.0],[15.5396,68.3146,0.0],[15.538,68.313,5.1412]]],
[[[15.3255,68.3161,0.0],[15.3297,68.3224,0.0],[15.3417,68.325,7.0866],[15.3432,68.3266,3.3582],[15.3333,68.3271,0.0],[15.3292,68.325,0.0],[15.3229,68.325,0.0],[15.3188,68.3271,4.5989],[15.2896,68.3271,0.0],[15.2849,68.3234,0.0],[15.2771,68.3208,0.9911],[15.2688,68.3229,0.0],[15.2609,68.3203,0.0],[15.264099999999999,68.3172,0.0],[15.2599,68.3109,0.0],[15.2563,68.3104,0.0],[15.25,68.3125,0.0],[15.2474,68.3089,11.4249],[15.2417,68.3083,2.2622],[15.2401,68.3068,0.0],[15.2479,68.3063,1.0033],[15.2521,68.3042,0.0],[15.2604,68.3042,0.0],[15.2708,68.3083,0.0],[15.2807,68.3089,3.3639],[15.2839,68.312,0.0],[15.2979,68.3167,0.0],[15.3063,68.3146,1.424],[15.3104,68.3187,0.903],[15.3068,68.3214,0.0],[15.3083,68.3229,0.0],[15.3167,68.3229,0.0],[15.3224,68.3203,4.7505],[15.3193,68.3151,0.0],[15.3229,68.3146,0.0],[15.3255,68.3161,0.0]]],
[[[15.5453,68.3234,1.3732],[15.5422,68.3193,9.1877],[15.5453,68.3182,6.1094],[15.5479,68.3146,4.3196],[15.5547,68.3203,9.2376],[15.5599,68.3214,0.0],[15.5542,68.325,1.6189],[15.5479,68.325,0.0],[15.5453,68.3234,1.3732]]],
[[[15.4016,68.3214,3.4319],[15.4036,68.3245,6.8494],[15.3984,68.3245,0.0],[15.3984,68.3214,0.0],[15.4016,68.3214,3.4319]]],
[[[15.3151,68.3339,0.0],[15.3188,68.3333,3.3878],[15.3203,68.3349,2.2966],[15.3167,68.3354,0.0],[15.3151,68.3339,0.0]]],
[[[15.3495,68.3703,3.5004],[15.3417,68.3708,7.1208],[15.338,68.3672,9.4889],[15.3458,68.3667,0.0],[15.3495,68.3703,3.5004]]],
[[[13.7995,68.3193,3.1521],[13.7964,68.313,0.0],[13.8057,68.313,0.0],[13.8104,68.3187,2.7405],[13.8083,68.3208,0.0],[13.8021,68.3208,0.0],[13.7995,68.3193,3.1521]]],
[[[13.8161,68.3287,8.6962],[13.8021,68.3292,0.0],[13.7979,68.3313,0.0],[13.7854,68.3313,0.0],[13.7693,68.3255,0.7391],[13.7813,68.3208,0.0],[13.7979,68.3208,0.0],[13.8141,68.3255,0.0],[13.8161,68.3287,8.6962]]],
[[[13.9005,68.3443,0.0],[13.9036,68.3443,1.8212],[13.9036,68.3453,0.0],[13.9005,68.3453,0.0],[13.9005,68.3443,0.0]]],
[[[14.075,68.2958,2.2125],[14.0786,68.2963,1.7971],[14.0786,68.2974,0.0],[14.0734,68.2974,0.0],[14.075,68.2958,2.2125]]],
[[[14.0318,68.338,0.0],[14.0349,68.337,0.0],[14.0318,68.3307,0.0],[14.0333,68.3292,0.0],[14.0432,68.3297,0.0],[14.0458,68.3354,0.0],[14.0453,68.337,0.0],[14.0396,68.3396,0.0],[14.0333,68.3396,0.0],[14.0318,68.338,0.0]]],
[[[14.3693,68.338,50.2598],[14.3729,68.3375,43.0666],[14.3745,68.3391,0.0],[14.3708,68.3396,1.9087],[14.3693,68.338,50.2598]]],
[[[14.4036,68.3464,0.0],[14.4021,68.3479,4.8123],[14.3922,68.3474,0.0],[14.3938,68.3458,0.0],[14.4036,68.3464,0.0]]],
[[[14.4151,68.3662,0.0],[14.4161,68.3682,0.0],[14.4146,68.3688,0.0],[14.4021,68.3688,0.0],[14.3979,68.3708,0.0],[14.3917,68.3708,0.1508],[14.3839,68.3682,0.0],[14.388,68.3651,0.0],[14.3938,68.3646,0.0],[14.3953,68.363,0.0],[14.3839,68.362,0.0],[14.3875,68.3583,1.7118],[14.387,68.3568,7.2892],[14.3818,68.3547,0.0],[14.3938,68.3542,2.9264],[14.4,68.3521,0.0],[14.4078,68.3547,0.0],[14.4099,68.3578,1.1499],[14.4068,68.3599,0.0],[14.412,68.3609,0.0],[14.4151,68.3662,0.0]]],
[[[14.5641,68.3943,0.0],[14.5625,68.3958,0.0],[14.5526,68.3953,0.0],[14.5542,68.3938,0.0],[14.5641,68.3943,0.0]]],
[[[14.775,68.4313,47.5247],[14.7896,68.4313,30.9499],[14.7911,68.4328,7.146],[14.7854,68.4354,5.7963],[14.7792,68.4354,0.0],[14.775,68.4333,3.039],[14.7688,68.4354,0.0],[14.7651,68.4349,0.0],[14.7693,68.4318,44.6024],[14.775,68.4313,47.5247]]],
[[[14.837,68.4411,0.0],[14.8271,68.4417,0.0],[14.825,68.4396,0.0],[14.8271,68.4375,12.9978],[14.8333,68.4375,0.0],[14.837,68.4411,0.0]]],
[[[14.7786,68.4495,0.0],[14.7755,68.4505,0.0],[14.7766,68.4537,4.2683],[14.7688,68.4542,13.4593],[14.7646,68.4563,0.0],[14.7589,68.4516,0.0],[14.7604,68.45,0.0],[14.7682,68.4495,0.4365],[14.7672,68.4464,0.0],[14.7688,68.4458,0.0],[14.7786,68.4464,0.0],[14.7786,68.4495,0.0]]],
[[[14.7266,68.5787,0.0],[14.7083,68.5792,5.9569],[14.7026,68.5818,0.0],[14.7036,68.5849,0.0],[14.6979,68.5875,0.0],[14.6729,68.5875,0.0],[14.6625,68.5833,0.0],[14.6568,68.5828,0.0],[14.6542,68.5792,3.1871],[14.65,68.5792,0.0],[14.6396,68.575,4.1635],[14.6297,68.5745,0.0],[14.6245,68.5693,0.8326],[14.6109,68.5641,0.0],[14.6083,68.5604,0.0],[14.612,68.5578,4.7905],[14.6109,68.5547,0.0],[14.6151,68.5526,0.0],[14.6333,68.55,0.0],[14.6391,68.5474,0.0],[14.6318,68.5443,0.0],[14.6396,68.5437,0.0],[14.6479,68.5396,0.0],[14.662,68.5391,0.0],[14.6609,68.5359,0.0],[14.6641,68.5349,0.0],[14.6651,68.5318,0.0],[14.6745,68.5307,0.0],[14.6714,68.5266,0.0],[14.6714,68.5234,0.0],[14.6792,68.525,0.0],[14.6833,68.5229,0.0],[14.6958,68.5229,0.3603],[14.6974,68.5224,0.3603],[14.6964,68.5193,0.0],[14.7005,68.5172,0.0],[14.7083,68.5167,1.9377],[14.7182,68.512,0.0],[14.7161,68.5068,0.0],[14.7063,68.5062,0.0],[14.7026,68.5026,0.0],[14.7104,68.5021,4.6206],[14.7203,68.4974,3.1782],[14.7188,68.4938,0.0],[14.7208,68.4917,0.0],[14.7411,68.4943,0.0],[14.7443,68.4995,0.0],[14.7479,68.5021,0.0],[14.7557,68.4995,0.0],[14.7547,68.4964,0.0],[14.7563,68.4958,3.2148],[14.7792,68.4958,0.0],[14.7833,68.4938,0.0],[14.787,68.4943,0.0],[14.7917,68.4979,0.0],[14.8042,68.4979,0.0],[14.8083,68.5,0.0],[14.812,68.4995,0.0],[14.8109,68.4964,0.0],[14.8125,68.4958,0.0],[14.8208,68.4958,2.0626],[14.8271,68.5,0.0],[14.8396,68.5,0.2176],[14.8438,68.4979,0.0],[14.85,68.5,1.3436],[14.8729,68.5,0.0],[14.8771,68.4979,0.0],[14.9021,68.4979,0.0],[14.9099,68.5005,0.0],[14.913,68.5036,0.0],[14.9182,68.5047,0.0],[14.9229,68.5083,0.8579],[14.9307,68.5068,0.0],[14.938,68.5162,0.0],[14.9516,68.5193,0.0],[14.9526,68.5224,0.0],[14.9583,68.5229,0.0],[14.9771,68.5292,0.0],[14.9932,68.5297,0.0],[15.0063,68.55,0.0],[15.0057,68.5516,0.0],[14.9917,68.5583,0.0],[14.9563,68.5583,9.451],[14.9521,68.5604,0.0],[14.9458,68.5583,8.2551],[14.9417,68.5604,0.0],[14.925,68.5604,2.9978],[14.9208,68.5625,0.0],[14.9146,68.5604,9.4289],[14.9109,68.5609,6.6343],[14.9167,68.5667,0.0],[14.9292,68.5667,0.0],[14.9333,68.5646,0.0],[14.9396,68.5646,0.0],[14.9458,68.5667,7.4214],[14.95,68.5646,0.0],[14.9641,68.563,0.0],[14.9661,68.5682,0.0],[14.9521,68.575,0.0],[14.9458,68.5729,14.1489],[14.9375,68.575,0.0],[14.9333,68.5729,15.3679],[14.9208,68.5729,0.0],[14.9193,68.5714,0.0],[14.9224,68.5703,4.5094],[14.9208,68.5687,3.8618],[14.9063,68.5687,31.0248],[14.9021,68.5708,0.0],[14.8979,68.5687,27.3444],[14.8896,68.5687,8.1731],[14.8771,68.575,0.0],[14.8583,68.575,0.0],[14.8536,68.5714,0.0],[14.8474,68.5693,0.0],[14.8396,68.5687,2.4107],[14.8354,68.5708,0.0],[14.8276,68.5714,0.0],[14.826599999999999,68.5745,0.0],[14.8167,68.5771,0.0],[14.7979,68.5771,6.4916],[14.7937,68.5792,0.0],[14.7521,68.5792,0.0],[14.7479,68.5771,1.3926],[14.7417,68.5771,0.0],[14.7354,68.5792,0.0],[14.7292,68.5771,2.7397],[14.7266,68.5787,0.0]]],
[[[14.6667,68.5125,0.0],[14.6682,68.5141,0.0],[14.6589,68.5141,0.0],[14.6604,68.5125,0.0],[14.6667,68.5125,0.0]]],
[[[14.3104,68.6,0.0],[14.3047,68.5953,0.0],[14.3047,68.5922,6.8145],[14.3188,68.5917,0.0],[14.3266,68.5943,0.0],[14.3234,68.5974,3.6802],[14.3307,68.5984,0.0],[14.3292,68.6,8.8926],[14.3104,68.6,0.0]]],
[[[14.3207,68.6062,5.0818],[14.3271,68.6042,0.0],[14.3349,68.6068,0.0],[14.3453,68.6214,0.0],[14.3453,68.6245,2.1596],[14.3339,68.6224,0.0],[14.3307,68.6172,5.8601],[14.3255,68.6162,14.805],[14.3234,68.6141,3.9148],[14.3266,68.6109,146.5974],[14.313,68.6078,0.0],[14.3146,68.6062,0.0],[14.3207,68.6062,5.0818]]],
[[[14.3411,68.6255,0.0],[14.3396,68.6271,0.0],[14.3318,68.6266,5.0267],[14.3333,68.625,0.0],[14.3411,68.6255,0.0]]],
[[[14.8214,68.5964,0.2769],[14.8292,68.5958,6.7349],[14.8333,68.5938,0.0],[14.837,68.5974,0.0],[14.8292,68.6,0.0],[14.8214,68.5964,0.2769]]],
[[[14.7995,68.6099,1.3336],[14.8021,68.6083,0.9143],[14.8057,68.6088,1.9498],[14.8026,68.6109,0.0],[14.8016,68.6141,0.0],[14.7958,68.6167,0.0],[14.7896,68.6146,0.0],[14.7854,68.6167,0.0],[14.7771,68.6167,0.0],[14.7729,68.6146,0.0],[14.7646,68.6146,0.0],[14.7609,68.612,0.0],[14.7625,68.6104,0.0],[14.7708,68.6104,0.9547],[14.775,68.6125,0.86],[14.7875,68.6125,0.0],[14.7917,68.6104,0.0],[14.7995,68.6099,1.3336]]],
[[[14.7854,68.6708,1.1548],[14.7839,68.6703,3.3286],[14.7839,68.6693,1.2486],[14.787,68.6693,1.6624],[14.7854,68.6708,1.1548]]],
[[[14.7503,68.7688,0.0],[14.7417,68.7708,0.0],[14.737,68.7672,0.0],[14.7318,68.7662,10.4064],[14.7297,68.763,0.0],[14.7328,68.7609,0.0],[14.7276,68.7599,1.7263],[14.7307,68.7568,0.0],[14.7271,68.7542,0.0],[14.7208,68.7542,9.6883],[14.7146,68.7562,0.0],[14.7083,68.7542,0.0],[14.7026,68.7568,0.0],[14.7042,68.7583,0.0],[14.7099,68.7589,0.0],[14.712,68.7641,0.0],[14.7042,68.7646,0.0],[14.6943,68.7693,0.0],[14.6995,68.7786,0.0],[14.6901,68.7828,0.0],[14.6984,68.7932,0.0],[14.7036,68.7943,0.0],[14.7057,68.7963,0.0],[14.6984,68.8037,0.0],[14.7026,68.8078,0.0],[14.7078,68.8089,0.0],[14.7099,68.812,0.0],[14.7005,68.8151,10.0024],[14.7036,68.8193,0.0],[14.7036,68.8224,0.0],[14.6964,68.8234,125.0342],[14.7036,68.8276,0.0],[14.7036,68.8307,0.0],[14.6875,68.8354,11.0933],[14.6839,68.8328,52.6652],[14.687,68.8297,149.3753],[14.6792,68.8271,309.9172],[14.6583,68.8271,286.9181],[14.6521,68.825,343.5885],[14.6479,68.8271,408.2048],[14.6417,68.8271,280.3893],[14.6354,68.8292,82.66],[14.6339,68.8287,83.067],[14.6339,68.8255,91.3425],[14.6432,68.8245,375.1065],[14.6411,68.8214,402.7228],[14.6375,68.8208,268.93],[14.6313,68.8229,39.3109],[14.6234,68.8203,0.0],[14.6313,68.8146,73.5186],[14.6286,68.8109,25.2495],[14.6234,68.8099,0.0],[14.6214,68.8078,0.0],[14.6245,68.8057,7.6539],[14.6234,68.8005,0.0],[14.6307,68.7974,0.0],[14.6276,68.7901,0.0],[14.6375,68.7854,0.0],[14.6516,68.7849,43.2027],[14.6505,68.7818,0.0],[14.6542,68.7792,50.9467],[14.6521,68.7771,363.1288],[14.6313,68.7771,195.763],[14.6297,68.7776,195.763],[14.6307,68.7807,50.7594],[14.6229,68.7813,0.0],[14.6172,68.7766,0.0],[14.612,68.7672,0.0],[14.6083,68.7646,0.0],[14.5958,68.7646,0.0],[14.5901,68.7672,0.0],[14.5891,68.7703,0.0],[14.5859,68.7714,1.8152],[14.5953,68.787,0.0],[14.588,68.7901,21.7345],[14.588,68.7932,23.9979],[14.5911,68.7974,0.0],[14.5818,68.8005,26.0829],[14.5849,68.8057,0.0],[14.5755,68.8068,2.7418],[14.5745,68.8099,0.0],[14.5703,68.812,6.8496],[14.5625,68.8125,0.0],[14.5542,68.8167,3.5031],[14.5417,68.8167,0.0],[14.5339,68.8141,0.0],[14.5474,68.8089,8.6772],[14.5453,68.8068,0.0],[14.538,68.8057,0.0],[14.5349,68.8005,15.6246],[14.5214,68.7953,0.0],[14.5161,68.7901,0.3555],[14.5109,68.7891,0.0],[14.5078,68.7839,0.0],[14.5042,68.7833,8.8363],[14.4979,68.7854,0.0],[14.4875,68.7813,0.0],[14.4729,68.7813,0.0],[14.4688,68.7792,0.0],[14.4625,68.7813,0.0],[14.4526,68.7807,18.8636],[14.4526,68.7776,5.1235],[14.4557,68.7755,0.0],[14.4505,68.7672,0.0],[14.4599,68.763,27.675],[14.4375,68.7625,0.0],[14.4339,68.7589,0.0],[14.4396,68.7562,0.0],[14.4479,68.7562,0.0],[14.4604,68.7604,11.077],[14.4703,68.7557,0.0],[14.463,68.7516,0.0],[14.4646,68.75,0.0],[14.4708,68.75,0.0],[14.475,68.7479,0.0],[14.5,68.7479,0.0],[14.5063,68.75,34.8741],[14.5104,68.7479,0.0],[14.5208,68.7479,0.0],[14.5266,68.7453,0.0],[14.5214,68.7422,4.938],[14.5375,68.7375,0.0],[14.5563,68.7375,0.0],[14.5687,68.7417,10.4216],[14.5755,68.738,0.0],[14.5833,68.7375,0.0],[14.5849,68.7359,8.798],[14.5708,68.7354,0.0],[14.5646,68.7375,0.0],[14.5542,68.7333,189.9153],[14.5438,68.7333,0.0],[14.5333,68.7292,32.7783],[14.5271,68.7312,0.0],[14.5167,68.7312,5.1614],[14.5125,68.7333,0.0],[14.5042,68.7333,0.0],[14.5,68.7312,5.3476],[14.4875,68.7312,0.0],[14.4813,68.7333,0.0],[14.4734,68.7297,0.0],[14.4813,68.7292,27.5947],[14.4854,68.7271,75.9216],[14.4917,68.7292,28.0452],[14.4932,68.7286,83.4921],[14.4922,68.7255,278.7306],[14.5,68.725,117.2954],[14.5016,68.7234,217.7212],[14.4813,68.7229,331.5971],[14.4771,68.725,254.6613],[14.4646,68.725,17.9141],[14.463,68.7234,33.9471],[14.4708,68.7229,164.7102],[14.4724,68.7214,305.0399],[14.4422,68.7203,4.1907],[14.4422,68.7172,39.8234],[14.45,68.7167,67.0],[14.4557,68.7141,181.6392],[14.4458,68.7104,456.1501],[14.4401,68.713,291.774],[14.4375,68.7167,51.0453],[14.4297,68.7161,0.0],[14.4255,68.712,0.0],[14.4255,68.7089,0.0],[14.4286,68.7078,2.0528],[14.4276,68.7047,0.0],[14.4333,68.7021,0.0],[14.4396,68.7021,11.8061],[14.4438,68.7,0.0],[14.462,68.6974,0.0],[14.4599,68.6943,53.6199],[14.4458,68.6937,256.6021],[14.4396,68.6958,36.8417],[14.4333,68.6937,285.0959],[14.4146,68.7,0.0],[14.4047,68.6974,88.823],[14.4021,68.6937,251.0925],[14.3922,68.6932,35.8591],[14.3854,68.6875,251.5106],[14.3812,68.6896,1.0465],[14.3714,68.6891,0.0],[14.3745,68.687,27.2856],[14.3734,68.6839,37.4216],[14.375,68.6833,0.0],[14.3812,68.6833,0.0],[14.3875,68.6813,0.0],[14.3938,68.6833,0.0],[14.4021,68.6792,0.0],[14.4203,68.6787,0.0],[14.4188,68.6771,0.0],[14.4104,68.6771,0.0],[14.4063,68.675,7.6814],[14.3901,68.6745,0.0],[14.3901,68.6713,1.9834],[14.3932,68.6703,0.0],[14.3896,68.6646,0.0],[14.3917,68.6625,0.0],[14.4167,68.6625,0.0],[14.4208,68.6646,0.0],[14.4271,68.6625,0.0],[14.4318,68.6661,0.0],[14.437,68.6672,0.0],[14.4401,68.6724,1.9849],[14.4438,68.675,0.0],[14.4536,68.6745,0.0],[14.4526,68.6713,0.0],[14.4599,68.6682,1.9858],[14.4578,68.6651,0.0],[14.4526,68.6641,0.0],[14.4495,68.6609,0.0],[14.4396,68.6604,0.0],[14.4318,68.6578,0.0],[14.4297,68.6547,0.0],[14.4333,68.6521,0.0],[14.4307,68.6484,2.0535],[14.4172,68.6453,0.0],[14.4188,68.6438,0.0],[14.4266,68.6432,0.63],[14.4255,68.6401,0.0],[14.4307,68.6391,-0.2197],[14.4297,68.6359,0.0],[14.4391,68.6349,1.3365],[14.438,68.6318,0.0],[14.4411,68.6297,0.0],[14.425,68.625,0.0],[14.4208,68.6292,0.0],[14.4083,68.6292,0.0],[14.4005,68.6266,0.0],[14.4078,68.6214,4.4027],[14.4042,68.6188,0.0],[14.3943,68.6182,0.0],[14.3943,68.6151,0.0],[14.4099,68.6151,0.0],[14.4109,68.6182,0.0],[14.4167,68.6229,0.0],[14.4193,68.6193,0.0],[14.4271,68.6188,3.1214],[14.437,68.6141,0.0],[14.4354,68.6125,0.0],[14.4297,68.612,0.0],[14.4276,68.6078,1.4938],[14.4333,68.6042,0.0],[14.4417,68.6042,0.0],[14.4443,68.6078,0.0],[14.4479,68.6083,3.6215],[14.4495,68.6078,0.0],[14.4484,68.6047,0.0],[14.45,68.6042,2.1151],[14.4583,68.6062,3.3359],[14.4625,68.6042,0.0],[14.4688,68.6042,0.0],[14.4771,68.6104,0.0],[14.4891,68.6057,7.1734],[14.4859,68.6005,0.0],[14.4937,68.5979,0.0],[14.5188,68.6062,0.0],[14.5224,68.6057,0.0],[14.5214,68.6026,0.0],[14.5313,68.6021,0.0],[14.5417,68.6062,0.0],[14.5474,68.6068,0.0],[14.5505,68.612,0.0],[14.5557,68.613,0.0],[14.5625,68.6208,0.0],[14.5724,68.6203,0.0],[14.5703,68.6172,0.0],[14.5651,68.6162,0.912],[14.5667,68.6146,1.7494],[14.5896,68.6146,0.0],[14.6021,68.6188,0.0],[14.6083,68.6167,0.0],[14.6125,68.6188,14.7271],[14.6167,68.6188,0.0],[14.6266,68.6234,0.0],[14.6234,68.6266,0.0],[14.637,68.6297,0.0],[14.6495,68.6339,0.0],[14.6516,68.6359,2.6269],[14.6484,68.6391,0.0],[14.6505,68.6412,0.0],[14.6557,68.6422,0.0],[14.6578,68.6453,0.9317],[14.65,68.6458,0.0],[14.6443,68.6484,0.0],[14.6443,68.6516,0.0],[14.6464,68.6536,0.0],[14.65,68.6542,0.0],[14.6604,68.65,0.0],[14.663,68.6536,0.0],[14.6745,68.6547,0.0],[14.6714,68.6578,0.0],[14.6786,68.6589,0.0],[14.6786,68.662,0.0],[14.6755,68.6641,14.6767],[14.6812,68.6646,0.0],[14.6828,68.6661,0.0],[14.6734,68.6693,0.0],[14.6766,68.6745,0.0],[14.6734,68.6766,0.0],[14.6849,68.6797,0.0],[14.6776,68.6828,0.0],[14.6828,68.6839,0.0],[14.6854,68.6875,0.0],[14.6849,68.6891,0.0],[14.6776,68.6922,7.8283],[14.6792,68.6958,0.0],[14.6755,68.6995,16.3304],[14.6797,68.7057,0.0],[14.6833,68.7083,0.0],[14.6911,68.7057,3.7489],[14.6859,68.6974,0.0],[14.6859,68.6943,0.0],[14.6995,68.6932,6.4764],[14.7036,68.6911,0.0],[14.7047,68.688,9.9665],[14.7078,68.687,0.0],[14.7047,68.6818,0.0],[14.7078,68.6807,4.0856],[14.7078,68.6776,12.4836],[14.7021,68.6771,0.0],[14.7005,68.6755,0.0],[14.7099,68.6745,0.0],[14.7089,68.6693,0.0],[14.7119,68.6682,0.0],[14.7109,68.6651,0.0],[14.7141,68.6641,2.1626],[14.7151,68.6609,0.0],[14.7208,68.6583,0.0],[14.7328,68.6578,0.0],[14.7354,68.6542,0.0],[14.7516,68.6568,0.0],[14.75,68.6583,0.0],[14.7422,68.6589,0.69],[14.75,68.6625,0.0],[14.7563,68.6604,0.0],[14.7766,68.6609,0.0],[14.7792,68.6646,0.0],[14.7755,68.6682,0.0],[14.7896,68.6875,3.6089],[14.7932,68.687,0.0],[14.7901,68.6797,0.0],[14.8,68.675,7.9779],[14.8078,68.6745,5.2532],[14.8068,68.6693,0.0],[14.8109,68.6672,3.8664],[14.8188,68.6667,0.0],[14.8349,68.6713,0.0],[14.8396,68.675,0.8267],[14.8495,68.6755,8.2497],[14.8563,68.6854,0.0],[14.8526,68.6891,0.0],[14.8547,68.6932,0.0],[14.8583,68.6958,0.0],[14.8661,68.6932,0.0],[14.8609,68.6911,0.0],[14.8589,68.688,0.0],[14.862,68.687,0.0],[14.8609,68.6839,0.0],[14.8641,68.6828,0.0],[14.8667,68.6792,0.0],[14.8854,68.6792,0.0],[14.8896,68.6813,0.0],[14.8958,68.6792,0.0],[14.9,68.6813,7.0565],[14.9083,68.6813,0.0],[14.9125,68.6833,6.6191],[14.9245,68.6839,0.0],[14.9193,68.687,14.786],[14.9229,68.6896,0.0],[14.9328,68.6901,0.0],[14.9375,68.6958,0.0],[14.9339,68.6984,11.7756],[14.937,68.7037,0.0],[14.9276,68.7047,0.0],[14.9276,68.7078,11.8251],[14.9313,68.7104,0.0],[14.9411,68.7099,13.5325],[14.9401,68.7068,0.0],[14.9474,68.7037,0.0],[14.9464,68.7005,0.0],[14.9479,68.7,0.0],[14.9578,68.7005,0.0],[14.9609,68.7037,0.0],[14.9661,68.7047,0.0],[14.9693,68.7099,1.633],[14.9729,68.7104,2.4857],[14.9745,68.7099,0.0],[14.9734,68.7068,0.0],[14.9786,68.7047,0.0],[14.9714,68.7037,0.0],[14.9729,68.7021,0.0],[14.9792,68.7021,2.1913],[14.9938,68.6979,0.0],[15.0,68.7,0.0],[15.0083,68.7,0.0],[15.0099,68.7016,7.1794],[15.0068,68.7037,0.0],[15.0182,68.7068,5.431],[15.0214,68.7099,0.0],[15.0286,68.7109,0.0],[15.0297,68.7141,0.0],[15.037,68.7151,0.0],[15.0339,68.7172,0.0],[15.0339,68.7203,3.4168],[15.0411,68.7214,0.0],[15.0443,68.7266,2.7003],[15.0667,68.7271,0.0],[15.0771,68.7312,0.0],[15.0828,68.7318,0.0],[15.087,68.738,0.0],[15.0854,68.7396,0.0],[15.0776,68.7401,0.0],[15.0708,68.7438,0.0],[15.0526,68.7464,0.0],[15.0536,68.7495,0.0],[15.0505,68.7505,0.0],[15.0495,68.7536,3.8482],[15.0422,68.7568,0.0],[15.0438,68.7583,0.0],[15.0563,68.7583,0.0],[15.0625,68.7562,0.0],[15.0688,68.7583,0.0],[15.0755,68.7547,0.0],[15.0833,68.7542,0.0],[15.0875,68.7521,0.0],[15.0953,68.7526,0.0],[15.0974,68.7547,0.0],[15.0943,68.7568,0.0],[15.0958,68.7583,0.0],[15.1021,68.7562,0.0],[15.1083,68.7562,0.0],[15.1125,68.7542,0.0],[15.1167,68.7562,0.0],[15.1313,68.7562,0.0],[15.1411,68.7536,0.0],[15.1396,68.7521,0.0],[15.1297,68.7516,0.0],[15.137,68.7474,0.0],[15.137,68.7443,0.0],[15.1339,68.7401,0.0],[15.137,68.738,0.0],[15.1255,68.737,0.0],[15.1234,68.7318,0.0],[15.139099999999999,68.7307,8.2678],[15.1359,68.7255,0.0],[15.1474,68.7203,0.0],[15.1464,68.7151,0.0],[15.1495,68.713,0.0],[15.1359,68.7099,0.0],[15.1349,68.7068,0.0],[15.1313,68.7042,3.8],[15.1276,68.7047,0.0],[15.1286,68.7078,1.3199],[15.1229,68.7104,0.0],[15.1167,68.7104,18.3709],[15.1125,68.7125,0.0],[15.1,68.7125,0.0],[15.0953,68.7089,12.5289],[15.0755,68.7037,0.0],[15.0786,68.7005,0.0],[15.0714,68.6995,0.0],[15.0703,68.6964,4.5615],[15.0604,68.6937,11.1765],[15.0505,68.6932,0.0],[15.0484,68.6901,0.0],[15.0516,68.6891,0.0],[15.0516,68.6859,12.3419],[15.0458,68.6854,0.0],[15.0443,68.6839,0.0],[15.05,68.6813,0.0],[15.0563,68.6813,0.0],[15.0578,68.6797,0.0],[15.05,68.6771,0.0],[15.0417,68.6792,5.0709],[15.0339,68.6766,0.0],[15.037,68.6745,0.0],[15.0354,68.6729,0.0],[15.0271,68.6729,0.0],[15.0229,68.675,0.0],[15.0,68.675,0.0],[14.9901,68.6724,0.0],[14.9958,68.6687,195.2449],[15.012,68.6703,213.4725],[15.0161,68.6682,303.8025],[15.0151,68.6651,504.2952],[15.0182,68.6641,405.1452],[15.0146,68.6604,543.5547],[15.0104,68.6646,477.5746],[15.0042,68.6625,486.255],[15.0,68.6646,337.9439],[14.9938,68.6646,362.8196],[14.9812,68.6708,0.0],[14.9688,68.6708,0.0],[14.9625,68.6667,0.0],[14.9563,68.6687,0.0],[14.9438,68.6687,1.6743],[14.9396,68.6667,0.0],[14.9297,68.6661,2.2994],[14.925,68.6625,1.9912],[14.9151,68.662,0.0],[14.912,68.6589,0.0],[14.9068,68.6578,0.0],[14.9021,68.6521,2.8055],[14.8833,68.6542,1.66],[14.8818,68.6547,4.2844],[14.8828,68.6578,0.0],[14.8813,68.6583,0.0],[14.875,68.6563,19.0045],[14.8604,68.6563,0.0],[14.8563,68.6521,0.0],[14.85,68.6542,0.0],[14.8417,68.6542,1.4017],[14.8276,68.6495,0.0],[14.8245,68.6464,0.0],[14.8146,68.6438,0.0],[14.7859,68.6412,0.0],[14.7818,68.6339,0.0],[14.7896,68.6312,0.0],[14.8021,68.6312,0.0],[14.8047,68.6349,2.2332],[14.8146,68.6354,0.0],[14.8161,68.6339,0.0],[14.8089,68.6224,0.0],[14.812,68.6203,0.0],[14.8109,68.6172,0.0],[14.8188,68.6167,0.0],[14.8229,68.6146,0.0],[14.8354,68.6146,0.0],[14.8396,68.6167,0.0],[14.8646,68.6167,0.0],[14.8661,68.6162,0.0],[14.8651,68.613,0.0],[14.8786,68.6078,0.0],[14.875,68.6042,-0.0189],[14.8687,68.6062,0.0],[14.85,68.6062,0.0],[14.8453,68.6005,0.0],[14.8401,68.5995,0.0],[14.8432,68.5974,0.0],[14.8422,68.5943,0.0],[14.8516,68.5932,3.4993],[14.8495,68.5901,0.0],[14.8443,68.5891,0.0],[14.85,68.5854,0.0],[14.8563,68.5854,0.0],[14.8625,68.5875,2.7479],[14.8771,68.5833,0.0],[14.8833,68.5854,0.0],[14.8896,68.5854,0.0],[14.8938,68.5833,0.0],[14.9188,68.5833,0.0],[14.9229,68.5854,0.0],[14.9313,68.5854,0.0],[14.9354,68.5875,1.9864],[14.9417,68.5854,0.0],[14.9479,68.5854,0.0],[14.9542,68.5875,-0.5943],[14.9583,68.5854,0.0],[14.9812,68.5854,0.0],[14.9854,68.5833,0.0],[14.9958,68.5833,0.0],[15.0104,68.5792,0.0],[15.0292,68.5792,1.6141],[15.0333,68.5771,0.0],[15.0396,68.5771,0.0],[15.0438,68.5792,0.0],[15.0536,68.5797,0.0],[15.0589,68.5849,0.0],[15.0641,68.5859,0.0],[15.0672,68.5911,1.0332],[15.0807,68.5943,0.0],[15.0839,68.5974,0.0],[15.0917,68.6,0.0],[15.1,68.6,0.0],[15.1063,68.6042,0.0],[15.1208,68.6042,0.0],[15.1286,68.6068,0.0],[15.1354,68.6125,0.0],[15.1479,68.6125,0.0],[15.1521,68.6104,0.0],[15.1583,68.6104,0.0],[15.1646,68.6125,0.0],[15.1708,68.6104,0.0],[15.1807,68.6151,0.0],[15.1776,68.6182,0.0],[15.1828,68.6193,0.0],[15.1875,68.6229,0.0],[15.1974,68.6234,0.0],[15.2005,68.6266,0.0],[15.2083,68.6292,3.3764],[15.2354,68.6292,0.0],[15.2396,68.6312,0.0],[15.2479,68.6312,0.0],[15.2521,68.6333,0.0],[15.2604,68.6333,0.0],[15.2651,68.637,0.0],[15.2786,68.6401,0.0],[15.2813,68.6438,0.0],[15.2896,68.6438,0.0],[15.3021,68.6479,0.0],[15.3104,68.6479,0.0],[15.3146,68.65,0.0],[15.3229,68.65,0.0],[15.3271,68.6521,0.0],[15.3313,68.6521,0.0],[15.35,68.6604,0.0],[15.3542,68.6604,0.0],[15.3646,68.6646,0.0],[15.3745,68.6651,0.0],[15.3776,68.6682,0.0],[15.3828,68.6693,0.0],[15.3797,68.6724,0.8941],[15.387,68.6734,0.0],[15.388,68.6766,0.3635],[15.4016,68.6797,0.0],[15.4068,68.6849,4.5964],[15.4182,68.6859,0.0],[15.4208,68.6896,0.0],[15.4172,68.6922,3.2959],[15.4203,68.6964,0.0],[15.4203,68.6995,1.9175],[15.4172,68.7005,2.74],[15.4182,68.7037,0.0],[15.4151,68.7047,2.0843],[15.4161,68.7099,0.0],[15.413,68.7109,2.1492],[15.4161,68.7161,0.0],[15.4109,68.7172,2.2655],[15.412,68.7203,0.0],[15.4089,68.7214,0.0],[15.4099,68.7245,0.0],[15.4063,68.7271,0.0],[15.4078,68.7307,0.0],[15.3995,68.7349,0.0],[15.3917,68.7354,5.8932],[15.3859,68.738,18.782],[15.387,68.7412,0.0],[15.3828,68.7432,0.0],[15.375,68.7438,0.0],[15.3708,68.7458,0.0],[15.3583,68.7458,1.0744],[15.3542,68.7479,0.0],[15.3208,68.7479,2.2101],[15.3167,68.75,0.0],[15.3104,68.75,1.9635],[15.2958,68.7542,0.0],[15.2776,68.7547,0.0],[15.2854,68.7583,0.0599],[15.2938,68.7583,0.0],[15.2984,68.762,0.0],[15.3036,68.763,0.0],[15.3057,68.7662,0.0],[15.3026,68.7672,0.0],[15.3042,68.7708,0.0],[15.3005,68.7745,0.0],[15.3141,68.7755,0.0],[15.3182,68.7828,0.0],[15.3104,68.7833,3.5622],[15.3036,68.787,0.0],[15.2958,68.7875,65.4908],[15.2917,68.7896,9.7909],[15.2792,68.7896,34.0721],[15.2693,68.7943,10.8445],[15.2792,68.7979,0.0],[15.2979,68.7979,0.0],[15.3021,68.8,1.2417],[15.3083,68.7979,0.0],[15.3208,68.7979,3.4439],[15.325,68.7958,0.0],[15.3479,68.7958,0.0],[15.3521,68.7979,0.0],[15.3682,68.7984,0.0],[15.3766,68.8089,0.0],[15.375,68.8104,0.0],[15.3609,68.8109,0.0],[15.363,68.8141,5.1565],[15.3682,68.8151,0.0],[15.3703,68.8172,0.0],[15.3672,68.8193,2.5248],[15.3693,68.8245,1.7242],[15.3828,68.8276,0.0],[15.3922,68.8391,0.0],[15.3958,68.8396,1.6253],[15.4,68.8375,0.0],[15.4078,68.838,0.0],[15.4047,68.8401,0.0],[15.4057,68.8432,0.0],[15.3901,68.8443,6.2792],[15.3917,68.8458,0.0],[15.3974,68.8464,0.0],[15.3938,68.85,0.0],[15.3953,68.8536,0.0],[15.3911,68.8557,0.0],[15.3813,68.8562,0.0],[15.3771,68.8542,1.7954],[15.3646,68.8542,38.4409],[15.3547,68.8588,0.0],[15.3557,68.862,0.0],[15.3464,68.863,3.1157],[15.3453,68.8662,0.0],[15.3422,68.8672,0.0],[15.3432,68.8703,0.0],[15.3333,68.8708,2.8123],[15.3307,68.8672,0.0],[15.3234,68.8662,0.5068],[15.3234,68.863,0.0],[15.3266,68.8609,35.0696],[15.3224,68.8547,188.3536],[15.3104,68.8542,0.0],[15.3063,68.85,13.8883],[15.2901,68.8495,4.8018],[15.288,68.8464,0.0],[15.2911,68.8443,45.1036],[15.2818,68.8391,0.0],[15.2849,68.8359,76.6758],[15.275,68.8354,0.0],[15.2708,68.8333,0.0],[15.263,68.8339,0.0],[15.2703,68.838,0.0],[15.2724,68.8432,0.0],[15.2693,68.8453,0.0],[15.2734,68.8516,0.0],[15.2771,68.8521,0.0],[15.2833,68.85,20.9185],[15.2932,68.8547,0.0],[15.2932,68.8578,0.0],[15.2859,68.8588,0.0],[15.2859,68.862,0.0],[15.2932,68.863,0.0],[15.2901,68.8651,0.0],[15.2901,68.8682,0.0],[15.2984,68.8786,0.0],[15.3036,68.8797,0.0],[15.3057,68.8818,0.0],[15.3026,68.8839,0.0],[15.3036,68.887,0.0],[15.2984,68.888,0.0],[15.3036,68.8943,0.0],[15.3036,68.8974,0.0],[15.2979,68.9,0.0],[15.2901,68.9005,0.0],[15.2859,68.9036,0.0],[15.2958,68.9042,0.0],[15.3021,68.9021,0.0],[15.3063,68.9042,0.0],[15.3146,68.9042,0.0],[15.3188,68.9063,0.0],[15.3333,68.9063,0.0],[15.3349,68.9078,0.0],[15.3318,68.9089,0.0],[15.3307,68.912,0.0],[15.3188,68.9125,0.793],[15.313,68.9151,0.0],[15.3182,68.9172,0.2209],[15.3203,68.9203,0.0],[15.3125,68.9208,0.0],[15.3083,68.9229,0.0],[15.3021,68.9208,9.0294],[15.2833,68.9208,0.0],[15.2792,68.9229,1.6242],[15.2604,68.9229,0.0],[15.2542,68.9187,0.0],[15.2417,68.9187,0.0],[15.2375,68.9208,0.0],[15.213,68.9213,0.0],[15.2182,68.9234,0.0],[15.2224,68.9276,0.0],[15.2208,68.9292,0.0],[15.2125,68.9292,0.0],[15.2083,68.9271,0.3262],[15.1958,68.9271,0.0],[15.1917,68.9313,0.0],[15.1875,68.9292,1.5244],[15.1776,68.9297,0.0],[15.1797,68.9349,0.0],[15.1833,68.9375,0.0],[15.2021,68.9375,5.3547],[15.2047,68.9339,0.0],[15.2104,68.9313,0.0],[15.225,68.9333,0.0],[15.2266,68.9349,0.0],[15.2188,68.9354,3.1484],[15.2167,68.9375,0.0],[15.2229,68.9437,1.1218],[15.2307,68.9411,0.0],[15.2297,68.938,0.0],[15.2313,68.9375,0.0],[15.2453,68.937,0.0],[15.2443,68.9339,0.0],[15.2458,68.9333,0.0],[15.2625,68.9313,0.0],[15.2667,68.9292,0.0],[15.2729,68.9313,0.0],[15.2813,68.9313,0.0],[15.2833,68.9333,0.0],[15.2797,68.9359,0.0],[15.2818,68.9391,2.4446],[15.2891,68.9401,0.0],[15.2901,68.9432,0.0],[15.2974,68.9443,0.0],[15.2974,68.9474,6.557],[15.2943,68.9495,0.0],[15.2995,68.9578,0.0],[15.2938,68.9604,3.2323],[15.2625,68.9604,0.0],[15.2583,68.9583,0.7032],[15.25,68.9583,0.0],[15.2458,68.9542,0.0],[15.2495,68.9516,0.0],[15.2479,68.95,0.0],[15.238,68.9505,0.0],[15.2391,68.9537,0.0],[15.2375,68.9542,0.0],[15.2292,68.9542,0.0],[15.2214,68.9516,0.0],[15.2161,68.9443,0.0],[15.2063,68.9417,0.0],[15.1958,68.9458,0.0],[15.1839,68.9464,1.2148],[15.1828,68.9495,0.1541],[15.1797,68.9505,1.0916],[15.1807,68.9537,0.0],[15.1776,68.9557,0.0],[15.1828,68.9568,0.0],[15.187,68.9609,2.5432],[15.187,68.9641,1.8242],[15.1854,68.9646,0.0],[15.1667,68.9646,0.0],[15.1443,68.9578,1.9762],[15.1396,68.9521,2.3624],[15.1333,68.9542,0.0],[15.1193,68.9547,0.0],[15.1208,68.9563,33.4168],[15.1292,68.9563,0.0],[15.139099999999999,68.9589,0.0],[15.1359,68.962,0.0],[15.1495,68.9651,0.0],[15.1521,68.9688,2.9556],[15.1583,68.9667,0.0],[15.1708,68.9667,0.0],[15.1724,68.9682,0.0],[15.1693,68.9703,1.2708],[15.1714,68.9724,0.0],[15.1813,68.9729,0.0],[15.1859,68.9766,0.0],[15.1932,68.9776,0.0],[15.1839,68.9818,0.0],[15.187,68.987,0.0],[15.1833,68.9896,0.0],[15.187,68.9953,0.0],[15.1839,68.9964,0.0],[15.1839,68.9995,3.7977],[15.1896,69.0,0.0],[15.1911,69.0016,0.0],[15.1776,69.0068,0.862],[15.1828,69.0141,0.0],[15.1734,69.0151,0.0],[15.1708,69.0188,0.0],[15.1604,69.0188,1.7534],[15.1563,69.0208,9.7655],[15.1417,69.0208,0.0],[15.1354,69.0188,0.6094],[15.1313,69.0208,0.0],[15.1271,69.0188,10.8641],[15.1167,69.0188,0.0],[15.1125,69.0167,101.8936],[15.0979,69.0167,0.0],[15.0964,69.0151,0.0],[15.0995,69.013,0.0],[15.0943,69.012,8.8184],[15.0974,69.0089,176.75],[15.0875,69.0083,0.0],[15.0839,69.0057,6.9072],[15.0875,69.0042,89.9689],[15.0917,69.0062,112.3332],[15.0953,69.0057,188.415],[15.0932,69.0026,364.7783],[15.0833,69.0021,125.3725],[15.0792,69.0,192.8024],[15.0729,69.0021,24.0985],[15.0646,69.0021,0.0],[15.0604,69.0,11.5235],[15.0396,69.0,8.7262],[15.0354,68.9979,41.2287],[15.0292,68.9979,61.012],[15.0276,68.9984,13.0466],[15.0286,69.0016,0.0],[15.025,69.0021,0.0],[15.0089,68.9974,31.0739],[15.0068,68.9943,0.0],[15.0146,68.9938,0.0],[15.0161,68.9932,0.0],[15.0151,68.9901,0.0],[15.0245,68.9891,0.0],[15.0245,68.9859,0.0],[15.0214,68.9818,0.0],[15.0245,68.9797,3.4362],[15.0167,68.9771,0.0],[15.0068,68.9766,4.1488],[15.0083,68.975,7.0116],[15.0161,68.9745,0.0],[15.0151,68.9714,0.0],[15.0182,68.9703,0.0],[15.0167,68.9688,0.0],[15.0109,68.9682,0.0],[15.0104,68.9667,0.0],[15.0141,68.9641,19.0193],[15.0109,68.9568,0.0],[15.0182,68.9526,0.0],[15.0141,68.9464,0.0],[15.0026,68.9453,0.0],[15.0208,68.9354,0.0],[15.0411,68.9349,6.4842],[15.0401,68.9318,0.0],[15.0474,68.9287,39.5122],[15.0443,68.9213,0.0],[15.0521,68.9208,4.4024],[15.062,68.9161,5.9903],[15.0599,68.913,0.0],[15.0547,68.912,2.8941],[15.0516,68.9089,0.0],[15.0417,68.9083,0.0],[15.038,68.9057,0.0],[15.0458,68.9021,0.0],[15.0516,68.9016,0.0],[15.0521,68.9,0.0],[15.0495,68.8964,0.0],[15.0443,68.8953,0.0],[15.0411,68.8922,0.0],[15.0339,68.8912,0.0],[15.0391,68.888,2.1607],[15.0167,68.8875,0.0],[15.012,68.8839,0.0],[15.0068,68.8828,0.0],[15.0047,68.8797,2.9866],[15.0188,68.8792,0.0],[15.0234,68.8828,0.0],[15.0313,68.8854,0.0],[15.0458,68.8854,0.0],[15.062,68.8901,0.0],[15.0667,68.8938,0.0],[15.0828,68.8953,0.0],[15.0818,68.8922,0.0],[15.0854,68.8896,0.0],[15.0818,68.8839,0.0],[15.0849,68.8828,0.0],[15.0849,68.8797,0.0],[15.0776,68.8786,0.0],[15.0745,68.8734,0.0],[15.0625,68.8708,4.547],[15.0609,68.8693,0.0],[15.0896,68.8667,16.6516],[15.1167,68.8542,0.0],[15.1271,68.8542,8.2762],[15.1432,68.8495,0.0],[15.1432,68.8464,0.0],[15.1401,68.8422,0.0],[15.1432,68.8411,0.0],[15.1443,68.838,4.4123],[15.1474,68.8359,0.0],[15.1401,68.8255,0.0],[15.1495,68.8224,14.3652],[15.1464,68.8172,0.0],[15.1495,68.8151,0.0],[15.1396,68.8125,33.7578],[15.138,68.813,19.3777],[15.139099999999999,68.8161,0.0],[15.1313,68.8167,19.7441],[15.1255,68.8193,0.0],[15.1266,68.8224,6.5699],[15.1214,68.8245,7.5874],[15.1286,68.8255,0.0],[15.1307,68.8287,0.0],[15.1255,68.8297,30.3613],[15.1266,68.8328,0.0],[15.1172,68.8339,0.0],[15.1203,68.838,0.0],[15.1203,68.8411,10.048],[15.1068,68.8422,0.0],[15.1026,68.8443,1.7918],[15.1036,68.8495,0.0],[15.0943,68.8505,0.0],[15.0953,68.8536,0.0],[15.0708,68.8562,89.2046],[15.0672,68.8536,230.3623],[15.0703,68.8505,239.6584],[15.0625,68.85,490.8018],[15.0547,68.8526,323.808],[15.0557,68.8557,59.3883],[15.0542,68.8562,60.6622],[15.0417,68.8562,0.0],[15.038,68.8536,0.0],[15.0417,68.85,42.4977],[15.0401,68.8464,0.0],[15.0432,68.8453,21.4117],[15.038,68.837,0.0],[15.0411,68.8349,0.0],[15.0411,68.8318,25.4501],[15.0318,68.8266,0.0],[15.0391,68.8224,0.0],[15.0333,68.8125,0.0],[15.037,68.8099,42.5298],[15.0333,68.8042,0.0],[15.037,68.8005,7.6834],[15.0349,68.7984,0.0],[15.0313,68.7979,0.0],[15.0229,68.8021,0.0],[15.0151,68.8026,12.2285],[15.0229,68.8146,0.0],[15.0151,68.8203,0.0],[15.0172,68.8224,0.0],[15.0224,68.8234,0.0],[15.0245,68.8266,0.0],[15.0172,68.8297,0.0],[15.0182,68.8349,55.7403],[15.0068,68.8401,0.0],[15.012,68.8422,0.0],[15.0141,68.8453,0.0],[15.0063,68.8458,0.0],[14.9922,68.8526,0.0],[14.9932,68.8557,0.0],[14.9896,68.8583,3.7944],[14.9911,68.862,4.0336],[14.9833,68.8625,5.4013],[14.975,68.8667,0.0],[14.9667,68.8667,0.0],[14.9625,68.8625,159.3711],[14.9479,68.8625,0.0],[14.9292,68.8562,6.7634],[14.9208,68.8562,0.0],[14.9172,68.8536,3.2775],[14.9255,68.8484,48.5332],[14.9333,68.8479,24.844],[14.9391,68.8453,115.5822],[14.9354,68.8417,514.5068],[14.9313,68.8438,268.2087],[14.9188,68.8438,485.3825],[14.9172,68.8443,434.3376],[14.9182,68.8474,381.316],[14.9104,68.8479,367.7085],[14.9063,68.85,98.9855],[14.9026,68.8495,0.0],[14.9005,68.8474,0.0],[14.9005,68.8443,0.0],[14.9036,68.8432,68.1076],[14.9026,68.8401,0.0],[14.9057,68.8391,0.0],[14.9068,68.8359,0.0],[14.9141,68.8349,0.0],[14.9167,68.8313,0.0],[14.9245,68.8307,29.3806],[14.9234,68.8276,0.0],[14.9276,68.8255,0.0],[14.9458,68.8229,0.0],[14.9568,68.8172,0.0],[14.9646,68.8167,0.0],[14.9703,68.8141,0.0],[14.9688,68.8125,9.5039],[14.9526,68.812,6.1109],[14.9557,68.8099,36.3089],[14.9542,68.8083,186.556],[14.9458,68.8083,241.9833],[14.9375,68.8125,0.0],[14.9328,68.8089,8.1843],[14.9255,68.8078,0.0],[14.9193,68.7963,0.0],[14.9286,68.7953,0.0],[14.937,68.7911,0.0],[14.9318,68.788,0.0],[14.9396,68.7875,13.8828],[14.9411,68.7859,0.0],[14.9339,68.7849,0.0],[14.9276,68.7828,0.0],[14.9245,68.7797,0.0],[14.9193,68.7786,0.0],[14.9141,68.7714,13.6971],[14.9005,68.7703,0.0],[14.9021,68.7688,0.0],[14.9099,68.7682,0.0],[14.9104,68.7667,0.0],[14.9078,68.763,0.0],[14.9005,68.762,0.0],[14.9,68.7604,0.0],[14.9036,68.7578,0.0],[14.9026,68.7547,0.0],[14.9063,68.7521,0.0],[14.9047,68.7484,0.0],[14.9078,68.7464,0.0],[14.8938,68.7458,9.1706],[14.888,68.7484,0.0],[14.888,68.7516,0.0],[14.8938,68.7521,0.0],[14.8953,68.7536,0.0],[14.888,68.7568,5.6596],[14.888,68.7599,0.0],[14.8911,68.7641,0.0],[14.888,68.7651,0.0],[14.887,68.7682,0.0],[14.8797,68.7714,0.0],[14.8818,68.7766,0.0],[14.8859,68.7807,1.65],[14.8979,68.7833,0.0],[14.8995,68.7849,0.0],[14.8943,68.7859,0.0],[14.8849,68.7911,0.0],[14.8771,68.7917,3.2461],[14.8729,68.7937,0.0],[14.8604,68.7937,0.0],[14.8563,68.7917,9.2156],[14.8479,68.7917,0.0],[14.8438,68.7896,9.6051],[14.8354,68.7896,0.0],[14.8313,68.7917,0.0],[14.8167,68.7833,0.0],[14.8021,68.7833,0.0],[14.7979,68.7813,0.0],[14.7667,68.7813,0.0],[14.7599,68.7755,20.8055],[14.7547,68.7745,0.0],[14.7526,68.7724,0.0],[14.7557,68.7693,0.0],[14.7503,68.7688,0.0]]],
[[[14.6875,68.6604,0.6955],[14.6839,68.6599,0.0],[14.6797,68.6526,0.0],[14.6833,68.6521,0.0],[14.688,68.6557,0.0],[14.6932,68.6568,0.3593],[14.6875,68.6604,0.6955]]],
[[[14.4583,68.7312,0.0],[14.462,68.7318,0.0],[14.4641,68.7349,0.0],[14.4484,68.737,0.0],[14.451599999999999,68.7349,0.7617],[14.4505,68.7318,0.0],[14.4583,68.7312,0.0]]],
[[[14.4375,68.7771,38.5875],[14.4391,68.7786,13.6352],[14.4297,68.7786,0.0],[14.4313,68.7771,0.0],[14.4375,68.7771,38.5875]]],
[[[14.9057,68.7786,0.0],[14.8979,68.7792,4.8408],[14.8943,68.7755,0.0],[14.8979,68.775,0.0],[14.9057,68.7786,0.0]]],
[[[14.7047,68.8026,8.8727],[14.7083,68.8021,0.0],[14.7099,68.8037,0.0],[14.7063,68.8042,16.0153],[14.7047,68.8026,8.8727]]],
[[[14.8417,68.8354,0.0],[14.8313,68.8354,0.0],[14.825,68.8333,5.2281],[14.8234,68.8339,0.0],[14.8245,68.837,0.0],[14.8208,68.8375,0.0],[14.8167,68.8354,2.5789],[14.8021,68.8354,0.0],[14.7943,68.8328,13.37],[14.7901,68.8287,0.0],[14.7932,68.8255,5.9241],[14.788,68.8245,0.0],[14.7859,68.8214,0.0],[14.7891,68.8203,0.0],[14.7917,68.8167,0.0],[14.8036,68.8161,0.0],[14.812,68.812,2.7214],[14.813,68.8089,0.0],[14.8161,68.8068,0.0],[14.8063,68.8063,0.0],[14.7833,68.8125,0.0],[14.775,68.8125,0.0],[14.7703,68.8089,0.0],[14.7505,68.8037,0.0],[14.7391,68.7963,18.7152],[14.7255,68.7911,0.0],[14.7193,68.7818,0.0],[14.7229,68.7813,0.0],[14.7292,68.7833,0.0],[14.7354,68.7813,0.0],[14.7396,68.7833,0.0],[14.7604,68.7854,0.0],[14.7708,68.7896,20.9051],[14.7813,68.7896,0.0],[14.7859,68.7953,18.6541],[14.7974,68.7963,0.0],[14.8,68.8,0.0],[14.7964,68.8026,0.0],[14.7979,68.8042,0.0],[14.8125,68.8042,0.0],[14.8208,68.8,0.0],[14.8313,68.8,0.0],[14.8354,68.7979,0.0],[14.8453,68.7984,0.0],[14.8359,68.8016,0.0],[14.8474,68.8026,0.0],[14.8495,68.8057,7.5931],[14.8464,68.8078,6.2091],[14.8599,68.813,0.0],[14.8583,68.8146,0.0],[14.8505,68.8151,15.9561],[14.8464,68.8182,0.0],[14.8583,68.8187,0.0],[14.8599,68.8203,0.0],[14.8443,68.8214,0.0],[14.8495,68.8307,0.0],[14.8443,68.8318,0.0],[14.8453,68.8349,2.7038],[14.8417,68.8354,0.0]]],
[[[14.8974,68.8089,0.0],[14.9026,68.8141,0.818],[14.9078,68.8151,0.0],[14.9099,68.8182,0.0],[14.8979,68.8229,2.7742],[14.8922,68.8182,0.0],[14.8974,68.8151,5.3996],[14.8854,68.8146,0.0],[14.8776,68.812,0.0],[14.8807,68.8089,0.0],[14.8687,68.8063,2.3356],[14.8672,68.8047,0.0],[14.8729,68.8021,0.0],[14.8813,68.8021,0.0],[14.8859,68.8078,2.5478],[14.8974,68.8089,0.0]]],
[[[14.55,68.8187,5.8491],[14.5536,68.8193,0.0],[14.5536,68.8203,0.0],[14.5484,68.8203,0.2222],[14.55,68.8187,5.8491]]],
[[[14.6104,68.825,2.237],[14.6042,68.825,0.0],[14.6026,68.8234,0.0],[14.6104,68.8208,0.0],[14.6141,68.8245,0.4085],[14.6104,68.825,2.237]]],
[[[14.5708,68.8313,0.0],[14.5625,68.8313,26.6279],[14.5589,68.8276,0.0],[14.5687,68.8271,9.2867],[14.5724,68.8297,0.0],[14.5708,68.8313,0.0]]],
[[[14.8932,68.8276,6.0369],[14.8896,68.8292,0.0],[14.8875,68.8271,0.0],[14.8896,68.825,0.0],[14.8932,68.8276,6.0369]]],
[[[14.7776,68.8349,0.0],[14.7828,68.8359,0.0],[14.787,68.8401,0.0],[14.7891,68.8453,0.0],[14.775,68.8521,4.3871],[14.7714,68.8516,63.2812],[14.7667,68.8479,400.1353],[14.7521,68.8479,9.4618],[14.7443,68.8453,0.0],[14.7422,68.8422,1.568],[14.7604,68.8396,0.0],[14.762,68.838,0.0],[14.7578,68.8318,5.5585],[14.7443,68.8287,0.0],[14.7474,68.8255,0.0],[14.7339,68.8203,25.7927],[14.7318,68.8172,0.0],[14.7542,68.8104,0.0],[14.762,68.813,0.0],[14.7667,68.8167,13.69],[14.7766,68.8172,0.0],[14.7786,68.8193,0.0],[14.7786,68.8224,0.0],[14.7672,68.8287,0.0],[14.7693,68.8328,5.2165],[14.7776,68.8349,0.0]]],
[[[14.713,68.8328,4.7882],[14.7109,68.8297,0.0],[14.7151,68.8276,17.0241],[14.725,68.8271,6.432],[14.7271,68.8292,3.8943],[14.7234,68.8328,4.5399],[14.7292,68.8333,0.0],[14.7307,68.8349,0.0],[14.7208,68.8354,3.1596],[14.713,68.8328,4.7882]]],
[[[14.8208,68.8458,0.0],[14.8172,68.8432,0.0],[14.8172,68.8401,0.0],[14.8417,68.8396,0.0],[14.8479,68.8458,13.7906],[14.8474,68.8474,19.603],[14.8417,68.85,0.0],[14.8375,68.8479,0.0],[14.8271,68.8479,9.424],[14.8208,68.8458,0.0]]],
[[[16.1729,68.3396,4.0604],[16.1714,68.338,0.0],[16.1745,68.338,0.0],[16.1745,68.3391,2.9275],[16.1729,68.3396,4.0604]]],
[[[16.174,68.3521,0.0],[16.1625,68.3542,6.8469],[16.1542,68.3583,0.0],[16.1458,68.3583,0.0],[16.1396,68.3562,19.466],[16.1354,68.3583,0.0],[16.1,68.3583,0.0],[16.0958,68.3562,10.9568],[16.0875,68.3562,0.0],[16.0771,68.3521,0.0],[16.0714,68.3516,0.0],[16.0688,68.3479,19.5965],[16.0589,68.3474,0.0],[16.0536,68.3422,36.6968],[16.0484,68.3411,5.9391],[16.0438,68.3354,0.0],[16.0443,68.3339,0.0],[16.0542,68.3292,0.0],[16.0583,68.3313,17.2461],[16.0667,68.3313,0.0],[16.0708,68.3333,0.0],[16.0792,68.3333,14.4662],[16.0854,68.3313,0.0],[16.0896,68.3333,39.3903],[16.1021,68.3333,0.0],[16.1063,68.3354,32.4019],[16.1333,68.3354,0.0],[16.1375,68.3375,28.433],[16.1625,68.3375,0.0],[16.1813,68.3438,0.0],[16.1891,68.3432,7.6169],[16.1917,68.3396,5.2883],[16.2161,68.3401,4.1635],[16.213,68.3422,11.5986],[16.2141,68.3453,0.0],[16.2125,68.3458,0.0],[16.2062,68.3438,14.7653],[16.1938,68.3438,1.372],[16.1896,68.3458,0.0],[16.1818,68.3464,0.0],[16.1828,68.3495,0.0],[16.174,68.3521,0.0]]],
[[[16.9203,68.3526,0.0],[16.9167,68.3542,1.2833],[16.913,68.3505,5.2748],[16.9167,68.35,0.0],[16.9203,68.3526,0.0]]],
[[[16.2104,68.3521,0.0],[16.2141,68.3526,0.0],[16.2161,68.3557,0.0],[16.2021,68.3583,0.0],[16.1984,68.3557,4.4247],[16.2,68.3542,0.0],[16.2062,68.3542,6.9215],[16.2104,68.3521,0.0]]],
[[[16.0724,68.3609,0.0],[16.0745,68.3641,0.0],[16.0693,68.3641,0.0],[16.0693,68.3609,0.0],[16.0724,68.3609,0.0]]],
[[[15.937,68.3672,0.7449],[15.9354,68.3688,0.0],[15.9255,68.3682,0.0],[15.9271,68.3667,0.0],[15.937,68.3672,0.7449]]],
[[[17.5276,68.3839,34.1808],[17.525,68.3854,9.4331],[17.5214,68.3849,20.5551],[17.5271,68.3812,250.9066],[17.5286,68.3818,187.6615],[17.5276,68.3839,34.1808]]],
[[[17.4755,68.3922,85.7284],[17.4792,68.3917,130.3651],[17.4807,68.3932,37.2471],[17.4771,68.3938,14.0928],[17.4755,68.3922,85.7284]]],
[[[17.0604,68.3938,0.0],[17.0589,68.3932,0.0],[17.0589,68.3922,2.3816],[17.062,68.3922,0.0],[17.0604,68.3938,0.0]]],
[[[15.8568,68.4161,0.99],[15.8578,68.4182,1.9806],[15.8563,68.4187,1.9806],[15.8526,68.4182,0.0],[15.8521,68.4167,0.0],[15.8542,68.4146,1.5668],[15.8568,68.4161,0.99]]],
[[[17.2214,68.4297,0.0],[17.225,68.4292,0.0],[17.2266,68.4307,0.0],[17.2229,68.4313,0.0],[17.2214,68.4297,0.0]]],
[[[16.0422,68.4526,0.0],[16.0458,68.4521,7.5795],[16.0474,68.4537,0.0],[16.0438,68.4542,0.0],[16.0422,68.4526,0.0]]],
[[[15.3297,68.3714,4.9377],[15.3271,68.3729,4.419],[15.3234,68.3724,0.0],[15.3214,68.3672,0.0],[15.325,68.3667,1.8245],[15.3328,68.3693,0.0],[15.3297,68.3714,4.9377]]],
[[[15.3479,68.3812,10.6123],[15.3401,68.3786,0.0],[15.338,68.3755,2.2843],[15.3417,68.375,0.0],[15.3516,68.3797,15.5858],[15.3479,68.3812,10.6123]]],
[[[15.5813,68.6208,0.0],[15.5797,68.6203,0.0],[15.5797,68.6193,0.0],[15.5828,68.6193,0.8271],[15.5813,68.6208,0.0]]],
[[[15.0021,68.3458,12.629],[14.9943,68.3432,0.579],[14.9922,68.3401,16.3357],[15.0036,68.3401,2.7995],[15.0057,68.3453,42.0009],[15.0021,68.3458,12.629]]],
[[[14.9922,68.4526,0.0],[14.9958,68.4521,7.0565],[14.9974,68.4537,0.0],[14.9938,68.4542,0.0],[14.9922,68.4526,0.0]]],
[[[14.9536,68.4547,0.0],[14.9568,68.4578,0.0],[14.962,68.4589,0.0],[14.9641,68.462,0.0],[14.9583,68.4646,0.0],[14.9396,68.4646,0.0],[14.938,68.463,0.0],[14.9458,68.4625,0.0],[14.9516,68.4589,0.0],[14.9417,68.4563,3.1848],[14.9255,68.4557,0.0],[14.9271,68.4542,0.0],[14.9536,68.4547,0.0]]],
[[[15.0083,68.4583,0.0],[15.0167,68.4583,0.0],[15.0208,68.4563,2.3649],[15.0266,68.462,0.0],[15.0063,68.4625,0.0],[15.0026,68.4599,0.0],[15.0042,68.4583,0.0],[15.0083,68.4583,0.0]]],
[[[15.1982,68.4853,0.0],[15.1911,68.4891,0.0],[15.1813,68.4917,0.0],[15.1729,68.4917,4.183],[15.1667,68.4896,0.0],[15.1625,68.4917,0.0],[15.1578,68.488,0.0],[15.15,68.4854,0.0],[15.1354,68.4854,5.1127],[15.1318,68.4818,0.0],[15.1349,68.4807,2.7277],[15.1339,68.4776,0.0],[15.1354,68.4771,0.0],[15.1771,68.4771,0.0],[15.1813,68.4792,15.1068],[15.2036,68.4797,0.0],[15.2036,68.4828,4.594],[15.1982,68.4853,0.0]]],
[[[15.2167,68.4938,0.0],[15.2083,68.4938,0.0],[15.2047,68.4901,0.0],[15.2224,68.4901,0.0],[15.2224,68.4932,0.0],[15.2167,68.4938,0.0]]],
[[[15.1932,68.5078,5.0711],[15.1896,68.5083,0.0],[15.1818,68.5047,0.0],[15.1974,68.5047,0.0],[15.1932,68.5078,5.0711]]],
[[[15.0516,68.5422,0.0],[15.0505,68.5401,0.0],[15.0583,68.5375,0.0],[15.062,68.5401,0.0],[15.0563,68.5437,1.5032],[15.0516,68.5422,0.0]]],
[[[15.012,68.5599,0.0],[15.0083,68.5604,0.0],[15.0005,68.5568,2.2563],[15.0083,68.5563,0.0],[15.012,68.5599,0.0]]],
[[[14.9901,68.5693,0.0],[14.9938,68.5687,0.0],[14.9953,68.5703,0.0],[14.9917,68.5708,0.0],[14.9901,68.5693,0.0]]],
[[[16.9229,68.4708,0.0],[16.9188,68.4708,0.0],[16.9109,68.4672,1.6329],[16.9307,68.4672,0.0],[16.9286,68.4703,1.1111],[16.9229,68.4708,0.0]]],
[[[16.9505,68.4766,0.0],[16.9484,68.4734,0.0],[16.9516,68.4724,0.0],[16.9505,68.4693,0.0],[16.9557,68.4693,0.0],[16.9599,68.4734,0.0],[16.9557,68.4766,0.0],[16.9505,68.4766,0.0]]],
[[[16.4333,68.5437,0.0],[16.4318,68.5422,0.0],[16.4354,68.5417,0.0],[16.4354,68.5437,0.0],[16.4333,68.5437,0.0]]],
[[[16.2333,68.5583,0.0],[16.2318,68.5578,0.0],[16.2318,68.5568,4.8505],[16.2349,68.5568,3.8856],[16.2333,68.5583,0.0]]],
[[[16.5484,68.563,0.0],[16.5521,68.5625,0.0],[16.5536,68.5641,0.0],[16.55,68.5646,0.0],[16.5484,68.563,0.0]]],
[[[15.5214,68.6276,17.1578],[15.525,68.6271,45.1249],[15.5266,68.6286,23.0281],[15.5229,68.6292,0.0],[15.5214,68.6276,17.1578]]],
[[[15.4917,68.6417,22.5163],[15.4839,68.6412,19.3382],[15.4818,68.6359,0.0],[15.4917,68.6354,0.0],[15.4995,68.638,0.0],[15.4953,68.6412,18.1024],[15.4917,68.6417,22.5163]]],
[[[15.4625,68.6521,0.0],[15.4583,68.6521,0.0],[15.4568,68.6505,0.0],[15.4599,68.6495,0.0],[15.4625,68.6458,0.0],[15.475,68.6458,0.0],[15.4786,68.6484,0.0],[15.4729,68.6521,0.0],[15.4625,68.6521,0.0]]],
[[[16.1599,69.2932,2.7787],[16.1568,69.2943,3.7422],[16.1578,69.2974,0.0],[16.1484,69.2984,0.0],[16.1443,69.3005,0.0],[16.1453,69.3037,0.0],[16.1339,69.3089,0.0],[16.1328,69.312,0.0],[16.1297,69.3141,0.0],[16.1354,69.3146,0.0],[16.137,69.3161,0.0],[16.1297,69.3193,0.0],[16.1286,69.3224,0.0],[16.1229,69.325,0.0],[16.1167,69.325,0.0],[16.1099,69.3193,0.0],[16.1047,69.3182,1.6202],[16.1078,69.3161,0.0],[16.1063,69.3146,0.0],[16.0833,69.3125,0.0],[16.05,69.3021,0.0],[16.0172,69.2953,0.0],[16.0245,69.2911,55.5821],[16.0229,69.2896,135.7656],[16.0083,69.2896,329.7692],[15.9984,69.2943,158.284],[15.9995,69.2974,55.1045],[15.9958,69.2979,36.043],[15.9901,69.2932,0.0],[15.987,69.288,0.0],[15.9734,69.2849,0.0],[15.9682,69.2797,0.0],[15.963,69.2786,0.0],[15.9599,69.2755,0.0],[15.9521,69.2729,8.4559],[15.9417,69.2729,0.0],[15.9313,69.2688,14.2274],[15.9083,69.2667,0.0],[15.9016,69.2609,233.062],[15.8917,69.2604,179.5285],[15.8818,69.2578,0.0],[15.887,69.2547,46.1703],[15.875,69.2542,0.0],[15.8688,69.25,30.0955],[15.8625,69.25,166.5208],[15.8542,69.2542,5.0381],[15.8505,69.2536,0.0],[15.8589,69.2484,0.0],[15.8682,69.2474,77.0111],[15.8625,69.2417,316.5984],[15.8401,69.2391,0.0],[15.8417,69.2375,0.0],[15.8521,69.2375,0.0],[15.8563,69.2354,0.0],[15.8641,69.2349,0.0],[15.863,69.2297,0.0],[15.8661,69.2286,6.8864],[15.8563,69.225,148.6075],[15.8401,69.2245,0.0],[15.8458,69.2208,0.0],[15.8536,69.2203,0.0],[15.8526,69.2151,0.0],[15.8557,69.213,0.0],[15.8526,69.2089,0.0],[15.8578,69.2068,0.0],[15.8526,69.2016,-0.0765],[15.8516,69.1984,-0.5371],[15.8417,69.1979,1.8888],[15.8354,69.2,0.0],[15.8104,69.1917,0.0],[15.7984,69.1911,1.3288],[15.8,69.1896,1.3975],[15.8063,69.1896,2.1122],[15.8104,69.1875,0.0],[15.8245,69.187,0.0],[15.8229,69.1854,0.0],[15.8109,69.1828,0.5588],[15.8141,69.1797,0.0],[15.8068,69.1755,1.338],[15.8125,69.1729,0.0],[15.8203,69.1724,6.2996],[15.8188,69.1708,4.3223],[15.813,69.1703,0.0],[15.8161,69.1682,0.0],[15.8151,69.163,7.0361],[15.8313,69.1667,6.3812],[15.8411,69.162,5.2974],[15.8391,69.1568,6.3477],[15.8208,69.1521,7.1908],[15.8125,69.1521,5.3596],[15.8021,69.1479,8.5195],[15.7917,69.1479,5.2587],[15.7854,69.1438,5.201],[15.7792,69.1438,5.7955],[15.7776,69.1453,5.2493],[15.7797,69.1495,6.4261],[15.787,69.1505,5.0276],[15.7891,69.1526,7.3603],[15.7875,69.1542,-0.539],[15.7729,69.1542,-0.5845],[15.7667,69.15,-0.0644],[15.7604,69.1521,0.0],[15.7589,69.1505,-0.321],[15.762,69.1484,-0.0457],[15.7583,69.1479,0.0602],[15.7521,69.15,0.0],[15.7417,69.1458,-0.7695],[15.7354,69.1479,-0.2624],[15.7292,69.1479,-0.1048],[15.725,69.15,0.0],[15.7125,69.15,0.0],[15.7083,69.1479,0.3776],[15.6964,69.1474,-0.2448],[15.6979,69.1458,-1.6933],[15.7042,69.1458,-0.7121],[15.7099,69.1432,-0.3079],[15.7099,69.1401,-1.0],[15.7083,69.1396,-0.2693],[15.6688,69.1396,-0.1499],[15.6646,69.1354,0.0],[15.6682,69.1328,0.0],[15.6667,69.1312,3.534],[15.6521,69.1292,7.5526],[15.6479,69.1312,0.0],[15.6396,69.1312,0.0],[15.6208,69.125,3.1027],[15.6125,69.125,0.0],[15.6078,69.1214,-0.096],[15.6005,69.1203,0.0],[15.6005,69.1172,2.9821],[15.6099,69.1162,0.0],[15.6078,69.113,-0.1632],[15.5979,69.1125,-0.1606],[15.5818,69.1078,2.0437],[15.5797,69.1047,14.8618],[15.5828,69.1026,61.6799],[15.5792,69.1,262.4851],[15.563,69.0995,22.4404],[15.5661,69.0974,33.1514],[15.5651,69.0943,0.0],[15.5729,69.0938,127.976],[15.5745,69.0922,311.7635],[15.563,69.0911,2.5212],[15.5661,69.0891,50.224],[15.5646,69.0875,118.1112],[15.5583,69.0896,0.0],[15.5521,69.0896,0.0],[15.5484,69.087,0.0],[15.5599,69.0807,0.0],[15.5599,69.0776,6.6338],[15.5526,69.0766,0.0],[15.5495,69.0734,0.205],[15.5417,69.0708,1.0073],[15.5318,69.0703,0.284],[15.5271,69.0667,-1.0],[15.5208,69.0687,0.0],[15.5172,69.0682,0.0],[15.5172,69.0651,-0.1224],[15.5229,69.0646,0.733],[15.5307,69.0609,0.0],[15.5255,69.0557,0.0],[15.5245,69.0526,0.0],[15.5042,69.0479,0.0],[15.5005,69.0453,0.0],[15.5057,69.0432,-0.4486],[15.5026,69.038,0.0],[15.5057,69.0359,-0.7935],[15.5005,69.0349,0.0],[15.4964,69.0307,-0.3387],[15.4995,69.0286,0.0],[15.4995,69.0255,-1.5],[15.4896,69.0229,-0.0616],[15.4688,69.0229,0.0],[15.4609,69.0203,0.0],[15.4568,69.0162,0.0],[15.4547,69.0109,-0.049],[15.4578,69.0099,0.0],[15.4568,69.0068,0.0],[15.462,69.0057,-0.9662],[15.4661,69.0026,3.9117],[15.4641,69.0005,2.5251],[15.4505,68.9974,0.0],[15.4474,68.9943,0.0],[15.4422,68.9932,0.0],[15.437,68.988,0.0],[15.4318,68.987,0.0],[15.4234,68.9766,0.0],[15.425,68.975,0.0],[15.4313,68.975,3.8239],[15.437,68.9724,0.0],[15.4359,68.9672,0.0],[15.4391,68.9661,3.5568],[15.438,68.9609,0.0],[15.4411,68.9599,14.0488],[15.4396,68.9583,6.0795],[15.4339,68.9578,0.0],[15.4417,68.9521,4.1616],[15.4375,68.9458,0.0],[15.4411,68.9422,31.7032],[15.4375,68.9375,0.0],[15.4411,68.9349,3.7961],[15.438,68.9297,0.0],[15.4417,68.9271,0.0],[15.4359,68.9193,0.0],[15.4411,68.9182,14.9268],[15.4536,68.9109,343.4358],[15.4438,68.9104,430.5244],[15.4396,68.9125,264.6468],[15.4359,68.912,52.6239],[15.4349,68.9089,103.8113],[15.4276,68.9078,0.0],[15.4245,68.9026,2.5105],[15.413,68.9016,0.0],[15.4161,68.8995,0.5296],[15.4151,68.8964,0.0],[15.4208,68.8938,0.0],[15.4286,68.8932,6.6778],[15.4276,68.8901,0.0],[15.4349,68.887,0.0],[15.4359,68.8839,0.0],[15.4443,68.8797,0.0],[15.4521,68.8792,0.0],[15.4563,68.8771,0.0],[15.4667,68.8771,30.3245],[15.475,68.8729,0.0],[15.4813,68.8729,0.0],[15.4875,68.8708,0.0],[15.4911,68.8734,0.0],[15.4943,68.8786,0.0],[15.5078,68.8818,0.0],[15.5193,68.8891,0.9515],[15.5328,68.8922,0.0],[15.5359,68.8953,0.0],[15.5411,68.8964,0.0],[15.5464,68.9036,0.0],[15.5536,68.9047,0.0],[15.5609,68.9161,2.8037],[15.5682,68.9172,0.0],[15.5693,68.9203,0.0],[15.5745,68.9255,0.0],[15.5786,68.9318,0.0],[15.5755,68.9349,3.92],[15.5807,68.9359,0.0],[15.5828,68.938,0.0],[15.5792,68.9417,0.9124],[15.587,68.9526,0.0],[15.5839,68.9557,0.0],[15.5859,68.9599,0.0],[15.5932,68.9609,0.0],[15.5901,68.963,2.3004],[15.5901,68.9661,0.0],[15.5953,68.9714,0.0],[15.6016,68.9828,0.0],[15.5984,68.9839,0.983],[15.5995,68.987,0.0],[15.5979,68.9875,0.0],[15.5813,68.9896,5.6072],[15.5729,68.9938,0.0],[15.5604,68.9938,0.0],[15.5563,68.9958,0.0],[15.5484,68.9964,-0.0104],[15.5443,68.9984,0.5871],[15.5453,69.0016,0.0],[15.5422,69.0026,-0.3644],[15.5438,69.0042,-0.4018],[15.5625,69.0042,4.1093],[15.5667,69.0021,0.0],[15.5958,69.0021,6.0814],[15.6,69.0,0.0],[15.6182,68.9974,1.0718],[15.6172,68.9943,0.0],[15.6203,68.9932,0.0],[15.6193,68.9901,0.0],[15.6245,68.9891,0.9203],[15.6234,68.9859,0.0],[15.6307,68.9828,1.6173],[15.6297,68.9797,0.0],[15.6328,68.9786,0.0],[15.6313,68.9771,0.0],[15.6229,68.9771,0.0],[15.6193,68.9745,0.0],[15.6193,68.9714,0.0],[15.6224,68.9703,0.0],[15.6214,68.9672,0.0],[15.6354,68.9667,6.8281],[15.6443,68.9745,0.0],[15.6495,68.9755,0.0],[15.6516,68.9776,0.0],[15.6516,68.9807,0.0],[15.6484,68.9818,0.0],[15.65,68.9833,0.0],[15.6599,68.9828,0.0],[15.6589,68.9797,0.0],[15.6604,68.9792,0.0],[15.6807,68.9786,0.0],[15.6792,68.9771,0.0],[15.6734,68.9766,0.0],[15.6714,68.9745,0.0],[15.6729,68.9729,0.0],[15.6875,68.9729,0.0],[15.6974,68.9776,0.0],[15.6901,68.9818,0.0],[15.6917,68.9833,0.0],[15.7125,68.9833,0.0],[15.7172,68.9891,0.0],[15.7229,68.9896,0.0],[15.7333,68.9938,0.0],[15.737,68.9932,0.0],[15.7359,68.9901,0.0],[15.7401,68.988,0.5183],[15.7453,68.988,0.0],[15.7422,68.9912,0.0],[15.7464,68.9974,0.0],[15.7536,68.9984,0.0],[15.7547,69.0016,2.4816],[15.762,69.0026,0.0],[15.7667,69.0083,0.0],[15.7771,69.0083,0.0],[15.7813,69.0104,0.0],[15.8021,69.0104,0.0],[15.8063,69.0125,0.0],[15.8208,69.0125,0.0],[15.8313,69.0167,0.0],[15.837,69.0172,0.0],[15.8396,69.0208,0.9451],[15.8438,69.0208,0.0],[15.8479,69.0229,0.0],[15.8625,69.0229,0.0],[15.8724,69.0255,0.0],[15.8745,69.0307,0.0],[15.8688,69.0333,0.0],[15.8609,69.0339,0.0],[15.8568,69.037,0.0],[15.8703,69.0401,0.0],[15.875,69.0458,0.0],[15.887,69.0463,0.0],[15.8901,69.0516,0.0],[15.8974,69.0526,0.0],[15.9005,69.0578,0.0],[15.9078,69.0589,0.0],[15.912,69.0661,0.0],[15.9042,69.0667,0.0],[15.9026,69.0682,0.0],[15.9161,69.0714,0.0],[15.9255,69.0828,0.0],[15.9307,69.0839,0.0],[15.9339,69.087,0.0],[15.9417,69.0896,0.0],[15.95,69.0875,0.0],[15.9547,69.0911,0.0],[15.9599,69.0922,0.0],[15.962,69.0943,0.0],[15.9589,69.0964,0.0],[15.9609,69.1016,0.0],[15.9682,69.1026,0.0],[15.9703,69.1047,0.0],[15.9703,69.1078,0.0],[15.9672,69.1099,0.0],[15.9807,69.1109,0.0],[15.9818,69.1141,4.2777],[15.9974,69.1172,0.0],[16.0,69.1208,0.0],[16.0083,69.1188,0.0],[16.0161,69.1214,0.0],[16.013,69.1234,-0.4743],[16.0141,69.1266,0.0],[16.0109,69.1276,0.0],[16.0125,69.1292,0.0],[16.0167,69.1292,0.0],[16.0208,69.1312,0.0],[16.0292,69.1312,0.0],[16.0333,69.1333,0.0],[16.0417,69.1333,0.0],[16.0458,69.1354,0.0],[16.0578,69.1359,0.0],[16.0589,69.1391,0.0],[16.0661,69.1401,0.0],[16.0714,69.1474,0.0],[16.0786,69.1484,0.0],[16.0849,69.1505,0.0],[16.088,69.1536,1.0198],[16.0932,69.1547,0.0],[16.0901,69.1578,1.9384],[16.0922,69.1599,1.8523],[16.0995,69.1609,0.0],[16.0995,69.1641,0.0],[16.0964,69.1661,2.2352],[16.1021,69.1729,1.5584],[16.1016,69.1745,0.0],[16.0943,69.1776,3.3957],[16.0979,69.1833,0.0],[16.0943,69.1859,0.0],[16.0953,69.1891,0.0],[16.0922,69.1911,0.0],[16.0974,69.1922,0.0],[16.1104,69.2083,0.4664],[16.1099,69.2099,0.0],[16.1042,69.2104,0.0],[16.0964,69.2141,4.2619],[16.1036,69.2151,0.0],[16.1182,69.2338,0.0],[16.1151,69.2359,0.0],[16.1151,69.2391,3.0771],[16.1172,69.2412,1.2555],[16.1245,69.2422,0.0],[16.1255,69.2453,0.0],[16.1542,69.2521,0.0],[16.162,69.2547,0.0],[16.1651,69.2578,0.5149],[16.175,69.2583,0.0],[16.1786,69.2609,0.0],[16.1755,69.263,0.0],[16.1766,69.2662,0.0],[16.1693,69.2703,0.2896],[16.1745,69.2714,0.0],[16.1786,69.2755,0.0],[16.1786,69.2786,0.0],[16.1755,69.2807,0.0362],[16.1807,69.287,0.2697],[16.1667,69.2875,4.7299],[16.1651,69.2891,3.3803],[16.1703,69.2911,0.0],[16.1625,69.2917,0.0],[16.1599,69.2932,2.7787]]],
[[[15.7417,69.1542,0.0],[15.7479,69.1542,0.0],[15.7495,69.1557,-1.1743],[15.7339,69.1578,-0.6669],[15.738,69.1547,0.0],[15.7417,69.1542,0.0]]],
[[[15.8,69.1604,0.0],[15.7974,69.1568,0.0],[15.7917,69.1563,0.0],[15.7901,69.1547,-0.6555],[15.8016,69.1547,5.0484],[15.8047,69.1578,5.3867],[15.8099,69.1589,5.4332],[15.812,69.162,8.3776],[15.8021,69.1625,0.0],[15.8,69.1604,0.0]]],
[[[15.3354,68.7583,0.0],[15.3375,68.7604,0.0],[15.3354,68.7625,2.63],[15.3318,68.7589,0.0],[15.3354,68.7583,0.0]]],
[[[15.45,68.7833,3.824],[15.4458,68.7833,0.0],[15.4443,68.7818,0.0],[15.4474,68.7807,0.0],[15.45,68.7771,0.0],[15.4641,68.7776,0.0],[15.4609,68.7797,0.0],[15.462,68.7828,0.0],[15.45,68.7833,3.824]]],
[[[15.3505,68.8776,0.0],[15.3542,68.8771,0.0],[15.3557,68.8786,0.0],[15.3521,68.8792,0.0],[15.3505,68.8776,0.0]]],
[[[15.3479,68.8812,0.0],[15.3464,68.8797,0.0],[15.3495,68.8797,0.0],[15.3495,68.8807,0.0],[15.3479,68.8812,0.0]]],
[[[14.9604,68.8688,2.2564],[14.962,68.8703,0.0],[14.9568,68.8703,1.2075],[14.9568,68.8693,8.1443],[14.9604,68.8688,2.2564]]],
[[[15.0563,68.8771,0.0],[15.05,68.8771,0.0],[15.0484,68.8755,0.0],[15.0542,68.8729,0.0],[15.0604,68.8729,0.0],[15.0641,68.8755,-0.2784],[15.0625,68.8771,0.0],[15.0563,68.8771,0.0]]],
[[[14.9271,68.9604,0.0],[14.9333,68.9583,0.0],[14.9396,68.9583,0.0],[14.9495,68.9609,0.0],[14.9516,68.9661,5.097],[14.9479,68.9667,0.0],[14.9438,68.9646,0.0],[14.9354,68.9646,0.0],[14.9255,68.962,0.0],[14.9271,68.9604,0.0]]],
[[[14.7729,68.8562,0.0],[14.7745,68.8578,0.6457],[14.7693,68.8578,6.5176],[14.7693,68.8568,5.7664],[14.7729,68.8562,0.0]]],
[[[14.8339,68.8651,0.3997],[14.837,68.8651,0.0029],[14.8401,68.8682,5.5454],[14.8479,68.8708,2.5006],[14.8583,68.8708,0.0],[14.8599,68.8724,0.0],[14.8542,68.875,2.3024],[14.8458,68.875,0.0],[14.8396,68.8708,1.1238],[14.8333,68.8729,1.8602],[14.8276,68.8672,0.0],[14.8339,68.8651,0.3997]]],
[[[14.9167,68.9271,0.0],[14.9083,68.9313,0.0],[14.9005,68.9318,32.2936],[14.9016,68.9349,0.0],[14.9,68.9354,0.0],[14.8875,68.9354,123.4381],[14.8813,68.9313,387.7626],[14.875,68.9333,191.8155],[14.8609,68.9328,0.0],[14.8589,68.9297,0.0],[14.8682,68.9287,0.0],[14.8661,68.9234,43.8008],[14.85,68.9229,2.1425],[14.8464,68.9193,0.0],[14.8495,68.9182,0.0],[14.8484,68.9151,0.0],[14.8578,68.9141,0.0],[14.862,68.912,0.0],[14.863,68.9089,0.0737],[14.8745,68.9026,339.45],[14.8708,68.9,602.2628],[14.8583,68.9,452.4055],[14.8542,68.9021,101.2947],[14.8443,68.9016,0.0],[14.8495,68.8984,65.582],[14.8422,68.8974,0.0],[14.8339,68.8839,0.0],[14.8479,68.8833,0.0],[14.8521,68.8854,0.0],[14.8667,68.8854,0.0],[14.8708,68.8833,0.0],[14.8771,68.8833,0.0],[14.8786,68.8818,16.5366],[14.8766,68.8797,0.6884],[14.8708,68.8792,0.0],[14.8693,68.8776,0.0],[14.8854,68.8729,0.0],[14.9333,68.8729,0.0],[14.9375,68.875,0.0],[14.9458,68.875,0.0],[14.95,68.8729,0.0],[14.9625,68.8729,0.0],[14.9688,68.8771,0.0],[14.9849,68.8776,0.0],[14.988,68.8807,0.0],[14.9932,68.8818,0.0],[14.9964,68.887,9.1599],[15.0036,68.888,0.0],[15.0057,68.8901,0.0],[15.0005,68.8932,0.0],[15.0057,68.8984,0.0],[15.0057,68.9016,0.0],[14.9964,68.9026,0.0],[14.9974,68.9057,0.0],[14.9943,68.9068,0.0],[14.9953,68.9099,0.0],[14.9833,68.9146,0.0],[14.9755,68.9151,30.3236],[14.9771,68.9167,30.7985],[14.9828,68.9172,0.0],[14.9797,68.9193,0.0],[14.9807,68.9245,0.0],[14.9682,68.9307,0.0],[14.963,68.9307,0.0],[14.9599,68.9276,100.7002],[14.9521,68.925,0.0],[14.9375,68.925,0.0],[14.9333,68.9229,2.1021],[14.925,68.9229,4.8198],[14.9167,68.9271,0.0]]],
[[[14.9943,68.9672,2.6647],[14.9979,68.9667,7.775],[14.9995,68.9682,15.5988],[14.9958,68.9688,1.4922],[14.9943,68.9672,2.6647]]],
[[[15.2005,68.9724,0.0],[15.2036,68.9693,4.7637],[15.1984,68.9682,0.0],[15.2,68.9667,0.0],[15.2078,68.9672,0.0],[15.212,68.9714,0.0],[15.2104,68.9729,0.0],[15.2005,68.9724,0.0]]],
[[[15.2172,68.9776,6.1122],[15.2146,68.9792,0.5599],[15.2109,68.9786,0.0],[15.2151,68.9755,0.8618],[15.2203,68.9755,0.0],[15.2172,68.9776,6.1122]]],
[[[15.0693,69.0172,0.0],[15.0729,69.0167,4.7952],[15.0745,69.0182,1.431],[15.0708,69.0188,0.0],[15.0693,69.0172,0.0]]],
[[[15.1099,69.0266,0.0],[15.1063,69.0271,0.0],[15.1047,69.0255,0.0],[15.1083,69.025,0.0],[15.1099,69.0266,0.0]]],
[[[15.1224,69.0276,0.0],[15.1208,69.0292,11.1937],[15.1172,69.0286,1.7999],[15.1188,69.0271,0.0],[15.1224,69.0276,0.0]]],
[[[15.1672,69.0682,0.0],[15.1609,69.0651,0.0],[15.1766,69.0651,0.0],[15.1724,69.0682,0.0],[15.1672,69.0682,0.0]]],
[[[15.6464,68.962,-0.2382],[15.6521,68.9583,0.0],[15.6583,68.9604,0.0],[15.6682,68.9609,0.0],[15.6667,68.9625,0.0],[15.6464,68.962,-0.2382]]],
[[[15.2583,68.975,0.0],[15.25,68.975,1.7356],[15.2484,68.9734,0.0],[15.2599,68.9734,0.0],[15.2583,68.975,0.0]]],
[[[15.6833,69.1458,-0.516],[15.6849,69.1474,0.8857],[15.6797,69.1474,0.1144],[15.6797,69.1464,0.0],[15.6833,69.1458,-0.516]]],
[[[15.8766,69.2745,68.9766],[15.8729,69.275,11.2683],[15.8714,69.2734,0.0],[15.875,69.2729,0.0],[15.8766,69.2745,68.9766]]]]}}