{"type":"Feature","properties":{"GID_1":"NOR.5_1","GID_0":"NOR","country":"Norway","province":"Finnmark","VARNAME_1":"Finnmarkfylke|Finmarken|Finnmár","NL_NAME_1":"NA","TYPE_1":"Fylke","ENGTYPE_1":"County","CC_1":"NA","HASC_1":"NO.FI","ISO_1":"NA","name":"Finnmark.province"},
"geometry":{"type": "MultiPolygon","coordinates": [[[[25.3496,68.8759,239.0193],[25.3743,68.8751,248.1897],[25.3765,68.8841,228.3589],[25.4013,68.8833,232.7767],[25.4034,68.8923,225.7076],[25.4282,68.8916,222.902],[25.4293,68.896,222.7803],[25.4541,68.8953,242.5143],[25.4552,68.8998,215.4478],[25.4676,68.8994,242.3469],[25.4687,68.9039,222.0478],[25.4935,68.9031,209.1664],[25.4924,68.8986,216.9883],[25.5171,68.8979,223.0579],[25.516,68.8934,210.9041],[25.5284,68.893,210.4679],[25.5273,68.8885,209.1135],[25.5769,68.887,209.7184],[25.5758,68.8825,205.7517],[25.6005,68.8817,216.0861],[25.6028,68.8907,207.9731],[25.6275,68.8899,201.8505],[25.6309,68.9034,207.0822],[25.6433,68.903,192.8075],[25.6444,68.9074,207.1132],[25.6568,68.9071,195.1259],[25.6614,68.925,197.1217],[25.6738,68.9246,226.4614],[25.6772,68.9381,197.0167],[25.6896,68.9377,223.7609],[25.6942,68.9556,201.231],[25.7066,68.9552,205.1954],[25.7147,68.9866,196.3374],[25.7271,68.9862,199.8044],[25.7294,68.9952,194.1308],[25.7419,68.9948,197.2626],[25.743,68.9993,188.4403],[25.7554,68.9989,203.3115],[25.7566,69.0034,178.0923],[25.7691,69.003,197.6033],[25.776,69.0299,192.4039],[25.7511,69.0307,177.232],[25.7534,69.0396,180.8872],[25.741,69.04,212.3135],[25.7421,69.0445,189.6293],[25.7546,69.0441,190.3125],[25.7581,69.0576,195.3513],[25.7456,69.058,196.8877],[25.7479,69.067,192.8281],[25.7355,69.0674,172.0246],[25.7378,69.0763,193.1016],[25.7253,69.0767,173.5493],[25.7334,69.1081,196.343],[25.7209,69.1085,164.7894],[25.7232,69.1175,178.2347],[25.7244,69.122,184.2329],[25.7369,69.1216,181.2594],[25.7439,69.1485,189.9325],[25.7314,69.1489,179.1407],[25.7348,69.1624,184.1672],[25.7223,69.1628,160.7684],[25.7246,69.1717,175.4949],[25.7121,69.1721,189.5591],[25.7156,69.1856,173.7536],[25.703,69.186,180.1361],[25.7053,69.195,197.4037],[25.6928,69.1954,158.4866],[25.6951,69.2043,153.7408],[25.7077,69.2039,179.5436],[25.7135,69.2264,151.2738],[25.7009,69.2268,175.2148],[25.7091,69.2582,208.4874],[25.7217,69.2578,146.4454],[25.7228,69.2623,168.9158],[25.7354,69.2619,160.0409],[25.7366,69.2663,195.5118],[25.724,69.2668,173.8373],[25.7263,69.2757,151.9475],[25.7389,69.2753,148.7311],[25.7413,69.2843,150.2233],[25.7539,69.2839,247.8148],[25.7551,69.2884,180.0845],[25.7425,69.2888,160.4183],[25.7436,69.2933,151.5169],[25.731,69.2937,175.0793],[25.7322,69.2982,153.4204],[25.7448,69.2978,164.374],[25.7472,69.3067,146.9546],[25.7346,69.3071,231.7484],[25.7381,69.3206,227.5153],[25.7507,69.3202,150.5421],[25.7519,69.3247,149.6613],[25.7645,69.3243,202.0281],[25.7681,69.3377,171.4514],[25.7554,69.3381,161.7787],[25.7566,69.3426,161.9376],[25.7819,69.3418,165.6904],[25.7854,69.3553,141.853],[25.7981,69.3549,162.3938],[25.7993,69.3594,154.6743],[25.8246,69.3586,193.622],[25.8258,69.363,257.6172],[25.8131,69.3634,162.9382],[25.8179,69.3814,197.1929],[25.8306,69.381,131.4083],[25.8342,69.3944,141.4966],[25.8468,69.3941,125.7365],[25.848,69.3985,133.2546],[25.8354,69.3989,128.2983],[25.8378,69.4079,152.1546],[25.8251,69.4083,130.7012],[25.8239,69.4038,123.5799],[25.8112,69.4042,127.0192],[25.8136,69.4132,125.7345],[25.8263,69.4128,124.1782],[25.8275,69.4173,155.3392],[25.7894,69.4185,148.8858],[25.7906,69.423,159.447],[25.8033,69.4226,124.7878],[25.8045,69.4271,124.6975],[25.8172,69.4267,136.8672],[25.8184,69.4311,137.844],[25.8057,69.4315,121.4888],[25.8069,69.436,121.4139],[25.8196,69.4356,143.4357],[25.8244,69.4536,121.2744],[25.8371,69.4532,193.0961],[25.8419,69.4711,121.1114],[25.8546,69.4707,128.6813],[25.8558,69.4752,125.5162],[25.8686,69.4748,140.8877],[25.871,69.4838,157.549],[25.8583,69.4842,120.0139],[25.8595,69.4887,156.5131],[25.8468,69.4891,119.4586],[25.8492,69.498,119.2986],[25.8504,69.5025,120.8223],[25.8631,69.5021,133.9947],[25.868,69.5201,141.8141],[25.8807,69.5197,123.9292],[25.8831,69.5286,151.6447],[25.8704,69.529,119.456],[25.8716,69.5335,128.7081],[25.8589,69.5339,119.7787],[25.8601,69.5384,144.6173],[25.8473,69.5388,119.4825],[25.8498,69.5478,161.4707],[25.837,69.5482,119.5826],[25.8382,69.5527,119.7363],[25.8765,69.5515,131.6617],[25.8777,69.556,118.6718],[25.8905,69.5555,119.3979],[25.8917,69.56,118.3671],[25.9044,69.5596,137.6784],[25.9057,69.5641,118.3777],[25.9184,69.5637,258.8811],[25.9197,69.5682,117.9692],[25.9324,69.5678,218.8146],[25.9349,69.5767,120.014],[25.9477,69.5763,120.0382],[25.9538,69.5988,143.9533],[25.9666,69.5983,116.2197],[25.9691,69.6073,131.4489],[25.9819,69.6069,127.3213],[25.9832,69.6114,123.84],[25.9704,69.6118,164.3277],[25.9716,69.6163,115.6732],[25.9588,69.6167,168.8087],[25.965,69.6391,126.2471],[25.9522,69.6395,141.6803],[25.9547,69.6485,123.1001],[25.9419,69.6489,117.4857],[25.9431,69.6534,125.0457],[25.9175,69.6542,117.246],[25.9187,69.6587,145.5722],[25.8931,69.6596,115.3912],[25.8968,69.673,170.024],[25.9096,69.6726,116.4947],[25.9108,69.6771,112.9074],[25.9237,69.6767,113.0052],[25.9249,69.6812,112.2739],[25.9377,69.6807,116.669],[25.9402,69.6897,113.8599],[25.9531,69.6893,139.8748],[25.9568,69.7028,113.7986],[25.9696,69.7023,128.5379],[25.9709,69.7068,111.638],[25.9837,69.7064,168.5457],[25.9862,69.7154,112.4467],[25.9991,69.715,139.1752],[26.0016,69.724,155.0075],[26.0145,69.7235,111.4751],[26.0132,69.719,111.4002],[26.026,69.7186,132.044],[26.0273,69.7231,113.0138],[26.0659,69.7218,111.0063],[26.0672,69.7263,110.9411],[26.08,69.7259,113.9905],[26.0813,69.7304,111.9187],[26.1199,69.7291,152.3182],[26.1224,69.7381,111.1868],[26.1353,69.7377,110.5717],[26.1366,69.7421,116.7177],[26.1494,69.7417,148.0069],[26.1533,69.7552,109.8729],[26.1662,69.7547,127.6222],[26.1675,69.7592,114.1563],[26.1804,69.7588,108.9687],[26.1855,69.7767,157.4318],[26.1984,69.7763,108.7575],[26.1997,69.7808,171.4581],[26.2126,69.7804,108.0109],[26.2139,69.7848,136.0514],[26.2268,69.7844,111.784],[26.2294,69.7934,107.165],[26.2423,69.7929,118.5702],[26.2502,69.8199,115.537],[26.276,69.819,180.013],[26.2773,69.8235,107.0443],[26.2903,69.823,159.663],[26.2916,69.8275,107.962],[26.3045,69.8271,141.3744],[26.3058,69.8316,125.0726],[26.3187,69.8311,142.4294],[26.3201,69.8356,121.4217],[26.333,69.8352,114.0157],[26.3343,69.8396,105.8911],[26.3473,69.8392,112.679],[26.3486,69.8437,112.7765],[26.3615,69.8432,122.7626],[26.3628,69.8477,107.8406],[26.3758,69.8473,159.6893],[26.3785,69.8562,108.2114],[26.3914,69.8558,141.0557],[26.3954,69.8693,110.0869],[26.4084,69.8688,107.946],[26.4165,69.8957,166.0962],[26.4035,69.8962,109.8862],[26.4049,69.9006,106.2911],[26.4179,69.9002,156.6242],[26.4192,69.9047,103.0863],[26.4322,69.9042,199.1616],[26.4349,69.9132,130.3492],[26.4479,69.9127,161.7776],[26.4506,69.9217,111.899],[26.4635,69.9213,191.2582],[26.4649,69.9257,232.2778],[26.4519,69.9262,115.1154],[26.4547,69.9352,107.8357],[26.4677,69.9347,133.5417],[26.469,69.9392,107.3886],[26.482,69.9387,115.1234],[26.4834,69.9432,100.7416],[26.4964,69.9428,129.9878],[26.4977,69.9473,163.1499],[26.5497,69.9454,120.8608],[26.5511,69.9499,112.7473],[26.564,69.9495,119.4194],[26.5654,69.9539,183.1272],[26.5914,69.953,122.176],[26.5928,69.9575,150.1023],[26.6188,69.9566,105.7985],[26.6202,69.9611,119.4993],[26.6591,69.9597,105.1388],[26.6606,69.9642,123.3092],[26.6865,69.9632,102.8645],[26.6851,69.9587,90.9458],[26.6981,69.9583,121.9135],[26.6953,69.9493,91.5315],[26.7082,69.9489,107.6213],[26.7068,69.9444,125.6406],[26.7328,69.9434,117.4039],[26.7342,69.9479,80.9672],[26.7472,69.9474,108.368],[26.7486,69.9519,83.3445],[26.7616,69.9515,95.1291],[26.763,69.9559,79.9063],[26.776,69.9555,88.9651],[26.7774,69.96,102.2095],[26.8294,69.958,81.6811],[26.8308,69.9625,86.9188],[26.8568,69.9616,82.74],[26.851,69.9437,106.9208],[26.864,69.9432,91.3256],[26.8625,69.9387,74.1077],[26.8755,69.9382,126.5618],[26.874,69.9337,73.0118],[26.9129,69.9323,123.5318],[26.9144,69.9368,72.7101],[26.9274,69.9363,80.0006],[26.9288,69.9408,94.9778],[26.9807,69.9388,106.123],[26.9792,69.9343,85.9421],[26.9922,69.9339,102.624],[26.9907,69.9294,104.7297],[27.0037,69.9289,136.9886],[27.0022,69.9244,77.3851],[27.0152,69.9239,157.6682],[27.0122,69.915,80.9697],[27.0252,69.9145,64.2143],[27.0237,69.91,93.2853],[27.0496,69.909,65.8813],[27.0525,69.918,79.1541],[27.1044,69.916,127.4521],[27.1059,69.9205,62.5679],[27.1188,69.92,105.0156],[27.1233,69.9334,82.9537],[27.1622,69.9319,101.6656],[27.1637,69.9364,63.9298],[27.1767,69.9359,62.0975],[27.1785,69.9404,73.491],[27.2041,69.9394,94.8524],[27.2057,69.9439,63.746],[27.2186,69.9434,55.9752],[27.2202,69.9478,60.1035],[27.2461,69.9468,55.8051],[27.2476,69.9513,58.4559],[27.2865,69.9498,117.0586],[27.2881,69.9543,54.709],[27.3011,69.9538,61.183],[27.3041,69.9627,56.9128],[27.2912,69.9632,89.9442],[27.2943,69.9722,64.4206],[27.2813,69.9727,51.1399],[27.2859,69.9861,60.5184],[27.2989,69.9856,50.6328],[27.3005,69.9901,58.2055],[27.3524,69.988,85.8991],[27.354,69.9925,56.5195],[27.367,69.992,92.3609],[27.3685,69.9965,46.5],[27.3815,69.996,108.6649],[27.3847,70.0049,59.6793],[27.3977,70.0044,78.5279],[27.4008,70.0133,47.1615],[27.4138,70.0128,71.4871],[27.4154,70.0173,45.0],[27.4284,70.0168,66.302],[27.43,70.0213,48.9853],[27.482,70.0192,59.2303],[27.4836,70.0237,54.8035],[27.5356,70.0216,77.9121],[27.5485,70.0574,40.5],[27.5615,70.0568,59.7055],[27.5631,70.0613,40.0],[27.5761,70.0608,62.5913],[27.5794,70.0697,38.5],[27.6054,70.0687,71.5739],[27.607,70.0731,36.0],[27.6201,70.0726,55.2116],[27.6217,70.0771,60.7741],[27.6739,70.075,68.8815],[27.6755,70.0794,51.3709],[27.7016,70.0784,102.1353],[27.6999,70.0739,53.4822],[27.713,70.0733,51.843],[27.7113,70.0689,20.5],[27.7374,70.0678,48.6892],[27.7357,70.0633,19.0],[27.7488,70.0628,18.5],[27.7504,70.0673,48.7299],[27.7634,70.0667,17.5],[27.7651,70.0712,28.2056],[27.7781,70.0706,17.0],[27.7798,70.0751,45.904],[27.7928,70.0746,16.0],[27.7945,70.079,58.0121],[27.8336,70.0774,20.9541],[27.8353,70.0819,20.0468],[27.8613,70.0808,27.0291],[27.863,70.0853,13.5],[27.9021,70.0836,20.936],[27.9038,70.0881,31.6122],[27.9299,70.087,36.1989],[27.9316,70.0915,19.9747],[27.9576,70.0903,25.218],[27.956,70.0859,81.2309],[27.969,70.0853,31.2814],[27.9639,70.0719,159.7732],[27.9769,70.0714,139.2012],[27.9718,70.0579,246.6237],[27.9848,70.0574,205.0341],[27.9764,70.035,116.7266],[27.9894,70.0345,129.2805],[27.9809,70.0121,29.0081],[27.9939,70.0116,12.7989],[27.9922,70.0071,12.7922],[28.0052,70.0065,12.7047],[28.0035,70.0021,12.5613],[28.0164,70.0015,12.5954],[28.0147,69.997,36.5111],[28.0277,69.9965,101.9936],[28.0243,69.9875,87.0235],[28.0373,69.987,119.2211],[28.0356,69.9825,101.5405],[28.0485,69.9819,142.6173],[28.0468,69.9775,152.8764],[28.0598,69.9769,226.905],[28.0581,69.9724,208.5137],[28.0711,69.9719,210.859],[28.0693,69.9674,192.4385],[28.0823,69.9669,171.5177],[28.0806,69.9624,145.5769],[28.0936,69.9618,145.557],[28.0901,69.9529,181.0673],[28.1031,69.9523,152.7378],[28.1014,69.9478,128.5329],[28.1143,69.9473,145.4728],[28.1126,69.9428,148.4877],[28.1255,69.9422,151.1632],[28.1238,69.9378,154.7874],[28.1368,69.9372,178.3069],[28.135,69.9327,178.4895],[28.148,69.9322,191.433],[28.1463,69.9277,188.7807],[28.1592,69.9271,229.3382],[28.1575,69.9227,265.6915],[28.1704,69.9221,229.3318],[28.1687,69.9176,211.3721],[28.1945,69.9165,252.0013],[28.1928,69.912,223.6669],[28.2186,69.9109,224.4505],[28.2169,69.9064,224.1895],[28.2427,69.9053,225.1886],[28.241,69.9008,254.5176],[28.2668,69.8996,226.2333],[28.2651,69.8952,231.015],[28.3038,69.8934,252.9561],[28.3021,69.889,244.6381],[28.3279,69.8878,256.4587],[28.3261,69.8834,245.7955],[28.3519,69.8822,277.546],[28.3414,69.8554,331.8115],[28.3285,69.856,341.6905],[28.325,69.847,353.8283],[28.3507,69.8459,298.2025],[28.349,69.8414,289.3904],[28.3619,69.8408,270.3907],[28.3601,69.8364,268.8002],[28.373,69.8358,268.7554],[28.3712,69.8313,268.5979],[28.3841,69.8307,268.7221],[28.3823,69.8263,268.4406],[28.3952,69.8257,276.7744],[28.3934,69.8212,278.4786],[28.4063,69.8206,317.0814],[28.4045,69.8162,318.8421],[28.4431,69.8144,270.4438],[28.4413,69.8099,274.9207],[28.4799,69.8082,288.3011],[28.4781,69.8037,282.6861],[28.5167,69.8019,353.8297],[28.5149,69.7975,336.4628],[28.5534,69.7957,310.9461],[28.5516,69.7912,303.7196],[28.5901,69.7894,309.947],[28.5883,69.785,328.4046],[28.6268,69.7832,295.8577],[28.625,69.7787,288.8331],[28.6635,69.7769,287.1084],[28.6617,69.7724,264.6797],[28.7002,69.7706,260.6772],[28.6984,69.7662,257.0717],[28.7368,69.7643,204.5],[28.735,69.7599,203.8952],[28.7735,69.758,190.1966],[28.7716,69.7536,189.7757],[28.8101,69.7517,199.5085],[28.8082,69.7473,203.8195],[28.8466,69.7454,173.7705],[28.8448,69.741,183.0922],[28.8832,69.7391,128.5],[28.8814,69.7347,128.5],[28.9069,69.7334,133.4241],[28.9051,69.729,129.5091],[28.9563,69.7265,84.8606],[28.9544,69.722,84.8049],[28.9928,69.7202,128.2551],[28.9909,69.7157,99.7284],[29.042,69.7132,71.0865],[29.0401,69.7087,68.2533],[29.0784,69.7068,90.9966],[29.0766,69.7024,91.1199],[29.1149,69.7005,92.1056],[29.113,69.696,127.3772],[29.1385,69.6947,114.0808],[29.1347,69.6858,88.9879],[29.1475,69.6852,81.4991],[29.1418,69.6718,90.9311],[29.1545,69.6712,89.2497],[29.1507,69.6623,108.9222],[29.1634,69.6616,139.8308],[29.1577,69.6483,128.0236],[29.1705,69.6476,139.8999],[29.1666,69.6387,194.0954],[29.1794,69.6381,178.0378],[29.1756,69.6292,196.991],[29.1883,69.6285,137.5683],[29.1845,69.6196,157.4032],[29.1972,69.619,137.9581],[29.1934,69.6101,107.6757],[29.2061,69.6094,118.7351],[29.2042,69.605,117.8486],[29.2169,69.6043,76.2015],[29.2131,69.5954,91.7382],[29.2258,69.5948,71.3867],[29.222,69.5859,94.4466],[29.2347,69.5852,94.8418],[29.2308,69.5763,118.9541],[29.2435,69.5756,96.0511],[29.2397,69.5667,101.9022],[29.2524,69.5661,103.3002],[29.2485,69.5572,155.2892],[29.2612,69.5565,148.3069],[29.2574,69.5476,132.786],[29.2701,69.547,133.8645],[29.2682,69.5425,130.8833],[29.2808,69.5419,135.2591],[29.277,69.533,142.5618],[29.2897,69.5323,157.6838],[29.2858,69.5234,182.5089],[29.2985,69.5228,163.3689],[29.2946,69.5139,174.0849],[29.3073,69.5132,173.9655],[29.3035,69.5043,182.5],[29.3161,69.5037,186.0596],[29.3123,69.4947,211.5724],[29.3249,69.4941,228.8407],[29.323,69.4896,234.5244],[29.3356,69.489,228.0],[29.326,69.4667,238.3904],[29.3134,69.4674,244.7587],[29.3076,69.454,209.3225],[29.295,69.4546,197.7884],[29.2893,69.4413,223.2232],[29.2766,69.4419,212.2567],[29.2709,69.4286,218.123],[29.2583,69.4292,220.5463],[29.2526,69.4158,185.3853],[29.24,69.4165,192.57],[29.2343,69.4031,212.2644],[29.2217,69.4038,207.7635],[29.216,69.3904,231.0375],[29.2034,69.391,223.7414],[29.2015,69.3866,217.3045],[29.189,69.3872,223.2208],[29.1852,69.3783,215.8866],[29.1726,69.3789,224.9304],[29.1688,69.37,213.5158],[29.1563,69.3707,231.3292],[29.1544,69.3662,217.746],[29.1418,69.3668,232.0425],[29.1381,69.3579,233.5316],[29.1255,69.3586,228.4832],[29.1218,69.3496,209.4987],[29.1092,69.3503,213.5591],[29.1055,69.3414,216.6325],[29.0929,69.342,224.2568],[29.091,69.3375,233.6244],[29.0785,69.3382,228.5276],[29.0747,69.3292,281.9482],[29.0622,69.3299,308.7889],[29.0585,69.321,313.7807],[29.0459,69.3216,314.1549],[29.0441,69.3171,235.345],[29.0315,69.3178,224.7544],[29.0278,69.3089,204.6882],[29.0153,69.3095,198.8139],[29.0116,69.3006,185.5],[28.9991,69.3012,191.1909],[28.9954,69.2923,188.3085],[28.9828,69.2929,177.2514],[28.981,69.2884,174.6638],[28.9685,69.2891,180.7087],[28.9648,69.2802,174.2293],[28.9523,69.2808,192.3084],[28.9486,69.2719,174.6302],[28.9361,69.2725,192.4212],[28.9343,69.268,191.5498],[28.9217,69.2686,191.1905],[28.9181,69.2597,189.431],[28.9056,69.2603,188.4901],[28.902,69.2514,191.5937],[28.8894,69.252,189.4898],[28.8858,69.2431,186.0933],[28.8733,69.2437,192.4472],[28.8715,69.2393,192.8627],[28.859,69.2399,202.3239],[28.8554,69.231,202.8143],[28.8429,69.2316,218.1207],[28.8249,69.187,199.1973],[28.8374,69.1864,192.6662],[28.8052,69.1061,163.6586],[28.8176,69.1055,153.4847],[28.8159,69.101,146.6269],[28.8283,69.1004,150.3684],[28.8247,69.0915,146.6364],[28.8372,69.0909,127.8572],[28.8354,69.0864,126.3235],[28.8478,69.0858,119.5533],[28.846,69.0814,126.6198],[28.8584,69.0807,137.2889],[28.8566,69.0763,167.4227],[28.8691,69.0757,153.937],[28.8673,69.0712,155.7412],[28.8921,69.07,135.621],[28.8903,69.0655,140.0966],[28.9151,69.0643,146.6254],[28.9133,69.0598,162.1378],[28.9257,69.0592,156.69],[28.9248,69.0567,166.2591],[28.9269,69.0574,158.6454],[28.9465,69.0499,106.355],[28.9941,69.0404,98.4264],[28.9929,69.0376,103.6632],[29.0083,69.0369,102.2825],[29.0294,69.0231,81.7842],[29.0352,69.0168,69.5],[29.1063,69.0364,75.8926],[29.1071,69.0383,71.4773],[29.1302,69.0489,77.1036],[29.1366,69.0485,76.7508],[29.1383,69.0526,71.5709],[29.1856,69.0734,76.5438],[29.1914,69.0776,69.0],[29.1992,69.0772,69.0],[29.2028,69.0859,69.0],[29.2322,69.1073,69.0],[29.2371,69.1071,69.0],[29.2389,69.1115,69.0],[29.2589,69.1198,77.9062],[29.2699,69.1524,58.0549],[29.2737,69.1553,53.6238],[29.2826,69.1548,66.7884],[29.2869,69.1651,51.0],[29.2966,69.1723,51.0],[29.3026,69.172,51.0],[29.3055,69.179,51.0],[29.3098,69.1821,59.0908],[29.312,69.2071,69.0167],[29.3273,69.2326,82.2856],[29.3273,69.2428,51.0],[29.3063,69.2438,51.0],[29.2947,69.2501,51.0],[29.3007,69.2588,51.0],[29.3061,69.2712,71.2221],[29.3035,69.2934,60.9472],[29.3149,69.3028,50.5],[29.3421,69.3104,50.5],[29.3615,69.3101,53.2947],[29.3626,69.3126,50.5],[29.3747,69.3139,57.1532],[29.3885,69.3132,66.5519],[29.3904,69.3177,50.5],[29.4531,69.3144,70.6292],[29.4547,69.318,50.5],[29.4869,69.3277,85.3652],[29.5009,69.3285,50.5],[29.5437,69.3163,50.5],[29.5428,69.3142,50.5],[29.5553,69.3136,50.5],[29.5573,69.318,50.0],[29.6166,69.334,50.0],[29.6357,69.3412,49.5],[29.6443,69.3407,54.9073],[29.6463,69.3452,49.5],[29.7185,69.3766,45.7517],[29.7806,69.3997,37.5948],[29.8018,69.4043,29.2429],[29.8304,69.4187,23.4153],[29.8623,69.4221,23.0883],[29.9011,69.4227,25.5649],[29.9243,69.4191,27.5095],[29.9232,69.4168,21.9438],[29.9861,69.4133,20.0],[29.9873,69.416,20.3676],[30.0172,69.4236,20.0],[30.0494,69.4367,20.0],[30.0756,69.453,20.0],[30.1099,69.4627,20.0],[30.1292,69.4743,30.7706],[30.1402,69.4901,34.3673],[30.1372,69.5067,28.3938],[30.1439,69.5141,29.6789],[30.1493,69.5138,29.6243],[30.1547,69.5252,33.0305],[30.1731,69.5315,20.0],[30.1919,69.5351,20.0],[30.1947,69.5468,20.0],[30.1928,69.5507,20.0],[30.1957,69.5568,71.9229],[30.1896,69.5571,20.0],[30.1868,69.5628,20.0],[30.1843,69.5785,20.0],[30.1722,69.5941,27.8782],[30.1575,69.6061,20.0],[30.1511,69.6187,20.0],[30.1522,69.6371,105.6105],[30.1431,69.6438,87.6959],[30.12,69.6439,75.7693],[30.1074,69.6419,86.1603],[30.1005,69.6556,74.9572],[30.1093,69.662,75.7107],[30.1151,69.6617,71.0938],[30.1166,69.6647,73.7911],[30.13,69.6654,-0.4873],[30.1313,69.6682,0.0],[30.1454,69.6715,84.1927],[30.195,69.6661,55.4993],[30.2182,69.6588,35.7111],[30.2169,69.656,57.8766],[30.2296,69.6553,77.4127],[30.3216,69.6296,181.9358],[30.3205,69.6274,196.1691],[30.3318,69.6267,175.8303],[30.3658,69.6171,158.4085],[30.3784,69.6123,155.8259],[30.3775,69.6104,160.2608],[30.3895,69.6081,148.7247],[30.3881,69.6053,168.924],[30.3982,69.6047,190.48],[30.4213,69.5932,287.6191],[30.4196,69.5898,288.9488],[30.4318,69.588,246.8872],[30.4301,69.5846,194.7599],[30.4423,69.5828,179.8275],[30.4406,69.5794,200.194],[30.4501,69.5789,166.0898],[30.4841,69.562,255.6624],[30.4826,69.5588,262.4745],[30.4946,69.5568,231.94],[30.4931,69.5536,222.831],[30.5024,69.5531,214.1084],[30.5275,69.5443,171.3342],[30.5266,69.5425,173.5231],[30.5772,69.5396,219.7002],[30.5783,69.5419,210.2119],[30.6162,69.5423,222.8249],[30.6694,69.5453,304.2415],[30.7141,69.5417,329.9802],[30.7342,69.5417,345.2587],[30.7354,69.544,350.2429],[30.7749,69.5417,305.1775],[30.8201,69.5417,237.2867],[30.8574,69.5525,240.3039],[30.9004,69.5616,207.4468],[30.9294,69.5723,143.4833],[30.9456,69.5862,100.9875],[30.9429,69.614,122.9396],[30.9454,69.6413,87.7528],[30.9331,69.6513,74.4927],[30.9353,69.6556,78.0305],[30.9259,69.6571,84.8842],[30.9239,69.6634,132.3693],[30.9313,69.6868,51.8515],[30.8978,69.6958,130.1792],[30.8815,69.7079,84.1764],[30.8785,69.717,21.1324],[30.8895,69.7314,10.0661],[30.8954,69.7311,25.1137],[30.8977,69.7355,131.0516],[30.8932,69.7358,50.1458],[30.8782,69.7487,17.2041],[30.879,69.7504,16.2534],[30.876,69.7505,6.9532],[30.869,69.7565,9.6007],[30.8708,69.76,41.0919],[30.8645,69.7604,6.3026],[30.8599,69.7643,15.4172],[30.8626,69.7696,12.4553],[30.8425,69.7917,0.0],[30.825,69.7917,0.0],[30.8203,69.788,0.0],[30.8167,69.7875,0.0],[30.8083,69.7917,0.0],[30.8005,69.7901,7.2092],[30.8016,69.7932,0.0],[30.7979,69.7937,0.0],[30.7891,69.788,0.0],[30.7771,69.7875,0.0],[30.7703,69.7839,25.1779],[30.763,69.7828,0.0],[30.7583,69.7792,38.0011],[30.7422,69.7766,7.6842],[30.7375,69.7729,213.8499],[30.725,69.7729,4.2308],[30.7151,69.7703,71.7612],[30.7109,69.7682,0.0],[30.7161,69.7641,0.0],[30.7146,69.7625,0.0],[30.7042,69.7604,158.2979],[30.6979,69.7625,19.4641],[30.6932,69.7589,186.5646],[30.6896,69.7583,247.3073],[30.688,69.7589,210.3327],[30.6891,69.762,22.9741],[30.6839,69.7662,2.8132],[30.6932,69.7672,0.0],[30.6953,69.7693,0.0],[30.6943,69.7724,0.0],[30.6953,69.7745,0.0],[30.6859,69.7818,11.3653],[30.688,69.7849,0.0],[30.6979,69.7875,1.8064],[30.7146,69.7875,0.0],[30.7328,69.7995,5.8083],[30.7188,69.8042,0.0],[30.7089,69.8037,0.0],[30.712,69.8005,19.2072],[30.7083,69.8,34.0584],[30.7042,69.8021,0.0],[30.6964,69.8026,16.8324],[30.6932,69.8057,16.1897],[30.6896,69.8063,0.0],[30.6849,69.8026,0.0],[30.6755,69.8016,10.0372],[30.6786,69.7984,0.0],[30.6693,69.7974,0.0],[30.6734,69.7943,0.0],[30.6792,69.7937,0.0],[30.6807,69.7922,0.0],[30.6646,69.7917,0.0],[30.6599,69.7953,0.0],[30.6526,69.7963,67.9844],[30.6484,69.7995,5.2355],[30.6563,69.8042,2.5306],[30.6729,69.8042,0.0],[30.6786,69.8068,0.0],[30.6807,69.8099,0.0],[30.6646,69.8104,34.9247],[30.6604,69.8083,34.9614],[30.65,69.8083,0.0],[30.6453,69.8047,57.4654],[30.6417,69.8042,96.9252],[30.6359,69.8068,38.6327],[30.6292,69.8125,0.0],[30.6167,69.8125,31.9293],[30.6125,69.8146,0.0],[30.5958,69.8146,9.9935],[30.5917,69.8167,27.3833],[30.5818,69.8161,0.0],[30.5896,69.8104,0.0],[30.6016,69.8099,28.1764],[30.6005,69.8068,0.0],[30.6016,69.8047,0.0],[30.5896,69.8021,104.326],[30.5786,69.8099,5.4452],[30.5667,69.8104,66.8217],[30.5625,69.8125,33.2962],[30.5479,69.8125,41.3753],[30.5417,69.8104,93.7327],[30.5375,69.8125,0.0],[30.5292,69.8125,0.0],[30.5229,69.8083,77.8405],[30.5083,69.8083,18.2581],[30.5068,69.8099,0.0],[30.5125,69.8104,0.0],[30.5266,69.8161,18.1504],[30.5208,69.8167,20.1188],[30.5141,69.8203,7.8367],[30.5042,69.8229,43.7705],[30.4896,69.8229,13.1603],[30.4797,69.8203,40.9793],[30.475,69.8167,72.5272],[30.4396,69.8167,0.0],[30.4354,69.8146,5.3807],[30.4292,69.8146,0.0],[30.4276,69.813,5.1679],[30.4307,69.8109,27.8763],[30.4245,69.8068,2.2502],[30.4172,69.8057,0.0],[30.4193,69.8026,5.871],[30.4224,69.8016,23.8576],[30.4193,69.7984,0.0],[30.4286,69.7932,7.152],[30.4255,69.7901,0.0],[30.4328,69.7891,0.0],[30.4255,69.7859,0.0],[30.4313,69.7833,0.0],[30.437,69.7828,0.0],[30.4391,69.7807,0.0],[30.4297,69.7724,0.0],[30.4307,69.7651,0.0],[30.4255,69.7609,0.0],[30.4328,69.7599,0.0],[30.4432,69.7536,0.0],[30.4401,69.7505,0.0],[30.4438,69.75,0.0],[30.45,69.7521,7.2654],[30.4641,69.7432,0.0],[30.462,69.7401,2.3641],[30.4542,69.7354,0.0],[30.4479,69.7375,0.0],[30.438,69.737,0.0],[30.4391,69.7297,1.9768],[30.4318,69.7245,0.0],[30.4349,69.7214,4.307],[30.4318,69.7193,0.0],[30.4349,69.7172,0.0],[30.4318,69.7151,0.0],[30.4375,69.7125,0.0],[30.4432,69.712,0.0],[30.4495,69.7078,30.731],[30.4479,69.7063,71.2377],[30.4401,69.7057,31.9226],[30.438,69.7037,12.0947],[30.4432,69.6984,0.0],[30.438,69.6953,0.0],[30.4411,69.6922,0.0],[30.438,69.6901,0.0],[30.4542,69.6875,16.1489],[30.4557,69.6859,4.4651],[30.4417,69.6771,0.0],[30.4375,69.6771,0.0],[30.4333,69.675,0.0],[30.4042,69.675,0.0],[30.4,69.6729,8.9044],[30.3896,69.6729,0.0],[30.3792,69.6667,0.0],[30.3693,69.6672,0.0],[30.3703,69.6703,0.0],[30.3688,69.6708,0.0],[30.3479,69.6708,11.8077],[30.3438,69.6729,0.0],[30.3333,69.6687,26.2947],[30.3229,69.6708,0.0],[30.3214,69.6724,0.0],[30.3312,69.675,0.0],[30.3667,69.675,0.0],[30.3771,69.6813,44.5188],[30.3896,69.6833,0.0],[30.3937,69.6854,0.0],[30.4063,69.6854,0.0],[30.4109,69.6891,9.3513],[30.4167,69.6896,3.4464],[30.4224,69.6922,30.7917],[30.4172,69.6974,50.2342],[30.4224,69.7016,0.0],[30.4151,69.7026,47.496],[30.4161,69.7099,0.0],[30.413,69.7109,0.0],[30.4161,69.7141,0.0],[30.413,69.7161,88.7182],[30.4161,69.7172,40.8636],[30.4182,69.7203,0.0],[30.4089,69.7276,0.0],[30.413,69.7328,0.0],[30.4182,69.7359,0.0],[30.4109,69.7391,0.0],[30.4182,69.7443,0.0],[30.4172,69.7474,0.0],[30.4182,69.7495,0.0],[30.4109,69.7505,0.0],[30.4161,69.7557,0.0],[30.4068,69.7609,18.5447],[30.4161,69.7672,0.0],[30.413,69.7703,0.0],[30.4161,69.7714,0.0],[30.4182,69.7745,0.0],[30.4109,69.7755,0.0],[30.412,69.7786,0.0],[30.4099,69.7807,0.0],[30.4036,69.7849,0.0],[30.3964,69.7859,0.0],[30.3901,69.7901,0.0],[30.3911,69.7932,0.0],[30.3901,69.7953,0.0],[30.3953,69.7984,0.0],[30.3974,69.8016,0.0],[30.3917,69.8021,31.0057],[30.3859,69.8047,15.624],[30.3891,69.8078,0.0],[30.3859,69.8099,57.0749],[30.3891,69.8109,39.6273],[30.3911,69.8141,0.0],[30.3854,69.8146,15.918],[30.3797,69.8172,110.1588],[30.3891,69.8245,0.0],[30.3734,69.8339,59.6577],[30.3766,69.837,0.0],[30.3625,69.8458,19.4286],[30.3417,69.8458,0.0],[30.337,69.8422,8.0974],[30.3297,69.8411,0.0],[30.3229,69.8375,18.2913],[30.3193,69.838,7.1277],[30.3146,69.8417,11.0502],[30.3062,69.8417,4.9885],[30.2938,69.8375,150.0443],[30.2859,69.837,142.4917],[30.2813,69.8333,186.3452],[30.2714,69.8339,125.5282],[30.2724,69.837,10.8097],[30.2687,69.8396,79.0519],[30.2604,69.8396,28.0433],[30.2479,69.8354,35.1082],[30.2318,69.8359,13.5637],[30.238,69.8411,0.0],[30.2479,69.8438,118.4772],[30.2646,69.8438,0.0],[30.2687,69.8458,7.5735],[30.2766,69.8464,0.0],[30.2813,69.85,61.3964],[30.2938,69.85,0.0],[30.2979,69.8521,0.0],[30.3146,69.8521,0.0],[30.3193,69.8557,0.0],[30.325,69.8562,0.0],[30.3307,69.8588,0.0],[30.3391,69.8662,0.0],[30.3318,69.8672,0.0],[30.325,69.8708,0.0],[30.3062,69.8708,0.0],[30.3,69.8688,43.7191],[30.2984,69.8703,0.0],[30.3005,69.8724,0.0],[30.3146,69.8729,0.0],[30.3161,69.8745,0.0],[30.3083,69.875,14.5347],[30.2958,69.8792,7.9136],[30.2625,69.8792,0.0],[30.2563,69.875,18.2031],[30.25,69.8771,0.0],[30.2292,69.8771,0.0],[30.225,69.875,0.0],[30.2182,69.8786,0.0],[30.2083,69.8812,0.0],[30.2,69.8812,0.0],[30.1958,69.8792,22.7958],[30.1813,69.8792,0.0],[30.1771,69.8812,0.0],[30.1688,69.8812,0.0],[30.1578,69.8734,15.6196],[30.1458,69.8729,0.0],[30.1401,69.8703,0.0],[30.1432,69.8672,0.0],[30.1401,69.8662,0.0],[30.138,69.863,0.0],[30.1437,69.8625,0.0],[30.1453,69.8609,39.8407],[30.137,69.8547,0.0],[30.1297,69.8536,0.0],[30.1307,69.8505,4.3931],[30.1297,69.8484,0.0],[30.137,69.8474,52.3075],[30.1349,69.8443,0.0],[30.1318,69.8432,0.0],[30.1349,69.8401,0.0],[30.1318,69.838,0.0],[30.1474,69.837,0.0],[30.1443,69.8339,0.0],[30.15,69.8333,0.0],[30.1557,69.8307,0.0],[30.1526,69.8276,0.0],[30.162,69.8266,4.7924],[30.1589,69.8234,0.0],[30.162,69.8214,0.0],[30.1589,69.8193,0.0],[30.162,69.8172,0.0],[30.1484,69.8078,0.0],[30.1557,69.8005,0.0],[30.1505,69.8005,0.0],[30.1458,69.8042,0.0],[30.1313,69.8042,0.0],[30.125,69.8,0.0],[30.1089,69.7974,0.0],[30.1141,69.7922,0.0],[30.0964,69.7891,0.0],[30.1005,69.7859,0.0],[30.1078,69.7849,0.0],[30.1068,69.7818,0.0],[30.1167,69.7792,0.0],[30.1229,69.7813,4.4439],[30.1458,69.7813,0.0],[30.15,69.7833,0.0],[30.175,69.7833,0.0],[30.1792,69.7813,0.0],[30.1932,69.7807,0.0],[30.188,69.7755,0.0],[30.1953,69.7745,0.0],[30.1917,69.7708,0.0],[30.1854,69.7729,0.0],[30.1771,69.7729,0.0],[30.1708,69.7688,0.0],[30.1542,69.7688,0.0],[30.1484,69.7662,0.0],[30.1516,69.763,3.2631],[30.1437,69.7625,2.8102],[30.1396,69.7604,130.9169],[30.1271,69.7604,47.1568],[30.1208,69.7625,0.0],[30.1167,69.7604,4.5328],[30.1021,69.7583,0.0],[30.0984,69.7557,7.3474],[30.0995,69.7526,0.0],[30.0943,69.7484,0.0],[30.1,69.7458,0.0],[30.1057,69.7453,38.8603],[30.1005,69.7401,0.0],[30.1099,69.7349,0.0],[30.1068,69.7318,0.0],[30.1146,69.7312,4.5528],[30.1193,69.7276,0.0],[30.1266,69.7266,-0.2795],[30.1234,69.7214,0.0],[30.1307,69.7203,27.2804],[30.1266,69.7172,0.0],[30.1125,69.7146,0.0],[30.1068,69.712,0.0],[30.1099,69.7089,-1.0],[30.1068,69.7078,0.0],[30.1047,69.7047,0.0],[30.1083,69.7021,0.0],[30.1161,69.7016,12.199],[30.113,69.6995,-0.288],[30.1161,69.6964,23.5898],[30.113,69.6943,0.0],[30.1161,69.6922,11.3182],[30.1125,69.6896,11.1203],[30.1026,69.6901,7.4157],[30.1036,69.6932,0.0],[30.0964,69.6984,27.3041],[30.1016,69.7037,0.0],[30.0953,69.7078,4.5592],[30.0859,69.7089,25.1132],[30.0891,69.712,0.0],[30.0828,69.7161,0.0],[30.0734,69.7172,80.6418],[30.0766,69.7193,0.0],[30.0734,69.7214,1.6017],[30.075,69.7229,0.0],[30.0812,69.7208,0.0],[30.0974,69.7214,0.0],[30.0953,69.7245,0.0],[30.0875,69.7292,2.052],[30.0375,69.7292,2.4002],[30.0286,69.7234,79.9678],[30.0125,69.7208,4.3699],[30.0063,69.7167,122.1628],[29.9958,69.7167,0.0],[29.9891,69.713,21.8578],[29.9708,69.7083,85.8488],[29.9583,69.7083,0.0],[29.9521,69.7042,15.852],[29.9422,69.7047,0.0],[29.9536,69.7089,0.0],[29.9568,69.712,0.0],[29.9661,69.713,0.0],[29.9708,69.7167,0.0],[29.9875,69.7167,0.0],[29.9964,69.7224,28.2989],[30.0161,69.7276,0.0],[30.0255,69.7349,20.0506],[30.0349,69.7359,0.0],[30.0401,69.7412,0.0],[30.0432,69.7422,0.0],[30.0453,69.7453,0.0],[30.0396,69.7458,28.0843],[30.038,69.7474,25.3931],[30.0453,69.7484,0.0],[30.0443,69.7516,0.0],[30.0563,69.7521,0.0],[30.0661,69.7547,0.0],[30.0651,69.7578,0.0],[30.0672,69.7599,0.0],[30.0745,69.7609,0.0],[30.0734,69.7641,0.0],[30.0755,69.7662,0.0],[30.0849,69.7672,0.0],[30.0745,69.7745,0.0],[30.0672,69.7755,0.0],[30.0682,69.7786,0.0],[30.0563,69.7792,37.6584],[30.0521,69.7813,0.0],[30.0354,69.7771,0.0],[30.0292,69.7813,0.0],[30.0146,69.7813,0.0],[30.0089,69.7776,0.0],[30.0203,69.7734,0.0],[30.0104,69.7708,69.3712],[30.0021,69.7708,0.0],[29.9958,69.7729,0.0],[29.9917,69.7708,0.0],[29.975,69.7708,0.0],[29.9708,69.7688,0.0],[29.9542,69.7688,0.0],[29.95,69.7667,0.0],[29.9458,69.7667,0.0],[29.9443,69.7651,0.0],[29.9464,69.763,0.0],[29.9542,69.7625,12.4506],[29.9557,69.7609,2.2699],[29.9417,69.7604,0.0],[29.9318,69.7578,0.0],[29.9271,69.7542,0.0],[29.9208,69.7562,0.0],[29.9109,69.7557,0.0],[29.9089,69.7536,0.0],[29.9099,69.7505,3.6588],[29.9078,69.7484,0.0],[29.9021,69.7458,0.0],[29.8964,69.7453,0.0],[29.8813,69.7354,0.0],[29.8776,69.7359,6.0845],[29.8807,69.738,0.0],[29.8792,69.7396,0.0],[29.8729,69.7396,0.0],[29.8688,69.7417,0.0],[29.8583,69.7417,0.0],[29.8458,69.7458,0.0],[29.7917,69.7458,0.0],[29.7875,69.7479,0.0],[29.7687,69.7479,0.0],[29.7625,69.7458,4.9128],[29.7563,69.7479,0.0],[29.7521,69.7458,0.0],[29.7271,69.7438,0.0],[29.7229,69.7417,8.2637],[29.7125,69.7417,0.0],[29.7083,69.7396,0.0],[29.7021,69.7417,0.0],[29.6938,69.7417,0.0],[29.6896,69.7396,38.8415],[29.6792,69.7396,0.0],[29.675,69.7375,15.5735],[29.6672,69.737,0.0],[29.662,69.7318,0.0],[29.6563,69.7292,30.274],[29.6505,69.7286,0.0],[29.6516,69.7255,34.5583],[29.6474,69.7214,44.8638],[29.6318,69.7161,0.0],[29.6349,69.7141,0.0],[29.6328,69.7109,0.0],[29.6234,69.7099,0.0],[29.6182,69.7047,0.0],[29.6104,69.7042,0.0],[29.5792,69.6958,0.0],[29.5729,69.6958,0.0],[29.5714,69.6964,0.0],[29.5724,69.7037,0.0],[29.5693,69.7057,0.0],[29.5849,69.7109,0.0],[29.5901,69.7161,0.0],[29.5995,69.7172,0.0],[29.5964,69.7193,0.0],[29.5984,69.7224,0.0],[29.6016,69.7234,0.0],[29.5984,69.7266,0.0],[29.6042,69.7292,0.0],[29.6099,69.7297,0.0],[29.6172,69.7349,4.0032],[29.6245,69.7359,0.0],[29.6234,69.7391,0.0],[29.6307,69.7453,0.0],[29.625,69.7458,23.4959],[29.6234,69.7474,18.6934],[29.65,69.7458,0.0],[29.6516,69.7474,0.0],[29.6484,69.7495,33.1042],[29.6578,69.7505,0.0],[29.6547,69.7526,25.9341],[29.6578,69.7547,0.0],[29.6563,69.7562,15.161],[29.6396,69.7562,0.0],[29.6354,69.7583,0.0],[29.6276,69.7589,0.0],[29.6255,69.7609,0.0],[29.6266,69.7641,0.0],[29.6255,69.7662,0.0],[29.6458,69.7667,5.226],[29.6521,69.7646,0.0],[29.6563,69.7667,0.0],[29.6667,69.7667,0.0],[29.6708,69.7688,0.0],[29.6771,69.7688,0.0],[29.687,69.7714,0.0],[29.6917,69.775,0.0],[29.6995,69.7755,0.0],[29.6964,69.7786,0.0],[29.7021,69.7792,0.0],[29.7036,69.7807,0.0],[29.6964,69.7818,0.0],[29.6974,69.7849,0.0],[29.6917,69.7854,0.0],[29.6901,69.787,0.0],[29.7021,69.7875,0.0],[29.7089,69.7911,0.0],[29.7161,69.7922,0.0],[29.713,69.7953,0.0],[29.7188,69.7979,0.0],[29.7245,69.7984,0.0],[29.7234,69.8016,0.0],[29.7276,69.8057,3.4956],[29.7333,69.8083,0.0],[29.7417,69.8083,0.0],[29.7453,69.8047,0.0],[29.738,69.8037,0.0],[29.7255,69.7953,0.0],[29.7307,69.7901,0.0],[29.7172,69.7807,0.0],[29.7203,69.7776,0.0],[29.7172,69.7755,0.0],[29.7203,69.7734,0.0],[29.6964,69.7578,0.0],[29.6943,69.7547,0.0],[29.7813,69.7542,0.0],[29.7854,69.7562,0.0],[29.7938,69.7562,0.0],[29.8,69.7542,0.0],[29.8042,69.7562,0.0],[29.8125,69.7562,0.0],[29.8167,69.7542,0.0],[29.8292,69.7542,0.0],[29.8333,69.7562,0.0],[29.8521,69.7562,0.0],[29.8557,69.7589,0.0],[29.8547,69.762,0.0],[29.8557,69.7641,0.0],[29.8464,69.7703,23.8897],[29.8604,69.7688,2.6249],[29.8646,69.7667,0.0],[29.8771,69.7667,0.0],[29.8917,69.7708,0.0],[29.9021,69.7708,0.0],[29.9068,69.7745,0.0],[29.9146,69.775,0.0],[29.9193,69.7786,0.0],[29.9292,69.7813,0.0],[29.9438,69.7833,0.0],[29.95,69.7875,0.0],[29.9562,69.7875,0.0],[29.9688,69.7917,0.0],[29.9771,69.7896,0.0],[29.9813,69.7917,0.0],[29.9917,69.7917,0.0],[30.0042,69.7958,0.0],[30.0187,69.7979,0.0],[30.0224,69.8005,0.0],[30.0214,69.8037,11.6835],[30.0313,69.8063,7.6466],[30.0438,69.8063,0.0],[30.0479,69.8083,0.0],[30.0646,69.8083,0.0],[30.0771,69.8125,15.6469],[30.0854,69.8104,0.0],[30.0953,69.8172,0.0],[30.0943,69.8245,0.0],[30.0953,69.8266,0.0],[30.0922,69.8287,0.0],[30.0953,69.8307,0.0],[30.088,69.8318,0.0],[30.0792,69.8375,0.0],[30.0708,69.8375,0.0],[30.0625,69.8333,0.0],[30.0458,69.8333,0.0],[30.0276,69.8287,0.0],[30.0234,69.8266,0.0],[30.0266,69.8234,0.0],[30.0208,69.8208,0.0],[30.0146,69.8229,0.0],[29.9979,69.8229,18.3663],[29.9938,69.825,0.0],[29.9875,69.8229,0.0],[29.975,69.8229,0.0],[29.9708,69.825,0.0],[29.9562,69.8271,0.0],[29.9547,69.8287,0.0],[29.9583,69.8313,0.0],[29.9667,69.8313,3.6307],[29.9708,69.8292,0.0],[30.0083,69.8292,0.0],[30.0125,69.8313,0.0],[30.0187,69.8313,0.0],[30.0203,69.8328,0.0],[30.0109,69.838,0.0],[30.0141,69.8411,0.0],[30.0109,69.8432,0.0],[30.0271,69.8458,0.0],[30.0286,69.8474,0.0],[30.0234,69.8505,0.0],[30.0245,69.8536,0.0],[30.0208,69.8562,0.0],[30.0125,69.8562,0.0],[30.0083,69.8542,0.0],[29.9922,69.8547,0.0],[29.9984,69.8599,0.0],[30.0057,69.8609,0.0],[30.0036,69.8641,0.0],[29.9964,69.8651,0.0],[30.0036,69.8724,0.0],[29.9979,69.875,0.0],[29.9922,69.8755,16.7924],[29.9859,69.8797,51.2457],[29.9891,69.8828,0.0],[29.9786,69.8891,0.0],[29.9609,69.8922,21.7899],[29.9521,69.8979,12.7573],[29.9479,69.8979,73.101],[29.9438,69.9,49.1435],[29.9333,69.9,14.0254],[29.9188,69.9042,3.3279],[29.9042,69.9,34.0717],[29.8833,69.9,0.0],[29.8786,69.9036,0.0],[29.8714,69.9047,6.0446],[29.8646,69.9083,0.0],[29.8479,69.9083,0.0],[29.8438,69.9104,0.9553],[29.8229,69.9104,13.7576],[29.8104,69.9063,18.6767],[29.7875,69.9063,17.4243],[29.7797,69.9016,9.3064],[29.7813,69.9,0.0],[29.787,69.8995,42.1083],[29.7818,69.8943,0.0],[29.7911,69.8932,31.6947],[29.788,69.8901,0.0],[29.7938,69.8875,0.0],[29.7995,69.887,6.6928],[29.7964,69.8818,0.0],[29.8036,69.8807,8.5755],[29.8005,69.8776,0.0],[29.8036,69.8755,0.0],[29.7922,69.8672,0.0],[29.7979,69.8646,0.0],[29.8036,69.8641,21.5816],[29.7984,69.8588,0.0],[29.8036,69.8557,0.0],[29.8026,69.8526,0.0],[29.8036,69.8505,0.0],[29.7995,69.8464,0.0],[29.7901,69.8453,0.0],[29.7932,69.8422,0.0],[29.7901,69.8401,0.0],[29.7995,69.8391,0.0],[29.7964,69.8359,0.0],[29.8042,69.8354,0.0],[29.8057,69.8339,9.3387],[29.8,69.8313,0.0],[29.7943,69.8307,0.0],[29.7995,69.8255,0.0],[29.7964,69.8245,0.0],[29.7911,69.8193,0.0],[29.7833,69.8187,0.0],[29.7792,69.8167,0.0],[29.7604,69.8167,0.0],[29.7521,69.8208,0.0],[29.7375,69.8229,0.0],[29.7359,69.8245,0.0],[29.7458,69.825,0.0],[29.7521,69.8229,0.0],[29.7563,69.825,0.0],[29.7667,69.825,0.0],[29.7734,69.8287,0.0],[29.7792,69.8292,0.0],[29.7849,69.8318,0.0],[29.7833,69.8333,0.0],[29.7755,69.8339,86.2625],[29.7786,69.837,0.0],[29.7693,69.838,0.0],[29.763,69.8422,0.0],[29.7661,69.8453,0.0],[29.763,69.8474,0.0],[29.7661,69.8495,0.0],[29.7484,69.8526,0.0],[29.75,69.8542,0.0],[29.7557,69.8547,0.0],[29.7641,69.8609,0.0],[29.762,69.8641,0.0],[29.7542,69.8646,0.0],[29.7526,69.8662,70.5152],[29.762,69.8714,0.0],[29.7589,69.8745,0.0],[29.7661,69.8797,0.0],[29.7651,69.8828,0.0],[29.7661,69.8849,0.0],[29.7542,69.8854,141.6094],[29.7417,69.8896,0.0],[29.7354,69.8896,125.0702],[29.7339,69.8912,126.641],[29.737,69.8932,0.0],[29.7276,69.8943,86.4516],[29.7354,69.9,0.0],[29.7391,69.8995,0.0],[29.738,69.8964,0.0],[29.7396,69.8958,6.7135],[29.7521,69.8958,17.6585],[29.7578,69.8995,0.0],[29.7417,69.9021,0.0],[29.7328,69.9078,15.7327],[29.7167,69.9104,50.7455],[29.7042,69.9146,0.0],[29.6979,69.9125,6.8741],[29.6859,69.912,0.0],[29.687,69.9089,29.2542],[29.6818,69.9057,0.0],[29.6849,69.9036,0.0],[29.6833,69.9021,0.0],[29.65,69.9021,74.5551],[29.6401,69.9047,0.0],[29.6411,69.9078,0.0],[29.6214,69.913,0.0],[29.6167,69.9167,0.0],[29.6089,69.9172,0.0],[29.612,69.9203,0.0],[29.6063,69.9229,0.0],[29.5943,69.9203,0.0],[29.5854,69.9146,0.0],[29.5771,69.9146,0.0],[29.5729,69.9167,7.9821],[29.5438,69.9167,13.7514],[29.5396,69.9187,5.7022],[29.5167,69.9167,0.0],[29.512,69.913,0.0],[29.5026,69.912,0.0],[29.4964,69.9078,0.0],[29.5016,69.9026,0.0],[29.488,69.9016,0.0],[29.4818,69.8974,0.0],[29.4849,69.8943,0.0],[29.4729,69.8938,0.0],[29.4609,69.887,0.0],[29.4589,69.8839,0.0],[29.462,69.8828,0.0],[29.4641,69.8797,52.6608],[29.4568,69.8786,0.0],[29.4495,69.8734,59.8047],[29.4438,69.8729,0.0],[29.438,69.8703,0.0],[29.4349,69.8672,0.0],[29.4167,69.8667,0.0],[29.4151,69.8662,0.0],[29.4161,69.863,0.0],[29.4141,69.8609,0.0],[29.4042,69.8583,65.4116],[29.3646,69.8625,0.0],[29.363,69.8641,0.0],[29.3661,69.8651,0.0],[29.3682,69.8682,0.0],[29.363,69.8714,0.0],[29.3646,69.8729,1.2085],[29.3708,69.8708,0.0],[29.3937,69.8708,0.0],[29.3979,69.8688,0.0],[29.4203,69.8693,0.0],[29.4224,69.8724,0.0],[29.4193,69.8745,0.0],[29.4224,69.8766,0.0],[29.4167,69.8792,0.0],[29.4109,69.8797,4.8641],[29.412,69.8828,0.0],[29.4109,69.8849,0.0],[29.4146,69.8875,0.0],[29.4224,69.888,0.0],[29.4276,69.8932,0.0],[29.4307,69.8943,0.0],[29.4276,69.8974,0.0],[29.4417,69.8958,0.3363],[29.4458,69.8938,0.0],[29.4474,69.8953,0.0],[29.4453,69.8974,0.0],[29.4396,69.8979,0.0],[29.438,69.8995,0.0],[29.4583,69.9,0.0],[29.4646,69.8979,0.0],[29.4745,69.9005,0.0],[29.4734,69.9036,0.0],[29.4755,69.9057,47.2855],[29.4849,69.9068,0.0],[29.4891,69.9109,0.0],[29.487,69.9141,0.0],[29.4839,69.9151,0.0],[29.4854,69.9167,0.0],[29.5104,69.9167,0.0],[29.512,69.9182,0.0],[29.5089,69.9193,0.0],[29.5104,69.9208,0.0],[29.5208,69.9208,0.0],[29.525,69.9229,0.0],[29.5354,69.9229,0.0],[29.5396,69.925,0.0],[29.5458,69.925,0.0],[29.5641,69.9297,0.0],[29.5708,69.9333,0.0],[29.5938,69.9375,0.0],[29.6,69.9417,0.0],[29.6271,69.9437,0.0],[29.6318,69.9474,0.0],[29.6411,69.9484,0.0],[29.6453,69.9526,0.0],[29.6443,69.9557,0.0],[29.6563,69.9563,0.0],[29.662,69.9589,0.0],[29.6589,69.9609,13.0557],[29.6609,69.9641,0.0],[29.675,69.9646,0.0],[29.6839,69.9703,0.0],[29.6911,69.9714,0.0],[29.6932,69.9734,0.0],[29.6922,69.9766,0.5865],[29.6932,69.9786,0.0],[29.6833,69.9792,0.0],[29.6708,69.975,1.9221],[29.6604,69.975,0.0],[29.6547,69.9724,0.0],[29.6599,69.9682,0.0],[29.6563,69.9667,0.0],[29.6464,69.9693,0.0],[29.6474,69.9724,0.0],[29.6422,69.9755,21.4166],[29.6453,69.9776,0.0],[29.6437,69.9792,0.0],[29.6208,69.975,0.0],[29.6141,69.9786,0.0],[29.6042,69.9812,0.0],[29.5812,69.9812,0.0],[29.5771,69.9833,0.0],[29.5583,69.9833,21.5022],[29.5568,69.9849,6.3137],[29.5599,69.987,0.0],[29.5583,69.9875,0.0],[29.5354,69.9875,0.0],[29.5313,69.9896,0.0],[29.5125,69.9896,0.0],[29.5078,69.9932,0.0],[29.4984,69.9943,0.0],[29.5036,69.9984,0.0],[29.5021,70.0,0.0],[29.4854,70.0,19.4229],[29.4792,70.0021,0.0],[29.475,70.0,26.9074],[29.4667,70.0,7.8929],[29.4625,70.0021,0.0],[29.4458,70.0021,0.0],[29.4375,70.0062,12.8277],[29.4313,70.0042,8.4111],[29.425,70.0042,17.2234],[29.4208,70.0062,6.7028],[29.4083,70.0062,10.9231],[29.4042,70.0083,0.0],[29.3958,70.0083,4.3435],[29.3896,70.0062,10.1723],[29.3854,70.0083,0.5476],[29.3813,70.0062,0.0],[29.3729,70.0062,31.9203],[29.3646,70.0104,12.4286],[29.3563,70.0083,38.9329],[29.3516,70.012,0.0],[29.3438,70.0125,31.719],[29.3375,70.0167,0.0],[29.3292,70.0146,2.8852],[29.3208,70.0188,0.0],[29.3083,70.0188,0.0],[29.3,70.0146,37.3698],[29.2896,70.0146,0.0],[29.2771,70.0104,29.2081],[29.2687,70.0104,32.5589],[29.2458,70.0167,0.0],[29.2375,70.0167,6.1544],[29.2188,70.0104,33.5989],[29.1917,70.0188,0.0],[29.1875,70.0167,25.7662],[29.1771,70.0167,56.0283],[29.1729,70.0146,50.4527],[29.1583,70.0125,0.0],[29.1521,70.0083,2.9764],[29.1458,70.0104,0.0],[29.1375,70.0083,17.6515],[29.1333,70.0104,0.0],[29.1229,70.0104,11.9157],[29.1172,70.013,0.0],[29.1151,70.0162,21.8101],[29.125,70.0188,0.0],[29.1354,70.0188,0.0],[29.137,70.0193,0.0],[29.1359,70.0224,13.8174],[29.1375,70.0229,10.2167],[29.1479,70.0229,0.0],[29.1604,70.0271,26.5139],[29.1708,70.0271,0.0],[29.1828,70.0349,0.0],[29.1771,70.0375,0.0],[29.1714,70.038,6.7538],[29.1641,70.0432,0.0],[29.1563,70.0437,24.5848],[29.1521,70.0458,2.1041],[29.1417,70.0458,13.5109],[29.1375,70.0479,0.0],[29.1292,70.0479,6.7253],[29.1229,70.0458,8.5165],[29.1188,70.0479,0.0],[29.1083,70.0479,0.0],[29.1068,70.0495,0.0],[29.1141,70.0557,0.0],[29.1104,70.0563,0.0],[29.1042,70.0542,0.0],[29.1026,70.0547,9.947],[29.1036,70.0578,39.2625],[29.0938,70.0604,2.5966],[29.0901,70.0599,0.0],[29.0812,70.0542,29.7474],[29.0646,70.0542,0.0],[29.0583,70.0521,15.7001],[29.0458,70.0563,0.0],[29.0396,70.0563,5.5839],[29.0354,70.0583,0.0],[29.025,70.0583,9.0527],[29.0104,70.0625,0.0],[29.0042,70.0604,14.7238],[28.9958,70.0604,42.2199],[28.9896,70.0625,0.0],[28.9854,70.0604,25.8326],[28.9813,70.0625,0.0],[28.9672,70.063,9.9212],[28.9703,70.0651,0.0],[28.9688,70.0667,0.0],[28.9625,70.0646,0.0],[28.9417,70.0646,35.0701],[28.9401,70.0651,45.8548],[28.9411,70.0682,0.0],[28.9396,70.0687,0.0],[28.9167,70.0687,44.7662],[28.8937,70.075,0.0],[28.8854,70.0729,25.8056],[28.8813,70.075,0.0],[28.8729,70.075,2.6816],[28.8688,70.0729,28.8476],[28.8521,70.0729,8.862],[28.8458,70.0708,18.3255],[28.8354,70.0771,6.3535],[28.8208,70.0771,0.0],[28.8146,70.075,35.5394],[28.8104,70.0771,0.0],[28.7875,70.0771,9.6933],[28.7833,70.0792,4.6002],[28.7729,70.0792,0.0],[28.7646,70.0833,0.0],[28.7526,70.0839,4.6427],[28.7474,70.087,0.0],[28.7401,70.088,0.0],[28.7339,70.0922,0.0],[28.7359,70.0953,0.0],[28.7396,70.0958,0.0],[28.7458,70.0917,0.0],[28.7542,70.0938,14.4527],[28.7583,70.0917,0.0],[28.7708,70.0917,0.0],[28.775,70.0896,0.0],[28.7917,70.0896,5.3282],[28.7958,70.0875,0.0],[28.8417,70.0875,0.0],[28.8516,70.0901,0.0],[28.8464,70.0943,36.2349],[28.8474,70.0974,16.7552],[28.8359,70.0964,64.2827],[28.8411,70.1016,17.5916],[28.8292,70.1021,41.8156],[28.8146,70.1062,2.9595],[28.8042,70.1062,8.6718],[28.8026,70.1068,1.2776],[28.8036,70.1099,0.0],[28.8021,70.1104,0.0],[28.7875,70.1062,12.1345],[28.7813,70.1083,0.0],[28.7729,70.1083,0.0],[28.7687,70.1062,6.2565],[28.7604,70.1062,8.2617],[28.7542,70.1083,0.0],[28.7479,70.1042,0.0],[28.7062,70.1042,0.0],[28.6958,70.0979,13.6388],[28.6875,70.0979,4.3754],[28.6813,70.1,0.0],[28.6714,70.0974,0.0],[28.6682,70.0943,17.9485],[28.6646,70.0938,22.6511],[28.6458,70.1042,0.0],[28.6354,70.1042,18.6286],[28.6292,70.1062,0.0],[28.6229,70.1042,38.166],[28.613,70.1068,13.8194],[28.6063,70.1104,0.0],[28.6005,70.1109,0.0],[28.5938,70.1146,0.0],[28.5792,70.1167,0.0],[28.5776,70.1182,0.0],[28.5797,70.1203,0.0],[28.5875,70.1208,0.0],[28.5917,70.1229,0.0],[28.6,70.1208,0.0],[28.6042,70.1229,0.0],[28.6146,70.1229,0.0],[28.6188,70.125,0.0],[28.6292,70.125,0.0],[28.6417,70.1292,6.4043],[28.6604,70.1292,0.0],[28.6703,70.1318,0.0],[28.675,70.1354,0.0],[28.6828,70.1359,0.0],[28.6875,70.1396,0.0],[28.6979,70.1396,0.0],[28.7021,70.1417,0.0],[28.7083,70.1417,0.0],[28.7125,70.1438,2.9246],[28.725,70.1458,0.0],[28.7318,70.1495,4.8555],[28.7391,70.1505,6.5542],[28.7464,70.1557,6.6605],[28.7536,70.1568,3.2825],[28.7526,70.1599,12.2794],[28.7583,70.1604,3.4163],[28.7599,70.162,0.0],[28.7521,70.1625,7.0096],[28.7479,70.1646,0.0],[28.7417,70.1646,2.7769],[28.7354,70.1625,19.5587],[28.7292,70.1646,0.0],[28.7229,70.1625,19.859],[28.7167,70.1646,0.0],[28.7125,70.1625,12.2552],[28.6708,70.1625,0.0],[28.6646,70.1604,11.2081],[28.6604,70.1625,0.0],[28.6521,70.1625,0.0],[28.6479,70.1604,12.4158],[28.6396,70.1604,11.13],[28.6313,70.1646,0.0],[28.6188,70.1646,0.0],[28.6172,70.1641,0.0],[28.6182,70.1609,0.0],[28.6146,70.1604,3.5555],[28.6021,70.1646,0.0],[28.5896,70.1646,0.0],[28.5797,70.1672,0.0],[28.588,70.1745,0.0],[28.6125,70.175,0.0],[28.6167,70.1771,4.0273],[28.6229,70.175,0.0],[28.6292,70.1771,5.9132],[28.6688,70.1771,0.0],[28.6729,70.175,0.0],[28.7271,70.175,2.8981],[28.7313,70.1729,0.0],[28.7583,70.1708,6.4173],[28.7708,70.1667,0.0],[28.7771,70.1667,0.0],[28.787,70.1641,16.2437],[28.7938,70.1604,0.0],[28.8083,70.1583,3.0116],[28.8208,70.1542,0.0],[28.8292,70.1563,5.2957],[28.8521,70.15,0.0],[28.8583,70.15,1.8584],[28.862,70.1474,0.0],[28.8609,70.1443,0.0],[28.8625,70.1438,0.0],[28.8688,70.1458,4.1478],[28.8833,70.1458,2.9824],[28.8875,70.1438,0.0],[28.8958,70.1479,7.6232],[28.9042,70.1479,0.0],[28.9292,70.1396,3.5262],[28.9479,70.1396,10.1671],[28.9604,70.1354,0.0],[28.9771,70.1354,6.3781],[28.9854,70.1312,0.0],[28.9916,70.1312,1.5979],[28.9958,70.1292,0.0],[29.0063,70.1292,0.0],[29.0167,70.1229,0.0],[29.025,70.1229,0.0],[29.0292,70.125,29.9487],[29.05,70.125,0.0],[29.0542,70.1229,0.0],[29.0854,70.1229,0.0],[29.087,70.1234,0.0],[29.0859,70.1266,10.3845],[29.0896,70.1292,0.0],[29.1,70.1292,0.0],[29.1042,70.1312,7.5722],[29.1188,70.1312,12.2079],[29.1229,70.1292,0.0],[29.1391,70.1266,23.2335],[29.138,70.1234,0.0],[29.1396,70.1229,0.0],[29.1625,70.1229,0.0],[29.1667,70.1208,0.0],[29.1828,70.1182,13.1284],[29.1818,70.1151,0.0],[29.1833,70.1146,0.0],[29.1938,70.1146,7.7818],[29.1979,70.1125,0.0],[29.2062,70.1125,0.0],[29.2188,70.1167,30.0924],[29.2313,70.1167,0.0],[29.2354,70.1188,11.1695],[29.2479,70.1188,17.7118],[29.2521,70.1167,0.0],[29.2604,70.1188,35.2618],[29.2646,70.1167,0.0],[29.3063,70.1167,8.9621],[29.3104,70.1146,5.342],[29.3182,70.1141,7.1557],[29.3229,70.1104,0.0],[29.3307,70.1099,2.9293],[29.3276,70.1068,0.0],[29.337,70.1057,5.1921],[29.3359,70.1026,0.0],[29.3458,70.1,0.0],[29.375,70.1,0.9152],[29.3792,70.0979,0.0],[29.3917,70.0979,0.0],[29.3958,70.0958,0.0],[29.4125,70.0958,16.1859],[29.4167,70.0938,0.0],[29.4313,70.0938,0.0],[29.4521,70.1,0.0],[29.4604,70.1,0.0],[29.4646,70.0979,0.0],[29.4917,70.0958,0.0],[29.4958,70.0938,0.0],[29.525,70.0938,7.3623],[29.5292,70.0917,0.0],[29.5375,70.0917,0.0],[29.5438,70.0938,2.4011],[29.5479,70.0917,0.0],[29.5563,70.0917,0.0],[29.5625,70.0938,25.3035],[29.5667,70.0917,0.0],[29.5958,70.0917,6.2561],[29.6,70.0896,0.0],[29.6167,70.0896,10.0102],[29.6208,70.0875,0.0],[29.6479,70.0854,0.0],[29.6521,70.0833,0.0],[29.6646,70.0833,17.9827],[29.6688,70.0813,0.0],[29.7062,70.0792,4.3909],[29.7104,70.0771,0.0],[29.7292,70.0771,13.8755],[29.7417,70.0729,0.0],[29.7563,70.0729,0.0],[29.7604,70.075,9.9263],[29.7687,70.075,7.2226],[29.775,70.0729,0.0],[29.7792,70.075,11.9171],[29.7875,70.0708,0.0],[29.8021,70.0687,0.0],[29.8146,70.0646,0.0],[29.8208,70.0646,12.4671],[29.825,70.0625,7.102],[29.8479,70.0625,0.0],[29.8521,70.0604,0.0],[29.8896,70.0604,0.0],[29.8958,70.0625,7.3866],[29.9021,70.0604,0.0],[29.9083,70.0625,10.3115],[29.9146,70.0604,0.0],[29.9188,70.0625,0.0],[29.9313,70.0625,0.0],[29.9354,70.0646,5.4359],[29.9979,70.0667,0.0],[30.0021,70.0687,2.7241],[30.0125,70.0687,0.0],[30.0167,70.0708,4.5824],[30.0271,70.0708,0.0],[30.0313,70.0729,0.9383],[30.0583,70.075,0.0],[30.0625,70.0771,0.0],[30.0917,70.0771,0.0],[30.0974,70.0797,0.0],[30.0943,70.0828,0.0],[30.0974,70.0839,0.0],[30.1026,70.0891,0.0],[30.1089,70.0932,4.6183],[30.1182,70.0943,0.0],[30.1229,70.0979,0.0],[30.1396,70.0979,0.0],[30.1437,70.1,0.0],[30.1516,70.1005,0.0],[30.1563,70.1042,2.7163],[30.1833,70.1042,0.0],[30.1896,70.1021,2.4546],[30.2005,70.1099,0.0],[30.2099,70.1109,0.0],[30.2068,70.113,0.0],[30.2083,70.1146,8.0319],[30.2208,70.1146,0.0],[30.2333,70.1188,8.4968],[30.2625,70.1188,0.0],[30.2667,70.1208,6.3698],[30.2771,70.1208,0.0],[30.2813,70.1229,9.9298],[30.2896,70.1208,0.0],[30.2938,70.1229,0.0],[30.3016,70.1234,0.0],[30.3062,70.1271,0.0],[30.3224,70.1297,0.0],[30.3271,70.1333,0.0],[30.3349,70.1339,0.0],[30.3396,70.1375,8.8045],[30.3583,70.1375,0.0],[30.3599,70.1391,6.255],[30.3568,70.1412,4.9289],[30.3599,70.1432,0.0],[30.3568,70.1453,3.8439],[30.3599,70.1474,0.0],[30.3568,70.1495,2.422],[30.3599,70.1516,0.0],[30.3521,70.1521,3.264],[30.3474,70.1557,0.0],[30.338,70.1568,2.8945],[30.3318,70.1609,2.0786],[30.3349,70.1641,0.0],[30.3255,70.1651,3.1243],[30.3286,70.1682,0.0],[30.3255,70.1703,1.296],[30.3349,70.1755,0.0],[30.3318,70.1776,1.4376],[30.3349,70.1807,0.0],[30.3318,70.1828,4.4059],[30.3458,70.1833,0.0],[30.3505,70.187,0.0],[30.3563,70.1875,0.0],[30.362,70.1901,0.0],[30.3568,70.1943,4.3995],[30.3604,70.1979,4.2935],[30.3729,70.1979,0.0],[30.3792,70.2,3.1666],[30.3854,70.1979,0.0],[30.4083,70.2042,4.7388],[30.4313,70.2042,0.0],[30.4354,70.2063,6.0683],[30.4708,70.2063,5.4039],[30.4786,70.2109,0.0],[30.4776,70.2141,3.0819],[30.4849,70.2151,0.0],[30.4911,70.2193,0.0],[30.488,70.2224,1.5141],[30.4974,70.2276,0.0],[30.4995,70.2297,0.0],[30.4984,70.2328,4.0705],[30.5057,70.2338,0.0],[30.513,70.2391,3.5594],[30.5208,70.2396,0.0],[30.525,70.2417,1.3096],[30.5396,70.2417,6.0232],[30.5438,70.2396,4.9538],[30.5542,70.2396,6.4783],[30.5604,70.2375,0.0],[30.562,70.238,0.0],[30.5609,70.2412,0.0],[30.5651,70.2453,0.0],[30.5708,70.2479,0.0],[30.5917,70.2479,0.0],[30.5964,70.2443,0.0],[30.6,70.2438,0.0],[30.6042,70.2458,0.0],[30.6229,70.2458,0.0],[30.6271,70.2479,2.6438],[30.6375,70.2479,0.0],[30.6417,70.25,7.4864],[30.675,70.25,0.0],[30.6875,70.2458,1.9569],[30.7083,70.2458,11.7872],[30.7141,70.2484,0.0],[30.7109,70.2516,5.3726],[30.7203,70.2526,0.0],[30.725,70.2562,0.0],[30.7354,70.2562,0.0],[30.7438,70.2604,0.6083],[30.7708,70.2604,4.1219],[30.7833,70.2562,0.0],[30.7917,70.2562,0.0],[30.8005,70.262,0.0],[30.8099,70.263,0.0],[30.813,70.2662,0.0],[30.8229,70.2667,2.0458],[30.8328,70.2641,0.0],[30.8318,70.2609,0.0],[30.8333,70.2604,0.0],[30.8375,70.2604,4.777],[30.8417,70.2583,0.0],[30.85,70.2583,0.0],[30.8557,70.262,0.0],[30.8479,70.2625,3.1069],[30.8464,70.2641,14.8983],[30.8729,70.2646,0.0],[30.8792,70.2688,18.7921],[30.9083,70.2688,0.8966],[30.9229,70.2729,0.9411],[30.9375,70.2729,0.0],[30.9438,70.2688,0.0],[30.9625,70.2708,0.0],[30.9854,70.2854,0.0],[30.9938,70.2854,0.3722],[31.0,70.2813,0.0],[31.0167,70.2813,30.9315],[31.0208,70.2792,0.0],[31.0271,70.2813,31.2758],[31.0458,70.2813,0.0],[31.0599,70.2901,8.5282],[31.0583,70.2917,0.0],[31.0505,70.2922,11.292],[31.0536,70.2953,1.4172],[31.0479,70.2979,1.4248],[31.0422,70.2984,7.0557],[31.0401,70.3005,4.0035],[31.0411,70.3037,0.0],[31.0401,70.3057,0.0],[31.0516,70.313,0.0],[31.0536,70.3151,11.9947],[31.0526,70.3182,62.0434],[31.0578,70.3214,9.2268],[31.0563,70.3229,39.3054],[31.0484,70.3234,87.0502],[31.0516,70.3266,53.4321],[31.0401,70.3339,119.3571],[31.0495,70.3401,0.0],[31.0443,70.3443,6.3162],[31.0453,70.3474,3.5702],[31.0443,70.3495,3.3222],[31.0557,70.3484,0.0],[31.0526,70.3505,4.288],[31.0557,70.3536,0.1666],[31.0526,70.3557,3.1644],[31.0557,70.3578,0.0],[31.0479,70.3625,0.0],[31.0313,70.3625,0.0],[31.0271,70.3646,0.0],[31.0193,70.3651,5.3237],[31.0224,70.3682,0.0],[31.0193,70.3703,3.1371],[31.0349,70.3797,1.536],[31.037,70.3818,0.0],[31.0359,70.3849,0.0],[31.0411,70.388,0.0],[31.0396,70.3896,0.0],[31.0318,70.3901,1.5819],[31.0349,70.3922,0.0],[31.0328,70.3953,0.0],[31.0151,70.3984,0.0],[31.0047,70.4047,65.4421],[31.0078,70.4078,11.9424],[31.0047,70.4099,1.2855],[31.0078,70.412,0.0],[30.9984,70.413,0.7361],[30.9891,70.4203,9.5381],[30.9833,70.4208,17.3476],[30.9766,70.4245,0.0],[30.9708,70.425,6.5452],[30.9651,70.4276,1.2882],[30.963,70.4297,0.0],[30.9641,70.4328,2.45],[30.963,70.4349,4.1326],[30.9682,70.4391,0.0],[30.9625,70.4417,0.413],[30.9479,70.4437,25.1929],[30.9354,70.4479,9.2211],[30.9167,70.4437,88.4438],[30.9151,70.4453,64.9581],[30.9182,70.4474,10.9472],[30.9146,70.4479,6.1242],[30.9083,70.4437,69.4048],[30.8958,70.4437,20.6337],[30.8891,70.4401,41.0945],[30.8792,70.4375,10.3635],[30.8583,70.4396,12.3105],[30.8542,70.4375,39.493899999999996],[30.8438,70.4375,26.8691],[30.8208,70.4313,1.5525],[30.8146,70.4313,0.0],[30.8057,70.4255,32.8311],[30.7984,70.4245,6.7299],[30.7917,70.4208,2.0145],[30.7755,70.4213,0.0],[30.7734,70.4234,0.0],[30.7745,70.4266,3.0907],[30.7672,70.4276,5.3852],[30.7682,70.4307,0.0],[30.7667,70.4313,0.0],[30.7458,70.4313,1.5524],[30.7417,70.4292,22.3469],[30.7255,70.4297,0.0],[30.7234,70.4328,0.0],[30.7349,70.4411,0.0],[30.7271,70.4417,16.7984],[30.7255,70.4432,19.7445],[30.7333,70.4437,1.2096],[30.7349,70.4453,0.0],[30.7271,70.4458,6.8536],[30.7255,70.4474,0.0275],[30.7307,70.4505,0.0],[30.7297,70.4537,2.201],[30.7318,70.4557,6.6708],[30.7411,70.4609,0.0],[30.7349,70.4661,38.9138],[30.7276,70.4672,11.5595],[30.7208,70.4708,12.6105],[30.7104,70.4708,104.4566],[30.6911,70.4786,14.8076],[30.6839,70.4797,115.8061],[30.6797,70.4818,88.8284],[30.6828,70.4838,3.7432],[30.6812,70.4854,6.4512],[30.6688,70.4854,134.8149],[30.6625,70.4896,7.9063],[30.65,70.4896,34.7305],[30.6375,70.4938,0.0],[30.6313,70.4938,0.0],[30.6208,70.5,0.0],[30.6125,70.5,14.4006],[30.6063,70.4979,133.3616],[30.6047,70.4995,83.5065],[30.6078,70.5005,12.4084],[30.6063,70.5021,1.3865],[30.6,70.5,85.0416],[30.5917,70.5,106.6766],[30.5859,70.5026,20.0453],[30.5891,70.5057,0.0],[30.5859,70.5068,0.0],[30.5839,70.5099,0.0],[30.5901,70.5141,11.1374],[30.5974,70.5151,1.5463],[30.5964,70.5182,0.0],[30.5984,70.5203,5.9848],[30.6125,70.5208,0.0],[30.6182,70.5234,0.0],[30.6151,70.5266,9.0948],[30.6182,70.5286,0.2725],[30.6089,70.5349,9.9211],[30.6151,70.5391,0.0],[30.6245,70.5401,7.4476],[30.6307,70.5443,2.3427],[30.6292,70.5458,0.0],[30.6208,70.5437,67.3034],[30.6063,70.5479,51.2502],[30.5979,70.5479,30.7578],[30.588,70.5453,5.9499],[30.5891,70.5422,-0.087],[30.5875,70.5417,2.2826],[30.5771,70.5417,0.3756],[30.5688,70.5375,101.4611],[30.5604,70.5375,109.917],[30.5542,70.5417,0.3646],[30.5458,70.5417,0.4433],[30.5396,70.5396,8.5359],[30.5312,70.5437,0.0],[30.5229,70.5417,11.7951],[30.5187,70.5437,9.8857],[30.5083,70.5437,24.7634],[30.5042,70.5458,7.0294],[30.4833,70.5437,13.2019],[30.4688,70.5479,4.0866],[30.4417,70.55,34.6157],[30.4375,70.5521,13.9159],[30.4339,70.5516,14.0871],[30.4292,70.5479,168.5335],[30.4229,70.55,61.0601],[30.4083,70.55,1.1171],[30.4021,70.5479,3.4679],[30.3958,70.55,0.0],[30.3891,70.5463,75.8802],[30.3792,70.5437,119.1046],[30.3646,70.5437,92.8834],[30.3583,70.5458,67.4265],[30.3479,70.5396,223.5225],[30.3417,70.5417,183.697],[30.3333,70.5417,216.1892],[30.325,70.5375,292.2258],[30.3146,70.5375,285.4915],[30.3062,70.5333,297.5132],[30.2979,70.5354,278.1021],[30.2917,70.5313,120.121],[30.2792,70.5313,185.6931],[30.2667,70.5271,294.4141],[30.2104,70.5229,267.8486],[30.2005,70.5203,258.0065],[30.1938,70.5167,250.9696],[30.1771,70.5167,79.4623],[30.1729,70.5146,50.8371],[30.1583,70.5125,0.0],[30.1375,70.5042,7.5824],[30.1229,70.5083,0.0],[30.1151,70.5089,15.9509],[30.1203,70.5141,0.0],[30.1104,70.5167,7.6546],[30.1042,70.5146,122.0527],[30.0958,70.5146,160.2786],[30.0729,70.5208,0.0],[30.0604,70.5208,30.6205],[30.0562,70.5229,7.0325],[30.0396,70.5229,21.4951],[30.0339,70.5255,0.0],[30.037,70.5286,0.0],[30.0276,70.5297,23.5515],[30.0203,70.5349,0.0],[30.0047,70.5359,12.9794],[30.0026,70.5391,8.7849],[30.025,70.5396,0.0],[30.0359,70.5318,0.0],[30.05,70.5313,62.4932],[30.0542,70.5292,0.0],[30.0604,70.5313,5.6586],[30.0854,70.5313,0.0],[30.0896,70.5333,7.3221],[30.0979,70.5333,6.1938],[30.1021,70.5313,0.0],[30.1104,70.5333,11.4735],[30.1146,70.5313,27.2141],[30.1479,70.5313,0.0],[30.1495,70.5328,0.0],[30.1417,70.5333,65.6848],[30.1375,70.5354,69.9194],[30.125,70.5354,68.9923],[30.1208,70.5375,33.1859],[30.1042,70.5375,38.7464],[30.1,70.5396,0.0],[30.0938,70.5396,9.482],[30.0859,70.5443,0.0],[30.0839,70.5474,0.0],[30.0875,70.55,0.0],[30.0938,70.5479,0.0],[30.1021,70.5479,0.0],[30.1083,70.55,7.1753],[30.1125,70.5479,0.0],[30.1396,70.5479,0.0],[30.1458,70.55,4.9327],[30.15,70.5479,0.0],[30.1583,70.5479,0.0],[30.1646,70.55,5.0179],[30.1708,70.5479,0.0],[30.175,70.55,0.0],[30.1938,70.55,0.0],[30.1953,70.5516,0.0],[30.1922,70.5536,27.5405],[30.1938,70.5542,55.4543],[30.2,70.5521,0.0],[30.2146,70.5521,0.0],[30.2224,70.5568,0.0],[30.2203,70.5599,3.9823],[30.2151,70.563,0.0],[30.2167,70.5646,3.2541],[30.2224,70.5651,0.0],[30.2214,70.5682,0.0],[30.2313,70.5708,0.0],[30.2396,70.5708,3.1795],[30.2458,70.5687,0.0],[30.25,70.5708,0.0],[30.2625,70.5708,0.0],[30.2667,70.5729,2.8199],[30.2771,70.5729,0.0],[30.2813,70.575,5.1729],[30.2891,70.5755,0.0],[30.2984,70.5828,0.0],[30.3062,70.5833,0.0],[30.3151,70.5891,0.0],[30.3224,70.5901,0.0],[30.3203,70.5932,109.0015],[30.3172,70.5943,114.1256],[30.3224,70.5984,1.4746],[30.3214,70.6016,9.1631],[30.3297,70.6078,6.8921],[30.3391,70.6088,0.0],[30.3375,70.6104,0.0],[30.325,70.6104,75.7929],[30.3234,70.612,80.7365],[30.3266,70.6141,15.0621],[30.3104,70.6167,5.0898],[30.3021,70.6208,0.0],[30.2901,70.6214,13.5112],[30.2911,70.6245,0.0],[30.2891,70.6266,0.0],[30.2609,70.6318,12.4726],[30.2641,70.6339,0.0],[30.2625,70.6354,0.0],[30.2484,70.6359,29.7643],[30.2516,70.6391,6.8209],[30.2458,70.6417,0.0],[30.2229,70.6438,0.0],[30.2188,70.6417,29.5115],[30.2104,70.6417,36.7376],[30.2042,70.6438,7.4342],[30.1979,70.6417,187.5033],[30.1896,70.6458,28.5967],[30.1833,70.6438,258.7844],[30.1771,70.6458,155.972],[30.1625,70.6458,210.0196],[30.1583,70.6438,220.8542],[30.1437,70.6438,143.8781],[30.1396,70.6458,92.0378],[30.1333,70.6438,227.7305],[30.0984,70.6443,166.5921],[30.1,70.6458,91.7391],[30.112,70.6464,96.4031],[30.1109,70.6536,2.8395],[30.1125,70.6542,10.9569],[30.1208,70.6542,0.0],[30.1271,70.6521,0.0],[30.1318,70.6557,0.0],[30.1396,70.6563,0.0],[30.1437,70.6583,0.0],[30.1667,70.6583,0.0],[30.1708,70.6604,0.0],[30.1786,70.6609,0.0],[30.1833,70.6646,38.8274],[30.1958,70.6646,0.0],[30.1995,70.6672,0.0],[30.1984,70.6703,16.7859],[30.2036,70.6745,15.1938],[30.1958,70.675,85.5018],[30.1917,70.6771,9.0496],[30.1833,70.675,190.2606],[30.1818,70.6766,163.272],[30.1849,70.6776,21.069],[30.187,70.6807,1.9145],[30.175,70.6813,162.293],[30.1521,70.6875,7.3875],[30.1458,70.6875,11.6125],[30.1396,70.6917,0.0],[30.1271,70.6917,54.3607],[30.1229,70.6937,37.4826],[30.1146,70.6937,79.5854],[30.1083,70.6917,168.6372],[30.1068,70.6932,65.5397],[30.1099,70.6953,8.9348],[30.1016,70.6995,0.0],[30.0943,70.7005,0.0],[30.0953,70.7037,0.0],[30.0854,70.7063,0.0],[30.0667,70.7063,6.4291],[30.0604,70.7083,0.0],[30.0542,70.7063,41.0741],[30.05,70.7083,4.799],[30.0354,70.7083,10.2558],[30.0313,70.7063,13.767],[30.0167,70.7063,91.1775],[30.0104,70.7083,21.8411],[29.9875,70.7021,179.5604],[29.9792,70.7042,114.5506],[29.9708,70.7,204.7773],[29.9672,70.7005,198.485],[29.9625,70.7042,11.5882],[29.9479,70.7042,54.7299],[29.9401,70.6995,0.0],[29.9474,70.6964,158.441],[29.9391,70.6901,118.457],[29.9312,70.6896,46.6728],[29.925,70.6854,96.1455],[29.9089,70.6828,103.8268],[29.8974,70.6755,178.3475],[29.8917,70.675,6.3172],[29.8859,70.6724,130.556],[29.8875,70.6708,180.6327],[29.8953,70.6703,209.838],[29.8911,70.6672,259.2508],[29.875,70.6646,153.0076],[29.8708,70.6625,164.7411],[29.8589,70.662,0.0],[29.8609,70.6589,0.0],[29.8687,70.6583,231.707],[29.8703,70.6568,300.5505],[29.8625,70.6521,243.8741],[29.8542,70.6542,12.93],[29.8526,70.6526,37.2337],[29.8557,70.6505,170.1276],[29.8479,70.65,17.9339],[29.8432,70.6464,100.3743],[29.8339,70.6453,0.0],[29.837,70.6422,111.934],[29.8307,70.638,106.5017],[29.8167,70.6375,3.774],[29.8104,70.6333,53.581],[29.7979,70.6333,0.0],[29.7938,70.6312,15.1617],[29.7833,70.6312,0.0],[29.7792,70.6292,41.2377],[29.7479,70.6292,0.0],[29.7354,70.625,10.738],[29.7276,70.6245,0.0],[29.7188,70.6188,56.5114],[29.6917,70.6188,0.0],[29.6901,70.6203,0.0],[29.6995,70.6214,0.0],[29.7016,70.6234,0.0],[29.6984,70.6255,0.0],[29.7,70.6271,0.9733],[29.7062,70.625,0.0],[29.7182,70.6255,0.0],[29.7214,70.6286,0.0],[29.7286,70.6297,0.0],[29.7266,70.6328,5.2607],[29.7234,70.6339,0.0],[29.7276,70.637,0.0],[29.7313,70.6375,0.0],[29.7375,70.6354,0.0],[29.7589,70.6495,6.618],[29.7813,70.6521,0.0],[29.7891,70.6568,0.0],[29.7875,70.6583,0.0],[29.7797,70.6589,0.0],[29.7776,70.662,0.0],[29.7859,70.6682,11.9083],[29.7953,70.6693,0.0],[29.7922,70.6713,27.993],[29.7953,70.6745,0.0],[29.7922,70.6766,6.012],[29.8057,70.6859,0.0],[29.8047,70.6891,0.0],[29.8057,70.6911,0.0],[29.7984,70.6964,15.5732],[29.7995,70.7037,0.0],[29.7984,70.7057,0.0],[29.8036,70.7099,0.0],[29.7943,70.7109,31.7714],[29.7958,70.7125,27.7685],[29.8036,70.713,0.0],[29.8021,70.7146,0.0],[29.7943,70.7151,27.8709],[29.7953,70.7182,8.6609],[29.7943,70.7203,25.2206],[29.7995,70.7245,8.4458],[29.7917,70.725,154.251],[29.7875,70.7271,50.8743],[29.7771,70.7271,39.7361],[29.7729,70.7292,0.0],[29.7604,70.7292,7.2874],[29.7479,70.7333,0.0],[29.7417,70.7333,0.0],[29.7375,70.7354,0.0],[29.7313,70.7354,16.7268],[29.725,70.7375,0.0],[29.7188,70.7333,120.1914],[29.7125,70.7333,125.3593],[29.7083,70.7312,150.5451],[29.6979,70.7312,163.9093],[29.6896,70.7271,194.1408],[29.6813,70.7292,100.5336],[29.6688,70.725,206.261],[29.6625,70.725,188.3253],[29.6609,70.7234,200.6069],[29.6641,70.7214,214.8059],[29.6625,70.7208,212.7502],[29.6542,70.7208,214.5323],[29.6479,70.7229,86.3566],[29.6464,70.7224,49.9291],[29.6474,70.7193,167.7254],[29.6354,70.7188,0.0],[29.6224,70.7109,191.5317],[29.6104,70.7104,223.2601],[29.6021,70.7063,253.7415],[29.5875,70.7104,86.5108],[29.5839,70.7099,0.0],[29.5859,70.7068,203.2032],[29.5891,70.7057,235.598],[29.5875,70.7042,249.968],[29.5667,70.7063,38.7191],[29.5521,70.7021,39.4995],[29.5438,70.7042,38.8077],[29.5396,70.7021,64.9267],[29.5292,70.7021,46.6138],[29.525,70.7,181.5741],[29.5021,70.7,18.7221],[29.4979,70.7021,0.0],[29.4833,70.7021,0.0],[29.4792,70.7,68.9345],[29.4708,70.7,64.5257],[29.4672,70.7026,20.9045],[29.4682,70.7057,0.0],[29.4646,70.7063,0.0],[29.4599,70.7026,15.8828],[29.4505,70.7016,18.0299],[29.4474,70.6984,113.6951],[29.438,70.6974,16.2965],[29.4333,70.6937,156.7851],[29.4255,70.6932,0.0],[29.4208,70.6896,76.851],[29.4063,70.6896,2.0463],[29.4021,70.6917,0.0],[29.3958,70.6917,7.1458],[29.3922,70.6943,6.9635],[29.3932,70.6974,0.0],[29.3896,70.6979,2.8947],[29.3786,70.6901,0.0],[29.3729,70.6875,1.1037],[29.3672,70.687,3.3705],[29.3604,70.6833,33.3574],[29.3422,70.6828,0.0],[29.338,70.6807,0.0],[29.3432,70.6766,0.0],[29.3411,70.6734,55.0857],[29.3255,70.6724,0.0],[29.3234,70.6693,0.0],[29.3266,70.6672,12.1259],[29.3203,70.663,17.6815],[29.3109,70.662,0.0],[29.3016,70.6547,23.3281],[29.2854,70.6542,14.0426],[29.2792,70.6563,0.0],[29.2687,70.6521,1.3141],[29.2609,70.6578,0.0],[29.275,70.6625,0.0],[29.2813,70.6604,0.0],[29.2896,70.6604,0.0],[29.2953,70.663,6.8133],[29.2974,70.6661,0.0],[29.2771,70.6667,22.1692],[29.2729,70.6687,6.701],[29.2583,70.6687,0.2759],[29.2521,70.6667,33.3607],[29.2484,70.6693,2.1579],[29.2505,70.6724,2.3638],[29.2708,70.6729,0.0],[29.2724,70.6745,0.0],[29.2693,70.6766,-0.1739],[29.2833,70.6771,0.0],[29.2896,70.6813,4.3708],[29.3146,70.6813,0.0],[29.3182,70.6839,0.0],[29.3172,70.687,-1.1468],[29.3188,70.6875,1.263],[29.3333,70.6896,0.0],[29.3458,70.6937,0.0],[29.3521,70.6937,0.0],[29.3583,70.6979,5.5084],[29.3771,70.6979,0.0],[29.3786,70.6995,2.0065],[29.3729,70.7021,0.0],[29.3458,70.7021,0.0],[29.3417,70.7,37.3198],[29.3271,70.7,6.5663],[29.3229,70.7021,0.0],[29.3151,70.7026,3.7896],[29.3104,70.7063,0.0],[29.2979,70.7063,0.0],[29.2938,70.7083,0.0],[29.2859,70.7089,24.1882],[29.2875,70.7104,0.0],[29.2953,70.7109,0.0],[29.3063,70.7188,7.5997],[29.3208,70.7188,4.3215],[29.3271,70.7167,0.0],[29.3312,70.7188,37.4541],[29.3391,70.7193,0.0],[29.3411,70.7224,5.6161],[29.3375,70.725,0.0],[29.325,70.725,40.6265],[29.3151,70.7276,48.2857],[29.3161,70.7307,0.0],[29.3146,70.7312,14.0721],[29.2938,70.7312,43.9425],[29.2896,70.7292,12.8916],[29.2818,70.7286,0.0],[29.2911,70.7255,128.3915],[29.275,70.725,68.3078],[29.2693,70.7276,0.0],[29.2745,70.7328,0.0],[29.2672,70.7338,71.4246],[29.2568,70.7412,0.0],[29.2813,70.7458,0.0],[29.2896,70.75,66.4731],[29.2979,70.7479,0.0],[29.3021,70.75,0.0],[29.3125,70.75,0.0],[29.3354,70.7562,0.0],[29.3417,70.7562,0.0],[29.3479,70.7604,27.8994],[29.3557,70.7609,0.0],[29.3526,70.7641,2.1069],[29.3589,70.7682,3.79],[29.3682,70.7693,0.0],[29.3766,70.7755,0.0],[29.375,70.7771,0.0],[29.3693,70.7776,29.7452],[29.3651,70.7807,54.7122],[29.3766,70.7797,0.0],[29.3755,70.7828,11.464],[29.3766,70.7849,1.066],[29.3563,70.7854,141.8064],[29.3521,70.7875,4.109],[29.3417,70.7875,35.0558],[29.3375,70.7896,2.7033],[29.3312,70.7896,0.0],[29.3271,70.7917,0.0],[29.3146,70.7917,2.5497],[29.3104,70.7937,0.0],[29.2958,70.7937,0.0],[29.2896,70.7917,4.8885],[29.2771,70.7958,0.0],[29.2693,70.7963,0.0],[29.263,70.8016,0.0],[29.2693,70.8057,3.5222],[29.2766,70.8068,0.0],[29.2755,70.8099,0.0],[29.2766,70.812,0.0],[29.2693,70.813,0.0],[29.2651,70.8151,3.834],[29.263,70.8182,0.0572],[29.2724,70.8266,5.1254],[29.2687,70.8292,2.9291],[29.2609,70.8297,54.0375],[29.2641,70.8328,2.5426],[29.2547,70.8339,5.3103],[29.2578,70.837,0.0],[29.25,70.8375,6.5002],[29.2443,70.8401,8.7968],[29.2495,70.8453,0.0],[29.2422,70.8464,5.3642],[29.2328,70.8516,4.5104],[29.2229,70.8542,0.0],[29.2167,70.8542,0.1313],[29.2104,70.8562,0.7873],[29.2042,70.8521,16.3374],[29.1917,70.8521,0.9857],[29.1875,70.85,49.7188],[29.1354,70.85,1.1518],[29.125,70.8562,0.9637],[29.1146,70.8562,3.027],[29.1104,70.8542,0.0],[29.1005,70.8547,0.0],[29.0943,70.8599,6.3392],[29.1036,70.8609,0.0],[29.1005,70.8641,9.5441],[29.1036,70.8662,3.1193],[29.0953,70.8703,0.0],[29.0854,70.8729,6.0635],[29.0729,70.8729,4.5432],[29.0688,70.875,0.0],[29.0229,70.875,0.0],[29.0187,70.8729,4.9713],[29.0,70.8729,3.7313],[28.9958,70.8708,0.0],[28.9896,70.8708,0.0],[28.9833,70.8688,2.7188],[28.9797,70.8714,0.0],[28.9818,70.8745,0.0],[28.9849,70.8755,0.934],[28.9797,70.8797,1.8991],[28.9807,70.8828,0.0],[28.9667,70.8833,3.6567],[28.9625,70.8854,0.0],[28.9479,70.8854,0.0],[28.9354,70.8812,17.6249],[28.9292,70.8833,2.2941],[28.9188,70.8812,7.0011],[28.9125,70.8833,0.0],[28.9083,70.8812,3.1794],[28.8917,70.8812,0.8508],[28.8875,70.8792,11.5973],[28.8797,70.8786,9.2283],[28.8813,70.8771,51.4262],[28.8953,70.8766,217.3],[28.8937,70.875,239.601],[28.8729,70.875,227.5624],[28.8688,70.8771,78.2836],[28.8604,70.8771,34.7286],[28.8563,70.875,49.8304],[28.8375,70.875,163.4732],[28.8333,70.8729,222.9069],[28.8229,70.8729,66.486],[28.8141,70.8672,127.0435],[28.7964,70.8641,0.0],[28.7875,70.8583,180.6838],[28.7813,70.8583,128.1286],[28.7687,70.8542,164.2632],[28.7526,70.8516,46.6369],[28.7464,70.8474,12.1059],[28.7474,70.8443,9.2649],[28.7432,70.8401,173.8982],[28.7297,70.8411,8.3055],[28.7245,70.8359,0.0],[28.7089,70.8266,7.1095],[28.712,70.8234,128.1552],[28.6979,70.8229,0.7358],[28.6964,70.8214,1.964],[28.6995,70.8193,42.8241],[28.6938,70.8187,0.0],[28.687,70.8151,4.9698],[28.6813,70.8146,0.9183],[28.6755,70.812,5.3599],[28.6734,70.8099,0.0],[28.6745,70.8068,10.9969],[28.6672,70.8016,4.1843],[28.6703,70.7984,135.5512],[28.6609,70.7932,15.6307],[28.6641,70.7911,13.4052],[28.663,70.788,0.0],[28.6703,70.7828,5.7126],[28.6682,70.7797,10.7982],[28.663,70.7766,22.1509],[28.6661,70.7734,116.3213],[28.6625,70.7729,183.3223],[28.6583,70.775,25.5297],[28.6484,70.7745,46.9987],[28.6505,70.7714,137.3473],[28.6536,70.7703,193.919],[28.6521,70.7688,201.6878],[28.6458,70.7708,154.2438],[28.6333,70.7708,95.8344],[28.6271,70.7729,5.3354],[28.6229,70.7708,6.7513],[28.6125,70.7708,1.3241],[28.6083,70.7688,10.2683],[28.6021,70.7688,0.0],[28.5932,70.763,55.6545],[28.5875,70.7625,0.0],[28.5818,70.7599,0.0],[28.587,70.7547,207.3345],[28.575,70.7542,62.9717],[28.5651,70.7516,2.207],[28.5661,70.7484,76.9527],[28.5625,70.7458,157.65],[28.5484,70.7453,50.6703],[28.5536,70.7412,249.9929],[28.5516,70.738,226.4954],[28.5318,70.7328,188.836],[28.5229,70.7271,203.9058],[28.5151,70.7266,0.0],[28.5245,70.7203,19.5287],[28.5234,70.7172,0.0],[28.5286,70.7141,0.0],[28.5276,70.7109,0.0],[28.5297,70.7089,0.0],[28.5443,70.7005,0.0],[28.5516,70.6995,0.0],[28.563,70.6922,0.0],[28.5724,70.6911,4.1486],[28.5771,70.6875,0.0],[28.5833,70.6875,8.4196],[28.5875,70.6854,0.0],[28.6063,70.6854,0.0],[28.6104,70.6833,0.0],[28.6146,70.6833,0.0],[28.6203,70.6807,0.0],[28.6172,70.6776,0.0],[28.6203,70.6755,1.1628],[28.6042,70.675,8.5698],[28.6,70.6771,0.0],[28.5729,70.6771,0.0],[28.5688,70.675,8.7044],[28.5417,70.675,227.6817],[28.5271,70.6833,23.9073],[28.5167,70.6792,115.9642],[28.5109,70.6787,0.0],[28.5161,70.6734,84.2519],[28.5089,70.6682,0.0],[28.5099,70.6651,49.4152],[28.5089,70.663,0.0],[28.512,70.6609,95.896],[28.5068,70.6578,0.0],[28.5078,70.6547,0.0],[28.4974,70.6464,0.0],[28.488,70.6453,0.0],[28.4896,70.6438,0.0],[28.5021,70.6438,168.7192],[28.5036,70.6422,269.828],[28.4964,70.6412,139.0363],[28.4797,70.6307,0.0],[28.4828,70.6286,27.6621],[28.4818,70.6255,6.8722],[28.4828,70.6234,14.744],[28.4734,70.6162,0.0],[28.4786,70.6109,45.8301],[28.4729,70.6083,0.0],[28.4672,70.6078,0.0],[28.4703,70.6047,0.0],[28.4651,70.6016,0.0],[28.4703,70.5964,7.0002],[28.463,70.5953,12.1888],[28.4479,70.5854,312.5146],[28.4339,70.5849,0.0],[28.4411,70.5807,257.7982],[28.4432,70.5776,475.6179],[28.4333,70.5771,323.8134],[28.4271,70.5792,0.0],[28.4193,70.5745,0.0],[28.4224,70.5714,72.6306],[28.4172,70.5672,36.0126],[28.4203,70.5651,102.9806],[28.413,70.5599,0.0],[28.4141,70.5568,13.1372],[28.412,70.5547,40.6272],[28.4089,70.5537,7.218],[28.412,70.5505,64.4439],[28.4036,70.5443,4.2753],[28.3943,70.5432,0.0],[28.3958,70.5417,0.0],[28.4036,70.5411,16.249],[28.4026,70.538,0.0],[28.4042,70.5375,0.0],[28.4328,70.5349,50.8321],[28.4391,70.5307,26.8285],[28.438,70.5276,0.0],[28.4401,70.5255,0.0],[28.4557,70.5203,0.0],[28.4547,70.5172,0.0],[28.462,70.5162,4.2866],[28.4609,70.513,0.0],[28.463,70.5109,0.0],[28.4729,70.5062,0.0],[28.4792,70.5083,0.0],[28.4854,70.5083,0.0],[28.4896,70.5062,0.0],[28.5021,70.5062,0.0],[28.5083,70.5042,0.0],[28.5125,70.5062,0.0],[28.5354,70.5062,0.0],[28.5417,70.5083,0.0],[28.5432,70.5078,0.0],[28.5422,70.5047,0.0],[28.5516,70.5036,20.3659],[28.5438,70.4979,94.4641],[28.5297,70.4974,0.0],[28.5328,70.4953,126.795],[28.5307,70.4922,263.2447],[28.5214,70.4912,228.8434],[28.5193,70.4891,269.248],[28.5203,70.4859,329.3324],[28.513,70.4849,167.5942],[28.5068,70.4807,0.0],[28.5099,70.4776,273.1496],[28.5042,70.475,222.6997],[28.4984,70.4745,114.7124],[28.4938,70.4708,39.6113],[28.4859,70.4703,0.0],[28.4901,70.4672,0.0],[28.4974,70.4661,0.0],[28.512,70.4578,8.2928],[28.5078,70.4547,2.9343],[28.5005,70.4537,0.0],[28.5036,70.4505,0.0],[28.4875,70.45,0.6932],[28.4729,70.4542,0.0],[28.4667,70.4542,38.6562],[28.4651,70.4557,42.108],[28.4682,70.4578,0.0],[28.4604,70.4583,23.9474],[28.4557,70.462,0.0],[28.4479,70.4625,0.0],[28.4422,70.4651,26.7938],[28.4437,70.4667,0.0],[28.4516,70.4672,0.0],[28.4536,70.4693,0.0],[28.4526,70.4724,0.0],[28.462,70.4797,0.0],[28.4609,70.4828,0.0],[28.4641,70.487,0.0],[28.4557,70.4932,0.0],[28.4464,70.4943,0.9327],[28.4516,70.4995,0.0],[28.4422,70.5005,0.9088],[28.4401,70.5026,0.7775],[28.4411,70.5057,0.0],[28.4391,70.5078,0.6455],[28.425,70.5104,0.0],[28.4214,70.5068,0.6361],[28.4266,70.5026,0.0],[28.4057,70.488,1.0686],[28.3813,70.4875,0.0],[28.3771,70.4854,0.9344],[28.3625,70.4833,0.0],[28.3547,70.4786,0.0],[28.3578,70.4755,2.5424],[28.3516,70.4714,2.3821],[28.3422,70.4703,0.0],[28.3453,70.4672,3.0371],[28.338,70.462,0.0],[28.3391,70.4589,2.1885],[28.3318,70.4578,0.0],[28.3411,70.4505,6.6287],[28.3297,70.4505,0.5],[28.3255,70.4526,0.5],[28.3286,70.4557,0.0],[28.3229,70.4583,0.0],[28.3167,70.4563,0.0],[28.3063,70.4563,0.5],[28.2974,70.4505,0.5],[28.2917,70.45,0.5],[28.2859,70.4474,0.5],[28.2891,70.4443,0.5],[28.2839,70.4411,0.5],[28.287,70.4391,0.5],[28.2839,70.437,1.0],[28.287,70.4349,1.0],[28.2839,70.4328,1.0],[28.2854,70.4313,1.0],[28.3,70.4313,1.0],[28.3146,70.4354,31.8032],[28.3182,70.4339,186.8212],[28.3125,70.4313,197.0206],[28.3068,70.4307,195.4344],[28.2979,70.425,230.3319],[28.2917,70.4271,49.2218],[28.288,70.4266,1.0],[28.2911,70.4234,167.9106],[28.2854,70.4208,39.8477],[28.2693,70.4255,1.0],[28.2745,70.4297,1.0],[28.2714,70.4328,1.0],[28.2766,70.4359,1.0],[28.2714,70.4411,1.0],[28.2786,70.4422,0.5],[28.2776,70.4453,3.9873],[28.287,70.4526,0.5],[28.2859,70.4557,0.5],[28.2932,70.4568,0.5],[28.2901,70.4599,43.4708],[28.2979,70.4604,0.0],[28.312,70.4651,0.0],[28.3141,70.4682,0.0],[28.3089,70.4714,17.4562],[28.3109,70.4745,16.3866],[28.3349,70.4818,0.0],[28.3453,70.4901,0.0],[28.3443,70.4932,0.6035],[28.3604,70.4958,0.0],[28.3651,70.4995,12.768],[28.3724,70.5005,0.0],[28.3703,70.5036,0.0],[28.3672,70.5047,19.2432],[28.3703,70.5068,0.0],[28.3672,70.5089,0.0],[28.3682,70.512,0.0],[28.3583,70.5146,34.1468],[28.35,70.5146,0.0],[28.3432,70.5109,26.9459],[28.3333,70.5083,12.5189],[28.325,70.5104,0.0],[28.3203,70.5068,0.0],[28.3125,70.5062,0.0],[28.3083,70.5042,16.1007],[28.2922,70.5047,24.9007],[28.2901,70.5068,81.2533],[28.2911,70.5099,0.0],[28.2896,70.5104,2.9676],[28.275,70.5062,154.9628],[28.2667,70.5083,26.097],[28.2625,70.5062,103.6283],[28.2542,70.5062,59.0007],[28.2438,70.5104,1.7396],[28.2401,70.5078,0.0],[28.2411,70.5047,0.0],[28.2391,70.5026,0.0],[28.2214,70.4995,0.0],[28.2307,70.4964,76.37],[28.2214,70.4953,4.6279],[28.2182,70.4922,34.356],[28.2089,70.4912,0.0],[28.2042,70.4875,38.359],[28.1958,70.4875,12.8772],[28.1917,70.4896,0.0],[28.1708,70.4896,0.0],[28.1661,70.4859,41.5532],[28.1568,70.4849,0.0],[28.1641,70.4797,218.0367],[28.1604,70.4792,202.8609],[28.1542,70.4812,57.3993],[28.15,70.4792,74.433],[28.1375,70.4792,0.0],[28.1234,70.4745,0.0],[28.1167,70.4688,105.2462],[28.1083,70.4708,0.0],[28.1026,70.4682,0.0],[28.1057,70.4651,34.9669],[28.1,70.4646,0.0],[28.0943,70.462,0.0],[28.0974,70.4589,140.3841],[28.0932,70.4568,103.2262],[28.0812,70.4563,0.0],[28.0688,70.4521,0.0],[28.0563,70.4521,0.0],[28.0547,70.4505,0.0],[28.062,70.4464,0.0],[28.0542,70.4417,0.0],[28.0401,70.4401,0.0],[28.0432,70.4432,0.0],[28.0401,70.4453,0.0],[28.0432,70.4474,0.0],[28.0359,70.4516,0.0],[28.05,70.4521,0.0],[28.063,70.462,0.0],[28.0708,70.4625,0.0],[28.0755,70.4661,0.0],[28.0854,70.4688,0.0],[28.0932,70.4693,0.0],[28.1026,70.4766,5.9832],[28.1224,70.4818,0.0],[28.1193,70.4849,0.0],[28.1286,70.4859,0.0],[28.1255,70.4891,26.8308],[28.1583,70.4896,0.0],[28.1625,70.4917,0.0],[28.1875,70.4938,0.0],[28.1953,70.4984,0.0],[28.1922,70.5016,63.4658],[28.1953,70.5026,38.0457],[28.1974,70.5057,14.431],[28.1911,70.5099,51.3431],[28.1708,70.5104,44.6624],[28.1646,70.5125,0.0],[28.1521,70.5083,138.387],[28.1417,70.5083,23.823],[28.1375,70.5062,94.4324],[28.1313,70.5062,35.6736],[28.1104,70.5,44.9046],[28.0979,70.5,0.0],[28.0917,70.4958,103.5178],[28.0833,70.4958,87.8159],[28.0792,70.4979,23.1541],[28.0521,70.4979,0.0],[28.0505,70.4974,0.0],[28.0516,70.4943,26.2433],[28.05,70.4938,26.2433],[28.0333,70.4938,0.0],[28.0234,70.4912,0.0],[28.0161,70.4859,0.0],[28.0,70.4833,0.0],[27.9958,70.4812,0.0],[27.9859,70.4818,0.0],[27.9875,70.4833,0.0],[27.9953,70.4838,0.0],[27.9896,70.4875,0.0],[27.9833,70.4875,23.0813],[27.9792,70.4896,14.3627],[27.9646,70.4896,0.0],[27.9609,70.4859,0.0],[27.9688,70.4854,6.9408],[27.9703,70.4838,7.5074],[27.9547,70.4828,0.0],[27.9474,70.4776,0.0],[27.9401,70.4766,0.0],[27.9292,70.4688,0.0],[27.9255,70.4703,0.0],[27.9349,70.4776,0.0],[27.9339,70.4807,0.0],[27.9536,70.4859,0.0],[27.9646,70.4938,31.3294],[27.9708,70.4917,0.0],[27.9745,70.4922,0.0],[27.9766,70.4943,0.0],[27.9755,70.4974,43.5801],[27.9875,70.4979,0.0],[27.9932,70.5016,28.8694],[27.9833,70.5021,0.0],[27.9792,70.5,19.0586],[27.9667,70.5,0.0],[27.9625,70.4979,48.3865],[27.9542,70.5,0.0],[27.9443,70.4974,0.0],[27.9354,70.4917,0.0],[27.925,70.4917,0.0],[27.9208,70.4896,0.0],[27.9146,70.4896,0.0],[27.9083,70.4854,5.6659],[27.8922,70.4828,0.0],[27.887,70.4776,0.0],[27.8693,70.4745,0.0],[27.8708,70.4729,0.0],[27.8766,70.4724,0.0],[27.8807,70.4693,5.0251],[27.8651,70.4578,0.0],[27.8672,70.4547,0.0],[27.8766,70.4537,27.742],[27.875,70.4521,24.3721],[27.8693,70.4516,0.0],[27.8703,70.4484,0.0],[27.8693,70.4464,0.0],[27.8724,70.4453,5.389],[27.8745,70.4422,13.7907],[27.8693,70.438,0.0],[27.8766,70.4349,0.0],[27.8734,70.4318,0.0],[27.8766,70.4297,0.8302],[27.8729,70.4271,0.7835],[27.8646,70.4271,0.9802],[27.8526,70.4339,12.4712],[27.8568,70.4391,0.0],[27.8599,70.4401,0.0],[27.8557,70.4432,0.0],[27.8297,70.4443,0.0],[27.8328,70.4484,0.0],[27.8318,70.4516,41.806],[27.8349,70.4547,0.0],[27.8339,70.4578,9.9541],[27.8411,70.463,0.0],[27.838,70.4661,0.0],[27.8411,70.4682,0.0],[27.838,70.4703,110.428],[27.8464,70.4766,0.0],[27.8578,70.4807,0.0],[27.8521,70.4833,98.1897],[27.8375,70.4833,0.0],[27.8333,70.4812,0.0],[27.825,70.4812,0.0],[27.8172,70.487,0.0],[27.8245,70.488,0.0],[27.8312,70.4917,2.3498],[27.8396,70.4896,0.0],[27.8495,70.4922,0.0],[27.8563,70.4958,22.7651],[27.8646,70.4938,0.0],[27.8708,70.4979,0.0],[27.8875,70.4979,0.0],[27.9016,70.5068,0.0],[27.8984,70.5099,0.0],[27.9042,70.5125,0.0],[27.9167,70.5146,0.0],[27.9208,70.5167,0.0],[27.9333,70.5167,0.0],[27.9443,70.5245,0.0],[27.9542,70.5271,7.071],[27.9729,70.5271,0.0],[27.9771,70.5292,0.0],[27.9813,70.5292,0.0],[27.9901,70.5349,12.4674],[28.0042,70.5375,0.0],[28.0125,70.5417,0.0],[28.0229,70.5417,0.0],[28.0313,70.5458,7.1802],[28.0396,70.5437,0.0],[28.0411,70.5453,0.0],[28.038,70.5463,0.0],[28.0396,70.5479,3.8921],[28.05,70.5479,0.0],[28.0542,70.55,11.9333],[28.0729,70.55,0.0],[28.0745,70.5516,0.0],[28.0714,70.5537,0.0],[28.0854,70.5542,0.0],[28.0938,70.5604,0.0],[28.1,70.5604,0.0],[28.1099,70.563,0.0],[28.1167,70.5667,0.0],[28.1292,70.5687,0.0],[28.1396,70.575,16.9131],[28.1458,70.575,0.0],[28.1667,70.5813,0.0],[28.1729,70.5813,0.0],[28.1745,70.5828,0.0],[28.1714,70.5849,24.4486],[28.1771,70.5875,18.6127],[28.2016,70.5922,0.0],[28.2172,70.6036,18.6947],[28.237,70.6088,0.0],[28.2339,70.612,0.0],[28.2495,70.6172,0.0],[28.2516,70.6203,0.0],[28.2484,70.6224,0.0],[28.2547,70.6266,13.3236],[28.2641,70.6276,0.0],[28.2609,70.6307,79.735],[28.2745,70.6401,0.0],[28.2766,70.6422,0.0],[28.2755,70.6453,7.052],[28.2828,70.6464,0.0],[28.2818,70.6495,0.0],[28.2839,70.6516,29.5082],[28.2953,70.6589,0.0],[28.2922,70.6609,9.4111],[28.2932,70.6641,0.0],[28.2922,70.6661,0.0],[28.3016,70.6734,0.0],[28.3005,70.6766,0.0],[28.3078,70.6818,0.0],[28.3047,70.6849,0.0],[28.3078,70.687,0.0],[28.2984,70.688,201.994],[28.2922,70.6922,325.2275],[28.2938,70.6937,223.5426],[28.2995,70.6943,8.2935],[28.2984,70.7016,0.0],[28.2995,70.7037,0.0],[28.2901,70.7089,0.0],[28.288,70.7109,54.2055],[28.2891,70.7141,0.0],[28.2828,70.7182,95.8734],[28.2792,70.7188,87.3305],[28.275,70.7167,371.4006],[28.2687,70.7167,411.1644],[28.2625,70.7146,445.5837],[28.2578,70.7182,23.5762],[28.2542,70.7188,0.0],[28.2526,70.7182,23.691],[28.2536,70.7151,323.3036],[28.2521,70.7146,323.3036],[28.2375,70.7146,0.0],[28.2286,70.7203,0.0],[28.225,70.7208,0.0],[28.2193,70.7182,0.0],[28.2208,70.7167,0.0],[28.2286,70.7161,0.0],[28.2234,70.7109,12.0239],[28.2313,70.7104,140.207],[28.237,70.7068,294.2871],[28.2104,70.7063,177.5311],[28.2005,70.7037,271.4463],[28.1953,70.7005,61.1957],[28.188,70.6995,15.2861],[28.1891,70.6964,124.2376],[28.187,70.6943,294.9705],[28.1714,70.6932,0.0],[28.1693,70.6901,0.0],[28.1745,70.687,316.1952],[28.1729,70.6854,381.2005],[28.1688,70.6854,311.4229],[28.1646,70.6833,373.9498],[28.1521,70.6833,189.6143],[28.1479,70.6813,255.5817],[28.1271,70.6813,0.0],[28.1234,70.6849,0.0],[28.1292,70.6854,0.0],[28.1349,70.688,0.0],[28.1292,70.6917,0.0],[28.1193,70.6911,0.0],[28.1104,70.6854,0.0],[28.0896,70.6854,0.0],[28.0833,70.6875,0.0],[28.0734,70.6849,0.0],[28.0745,70.6818,0.0],[28.0734,70.6797,0.0],[28.0786,70.6755,0.0],[28.0729,70.675,0.0],[28.0672,70.6724,0.0],[28.0688,70.6708,6.3653],[28.0771,70.6708,36.2275],[28.0812,70.6729,18.4415],[28.0849,70.6724,39.7095],[28.0828,70.6693,225.5896],[28.075,70.6687,247.9523],[28.0625,70.6646,207.8532],[28.0563,70.6667,3.3988],[28.0479,70.6667,0.0],[28.0438,70.6646,19.668],[28.0333,70.6646,0.0],[28.0292,70.6625,0.0],[28.0167,70.6625,0.0],[28.0151,70.6609,0.0],[28.0182,70.6589,168.282],[28.0167,70.6583,190.333],[27.9917,70.6583,0.0],[27.987,70.6547,54.5425],[27.9776,70.6536,11.8775],[27.9708,70.6479,245.0851],[27.9458,70.6479,28.2927],[27.9333,70.6438,115.8901],[27.9255,70.6432,0.0],[27.9208,70.6396,141.5856],[27.9125,70.6396,0.0],[27.9063,70.6417,0.0],[27.8958,70.6354,139.3743],[27.8875,70.6354,55.6799],[27.8813,70.6375,0.0],[27.8771,70.6354,0.0],[27.8667,70.6354,0.0],[27.8625,70.6333,40.2669],[27.8563,70.6333,0.0],[27.8438,70.6292,72.3152],[27.8229,70.6292,8.3955],[27.8167,70.6312,0.0],[27.8109,70.6286,0.0],[27.8141,70.6255,119.0434],[27.8042,70.6229,263.4296],[27.7958,70.6229,231.224],[27.7896,70.625,4.2682],[27.7854,70.6229,161.5553],[27.7667,70.6229,0.0],[27.7651,70.6214,0.0],[27.7729,70.6208,83.1413],[27.7745,70.6193,216.8946],[27.7625,70.6188,123.9569],[27.7583,70.6167,225.227],[27.7354,70.6188,0.0],[27.7313,70.6167,69.5239],[27.7229,70.6167,75.5468],[27.7167,70.6188,0.0],[27.7104,70.6167,54.7902],[27.7042,70.6188,0.0],[27.7,70.6167,35.6529],[27.6792,70.6167,0.0],[27.675,70.6188,0.0],[27.6568,70.6193,21.8012],[27.6589,70.6224,0.0],[27.6688,70.625,5.7009],[27.6875,70.625,0.0],[27.6917,70.6271,0.0],[27.7083,70.6271,0.0],[27.7125,70.6292,0.0],[27.7208,70.6271,0.0],[27.725,70.6292,0.0],[27.7375,70.6292,0.0],[27.7438,70.6333,0.0],[27.7583,70.6354,0.0],[27.7625,70.6375,0.0],[27.7729,70.6375,0.0],[27.7771,70.6396,62.56],[27.7833,70.6375,0.0],[27.7979,70.6375,0.0],[27.8021,70.6396,10.6595],[27.8146,70.6396,0.0],[27.8245,70.6422,0.0],[27.8234,70.6453,32.1632],[27.825,70.6458,14.1738],[27.8375,70.6479,0.0],[27.8417,70.65,0.0],[27.8542,70.65,0.0],[27.8667,70.6542,11.3642],[27.8813,70.6563,0.0],[27.8849,70.6589,0.0],[27.8828,70.662,0.0],[27.8771,70.6646,0.0],[27.8568,70.6651,0.0],[27.8547,70.6682,0.0],[27.8583,70.6708,14.1131],[27.8771,70.6687,0.0],[27.8818,70.6651,0.0],[27.8896,70.6646,0.0],[27.8937,70.6625,0.0],[27.9021,70.6625,0.0],[27.9083,70.6646,4.2161],[27.9146,70.6625,0.0],[27.9292,70.6667,0.0],[27.9396,70.6667,0.0],[27.9474,70.6724,0.0],[27.9417,70.675,0.0],[27.9271,70.675,0.0],[27.9229,70.6729,35.1926],[27.9125,70.6729,0.0],[27.9083,70.6708,14.8463],[27.8958,70.6708,0.0],[27.8917,70.6687,8.4693],[27.8833,70.6687,0.0],[27.8797,70.6724,0.0],[27.8818,70.6745,0.0],[27.8917,70.6771,63.0804],[27.8979,70.675,0.0],[27.9063,70.675,0.0],[27.9104,70.6771,0.0],[27.9229,70.6771,0.0],[27.9276,70.6807,0.0],[27.9354,70.6813,0.0],[27.9396,70.6833,0.0],[27.9479,70.6833,0.0],[27.9542,70.6813,0.0],[27.9667,70.6854,0.0],[27.9745,70.6859,0.0],[27.9792,70.6896,37.0973],[27.9854,70.6875,0.0],[27.9891,70.688,0.0],[27.9859,70.6911,0.0],[27.9917,70.6937,22.9442],[28.0,70.6917,0.0],[28.0042,70.6937,0.0],[28.0208,70.6937,0.0],[28.0417,70.7021,48.056399999999996],[28.0646,70.7042,0.0],[28.0708,70.7021,0.0],[28.0724,70.7037,0.0],[28.0693,70.7047,0.0],[28.0672,70.7078,22.3207],[28.0729,70.7083,0.0],[28.0786,70.7109,19.1014],[28.0714,70.7161,0.0],[28.0854,70.7167,0.0],[28.0917,70.7208,5.6807],[28.1,70.7188,0.0],[28.1083,70.7229,42.6081],[28.1229,70.725,0.0],[28.1391,70.7359,50.8618],[28.1292,70.7417,121.9545],[28.1188,70.7417,211.8685],[28.1146,70.7438,187.7495],[28.1068,70.7443,111.9759],[28.1078,70.7474,2.5957],[28.1042,70.75,0.0],[28.0875,70.7521,229.9909],[28.0833,70.7542,121.4298],[28.0604,70.7542,350.0868],[28.0563,70.7562,188.631],[28.05,70.7542,161.928],[28.0375,70.7542,0.0],[28.0271,70.7479,56.8456],[28.0151,70.7474,0.0],[28.0245,70.7443,87.265],[28.0182,70.7401,185.8974],[28.0146,70.7396,155.1871],[28.0078,70.7432,0.0],[28.0,70.7438,0.0],[27.9984,70.7453,79.885],[28.0078,70.7464,0.0],[28.0286,70.762,0.0],[28.0208,70.7625,61.8085],[28.0167,70.7646,0.0],[28.0083,70.7646,0.0],[28.0068,70.763,81.5683],[28.0146,70.7625,87.1172],[28.0161,70.7609,188.004],[27.9979,70.7604,275.2915],[27.9917,70.7646,6.0584],[27.9854,70.7625,247.0098],[27.9771,70.7625,282.291],[27.9755,70.763,226.9335],[27.9766,70.7662,118.1015],[27.9708,70.7688,4.8151],[27.9542,70.7688,212.8656],[27.95,70.7708,125.289],[27.9417,70.7708,222.9615],[27.9354,70.7688,303.2522],[27.9313,70.7708,279.2899],[27.9,70.7708,291.3187],[27.8958,70.7729,122.7344],[27.8875,70.7708,156.1659],[27.8859,70.7714,100.8784],[27.887,70.7745,11.6168],[27.8854,70.775,0.0],[27.8792,70.7729,51.9142],[27.8688,70.7729,13.8471],[27.8646,70.7708,31.053],[27.8443,70.7703,0.0],[27.8297,70.7599,85.907],[27.8328,70.7578,248.5774],[27.8312,70.7562,350.6066],[27.8229,70.7562,284.4026],[27.8125,70.7604,12.9944],[27.8,70.7562,7.3286],[27.7922,70.7557,0.0],[27.7875,70.7521,9.0373],[27.7714,70.7495,0.0],[27.7745,70.7474,18.0356],[27.7729,70.7458,32.2929],[27.7646,70.7458,0.0],[27.763,70.7474,0.0],[27.7703,70.7526,0.0],[27.7672,70.7557,0.0],[27.7708,70.7562,0.0],[27.7771,70.7542,0.0],[27.7828,70.7568,0.0],[27.7734,70.7599,76.8677],[27.7896,70.7625,0.0],[27.7958,70.7667,0.0],[27.8036,70.7672,0.0],[27.8068,70.7703,19.4917],[27.8141,70.7714,0.0],[27.8255,70.7786,0.0],[27.8328,70.7797,0.0],[27.8349,70.7828,0.0],[27.8276,70.7839,79.3008],[27.8208,70.7875,19.0372],[27.8125,70.7875,51.6865],[27.8083,70.7854,278.3767],[27.7984,70.7859,170.2835],[27.8,70.7875,91.0999],[27.8057,70.788,28.7746],[27.8042,70.7896,0.0],[27.7833,70.7875,145.3],[27.7687,70.7917,0.0],[27.7583,70.7917,20.2713],[27.7542,70.7937,0.0],[27.7479,70.7937,51.2494],[27.7339,70.7995,0.0],[27.7438,70.8021,0.0],[27.7521,70.8021,0.0],[27.7667,70.7979,0.0],[27.7792,70.7979,0.0],[27.7833,70.7958,0.0],[27.8042,70.7958,0.0],[27.8167,70.8,0.0],[27.8312,70.8,0.0],[27.8354,70.7979,0.0],[27.8646,70.7979,0.0],[27.8714,70.8037,0.0],[27.875,70.8042,3.6547],[27.8792,70.8021,0.0],[27.887,70.8016,12.3178],[27.8859,70.7984,0.0],[27.8875,70.7979,0.0],[27.8958,70.8,3.001],[27.9,70.7979,0.0],[27.9104,70.7979,0.0],[27.9146,70.7958,0.0],[27.9313,70.7958,5.7909],[27.9359,70.7995,0.0],[27.9479,70.8,0.0],[27.9609,70.8078,0.0],[27.9682,70.8089,0.0],[27.9651,70.812,0.0],[27.9693,70.8141,0.0],[27.9792,70.8167,71.8186],[27.9917,70.8167,0.0],[28.0063,70.8208,0.0],[28.0078,70.8193,0.0],[28.0047,70.8161,0.0],[28.0057,70.813,5.7687],[28.0047,70.8109,0.0],[28.0068,70.8089,0.0],[28.0255,70.7984,73.1431],[28.0354,70.7958,0.0],[28.0542,70.7958,96.0315],[28.0583,70.7937,0.0],[28.0646,70.7937,0.0],[28.0708,70.7917,14.8474],[28.0745,70.7943,3.1099],[28.0714,70.7974,0.0],[28.0771,70.8,0.0],[28.0828,70.8005,11.3816],[28.0818,70.8037,10.718],[28.0917,70.8063,23.0458],[28.1,70.8063,0.0],[28.1057,70.8026,0.0],[28.0995,70.7984,14.5704],[28.0938,70.7979,0.0],[28.0922,70.7963,0.0],[28.1167,70.7937,0.0],[28.1208,70.7958,0.0],[28.1271,70.7958,0.0],[28.1333,70.7979,17.9133],[28.1417,70.7937,0.0],[28.1646,70.7937,17.8079],[28.1708,70.7917,0.0],[28.175,70.7937,13.967],[28.1833,70.7937,0.0],[28.1979,70.7896,37.9726],[28.2229,70.7896,138.7871],[28.2292,70.7875,0.0],[28.2339,70.7911,13.9033],[28.2432,70.7922,33.4537],[28.2542,70.8,115.3581],[28.2687,70.8021,0.0],[28.2729,70.8042,147.4073],[28.2792,70.8021,0.0],[28.2828,70.8026,0.0],[28.2953,70.8109,0.0],[28.2974,70.8141,237.5049],[28.2896,70.8146,185.3516],[28.2849,70.8182,142.4613],[28.2771,70.8187,324.4711],[28.2729,70.8208,269.2611],[28.2589,70.8214,330.6409],[28.2568,70.8234,239.934],[28.2578,70.8307,0.0],[28.2562,70.8313,0.0],[28.25,70.8313,72.4238],[28.2458,70.8333,22.495],[28.2354,70.8333,273.4102],[28.2313,70.8354,224.6997],[28.2229,70.8333,351.5409],[28.2188,70.8354,327.7255],[28.2109,70.8359,311.6801],[28.2125,70.8375,205.6955],[28.2245,70.838,22.4219],[28.2172,70.8411,0.0],[28.2396,70.8417,0.0],[28.2542,70.8375,0.0],[28.2646,70.8375,10.3809],[28.2729,70.8333,0.0],[28.2891,70.8307,0.0],[28.2958,70.8271,0.0],[28.3083,70.8271,27.6029],[28.3125,70.825,0.0],[28.3229,70.825,0.0],[28.3271,70.8229,0.0],[28.3536,70.8255,0.0],[28.3505,70.8287,101.9272],[28.3583,70.8292,0.0],[28.3672,70.8349,0.0],[28.3745,70.8359,0.0],[28.3714,70.8391,0.0],[28.3745,70.8411,0.0],[28.3479,70.8417,187.9326],[28.3464,70.8422,157.8772],[28.3474,70.8453,22.8206],[28.3453,70.8474,30.5813],[28.3297,70.8484,269.9376],[28.3328,70.8516,0.0],[28.3297,70.8536,0.0],[28.3458,70.8542,0.0],[28.3542,70.85,0.0],[28.4,70.85,0.0],[28.4068,70.8536,47.9755],[28.4141,70.8547,0.0],[28.4172,70.8578,0.0],[28.4266,70.8588,0.0],[28.4234,70.862,4.8915],[28.4292,70.8646,0.0],[28.4349,70.8651,0.0],[28.4474,70.8734,0.0],[28.4458,70.875,135.5645],[28.4271,70.875,290.7407],[28.4208,70.8792,0.0],[28.4151,70.8786,59.8485],[28.4182,70.8766,213.9603],[28.4167,70.875,291.7783],[28.4104,70.8771,171.8954],[28.4042,70.8771,242.4342],[28.4026,70.8786,174.6968],[28.4057,70.8807,0.0],[28.3953,70.887,0.0],[28.375,70.8875,0.0],[28.3734,70.8891,0.0],[28.3958,70.8896,38.7993],[28.4104,70.8854,0.0],[28.4229,70.8854,0.0],[28.4276,70.8818,0.0],[28.4313,70.8812,0.0],[28.4328,70.8818,0.0],[28.4318,70.8849,0.0],[28.4354,70.8875,98.573],[28.4417,70.8854,0.0],[28.45,70.8854,0.0],[28.4542,70.8875,0.0],[28.4667,70.8875,0.0],[28.4755,70.8932,3.5742],[28.4828,70.8943,0.0],[28.4807,70.8974,8.7777],[28.4776,70.8984,13.4125],[28.4807,70.9016,77.7721],[28.475,70.9042,0.0],[28.4672,70.9047,29.9348],[28.4651,70.9078,0.0],[28.475,70.9083,0.0],[28.4813,70.9063,0.0],[28.4875,70.9083,118.3432],[28.4917,70.9063,0.0],[28.4953,70.9068,0.0],[28.5036,70.913,10.5811],[28.5026,70.9161,101.5986],[28.5068,70.9203,0.0],[28.5161,70.9213,0.0],[28.5182,70.9234,0.0],[28.5172,70.9266,118.0099],[28.5193,70.9287,0.0],[28.5286,70.9297,0.0],[28.5214,70.9349,14.44],[28.537,70.9359,0.0],[28.5276,70.9422,125.6047],[28.5307,70.9453,15.7233],[28.5276,70.9474,53.2995],[28.5333,70.9479,0.0],[28.5349,70.9495,0.0],[28.5292,70.95,182.8095],[28.5276,70.9516,91.3604],[28.5313,70.9542,0.0],[28.5391,70.9547,0.0],[28.5359,70.9578,18.461],[28.5391,70.9599,2.5658],[28.5318,70.9641,47.7365],[28.5411,70.9651,0.0],[28.5474,70.9693,0.0],[28.5443,70.9724,0.0],[28.5474,70.9734,0.0],[28.5495,70.9766,0.0],[28.5438,70.9792,5.2653],[28.538,70.9797,7.7285],[28.5313,70.9833,0.0],[28.5234,70.9838,1.6298],[28.5214,70.9859,0.0],[28.5224,70.9891,1.7177],[28.5146,70.9896,4.1979],[28.5104,70.9917,0.0],[28.5021,70.9896,2.0695],[28.4979,70.9917,0.0],[28.4875,70.9917,1.4093],[28.4833,70.9938,0.0],[28.4771,70.9938,0.0],[28.4729,70.9958,0.0],[28.4604,70.9958,0.0],[28.4562,70.9979,0.0],[28.4479,70.9958,6.3332],[28.4437,70.9979,0.0],[28.425,70.9979,2.3869],[28.4182,71.0016,0.0],[28.4083,71.0042,0.0],[28.4,71.0021,1.5919],[28.3958,71.0042,0.0],[28.3854,71.0042,0.0],[28.3792,71.0021,10.1935],[28.3729,71.0042,0.0],[28.3667,71.0021,14.0555],[28.3604,71.0042,0.0],[28.3563,71.0021,3.7384],[28.3458,71.0021,0.0],[28.3417,71.0,78.9619],[28.3229,71.0,28.7331],[28.3167,70.9958,148.1061],[28.3063,70.9958,10.0711],[28.3047,70.9974,0.0],[28.3125,70.9979,12.1963],[28.3141,70.9995,7.7738],[28.3047,71.0005,9.8582],[28.3078,71.0036,5.722],[28.3042,71.0042,7.5554],[28.3,71.0021,0.0],[28.2922,71.0016,0.0],[28.2953,70.9984,8.5201],[28.2859,70.9932,0.0],[28.2891,70.9901,25.2589],[28.275,70.9896,0.0],[28.2714,70.987,0.0],[28.2745,70.9838,41.7223],[28.2708,70.9833,46.0243],[28.2646,70.9854,0.0],[28.2557,70.9797,0.0],[28.2464,70.9786,0.0],[28.2557,70.9755,119.8508],[28.2396,70.975,0.0],[28.2313,70.9792,6.5498],[28.2229,70.9792,0.0],[28.2141,70.9734,1.9685],[28.2068,70.9724,0.0],[28.2078,70.9693,0.0],[28.2057,70.9672,0.0],[28.1964,70.9661,0.0],[28.1995,70.963,0.0],[28.1932,70.9589,0.0],[28.1833,70.9583,0.0],[28.1818,70.9599,0.0],[28.1839,70.962,0.0],[28.1932,70.9672,0.0],[28.1839,70.9703,36.7917],[28.1901,70.9745,17.1182],[28.1974,70.9755,0.0],[28.1964,70.9786,0.0],[28.2005,70.9828,0.0],[28.2161,70.9922,0.0],[28.2266,71.0005,0.0],[28.2255,71.0036,0.0],[28.2266,71.0057,0.0],[28.2125,71.0083,0.0],[28.2036,71.0026,0.0],[28.1938,71.0,22.7073],[28.1901,71.0005,4.4728],[28.1953,71.0057,0.0],[28.188,71.0099,0.0],[28.1938,71.0125,0.0],[28.1995,71.013,0.0],[28.1984,71.0203,0.0],[28.2057,71.0266,12.8596],[28.2,71.0292,8.4351],[28.1813,71.0292,77.7109],[28.1776,71.0328,0.0],[28.2021,71.0333,0.0],[28.2062,71.0354,0.0],[28.2188,71.0354,0.0],[28.2234,71.0391,31.5184],[28.2313,71.0396,0.0],[28.2438,71.0437,0.0],[28.2542,71.0417,0.0],[28.2557,71.0432,0.0],[28.2526,71.0453,7.8646],[28.2547,71.0474,0.0],[28.2641,71.0484,0.0],[28.2609,71.0516,0.0],[28.2641,71.0537,0.0],[28.2568,71.0568,0.0],[28.2505,71.062,0.0],[28.2646,71.0625,0.0],[28.2661,71.0641,4.7044],[28.2604,71.0667,3.7594],[28.2443,71.0693,0.0],[28.2464,71.0724,3.2666],[28.2505,71.0745,0.0],[28.2578,71.0755,0.0],[28.2562,71.0771,0.0],[28.2484,71.0776,5.4891],[28.2464,71.0797,0.0],[28.2474,71.0828,0.0],[28.2443,71.0849,2.9283],[28.2474,71.087,0.0],[28.2333,71.0875,3.641],[28.2292,71.0896,0.0],[28.2167,71.0896,1.946],[28.2125,71.0917,0.0],[28.2042,71.0896,10.0684],[28.2,71.0917,0.0],[28.1922,71.0922,8.512],[28.1875,71.0958,4.9307],[28.1792,71.0958,0.0],[28.1708,71.0917,15.7116],[28.1625,71.0938,0.0],[28.1536,71.088,12.9647],[28.1464,71.087,0.0],[28.1474,71.0839,12.0424],[28.1417,71.0833,17.2577],[28.1359,71.0807,42.4151],[28.1266,71.0734,159.6871],[28.1172,71.0724,3.6392],[28.112,71.0672,5.9388],[28.1026,71.062,0.0],[28.1057,71.0589,112.7905],[28.0964,71.0578,56.1916],[28.0943,71.0547,72.8152],[28.0974,71.0526,191.7302],[28.0833,71.0521,0.0],[28.0786,71.0484,2.5141],[28.0708,71.0479,0.0],[28.0667,71.0458,7.793],[28.0589,71.0484,0.0],[28.062,71.0516,0.0],[28.0589,71.0537,0.0],[28.0703,71.0609,0.0],[28.0609,71.0672,0.0],[28.063,71.0703,0.0],[28.0661,71.0714,0.0],[28.0589,71.0755,46.1018],[28.062,71.0787,0.0],[28.0589,71.0807,28.1915],[28.062,71.0828,0.0],[28.0563,71.0854,133.4623],[28.0479,71.0854,75.3092],[28.0411,71.0818,138.4068],[28.0339,71.0807,20.618],[28.0266,71.0755,181.0818],[28.0208,71.075,9.7515],[28.0151,71.0724,3.4238],[28.0182,71.0693,98.7446],[28.0089,71.0682,0.0],[28.0068,71.0661,3.4814],[28.0078,71.063,9.6572],[28.0063,71.0625,33.1206],[27.9958,71.0625,0.0],[27.9891,71.0589,9.0443],[27.9771,71.0563,0.0],[27.9703,71.0599,0.0],[27.963,71.0609,15.0269],[27.9651,71.0641,0.0],[27.9724,71.0651,0.0],[27.9708,71.0667,0.0],[27.9651,71.0672,46.4485],[27.9703,71.0724,53.6148],[27.9583,71.0729,8.776],[27.9484,71.0703,0.0],[27.9417,71.0667,17.1699],[27.9359,71.0661,0.0],[27.9391,71.063,63.084],[27.9359,71.0609,0.0],[27.9391,71.0589,10.3761],[27.9328,71.0547,118.5895],[27.9167,71.0521,2.1351],[27.912,71.0484,91.4121],[27.9026,71.0474,11.1336],[27.8995,71.0443,79.2992],[27.8901,71.0432,0.0],[27.8932,71.0401,15.6615],[27.8854,71.0354,35.2286],[27.8771,71.0354,0.0],[27.8714,71.038,0.0],[27.8693,71.0401,0.0],[27.8703,71.0432,0.0],[27.8672,71.0443,22.8565],[27.8703,71.0474,0.0],[27.8583,71.0521,0.0],[27.8547,71.0495,0.0],[27.8578,71.0463,6.1119],[27.8521,71.0437,7.4449],[27.8464,71.0432,17.6836],[27.8474,71.0401,0.0],[27.8464,71.038,0.0],[27.8495,71.0359,8.7497],[27.8438,71.0333,3.6275],[27.8354,71.0354,0.0],[27.8312,71.0333,13.4683],[27.825,71.0333,0.0],[27.8188,71.0313,0.0],[27.8068,71.038,19.9726],[27.812,71.0432,0.0],[27.8021,71.0437,38.876],[27.8005,71.0422,31.425],[27.8036,71.0401,29.3568],[27.8,71.0396,74.5276],[27.7901,71.0443,0.0],[27.7964,71.0495,13.1312],[27.8021,71.0521,8.4708],[27.8078,71.0526,42.5547],[27.8141,71.0568,0.0],[27.8089,71.0609,63.8278],[27.8099,71.0641,0.0],[27.8083,71.0646,0.0],[27.7896,71.0667,68.0213],[27.7786,71.0589,148.5559],[27.7693,71.0578,8.2838],[27.7641,71.0526,151.8519],[27.7438,71.0521,0.0],[27.7396,71.05,43.3708],[27.7312,71.05,54.6173],[27.7271,71.0521,0.0],[27.7193,71.0526,0.0],[27.7245,71.0578,0.0],[27.7146,71.0625,17.6228],[27.7083,71.0604,54.0334],[27.7047,71.0609,22.6471],[27.7026,71.0641,0.0],[27.7047,71.0661,0.0],[27.712,71.0672,0.0],[27.7109,71.0745,0.0],[27.7182,71.0797,0.0],[27.7151,71.0828,132.6382],[27.7229,71.0833,0.0],[27.7276,71.087,0.0],[27.7354,71.0875,0.0],[27.7391,71.0901,0.0],[27.7375,71.0917,0.0],[27.7297,71.0922,4.1841],[27.7328,71.0953,7.6882],[27.7297,71.0974,121.2958],[27.7359,71.1016,116.5479],[27.7417,71.1021,1.8776],[27.7474,71.1047,0.0],[27.7443,71.1068,0.0],[27.7453,71.1099,111.4683],[27.7417,71.1104,141.6224],[27.7354,71.1083,135.9006],[27.7292,71.1104,154.4123],[27.725,71.1083,265.6552],[27.7104,71.1083,270.602],[27.7021,71.1125,73.7012],[27.6943,71.113,197.0366],[27.6896,71.1167,68.4474],[27.6818,71.1172,204.0696],[27.6703,71.1245,8.2387],[27.6625,71.125,86.372],[27.6578,71.1286,20.5298],[27.6521,71.1292,169.014],[27.6474,71.1255,196.3384],[27.638,71.1245,87.8653],[27.6328,71.1193,0.0],[27.6297,71.1182,0.0],[27.6313,71.1167,0.0],[27.6391,71.1162,6.9541],[27.6453,71.112,0.0],[27.6422,71.1078,0.0],[27.6432,71.1047,0.0],[27.6422,71.1026,0.0],[27.6453,71.1005,2.7752],[27.6411,71.0984,4.8801],[27.6188,71.0979,0.0],[27.6104,71.1021,5.2582],[27.5917,71.1021,254.0739],[27.5875,71.1042,271.6192],[27.5812,71.1021,259.9848],[27.5729,71.1042,104.5555],[27.5688,71.1021,251.6917],[27.5563,71.1021,66.7693],[27.5422,71.0974,0.0],[27.5401,71.0943,17.0942],[27.5432,71.0922,239.2451],[27.5354,71.0917,101.3269],[27.5313,71.0896,161.2828],[27.5208,71.0896,70.2381],[27.5193,71.0891,153.0594],[27.5203,71.0859,274.9449],[27.5026,71.0828,0.0],[27.5099,71.0776,151.99],[27.5005,71.0766,26.7382],[27.4943,71.0724,0.0],[27.4958,71.0708,0.0],[27.5036,71.0703,201.8064],[27.5026,71.0672,23.7784],[27.5036,71.0651,170.065],[27.4943,71.0578,78.5315],[27.4974,71.0547,121.7812],[27.488,71.0537,0.0],[27.4938,71.05,0.0],[27.5016,71.0495,94.8317],[27.4984,71.0463,6.8272],[27.5016,71.0443,57.1414],[27.4984,71.0432,0.0],[27.4964,71.0401,0.0],[27.5104,71.0396,0.0],[27.5187,71.0354,0.0],[27.5307,71.0349,15.5959],[27.5297,71.0318,0.0],[27.5391,71.0307,0.0],[27.5411,71.0286,5.0907],[27.5401,71.0255,0.0],[27.5516,71.0266,0.0],[27.5505,71.0234,0.0],[27.5526,71.0214,0.0],[27.5625,71.0167,0.0],[27.5703,71.0162,0.0],[27.5724,71.0141,0.0],[27.5703,71.0109,1.7855],[27.5589,71.0036,0.0],[27.562,71.0005,27.5505],[27.5589,70.9984,0.0],[27.562,70.9964,0.0],[27.5568,70.9922,0.0],[27.5661,70.9912,7.1526],[27.5651,70.988,29.4042],[27.5661,70.9859,55.123],[27.5568,70.9786,0.0],[27.5578,70.9755,9.2285],[27.5547,70.9724,11.2766],[27.5557,70.9693,0.0],[27.5547,70.9672,0.0],[27.5599,70.9641,0.0],[27.5578,70.9609,13.378],[27.5484,70.9599,0.0],[27.5438,70.9563,0.0],[27.5354,70.9563,15.4709],[27.5313,70.9583,0.0],[27.5187,70.9583,1.7708],[27.5109,70.963,34.649],[27.5161,70.9682,0.0],[27.5089,70.9714,0.0],[27.512,70.9745,0.0],[27.5047,70.9776,7.174],[27.5099,70.9828,0.0],[27.5068,70.9838,20.5462],[27.5047,70.987,0.0],[27.512,70.9922,0.0],[27.5068,70.9974,64.6071],[27.5161,71.0057,0.0],[27.5068,71.0068,89.5355],[27.5099,71.0089,4.2627],[27.5085,71.0104,6.3211],[27.5,71.0083,134.3046],[27.4917,71.0125,0.0],[27.4833,71.0104,155.8078],[27.4672,71.0151,2.4482],[27.4703,71.0172,0.0],[27.4688,71.0188,0.0],[27.4458,71.0167,199.3302],[27.4229,71.0229,64.0745],[27.4167,71.0208,138.2187],[27.4042,71.0208,0.0],[27.4,71.0188,5.0429],[27.3792,71.0188,0.0],[27.3688,71.025,27.5549],[27.3396,71.0271,127.8409],[27.3354,71.0292,78.7911],[27.3229,71.0292,105.0166],[27.3172,71.0318,19.4534],[27.3203,71.0339,0.0],[27.3188,71.0354,0.9068],[27.3125,71.0333,48.4713],[27.3042,71.0333,9.008],[27.3026,71.0339,6.8804],[27.3036,71.037,0.0],[27.3021,71.0375,0.0],[27.288,71.038,240.9965],[27.2911,71.0401,12.9599],[27.2896,71.0417,0.0],[27.2729,71.0417,267.4057],[27.2604,71.0375,156.4842],[27.2526,71.037,21.1573],[27.2557,71.0339,71.7725],[27.2521,71.0313,207.8953],[27.2396,71.0313,190.3535],[27.2349,71.0276,236.1967],[27.2255,71.0266,179.975],[27.2234,71.0234,228.8081],[27.2266,71.0214,136.5956],[27.2224,71.0193,218.5057],[27.2104,71.0188,82.7384],[27.2089,71.0172,150.4251],[27.2141,71.0141,238.5001],[27.213,71.0109,14.5293],[27.2151,71.0089,0.0],[27.2208,71.0062,0.0],[27.2286,71.0057,41.2315],[27.2255,71.0036,0.0],[27.2271,71.0021,0.0],[27.2313,71.0021,0.0],[27.2354,71.0042,25.2177],[27.2438,71.0042,11.001],[27.2563,71.0,0.0],[27.2703,70.9995,156.6282],[27.2693,70.9964,72.5341],[27.2755,70.9922,0.0],[27.2849,70.9912,68.3506],[27.3057,70.9786,38.9992],[27.3047,70.9714,0.0],[27.3078,70.9693,40.6051],[27.3047,70.9672,21.7933],[27.312,70.9641,133.9382],[27.3089,70.9609,0.0],[27.3208,70.9542,0.0],[27.3333,70.9542,19.7157],[27.3375,70.9521,0.0],[27.3453,70.9516,13.0368],[27.3495,70.9495,0.0],[27.3516,70.9464,0.0],[27.3417,70.9458,3.1157],[27.3375,70.9479,0.0],[27.3292,70.9479,11.2478],[27.325,70.9458,17.5439],[27.2917,70.9458,26.9291],[27.2901,70.9464,34.3355],[27.2911,70.9495,0.0],[27.2833,70.95,47.9324],[27.2786,70.9537,18.4596],[27.2708,70.9542,69.8389],[27.2625,70.9583,40.0167],[27.2563,70.9583,79.1343],[27.2516,70.962,0.0],[27.2438,70.9625,39.852],[27.2354,70.9667,99.7006],[27.2167,70.9667,196.6902],[27.2068,70.9693,261.705],[27.1958,70.975,239.9161],[27.1771,70.975,249.4724],[27.1646,70.9792,75.7644],[27.1563,70.9792,185.9242],[27.1547,70.9776,231.6098],[27.1604,70.9771,239.4749],[27.162,70.9755,274.6008],[27.1547,70.9745,265.841],[27.1505,70.9724,34.816],[27.1484,70.9693,0.0],[27.1563,70.9688,35.9817],[27.1578,70.9672,105.3756],[27.1437,70.9667,112.8547],[27.1401,70.9641,95.275],[27.1432,70.962,176.2814],[27.138,70.9578,70.5949],[27.1411,70.9547,274.4997],[27.1333,70.9542,274.1448],[27.1297,70.9516,268.9185],[27.1349,70.9464,236.5353],[27.1255,70.9391,0.0],[27.1266,70.9359,117.8939],[27.1146,70.9354,223.4784],[27.1104,70.9333,194.7431],[27.1026,70.9328,0.0],[27.1099,70.9287,40.5552],[27.1068,70.9255,0.0],[27.1125,70.9229,0.0],[27.1203,70.9224,177.5686],[27.1193,70.9193,113.9731],[27.1214,70.9172,48.2129],[27.1292,70.9167,3.2318],[27.1333,70.9146,0.0],[27.1521,70.9146,54.2467],[27.1682,70.9057,38.459],[27.1714,70.9026,0.0],[27.1792,70.9021,10.3624],[27.1875,70.8979,0.0],[27.1958,70.9,14.9224],[27.2,70.8979,0.0],[27.2125,70.8979,26.5474],[27.2188,70.8958,0.0],[27.2286,70.8984,0.0],[27.2255,70.9016,87.6993],[27.2375,70.9021,0.0],[27.2505,70.8943,0.0],[27.2604,70.8917,0.0],[27.2687,70.8917,0.0],[27.2833,70.8958,3.4257],[27.3042,70.8958,22.8106],[27.3125,70.8917,0.0],[27.3271,70.8917,0.0],[27.3333,70.8938,33.1202],[27.3396,70.8917,0.0],[27.3521,70.8958,0.0],[27.3599,70.8964,0.0],[27.363,70.8995,0.0],[27.3688,70.9021,0.0],[27.3745,70.9026,0.0],[27.3833,70.9083,0.0],[27.3995,70.9109,0.0],[27.3964,70.9141,0.0],[27.4042,70.9187,0.0],[27.4104,70.9167,0.0],[27.4167,70.9167,0.0],[27.4203,70.913,0.0],[27.4172,70.9099,0.0],[27.4182,70.9026,123.7186],[27.4109,70.9016,0.0],[27.4141,70.8984,98.1227],[27.4047,70.8974,74.0207],[27.3932,70.888,22.0248],[27.3854,70.8875,0.0],[27.3839,70.8859,18.9334],[27.3896,70.8833,3.0206],[27.4021,70.8833,62.0493],[27.4063,70.8812,0.0],[27.4208,70.8854,0.0],[27.4354,70.8854,0.0],[27.437,70.8849,0.0],[27.4359,70.8818,0.0],[27.4396,70.8812,0.0],[27.4479,70.8854,0.0],[27.4562,70.8833,0.0],[27.4625,70.8854,0.0],[27.4688,70.8833,0.0],[27.475,70.8854,0.0],[27.4766,70.8839,0.0],[27.4708,70.8812,35.6973],[27.4651,70.8807,13.2286],[27.463,70.8786,0.0],[27.4641,70.8755,43.3184],[27.4583,70.875,0.0],[27.4568,70.8734,0.0],[27.4646,70.8729,71.8492],[27.4688,70.8708,0.0],[27.4792,70.8708,0.0],[27.4833,70.8688,0.0],[27.5083,70.8688,2.9357],[27.5125,70.8667,0.0],[27.5328,70.8662,41.863],[27.5307,70.863,8.2003],[27.525,70.8604,143.506],[27.513,70.8599,0.0],[27.5141,70.8568,10.526],[27.5099,70.8526,36.1761],[27.5005,70.8516,0.0],[27.5036,70.8495,11.9763],[27.5021,70.8479,102.4165],[27.4896,70.8479,17.9051],[27.4854,70.8458,91.6447],[27.475,70.8458,28.1904],[27.4708,70.8438,18.7095],[27.4646,70.8438,3.9222],[27.4604,70.8417,17.1639],[27.4484,70.8411,0.0],[27.45,70.8396,0.0],[27.4578,70.8391,12.5869],[27.4547,70.8359,0.0],[27.4688,70.8354,0.0],[27.4703,70.8349,0.0],[27.4693,70.8318,0.0],[27.4828,70.8307,91.1385],[27.4818,70.8276,0.0],[27.4833,70.8271,0.0],[27.5125,70.825,10.5519],[27.5354,70.8187,0.0],[27.5542,70.8187,0.0],[27.5583,70.8167,0.0],[27.5896,70.8167,0.0],[27.5911,70.8151,0.0],[27.588,70.8141,0.0],[27.5896,70.8125,0.0],[27.5979,70.8125,0.0],[27.6042,70.8146,13.624],[27.6083,70.8125,0.0],[27.6208,70.8125,0.0],[27.6333,70.8063,0.0],[27.6729,70.8042,0.0],[27.6771,70.8021,2.6073],[27.6854,70.8042,35.0199],[27.6896,70.8021,0.0],[27.7062,70.8,10.1688],[27.7078,70.7984,92.0904],[27.6896,70.7979,287.4604],[27.6833,70.8,142.3978],[27.6792,70.7979,299.7023],[27.6646,70.7979,169.1189],[27.663,70.7995,70.6414],[27.6708,70.8,190.385],[27.6724,70.8016,51.735],[27.6333,70.8021,126.5821],[27.6292,70.8042,0.0],[27.6229,70.8021,120.1828],[27.6167,70.8042,12.4795],[27.6083,70.8021,182.755],[27.6042,70.8042,31.7821],[27.5958,70.8042,31.4276],[27.5917,70.8021,104.2493],[27.575,70.8021,268.1813],[27.5688,70.8063,10.157],[27.5604,70.8042,265.5202],[27.5563,70.8063,26.8971],[27.5375,70.8063,129.9024],[27.5333,70.8083,112.0238],[27.5021,70.8083,0.0],[27.4979,70.8104,0.0],[27.4901,70.8109,58.4025],[27.4932,70.813,0.0],[27.4917,70.8146,0.0],[27.4708,70.8146,14.7718],[27.4667,70.8125,116.9395],[27.45,70.8125,162.6044],[27.4401,70.8151,92.5341],[27.4292,70.8208,0.0],[27.4146,70.8229,148.4656],[27.4078,70.8266,0.0],[27.3979,70.8292,0.0],[27.3792,70.8292,186.3121],[27.375,70.8313,185.4621],[27.2896,70.8313,48.5565],[27.2818,70.8266,3.5254],[27.2833,70.825,0.906],[27.2911,70.8245,167.0525],[27.2901,70.8214,103.8733],[27.2911,70.8193,140.7359],[27.2839,70.8141,14.8006],[27.287,70.8109,48.4755],[27.2818,70.8068,10.2777],[27.2891,70.8037,0.0],[27.2953,70.7984,19.7615],[27.2891,70.7943,68.1571],[27.2833,70.7937,56.351],[27.2776,70.7911,10.8071],[27.2807,70.788,98.8862],[27.2755,70.7849,0.0],[27.2786,70.7828,56.2457],[27.2776,70.7755,0.0],[27.287,70.7745,37.6953],[27.2891,70.7714,157.604],[27.2854,70.7688,64.8427],[27.275,70.7688,0.0],[27.2693,70.7651,0.0],[27.2833,70.7646,29.1508],[27.2875,70.7625,0.0],[27.3063,70.7625,0.0],[27.3125,70.7583,0.0],[27.3375,70.7583,0.0],[27.3417,70.7562,0.0],[27.3557,70.7557,5.5418],[27.3521,70.7521,0.0],[27.3333,70.7521,0.0],[27.3234,70.7495,0.0],[27.3245,70.7464,0.0],[27.3234,70.7443,0.0],[27.3266,70.7422,0.0],[27.3234,70.7401,0.0],[27.3307,70.7359,67.0575],[27.3229,70.7354,0.0],[27.3188,70.7333,0.0],[27.2979,70.7292,3.8091],[27.2964,70.7307,5.911],[27.2995,70.7328,0.0],[27.2818,70.7422,0.0],[27.2786,70.7453,0.0],[27.2708,70.7458,0.0],[27.2625,70.75,0.0],[27.2542,70.75,23.512],[27.25,70.7479,187.6235],[27.2333,70.7479,294.7386],[27.2292,70.7458,294.1221],[27.2229,70.7479,142.2683],[27.1917,70.7479,66.9516],[27.1875,70.75,5.9851],[27.1812,70.7479,71.6189],[27.1354,70.7479,29.5917],[27.1313,70.75,0.0],[27.1089,70.7495,0.0],[27.1099,70.7464,0.0],[27.1089,70.7443,0.0],[27.112,70.7432,26.6189],[27.1141,70.7401,119.3387],[27.1047,70.7328,64.3505],[27.1057,70.7297,164.8311],[27.1016,70.7255,19.2341],[27.0818,70.712,0.0],[27.0797,70.7089,0.0],[27.0828,70.7068,34.5009],[27.0797,70.7057,67.635],[27.0714,70.6984,0.0],[27.075,70.6979,0.0],[27.0812,70.7,40.2376],[27.0854,70.6979,0.0],[27.0979,70.6979,0.0],[27.1021,70.6958,0.0],[27.1333,70.6958,29.1684],[27.1396,70.6917,0.0],[27.1578,70.6891,8.3837],[27.162,70.687,0.0],[27.1589,70.6839,0.0],[27.162,70.6818,11.3785],[27.1458,70.6813,0.0],[27.1313,70.6854,0.0],[27.0984,70.687,77.8224],[27.0901,70.6797,0.0],[27.0938,70.6792,0.0],[27.1,70.6813,50.4112],[27.1042,70.6792,0.0],[27.1125,70.6792,0.0],[27.1188,70.6813,28.8374],[27.1229,70.6792,0.0],[27.1307,70.6787,15.645],[27.1297,70.6755,0.0],[27.137,70.6745,0.0],[27.1411,70.6713,0.0],[27.1391,70.6693,0.0],[27.1354,70.6687,22.6012],[27.1313,70.6708,0.0],[27.125,70.6708,28.5627],[27.1188,70.6729,4.8123],[27.1042,70.6625,151.1354],[27.0958,70.6646,44.5927],[27.0917,70.6625,165.5706],[27.0755,70.6599,0.0],[27.0766,70.6568,0.0],[27.0755,70.6547,0.0],[27.0786,70.6526,18.7888],[27.0755,70.6505,0.0],[27.0786,70.6484,38.6516],[27.0734,70.6443,0.0],[27.0792,70.6417,0.0],[27.0953,70.6391,0.0],[27.0943,70.6359,0.0],[27.1021,70.6354,0.0],[27.1104,70.6312,0.0],[27.1458,70.6312,0.0],[27.15,70.6292,0.0],[27.1563,70.6292,5.6829],[27.1786,70.6203,0.0],[27.1807,70.6182,0.0],[27.1797,70.6151,0.0],[27.1812,70.6146,0.0],[27.2,70.6146,6.0874],[27.2062,70.6104,0.0],[27.2188,70.6104,0.0],[27.2255,70.6068,0.0],[27.2328,70.6057,0.0],[27.2411,70.6016,0.0],[27.238,70.5984,0.0],[27.2453,70.5953,0.0],[27.2484,70.5922,0.0],[27.2542,70.5896,0.0],[27.2667,70.5896,4.406],[27.2703,70.5859,4.6254],[27.2542,70.5854,8.3416],[27.2479,70.5875,0.0],[27.2417,70.5854,9.6206],[27.237,70.5891,0.0],[27.2292,70.5896,0.0],[27.2099,70.5974,0.0],[27.2021,70.5979,5.254],[27.1979,70.6,0.0],[27.1917,70.5979,50.9307],[27.1854,70.6,14.2823],[27.1771,70.6,0.0],[27.1729,70.5979,154.3362],[27.1396,70.5979,247.5732],[27.138,70.5984,235.3401],[27.1391,70.6016,36.6557],[27.1375,70.6021,4.6486],[27.1208,70.6021,100.0368],[27.1063,70.6062,15.9291],[27.0938,70.6062,70.0656],[27.0833,70.6125,0.0],[27.0646,70.6125,0.0],[27.063,70.6141,0.0],[27.0661,70.6151,0.0],[27.0682,70.6182,53.0679],[27.0625,70.6208,0.0],[27.0417,70.6208,10.3105],[27.0375,70.6188,62.2602],[27.0333,70.6188,32.7922],[27.0297,70.6151,0.0],[27.037,70.6141,0.0],[27.0359,70.6109,10.3463],[27.0391,70.6088,9.3037],[27.025,70.6083,0.0],[27.0208,70.6062,30.1578],[27.0104,70.6062,54.5047],[27.0063,70.6042,33.5456],[27.0021,70.6042,6.1244],[26.9964,70.6016,2.9986],[26.9911,70.5964,40.3531],[26.9818,70.5953,0.0],[26.9724,70.588,41.1656],[26.9609,70.5891,0.0],[26.9641,70.587,34.3051],[26.963,70.5839,0.0],[26.9688,70.5833,9.1369],[26.9703,70.5818,17.4402],[26.963,70.5766,2.8519],[26.9589,70.5714,0.0],[26.9625,70.5708,0.0],[26.9688,70.5729,20.0612],[26.9813,70.5687,0.0],[27.0021,70.5708,0.0],[27.0078,70.5682,0.0],[27.0068,70.5651,0.0],[27.012,70.562,32.0555],[27.0109,70.5589,0.0],[27.012,70.5568,0.0],[27.0083,70.5542,5.1711],[26.9979,70.5542,0.0],[26.9833,70.55,11.3593],[26.9729,70.55,0.0],[26.9604,70.5458,27.1218],[26.9542,70.5458,16.4494],[26.9526,70.5443,0.0],[26.9583,70.5417,0.0],[26.9661,70.5411,57.0008],[26.9839,70.5297,0.0],[26.9932,70.5286,47.1278],[26.9901,70.5255,0.0],[26.9974,70.5224,13.624],[26.9922,70.5182,9.8718],[26.9974,70.5141,3.7753],[26.9964,70.5109,13.9804],[27.0104,70.5104,45.0591],[27.0146,70.5083,0.0],[27.0391,70.5078,49.526],[27.037,70.5047,50.4621],[27.0297,70.5036,0.0],[27.0307,70.5005,27.9481],[27.0297,70.4984,14.4284],[27.0391,70.4932,14.9111],[27.038,70.4901,0.0],[27.0479,70.4875,0.0],[27.0563,70.4896,9.5266],[27.0578,70.4891,0.0],[27.0568,70.4859,21.5785],[27.0708,70.4854,80.3017],[27.075,70.4833,0.0],[27.0833,70.4833,0.0],[27.0875,70.4854,0.0],[27.0891,70.4849,0.0],[27.088,70.4818,0.0],[27.0896,70.4812,0.0],[27.1036,70.4807,12.5528],[27.0901,70.4703,0.0],[27.0932,70.4672,0.1752],[27.0896,70.4667,0.561],[27.0839,70.4693,0.0],[27.0849,70.4724,0.0],[27.0771,70.4771,0.0],[27.0729,70.4771,0.0],[27.0688,70.4792,0.0],[27.0604,70.4771,36.043],[27.0563,70.4792,44.1586],[27.0438,70.4792,72.6394],[27.0333,70.4833,39.1038],[27.0318,70.4818,25.8753],[27.0349,70.4797,37.2207],[27.0333,70.4792,125.4482],[27.0063,70.4771,0.0],[26.9995,70.4714,42.4857],[26.9937,70.4688,78.5937],[26.988,70.4682,16.8203],[26.9849,70.4651,58.9923],[26.9693,70.4641,7.0299],[26.9672,70.4609,0.0],[26.9703,70.4589,17.1827],[26.9646,70.4563,0.0],[26.9438,70.4563,0.0],[26.9313,70.4604,0.0],[26.9151,70.4589,8.7966],[26.9182,70.463,0.0],[26.9172,70.4661,0.0],[26.9193,70.4682,3.1465],[26.9453,70.4734,0.0],[26.9422,70.4766,0.0],[26.9453,70.4786,0.0],[26.9422,70.4797,28.8192],[26.9432,70.4828,36.6379],[26.9396,70.4854,5.3549],[26.9313,70.4854,7.7862],[26.9297,70.4849,2.6221],[26.9307,70.4818,2.4158],[26.9125,70.4771,10.205],[26.8667,70.4771,78.4143],[26.8604,70.4792,0.0],[26.8563,70.4771,51.6097],[26.8479,70.4771,42.364],[26.8438,70.4792,0.0],[26.8359,70.4797,2.0386],[26.838,70.4828,0.0],[26.8411,70.4838,0.0],[26.8339,70.488,35.8798],[26.837,70.4912,0.0],[26.8292,70.4917,28.023],[26.825,70.4938,16.9076],[26.8151,70.4932,16.5675],[26.813,70.4912,0.0],[26.8141,70.488,18.2147],[26.8068,70.487,0.0],[26.7979,70.4812,0.0],[26.7729,70.4812,40.8042],[26.7714,70.4818,38.9963],[26.7724,70.4849,0.0],[26.7708,70.4854,7.7171],[26.7583,70.4854,29.6657],[26.7521,70.4875,19.6641],[26.7505,70.4859,6.1902],[26.7578,70.4828,16.5601],[26.7526,70.4786,26.7815],[26.7557,70.4755,0.0],[26.7526,70.4734,0.0],[26.7646,70.4667,0.0],[26.7708,70.4688,0.0],[26.7745,70.4672,0.0],[26.7703,70.463,55.037],[26.7609,70.462,0.0],[26.7682,70.4578,113.247],[26.7568,70.4495,0.0],[26.7599,70.4474,1.9466],[26.7589,70.4443,0.0],[26.7641,70.4411,1.5899],[26.762,70.438,0.9494],[26.7479,70.4333,45.9694],[26.7396,70.4333,38.9149],[26.7354,70.4354,46.9187],[26.7208,70.4354,0.0],[26.7172,70.4328,0.0],[26.7188,70.4313,0.0],[26.7266,70.4307,0.0],[26.7234,70.4276,0.0],[26.7328,70.4266,0.0],[26.7307,70.4234,0.0],[26.7276,70.4224,0.0],[26.7307,70.4193,0.0],[26.7234,70.4182,0.0],[26.7167,70.4146,0.0],[26.7083,70.4146,0.0],[26.7021,70.4167,11.168],[26.6974,70.413,8.3989],[26.6937,70.4125,0.0],[26.688,70.4151,0.0],[26.6911,70.4182,0.0],[26.6818,70.4193,15.9071],[26.6828,70.4224,4.257],[26.6813,70.4229,0.0],[26.675,70.4208,0.0],[26.6667,70.4208,0.0],[26.6625,70.4229,0.0],[26.6521,70.4229,17.197],[26.6396,70.4292,0.0],[26.6333,70.4271,56.4953],[26.6229,70.4313,0.0],[26.6151,70.4266,0.0],[26.6182,70.4245,19.121],[26.6161,70.4213,32.9293],[26.6068,70.4203,0.0],[26.6099,70.4182,0.0],[26.6078,70.4151,64.1188],[26.6047,70.4141,27.7003],[26.5995,70.4089,150.7569],[26.5901,70.4078,95.7832],[26.5859,70.4026,52.5357],[26.5917,70.4,0.0],[26.6021,70.4,1.8578],[26.6104,70.3958,0.0],[26.6167,70.3979,8.0735],[26.6266,70.3974,0.0],[26.6286,70.3943,142.674],[26.6266,70.3922,113.3485],[26.6208,70.3917,27.0528],[26.6193,70.3901,0.0],[26.6245,70.387,0.0],[26.6234,70.3839,0.0],[26.6313,70.3833,35.8534],[26.6328,70.3818,29.311],[26.625,70.3812,14.5858],[26.6208,70.3792,20.4946],[26.6063,70.3792,15.7869],[26.6021,70.3812,40.0134],[26.5917,70.3812,95.5586],[26.5875,70.3833,10.4751],[26.5812,70.3833,34.9468],[26.5797,70.3839,42.7519],[26.5807,70.387,42.027],[26.5771,70.3875,80.6696],[26.5724,70.3839,117.7675],[26.5651,70.3828,92.8039],[26.5604,70.3792,114.3224],[26.5417,70.3792,0.0],[26.538,70.3766,3.931],[26.5411,70.3734,41.3694],[26.5354,70.3708,21.1928],[26.5297,70.3703,3.5531],[26.5255,70.3662,22.914],[26.5266,70.363,42.4881],[26.5151,70.3536,0.0],[26.5161,70.3505,0.0],[26.5125,70.3479,1.1644],[26.5047,70.3505,5.8882],[26.4974,70.3557,0.0],[26.4797,70.3588,0.0],[26.4828,70.363,0.0],[26.4818,70.3662,0.0],[26.4859,70.3703,0.0],[26.4953,70.3714,0.0],[26.4995,70.3755,0.0],[26.4964,70.3776,62.7133],[26.4995,70.3807,0.0],[26.4964,70.3828,12.6491],[26.5016,70.3859,0.0],[26.4984,70.3891,33.6847],[26.5167,70.3896,0.0],[26.5208,70.3917,0.0],[26.5271,70.3917,0.0],[26.5328,70.3964,0.0],[26.5286,70.3995,57.3652],[26.5229,70.4,73.2106],[26.5172,70.4026,45.9887],[26.5224,70.4078,0.0],[26.5151,70.412,115.0217],[26.5182,70.413,13.6938],[26.5224,70.4182,0.0],[26.5203,70.4203,0.0],[26.5125,70.4208,12.4345],[26.5068,70.4234,24.269],[26.5089,70.4266,0.0],[26.513,70.4287,0.0],[26.5271,70.4313,0.0],[26.5286,70.4328,0.0],[26.5125,70.4354,59.9245],[26.5109,70.437,9.5307],[26.5172,70.4411,8.4356],[26.5245,70.4422,0.0],[26.5214,70.4453,19.3321],[26.5307,70.4464,0.0],[26.5328,70.4495,0.0],[26.5297,70.4516,0.0],[26.5458,70.4542,0.0],[26.5505,70.4578,16.6823],[26.5563,70.4583,0.0],[26.562,70.4609,0.0],[26.5641,70.4641,0.0],[26.5609,70.4661,0.0],[26.5641,70.4672,10.8024],[26.5714,70.4745,0.0],[26.5792,70.475,0.0],[26.5828,70.4776,9.7236],[26.5797,70.4807,25.5872],[26.5828,70.4828,2.6194],[26.5786,70.4849,0.0],[26.5646,70.4854,104.2057],[26.5505,70.4901,0.0],[26.5526,70.4932,11.4072],[26.5604,70.4938,0.0],[26.5641,70.4964,0.0],[26.5625,70.4979,0.0],[26.5547,70.4984,18.4922],[26.5578,70.5016,0.0],[26.5505,70.5047,0.0],[26.5516,70.5078,0.0],[26.5505,70.5099,15.9346],[26.5536,70.513,0.0],[26.5526,70.5162,0.0],[26.5609,70.5224,0.0],[26.5682,70.5234,0.0],[26.5797,70.5328,0.0],[26.5891,70.5339,0.0],[26.5943,70.5391,0.0],[26.6,70.5396,0.0],[26.6057,70.5422,0.0],[26.6099,70.5463,0.0],[26.6089,70.5495,5.3037],[26.6161,70.5505,0.0],[26.612,70.5537,3.2134],[26.6063,70.5542,23.3018],[26.6005,70.5568,29.6244],[26.6057,70.562,0.0],[26.6026,70.563,9.0714],[26.6036,70.5703,0.0],[26.6005,70.5724,14.9978],[26.6224,70.588,0.0],[26.6193,70.5901,0.0],[26.6203,70.5932,0.0],[26.6193,70.5953,0.0],[26.6224,70.5984,0.0],[26.6214,70.6016,8.2497],[26.6245,70.6047,0.0],[26.6234,70.6078,0.0],[26.6245,70.6099,0.0],[26.6214,70.612,47.1319],[26.6266,70.6151,0.0],[26.6286,70.6182,0.0],[26.6193,70.6193,33.3574],[26.613,70.6245,0.0],[26.6167,70.6271,6.0543],[26.6328,70.6297,0.0],[26.6349,70.6318,0.0],[26.6339,70.6349,81.3296],[26.6411,70.6359,0.0],[26.638,70.6391,0.0],[26.6411,70.6412,0.0],[26.638,70.6432,45.9492],[26.6432,70.6474,0.0],[26.6375,70.65,0.0],[26.625,70.65,4.9279],[26.6161,70.6557,0.0],[26.6068,70.6568,0.0],[26.6026,70.6589,1.5448],[26.6057,70.662,0.0],[26.6,70.6646,0.0],[26.5964,70.6641,0.0],[26.5917,70.6604,1.0015],[26.5854,70.6625,0.7225],[26.5771,70.6625,0.177],[26.5729,70.6604,9.0755],[26.5646,70.6604,16.6762],[26.5578,70.6641,0.0],[26.55,70.6646,8.119],[26.5432,70.6682,0.0],[26.5333,70.6708,0.0],[26.5021,70.6687,1.0448],[26.4922,70.6661,21.1135],[26.4953,70.663,177.2195],[26.4875,70.6625,198.4645],[26.4833,70.6604,302.2792],[26.4625,70.6667,0.0],[26.4562,70.6625,74.9046],[26.4375,70.6625,0.0],[26.425,70.6583,73.8893],[26.4125,70.6583,6.7203],[26.4,70.6542,39.9644],[26.3917,70.6542,7.0385],[26.3854,70.6563,0.0],[26.3755,70.6536,0.0],[26.3688,70.65,39.6048],[26.3604,70.6521,0.0],[26.3563,70.65,3.7687],[26.3479,70.65,0.0],[26.3432,70.6536,0.0],[26.3396,70.6542,0.0],[26.338,70.6536,0.0],[26.3391,70.6505,0.0],[26.3354,70.65,1.1539],[26.3318,70.6536,0.0],[26.3339,70.6557,0.0],[26.3438,70.6583,0.3025],[26.35,70.6583,0.0],[26.3542,70.6604,0.0],[26.3646,70.6604,0.0],[26.3771,70.6646,0.0],[26.3849,70.6651,0.0],[26.4005,70.6787,1.8384],[26.4063,70.6813,0.0],[26.4167,70.6813,0.0],[26.4292,70.6854,9.4697],[26.4521,70.6854,0.0],[26.4583,70.6833,0.0],[26.463,70.687,0.0],[26.4792,70.6896,0.0],[26.4833,70.6917,0.0],[26.4917,70.6896,0.0],[26.5229,70.6979,0.0],[26.5313,70.6979,0.0],[26.5375,70.6958,0.0],[26.5391,70.6974,0.0],[26.5359,70.6995,0.0],[26.538,70.7016,0.0],[26.5474,70.7026,0.0],[26.5542,70.7083,0.0],[26.5667,70.7083,0.0],[26.5792,70.7125,0.0],[26.5896,70.7125,0.0],[26.6,70.7188,31.2786],[26.6125,70.7188,0.0],[26.6167,70.7208,0.0],[26.6208,70.7208,0.0],[26.6224,70.7224,0.0],[26.6193,70.7245,7.3457],[26.6349,70.7255,0.0],[26.6464,70.7349,6.7541],[26.65,70.7354,0.0],[26.6563,70.7333,0.0],[26.6578,70.7349,0.0],[26.6547,70.737,4.3328],[26.6589,70.7391,0.0],[26.6771,70.7438,0.0],[26.6849,70.7443,0.0],[26.6891,70.7495,0.0],[26.6839,70.7526,0.0],[26.6849,70.7557,0.0],[26.6797,70.7589,30.2511],[26.6807,70.762,17.871],[26.6755,70.7651,19.8765],[26.6766,70.7682,0.0],[26.6734,70.7703,0.0],[26.6766,70.7724,0.0],[26.6693,70.7766,24.8378],[26.675,70.7792,0.587],[26.6807,70.7797,0.0],[26.6828,70.7818,0.0],[26.6818,70.7849,0.0],[26.6839,70.787,0.0],[26.6911,70.788,0.0],[26.7005,70.7953,0.0],[26.7062,70.7979,0.0],[26.712,70.7984,0.0],[26.7203,70.8047,0.0],[26.7172,70.8078,4.9466],[26.7203,70.8099,0.0],[26.713,70.813,34.7277],[26.7182,70.8182,0.0],[26.7151,70.8193,0.0],[26.713,70.8224,0.0],[26.7229,70.8229,0.0],[26.7292,70.8208,0.0],[26.7349,70.8255,0.0],[26.7328,70.8287,4.4266],[26.7297,70.8297,35.3573],[26.7307,70.837,0.0],[26.725,70.8396,98.16],[26.7167,70.8396,0.0],[26.7042,70.8354,12.7676],[26.6917,70.8354,0.0],[26.6854,70.8313,4.8418],[26.675,70.8313,10.7167],[26.6708,70.8292,14.6277],[26.6609,70.8297,0.0],[26.6651,70.8349,0.0],[26.6703,70.838,0.0],[26.6651,70.8432,0.0],[26.6724,70.8495,0.0],[26.6646,70.85,38.8956],[26.6589,70.8536,0.0],[26.6693,70.862,0.0],[26.6786,70.863,0.0],[26.6755,70.8662,0.0],[26.6849,70.8672,0.0],[26.6984,70.8786,0.0],[26.7141,70.8797,0.0],[26.7161,70.8828,0.0],[26.713,70.8849,48.3615],[26.7161,70.887,0.0],[26.713,70.8891,20.12],[26.7182,70.8922,0.0],[26.7151,70.8953,0.0],[26.7234,70.9016,0.0],[26.7292,70.9021,0.0],[26.7349,70.9047,0.0],[26.7333,70.9063,0.0],[26.7255,70.9068,79.0456],[26.7307,70.912,2.7532],[26.7271,70.9125,2.452],[26.7208,70.9104,85.71],[26.7047,70.9193,0.0],[26.7057,70.9224,0.0],[26.7026,70.9245,52.1775],[26.7203,70.9276,0.0],[26.7172,70.9307,54.4084],[26.7203,70.9328,55.9749],[26.7172,70.9349,65.6693],[26.7224,70.9391,0.0],[26.7047,70.9484,0.0],[26.7026,70.9505,1.7458],[26.7036,70.9537,0.0],[26.6943,70.9547,20.6861],[26.688,70.9589,0.0],[26.6901,70.962,0.0],[26.6974,70.963,0.0],[26.7016,70.9661,34.4438],[26.6813,70.9667,154.7537],[26.675,70.9688,18.2715],[26.6708,70.9667,109.5019],[26.663,70.9661,5.4751],[26.6609,70.9641,0.0],[26.6641,70.962,25.5256],[26.6625,70.9604,142.065],[26.6437,70.9604,11.9207],[26.6349,70.9547,151.6454],[26.6167,70.95,194.3168],[26.6104,70.9521,178.0063],[26.5812,70.9521,0.0],[26.575,70.95,9.2745],[26.5708,70.9521,9.6752],[26.5625,70.9521,0.0],[26.5536,70.9464,83.7243],[26.5464,70.9453,153.8345],[26.537,70.938,268.2732],[26.525,70.9375,142.3016],[26.5161,70.9318,274.7372],[26.4984,70.9287,44.5657],[26.5016,70.9255,283.906],[26.4958,70.9229,348.182],[26.4818,70.9203,94.0304],[26.4828,70.9172,154.2037],[26.4807,70.9151,346.1507],[26.4734,70.9141,284.0441],[26.4661,70.9089,280.6063],[26.4604,70.9083,187.1296],[26.4547,70.9057,82.4357],[26.4526,70.9026,26.9283],[26.4557,70.9005,67.7377],[26.4417,70.9,282.3467],[26.4286,70.8901,0.0],[26.4042,70.8854,187.5304],[26.3937,70.8792,291.6559],[26.3818,70.8786,114.0327],[26.3661,70.8672,278.1694],[26.3604,70.8667,144.9373],[26.3547,70.8641,84.2542],[26.3495,70.8588,267.2212],[26.3401,70.8578,44.8433],[26.3432,70.8547,178.9984],[26.3255,70.8516,0.0],[26.3286,70.8484,79.1984],[26.3229,70.8479,69.7388],[26.3172,70.8453,41.6937],[26.3203,70.8432,84.2144],[26.3182,70.8401,63.3712],[26.3104,70.8396,0.0],[26.3068,70.837,0.0],[26.3099,70.8339,49.9607],[26.3042,70.8313,257.4763],[26.2938,70.8313,206.1292],[26.2849,70.8255,264.2964],[26.2776,70.8245,74.8247],[26.2714,70.8203,0.0],[26.2745,70.8172,3.7093],[26.2583,70.8146,104.0905],[26.2542,70.8125,184.1198],[26.2422,70.812,0.0],[26.2453,70.8089,97.6599],[26.2255,70.7953,0.0],[26.2286,70.7922,0.0],[26.2255,70.788,7.136],[26.2313,70.7875,44.0987],[26.2328,70.7859,165.317],[26.2146,70.7854,17.2678],[26.2057,70.7797,56.099],[26.1958,70.7771,5.5577],[26.1708,70.7771,0.0],[26.1609,70.7745,47.4726],[26.1563,70.7708,73.1086],[26.1359,70.7703,0.0],[26.1318,70.7651,14.4221],[26.1411,70.7599,3.0902],[26.1401,70.7568,0.0],[26.1411,70.7547,32.8088],[26.1339,70.7536,0.0],[26.1318,70.7516,4.2809],[26.1328,70.7484,27.2136],[26.1297,70.7443,0.0],[26.1328,70.7422,12.7434],[26.1214,70.7349,13.3374],[26.1161,70.7297,8.6077],[26.1068,70.7286,0.0],[26.1141,70.7234,23.8259],[26.1,70.7229,0.0],[26.0984,70.7214,0.0],[26.1016,70.7193,0.0],[26.0979,70.7188,0.0],[26.0859,70.7255,23.9588],[26.087,70.7286,0.0],[26.0854,70.7292,0.0],[26.0583,70.7292,0.0],[26.0516,70.7234,23.2655],[26.0422,70.7224,0.0],[26.0453,70.7193,22.3494],[26.0391,70.7151,13.7627],[26.0318,70.7141,6.9732],[26.0349,70.7109,8.4245],[26.0318,70.7099,2.1684],[26.0297,70.7068,1.5435],[26.037,70.7037,9.5177],[26.0339,70.7005,0.0],[26.0432,70.6995,0.0],[26.0422,70.6964,0.0],[26.0453,70.6943,0.0],[26.0391,70.6901,21.1046],[26.0193,70.6849,0.0],[26.0286,70.6787,9.2559],[26.0245,70.6734,23.3818],[26.0172,70.6682,19.1562],[26.0182,70.6651,31.4561],[26.0172,70.663,14.7925],[26.0203,70.6609,43.1608],[26.0167,70.6583,16.7121],[26.0089,70.6578,0.0],[26.0036,70.6526,0.0],[26.0005,70.6516,0.0],[26.0036,70.6484,28.1197],[25.9911,70.638,172.6318],[25.9854,70.6354,151.2309],[25.9797,70.6349,43.0117],[25.9714,70.6286,0.0],[25.9745,70.6266,86.5798],[25.9734,70.6234,0.0],[25.9786,70.6203,104.6986],[25.9776,70.613,0.0],[25.987,70.612,5.7833],[25.9766,70.6026,7.4932],[25.9688,70.6021,3.0631],[25.9646,70.6,7.0565],[25.9542,70.6,0.0],[25.9495,70.5964,7.7921],[25.9422,70.5953,4.2551],[25.9349,70.5901,14.3307],[25.9292,70.5896,6.4382],[25.9234,70.587,0.0],[25.9266,70.5839,11.4545],[25.9193,70.5828,4.5496],[25.9224,70.5807,30.0776],[25.9208,70.5792,56.7496],[25.9146,70.5792,12.419],[25.9104,70.5771,18.0132],[25.9,70.5771,0.0],[25.8896,70.5708,14.8976],[25.875,70.5708,11.6472],[25.8688,70.5729,2.0263],[25.8641,70.5693,19.4958],[25.8484,70.5661,1.3095],[25.8349,70.5568,31.0752],[25.8276,70.5557,3.7047],[25.8307,70.5526,36.8321],[25.8109,70.5474,0.0],[25.8068,70.5432,1.5383],[25.8078,70.5401,11.7029],[25.8057,70.538,10.9474],[25.8021,70.5375,12.584],[25.7958,70.5396,0.0],[25.787,70.5339,11.7988],[25.7797,70.5328,0.0],[25.7828,70.5297,3.4982],[25.7755,70.5286,2.9959],[25.7693,70.5245,2.5868],[25.7724,70.5214,35.606],[25.7526,70.5203,5.1459],[25.7536,70.5172,11.0058],[25.7464,70.5162,1.292],[25.7495,70.513,5.4721],[25.7453,70.5109,10.3739],[25.7188,70.5042,11.2905],[25.7062,70.5042,1.7031],[25.7,70.5,21.3655],[25.6755,70.4953,5.2344],[25.6786,70.4922,25.2027],[25.6766,70.4901,37.5843],[25.6693,70.4891,16.4086],[25.6703,70.4859,26.7473],[25.663,70.4807,1.55],[25.6661,70.4776,24.0434],[25.662,70.4734,27.7959],[25.6589,70.4724,12.0744],[25.6536,70.4672,34.7261],[25.6479,70.4667,4.079],[25.6422,70.4641,0.0],[25.6349,70.4568,32.9977],[25.6193,70.4557,7.7803],[25.613,70.4495,5.8419],[25.6151,70.4464,7.6919],[25.6182,70.4453,7.0229],[25.6141,70.4401,0.0074],[25.6109,70.4391,0.0],[25.6057,70.4339,3.8936],[25.5979,70.4333,7.9855],[25.5932,70.4297,20.5716],[25.5859,70.4287,0.0],[25.5776,70.4224,0.0],[25.5807,70.4203,12.7838],[25.5797,70.4172,34.1443],[25.5807,70.4151,36.881],[25.5688,70.4146,0.0],[25.5563,70.4104,11.5065],[25.5458,70.4104,10.2168],[25.538,70.4057,8.3856],[25.5396,70.4042,0.0],[25.5474,70.4036,0.0],[25.5464,70.4005,0.0],[25.5516,70.3974,4.1019],[25.5474,70.3922,11.759],[25.5411,70.388,4.4912],[25.5313,70.3875,0.0],[25.5271,70.3896,0.0],[25.5208,70.3896,7.8537],[25.5172,70.3922,0.0],[25.5182,70.3953,4.818],[25.512,70.3995,4.7359],[25.5021,70.4,6.1548],[25.4943,70.3953,5.7986],[25.4974,70.3932,31.7255],[25.4964,70.3901,9.1883],[25.4974,70.388,15.6656],[25.4922,70.3828,0.0],[25.4932,70.3797,0.0712],[25.4776,70.3766,8.827],[25.4729,70.3729,25.98],[25.4651,70.3724,0.0],[25.4682,70.3703,15.2939],[25.4651,70.3662,0.0],[25.4661,70.363,26.2172],[25.4562,70.3625,35.0926],[25.4516,70.3662,4.5477],[25.4479,70.3667,9.8849],[25.4411,70.363,51.2533],[25.4339,70.362,0.0],[25.437,70.3599,28.6002],[25.4359,70.3568,0.0],[25.437,70.3547,0.0],[25.4297,70.3536,0.0],[25.4276,70.3505,0.0],[25.437,70.3495,64.6555],[25.4339,70.3464,0.0],[25.4411,70.3422,58.9362],[25.4312,70.3396,58.4385],[25.4188,70.3396,23.1682],[25.4146,70.3375,49.9851],[25.4026,70.337,17.3006],[25.4057,70.3339,39.5664],[25.4036,70.3318,24.5034],[25.3964,70.3307,14.894],[25.3974,70.3276,11.4074],[25.3964,70.3255,-0.4653],[25.4063,70.3208,0.0],[25.4167,70.3208,0.0],[25.4208,70.3187,0.0],[25.4375,70.3167,13.0998],[25.4422,70.313,0.0],[25.45,70.3125,0.0],[25.4542,70.3104,0.0],[25.4667,70.3104,6.1897],[25.4708,70.3083,2.5761],[25.4792,70.3083,0.0],[25.4833,70.3104,0.0],[25.5161,70.3099,0.0971],[25.5203,70.3078,0.5434],[25.5182,70.3047,0.2305],[25.5125,70.3042,6.3745],[25.5068,70.3016,2.8474],[25.5047,70.2984,0.0249],[25.5078,70.2963,10.2551],[25.5021,70.2958,3.7034],[25.4964,70.2932,0.0],[25.4901,70.287,0.0],[25.5,70.2833,0.0],[25.5063,70.2833,-0.3398],[25.5078,70.2818,4.0916],[25.5042,70.2792,13.5848],[25.488,70.2766,0.0],[25.4911,70.2734,24.0666],[25.487,70.2693,33.408],[25.4797,70.2682,4.6464],[25.4729,70.2646,22.9081],[25.4625,70.2646,3.2893],[25.4578,70.2609,68.3457],[25.4417,70.2583,-0.2563],[25.4354,70.2542,34.7177],[25.4312,70.2542,30.2302],[25.4271,70.2521,39.8584],[25.4151,70.2516,1.5066],[25.4182,70.2484,54.5479],[25.4089,70.2474,29.434],[25.4068,70.2443,16.2023],[25.4099,70.2422,13.7956],[25.4026,70.237,2.1074],[25.4099,70.2328,5.1719],[25.4068,70.2297,0.9589],[25.4099,70.2286,17.1733],[25.4089,70.2255,57.6653],[25.412,70.2234,85.3877],[25.4026,70.2224,-1.0],[25.4057,70.2203,82.5514],[25.4036,70.2172,86.6714],[25.3964,70.2161,64.3377],[25.387,70.2089,91.8735],[25.3714,70.2057,1.4134],[25.3641,70.2005,11.1109],[25.3568,70.1995,0.68],[25.3536,70.1964,5.0003],[25.3479,70.1958,0.1668],[25.3422,70.1932,12.1267],[25.3354,70.1875,116.2593],[25.3271,70.1896,-0.6015],[25.3224,70.1859,6.1077],[25.3187,70.1854,5.1658],[25.3104,70.1896,5.0162],[25.2943,70.1891,14.2109],[25.288,70.1828,3.7754],[25.2891,70.1797,8.5938],[25.288,70.1776,-0.3464],[25.2911,70.1755,17.6986],[25.2839,70.1703,19.5028],[25.287,70.1682,23.6937],[25.2859,70.1651,0.0],[25.287,70.163,18.755],[25.2734,70.1516,0.0],[25.2766,70.1484,78.6504],[25.2682,70.1422,77.5409],[25.2583,70.1396,63.4003],[25.2479,70.1396,10.2736],[25.2443,70.137,5.2773],[25.2464,70.1339,0.9052],[25.2542,70.1333,4.4809],[25.2557,70.1318,1.9156],[25.2484,70.1266,0.0],[25.2516,70.1234,59.228],[25.2474,70.1193,43.2692],[25.2411,70.1151,38.9936],[25.2339,70.1141,5.6758],[25.2297,70.1099,0.0],[25.2307,70.1068,0.0],[25.2297,70.1047,0.0],[25.237,70.1005,43.629],[25.2224,70.0901,3.2734],[25.2125,70.0875,8.9429],[25.2021,70.0875,0.3993],[25.1979,70.0854,12.1911],[25.1875,70.0854,1.9443],[25.1828,70.0818,6.6513],[25.1755,70.0807,2.9626],[25.1682,70.0755,-0.863],[25.1609,70.0745,0.09],[25.1547,70.0682,0.6418],[25.1557,70.0651,2.5455],[25.1542,70.0646,2.5455],[25.1354,70.0646,0.0],[25.1208,70.0687,4.2469],[25.1083,70.0687,26.3386],[25.0984,70.0714,41.149],[25.0859,70.0776,20.8663],[25.0891,70.0807,0.0],[25.0755,70.088,33.5613],[25.0766,70.0911,18.8769],[25.0714,70.0943,0.0],[25.0724,70.0974,0.0],[25.0693,70.0995,51.6117],[25.0766,70.1057,3.5327],[25.0708,70.1083,8.3464],[25.063,70.1088,0.0],[25.0641,70.112,0.0],[25.063,70.1141,0.0],[25.0667,70.1167,0.0],[25.0812,70.1167,8.0406],[25.0854,70.1146,6.0298],[25.1063,70.1146,18.2583],[25.1109,70.1182,33.6335],[25.1182,70.1193,0.0],[25.1151,70.1214,52.1305],[25.1167,70.1229,17.0433],[25.1229,70.1208,0.0],[25.1328,70.1214,10.6834],[25.1297,70.1234,12.6742],[25.1312,70.125,5.3972],[25.1437,70.1208,0.0],[25.1495,70.1255,4.1486],[25.1484,70.1286,6.9469],[25.1495,70.1307,-0.313],[25.1417,70.1312,29.8901],[25.1349,70.1349,0.0],[25.1229,70.1375,14.3938],[25.113,70.1349,12.5028],[25.1036,70.1276,16.4433],[25.0964,70.1266,3.4487],[25.0917,70.1229,12.5774],[25.0839,70.1224,0.0],[25.0792,70.1188,20.9747],[25.0729,70.1208,3.4438],[25.0625,70.1208,0.0],[25.0568,70.1234,20.3783],[25.0599,70.1276,0.0],[25.0589,70.1307,0.0],[25.0599,70.1328,0.0],[25.0568,70.1349,2.5034],[25.0641,70.1359,3.2765],[25.0703,70.1412,0.0],[25.0646,70.1438,41.0796],[25.0563,70.1438,0.0],[25.05,70.1417,0.0],[25.0484,70.1422,0.0],[25.0495,70.1495,0.0],[25.0354,70.15,5.934],[25.0313,70.1521,9.4181],[25.0193,70.1495,2.6316],[25.0026,70.1349,16.5471],[25.0036,70.1318,12.6375],[24.9995,70.1276,12.9844],[24.9922,70.1266,4.622],[24.9859,70.1224,12.2862],[24.9839,70.1193,0.0],[24.9932,70.1182,19.6097],[24.988,70.113,14.9371],[24.9911,70.112,34.6992],[24.9901,70.1088,17.5827],[24.9932,70.1068,43.8713],[24.987,70.1026,9.0285],[24.9797,70.1016,0.0],[24.9854,70.0979,0.0],[24.9932,70.0974,37.231],[24.9901,70.0953,10.8458],[24.9917,70.0938,0.0],[24.9979,70.0938,2.0538],[25.0021,70.0917,0.0],[25.0146,70.0917,21.8281],[25.0271,70.0875,0.0],[25.0349,70.087,4.6209],[25.0339,70.0839,0.0],[25.0349,70.0818,0.0],[25.0276,70.0745,0.0],[25.0286,70.0714,2.3276],[25.0255,70.0682,0.0],[25.0307,70.0641,1.7262],[25.0266,70.0589,3.9571],[25.0167,70.0563,1.6212],[25.0063,70.0563,0.0],[25.0021,70.0542,0.0],[24.9938,70.0542,1.9526],[24.988,70.0568,0.0],[24.9859,70.0599,3.5186],[24.9974,70.0703,0.0],[24.9849,70.0766,0.0],[24.9688,70.0792,1.3422],[24.9646,70.0813,0.0],[24.9562,70.0813,0.7645],[24.95,70.0792,1.9213],[24.9458,70.0813,1.1936],[24.9313,70.0813,1.42],[24.9271,70.0792,0.0],[24.9208,70.0792,1.8281],[24.9151,70.0818,3.7743],[24.9161,70.0849,0.0],[24.9109,70.088,46.113],[24.912,70.0911,26.2703],[24.9089,70.0922,27.7884],[24.912,70.0964,23.2998],[24.9109,70.0995,28.7748],[24.9182,70.1005,0.0],[24.9151,70.1036,17.767],[24.9224,70.1047,0.0],[24.9193,70.1068,0.5715],[24.9224,70.1099,0.0],[24.9193,70.112,4.7765],[24.9224,70.1151,0.6639],[24.9214,70.1182,0.0],[24.9224,70.1203,0.0],[24.9151,70.1234,41.3401],[24.9182,70.1266,0.0],[24.9151,70.1276,60.3549],[24.9161,70.1307,39.509],[24.913,70.1318,85.9175],[24.9203,70.1349,0.0],[24.9068,70.1422,19.0404],[24.912,70.1474,1.2991],[24.9042,70.1479,4.3143],[24.9026,70.1495,4.4293],[24.9063,70.1521,0.0],[24.9224,70.1547,0.0],[24.9266,70.1589,0.0],[24.9234,70.162,1.714],[24.9297,70.1661,0.0],[24.9599,70.1713,0.0],[24.9557,70.1745,18.8506],[24.9484,70.1755,22.0437],[24.9495,70.1787,15.5066],[24.9417,70.1792,12.6877],[24.9276,70.1839,0.9821],[24.9286,70.187,1.2793],[24.9255,70.1891,2.1749],[24.9307,70.1932,0.0],[24.925,70.1958,0.5691],[24.9172,70.1964,5.5671],[24.9255,70.2037,0.0],[24.9375,70.2042,0.0],[24.9411,70.2068,0.0],[24.938,70.2089,9.5377],[24.9411,70.212,0.0],[24.938,70.2141,7.1166],[24.9411,70.2172,0.0],[24.9401,70.2203,0.0],[24.9474,70.2286,0.0],[24.9417,70.2292,0.0],[24.9401,70.2307,0.0],[24.9708,70.2375,0.0],[24.9792,70.2417,11.072],[24.9896,70.2417,0.0],[24.9943,70.2453,10.7127],[25.0042,70.2479,8.7182],[25.0146,70.2479,0.0],[25.0245,70.2505,0.0],[25.0349,70.2589,0.6011],[25.0339,70.262,5.7166],[25.0354,70.2625,14.8902],[25.0417,70.2604,0.0],[25.0729,70.2604,0.0],[25.0786,70.263,0.0],[25.0755,70.2662,16.1007],[25.0979,70.2708,0.0],[25.1047,70.2745,0.0],[25.112,70.2755,0.0],[25.1161,70.2797,0.0],[25.113,70.2828,17.2579],[25.1161,70.2849,0.0],[25.1083,70.2854,13.4811],[25.1068,70.287,15.8612],[25.1141,70.288,0.0],[25.1172,70.2911,0.0],[25.1208,70.2917,-0.2375],[25.1292,70.2875,19.542],[25.1437,70.2875,0.0],[25.15,70.2896,5.0887],[25.1563,70.2875,0.0],[25.1661,70.2901,0.0],[25.1745,70.2963,0.0],[25.1714,70.2984,0.0],[25.1734,70.3016,15.16],[25.1807,70.3026,0.0],[25.1786,70.3057,7.1461],[25.1672,70.312,27.6526],[25.1729,70.3146,3.2377],[25.1786,70.3151,0.0],[25.1828,70.3203,0.0],[25.1682,70.3287,5.6489],[25.1563,70.3292,37.7497],[25.1521,70.3313,22.5689],[25.1458,70.3292,96.2797],[25.1292,70.3292,41.8324],[25.1063,70.3229,34.897],[25.0958,70.3229,0.0],[25.0917,70.3208,0.0],[25.0875,70.3208,0.0],[25.0812,70.3167,19.9714],[25.075,70.3167,0.0],[25.0708,70.3146,3.2738],[25.063,70.3151,2.6713],[25.0547,70.3203,-0.0329],[25.0703,70.3234,0.0],[25.0766,70.3276,0.0],[25.0786,70.3307,0.0],[25.0755,70.3318,8.0647],[25.0734,70.3349,13.0385],[25.0786,70.3401,4.0828],[25.0776,70.3432,19.0925],[25.0797,70.3453,9.9694],[25.0953,70.3484,0.0],[25.1026,70.3536,0.0],[25.1099,70.3547,-0.5],[25.1141,70.3599,-0.1701],[25.1042,70.3604,-0.2904],[25.1,70.3583,5.7914],[25.0958,70.3583,3.8256],[25.0896,70.3542,27.9602],[25.0734,70.3516,0.0],[25.0688,70.3479,20.7356],[25.0625,70.35,0.5114],[25.0521,70.35,1.1973],[25.0464,70.3536,-0.3575],[25.0505,70.3578,-0.7252],[25.0604,70.3604,0.0],[25.0667,70.3604,0.0],[25.0708,70.3625,-0.1369],[25.0891,70.363,0.0],[25.0953,70.3693,0.0],[25.0943,70.3724,0.0],[25.0984,70.3766,7.3377],[25.1042,70.3771,0.0],[25.1099,70.3797,0.0],[25.1068,70.3828,4.3772],[25.1141,70.3839,0.0],[25.1297,70.3974,32.5827],[25.1391,70.3984,0.0],[25.1458,70.4042,18.6773],[25.1563,70.4042,0.0],[25.1604,70.4063,11.9728],[25.1729,70.4063,0.0],[25.1792,70.4083,13.7378],[25.1828,70.4057,0.0],[25.1818,70.4026,2.291],[25.1849,70.4005,0.0],[25.1755,70.3932,9.0679],[25.1771,70.3917,14.5766],[25.1917,70.3917,0.0],[25.1958,70.3938,10.326],[25.2042,70.3938,-0.046],[25.213,70.388,12.1682],[25.2229,70.3875,0.0],[25.2276,70.3912,7.6787],[25.237,70.3922,4.1632],[25.2411,70.3964,15.4181],[25.238,70.3995,3.0095],[25.2453,70.4047,2.1991],[25.2391,70.4099,6.0492],[25.225,70.4104,13.7707],[25.2208,70.4125,2.1342],[25.1958,70.4125,21.3285],[25.1917,70.4146,0.0],[25.1833,70.4125,22.4419],[25.1734,70.4151,28.0505],[25.1651,70.4203,3.4965],[25.1734,70.4266,7.294],[25.1891,70.4297,0.0],[25.1938,70.4333,13.0129],[25.2016,70.4339,0.0],[25.2089,70.4411,4.3207],[25.2182,70.4422,0.3372],[25.2203,70.4453,0.0],[25.2172,70.4474,4.9405],[25.2234,70.4516,0.0],[25.2307,70.4526,0.0],[25.2349,70.4568,0.0],[25.2339,70.4599,-0.2986],[25.2521,70.4604,0.0],[25.2568,70.4641,0.4829],[25.2724,70.4672,4.8898],[25.2708,70.4688,0.0],[25.25,70.4688,0.1101],[25.2458,70.4667,3.9585],[25.2313,70.4667,2.6167],[25.2276,70.4693,-0.3207],[25.2286,70.4724,0.4461],[25.2255,70.4734,6.8317],[25.2266,70.4766,11.3607],[25.2167,70.4792,16.7686],[25.2021,70.4792,18.0645],[25.1979,70.4771,83.1731],[25.175,70.4771,1.8643],[25.1708,70.475,46.335],[25.1333,70.475,0.0],[25.1292,70.4729,36.8338],[25.1208,70.4729,19.7063],[25.1146,70.475,0.0],[25.1104,70.4729,17.2608],[25.1,70.4729,5.1462],[25.0958,70.4708,28.9684],[25.0771,70.4729,1.0698],[25.0693,70.4786,0.0],[25.0714,70.4807,3.8889],[25.0771,70.4812,0.0],[25.0786,70.4828,10.1135],[25.0724,70.487,0.0],[25.063,70.488,-0.0787],[25.0651,70.4912,-0.1429],[25.0745,70.4922,4.179],[25.0766,70.4943,0.3841],[25.0734,70.4964,1.6229],[25.075,70.4979,0.2175],[25.0833,70.4979,-0.1153],[25.0875,70.4958,0.0],[25.1,70.4958,5.8023],[25.1146,70.4917,0.0],[25.1208,70.4938,4.6236],[25.1292,70.4938,30.018],[25.1333,70.4917,0.0],[25.1771,70.4917,0.0],[25.1813,70.4938,36.9624],[25.1875,70.4938,0.0],[25.1917,70.4958,18.3432],[25.2021,70.4958,0.0],[25.2203,70.5005,0.0],[25.2391,70.5151,3.4783],[25.2359,70.5182,45.5026],[25.2391,70.5203,16.6426],[25.2229,70.525,8.2905],[25.2021,70.525,8.7455],[25.1979,70.5229,132.3897],[25.1875,70.5229,122.3046],[25.1813,70.5188,355.19],[25.1563,70.5188,86.7416],[25.1521,70.5167,265.2056],[25.1354,70.5167,105.7467],[25.1312,70.5146,230.7237],[25.0854,70.5146,1.3201],[25.0797,70.5182,-0.4069],[25.0875,70.5229,0.0],[25.1057,70.5234,1.9313],[25.1042,70.525,4.7581],[25.0964,70.5255,2.6204],[25.0943,70.5276,0.0],[25.0979,70.5313,2.9775],[25.1083,70.5313,0.0],[25.1146,70.5354,0.0],[25.1333,70.5354,0.0],[25.1432,70.538,0.0],[25.1479,70.5417,0.0],[25.1599,70.5422,0.0],[25.1589,70.5453,0.0],[25.1745,70.5484,0.0],[25.1792,70.5521,14.0289],[25.187,70.5526,0.0],[25.1901,70.5557,0.0],[25.1974,70.5568,0.0],[25.2021,70.5604,36.8511],[25.2208,70.5604,0.0],[25.2391,70.5651,0.0],[25.2359,70.5672,15.1287],[25.2411,70.5714,16.694],[25.238,70.5745,12.789],[25.2453,70.5755,0.0],[25.2443,70.5787,4.6499],[25.2495,70.5839,7.0356],[25.2484,70.587,7.6372],[25.2505,70.5891,0.0],[25.2604,70.5917,5.5796],[25.2687,70.5896,0.0],[25.2729,70.5917,10.3785],[25.2833,70.5917,0.0],[25.2875,70.5938,0.0],[25.2938,70.5938,0.0],[25.2984,70.5974,17.5559],[25.3057,70.5984,0.0],[25.313,70.6036,16.0546],[25.3203,70.6047,0.0],[25.3255,70.6099,185.2076],[25.3349,70.6109,0.0],[25.3484,70.6224,47.4116],[25.3557,70.6234,0.0],[25.3578,70.6255,18.437],[25.3563,70.6271,61.3212],[25.3479,70.6271,0.0],[25.3417,70.625,75.7905],[25.338,70.6286,0.0],[25.3646,70.6354,0.0],[25.3708,70.6354,0.0],[25.3745,70.638,33.5253],[25.3651,70.6453,0.0],[25.3771,70.6458,0.0],[25.3813,70.6479,35.736],[25.3917,70.6479,0.0],[25.3984,70.6516,21.9859],[25.4057,70.6526,0.0],[25.4099,70.6578,0.0],[25.3964,70.6651,29.379],[25.3943,70.6682,0.0],[25.3964,70.6703,0.0],[25.4125,70.6687,0.0],[25.4167,70.6708,16.049],[25.425,70.6708,3.5945],[25.4292,70.6687,0.0],[25.4375,70.6687,0.0],[25.4417,70.6708,8.7415],[25.4583,70.6708,0.0],[25.4625,70.6729,0.0],[25.4688,70.6729,0.0],[25.4734,70.6766,0.0],[25.4807,70.6776,0.0],[25.5005,70.6932,2.4332],[25.5125,70.6937,0.0],[25.5182,70.6964,0.0],[25.5203,70.6995,0.0],[25.5172,70.7016,2.8919],[25.5234,70.7057,0.0],[25.5396,70.7063,23.8019],[25.5458,70.7042,0.0],[25.5521,70.7083,44.2473],[25.5625,70.7083,0.0],[25.5682,70.7109,0.0],[25.5734,70.7161,5.172],[25.5828,70.7172,0.0],[25.588,70.7224,18.8735],[25.5953,70.7234,0.0],[25.6021,70.7271,23.668],[25.6125,70.7271,0.0],[25.6229,70.7333,0.0],[25.6349,70.7338,0.0],[25.6318,70.737,0.0],[25.6354,70.7396,5.1971],[25.6599,70.7391,3.0077],[25.662,70.737,18.0004],[25.6609,70.7338,5.4014],[25.6641,70.7328,36.479],[25.662,70.7297,13.7354],[25.6589,70.7286,0.0],[25.6604,70.7271,0.0],[25.675,70.7271,0.0],[25.6818,70.7307,4.2103],[25.6891,70.7318,0.0],[25.6859,70.7349,17.008],[25.6911,70.7391,7.609],[25.688,70.7401,7.8242],[25.6891,70.7432,4.9025],[25.6839,70.7474,8.3288],[25.6911,70.7484,0.0],[25.688,70.7516,0.0],[25.6911,70.7526,0.0],[25.6932,70.7557,9.0791],[25.6875,70.7583,37.5986],[25.6755,70.7557,0.0],[25.6786,70.7526,9.7793],[25.6708,70.7479,0.0],[25.6672,70.7484,13.7396],[25.6682,70.7516,0.0],[25.6661,70.7536,0.0],[25.6604,70.7542,0.0],[25.6557,70.7505,65.4541],[25.6417,70.7479,30.8372],[25.6349,70.7443,23.5319],[25.625,70.7417,9.3615],[25.6167,70.7417,3.8181],[25.6109,70.7443,0.0],[25.612,70.7516,7.91],[25.6104,70.7521,0.0],[25.6042,70.75,4.8569],[25.5958,70.75,0.0],[25.5943,70.7516,0.0],[25.5964,70.7536,0.0],[25.6021,70.7542,0.0],[25.6078,70.7568,0.0],[25.6047,70.7599,0.304],[25.6109,70.7641,6.5618],[25.6182,70.7651,0.0],[25.6203,70.7682,0.0],[25.6172,70.7703,0.0],[25.6234,70.7745,0.0],[25.6333,70.7771,28.196],[25.6396,70.7771,0.0],[25.6437,70.7792,32.3268],[25.6729,70.7792,0.0],[25.6958,70.7854,0.0],[25.7104,70.7854,0.0],[25.712,70.7849,18.454],[25.7109,70.7818,0.0],[25.7146,70.7813,0.0],[25.7271,70.7854,0.0],[25.7438,70.7854,0.0],[25.7505,70.7891,14.2606],[25.7578,70.7901,0.0],[25.7641,70.7943,0.0],[25.7609,70.7974,23.7503],[25.7641,70.8016,0.0],[25.7589,70.8057,0.0],[25.7766,70.8193,0.0],[25.7734,70.8214,9.5992],[25.7745,70.8245,0.0],[25.7734,70.8266,16.3533],[25.7979,70.8271,0.0],[25.8021,70.8292,0.0],[25.8083,70.8292,0.0],[25.812,70.8318,0.0],[25.8089,70.8349,0.0],[25.8271,70.8354,0.0],[25.8328,70.838,13.9359],[25.8297,70.8411,0.0],[25.8625,70.8479,0.0],[25.8693,70.8516,52.746],[25.8766,70.8526,0.0],[25.8813,70.8562,0.0],[25.8958,70.8583,0.0],[25.8974,70.8599,0.0],[25.8943,70.862,17.3133],[25.9,70.8646,17.443],[25.9057,70.8651,0.0],[25.9026,70.8682,24.0354],[25.9057,70.8693,9.0206],[25.9078,70.8724,0.0],[25.9021,70.875,0.0],[25.8875,70.8708,100.6549],[25.875,70.8708,0.0],[25.8625,70.8667,39.2929],[25.8563,70.8688,0.0],[25.8479,70.8667,18.1268],[25.8438,70.8688,0.0],[25.8297,70.8693,0.0],[25.8333,70.8729,0.0],[25.8458,70.8729,0.0],[25.8557,70.8755,0.0],[25.863,70.8807,0.0],[25.8703,70.8818,0.0],[25.887,70.8953,0.0],[25.8813,70.8979,16.0648],[25.875,70.8958,17.3785],[25.8542,70.8958,2.4351],[25.8526,70.8974,0.0],[25.8583,70.8979,0.0],[25.8599,70.8995,0.0],[25.8542,70.9021,17.2191],[25.8458,70.9021,0.0],[25.8417,70.9,52.0926],[25.8188,70.9,46.3132],[25.8146,70.8979,85.6223],[25.7896,70.8979,0.0],[25.7833,70.8938,6.103],[25.7646,70.8938,0.0],[25.7599,70.8901,0.0],[25.7526,70.8891,1.7336],[25.7464,70.8849,0.0],[25.7495,70.8828,0.0],[25.7484,70.8797,0.0],[25.7495,70.8776,0.0],[25.7443,70.8714,0.0],[25.7495,70.8672,0.0],[25.7438,70.8667,0.0],[25.7333,70.8625,0.0],[25.7297,70.8662,0.0],[25.7391,70.8745,0.0],[25.7333,70.8771,0.0],[25.7255,70.8776,83.6621],[25.7266,70.8849,0.0],[25.7188,70.8854,22.5056],[25.7146,70.8875,0.0],[25.6958,70.8875,90.3837],[25.6922,70.8901,0.6413],[25.7021,70.8938,46.2872],[25.7141,70.8943,0.0],[25.713,70.8974,0.0],[25.7141,70.8995,0.0],[25.7109,70.9005,0.0],[25.712,70.9036,0.0],[25.7099,70.9057,0.0],[25.6958,70.9063,128.439],[25.6875,70.9104,6.1424],[25.6839,70.9099,0.0],[25.6792,70.9063,127.7827],[25.6667,70.9063,126.6394],[25.6625,70.9042,159.4369],[25.6542,70.9042,121.4509],[25.65,70.9063,0.0],[25.6292,70.9063,47.2536],[25.6229,70.9042,172.7989],[25.6187,70.9063,52.5494],[25.6042,70.9063,0.0],[25.6,70.9042,33.0007],[25.5922,70.9036,0.0],[25.5901,70.9005,0.0],[25.5932,70.8984,62.5523],[25.5891,70.8964,69.1935],[25.5776,70.8974,0.0],[25.5755,70.8953,0.0],[25.5786,70.8932,0.0],[25.5771,70.8917,0.0],[25.5568,70.8912,0.0],[25.5661,70.888,0.0],[25.5578,70.8818,240.8619],[25.5438,70.8792,16.4886],[25.537,70.8755,0.0],[25.5297,70.8745,0.0],[25.5328,70.8714,42.5891],[25.5172,70.8703,0.0],[25.5083,70.8625,0.0],[25.4979,70.8625,2.1513],[25.4964,70.8641,8.7357],[25.5078,70.8714,0.0],[25.512,70.8766,0.0],[25.5063,70.8792,10.7854],[25.4964,70.8786,0.0],[25.4911,70.8734,25.373],[25.488,70.8724,0.0],[25.4911,70.8693,7.879],[25.4755,70.8662,0.0],[25.463,70.8578,0.0],[25.4589,70.8536,0.0],[25.462,70.8505,10.5401],[25.4526,70.8495,1.5473],[25.4479,70.8458,1.8318],[25.4396,70.8458,5.3659],[25.438,70.8464,0.0],[25.4391,70.8495,0.0],[25.4359,70.8516,3.3223],[25.4474,70.8599,0.0],[25.4208,70.8604,12.131],[25.4167,70.8625,0.0],[25.4104,70.8625,2.5588],[25.4089,70.8641,0.0],[25.4208,70.8646,0.0],[25.4255,70.8682,11.9035],[25.4349,70.8693,0.0],[25.4396,70.8729,0.0],[25.45,70.8729,0.0],[25.4542,70.875,0.0],[25.4688,70.8771,0.0],[25.4734,70.8807,0.0],[25.4813,70.8812,0.0],[25.4859,70.8849,0.0],[25.4932,70.8859,0.0],[25.5021,70.8917,0.0],[25.5125,70.8938,0.0],[25.5187,70.8917,0.0],[25.5255,70.8953,0.0],[25.5328,70.8964,0.0],[25.5297,70.8984,0.0],[25.5318,70.9016,0.0],[25.5349,70.9026,0.0],[25.5401,70.9078,0.0],[25.5516,70.912,0.0],[25.5354,70.9208,19.9776],[25.5229,70.9208,145.5152],[25.5187,70.9229,25.326],[25.5109,70.9234,0.0],[25.5068,70.9255,8.9906],[25.5099,70.9287,6.2577],[25.5005,70.9297,130.911],[25.5036,70.9349,0.0],[25.4813,70.9375,23.5121],[25.4703,70.9432,0.0],[25.4609,70.9443,19.504],[25.4578,70.9474,0.0],[25.4484,70.9484,0.0],[25.4516,70.9537,0.0],[25.4422,70.9547,110.5556],[25.4401,70.9568,67.661],[25.4411,70.9599,0.0],[25.4396,70.9604,0.0],[25.4333,70.9604,26.9331],[25.4292,70.9625,5.7439],[25.4167,70.9625,108.1661],[25.4125,70.9646,0.0],[25.4042,70.9625,127.2511],[25.3896,70.9667,56.0458],[25.3833,70.9667,147.2718],[25.3792,70.9688,0.0],[25.3667,70.9688,0.0],[25.3651,70.9703,2.2539],[25.3729,70.9708,0.0],[25.3745,70.9724,0.0],[25.3646,70.9729,19.4718],[25.3583,70.9708,181.0915],[25.3542,70.9729,196.2692],[25.3464,70.9734,197.6932],[25.3474,70.9766,83.4068],[25.3458,70.9771,71.6111],[25.3187,70.9771,22.8878],[25.313,70.9745,75.1703],[25.3057,70.9672,76.648],[25.3026,70.9661,0.0],[25.3042,70.9646,104.8606],[25.312,70.9641,242.5498],[25.3078,70.9589,280.0072],[25.3026,70.9557,51.9087],[25.3099,70.9516,212.5485],[25.3068,70.9484,0.0],[25.3161,70.9474,178.6623],[25.3151,70.9443,59.7461],[25.3182,70.9422,87.0269],[25.3151,70.9401,4.4573],[25.3193,70.938,0.0],[25.3333,70.9375,16.5249],[25.3432,70.9328,0.0],[25.3464,70.9297,5.0969],[25.362,70.9224,36.0328],[25.3641,70.9203,0.0],[25.363,70.9172,0.0],[25.3849,70.9057,4.1209],[25.3818,70.9026,0.0],[25.3875,70.9,0.0],[25.3953,70.8995,9.586],[25.388,70.8922,0.0],[25.3953,70.8891,3.7687],[25.3922,70.8859,0.0],[25.3953,70.8839,6.9462],[25.388,70.8828,10.201599999999999],[25.3807,70.8776,31.0714],[25.3708,70.875,26.9245],[25.3646,70.8771,0.0],[25.3609,70.8766,3.6785],[25.3589,70.8745,6.1618],[25.3599,70.8714,1.4161],[25.3526,70.8703,0.0],[25.3583,70.8667,0.0],[25.3661,70.8662,0.0],[25.3599,70.8609,0.0],[25.35,70.8604,38.9981],[25.3458,70.8625,24.5432],[25.3297,70.862,41.861],[25.3328,70.8588,26.5811],[25.3297,70.8568,0.0],[25.3375,70.8562,0.0],[25.3417,70.8542,0.0],[25.3542,70.8542,0.0],[25.3641,70.8484,0.0],[25.3547,70.8474,0.0],[25.3391,70.8339,0.0],[25.3297,70.8328,0.0],[25.3255,70.8287,0.0],[25.3286,70.8255,3.0418],[25.3255,70.8234,0.0],[25.3328,70.8193,0.0],[25.3245,70.813,0.0],[25.3193,70.813,93.1371],[25.3203,70.8161,0.0],[25.3016,70.8266,0.0],[25.2854,70.8271,0.0],[25.2818,70.8245,0.0],[25.2849,70.8214,12.4766],[25.2703,70.8109,5.3365],[25.2604,70.8104,8.7613],[25.2563,70.8125,6.3835],[25.2417,70.8125,0.0],[25.237,70.8089,0.0],[25.2333,70.8083,0.0],[25.2318,70.8099,0.0],[25.2359,70.8141,0.0],[25.2453,70.8151,0.0],[25.2422,70.8182,1.1241],[25.2479,70.8187,0.0],[25.2536,70.8214,0.0],[25.2505,70.8245,0.0],[25.2536,70.8287,0.0],[25.2359,70.8318,193.8294],[25.237,70.8349,112.4015],[25.2339,70.8359,77.6309],[25.2354,70.8375,53.1984],[25.2411,70.838,0.0],[25.2401,70.8411,0.0],[25.2432,70.8443,0.0],[25.238,70.8484,21.2611],[25.2391,70.8516,1.1939],[25.2318,70.8547,14.4161],[25.237,70.8588,0.0],[25.2339,70.8609,0.0],[25.2349,70.8641,0.0],[25.2255,70.8693,106.5713],[25.2266,70.8724,25.9046],[25.2172,70.8734,37.4802],[25.2151,70.8755,18.0451],[25.2161,70.8786,8.5977],[25.2089,70.8818,39.3541],[25.212,70.8839,0.0],[25.2089,70.8859,25.0154],[25.2099,70.8891,0.0],[25.2042,70.8917,52.5558],[25.1984,70.8922,55.881],[25.1995,70.8953,18.4585],[25.1896,70.9,80.1203],[25.1568,70.9005,0.0],[25.1526,70.9036,28.2898],[25.1557,70.9047,2.0888],[25.1578,70.9078,15.0666],[25.1484,70.9089,89.5277],[25.1495,70.912,0.0],[25.1474,70.9141,0.0],[25.138,70.9151,82.8535],[25.1391,70.9182,0.0],[25.1333,70.9208,27.671],[25.1255,70.9213,106.93],[25.1208,70.925,74.6104],[25.1068,70.9224,0.0],[25.1021,70.9187,-1.5],[25.0938,70.9208,14.9979],[25.0625,70.9083,69.7075],[25.0505,70.9078,27.9492],[25.0443,70.9036,0.0],[25.0474,70.9016,25.0026],[25.0453,70.8984,36.4771],[25.0255,70.8932,0.0],[25.0203,70.888,0.0],[25.0172,70.887,0.0],[25.0151,70.8839,0.0],[25.0182,70.8818,15.2285],[25.013,70.8786,0.0],[25.0161,70.8755,0.0],[25.0125,70.875,0.0],[25.0063,70.8771,0.0],[24.9964,70.8745,0.0],[24.9875,70.8688,4.888],[24.9813,70.8708,0.0],[24.975,70.8708,2.0613],[24.9708,70.8729,0.0],[24.9458,70.8729,0.0],[24.9443,70.8734,0.0],[24.9453,70.8766,0.0],[24.9432,70.8786,0.0],[24.9375,70.8812,0.0],[24.9292,70.8792,77.5044],[24.925,70.8812,0.0],[24.9172,70.8818,0.0],[24.9188,70.8833,0.0],[24.9307,70.8839,0.0],[24.9401,70.8912,0.0],[24.9458,70.8917,0.0],[24.9516,70.8943,0.0],[24.9589,70.9016,9.9009],[24.9682,70.9026,0.0],[24.9797,70.912,8.1885],[24.9932,70.913,0.0],[25.0026,70.9203,0.0],[25.0146,70.9208,0.0],[25.0203,70.9234,0.0],[25.0172,70.9266,51.6351],[25.0292,70.9271,0.0],[25.037,70.9318,0.0],[25.0339,70.9339,0.0],[25.037,70.938,0.0],[25.036,70.9412,63.1291],[25.0432,70.9422,0.0],[25.0401,70.9453,82.6601],[25.0474,70.9464,0.0],[25.0464,70.9495,26.659],[25.0474,70.9516,21.3681],[25.0339,70.9589,0.0],[25.0349,70.962,0.0],[25.0229,70.9688,0.0],[25.0167,70.9688,84.3933],[25.0083,70.9729,89.2716],[25.0021,70.9708,117.2981],[24.9875,70.9708,75.1881],[24.9833,70.9729,22.4809],[24.9589,70.9724,26.5828],[24.962,70.9703,67.747],[24.9609,70.9672,13.3762],[24.9641,70.9651,32.6831],[24.9589,70.962,0.0],[24.962,70.9589,76.0158],[24.9578,70.9547,83.5125],[24.9484,70.9537,0.0],[24.9516,70.9505,70.1349],[24.9328,70.9359,39.8784],[24.9276,70.9359,1.3665],[24.9286,70.9391,0.0],[24.925,70.9396,0.0],[24.9203,70.9359,0.0],[24.9146,70.9354,0.0],[24.9089,70.9328,0.0],[24.9104,70.9313,0.0],[24.9229,70.9313,20.4065],[24.9339,70.9255,0.0],[24.9432,70.9245,9.885],[24.9411,70.9213,0.0],[24.9354,70.9187,9.9268],[24.925,70.9167,10.7715],[24.9208,70.9187,0.0],[24.9146,70.9187,49.967],[24.9063,70.9229,0.0],[24.8984,70.9234,86.4484],[24.8964,70.9255,0.0],[24.8974,70.9287,0.0],[24.8937,70.9292,13.5662],[24.8896,70.9271,38.9795],[24.8693,70.9266,0.0],[24.8672,70.9245,0.0],[24.8703,70.9224,0.0],[24.8688,70.9208,21.4297],[24.8583,70.9208,0.0],[24.8438,70.9167,0.0],[24.8354,70.9167,8.4023],[24.8292,70.9187,0.0],[24.8167,70.9146,0.0],[24.8083,70.9146,0.0],[24.8026,70.9172,0.0],[24.8047,70.9203,0.0],[24.85,70.9208,0.0],[24.8516,70.9224,0.0],[24.8458,70.925,0.0],[24.838,70.9255,0.0],[24.8391,70.9328,0.0],[24.8333,70.9354,0.0],[24.8255,70.9359,134.2153],[24.8266,70.9391,0.0],[24.8172,70.9401,194.9074],[24.8203,70.9432,0.0],[24.8,70.9437,267.5501],[24.7854,70.9479,17.571],[24.7792,70.9479,187.3693],[24.7734,70.9516,13.7637],[24.7828,70.9526,0.0],[24.7797,70.9547,0.0],[24.7807,70.9578,2.8676],[24.775,70.9604,40.8935],[24.7568,70.963,25.2879],[24.7641,70.9693,0.0],[24.7609,70.9724,5.7791],[24.7641,70.9734,0.0],[24.7703,70.9797,13.7751],[24.7693,70.9828,3.8698],[24.7703,70.9849,0.0],[24.7672,70.986,20.7863],[24.7682,70.9891,10.4295],[24.7396,70.9896,0.0],[24.7359,70.987,13.3509],[24.737,70.9838,19.926],[24.7188,70.9792,105.9446],[24.7125,70.9812,216.4952],[24.7042,70.9812,0.0],[24.6984,70.9786,0.0],[24.6849,70.9672,138.0387],[24.6729,70.9646,0.0],[24.6714,70.9651,0.0],[24.6724,70.9682,0.0],[24.6693,70.9703,40.8312],[24.6745,70.9734,0.0],[24.6786,70.9786,33.133],[24.6714,70.9828,156.2565],[24.6771,70.9854,0.0],[24.6911,70.988,0.0],[24.6891,70.9912,31.7091],[24.6813,70.9917,18.145],[24.6797,70.9932,0.0],[24.6953,70.9964,0.0],[24.6922,70.9984,0.0],[24.6938,71.0,5.4853],[24.6979,71.0,25.9611],[24.7021,70.9979,0.0],[24.7104,70.9979,0.0],[24.712,70.9995,0.0],[24.7042,71.0,14.4221],[24.7,71.0021,23.0845],[24.6854,71.0021,5.8233],[24.6792,71.0,109.2854],[24.6646,71.0042,0.0],[24.6583,71.0042,40.8369],[24.6516,71.0078,31.8807],[24.6437,71.0083,91.6369],[24.6396,71.0104,97.0463],[24.6146,71.0104,223.8461],[24.6104,71.0125,223.3753],[24.5979,71.0125,227.1099],[24.5896,71.0167,101.5175],[24.5771,71.0167,246.3442],[24.5729,71.0188,252.2321],[24.5646,71.0188,239.051],[24.5599,71.0151,266.0027],[24.5505,71.0141,94.7117],[24.5484,71.0109,119.6787],[24.5563,71.0104,161.6301],[24.5646,71.0062,0.0],[24.5708,71.0062,0.0],[24.5792,71.0021,0.0],[24.5854,71.0021,48.5506],[24.5896,71.0,0.0],[24.6,71.0,23.1792],[24.6083,70.9958,0.0],[24.6161,70.9953,1.6321],[24.6203,70.9922,0.0],[24.6172,70.9891,0.0],[24.6182,70.9859,150.3177],[24.6047,70.9849,0.0],[24.6078,70.9828,50.302],[24.6057,70.9797,255.2701],[24.5979,70.9792,274.629],[24.5854,70.975,295.2339],[24.5792,70.9771,198.9397],[24.5708,70.9771,0.0],[24.5667,70.975,173.7952],[24.5521,70.9729,266.5304],[24.5422,70.9661,9.4026],[24.5401,70.963,0.0],[24.5563,70.9646,0.0],[24.5625,70.9625,0.0],[24.5688,70.9646,24.044],[24.5771,70.9604,0.0],[24.5833,70.9625,7.762],[24.625,70.9625,0.0],[24.6266,70.962,0.0],[24.6255,70.9589,0.0],[24.6266,70.9568,106.9487],[24.6167,70.9542,197.9822],[24.6083,70.9563,26.4202],[24.6042,70.9542,181.5134],[24.5938,70.9542,158.0832],[24.5896,70.9521,174.8308],[24.5729,70.9521,166.879],[24.5667,70.9542,126.6556],[24.5625,70.9521,178.5652],[24.5521,70.9521,186.5397],[24.5479,70.95,94.1634],[24.5438,70.95,35.2725],[24.5422,70.9484,0.0],[24.5516,70.9422,9.2159],[24.5484,70.9391,156.4679],[24.5495,70.9359,97.541],[24.5438,70.9354,0.0],[24.5422,70.9339,0.0],[24.5536,70.9287,11.9385],[24.5505,70.9255,57.0959],[24.5563,70.9229,7.9987],[24.5641,70.9224,65.8071],[24.563,70.9193,0.0],[24.5646,70.9187,0.0],[24.5854,70.9187,0.0],[24.5896,70.9208,19.9834],[24.5979,70.9208,25.7687],[24.6021,70.9187,0.0],[24.6099,70.9182,0.0],[24.6057,70.913,15.3565],[24.5979,70.9125,0.0],[24.5932,70.9089,53.0074],[24.5859,70.9078,7.3895],[24.5901,70.9047,111.6714],[24.5938,70.9042,139.438],[24.5979,70.9063,113.6289],[24.625,70.9063,100.5298],[24.6307,70.9036,233.2505],[24.6292,70.9021,236.6947],[24.6104,70.9021,321.4616],[24.6042,70.9,335.6111],[24.6,70.9021,313.2102],[24.5812,70.9021,210.8877],[24.5797,70.9036,176.9658],[24.5828,70.9057,75.1809],[24.575,70.9083,17.643],[24.5708,70.9063,37.5837],[24.5547,70.9036,59.949],[24.5526,70.9005,21.7255],[24.5583,70.8979,0.0],[24.5708,70.8979,4.2548],[24.5938,70.8917,0.0],[24.6063,70.8917,0.0],[24.6125,70.8896,0.0],[24.6188,70.8917,76.5548],[24.6333,70.8875,0.0],[24.6521,70.8875,1.5881],[24.6563,70.8854,0.0],[24.6641,70.8849,0.0],[24.675,70.8792,0.0],[24.6813,70.8792,0.0],[24.6938,70.875,0.0],[24.7016,70.8745,0.0],[24.6995,70.8714,0.0],[24.6896,70.8688,0.0],[24.6688,70.8688,6.4922],[24.6646,70.8708,0.0],[24.6313,70.8708,41.2641],[24.6271,70.8729,12.7425],[24.6188,70.8729,16.6095],[24.6141,70.8693,203.7965],[24.6104,70.8688,191.067],[24.6063,70.8708,10.7405],[24.6,70.8708,62.0423],[24.5938,70.8729,0.0],[24.587,70.8672,0.8644],[24.5776,70.8662,4.7389],[24.5703,70.8588,146.06],[24.5672,70.8578,40.0979],[24.5745,70.8536,13.7453],[24.5714,70.8484,0.0],[24.5771,70.8479,66.5583],[24.5828,70.8453,2.9348],[24.5818,70.8422,11.4685],[24.5849,70.8401,34.2553],[24.5797,70.8359,0.0],[24.5875,70.8354,0.0],[24.5932,70.8318,41.9621],[24.5875,70.8271,83.1409],[24.5812,70.8292,24.778199999999998],[24.5708,70.8292,0.0],[24.5672,70.8255,0.0],[24.5729,70.8229,0.0],[24.5917,70.8229,9.4152],[24.5958,70.8208,0.0],[24.6161,70.8203,19.5437],[24.6151,70.8172,0.0],[24.6245,70.8161,53.1429],[24.6214,70.8141,0.0],[24.6245,70.8109,16.4215],[24.6214,70.8078,0.0],[24.6224,70.8047,0.0],[24.6193,70.8005,0.0],[24.6266,70.7963,28.352],[24.6208,70.7937,0.0],[24.6068,70.7911,0.0],[24.5974,70.7839,6.4747],[24.5938,70.7833,11.2994],[24.5896,70.7854,8.9432],[24.5714,70.788,16.9928],[24.5693,70.7901,2.8921],[24.5703,70.7932,0.0],[24.5646,70.7958,20.7529],[24.5521,70.7958,7.3444],[24.5479,70.7979,0.0],[24.5401,70.7984,44.2227],[24.5333,70.8021,2.3192],[24.5276,70.8026,38.7896],[24.5083,70.8125,17.4964],[24.4896,70.8125,120.9093],[24.4833,70.8167,20.0914],[24.4708,70.8167,113.6166],[24.4667,70.8187,47.0881],[24.4583,70.8187,52.0224],[24.4521,70.8167,77.0858],[24.4297,70.8276,0.0],[24.437,70.8339,0.0],[24.4339,70.837,0.0],[24.4432,70.838,0.0],[24.4453,70.8411,0.0],[24.4359,70.8422,12.3834],[24.425,70.8479,0.0],[24.4188,70.8458,18.8814],[24.4104,70.8458,25.5155],[24.4063,70.8479,4.2398],[24.4,70.8458,0.0],[24.3964,70.8464,0.0],[24.3922,70.8484,0.0],[24.3932,70.8557,0.0],[24.3901,70.8578,11.7049],[24.3974,70.8588,0.0],[24.4016,70.862,0.0],[24.3917,70.8667,0.0],[24.3646,70.8708,54.9582],[24.3563,70.875,21.2129],[24.3479,70.875,52.4753],[24.325,70.8667,159.8026],[24.3109,70.8662,0.0],[24.3141,70.8641,8.6264],[24.313,70.8609,0.0],[24.3203,70.8578,0.0],[24.3224,70.8547,0.0],[24.3125,70.8542,6.0746],[24.3109,70.8547,23.9397],[24.312,70.8578,0.0],[24.3021,70.8583,72.3643],[24.3005,70.8568,188.6878],[24.3036,70.8557,94.2686],[24.3021,70.8542,181.2684],[24.2917,70.8542,284.2698],[24.2875,70.8521,294.7021],[24.2771,70.8521,96.1688],[24.2687,70.8479,203.0073],[24.2583,70.8479,10.0912],[24.2484,70.8411,107.4199],[24.2422,70.8339,17.5622],[24.2526,70.8276,0.0],[24.2604,70.8271,55.4876],[24.2661,70.8245,31.7353],[24.2651,70.8172,16.8304],[24.2724,70.8141,0.0],[24.2714,70.8109,0.0],[24.2745,70.8089,20.3396],[24.2714,70.8068,0.0],[24.2745,70.8047,61.6454],[24.2589,70.8016,8.179],[24.2484,70.7932,0.0],[24.2536,70.788,37.4766],[24.2464,70.787,0.0],[24.2495,70.7849,7.1581],[24.2484,70.7818,7.2442],[24.2516,70.7797,28.2652],[24.2484,70.7786,37.819],[24.2464,70.7755,0.0],[24.2521,70.7729,0.0],[24.2599,70.7724,16.9948],[24.2667,70.7688,0.0],[24.2854,70.7688,56.9847],[24.2917,70.7667,0.0],[24.2979,70.7688,63.9218],[24.3021,70.7667,0.0],[24.3083,70.7667,0.0],[24.3188,70.7604,0.0],[24.3224,70.7609,0.0],[24.3271,70.7646,0.0],[24.3625,70.7646,64.9461],[24.3724,70.7609,2.462],[24.3703,70.7589,11.2471],[24.363,70.7578,15.8075],[24.3609,70.7547,19.2671],[24.3672,70.7505,0.0],[24.375,70.75,53.5865],[24.3792,70.7479,0.0],[24.3854,70.75,77.5168],[24.3917,70.7479,0.0],[24.4,70.7479,0.0],[24.4042,70.75,43.9268],[24.4125,70.75,45.1872],[24.4271,70.7458,0.0],[24.4813,70.7458,0.0],[24.4875,70.7479,11.8261],[24.4917,70.7458,0.0],[24.5125,70.7458,0.0],[24.5271,70.75,0.0],[24.537,70.7443,0.0],[24.5276,70.7432,0.0],[24.5307,70.7401,7.222],[24.5255,70.7349,0.0],[24.5266,70.7318,0.0],[24.5208,70.7312,0.0],[24.5193,70.7297,0.0],[24.5271,70.7292,33.3574],[24.5286,70.7276,55.9143],[24.5234,70.7245,21.745],[24.5214,70.7214,0.0],[24.5292,70.7208,10.1067],[24.5375,70.7167,0.0],[24.5438,70.7188,44.098],[24.5521,70.7188,54.5792],[24.5563,70.7167,0.0],[24.5703,70.7161,0.0],[24.5682,70.713,3.8906],[24.5625,70.7104,46.4038],[24.5458,70.7104,67.8522],[24.5422,70.7078,0.0],[24.5438,70.7063,0.0],[24.55,70.7063,36.3491],[24.5542,70.7042,0.0],[24.5771,70.7063,4.8726],[24.5807,70.7089,0.0],[24.5776,70.712,0.0],[24.5896,70.7125,4.7733],[24.5958,70.7083,0.0],[24.6021,70.7083,0.0],[24.6063,70.7063,0.0],[24.6125,70.7063,33.2801],[24.6167,70.7042,0.0],[24.6349,70.7016,19.3324],[24.637,70.6995,20.9528],[24.6359,70.6964,0.0],[24.6391,70.6943,17.733],[24.6354,70.6937,13.4162],[24.6313,70.6958,0.0],[24.6167,70.6958,10.2953],[24.6026,70.6911,17.028],[24.5984,70.6859,0.0],[24.6042,70.6833,0.0],[24.6182,70.6828,35.5364],[24.6203,70.6807,23.6284],[24.6193,70.6776,0.0],[24.6307,70.6724,22.5033],[24.6339,70.6693,0.0],[24.6422,70.6651,0.0],[24.65,70.6646,0.0],[24.6557,70.662,5.9342],[24.662,70.6578,40.5276],[24.6609,70.6547,14.8036],[24.6688,70.6542,60.0697],[24.6745,70.6516,37.8885],[24.6776,70.6484,0.0],[24.6849,70.6453,17.6536],[24.6776,70.638,0.0],[24.6833,70.6354,0.0],[24.6911,70.6349,0.0],[24.6953,70.6318,0.0],[24.6875,70.6271,0.0],[24.6771,70.6271,0.0],[24.6672,70.6245,0.0],[24.663,70.6224,0.0],[24.6661,70.6193,4.7903],[24.6625,70.6167,9.7815],[24.6542,70.6188,0.0],[24.6479,70.6146,3.6079],[24.6292,70.6146,0.0],[24.625,70.6125,10.0119],[24.6167,70.6125,16.2303],[24.5964,70.6234,17.542],[24.5932,70.6266,0.0],[24.5839,70.6276,0.0],[24.5651,70.638,11.5285],[24.5682,70.6432,0.0],[24.5646,70.6458,0.0],[24.5568,70.6464,25.8995],[24.5578,70.6495,0.0],[24.55,70.65,0.0],[24.5458,70.6521,0.0],[24.5333,70.6521,42.8889],[24.5318,70.6536,17.5407],[24.5349,70.6557,0.0],[24.5333,70.6563,0.0],[24.5208,70.6563,36.26],[24.5125,70.6604,11.3003],[24.5,70.6604,45.1373],[24.4917,70.6646,0.0],[24.4776,70.6651,21.5368],[24.4714,70.6693,13.4586],[24.4766,70.6766,0.0],[24.4693,70.6776,15.3145],[24.4583,70.6833,0.0],[24.45,70.6833,4.094],[24.4458,70.6813,0.0],[24.4063,70.6813,0.0],[24.4047,70.6818,0.0],[24.4057,70.6849,0.0],[24.4042,70.6854,0.0],[24.3833,70.6833,0.0],[24.3792,70.6854,5.5815],[24.3526,70.6859,0.0],[24.3547,70.6891,0.0],[24.3604,70.6896,0.0],[24.3661,70.6922,0.0],[24.3646,70.6937,10.6954],[24.3458,70.6917,0.0],[24.3443,70.6901,0.0],[24.3474,70.688,21.9406],[24.3292,70.6833,0.0],[24.3146,70.6896,0.0],[24.2958,70.6854,0.0],[24.2943,70.6849,0.0],[24.2953,70.6818,0.0],[24.2818,70.6807,0.0],[24.2693,70.6703,0.0],[24.2807,70.6641,0.0],[24.2828,70.6609,0.0],[24.2807,70.6589,6.9215],[24.2687,70.6583,94.7797],[24.2625,70.6563,207.1054],[24.2583,70.6583,183.1197],[24.2521,70.6583,159.3755],[24.2458,70.6604,46.0951],[24.2422,70.6578,22.4832],[24.2453,70.6547,113.631],[24.2422,70.6536,62.3708],[24.2401,70.6505,10.0847],[24.2432,70.6484,72.367],[24.2297,70.637,16.5892],[24.2313,70.6354,0.0],[24.2391,70.6349,9.7323],[24.2339,70.6307,34.5542],[24.237,70.6286,68.5516],[24.2339,70.6245,16.6278],[24.2349,70.6214,48.5934],[24.2276,70.6141,0.0],[24.2328,70.6088,0.0],[24.2255,70.6078,0.0],[24.2271,70.6062,0.0],[24.2333,70.6062,0.0],[24.2391,70.6036,3.9951],[24.237,70.6005,0.0],[24.2188,70.6,4.9496],[24.2146,70.6021,0.0],[24.1984,70.6016,15.771],[24.2,70.6,0.0],[24.2078,70.5995,158.9023],[24.212,70.5964,377.6568],[24.2083,70.5958,353.4956],[24.2021,70.5979,98.8374],[24.2005,70.5964,141.927],[24.2036,70.5943,299.3548],[24.1813,70.5917,0.0],[24.1797,70.5901,0.0],[24.1828,70.588,107.667],[24.1693,70.587,19.8344],[24.1672,70.5839,0.0],[24.1703,70.5818,51.7564],[24.1672,70.5807,0.0],[24.1578,70.5714,0.0],[24.1484,70.5703,0.0],[24.1437,70.5667,7.5449],[24.1333,70.5667,0.0],[24.1286,70.563,22.7066],[24.1229,70.5625,0.0],[24.1172,70.5599,5.9023],[24.1141,70.5568,23.02],[24.1068,70.5557,0.0],[24.1026,70.5516,0.0],[24.1057,70.5484,22.9746],[24.1,70.5458,27.302],[24.0943,70.5453,17.0865],[24.0974,70.5422,128.6843],[24.0943,70.538,32.5222],[24.0979,70.5354,8.2187],[24.1146,70.5333,0.0],[24.1188,70.5313,8.6006],[24.1396,70.5333,13.8772],[24.1411,70.5328,18.8448],[24.1401,70.5297,0.0],[24.1542,70.525,0.0],[24.1792,70.525,3.5033],[24.1807,70.5245,0.0],[24.1797,70.5214,0.0],[24.1813,70.5208,0.0],[24.1875,70.5208,0.0],[24.1917,70.5188,0.0],[24.2042,70.5188,33.653],[24.2167,70.5146,0.0],[24.2292,70.5146,24.598],[24.2375,70.5104,0.0],[24.2557,70.5078,32.4046],[24.2526,70.5047,0.0],[24.2604,70.5042,10.4744],[24.262,70.5036,17.7064],[24.2609,70.5005,0.0],[24.2703,70.4995,24.6167],[24.2693,70.4964,0.0],[24.2714,70.4943,0.0],[24.2807,70.4932,30.6015],[24.2797,70.4901,0.0],[24.2891,70.4891,0.0],[24.3005,70.4818,0.0],[24.3083,70.4812,16.1266],[24.3141,70.4786,113.7287],[24.3089,70.4734,0.0],[24.3203,70.4672,25.6944],[24.3151,70.4641,11.0165],[24.3109,70.4589,0.0],[24.3182,70.4557,0.0],[24.3203,70.4526,0.0],[24.313,70.4516,0.0],[24.3099,70.4484,0.6311],[24.3063,70.4479,5.8717],[24.3021,70.45,0.0],[24.2958,70.45,17.9027],[24.2917,70.4521,0.0],[24.2771,70.4542,28.6978],[24.2714,70.4568,51.5196],[24.2724,70.4599,0.0],[24.2693,70.462,0.0],[24.2745,70.4651,0.0],[24.2786,70.4703,0.0],[24.2755,70.4714,0.0],[24.2766,70.4745,0.0],[24.2745,70.4766,0.0],[24.2687,70.4792,0.0],[24.25,70.4792,13.3618],[24.2438,70.4812,6.231],[24.2396,70.4792,61.3289],[24.225,70.4792,11.9777],[24.2234,70.4797,0.0],[24.2245,70.4828,0.0],[24.2224,70.4849,5.1521],[24.2146,70.4854,14.8622],[24.2104,70.4875,0.0],[24.2042,70.4854,27.6677],[24.1958,70.4854,10.4318],[24.1896,70.4875,0.0],[24.1833,70.4854,13.4002],[24.1792,70.4875,0.0],[24.1708,70.4875,0.0],[24.1646,70.4854,36.451],[24.1604,70.4875,0.0],[24.1437,70.4896,0.0],[24.1396,70.4917,0.0],[24.1083,70.4917,18.0635],[24.0958,70.4958,0.0],[24.0792,70.4979,31.482],[24.0708,70.5021,0.0],[24.063,70.5026,14.5878],[24.0568,70.5068,0.0],[24.0578,70.5099,0.0],[24.0562,70.5104,0.0],[24.0438,70.5104,43.6769],[24.0396,70.5125,0.0],[24.025,70.5125,0.0],[24.0208,70.5104,22.7442],[23.9979,70.5104,0.0],[23.9896,70.5042,28.2999],[23.9813,70.5042,0.0],[23.9729,70.5083,30.7141],[23.9667,70.5083,47.5282],[23.9604,70.5104,6.3122],[23.9562,70.5083,87.8373],[23.9458,70.5083,0.0],[23.9417,70.5062,95.3108],[23.925,70.5062,0.0],[23.9161,70.5005,45.7263],[23.9042,70.5,0.0],[23.9,70.4979,35.2469],[23.8917,70.5,0.0],[23.8875,70.4979,35.0024],[23.8708,70.4979,0.0],[23.8646,70.4938,61.6],[23.8542,70.4938,5.6667],[23.85,70.4917,61.7738],[23.8438,70.4917,0.0],[23.8391,70.488,48.8268],[23.8234,70.4849,0.0],[23.8203,70.4818,15.3331],[23.813,70.4807,15.3475],[23.8141,70.4776,51.7366],[23.8125,70.4771,45.4049],[23.7964,70.4786,0.0],[23.7859,70.4682,0.0],[23.787,70.4651,3.4139],[23.7734,70.4641,0.0],[23.7807,70.4589,22.5049],[23.7786,70.4568,0.0],[23.7729,70.4563,0.0],[23.7714,70.4547,0.0],[23.775,70.4521,0.0],[23.7828,70.4516,0.0],[23.787,70.4484,0.0],[23.7687,70.4479,0.0],[23.7604,70.4417,63.4181],[23.7542,70.4417,4.3133],[23.7479,70.4396,21.1689],[23.7417,70.4417,0.0],[23.7292,70.4375,0.0],[23.725,70.4375,0.0],[23.7203,70.4339,11.2959],[23.713,70.4328,0.0],[23.7083,70.4292,89.1341],[23.6979,70.4292,0.0],[23.6938,70.4271,0.0],[23.6875,70.4271,0.0],[23.6807,70.4213,6.2367],[23.6672,70.4203,0.0],[23.6641,70.4172,10.449],[23.6568,70.4161,0.0],[23.6578,70.413,0.0],[23.6505,70.412,0.0],[23.6458,70.4083,25.3414],[23.6417,70.4083,114.1536],[23.6375,70.4063,213.1236],[23.6271,70.4063,29.1465],[23.6203,70.4005,0.0],[23.6109,70.3995,0.0],[23.6063,70.3958,68.7576],[23.6021,70.3958,7.8318],[23.5979,70.3938,52.2068],[23.5859,70.3932,0.0],[23.5786,70.3859,0.0],[23.5755,70.3849,0.0],[23.5828,70.3797,133.1478],[23.5729,70.3771,130.169],[23.5646,70.3792,0.0],[23.5547,70.3766,0.0],[23.5516,70.3734,34.5675],[23.5458,70.3729,19.7655],[23.5401,70.3703,5.7486],[23.537,70.3672,90.4679],[23.5313,70.3667,0.0],[23.5266,70.363,97.485],[23.5193,70.362,103.3606],[23.5224,70.3599,283.561],[23.5208,70.3583,309.0692],[23.5042,70.3583,0.0],[23.5026,70.3578,0.0],[23.5036,70.3547,43.7938],[23.5021,70.3542,81.5613],[23.4938,70.3562,0.0],[23.4896,70.3542,0.0],[23.4813,70.3542,0.0],[23.4797,70.3557,0.0],[23.4828,70.3578,0.0],[23.4776,70.3578,0.0],[23.4714,70.3526,0.0],[23.4745,70.3516,0.0],[23.4734,70.3484,0.0],[23.4828,70.3474,0.0],[23.4786,70.3422,111.4316],[23.4625,70.3396,0.0],[23.4557,70.3339,6.1637],[23.4401,70.3307,0.0],[23.4432,70.3276,66.1365],[23.4401,70.3255,0.0],[23.4432,70.3234,102.1072],[23.4328,70.313,41.7693],[23.4297,70.312,0.0],[23.4313,70.3104,0.0],[23.4521,70.3104,0.0],[23.4646,70.3146,0.0],[23.4807,70.3172,0.0],[23.4839,70.3203,0.0],[23.4911,70.3214,0.0],[23.4958,70.325,14.4033],[23.5021,70.3229,0.0],[23.5083,70.3229,0.0],[23.5099,70.3214,0.0],[23.5078,70.3193,11.3001],[23.5042,70.3187,5.1478],[23.4979,70.3208,0.0],[23.487,70.313,0.0],[23.4797,70.312,0.0],[23.4776,70.3089,0.0],[23.4807,70.3068,103.3725],[23.4688,70.3063,0.0],[23.4672,70.3047,0.0],[23.4766,70.3037,69.5427],[23.4734,70.3016,0.0],[23.475,70.3,0.0],[23.4938,70.3,0.0],[23.4979,70.2979,0.0],[23.5167,70.2979,14.4266],[23.5208,70.2958,0.0],[23.5286,70.2953,0.0],[23.5255,70.2922,0.0],[23.5349,70.2911,0.0],[23.5339,70.288,0.0],[23.537,70.287,0.0],[23.5328,70.2818,6.5458],[23.5104,70.2813,2.8826],[23.5063,70.2833,0.0],[23.4875,70.2833,40.3131],[23.4833,70.2854,0.0],[23.475,70.2854,0.0],[23.4688,70.2833,53.197],[23.4604,70.2875,0.0],[23.4417,70.2875,12.5975],[23.4375,70.2854,45.418],[23.4188,70.2854,19.3572],[23.4141,70.2818,90.9047],[23.3958,70.2771,195.4432],[23.3771,70.2813,0.0],[23.3693,70.2734,0.0],[23.3875,70.2708,20.7241],[23.3937,70.2667,0.0],[23.4,70.2667,0.0],[23.4042,70.2646,0.0],[23.4104,70.2646,0.0],[23.412,70.263,3.018],[23.4021,70.2625,0.0],[23.3958,70.2646,0.0],[23.3917,70.2625,45.258],[23.3833,70.2625,99.3856],[23.375,70.2667,0.0],[23.3646,70.2667,41.7216],[23.3583,70.2688,0.0],[23.3354,70.2625,0.0],[23.325,70.2625,0.0],[23.3203,70.2589,81.7521],[23.3104,70.2562,280.122],[23.3042,70.2583,63.7139],[23.2771,70.2583,0.0],[23.2672,70.2557,0.0],[23.2625,70.2521,108.192],[23.2443,70.2516,0.0],[23.2474,70.2495,0.0],[23.2464,70.2464,0.0],[23.2625,70.2438,33.6292],[23.2708,70.2396,0.0],[23.2854,70.2396,0.0],[23.2901,70.2432,15.615],[23.2938,70.2438,48.456],[23.3083,70.2396,0.0],[23.3167,70.2396,0.0],[23.3229,70.2417,16.4675],[23.3292,70.2396,0.0],[23.3354,70.2417,0.0],[23.3417,70.2396,0.0],[23.3458,70.2417,0.0],[23.3578,70.2422,0.0],[23.3547,70.2443,0.0],[23.3563,70.2458,8.9432],[23.3646,70.2458,0.0],[23.3688,70.2438,0.0],[23.3896,70.2438,0.0],[23.3958,70.2479,0.0],[23.4042,70.2479,0.0],[23.4083,70.2458,0.0],[23.4354,70.2458,0.0],[23.4417,70.2479,0.0],[23.4495,70.2422,0.0],[23.4229,70.2354,101.7539],[23.4063,70.2354,69.7397],[23.4047,70.2338,54.939],[23.4078,70.2318,57.1021],[23.4057,70.2297,35.915],[23.3979,70.2292,0.0],[23.3937,70.2271,3.9107],[23.3438,70.2271,0.0],[23.3375,70.2292,0.0],[23.3333,70.2271,3.7059],[23.3104,70.2271,0.0],[23.3063,70.225,4.8882],[23.2958,70.225,0.0],[23.2922,70.2224,0.0],[23.2953,70.2203,187.5181],[23.2938,70.2188,295.4437],[23.2708,70.2188,83.9915],[23.2646,70.2167,284.4225],[23.2604,70.2188,27.298],[23.2354,70.2188,7.4193],[23.2313,70.2208,0.0],[23.2042,70.2208,0.0],[23.1974,70.2151,0.0],[23.1839,70.2141,9.5791],[23.1854,70.2125,0.0],[23.1979,70.2125,43.8708],[23.2036,70.2099,7.0573],[23.2005,70.2078,0.0],[23.2036,70.2057,0.0],[23.2026,70.2026,0.0],[23.212,70.2016,62.0419],[23.2109,70.1984,0.0],[23.2151,70.1964,0.0],[23.2313,70.1937,40.7016],[23.238,70.1901,0.0],[23.2458,70.1896,53.5485],[23.25,70.1875,0.0],[23.2604,70.1875,23.8828],[23.275,70.1833,0.0],[23.2938,70.1833,15.743],[23.2979,70.1813,0.0],[23.3063,70.1833,30.9145],[23.3104,70.1813,0.0],[23.3312,70.1813,0.0],[23.3375,70.1833,0.0],[23.3438,70.1813,0.0],[23.3479,70.1833,0.0],[23.3521,70.1813,0.0],[23.3703,70.1787,0.0],[23.3688,70.1771,0.0],[23.3396,70.1771,0.0],[23.3349,70.1734,131.9976],[23.325,70.1708,287.3113],[23.3167,70.1708,241.1554],[23.3021,70.175,0.0],[23.2771,70.175,0.0],[23.2714,70.1724,16.3389],[23.2693,70.1693,0.0],[23.2786,70.1682,21.5826],[23.2776,70.1651,0.0],[23.2849,70.162,9.5037],[23.2833,70.1604,32.9323],[23.2714,70.1599,0.0],[23.2734,70.1568,0.0],[23.2875,70.1563,11.6599],[23.3026,70.1484,0.0],[23.3099,70.1474,30.3389],[23.3224,70.1412,18.7726],[23.3214,70.138,0.0],[23.3312,70.1354,0.0],[23.3438,70.1354,32.4292],[23.3453,70.1349,56.8758],[23.3443,70.1318,0.0],[23.362,70.1286,0.0],[23.3703,70.1245,0.0],[23.3693,70.1214,23.0477],[23.3766,70.1182,0.0],[23.3786,70.1151,0.0],[23.3651,70.1141,0.0],[23.3536,70.1026,0.0],[23.3438,70.1,0.0],[23.3401,70.1005,0.0],[23.3411,70.1036,0.0],[23.3396,70.1042,0.0],[23.3312,70.1021,10.7977],[23.3208,70.1062,1.355],[23.3193,70.1047,0.0],[23.3224,70.1026,3.1634],[23.3188,70.1,11.9445],[23.2979,70.1,9.1009],[23.2938,70.1021,5.5074],[23.2792,70.1021,0.0],[23.275,70.1,34.9056],[23.2687,70.1,52.0299],[23.2646,70.1021,0.0],[23.2313,70.1021,9.1693],[23.2271,70.1,66.1857],[23.2167,70.1,37.6497],[23.1958,70.0938,0.0],[23.1792,70.0938,0.0],[23.1667,70.0896,35.1957],[23.1583,70.0896,46.6059],[23.1521,70.0917,0.0],[23.1422,70.0891,15.8524],[23.1401,70.087,41.0192],[23.1453,70.0828,5.634],[23.1443,70.0797,0.0],[23.1536,70.0787,11.1158],[23.1578,70.0766,32.5715],[23.1568,70.0734,0.0],[23.1583,70.0729,0.0],[23.1688,70.0729,0.0],[23.1729,70.0708,0.0],[23.1807,70.0703,1.5398],[23.1849,70.0682,4.2159],[23.1839,70.0651,56.9984],[23.1958,70.0583,0.0],[23.2021,70.0583,65.3308],[23.2062,70.0563,3.6604],[23.2245,70.0537,22.3368],[23.2234,70.0505,17.5454],[23.2271,70.0479,0.0],[23.2333,70.0479,20.9086],[23.2417,70.0437,0.0],[23.2479,70.0437,0.0],[23.2604,70.0396,0.0],[23.2729,70.0396,48.2375],[23.2786,70.037,29.7275],[23.2776,70.0339,0.0],[23.2792,70.0333,0.0],[23.3021,70.0333,11.1471],[23.3063,70.0313,0.0],[23.3229,70.0292,69.8625],[23.3245,70.0286,129.9825],[23.3234,70.0255,0.0],[23.325,70.025,0.0],[23.3354,70.025,36.1081],[23.3396,70.0229,0.0],[23.3667,70.0229,16.6007],[23.3729,70.025,42.4727],[23.3792,70.0229,0.0],[23.3833,70.025,0.0],[23.4479,70.025,0.0],[23.4542,70.0271,9.8005],[23.4583,70.025,0.0],[23.4792,70.025,0.0],[23.4854,70.0271,58.4729],[23.4896,70.025,0.0],[23.5,70.025,0.0],[23.5042,70.0229,0.0],[23.512,70.0224,3.2549],[23.5307,70.012,116.4346],[23.5208,70.0083,87.9584],[23.5089,70.0078,21.5832],[23.512,70.0047,69.2207],[23.5083,70.0021,78.3381],[23.4979,70.0,29.9331],[23.4917,70.0021,0.0],[23.4818,69.9995,47.6628],[23.4797,69.9964,0.0],[23.4849,69.9922,0.0],[23.4745,69.9818,2.9838],[23.4583,69.9812,4.6564],[23.4521,69.9833,0.3346],[23.4396,69.9792,8.3081],[23.4292,69.9792,0.0],[23.425,69.9771,0.0],[23.4188,69.9792,0.0],[23.4104,69.9792,0.0],[23.4089,69.9776,0.0],[23.412,69.9755,1.1034],[23.4089,69.9724,0.0],[23.4099,69.9693,0.0],[23.4083,69.9688,0.0],[23.4021,69.9688,0.3352],[23.3911,69.9745,0.0],[23.3818,69.9755,0.0],[23.3776,69.9776,0.0],[23.3807,69.9797,0.0],[23.3792,69.9812,0.0],[23.3708,69.9812,0.16],[23.3646,69.9792,0.8976],[23.3604,69.9812,0.0],[23.3396,69.9812,2.7599],[23.3297,69.9786,0.0],[23.325,69.975,21.5212],[23.3104,69.975,65.1631],[23.3047,69.9776,14.7745],[23.3026,69.9797,34.3804],[23.3036,69.9828,8.2728],[23.2979,69.9854,1.8937],[23.2896,69.9854,98.1411],[23.2833,69.9833,188.0703],[23.275,69.9875,94.7979],[23.2625,69.9875,72.6744],[23.2568,69.9849,48.9698],[23.2599,69.9828,63.8585],[23.2589,69.9797,0.0],[23.262,69.9786,14.0062],[23.2578,69.9734,31.977],[23.2479,69.9708,0.0],[23.2359,69.9703,8.8749],[23.2411,69.9651,0.0],[23.2188,69.9604,5.8625],[23.2125,69.9563,20.1108],[23.1958,69.9563,0.0],[23.1875,69.95,0.0],[23.1792,69.95,6.281],[23.175,69.9521,0.0],[23.1625,69.9521,14.4041],[23.1583,69.95,24.2478],[23.1542,69.95,1.9905],[23.1464,69.9453,39.2242],[23.1495,69.9422,180.3243],[23.1375,69.9417,77.9635],[23.1276,69.9391,13.3419],[23.1188,69.9313,0.0],[23.1042,69.9313,0.0],[23.1,69.9333,0.0],[23.0922,69.9339,19.2083],[23.0938,69.9354,2.5184],[23.1057,69.9359,0.0],[23.1099,69.9401,0.0],[23.1089,69.9432,21.6683],[23.1099,69.9453,2.5615],[23.0875,69.9458,13.9167],[23.0807,69.9401,271.7256],[23.0734,69.9391,203.8849],[23.0688,69.9354,341.5047],[23.063,69.9349,185.3346],[23.0578,69.9297,245.6147],[23.0521,69.9271,265.5646],[23.0479,69.9271,138.0312],[23.0438,69.925,217.0263],[23.0375,69.925,22.7883],[23.0333,69.9271,0.0],[23.0271,69.925,8.8574],[23.0234,69.9255,0.0],[23.0193,69.9287,0.0],[23.0234,69.9328,0.0],[23.0307,69.9339,0.0],[23.0359,69.9391,0.0],[23.0432,69.9401,0.0],[23.0542,69.9479,0.0],[23.0646,69.9479,0.0],[23.0688,69.95,0.0],[23.0812,69.9521,6.1531],[23.0995,69.9568,0.0],[23.1026,69.9599,12.9206],[23.1125,69.9625,0.0],[23.1229,69.9625,0.0],[23.1271,69.9646,13.2387],[23.1333,69.9625,0.0],[23.137,69.963,15.6058],[23.1339,69.9661,0.0],[23.1432,69.9766,0.0],[23.1396,69.9792,0.0],[23.125,69.9792,46.3591],[23.1125,69.975,39.7334],[23.1042,69.975,2.2933],[23.0943,69.9797,142.2762],[23.0953,69.9828,24.2657],[23.0943,69.9849,20.6889],[23.1016,69.9922,0.0],[23.0984,69.9953,5.4393],[23.1057,70.0016,0.0],[23.1026,70.0026,0.0],[23.1036,70.0057,0.0],[23.0964,70.0089,15.2552],[23.0974,70.012,0.0],[23.088,70.0172,5.6665],[23.0891,70.0203,0.0],[23.0859,70.0214,8.7071],[23.087,70.0245,0.0],[23.0797,70.0255,16.6657],[23.0807,70.0286,0.0],[23.0766,70.0307,0.0],[23.0651,70.0307,5.5505],[23.0599,70.0255,42.6158],[23.0542,70.025,9.1787],[23.0495,70.0214,9.8203],[23.0422,70.0203,0.0],[23.0432,70.0172,1.5742],[23.0417,70.0167,1.4725],[23.0292,70.0167,0.0],[23.025,70.0188,0.0],[23.0068,70.0214,92.51],[23.0078,70.0245,36.1344],[23.0016,70.0286,0.0],[22.9818,70.0318,0.0],[22.9828,70.0349,0.0],[22.9734,70.0359,16.8875],[22.9688,70.0396,0.0],[22.9547,70.0401,2.565],[22.9583,70.0437,0.0],[22.9766,70.0443,0.0],[22.9859,70.0537,5.7264],[22.9932,70.0547,0.0],[22.9995,70.0589,0.0],[22.9964,70.062,7.9104],[22.9995,70.0661,0.0],[22.9818,70.0755,61.0664],[22.987,70.0818,0.0],[22.9839,70.0849,48.0024],[22.9891,70.088,0.0],[22.9859,70.0911,102.084],[22.9891,70.0953,0.0],[22.9859,70.0974,49.3528],[22.9932,70.0984,0.0],[22.9953,70.1016,0.0],[22.9922,70.1036,0.0],[22.9979,70.1062,0.0],[23.0036,70.1068,0.0],[23.0021,70.1083,0.0],[22.9958,70.1083,7.8167],[22.9901,70.1109,18.7835],[22.9911,70.1141,0.0],[22.988,70.1151,21.2992],[22.9911,70.1193,10.0126],[22.9901,70.1224,0.0],[22.9932,70.1255,0.0],[22.9901,70.1286,0.0],[22.9974,70.1297,0.0],[23.0016,70.1339,0.0],[22.9958,70.1375,0.0],[22.9729,70.1396,0.0],[22.9604,70.1354,39.2797],[22.9562,70.1354,0.0],[22.9495,70.1297,56.8428],[22.9417,70.1292,0.0],[22.937,70.1255,15.2417],[22.9297,70.1245,0.0],[22.9266,70.1214,43.0135],[22.9193,70.1203,71.7265],[22.9224,70.1182,329.7266],[22.9208,70.1167,421.5098],[22.9146,70.1188,36.9109],[22.9063,70.1188,0.0],[22.888,70.1141,0.0],[22.8828,70.1088,0.0],[22.8672,70.1057,0.0],[22.8625,70.1021,3.3068],[22.8521,70.1021,0.0],[22.8396,70.0979,3.4589],[22.8167,70.0979,0.0],[22.8104,70.0958,0.0],[22.8063,70.0979,0.0],[22.7979,70.0979,0.0],[22.775,70.0896,19.5938],[22.7583,70.0896,0.0],[22.7542,70.0875,28.049],[22.7479,70.0896,0.0],[22.7333,70.0896,0.0],[22.7125,70.0833,0.0],[22.7021,70.0833,0.0],[22.6974,70.0797,0.0],[22.6875,70.0771,0.0],[22.6708,70.0771,0.0],[22.6667,70.075,0.0],[22.6589,70.0776,0.0],[22.6641,70.0828,0.0],[22.6589,70.0828,0.0],[22.6542,70.0792,0.0],[22.6464,70.0818,0.0],[22.6521,70.0875,0.0],[22.6667,70.0875,0.0],[22.6708,70.0854,0.0],[22.6792,70.0854,0.0],[22.6854,70.0875,0.0],[22.6896,70.0854,0.0],[22.6979,70.0896,0.0],[22.7083,70.0896,0.0],[22.713,70.0932,0.0],[22.7229,70.0958,0.0],[22.7333,70.0958,0.0],[22.7375,70.0979,0.0],[22.7771,70.0979,0.0],[22.7813,70.1,0.0],[22.7917,70.1,0.0],[22.7958,70.1021,18.7196],[22.8042,70.1,0.0],[22.8089,70.1036,0.0],[22.8161,70.1047,0.0],[22.8208,70.1083,0.0],[22.8292,70.1062,0.0],[22.8349,70.1109,0.0],[22.8328,70.1141,0.0],[22.8276,70.1141,0.0],[22.8307,70.112,70.5289],[22.8292,70.1104,13.01],[22.8229,70.1125,88.9552],[22.8167,70.1104,90.7375],[22.8083,70.1125,134.1085],[22.8042,70.1104,316.1849],[22.7958,70.1104,430.8891],[22.7896,70.1125,314.7182],[22.7771,70.1083,618.2449],[22.7708,70.1104,484.6445],[22.7646,70.1083,562.3621],[22.7563,70.1083,509.1075],[22.7547,70.1099,349.5951],[22.7583,70.1125,172.7374],[22.7813,70.1125,241.4286],[22.7854,70.1146,118.2193],[22.7958,70.1146,138.1261],[22.8,70.1167,0.0],[22.8292,70.1167,0.0],[22.8354,70.1208,45.1847],[22.8417,70.1188,0.0],[22.8453,70.1193,0.0],[22.8484,70.1224,0.0],[22.8557,70.1234,0.0],[22.8609,70.1286,6.1712],[22.8682,70.1297,17.4301],[22.8714,70.1328,26.7173],[22.8771,70.1333,0.0],[22.8828,70.1359,0.0],[22.8797,70.138,0.0],[22.8818,70.1412,0.0],[22.9141,70.1484,0.0],[22.9161,70.1516,0.0],[22.9089,70.1547,0.0],[22.9068,70.1568,0.0],[22.9078,70.1599,0.0],[22.9047,70.162,0.0],[22.9146,70.1625,0.0],[22.9188,70.1604,0.0],[22.925,70.1604,0.0],[22.9266,70.1589,39.0272],[22.9234,70.1578,0.0],[22.925,70.1563,0.0],[22.9354,70.1583,19.1108],[22.9411,70.1609,0.0],[22.9464,70.1662,0.0],[22.9536,70.1672,0.0],[22.9651,70.1787,0.0],[22.9703,70.1818,0.0],[22.9672,70.1839,0.0],[22.9682,70.187,0.0],[22.9651,70.188,26.1715],[22.9661,70.1911,0.0],[22.963,70.1922,86.5271],[22.9641,70.1953,0.0],[22.962,70.1974,0.0],[22.9542,70.1979,54.7022],[22.9458,70.2021,0.0],[22.9396,70.2021,9.5541],[22.9354,70.2042,0.0],[22.9229,70.2042,7.9153],[22.9188,70.2063,0.0],[22.9125,70.2063,0.0],[22.9063,70.2042,112.4733],[22.9,70.2063,11.986],[22.8937,70.2042,185.7054],[22.8896,70.2063,50.64],[22.8818,70.2068,49.432],[22.8891,70.2151,0.0],[22.8875,70.2167,0.0],[22.8776,70.2161,0.0],[22.8672,70.2057,90.8772],[22.8708,70.2042,227.6273],[22.875,70.2063,60.1677],[22.8786,70.2057,134.9002],[22.8776,70.2026,307.2348],[22.8786,70.2005,461.8948],[22.8729,70.2,496.1807],[22.8714,70.1984,605.5007],[22.8813,70.1979,599.1629],[22.8854,70.2,470.3084],[22.8891,70.1995,485.5503],[22.8854,70.1958,649.5148],[22.8646,70.1958,672.8823],[22.863,70.1964,655.0441],[22.8641,70.1995,574.0169],[22.8625,70.2,531.7703],[22.8563,70.1979,668.7893],[22.8521,70.2,520.4272],[22.8458,70.2,376.3362],[22.8443,70.2016,278.3291],[22.8563,70.2021,326.3731],[22.8599,70.2057,73.0196],[22.8333,70.2083,0.0],[22.8297,70.2057,0.0],[22.8328,70.2026,286.1701],[22.8042,70.1958,682.3442],[22.8026,70.1974,651.4286],[22.8068,70.2016,336.7054],[22.8141,70.2026,321.9815],[22.8161,70.2057,49.9827],[22.7984,70.2089,0.0],[22.8016,70.213,0.0],[22.8,70.2146,0.0],[22.7792,70.2146,0.0],[22.7776,70.213,0.0],[22.7807,70.2109,0.0],[22.7708,70.2104,54.9588],[22.7667,70.2125,0.0],[22.7479,70.2125,67.3653],[22.7438,70.2146,0.0],[22.7354,70.2146,0.0],[22.7292,70.2125,11.1945],[22.725,70.2146,0.0],[22.7083,70.2146,4.8754],[22.7042,70.2167,17.0856],[22.6979,70.2146,281.3234],[22.6896,70.2146,390.2032],[22.6854,70.2167,289.2802],[22.6771,70.2167,348.6326],[22.6708,70.2146,318.9815],[22.6625,70.2188,5.3434],[22.6542,70.2188,7.589],[22.6479,70.2167,246.0389],[22.6417,70.2188,0.0],[22.637,70.2151,61.1774],[22.6214,70.212,0.0],[22.6167,70.2083,0.0],[22.6125,70.2083,0.0],[22.6083,70.2063,121.2534],[22.6,70.2063,52.9654],[22.5958,70.2083,0.0],[22.5896,70.2083,0.0],[22.588,70.2099,0.0],[22.612,70.2151,0.0],[22.6203,70.2224,0.0],[22.6125,70.2229,18.9503],[22.6042,70.2271,0.0],[22.5979,70.225,83.8648],[22.5771,70.225,393.9481],[22.5755,70.2255,286.8581],[22.5766,70.2286,61.7929],[22.575,70.2292,25.6646],[22.5688,70.2271,292.5384],[22.5604,70.2271,411.3242],[22.5542,70.2292,267.0537],[22.55,70.2271,378.7209],[22.5484,70.2276,378.7209],[22.5495,70.2307,89.5468],[22.5479,70.2312,89.5468],[22.5396,70.2312,0.0],[22.5297,70.2286,0.0],[22.5266,70.2255,0.0],[22.5229,70.225,0.0],[22.5172,70.2286,0.0],[22.5245,70.2297,0.0],[22.5286,70.2338,0.0],[22.5255,70.2359,0.0],[22.5286,70.2401,0.0],[22.5271,70.2417,0.0],[22.5167,70.2417,0.0],[22.5104,70.2438,0.0],[22.5005,70.2412,229.1748],[22.5016,70.238,416.6701],[22.5,70.2375,514.0768],[22.4896,70.2375,612.7505],[22.4833,70.2354,546.0292],[22.4818,70.237,444.8749],[22.4849,70.238,464.7547],[22.4891,70.2432,123.6119],[22.4693,70.2464,26.3961],[22.4703,70.2495,0.0],[22.4688,70.25,8.6934],[22.45,70.25,190.8605],[22.4401,70.2526,115.6291],[22.4432,70.2578,0.0],[22.4375,70.2604,0.0],[22.4313,70.2604,0.0],[22.4271,70.2625,0.0],[22.4,70.2625,0.0],[22.3943,70.2568,0.0],[22.3979,70.2562,0.0],[22.4021,70.2583,0.0],[22.4057,70.2568,0.0],[22.4021,70.2542,143.2142],[22.3937,70.2542,157.8927],[22.3792,70.2583,0.0],[22.3667,70.2583,33.5746],[22.3651,70.2599,0.0],[22.3708,70.2604,0.0],[22.3724,70.262,0.0],[22.3625,70.2625,0.0],[22.3443,70.2578,0.0],[22.3474,70.2547,0.0],[22.3422,70.2484,0.0],[22.3453,70.2474,0.0],[22.3443,70.2443,0.0],[22.3474,70.2432,0.0],[22.3464,70.2359,0.0],[22.3536,70.2318,0.0],[22.3438,70.2312,68.2986],[22.3396,70.2333,0.0],[22.3333,70.2333,0.0],[22.3318,70.2338,0.0],[22.3328,70.237,0.0],[22.3312,70.2375,0.0],[22.325,70.2375,0.0],[22.3193,70.2349,0.0],[22.3307,70.2286,0.0],[22.3276,70.2245,0.0],[22.3307,70.2214,0.0],[22.3276,70.2172,0.0],[22.3328,70.213,0.0],[22.3292,70.2125,0.0],[22.325,70.2146,0.0],[22.3151,70.2141,0.0],[22.2984,70.1964,0.0],[22.3036,70.1964,0.0],[22.3104,70.2021,0.0],[22.3146,70.2021,0.0],[22.3271,70.2063,0.0],[22.3307,70.2057,0.0],[22.3297,70.2026,0.0],[22.3328,70.2005,0.0],[22.3255,70.1953,0.0],[22.3286,70.1932,0.0],[22.3255,70.188,0.0],[22.3286,70.1859,0.0],[22.3182,70.1755,0.0],[22.3026,70.1724,0.0],[22.3042,70.1708,0.0],[22.3099,70.1703,0.0],[22.3078,70.1672,0.0],[22.2943,70.1661,0.0],[22.288,70.1589,0.0],[22.3021,70.1521,0.0],[22.3188,70.1521,0.0],[22.3229,70.15,0.0],[22.3292,70.1521,29.1213],[22.3375,70.15,0.0],[22.3417,70.1521,0.0],[22.3708,70.1521,0.0],[22.3771,70.1542,0.0],[22.3813,70.1521,0.0],[22.4188,70.1521,0.0],[22.4229,70.15,0.0],[22.4333,70.15,0.0],[22.4458,70.1438,0.0],[22.4542,70.1438,0.0],[22.4604,70.1458,17.6856],[22.4776,70.1359,0.0],[22.4958,70.1333,0.0],[22.5,70.1312,0.0],[22.5063,70.1312,0.0],[22.5078,70.1307,0.0],[22.5068,70.1276,0.0],[22.5125,70.1271,0.0],[22.5141,70.1255,0.0],[22.4875,70.125,9.776],[22.4729,70.1292,0.0],[22.4667,70.1292,0.0],[22.4651,70.1297,0.0],[22.4661,70.1328,0.0],[22.463,70.1339,0.0],[22.4641,70.137,0.0],[22.4625,70.1375,0.0],[22.4547,70.137,0.0],[22.4453,70.1297,20.1889],[22.4417,70.1292,95.425299999999993],[22.4401,70.1297,51.0496],[22.4411,70.1328,0.0],[22.4339,70.1339,0.0],[22.4286,70.137,0.0],[22.4146,70.1375,0.0],[22.4104,70.1396,0.0],[22.3646,70.1375,0.0],[22.3604,70.1396,0.0],[22.3417,70.1396,0.0],[22.3349,70.1339,0.0],[22.3292,70.1312,0.0],[22.3104,70.1312,9.6326],[22.3042,70.1333,0.0],[22.2979,70.1312,83.6953],[22.2833,70.1354,0.0],[22.2625,70.1354,0.0],[22.25,70.1312,15.872],[22.2396,70.1312,0.0],[22.225,70.1271,0.0],[22.2193,70.1297,0.0],[22.2214,70.1328,0.0],[22.2245,70.1339,0.0],[22.2214,70.1359,0.0],[22.2234,70.1391,0.0],[22.2396,70.1375,0.0],[22.2443,70.1412,0.0],[22.2516,70.1422,0.0],[22.2547,70.1453,0.0],[22.2583,70.1458,0.0],[22.2599,70.1443,0.0],[22.2526,70.138,0.0],[22.2625,70.1375,0.0],[22.2714,70.1432,0.0],[22.2786,70.1443,0.0],[22.2891,70.1547,0.0],[22.2849,70.1578,0.0],[22.2813,70.1583,0.0],[22.2745,70.1526,0.0],[22.2672,70.1516,0.0],[22.2641,70.1484,0.0],[22.2604,70.1479,0.0],[22.2589,70.1484,0.0],[22.2599,70.1516,0.0],[22.2505,70.1526,21.0754],[22.2516,70.1557,0.0],[22.2401,70.1547,0.0],[22.2516,70.1651,0.0],[22.2443,70.1703,18.232],[22.2464,70.1724,0.0],[22.2536,70.1734,0.0],[22.2557,70.1766,0.0],[22.2526,70.1787,0.0],[22.2651,70.1891,0.0],[22.2724,70.1901,0.0],[22.2693,70.1922,0.0],[22.2745,70.1984,0.0],[22.2714,70.2016,2.8029],[22.2786,70.2026,0.0],[22.2771,70.2042,0.0],[22.2693,70.2047,11.4525],[22.2708,70.2063,0.0],[22.2766,70.2068,0.0],[22.2745,70.2099,0.0],[22.2714,70.2109,0.0],[22.2766,70.2172,0.0],[22.2734,70.2193,0.0],[22.2745,70.2224,0.0],[22.2687,70.225,0.0],[22.2625,70.2229,14.9861],[22.2438,70.2229,0.0],[22.2422,70.2245,0.0],[22.2542,70.225,0.0],[22.2589,70.2286,0.0],[22.2745,70.2318,0.0],[22.2786,70.237,0.0],[22.2755,70.238,7.1437],[22.2766,70.2412,0.0],[22.2693,70.2453,0.0],[22.2786,70.2526,0.0],[22.2755,70.2547,8.2423],[22.2786,70.2599,0.0],[22.2755,70.262,4.0081],[22.2891,70.263,0.0],[22.2859,70.2662,7.9089],[22.288,70.2682,24.6531],[22.2953,70.2693,0.0],[22.2922,70.2724,51.9853],[22.2974,70.2766,18.9325],[22.2875,70.2813,6.8753],[22.275,70.2813,0.0],[22.2708,70.2833,0.0],[22.2583,70.2833,11.0843],[22.2542,70.2854,0.0],[22.2417,70.2854,91.1707],[22.2375,70.2875,0.0],[22.2292,70.2875,8.998],[22.225,70.2854,4.4527],[22.2208,70.2875,0.0],[22.2083,70.2875,94.1263],[22.2042,70.2896,0.0],[22.1896,70.2896,0.0],[22.188,70.288,48.4031],[22.1937,70.2854,376.0547],[22.212,70.2849,299.245],[22.2104,70.2833,381.4969],[22.2047,70.2828,535.2982],[22.2,70.2792,777.205],[22.1917,70.2792,715.7279],[22.1818,70.2818,558.6528],[22.1828,70.2849,301.5305],[22.175,70.2854,163.2703],[22.1708,70.2875,0.0],[22.1437,70.2875,0.0],[22.1339,70.2849,0.0],[22.137,70.2818,8.0889],[22.1318,70.2766,0.0],[22.1328,70.2734,0.0],[22.1307,70.2714,0.0],[22.1271,70.2708,1.8435],[22.1146,70.275,0.0],[22.1026,70.2724,0.0],[22.1099,70.2693,0.0],[22.1036,70.263,0.0],[22.0964,70.262,0.0],[22.0995,70.2599,0.0],[22.0984,70.2568,0.0],[22.1016,70.2557,0.0],[22.0979,70.2542,0.0],[22.0938,70.2562,0.0],[22.0859,70.2568,0.0],[22.0911,70.2641,0.0],[22.0839,70.2672,5.8935],[22.0854,70.2688,0.0],[22.0932,70.2693,0.0],[22.0953,70.2714,0.0],[22.0938,70.2729,0.0],[22.0859,70.2734,0.0],[22.0953,70.2839,3.7859],[22.0922,70.287,17.6076],[22.0953,70.2911,0.0],[22.0901,70.2943,3.2813],[22.0953,70.3005,0.0],[22.0922,70.3026,8.9308],[22.0932,70.3057,0.0],[22.0839,70.3068,128.212],[22.0729,70.3125,12.7124],[22.0646,70.3104,197.8219],[22.0583,70.3125,11.1283],[22.0542,70.3104,114.2554],[22.0479,70.3125,0.0],[22.0375,70.3063,2.8884],[22.0146,70.3042,0.0],[22.0068,70.3089,0.0],[22.0161,70.3193,0.0],[22.013,70.3214,0.0],[22.0141,70.3245,0.0],[21.9854,70.3271,10.849],[21.9839,70.3276,22.5208],[21.9849,70.3307,0.0],[21.9833,70.3313,0.0],[21.9797,70.3307,0.0],[21.975,70.3271,48.188],[21.9521,70.3271,126.7402],[21.9479,70.325,255.4739],[21.9375,70.325,13.4431],[21.9276,70.3224,0.0],[21.9203,70.3172,0.0],[21.9047,70.3141,0.0],[21.9016,70.3109,22.5485],[21.8943,70.3099,0.0],[21.8891,70.3047,0.0],[21.8818,70.3037,0.0],[21.8745,70.2963,0.0],[21.8672,70.2953,0.0],[21.8703,70.2922,37.5839],[21.863,70.2911,0.0],[21.8583,70.2875,12.997],[21.8479,70.2875,0.0],[21.838,70.2849,0.0],[21.8339,70.2807,0.0],[21.8349,70.2776,5.0132],[21.8276,70.2766,0.0],[21.8245,70.2734,100.0798],[21.8083,70.2729,0.0],[21.8042,70.275,0.0],[21.8005,70.2745,0.0],[21.7984,70.2714,0.0],[21.8016,70.2693,8.4729],[21.7859,70.2662,0.0],[21.7776,70.2578,0.0],[21.7807,70.2557,0.0],[21.7797,70.2526,0.0],[21.7828,70.2505,0.0],[21.7729,70.25,0.0],[21.7667,70.2521,0.0],[21.7568,70.2495,0.0],[21.7599,70.2464,0.0],[21.7568,70.2422,0.0],[21.763,70.238,0.0],[21.7745,70.2391,0.0],[21.7786,70.237,0.0],[21.7776,70.2338,0.0],[21.7818,70.2318,0.0],[21.7896,70.2312,0.0],[21.7979,70.2271,0.0],[21.8057,70.2266,0.0],[21.8047,70.2234,0.0],[21.8141,70.2224,12.4308],[21.8214,70.2172,0.0],[21.8542,70.2167,0.0],[21.8599,70.2141,0.0],[21.8583,70.2125,7.596],[21.8354,70.2125,0.0],[21.8312,70.2104,30.3654],[21.8229,70.2125,0.0],[21.8182,70.2089,0.0],[21.8109,70.2078,0.0],[21.8078,70.2047,0.0],[21.7979,70.2021,0.0],[21.7896,70.2021,0.0],[21.7734,70.2068,0.0],[21.7766,70.212,0.0],[21.7708,70.2125,0.0],[21.7651,70.2151,0.0],[21.7661,70.2182,0.0],[21.7646,70.2188,0.0],[21.7521,70.2188,0.0],[21.7458,70.2208,0.0],[21.7417,70.2188,16.1506],[21.7188,70.2167,0.0],[21.7172,70.2182,0.0],[21.7266,70.2276,0.0],[21.7234,70.2307,17.8437],[21.7266,70.2328,0.0],[21.7125,70.2333,1.8954],[21.7042,70.2375,0.0],[21.6979,70.2375,0.0],[21.6786,70.2474,0.0],[21.6609,70.2505,0.0],[21.6458,70.2583,17.4097],[21.6396,70.2583,83.7645],[21.6354,70.2604,34.582],[21.6089,70.2609,9.2872],[21.6099,70.2641,0.0],[21.6068,70.2651,0.0],[21.6078,70.2682,0.0],[21.6057,70.2703,0.0],[21.5964,70.2714,0.0],[21.5922,70.2734,0.0],[21.5932,70.2766,0.0],[21.5917,70.2771,0.0],[21.5854,70.2771,0.0],[21.5771,70.2813,0.0],[21.5693,70.2818,9.7571],[21.5703,70.2849,0.0],[21.5672,70.2859,0.0],[21.5682,70.2891,0.0],[21.5589,70.2901,2.6278],[21.5599,70.2974,0.0],[21.5568,70.2995,0.0],[21.5661,70.3089,0.0],[21.563,70.312,16.5532],[21.5703,70.313,0.0],[21.5672,70.3161,4.442],[21.5703,70.3203,0.0],[21.5646,70.3229,5.6354],[21.5563,70.3229,1.3939],[21.5438,70.3187,10.1508],[21.5333,70.3187,0.0],[21.5292,70.3167,5.8134],[21.5208,70.3187,0.0],[21.5167,70.3167,11.2109],[21.5063,70.3167,0.0],[21.5047,70.3151,0.0],[21.5078,70.313,40.0514],[21.4958,70.3125,0.0],[21.4859,70.3099,0.0],[21.4714,70.2953,0.0],[21.4729,70.2937,0.0],[21.4807,70.2932,10.2255],[21.4797,70.2901,0.0],[21.487,70.287,3.4661],[21.4859,70.2839,6.7175],[21.4891,70.2818,10.8571],[21.4839,70.2786,0.0],[21.4818,70.2755,0.0],[21.4891,70.2724,0.0],[21.488,70.2693,0.0],[21.4911,70.2672,0.0],[21.488,70.263,0.0],[21.4911,70.262,0.0],[21.4901,70.2589,0.0],[21.4974,70.2557,61.3206],[21.4943,70.2505,0.0],[21.4974,70.2484,49.955],[21.4922,70.2453,0.0],[21.4953,70.2422,17.9203],[21.4714,70.237,0.0],[21.4745,70.2338,0.0],[21.4693,70.2286,0.0],[21.4724,70.2266,0.0],[21.4693,70.2224,0.0],[21.4724,70.2203,0.0],[21.4714,70.2172,0.0],[21.4807,70.2161,0.0],[21.4911,70.2099,0.0],[21.4833,70.2063,0.0],[21.475,70.2063,0.0],[21.4708,70.2083,0.0],[21.4583,70.2083,157.9097],[21.45,70.2125,17.5311],[21.4422,70.213,20.3334],[21.4432,70.2161,0.0],[21.4391,70.2182,0.0],[21.4297,70.2193,0.0],[21.4307,70.2224,0.0],[21.4276,70.2234,0.0],[21.4286,70.2266,0.0],[21.4276,70.2286,0.0],[21.4328,70.2349,0.0],[21.4297,70.237,0.0],[21.4432,70.2505,0.0],[21.4401,70.2536,0.0],[21.4432,70.2578,0.0],[21.4333,70.2625,0.0],[21.4255,70.263,10.3394],[21.4307,70.2682,0.0],[21.4214,70.2693,27.3949],[21.4224,70.2724,0.0],[21.4208,70.2729,1.6122],[21.4063,70.2688,246.0625],[21.3958,70.2688,152.4913],[21.3833,70.2646,330.5907],[21.3479,70.2646,5.5384],[21.3464,70.263,4.6932],[21.3495,70.2609,130.9462],[21.3422,70.2599,20.5815],[21.3453,70.2578,97.1722],[21.3432,70.2547,64.3797],[21.325,70.25,124.6776],[21.3188,70.2521,0.0],[21.3063,70.2521,149.6966],[21.2979,70.2562,31.6317],[21.2896,70.2562,11.6846],[21.2849,70.2526,11.2658],[21.2776,70.2516,0.0],[21.2745,70.2484,10.8018],[21.2505,70.2432,0.0],[21.2438,70.2375,19.3175],[21.2354,70.2396,3.8202],[21.2255,70.237,5.0252],[21.2203,70.2318,4.7082],[21.213,70.2307,0.0],[21.2099,70.2276,0.0],[21.2026,70.2266,0.0],[21.1988,70.2232,0.0],[21.2032,70.2232,0.0],[21.203,70.2187,98.5712],[21.2426,70.2184,153.5079],[21.2423,70.2139,97.2472],[21.2688,70.2137,324.4107],[21.2685,70.2092,421.6413],[21.3081,70.209,337.0809],[21.3078,70.2045,288.5475],[21.3343,70.2043,155.9382],[21.334,70.1998,175.3253],[21.3604,70.1996,385.542],[21.3601,70.1951,540.1959],[21.3865,70.1949,664.5096],[21.3862,70.1904,651.7761],[21.4126,70.1902,625.9038],[21.4123,70.1857,638.489],[21.5178,70.1848,159.6093],[21.5182,70.1893,175.932],[21.5314,70.1892,558.0804],[21.5317,70.1937,739.1258],[21.6109,70.1931,257.396],[21.6091,70.1705,262.4954],[21.6223,70.1704,444.8343],[21.622,70.1659,397.6138],[21.6483,70.1657,535.3246],[21.648,70.1612,790.0094],[21.6612,70.1611,879.0943],[21.6608,70.1566,860.4708],[21.674,70.1565,466.9808],[21.6736,70.1519,843.9961],[21.6868,70.1518,852.8134],[21.6864,70.1473,743.7955],[21.6996,70.1472,748.8761],[21.6992,70.1427,938.5943],[21.7124,70.1426,1013.1378],[21.7117,70.1336,966.7712],[21.7248,70.1334,971.459],[21.7241,70.1244,873.2197],[21.7504,70.1242,752.9192],[21.75,70.1197,927.512],[21.7895,70.1193,788.4124],[21.7887,70.1103,483.0942],[21.8019,70.1102,787.4461],[21.8011,70.1012,475.0406],[21.8142,70.101,604.1448],[21.8146,70.1055,743.0299],[21.8409,70.1053,415.2165],[21.8413,70.1098,428.5113],[21.8544,70.1097,597.111],[21.8548,70.1142,564.6869],[21.868,70.114,887.7438],[21.8688,70.123,611.7162],[21.8819,70.1229,593.4853],[21.8827,70.1319,263.63869999999997],[21.8959,70.1318,213.075],[21.8967,70.1408,735.5842],[21.9099,70.1407,985.0858],[21.9107,70.1497,949.2469],[21.9239,70.1496,816.0988],[21.9235,70.1451,858.2101],[21.963,70.1446,776.72],[21.9625,70.1401,493.6937],[21.9889,70.1399,616.0934],[21.9893,70.1444,669.3947],[22.0025,70.1442,836.6684],[22.0029,70.1487,788.0963],[22.0161,70.1486,964.9282],[22.0169,70.1576,1071.516],[22.0301,70.1575,1079.7512],[22.031,70.1665,1121.891],[22.0441,70.1663,1160.4707],[22.0437,70.1618,1120.5035],[22.0832,70.1614,1097.9087],[22.0823,70.1524,1010.3134],[22.0955,70.1522,1031.8324],[22.0951,70.1477,983.6804],[22.1082,70.1476,995.9274],[22.1055,70.1205,937.925],[22.1187,70.1204,1028.5408],[22.1173,70.1069,715.0389],[22.1304,70.1067,799.3524],[22.1295,70.0977,483.2264],[22.1427,70.0976,495.5147],[22.1418,70.0886,640.0844],[22.1549,70.0884,669.4991],[22.154,70.0794,863.7178],[22.1671,70.0792,844.6166],[22.1662,70.0702,863.1138],[22.1793,70.0701,928.9702],[22.1779,70.0566,629.8543],[22.191,70.0564,555.0545],[22.1901,70.0474,348.2852],[22.2032,70.0472,435.4558],[22.2008,70.0247,179.6562],[22.1877,70.0249,182.501],[22.1859,70.0068,445.9808],[22.1989,70.0067,445.6451],[22.198,69.9977,445.9398],[22.2111,69.9975,557.9034],[22.2101,69.9885,542.1168],[22.2232,69.9884,579.0737],[22.2227,69.9839,597.0696],[22.2358,69.9837,667.9254],[22.233,69.9567,624.1532],[22.246,69.9565,603.7516],[22.2455,69.952,635.6838],[22.2586,69.9519,664.1314],[22.2581,69.9473,617.0694],[22.2842,69.947,630.9082],[22.2837,69.9425,627.6705],[22.3098,69.9422,605.4604],[22.3093,69.9377,645.4563],[22.3353,69.9374,656.6661],[22.3348,69.9329,652.2634],[22.3609,69.9325,671.8061],[22.3604,69.928,650.1027],[22.4516,69.9269,663.9987],[22.4511,69.9223,644.1132],[22.4771,69.922,710.9761],[22.4766,69.9175,658.003],[22.5027,69.9172,699.7366],[22.5021,69.9127,677.8819],[22.5151,69.9125,689.8706],[22.5136,69.899,653.9514],[22.5005,69.8991,666.752],[22.5,69.8946,631.2025],[22.487,69.8948,661.1521],[22.4865,69.8903,616.3275],[22.4735,69.8905,665.7551],[22.473,69.886,633.135],[22.4599,69.8861,605.5218],[22.4594,69.8816,636.4833],[22.4464,69.8818,624.3179],[22.4459,69.8773,782.8984],[22.4329,69.8775,803.4337],[22.4324,69.873,766.4627],[22.4454,69.8728,834.3412],[22.4449,69.8683,852.693],[22.4579,69.8681,914.5107],[22.4574,69.8636,818.8694],[22.5223,69.862799999999993,908.938],[22.5218,69.8582,928.4838],[22.5347,69.8581,940.3689],[22.5326,69.8401,838.7507],[22.5067,69.8404,821.3314],[22.5061,69.8359,792.4004],[22.4932,69.8361,801.4475],[22.4926,69.8316,830.2405],[22.4797,69.8317,793.9927],[22.4781,69.8182,754.8192],[22.4651,69.8184,751.7668],[22.4636,69.8049,735.2548],[22.4506,69.8051,718.854],[22.4486,69.787,608.8506],[22.4615,69.7869,615.5654],[22.461,69.7824,590.408],[22.4739,69.7822,642.6072],[22.4734,69.7777,681.3856],[22.5252,69.777,634.2663],[22.5204,69.7365,693.7619],[22.5333,69.7363,695.28],[22.5312,69.7183,618.4737],[22.5441,69.7181,625.4297],[22.5425,69.7046,638.9181],[22.5554,69.7044,659.751],[22.5543,69.6954,673.0204],[22.5672,69.6952,706.4752],[22.5667,69.6907,683.6049],[22.5795,69.6905,711.6159],[22.579,69.686,697.1018],[22.6048,69.6857,634.2151],[22.6042,69.6812,628.4073],[22.6171,69.681,625.085],[22.6165,69.6765,614.9034],[22.6423,69.6761,619.3601],[22.6417,69.6716,616.1895],[22.6546,69.6714,624.2885],[22.6541,69.6669,625.1083],[22.6798,69.6666,641.8622],[22.6792,69.662,654.0946],[22.6921,69.6619,639.4358],[22.6915,69.6574,651.245],[22.7173,69.657,657.5053],[22.7167,69.6525,656.5695],[22.7296,69.6523,676.2505],[22.729,69.6478,674.9907],[22.7418,69.6476,698.6183],[22.7424,69.6521,696.4297],[22.7681,69.6517,673.9991],[22.7687,69.6562,696.1103],[22.7816,69.656,702.5151],[22.7822,69.6605,712.3484],[22.8079,69.6601,756.1162],[22.8085,69.6646,752.4355],[22.8342,69.6642,785.1105],[22.8336,69.6597,780.3835],[22.8465,69.6595,758.5206],[22.8459,69.655,755.8076],[22.8587,69.6548,776.7947],[22.8581,69.6503,763.8694],[22.871,69.6501,770.1749],[22.8704,69.6456,770.0463],[22.8833,69.6454,778.379],[22.8827,69.6409,782.9692],[22.8698,69.6411,794.3401],[22.8686,69.6321,760.3443],[22.8558,69.6323,756.2747],[22.8552,69.6278,739.4325],[22.8423,69.628,727.6364],[22.8417,69.6235,733.1857],[22.8289,69.6237,717.8999],[22.8283,69.6192,713.7245],[22.8155,69.6194,700.9449],[22.8149,69.6149,684.3704],[22.7892,69.6153,657.3267],[22.7886,69.6108,649.8641],[22.7758,69.611,635.712],[22.7752,69.6065,632.7659],[22.7624,69.6067,624.4997],[22.7595,69.5842,618.4578],[22.7467,69.5844,618.2253],[22.7421,69.5483,634.8838],[22.7165,69.5487,625.9379],[22.716,69.5442,627.4225],[22.6904,69.5446,630.0134],[22.6892,69.5356,630.649],[22.702,69.5354,636.174],[22.7004,69.5219,615.4835],[22.7131,69.5217,615.9366],[22.7115,69.5082,618.4849],[22.6731,69.5088,617.4435],[22.6737,69.5133,706.5916],[22.5842,69.5145,630.2645],[22.5203,69.5154,708.2936],[22.5198,69.5109,726.8622],[22.4687,69.5116,572.4578],[22.4682,69.5071,562.3771],[22.4554,69.5073,547.7736],[22.4549,69.5028,532.6816],[22.4421,69.503,521.5062],[22.4416,69.4985,538.8383],[22.4161,69.4988,555.8959],[22.4156,69.4943,549.7961],[22.4028,69.4945,606.3593],[22.4023,69.49,594.9046],[22.3768,69.4903,699.9467],[22.3763,69.4858,735.2766],[22.3635,69.486,619.4308],[22.363,69.4815,604.6495],[22.2737,69.4826,816.3016],[22.2728,69.4736,716.9764],[22.26,69.4737,707.1252],[22.2595,69.4692,683.1663],[22.2723,69.4691,688.2857],[22.2718,69.4646,716.5404],[22.2846,69.4644,741.3243],[22.2836,69.4554,802.8946],[22.2964,69.4552,818.1438],[22.2959,69.4507,787.9502],[22.2832,69.4509,750.588],[22.2794,69.4149,793.5371],[22.2921,69.4147,809.788],[22.2916,69.4102,860.958],[22.3044,69.41,850.4908],[22.3034,69.401,906.6179],[22.3161,69.4009,907.8737],[22.3133,69.3739,800.7917],[22.326,69.3737,825.7523],[22.325,69.3647,790.5159],[22.3377,69.3645,765.5176],[22.3372,69.36,751.0724],[22.3499,69.3599,804.3897],[22.3494,69.3554,746.5686],[22.3621,69.3552,780.2902],[22.3616,69.3507,737.8099],[22.3743,69.3505,745.5115],[22.3734,69.3415,688.3941],[22.386,69.3414,695.0421],[22.3846,69.3279,723.6779],[22.3972,69.3277,780.6932],[22.3963,69.3187,702.6638],[22.4089,69.3185,710.0218],[22.4079,69.3095,626.7897],[22.4206,69.3093,620.8089],[22.4201,69.3048,594.2773],[22.4328,69.3047,594.8589],[22.4323,69.3002,603.7848],[22.4449,69.3,619.9702],[22.4434,69.2865,638.8519],[22.4561,69.2863,659.6334],[22.455,69.2773,670.7979],[22.4677,69.2771,696.5196],[22.4667,69.2681,717.4382],[22.4793,69.268,728.7365],[22.4788,69.2635,726.7336],[22.4914,69.2633,668.5146],[22.4904,69.2543,642.4557],[22.5031,69.2541,614.2396],[22.5025,69.2496,566.3101],[22.5152,69.2494,540.7362],[22.5126,69.2269,496.3467],[22.5252,69.2267,521.706],[22.5216,69.1952,469.5205],[22.509,69.1954,460.1914],[22.5029,69.1414,514.4698],[22.4903,69.1415,507.8201],[22.4883,69.1235,542.1961],[22.4758,69.1237,555.7566],[22.4743,69.1102,603.0783],[22.4492,69.1105,525.8376],[22.4487,69.106,516.6302],[22.411,69.1066,502.5055],[22.4105,69.1021,501.8281],[22.3855,69.1024,486.7864],[22.385,69.0979,484.6672],[22.3724,69.0981,491.7455],[22.3719,69.0936,491.2675],[22.3594,69.0937,503.6113],[22.3589,69.0892,509.9876],[22.3339,69.0895,502.0289],[22.3334,69.085,504.3409],[22.3208,69.0852,509.5095],[22.3204,69.0807,510.9297],[22.2828,69.0812,526.5581],[22.2823,69.0767,529.5863],[22.1821,69.0779,542.083],[22.1816,69.0734,536.6685],[22.0814,69.0746,551.7361],[22.081,69.0701,554.8898],[21.9933,69.0711,544.0618],[21.9925,69.0621,529.3469],[22.005,69.062,580.7628],[22.0046,69.0575,581.892],[22.0171,69.0573,581.9859],[22.0163,69.0483,566.996],[22.0288,69.0482,552.1613],[22.0284,69.0437,538.1774],[22.0409,69.0435,536.0354],[22.0401,69.0345,522.5075],[22.0526,69.0344,527.1509],[22.0522,69.0299,523.2491],[22.0647,69.0297,518.3388],[22.0639,69.0207,509.9938],[22.0764,69.0206,524.7288],[22.0759,69.0161,516.8133],[22.0884,69.0159,522.0393],[22.0876,69.0069,505.5298],[22.1001,69.0068,518.7198],[22.0992,68.9978,504.6718],[22.1117,68.9976,515.8221],[22.1113,68.9931,502.5835],[22.1238,68.993,513.2852],[22.1229,68.984,478.7684],[22.1354,68.9838,484.1666],[22.135,68.9793,487.829],[22.1474,68.9792,493.1022],[22.1466,68.9702,503.6207],[22.1591,68.97,512.2907],[22.1586,68.9655,518.6743],[22.1711,68.9654,523.9467],[22.1702,68.9563,491.8851],[22.1827,68.9562,477.6848],[22.1805,68.9337,465.0471],[22.1929,68.9335,490.5839],[22.1912,68.9155,479.9678],[22.2036,68.9154,483.1896],[22.2032,68.9109,482.6602],[22.2156,68.9107,484.6047],[22.2147,68.9017,452.78],[22.2271,68.9016,451.8564],[22.2263,68.8926,449.957],[22.2387,68.8924,449.538],[22.2382,68.8879,449.5329],[22.2507,68.8877,446.8274],[22.2498,68.8787,459.1451],[22.2622,68.8786,454.0361],[22.2617,68.8741,458.0697],[22.2741,68.8739,447.4963],[22.2732,68.8649,440.1487],[22.2856,68.8648,441.4763],[22.2852,68.8603,438.0934],[22.2976,68.8601,439.1994],[22.2967,68.8511,437.9867],[22.3091,68.8509,442.0574],[22.3086,68.8464,452.3438],[22.321,68.8463,463.8087],[22.3201,68.8373,502.0503],[22.3325,68.8371,500.4983],[22.3315,68.8281,553.7775],[22.3439,68.8279,557.6458],[22.3421,68.8099,546.4083],[22.3544,68.8098,559.8828],[22.3512,68.7783,491.0353],[22.3635,68.7781,480.4965],[22.3602,68.7466,450.5992],[22.3726,68.7464,450.0045],[22.3697,68.7194,511.2432],[22.4067,68.7189,523.6049],[22.4072,68.7234,547.4531],[22.4319,68.7231,470.3172],[22.4324,68.7276,480.6995],[22.457,68.7272,464.2765],[22.4575,68.7317,463.2666],[22.4699,68.7316,465.5658],[22.4704,68.7361,467.0662],[22.495,68.7357,495.4232],[22.4955,68.7402,507.2234],[22.5202,68.7399,556.7226],[22.5207,68.7444,559.2258],[22.5454,68.744,634.6755],[22.5449,68.7395,629.3572],[22.5696,68.7392,531.3859],[22.5691,68.7347,551.9204],[22.5937,68.7343,514.1178],[22.5932,68.7298,535.5309],[22.6179,68.7295,513.232],[22.6174,68.7249,507.3158],[22.642,68.7246,547.4612],[22.6415,68.7201,544.5171],[22.6662,68.7197,506.4221],[22.6656,68.7152,511.9305],[22.6903,68.7148,519.8711],[22.6898,68.7103,517.1368],[22.7144,68.71,497.2245],[22.7139,68.7055,503.064],[22.7262,68.7053,515.5199],[22.7257,68.7008,519.8923],[22.7503,68.7004,519.4904],[22.7497,68.6959,525.4175],[22.7744,68.6955,506.6158],[22.7738,68.691,497.8626],[22.7985,68.6906,560.2258],[22.7979,68.6861,545.234],[22.8348,68.6855,534.9393],[22.8354,68.69,524.9069],[23.02,68.687,466.8903],[23.0206,68.6915,462.7276],[23.0453,68.6911,442.8337],[23.0446,68.6866,450.7781],[23.057,68.6863,472.7489],[23.0564,68.6818,484.4069],[23.0687,68.6816,481.8907],[23.0681,68.6771,482.7978],[23.0804,68.6769,469.6552],[23.0797,68.6724,471.8192],[23.092,68.6722,491.3994],[23.0908,68.6632,519.725],[23.1031,68.663,519.1693],[23.1025,68.6585,519.9611],[23.1148,68.6583,484.5179],[23.1142,68.6538,471.74],[23.1265,68.6536,463.3104],[23.1258,68.6491,453.6664],[23.1381,68.6488,474.6983],[23.1369,68.6399,440.5709],[23.1492,68.6396,448.0087],[23.1485,68.6351,439.3016],[23.1608,68.6349,446.5338],[23.1602,68.6304,447.106],[23.1848,68.63,413.2708],[23.1854,68.6345,416.2874],[23.1977,68.6343,420.1138],[23.1983,68.6387,423.0685],[23.2229,68.6383,470.0226],[23.2235,68.6428,461.1844],[23.2358,68.6426,479.8885],[23.2364,68.6471,462.0379],[23.261,68.6466,436.9844],[23.2616,68.6511,421.9031],[23.2739,68.6509,416.5294],[23.2746,68.6554,407.152],[23.2869,68.6552,411.8616],[23.2875,68.6597,398.624],[23.3121,68.6592,389.6261],[23.3127,68.6637,389.598],[23.325,68.6635,385.6566],[23.3257,68.668,390.951],[23.3503,68.6675,391.3599],[23.351,68.672,390.5837],[23.3633,68.6718,396.2098],[23.3639,68.6763,393.3571],[23.3762,68.676,417.1746],[23.3769,68.6805,416.068],[23.4015,68.6801,473.6044],[23.4022,68.6846,471.6602],[23.4145,68.6843,464.0351],[23.4151,68.6888,493.1313],[23.4398,68.6883,517.9201],[23.4404,68.6928,543.2947],[23.4774,68.6921,481.502],[23.478,68.6966,478.6731],[23.5396,68.6954,437.1291],[23.5403,68.6999,430.2877],[23.5895,68.6989,391.0492],[23.5903,68.7034,390.4972],[23.6518,68.7021,490.7934],[23.6525,68.7066,466.1241],[23.6772,68.7061,605.9448],[23.6786,68.7151,501.937],[23.6909,68.7149,494.7085],[23.6924,68.7239,464.6814],[23.7047,68.7236,469.616],[23.7069,68.7371,436.055],[23.7193,68.7368,438.0837],[23.7208,68.7458,434.888],[23.7331,68.7456,431.2194],[23.7368,68.768,439.0074],[23.7491,68.7678,470.3192],[23.7529,68.7903,485.6796],[23.7652,68.79,462.8871],[23.7697,68.817,556.2866],[23.7821,68.8167,570.1454],[23.7829,68.8212,567.6332],[23.7953,68.821,540.53],[23.796,68.8254,561.0143],[23.8208,68.8249,559.9033],[23.8215,68.8294,532.5735],[23.8463,68.8289,526.3563],[23.8471,68.8334,528.0889],[23.8594,68.8331,554.4095],[23.8602,68.8376,559.5446],[23.8974,68.8368,536.3382],[23.8966,68.8323,538.2209],[23.9708,68.8307,502.8751],[23.97,68.8262,509.7459],[23.9948,68.8256,497.4798],[23.994,68.8211,485.6358],[24.0064,68.8208,483.4392],[24.0048,68.8118,484.7618],[24.0171,68.8116,487.4424],[24.0163,68.8071,466.9698],[24.0287,68.8068,463.3223],[24.0279,68.8023,464.2035],[24.0403,68.802,458.8328],[24.0395,68.7975,454.7008],[24.0518,68.7972,462.7772],[24.0502,68.7882,461.5536],[24.0626,68.788,464.7774],[24.0617,68.7835,469.3679],[24.0741,68.7832,496.6354],[24.0733,68.7787,526.2216],[24.0856,68.7784,499.7907],[24.0864,68.7829,498.9732],[24.1111,68.7823,507.0219],[24.112,68.7868,493.39],[24.149,68.786,570.0256],[24.1498,68.7905,532.1158],[24.1622,68.7902,554.0282],[24.1556,68.7542,547.1865],[24.1679,68.7539,547.2471],[24.1671,68.7494,543.1388],[24.2041,68.7486,501.3169],[24.2032,68.7441,491.3459],[24.2155,68.7438,494.4451],[24.2147,68.7393,513.673],[24.227,68.739,520.9219],[24.2262,68.7345,520.4798],[24.2385,68.7342,523.8423],[24.2377,68.7297,520.5958],[24.25,68.7294,520.2943],[24.2491,68.7249,525.2648],[24.2738,68.7243,520.9939],[24.2729,68.7198,518.7593],[24.3099,68.7189,488.3199],[24.309,68.7144,492.3941],[24.3582,68.7132,517.8718],[24.3574,68.7087,500.7141],[24.4189,68.7072,542.0208],[24.418,68.7027,510.7532],[24.4672,68.7015,486.1322],[24.4663,68.697,485.7306],[24.5155,68.6957,490.5174],[24.5146,68.6912,497.9182],[24.5638,68.69,470.6328],[24.5629,68.6855,478.0077],[24.6121,68.6842,534.4789],[24.6112,68.6797,543.8445],[24.6234,68.6794,515.0132],[24.6225,68.6749,471.9975],[24.6471,68.6743,463.0152],[24.6462,68.6698,459.9382],[24.6707,68.6691,466.2991],[24.6698,68.6646,460.7995],[24.6821,68.6643,432.7781],[24.6812,68.6598,443.7035],[24.7057,68.6592,441.8086],[24.7048,68.6547,444.3962],[24.7293,68.654,478.6878],[24.7284,68.6495,466.7822],[24.7407,68.6492,466.4551],[24.7397,68.6447,454.3336],[24.7642,68.6441,465.282],[24.7633,68.6396,444.5705],[24.7878,68.6389,448.2789],[24.7859,68.6299,422.0557],[24.7982,68.6296,416.6801],[24.7963,68.6206,442.7121],[24.8085,68.6203,463.7836],[24.8057,68.6068,462.2125],[24.8179,68.6065,462.4196],[24.816,68.5975,432.9262],[24.8283,68.5972,448.8876],[24.8264,68.5882,422.2892],[24.8386,68.5878,412.2347],[24.8367,68.5788,406.3149],[24.8489,68.5785,411.9639],[24.847,68.5695,443.6339],[24.8592,68.5692,416.6869],[24.8573,68.5602,420.9944],[24.894,68.5592,428.0472],[24.893,68.5547,443.7781],[24.9052,68.5544,451.6836],[24.9169,68.6083,394.6543],[24.9291,68.6079,383.282],[24.9301,68.6124,377.2797],[24.9546,68.6117,368.6106],[24.9555,68.6162,361.9328],[24.9923,68.6152,353.4203],[24.9913,68.6107,354.3118],[25.0036,68.6103,353.3194],[25.0045,68.6148,351.593],[25.0168,68.6144,351.5623],[25.0188,68.6234,351.354],[25.0433,68.6227,357.7253],[25.0443,68.6272,353.8814],[25.0565,68.6269,346.735],[25.0555,68.6224,338.3806],[25.08,68.6217,331.0345],[25.081,68.6262,333.8787],[25.0933,68.6258,327.0736],[25.0963,68.6393,327.3062],[25.1208,68.6386,318.4968],[25.1239,68.652,321.0364],[25.1116,68.6524,313.9357],[25.1167,68.6748,326.6842],[25.1044,68.6752,332.5966],[25.1074,68.6887,323.1337],[25.1197,68.6883,331.5378],[25.1207,68.6928,344.2384],[25.1084,68.6932,322.0414],[25.1115,68.7066,313.34],[25.1238,68.7063,337.4195],[25.1319,68.7422,331.697],[25.1196,68.7425,324.4456],[25.1227,68.756,294.0394],[25.135,68.7556,333.2705],[25.1432,68.7916,274.974],[25.1555,68.7912,299.9478],[25.1576,68.8002,254.3406],[25.1699,68.7998,266.1611],[25.1709,68.8043,250.2436],[25.1833,68.8039,298.7489],[25.1843,68.8084,249.0218],[25.1967,68.8081,254.8285],[25.1977,68.8126,265.806],[25.2101,68.8122,263.1926],[25.2121,68.8212,258.0717],[25.2245,68.8208,251.8159],[25.2255,68.8253,244.1536],[25.2379,68.8249,334.258],[25.2421,68.8429,255.4863],[25.2545,68.8425,252.4757],[25.2555,68.847,235.0084],[25.2679,68.8466,255.0948],[25.2689,68.8511,228.9596],[25.2813,68.8508,313.6838],[25.2824,68.8553,227.3552],[25.2947,68.8549,292.5948],[25.2969,68.8639,255.2318],[25.3216,68.8631,268.9551],[25.3227,68.8676,238.472],[25.335,68.8672,239.5995],[25.3361,68.8717,240.5788],[25.3485,68.8714,231.8264],[25.3496,68.8759,239.0193]]],
[[[23.3875,69.9812,0.0],[23.3891,69.9828,0.0],[23.3839,69.9828,0.8241],[23.3839,69.9818,0.0],[23.3875,69.9812,0.0]]],
[[[23.2859,69.9917,0.0],[23.2797,69.988,30.5544],[23.3099,69.988,0.0],[23.3042,69.9917,2.4568],[23.2859,69.9917,0.0]]],
[[[23.2979,70.1354,0.0],[23.2995,70.137,4.1346],[23.2943,70.137,0.0],[23.2943,70.1359,3.7364],[23.2979,70.1354,0.0]]],
[[[23.0417,70.0375,0.0],[23.0432,70.0391,0.0],[23.038,70.0391,0.0],[23.038,70.038,0.0],[23.0417,70.0375,0.0]]],
[[[23.05,70.0396,0.0],[23.0516,70.0411,0.0],[23.0464,70.0411,0.0],[23.0464,70.0401,0.0],[23.05,70.0396,0.0]]],
[[[23.0542,70.0479,0.0],[23.0604,70.0458,0.0],[23.0641,70.0463,0.0],[23.0583,70.05,0.0],[23.0484,70.0495,0.0],[23.05,70.0479,0.0],[23.0542,70.0479,0.0]]],
[[[23.2516,70.1599,0.0],[23.2464,70.1547,0.0],[23.2516,70.1547,0.0],[23.2578,70.1589,0.0],[23.2536,70.162,0.0],[23.2484,70.162,0.0],[23.2516,70.1599,0.0]]],
[[[23.3245,70.2297,0.0],[23.3229,70.2312,0.0],[23.3193,70.2307,0.0],[23.3208,70.2292,0.0],[23.3245,70.2297,0.0]]],
[[[23.4208,70.2979,0.0],[23.4224,70.2995,0.0],[23.4172,70.2995,0.0],[23.4172,70.2984,0.0],[23.4208,70.2979,0.0]]],
[[[23.6151,70.4984,81.6392],[23.6125,70.5,32.6604],[23.6047,70.5005,84.0463],[23.6078,70.5036,0.0],[23.6021,70.5062,0.0],[23.5958,70.5062,74.4293],[23.5812,70.5104,0.0],[23.5687,70.5104,36.3404],[23.5646,70.5125,0.0],[23.55,70.5146,0.0],[23.5417,70.5188,0.0],[23.5354,70.5188,0.0],[23.5297,70.5214,5.0728],[23.5307,70.5245,0.0],[23.5276,70.5255,18.2259],[23.5292,70.5271,29.5706],[23.5453,70.5297,13.2636],[23.5438,70.5313,0.0],[23.5359,70.5318,5.4474],[23.537,70.5349,0.0],[23.5339,70.537,0.0],[23.5375,70.5396,20.1365],[23.5453,70.5401,4.853],[23.5536,70.5484,6.1603],[23.55,70.55,9.6959],[23.5458,70.5479,0.0],[23.5422,70.5484,0.0],[23.538,70.5505,13.2197],[23.5411,70.5537,0.0],[23.538,70.5557,0.0],[23.5578,70.5568,6.5131],[23.5641,70.563,0.0],[23.563,70.5661,0.0],[23.5734,70.5766,3.3144],[23.5792,70.5792,0.0],[23.5849,70.5797,0.0],[23.587,70.5818,0.0],[23.5797,70.5859,15.0617],[23.5818,70.5891,0.0],[23.5849,70.5901,7.2785],[23.5833,70.5917,6.7971],[23.5505,70.5922,100.9814],[23.5536,70.5974,0.0],[23.5505,70.5995,19.507],[23.5557,70.6036,0.0],[23.5464,70.6047,0.0],[23.5536,70.613,5.1462],[23.5505,70.6162,27.3042],[23.5563,70.6188,0.0],[23.562,70.6193,0.0],[23.5641,70.6224,20.1297],[23.5604,70.6229,32.8281],[23.5563,70.6208,42.3793],[23.5438,70.6188,0.0],[23.5333,70.6125,265.6772],[23.5063,70.6125,24.1401],[23.5021,70.6146,0.0],[23.4818,70.6151,52.2853],[23.4828,70.6182,0.0],[23.4818,70.6203,0.0],[23.487,70.6255,3.2337],[23.4854,70.6271,0.0],[23.4708,70.6271,27.5962],[23.4646,70.625,126.2136],[23.4604,70.6271,20.1082],[23.4521,70.6271,0.0],[23.4479,70.625,4.9993],[23.4375,70.625,0.0],[23.4333,70.6229,65.1691],[23.4271,70.625,0.0],[23.4188,70.625,0.0],[23.4125,70.6229,82.282],[23.4042,70.6271,0.0],[23.3896,70.6271,20.3219],[23.3849,70.6234,24.5958],[23.3792,70.6229,122.5239],[23.3724,70.6193,197.9047],[23.3583,70.6167,33.7998],[23.3568,70.6151,0.0],[23.375,70.6125,53.6027],[23.3792,70.6104,0.0],[23.3932,70.6099,11.3874],[23.3917,70.6083,28.2544],[23.3859,70.6078,18.6707],[23.3896,70.6042,0.0],[23.4042,70.6042,0.0],[23.4188,70.6083,0.0],[23.4292,70.6083,0.0],[23.4391,70.6109,0.0],[23.4438,70.6146,29.5495],[23.4474,70.6141,7.7655],[23.4557,70.6088,0.0],[23.4432,70.5984,221.6982],[23.4333,70.5958,245.219],[23.4214,70.5953,0.0],[23.4224,70.5922,36.136],[23.4214,70.5901,0.0],[23.4328,70.5849,66.219],[23.4297,70.5807,37.1642],[23.4313,70.5792,0.0],[23.4458,70.5792,0.0],[23.45,70.5813,8.9058],[23.4667,70.5813,0.0],[23.4729,70.5833,5.8799],[23.4745,70.5828,0.0],[23.4734,70.5797,0.0],[23.4755,70.5776,0.0],[23.4813,70.575,0.0],[23.4891,70.5745,3.0127],[23.4875,70.5729,0.0],[23.4818,70.5724,0.0],[23.475,70.5667,47.8762],[23.4609,70.5661,0.0],[23.4641,70.5641,82.5701],[23.463,70.5609,0.0],[23.4724,70.5599,75.0112],[23.4714,70.5568,5.292],[23.4792,70.5563,109.6757],[23.4807,70.5547,0.0],[23.4708,70.5542,55.7714],[23.4667,70.5563,8.5924],[23.4604,70.5563,29.0182],[23.4562,70.5583,37.9723],[23.45,70.5583,33.1883],[23.4458,70.5604,0.0],[23.4396,70.5604,65.027],[23.4333,70.5625,33.1585],[23.4292,70.5604,130.0994],[23.4172,70.5599,85.216],[23.4104,70.5542,413.999],[23.3958,70.5542,290.3518],[23.3896,70.5563,0.0],[23.3854,70.5542,137.1267],[23.3792,70.5542,3.2031],[23.3693,70.5516,42.4689],[23.3651,70.5474,9.1445],[23.3708,70.5437,0.0],[23.3771,70.5458,8.9526],[23.3807,70.5453,0.0],[23.3891,70.5411,0.0],[23.3859,70.538,0.0],[23.3917,70.5354,0.0],[23.3995,70.5349,44.5254],[23.4078,70.5307,4.084],[23.4063,70.5292,31.0007],[23.3875,70.5313,0.0],[23.375,70.5375,0.0],[23.3479,70.5375,0.0],[23.3438,70.5354,15.9238],[23.3292,70.5354,93.7655],[23.325,70.5375,0.0],[23.3172,70.538,163.2646],[23.3109,70.5422,67.0024],[23.312,70.5453,0.0],[23.3104,70.5458,0.0],[23.2771,70.5458,479.4162],[23.2729,70.5437,529.7584],[23.2667,70.5458,387.3904],[23.2443,70.5453,0.0],[23.2458,70.5437,0.0],[23.2521,70.5437,29.956],[23.2578,70.5411,43.0164],[23.2599,70.5391,33.4681],[23.2589,70.5359,0.0],[23.2661,70.5328,28.5363],[23.2651,70.5297,0.0],[23.2745,70.5286,67.6066],[23.2693,70.5245,0.0],[23.2724,70.5224,0.0],[23.2714,70.5193,0.0],[23.2729,70.5188,0.0],[23.2875,70.5188,0.0],[23.2917,70.5208,0.0],[23.3021,70.5208,0.0],[23.3083,70.525,0.0],[23.3182,70.5245,0.0],[23.3167,70.5229,0.0],[23.3109,70.5224,0.0],[23.3047,70.5162,121.3218],[23.3078,70.5141,322.3777],[23.3063,70.5125,404.9982],[23.3,70.5125,341.8787],[23.2938,70.5104,237.6135],[23.2922,70.512,204.3952],[23.2953,70.5141,111.588],[23.2917,70.5146,22.7058],[23.2875,70.5125,67.5967],[23.2797,70.512,0.0],[23.2828,70.5089,21.2187],[23.2776,70.5026,0.0],[23.2807,70.5005,0.0],[23.2734,70.4995,0.0],[23.2646,70.4938,0.0],[23.2547,70.4943,0.0],[23.2557,70.4974,0.0],[23.2505,70.5005,0.0],[23.2536,70.5057,0.0],[23.2479,70.5083,16.0984],[23.2401,70.5089,102.2358],[23.2411,70.512,0.0],[23.2318,70.5172,47.0688],[23.2328,70.5203,0.0],[23.2214,70.5255,24.7809],[23.2245,70.5276,0.0],[23.2214,70.5297,0.0],[23.2224,70.5328,0.0],[23.2125,70.5375,24.7186],[23.2042,70.5375,182.9214],[23.1979,70.5354,519.0372],[23.1922,70.538,354.4863],[23.1938,70.5396,266.2],[23.2062,70.5396,52.5616],[23.2099,70.5432,34.5476],[23.1958,70.5437,306.7108],[23.1917,70.5458,159.713],[23.1708,70.5458,77.422],[23.1667,70.5437,187.8212],[23.1583,70.5437,36.6498],[23.1568,70.5443,0.0],[23.1578,70.5474,23.126],[23.1563,70.5479,34.2518],[23.1417,70.5479,64.0322],[23.1375,70.5458,88.3122],[23.1271,70.5458,28.4734],[23.1172,70.5432,0.0],[23.1193,70.5401,0.0],[23.1224,70.5391,0.0],[23.1214,70.5359,0.0],[23.1271,70.5333,0.0],[23.1411,70.5328,1.1202],[23.1453,70.5307,34.0153],[23.1443,70.5277,0.0],[23.1464,70.5255,0.0],[23.1521,70.5229,0.0],[23.1583,70.5229,0.0],[23.1625,70.5208,0.0],[23.1688,70.5229,0.0],[23.1771,70.5229,13.4436],[23.1813,70.5208,0.0],[23.2,70.5208,10.8425],[23.2042,70.5188,0.0],[23.2167,70.5188,26.8364],[23.2224,70.5151,9.4903],[23.2062,70.5167,0.0],[23.2021,70.5146,1.0432],[23.1938,70.5146,6.5432],[23.1875,70.5167,0.0],[23.1833,70.5146,18.0926],[23.175,70.5146,14.4831],[23.1688,70.5167,0.0],[23.1589,70.5099,0.0],[23.162,70.5068,0.0],[23.1547,70.5057,0.0],[23.1578,70.5026,4.1792],[23.1542,70.5,0.0],[23.1458,70.5,0.0],[23.1349,70.5057,0.0],[23.1255,70.5068,27.2362],[23.1214,70.5089,0.0],[23.1245,70.512,0.0],[23.1167,70.5125,0.0],[23.1125,70.5146,0.0],[23.1,70.5146,7.3881],[23.0938,70.5167,0.0],[23.0812,70.5125,3.0625],[23.0729,70.5146,0.0],[23.063,70.512,34.8102],[23.0641,70.5089,201.1046],[23.0563,70.5021,598.3098],[23.0484,70.5047,298.5978],[23.0495,70.5078,141.3352],[23.0458,70.5083,42.6103],[23.0396,70.5042,111.9075],[23.0229,70.5042,8.3651],[23.0182,70.5005,107.875],[23.0109,70.4995,95.2149],[23.0063,70.4958,22.8313],[22.9922,70.4953,0.0],[22.9901,70.4922,14.6116],[23.0042,70.4917,53.9096],[23.0083,70.4896,78.8752],[23.0271,70.4896,297.4143],[23.0313,70.4875,410.2093],[23.0396,70.4875,480.9943],[23.0438,70.4896,367.2626],[23.0536,70.4891,450.1337],[23.05,70.4854,562.5735],[23.0292,70.4854,504.0175],[23.0229,70.4875,274.6284],[23.013,70.4849,331.9216],[23.0161,70.4818,491.7856],[23.0125,70.4792,543.6642],[23.0089,70.4797,517.6331],[23.0099,70.4828,466.5117],[23.0083,70.4833,455.8103],[23.0021,70.4812,460.6116],[22.9839,70.4807,0.0],[22.9859,70.4776,0.0],[22.9891,70.4766,6.3396],[22.9859,70.4714,54.8614],[22.9958,70.4708,114.3946],[23.0021,70.4729,20.5175],[23.0104,70.4688,136.9825],[23.0182,70.4682,207.8788],[23.0172,70.4651,328.3466],[23.0182,70.463,391.3522],[23.0,70.4625,641.4313],[22.9958,70.4604,781.7008],[22.975,70.4604,650.8691],[22.9693,70.463,567.9821],[22.9724,70.4661,602.5648],[22.9646,70.4667,594.8493],[22.9604,70.4688,474.0375],[22.9521,70.4688,293.1727],[22.9422,70.462,11.1792],[22.9453,70.4599,34.8101],[22.9438,70.4583,47.755],[22.9104,70.4604,61.5947],[22.9063,70.4583,138.223],[22.8833,70.4583,0.0],[22.8693,70.4453,97.9694],[22.8703,70.4422,105.8537],[22.863,70.4411,0.0],[22.8661,70.4391,0.0],[22.8651,70.4359,0.0],[22.8729,70.4354,114.1204],[22.8786,70.4328,22.4631],[22.8734,70.4276,25.4133],[22.8766,70.4266,11.355],[22.8755,70.4234,0.0],[22.8786,70.4224,5.4195],[22.8776,70.4193,0.0],[22.8859,70.4151,0.0],[22.8979,70.4146,48.9113],[22.9021,70.4125,0.0],[22.9146,70.4125,0.0],[22.9292,70.4083,0.0],[22.9354,70.4083,19.1773],[22.9438,70.4042,0.0],[22.9516,70.4036,6.1726],[22.95,70.4021,19.9728],[22.9443,70.4016,35.9418],[22.9458,70.4,90.182],[22.9766,70.3995,207.034],[22.9729,70.3958,470.631],[22.95,70.3958,460.1619],[22.9458,70.3938,477.0703],[22.9375,70.3938,507.1089],[22.9333,70.3958,414.0119],[22.9146,70.3958,397.0515],[22.9042,70.4021,0.0],[22.8729,70.4021,0.0],[22.8688,70.4042,0.0],[22.8563,70.4042,61.2222],[22.8547,70.4047,28.2934],[22.8557,70.4078,0.0],[22.8464,70.4089,18.5926],[22.8443,70.4109,28.917],[22.8453,70.4141,0.0],[22.8438,70.4146,0.0],[22.8401,70.4141,28.7424],[22.8354,70.4104,12.9668],[22.8229,70.4104,33.0744],[22.8214,70.4089,11.1667],[22.837,70.4016,98.077],[22.8359,70.3984,7.7898],[22.8458,70.3938,0.0],[22.8563,70.3938,25.8687],[22.8604,70.3917,0.0],[22.8729,70.3917,33.1381],[22.8771,70.3896,4.3427],[22.8911,70.3891,0.0],[22.8901,70.3859,0.0],[22.8932,70.3849,0.0],[22.8922,70.3818,0.0],[22.8974,70.3776,16.4844],[22.8859,70.3651,0.0],[22.8932,70.3641,34.6183],[22.9042,70.3583,0.0],[22.912,70.3578,8.7717],[22.9229,70.3521,0.0],[22.9391,70.3495,0.0],[22.938,70.3464,0.0],[22.9479,70.3417,0.0],[22.9542,70.3438,14.4389],[22.9661,70.3443,0.0],[22.9703,70.3495,0.0],[22.963,70.3536,58.049],[22.9708,70.3562,0.0],[22.9745,70.3536,0.0],[22.9734,70.3505,0.0],[22.9807,70.3474,0.0],[22.9776,70.3422,11.4251],[22.9938,70.3396,24.857],[23.0063,70.3333,0.0],[23.0099,70.3339,0.0],[23.013,70.337,0.0],[23.0203,70.338,0.0],[23.0234,70.3411,0.0],[23.0328,70.3422,0.0],[23.0401,70.3495,0.0],[23.0474,70.3505,0.0],[23.0526,70.3557,0.0],[23.0599,70.3568,0.0],[23.0672,70.362,14.6683],[23.0745,70.363,0.0],[23.0839,70.3724,0.0],[23.0911,70.3734,0.0],[23.0974,70.3776,0.0],[23.1016,70.3818,0.0],[23.0984,70.3849,0.0],[23.1057,70.3859,0.0],[23.1078,70.388,0.0],[23.1047,70.3912,0.0],[23.1078,70.3922,0.0],[23.113,70.3974,0.0],[23.1182,70.3974,0.0],[23.1172,70.3943,0.0],[23.1182,70.3922,0.0],[23.113,70.3859,0.0],[23.1203,70.3818,79.5197],[23.1182,70.3797,53.8888],[23.1109,70.3786,0.0],[23.112,70.3755,0.0],[23.1099,70.3734,0.0],[23.1026,70.3724,0.0],[23.0943,70.3641,0.0],[23.0953,70.3609,0.0],[23.088,70.3536,0.0],[23.0911,70.3505,40.5711],[23.0776,70.3495,0.0],[23.0807,70.3464,45.4374],[23.075,70.3438,64.1632],[23.0568,70.3432,0.0],[23.0526,70.338,0.0],[23.0599,70.3339,3.6783],[23.0563,70.3313,16.3154],[23.0422,70.3287,0.0],[23.0432,70.3255,6.3863],[23.0422,70.3234,0.0],[23.0641,70.312,1.4028],[23.0625,70.3104,8.0845],[23.0568,70.3099,0.0],[23.0526,70.3057,9.2846],[23.0599,70.3005,0.0],[23.0547,70.2974,0.0],[23.0526,70.2943,0.0],[23.062,70.2932,0.0],[23.0609,70.2901,0.0],[23.0625,70.2896,0.0],[23.075,70.2896,7.6318],[23.0792,70.2875,0.0],[23.0854,70.2875,1.2994],[23.1,70.2792,0.0],[23.1083,70.2813,32.4584],[23.1125,70.2792,0.0],[23.1188,70.2792,0.0],[23.1255,70.2755,7.0608],[23.1354,70.2729,0.0],[23.1625,70.2729,0.0],[23.1688,70.275,62.4304],[23.175,70.2729,0.0],[23.1792,70.275,0.0],[23.1958,70.275,0.0],[23.2005,70.2786,0.0],[23.2104,70.2813,77.5378],[23.2271,70.2813,0.0],[23.2417,70.2854,0.0],[23.2521,70.2854,0.0],[23.262,70.288,0.0],[23.2641,70.2911,0.0],[23.2547,70.2922,168.7387],[23.2583,70.2958,31.383],[23.2667,70.2958,0.0],[23.2708,70.2937,0.0],[23.2917,70.2937,0.0],[23.2932,70.2953,0.0],[23.2901,70.2963,0.0],[23.2917,70.2979,10.228],[23.3083,70.2979,0.0],[23.3146,70.3021,52.3904],[23.325,70.3021,0.0],[23.3292,70.3042,27.6182],[23.3333,70.3042,0.0],[23.3349,70.3047,0.0],[23.3339,70.3078,9.2981],[23.3474,70.3089,0.0],[23.3557,70.3172,0.0],[23.3542,70.3187,0.0],[23.3464,70.3193,100.964],[23.3516,70.3234,0.0],[23.35,70.325,0.0],[23.3417,70.325,14.1646],[23.3292,70.3208,488.6911],[23.3208,70.3208,583.8073],[23.3167,70.3229,563.7538],[23.2854,70.3229,507.253],[23.2839,70.3245,374.3023],[23.3271,70.325,219.015],[23.3307,70.3276,13.1272],[23.3276,70.3297,13.7415],[23.3286,70.3328,0.0],[23.3271,70.3333,0.0],[23.3208,70.3313,41.4393],[23.3146,70.3313,57.0435],[23.3104,70.3333,0.0],[23.2839,70.3339,0.9655],[23.288,70.3391,22.127],[23.2979,70.3417,0.0],[23.3042,70.3396,0.0],[23.3188,70.3396,0.0],[23.3229,70.3417,4.4208],[23.3396,70.3417,0.0],[23.3438,70.3438,6.4859],[23.3667,70.3438,0.0],[23.3708,70.3458,0.0],[23.3917,70.3458,29.0181],[23.3958,70.3438,0.0],[23.4042,70.3438,0.0],[23.4083,70.3458,0.0],[23.4125,70.3458,0.0],[23.4245,70.3547,0.0],[23.4172,70.3588,0.0],[23.4193,70.362,0.0],[23.4292,70.3625,9.5679],[23.4333,70.3604,0.0],[23.4479,70.3604,0.0],[23.4547,70.3662,0.0],[23.4604,70.3667,0.0],[23.4661,70.3693,0.0],[23.4724,70.3755,0.0],[23.4667,70.3792,57.8857],[23.4318,70.3818,257.7019],[23.4349,70.3859,0.0],[23.4318,70.388,0.0],[23.4339,70.3912,0.0],[23.4438,70.3917,0.0],[23.4521,70.3875,0.0],[23.5104,70.3875,0.0],[23.5286,70.3922,0.0],[23.5255,70.3943,0.0],[23.5276,70.3974,0.0],[23.5333,70.4,0.0],[23.5391,70.4005,0.0],[23.5464,70.4078,0.0],[23.5724,70.413,0.0],[23.5797,70.4203,3.24],[23.587,70.4213,0.0],[23.5901,70.4245,5.783],[23.6042,70.425,0.0],[23.6104,70.4292,0.0],[23.6328,70.4339,0.0],[23.6411,70.4411,0.0],[23.638,70.4422,0.0],[23.6391,70.4453,0.0],[23.6318,70.4484,14.8148],[23.6328,70.4516,0.0],[23.6318,70.4537,0.0],[23.6349,70.4578,0.0],[23.6276,70.4609,25.2747],[23.6286,70.4682,0.0],[23.6214,70.4714,0.0],[23.6245,70.4755,0.0],[23.6234,70.4786,0.0],[23.6245,70.4807,0.0],[23.6214,70.4828,10.8132],[23.6292,70.4896,12.327],[23.6354,70.4875,0.0],[23.6437,70.4875,0.0],[23.6453,70.4891,0.0],[23.638,70.4901,14.6917],[23.6229,70.4979,0.0],[23.6151,70.4984,81.6392]]],
[[[24.248,70.4833,0.0],[24.2521,70.4812,0.0],[24.2557,70.4818,0.0],[24.25,70.4854,6.7646],[24.2401,70.4849,0.0],[24.2417,70.4833,0.0],[24.248,70.4833,0.0]]],
[[[24.0661,70.5224,0.0],[24.0609,70.5224,0.0],[24.0589,70.5193,0.0],[24.0641,70.5193,0.0],[24.0661,70.5224,0.0]]],
[[[24.1708,70.6042,0.0],[24.1724,70.6057,0.0],[24.1672,70.6057,0.0],[24.1672,70.6047,0.0],[24.1708,70.6042,0.0]]],
[[[22.2328,70.1328,0.0],[22.2292,70.1333,0.0],[22.2276,70.1318,0.0],[22.2313,70.1312,0.0],[22.2328,70.1328,0.0]]],
[[[22.3089,70.138,0.0],[22.3203,70.138,0.0],[22.3224,70.1412,0.0],[22.3151,70.1453,0.0],[22.3208,70.1458,0.0],[22.3224,70.1474,0.0],[22.3062,70.1479,0.0],[22.2964,70.1391,0.0],[22.2979,70.1375,0.0],[22.3042,70.1396,0.0],[22.3089,70.138,0.0]]],
[[[22.3937,70.1438,0.0],[22.3875,70.1438,0.0],[22.3859,70.1422,0.0],[22.4099,70.1422,0.0],[22.4083,70.1438,0.0],[22.3937,70.1438,0.0]]],
[[[22.35,70.1479,0.0],[22.3443,70.1422,0.0],[22.3542,70.1417,0.0],[22.3578,70.1443,0.0],[22.3536,70.1474,0.0],[22.35,70.1479,0.0]]],
[[[22.8896,70.1375,0.0],[22.8911,70.1391,0.0],[22.8859,70.1391,0.0],[22.8859,70.138,0.0],[22.8896,70.1375,0.0]]],
[[[23.0099,70.1412,2.2855],[23.0047,70.1412,15.2876],[23.0026,70.138,0.3153],[23.0078,70.138,16.8817],[23.0099,70.1412,2.2855]]],
[[[23.2141,70.1484,75.111],[23.2104,70.1479,94.1531],[23.1979,70.1521,0.0],[23.1833,70.1479,50.6695],[23.175,70.15,0.0],[23.1714,70.1474,16.8952],[23.1724,70.1443,4.8322],[23.1672,70.138,0.0],[23.1766,70.137,56.0093],[23.1755,70.1339,9.0819],[23.1854,70.1312,0.0],[23.2021,70.1292,8.6323],[23.2062,70.1271,0.0],[23.2146,70.1271,0.0],[23.2188,70.1292,1.8535],[23.2307,70.1297,7.6635],[23.2328,70.1328,4.0268],[23.2297,70.1349,10.8456],[23.2354,70.1396,7.8746],[23.2438,70.1375,0.0],[23.2479,70.1396,0.0],[23.2849,70.1401,0.0],[23.2833,70.1417,5.5775],[23.2771,70.1417,12.5761],[23.2646,70.1458,0.0],[23.2583,70.1458,29.128],[23.2542,70.1479,10.1939],[23.2417,70.1479,115.9434],[23.2375,70.15,0.0],[23.2167,70.15,13.5018],[23.2141,70.1484,75.111]]],
[[[22.9766,70.1557,0.0],[22.9714,70.1557,0.0],[22.9693,70.1526,0.0],[22.9745,70.1526,0.0],[22.9766,70.1557,0.0]]],
[[[22.2745,70.1693,0.0],[22.2693,70.163,0.0],[22.2766,70.1651,0.0],[22.2797,70.1682,0.0],[22.287,70.1693,0.0],[22.2922,70.1745,0.0],[22.2979,70.175,0.0],[22.2995,70.1766,0.0],[22.2917,70.1792,0.0],[22.2828,70.1713,0.0],[22.2745,70.1693,0.0]]],
[[[21.4641,70.2112,0.0],[21.4625,70.2125,0.0],[21.4589,70.212,0.0],[21.4604,70.2104,0.0],[21.4641,70.2112,0.0]]],
[[[22.3083,70.2125,0.0],[22.3099,70.2141,0.0],[22.3047,70.2141,0.0],[22.3047,70.213,0.0],[22.3083,70.2125,0.0]]],
[[[23.2188,70.1646,0.0],[23.2203,70.1661,0.0],[23.2151,70.1661,0.0],[23.2151,70.1651,0.0],[23.2188,70.1646,0.0]]],
[[[22.9599,70.2078,0.0],[22.9547,70.2078,0.0],[22.9526,70.2047,0.0],[22.9578,70.2047,0.0],[22.9599,70.2078,0.0]]],
[[[22.8625,70.2083,0.0],[22.864,70.2099,0.0],[22.8589,70.2099,0.0],[22.8589,70.2089,0.0],[22.8625,70.2083,0.0]]],
[[[22.8458,70.2104,0.0],[22.8474,70.212,0.0],[22.8422,70.212,0.0],[22.8422,70.2109,0.0],[22.8458,70.2104,0.0]]],
[[[22.8516,70.2203,0.0],[22.8464,70.2203,0.0],[22.8443,70.2172,0.0],[22.8495,70.2172,0.0],[22.8516,70.2203,0.0]]],
[[[22.7958,70.2208,0.0],[22.7974,70.2224,0.0],[22.7922,70.2224,0.0],[22.7922,70.2214,0.0],[22.7958,70.2208,0.0]]],
[[[22.7047,70.2297,0.0],[22.7078,70.2297,0.0],[22.7078,70.2307,0.0],[22.7047,70.2307,0.0],[22.7047,70.2297,0.0]]],
[[[23.2292,70.2333,0.0],[23.2234,70.2328,0.0],[23.2214,70.2297,0.0],[23.225,70.2292,0.0],[23.2349,70.2318,0.0],[23.2333,70.2333,0.0],[23.2292,70.2333,0.0]]],
[[[22.6729,70.2208,0.0],[22.6745,70.2224,0.0],[22.6693,70.2224,0.0],[22.6693,70.2214,0.0],[22.6729,70.2208,0.0]]],
[[[21.1755,70.2245,13.5097],[21.1771,70.2229,0.0],[21.1949,70.2232,0.0],[21.1875,70.2271,21.4126],[21.1792,70.2271,0.0],[21.1755,70.2245,13.5097]]],
[[[22.5625,70.2312,95.7858],[22.5641,70.2328,0.0],[22.5589,70.2328,9.3461],[22.5589,70.2318,53.8737],[22.5625,70.2312,95.7858]]],
[[[22.6771,70.2312,0.0],[22.6807,70.2328,0.0],[22.6651,70.2349,0.0],[22.6708,70.2312,0.0],[22.6771,70.2312,0.0]]],
[[[22.2958,70.2458,0.0],[22.2901,70.2401,0.0],[22.3016,70.2401,0.0],[22.3078,70.2474,0.0],[22.3042,70.2479,0.0],[22.3,70.2458,0.0],[22.2958,70.2458,0.0]]],
[[[22.6083,70.25,0.0],[22.6026,70.2443,0.0],[22.6078,70.2443,0.0],[22.612,70.2484,0.0],[22.6083,70.25,0.0]]],
[[[21.7089,70.2453,8.9467],[21.7068,70.2422,0.0],[21.7125,70.2396,0.0],[21.7161,70.2401,0.0],[21.7193,70.2432,0.0],[21.7266,70.2443,0.0],[21.7286,70.2474,0.0],[21.7255,70.2495,0.0],[21.7286,70.2536,0.0],[21.7188,70.2583,0.0],[21.7089,70.2578,0.0],[21.712,70.2557,0.0],[21.7109,70.2526,0.0],[21.7141,70.2505,0.0],[21.7089,70.2453,8.9467]]],
[[[22.2958,70.2521,0.0],[22.3042,70.25,0.0],[22.3099,70.2557,0.0],[22.2922,70.2536,0.0],[22.2958,70.2521,0.0]]],
[[[22.4609,70.2547,0.0],[22.4641,70.2547,0.0],[22.4641,70.2557,0.0],[22.4609,70.2557,0.0],[22.4609,70.2547,0.0]]],
[[[22.2536,70.2995,0.0],[22.2484,70.2995,0.0],[22.2464,70.2963,0.0],[22.2516,70.2963,0.0],[22.2536,70.2995,0.0]]],
[[[21.3533,70.3045,0.0],[21.3625,70.3,0.0],[21.3833,70.3,0.0],[21.3932,70.3026,0.0],[21.3901,70.3047,44.138],[21.3911,70.3078,8.54],[21.388,70.3099,72.7879],[21.3953,70.3109,0.0],[21.3974,70.3141,0.0],[21.3917,70.3167,0.0],[21.3646,70.3167,61.4204],[21.3604,70.3146,97.002],[21.3484,70.3141,26.1723],[21.3443,70.3089,0.0],[21.3533,70.3045,0.0]]],
[[[21.7193,70.3818,14.2274],[21.7203,70.3849,0.6214],[21.7109,70.3859,56.136],[21.712,70.3891,0.6443],[21.7005,70.3891,29.108],[21.7036,70.387,0.0],[21.7026,70.3839,0.0],[21.7099,70.3807,0.0],[21.7083,70.3792,0.0],[21.7026,70.3786,0.0],[21.7036,70.3755,0.0],[21.7005,70.3714,0.0],[21.7036,70.3693,15.6106],[21.6979,70.3646,380.1861],[21.6943,70.3651,355.0048],[21.6953,70.3682,56.4772],[21.6938,70.3688,9.9694],[21.6854,70.3688,8.2266],[21.6818,70.3662,0.0],[21.6849,70.3641,108.6322],[21.6839,70.3609,0.0],[21.6911,70.3578,0.0],[21.6901,70.3547,0.0],[21.6932,70.3536,23.4217],[21.6922,70.3505,0.0],[21.6953,70.3495,25.232],[21.6943,70.3464,0.0],[21.6953,70.3443,0.0],[21.6922,70.3401,0.0],[21.6953,70.338,59.8662],[21.6901,70.3318,0.0],[21.6974,70.3276,366.3119],[21.6901,70.3266,19.9819],[21.688,70.3245,0.0],[21.6911,70.3224,98.8975],[21.6901,70.3193,121.3988],[21.6932,70.3172,252.5762],[21.6839,70.3099,92.5761],[21.687,70.3068,196.5744],[21.6797,70.2995,14.5578],[21.6828,70.2974,91.4093],[21.6818,70.2943,79.2544],[21.6849,70.2922,178.7084],[21.6792,70.2917,0.0],[21.6776,70.2901,0.0],[21.6807,70.2891,10.6619],[21.6797,70.2859,0.0],[21.6828,70.2849,17.9223],[21.6797,70.2818,0.0],[21.6828,70.2807,0.0],[21.6818,70.2776,0.0],[21.6849,70.2766,0.0],[21.6839,70.2734,0.0],[21.6917,70.2729,0.0],[21.6974,70.2703,0.0],[21.6943,70.2651,0.0],[21.7036,70.2641,0.0],[21.7021,70.2625,0.0],[21.6964,70.262,0.0],[21.7021,70.2583,0.0],[21.7083,70.2604,0.0],[21.7229,70.2604,0.0],[21.7271,70.2625,0.0],[21.7333,70.2625,0.0],[21.7349,70.2641,0.0],[21.7318,70.2662,0.0],[21.7391,70.2672,0.0],[21.7422,70.2703,0.0],[21.7495,70.2714,0.0],[21.7526,70.2745,0.0],[21.7599,70.2755,0.0],[21.7641,70.2797,0.0],[21.7609,70.2828,0.0],[21.7682,70.2839,0.0],[21.7651,70.2859,0.0],[21.7672,70.2891,0.0],[21.7693,70.2911,0.0],[21.7766,70.2922,0.0],[21.7786,70.2943,0.0],[21.7755,70.2974,30.3247],[21.7828,70.3026,0.0],[21.7797,70.3057,0.0],[21.8016,70.3276,0.0],[21.7984,70.3307,41.4791],[21.8016,70.3318,0.0],[21.812,70.3422,0.0],[21.8089,70.3443,6.1332],[21.8099,70.3474,0.0],[21.8068,70.3484,16.0691],[21.8078,70.3516,0.0],[21.7953,70.3578,0.768],[21.7833,70.3583,5.2011],[21.775,70.3625,0.0],[21.7625,70.3625,145.6038],[21.7609,70.363,80.0748],[21.762,70.3662,0.0],[21.7526,70.3672,4.8755],[21.7536,70.3703,0.0],[21.7234,70.3755,226.0068],[21.7307,70.3786,0.0],[21.7271,70.3812,0.0],[21.7193,70.3818,14.2274]]],
[[[21.5729,70.3313,0.0],[21.5693,70.3276,2.8744],[21.5729,70.325,0.0],[21.5828,70.3255,0.0],[21.587,70.3297,0.0],[21.5833,70.3333,17.7069],[21.5729,70.3313,0.0]]],
[[[22.4646,70.2875,23.1997],[22.4792,70.2813,0.0],[22.4932,70.2807,27.9087],[22.4922,70.2776,0.0],[22.5021,70.275,0.0],[22.5208,70.275,71.5812],[22.5354,70.2708,0.0],[22.5438,70.2729,0.0],[22.5479,70.2708,0.0],[22.5542,70.2708,0.0],[22.5599,70.2682,0.0],[22.5568,70.2651,0.0],[22.5667,70.2604,0.0],[22.5979,70.2604,0.0],[22.6042,70.2583,0.0],[22.6167,70.2625,0.0],[22.6313,70.2625,35.9343],[22.6328,70.262,55.8891],[22.6318,70.2589,0.0],[22.6333,70.2583,0.0],[22.6396,70.2604,8.5155],[22.6495,70.2599,56.025],[22.6443,70.2557,0.0],[22.6458,70.2542,0.0],[22.6604,70.2542,0.0],[22.6646,70.2562,0.0],[22.6729,70.2562,0.0],[22.6813,70.2521,0.0],[22.6958,70.2521,0.0],[22.7021,70.2542,0.0],[22.7062,70.2521,0.0],[22.7188,70.2521,120.5239],[22.7417,70.2458,0.0],[22.7667,70.2458,8.0577],[22.7708,70.2438,0.0],[22.7771,70.2458,0.0],[22.7833,70.2438,0.0],[22.7917,70.2438,0.0],[22.7979,70.2458,24.1256],[22.8021,70.2438,0.0],[22.8104,70.2438,0.0],[22.8146,70.2458,0.0],[22.8292,70.2458,0.0],[22.8333,70.2438,0.0],[22.8479,70.2479,0.0],[22.8667,70.2458,0.0],[22.8708,70.2479,7.9511],[22.8917,70.2479,0.0],[22.8958,70.2458,0.0],[22.9083,70.2458,32.4723],[22.9125,70.2438,0.0],[22.9313,70.2438,82.8673],[22.9542,70.2375,0.0],[22.9578,70.238,0.0],[22.9625,70.2417,43.9041],[22.9771,70.2417,0.0],[22.9854,70.2375,0.0],[22.9938,70.2375,0.0],[22.9953,70.2391,0.0],[22.9922,70.2412,6.5743],[23.0078,70.2443,0.0],[23.0141,70.2484,0.0],[23.0109,70.2505,0.0],[23.012,70.2536,0.0],[23.0089,70.2547,0.0],[23.012,70.2599,0.0],[22.9984,70.2672,0.0],[23.0016,70.2724,0.0],[22.9943,70.2755,0.0],[22.9974,70.2786,0.0],[22.9917,70.2813,0.0],[22.9839,70.2818,31.0433],[22.9755,70.2859,10.5672],[22.9766,70.2891,0.0],[22.9734,70.2911,7.0954],[22.9766,70.2932,0.0],[22.9672,70.2943,0.0],[22.9521,70.3021,0.0],[22.9375,70.3021,0.0],[22.9292,70.2958,68.9308],[22.913,70.2963,22.4256],[22.9146,70.2979,0.0],[22.9203,70.2984,0.0],[22.9276,70.3037,0.0],[22.9349,70.3047,0.0],[22.9505,70.3203,0.0],[22.9557,70.3234,0.0],[22.9526,70.3266,13.5436],[22.9557,70.3307,0.0],[22.9458,70.3313,0.0],[22.9359,70.3287,0.0],[22.9313,70.325,5.6156],[22.9271,70.325,0.0],[22.9063,70.3187,0.0],[22.8833,70.3167,0.0],[22.8818,70.3182,0.0],[22.8859,70.3224,0.0],[22.8932,70.3234,0.0],[22.8974,70.3287,0.0],[22.8818,70.3297,105.5488],[22.8849,70.3328,0.0],[22.8708,70.3396,0.0],[22.8563,70.3396,0.0],[22.8521,70.3375,16.9374],[22.8438,70.3375,81.8676],[22.8333,70.3417,7.9612],[22.8271,70.3375,0.0],[22.8208,70.3396,7.3027],[22.8146,70.3375,5.3588],[22.8047,70.338,0.0],[22.7984,70.3422,0.0],[22.7995,70.3453,0.0],[22.7964,70.3474,0.0],[22.8016,70.3526,0.0],[22.7984,70.3557,24.1557],[22.8036,70.3588,0.0],[22.8005,70.3609,0.0],[22.8016,70.3641,0.0],[22.7984,70.3651,0.0],[22.8016,70.3703,0.0],[22.7984,70.3724,18.3305],[22.8036,70.3755,0.0],[22.8057,70.3786,0.0],[22.8,70.3812,0.0],[22.7922,70.3818,0.0],[22.788,70.3839,32.9987],[22.7891,70.387,0.0],[22.7729,70.3917,0.0],[22.7667,70.3917,0.0],[22.7625,70.3896,35.9685],[22.75,70.3896,0.0],[22.7458,70.3875,47.0449],[22.7354,70.3875,0.0],[22.7255,70.3849,0.0],[22.7234,70.3818,0.0],[22.7266,70.3807,0.0],[22.7255,70.3776,0.0],[22.7286,70.3766,0.0],[22.7276,70.3734,0.0],[22.7307,70.3724,0.0],[22.7255,70.3682,0.0],[22.7286,70.3662,0.0],[22.7276,70.363,0.0],[22.7307,70.362,0.0],[22.7276,70.3568,0.0],[22.7307,70.3547,0.0],[22.7276,70.3526,0.0],[22.7307,70.3505,0.0],[22.7271,70.3479,0.0],[22.7172,70.3484,0.0],[22.7182,70.3516,0.0],[22.713,70.3547,0.0],[22.7141,70.3578,0.0],[22.7083,70.3604,0.0],[22.7005,70.3609,187.7899],[22.7036,70.3662,0.0],[22.7005,70.3682,8.8023],[22.7036,70.3693,0.0],[22.7078,70.3745,0.0],[22.7047,70.3755,0.0],[22.7057,70.3786,0.0],[22.6984,70.3828,0.0],[22.7042,70.3833,0.0],[22.7057,70.3849,0.0],[22.6995,70.3891,0.0],[22.6854,70.3917,25.5753],[22.6813,70.3896,112.0045],[22.6693,70.3891,120.8894],[22.6724,70.387,353.4148],[22.6708,70.3854,419.3338],[22.6625,70.3854,250.8448],[22.6563,70.3875,12.8154],[22.6484,70.3828,0.0],[22.6516,70.3807,0.0],[22.6505,70.3776,0.0],[22.6536,70.3766,0.0],[22.6526,70.3734,0.0],[22.6557,70.3724,0.0],[22.6526,70.3682,0.0],[22.6536,70.3651,0.0],[22.6521,70.3646,0.0],[22.6484,70.3651,33.2662],[22.6464,70.3672,27.8478],[22.6474,70.3703,0.0],[22.6443,70.3714,14.7742],[22.6453,70.3745,0.0],[22.638,70.3776,58.4271],[22.6391,70.3807,0.0],[22.6333,70.3833,81.385],[22.6208,70.3833,351.7926],[22.6193,70.3828,382.3578],[22.6203,70.3797,523.4337],[22.6188,70.3792,535.4383],[22.6125,70.3812,451.9593],[22.5964,70.3807,0.0],[22.5901,70.3734,0.0],[22.5974,70.3693,104.6033],[22.5901,70.3682,0.0],[22.5932,70.3651,34.7765],[22.5854,70.3604,0.0],[22.5797,70.3641,0.0],[22.5854,70.3646,0.0],[22.587,70.3662,0.0],[22.5797,70.3693,6.7468],[22.5807,70.3724,0.0],[22.5776,70.3734,37.4392],[22.5849,70.3807,0.0],[22.5646,70.3812,25.0709],[22.5583,70.3833,0.0],[22.5401,70.3786,63.3098],[22.5318,70.3724,0.0],[22.5474,70.363,0.0],[22.5453,70.3609,0.0],[22.538,70.3599,0.0],[22.5313,70.3562,2.9654],[22.5255,70.3588,0.0],[22.5286,70.3641,0.0],[22.5193,70.3651,0.0],[22.5203,70.3682,0.0],[22.5125,70.3688,74.0962],[22.5042,70.3729,90.7562],[22.5005,70.3724,90.7562],[22.4953,70.3672,365.6815],[22.488,70.3662,381.8385],[22.4849,70.363,563.822],[22.475,70.3604,543.2186],[22.4688,70.3625,295.7686],[22.4479,70.3625,0.0],[22.4443,70.3599,19.7147],[22.4526,70.3547,0.0],[22.462,70.3536,0.0],[22.4651,70.3505,0.0],[22.4724,70.3474,4.4342],[22.4693,70.3422,0.0],[22.4766,70.3391,0.0],[22.475,70.3375,0.0],[22.4651,70.338,0.0],[22.4661,70.3411,0.0],[22.4568,70.3422,0.0],[22.4578,70.3453,0.0],[22.4479,70.35,0.0],[22.4396,70.35,0.0],[22.4333,70.3479,8.1481],[22.4286,70.3516,0.0],[22.4193,70.3526,0.0],[22.4203,70.3557,0.0],[22.4104,70.3562,0.0],[22.3979,70.3521,274.4659],[22.375,70.3521,0.0],[22.3688,70.3479,130.0239],[22.3583,70.3479,0.0],[22.3542,70.3458,0.0],[22.35,70.3458,0.0],[22.338,70.337,0.0],[22.3438,70.3333,0.0],[22.3516,70.3328,12.3179],[22.3495,70.3297,0.0],[22.3438,70.3292,0.0],[22.3422,70.3276,0.0],[22.3516,70.3266,0.0],[22.3672,70.3172,0.0],[22.3766,70.3161,0.0],[22.3755,70.313,0.0],[22.3786,70.312,0.0],[22.3776,70.3089,0.0],[22.387,70.3078,0.0],[22.3839,70.3047,0.0],[22.3875,70.3042,0.0],[22.3958,70.3083,265.68],[22.4036,70.3078,373.0404],[22.4026,70.3047,291.783],[22.4057,70.3026,326.7255],[22.4036,70.3005,210.723],[22.3979,70.3,79.2833],[22.3964,70.2984,13.9872],[22.4047,70.2943,0.0],[22.4188,70.2937,0.0],[22.4229,70.2917,0.0],[22.4333,70.2917,0.0],[22.4375,70.2896,0.0],[22.4458,70.2917,10.8933],[22.4474,70.2911,0.0],[22.4464,70.288,0.0],[22.4479,70.2875,0.0],[22.4646,70.2875,23.1997]]],
[[[22.9208,70.3333,21.8881],[22.9151,70.3328,0.0],[22.913,70.3297,0.0],[22.9229,70.3292,0.0],[22.9266,70.3318,0.0],[22.925,70.3333,0.0],[22.9208,70.3333,21.8881]]],
[[[21.9995,70.3391,0.0],[21.9943,70.3391,0.0],[21.9922,70.3359,0.0],[21.9974,70.3359,0.0],[21.9995,70.3391,0.0]]],
[[[22.0125,70.3417,0.0],[22.0042,70.3417,0.0],[22.0026,70.3401,0.0],[22.0141,70.3401,0.0],[22.0125,70.3417,0.0]]],
[[[21.4557,70.3568,0.0],[21.4578,70.3599,0.0],[21.4484,70.3609,50.6852],[21.4495,70.3641,0.0],[21.4422,70.3672,0.0],[21.4432,70.3703,0.0],[21.4401,70.3714,0.0],[21.4411,70.3745,0.0],[21.438,70.3755,0.9815],[21.4401,70.3786,0.0],[21.4432,70.3797,0.0],[21.4401,70.3818,0.0],[21.4411,70.3849,0.0],[21.4354,70.3875,10.7741],[21.4208,70.3875,21.0148],[21.413,70.3807,0.0],[21.4161,70.3786,50.5346],[21.4151,70.3714,0.0],[21.4182,70.3703,23.6663],[21.4161,70.3672,140.0967],[21.4042,70.3667,0.0],[21.3943,70.3641,0.0],[21.3859,70.3547,34.4849],[21.3932,70.3516,0.0],[21.3922,70.3484,21.1204],[21.3964,70.3464,0.0],[21.4161,70.3432,0.0],[21.4146,70.3417,169.3795],[21.4089,70.3411,0.0],[21.4057,70.338,0.0],[21.3984,70.337,0.0],[21.3995,70.3339,0.0],[21.3984,70.3318,0.0],[21.4141,70.3307,0.0],[21.4125,70.3292,17.2143],[21.4068,70.3287,3.4906],[21.4047,70.3255,0.0],[21.4104,70.3229,0.0],[21.4188,70.3229,0.0],[21.4286,70.3255,0.0],[21.4354,70.3313,0.0],[21.4521,70.3313,0.0],[21.4568,70.3349,5.9235],[21.4641,70.3359,0.0],[21.4682,70.3411,0.0],[21.4604,70.3417,20.6119],[21.4562,70.3438,0.0],[21.4443,70.3443,3.8353],[21.4557,70.3568,0.0]]],
[[[22.4714,70.3682,0.0],[22.463,70.3651,105.3024],[22.4792,70.3646,318.8636],[22.4828,70.3672,177.6043],[22.4813,70.3688,18.9809],[22.4714,70.3682,0.0]]],
[[[22.9516,70.4755,53.4033],[22.9458,70.475,0.0],[22.9443,70.4734,10.9269],[22.9542,70.4729,205.3645],[22.9578,70.4766,48.2127],[22.9542,70.4771,0.0],[22.9516,70.4755,53.4033]]],
[[[22.9917,70.4833,188.3113],[22.9932,70.4849,336.5038],[22.988,70.4849,183.4521],[22.988,70.4838,155.0692],[22.9917,70.4833,188.3113]]],
[[[22.9896,70.4875,233.3634],[22.9911,70.4891,211.3539],[22.9859,70.4891,57.3409],[22.9859,70.488,96.9967],[22.9896,70.4875,233.3634]]],
[[[23.1417,70.5125,0.0],[23.138,70.512,0.0],[23.1339,70.5089,0.0],[23.1437,70.5083,0.0],[23.1516,70.5141,0.0],[23.1479,70.5146,0.0],[23.1417,70.5125,0.0]]],
[[[23.6083,70.5146,0.0],[23.6099,70.5162,0.0],[23.6047,70.5162,0.0],[23.6047,70.5151,0.0],[23.6083,70.5146,0.0]]],
[[[23.6854,70.5604,5.1131],[23.687,70.562,22.9209],[23.6818,70.562,9.3533],[23.6818,70.5609,6.2271],[23.6854,70.5604,5.1131]]],
[[[23.2625,70.5646,0.0],[23.2589,70.563,0.0],[23.2646,70.5604,0.0],[23.2682,70.5609,0.0],[23.2682,70.562,0.0],[23.2625,70.5646,0.0]]],
[[[24.0583,70.6438,103.4987],[24.0542,70.6458,3.0767],[24.0479,70.6458,0.0],[24.0464,70.6474,0.0],[24.0604,70.6479,0.0],[24.0667,70.6521,25.5545],[24.0708,70.6521,0.0],[24.075,70.6542,15.957],[24.087,70.6547,0.0],[24.0891,70.6578,0.0],[24.0818,70.6589,89.2075],[24.0828,70.662,0.0],[24.0786,70.6641,27.2133],[24.0693,70.6651,148.2475],[24.0703,70.6682,16.4663],[24.0609,70.6693,199.6],[24.0641,70.6724,129.2648],[24.0542,70.6771,79.7654],[24.0464,70.6776,168.529],[24.0474,70.6807,19.0546],[24.0411,70.6849,28.1929],[24.0333,70.6854,75.9484],[24.025,70.6896,61.4809],[23.9922,70.6901,18.6352],[23.988,70.6922,23.7149],[23.9891,70.6995,7.6949],[23.9875,70.7,44.9009],[23.9688,70.7,93.7338],[23.9646,70.7021,16.5028],[23.9521,70.7021,66.2465],[23.9479,70.7042,15.0906],[23.9401,70.7047,5.1967],[23.9411,70.7078,0.0],[23.9396,70.7083,3.8801],[23.9271,70.7083,0.0],[23.9229,70.7104,0.0],[23.9125,70.7063,4.5072],[23.9083,70.7083,1.6438],[23.8667,70.7104,108.7886],[23.8625,70.7125,63.493899999999996],[23.8563,70.7125,19.7164],[23.85,70.7146,0.0],[23.8391,70.7047,113.3776],[23.8297,70.7037,9.8925],[23.825,70.7,22.9361],[23.8146,70.7,0.0],[23.8104,70.6979,0.0],[23.7896,70.6979,2.6521],[23.788,70.6995,0.0],[23.7953,70.7005,0.0],[23.7922,70.7037,4.9092],[23.7984,70.7078,0.0],[23.8141,70.7109,0.0],[23.8188,70.7146,59.8563],[23.825,70.7146,0.0],[23.8292,70.7167,22.1607],[23.8396,70.7167,0.0],[23.8411,70.7182,0.0],[23.838,70.7203,7.7773],[23.8438,70.7208,0.0],[23.8453,70.7224,10.4109],[23.8396,70.725,72.4681],[23.8312,70.725,2.2424],[23.8208,70.7167,52.3442],[23.8068,70.7193,8.7863],[23.8141,70.7224,2.6412],[23.8109,70.7234,5.5864],[23.812,70.7266,8.2081],[23.8099,70.7286,48.7827],[23.8026,70.7318,0.0],[23.8036,70.7349,3.5858],[23.8005,70.7359,76.4981],[23.8057,70.7412,21.7068],[23.7896,70.7458,138.1411],[23.7562,70.7458,220.5797],[23.75,70.7438,267.5093],[23.7458,70.7458,206.6504],[23.7271,70.7458,18.4328],[23.7208,70.7479,6.1199],[23.7167,70.7458,122.1536],[23.6729,70.7458,38.5703],[23.6651,70.7391,0.0],[23.6682,70.7359,47.0166],[23.6609,70.7307,5.7545],[23.6641,70.7286,39.3118],[23.662,70.7255,93.6882],[23.6443,70.7224,9.2921],[23.6474,70.7203,110.8804],[23.6453,70.7172,160.8061],[23.638,70.7161,77.0057],[23.6318,70.712,0.0],[23.6255,70.7057,0.0],[23.6286,70.7026,58.0382],[23.6193,70.7016,0.0],[23.6172,70.6984,0.0],[23.625,70.6979,0.0],[23.6307,70.6953,0.0],[23.6297,70.6922,0.0],[23.637,70.688,164.0952],[23.6276,70.687,0.0],[23.6255,70.6839,0.0],[23.6453,70.6807,61.6307],[23.6443,70.6776,22.9615],[23.6495,70.6745,8.9377],[23.6484,70.6713,0.0],[23.6563,70.6708,0.0],[23.6604,70.6687,3.2069],[23.6667,70.6708,10.952],[23.675,70.6708,0.0],[23.6792,70.6687,0.0],[23.6917,70.6687,0.0],[23.6932,70.6672,0.0],[23.6875,70.6625,24.0451],[23.6813,70.6646,0.0],[23.6776,70.6641,4.2397],[23.6786,70.6609,23.3647],[23.663,70.6578,0.0],[23.6661,70.6547,108.8649],[23.6589,70.6536,50.1226],[23.6557,70.6505,116.2475],[23.6479,70.65,118.0774],[23.6443,70.6474,105.2129],[23.6458,70.6458,21.0254],[23.6646,70.6458,0.0],[23.6703,70.6432,0.0],[23.6693,70.6401,8.4428],[23.6724,70.6391,16.3431],[23.6682,70.6359,0.0],[23.6609,70.6349,3.8554],[23.6547,70.6286,0.0],[23.6578,70.6255,0.0],[23.6547,70.6245,0.0],[23.6495,70.6193,43.0855],[23.6354,70.6167,0.0],[23.6286,70.613,0.0],[23.6214,70.612,0.0],[23.6146,70.6062,47.1426],[23.6063,70.6083,0.0],[23.6016,70.6047,29.9969],[23.5958,70.6042,0.0],[23.5943,70.6026,11.8392],[23.5979,70.6,0.0],[23.6229,70.6,7.7112],[23.6292,70.5979,0.0],[23.6307,70.5995,0.0],[23.6276,70.6005,0.0],[23.6255,70.6036,0.0],[23.6354,70.6062,0.62],[23.6437,70.6062,0.0],[23.6495,70.6036,36.2895],[23.6464,70.6016,0.0],[23.6479,70.6,0.0],[23.6604,70.6,0.0],[23.6688,70.5958,0.0],[23.687,70.5932,70.7543],[23.6854,70.5917,53.1044],[23.6797,70.5911,0.0],[23.6776,70.588,0.0],[23.6849,70.587,50.3539],[23.6839,70.5839,5.4163],[23.687,70.5828,26.374],[23.6859,70.5797,0.0],[23.6932,70.5766,31.6338],[23.6901,70.5734,0.0],[23.6974,70.5703,10.3732],[23.6922,70.563,7.7237],[23.6979,70.5625,23.2647],[23.6995,70.5609,23.2194],[23.6938,70.5604,0.0],[23.6922,70.5589,0.0],[23.7062,70.5583,1.5255],[23.7203,70.5516,5.2578],[23.7172,70.5484,0.0],[23.7328,70.5411,7.2918],[23.7234,70.538,0.0],[23.7292,70.5354,0.0],[23.737,70.5349,35.2097],[23.7339,70.5297,0.0],[23.737,70.5276,6.4466],[23.7339,70.5255,24.8524],[23.7464,70.5193,0.0],[23.7557,70.5182,0.0],[23.7646,70.5125,0.0],[23.7708,70.5125,26.8453],[23.7792,70.5083,0.0],[23.8312,70.5083,0.0],[23.8354,70.5104,4.0846],[23.8438,70.5104,1.4907],[23.8583,70.5062,0.0],[23.8667,70.5083,0.0],[23.8708,70.5062,0.0],[23.8833,70.5062,0.0],[23.8875,70.5042,0.0],[23.8958,70.5042,0.0],[23.9,70.5062,0.0],[23.9104,70.5062,0.0],[23.9229,70.5104,0.0],[23.9479,70.5125,0.0],[23.9562,70.5167,25.3897],[23.9667,70.5167,0.0],[23.9932,70.5234,0.0],[23.9979,70.5271,11.1291],[24.0057,70.5276,0.0],[24.0078,70.5307,0.0],[24.0047,70.5328,0.0],[24.0078,70.537,0.0],[23.9943,70.5443,6.6036],[23.9984,70.5495,8.9429],[24.0146,70.5521,0.0],[24.0193,70.5557,26.5209],[24.0266,70.5568,0.0],[24.0339,70.562,0.0],[24.0411,70.563,0.0],[24.0443,70.5661,0.0],[24.0599,70.5693,0.0],[24.0672,70.5745,7.1067],[24.0911,70.5797,0.0],[24.0901,70.5828,29.9839],[24.0917,70.5833,24.804],[24.1021,70.5833,0.0],[24.112,70.5859,0.0],[24.1224,70.5943,0.0],[24.1193,70.5974,28.5381],[24.1349,70.6005,0.0],[24.1297,70.6057,0.0],[24.1318,70.6078,0.0],[24.1391,70.6088,0.0],[24.1375,70.6104,0.0],[24.1313,70.6104,26.819],[24.1245,70.6141,20.6178],[24.1188,70.6146,11.4648],[24.113,70.6172,0.0],[24.1146,70.6188,0.0],[24.125,70.6188,0.0],[24.1286,70.6214,0.0],[24.1271,70.6229,0.0],[24.1193,70.6234,26.085],[24.1224,70.6266,0.0],[24.1021,70.6271,7.5419],[24.0964,70.6297,3.1104],[24.0979,70.6312,0.0],[24.1036,70.6318,0.0],[24.112,70.638,0.0],[24.1089,70.6401,113.6998],[24.1099,70.6432,8.8378],[24.1057,70.6453,15.7544],[24.0792,70.6458,28.3754],[24.0729,70.6479,0.0],[24.0583,70.6438,103.4987]]],
[[[23.4104,70.5813,32.0877],[23.4042,70.5833,0.0],[23.3979,70.5833,306.8809],[23.3937,70.5854,248.0391],[23.3729,70.5854,107.055],[23.3682,70.5818,184.4507],[23.3604,70.5813,0.0],[23.3557,70.5776,160.9815],[23.3484,70.5766,106.6607],[23.3464,70.5734,0.0],[23.3495,70.5714,0.0],[23.3354,70.5687,41.9562],[23.3339,70.5672,18.1297],[23.3438,70.5667,0.0],[23.3479,70.5687,36.3347],[23.3646,70.5687,0.0],[23.3771,70.5729,0.0],[23.3937,70.5729,0.0],[23.3979,70.575,0.0],[23.4083,70.575,0.0],[23.4161,70.5797,0.0],[23.4146,70.5813,0.0],[23.4104,70.5813,32.0877]]],
[[[23.5771,70.6083,0.0],[23.5807,70.6099,4.7775],[23.5667,70.6125,0.0],[23.563,70.6099,0.0],[23.5646,70.6083,0.0],[23.5771,70.6083,0.0]]],
[[[23.6292,70.6396,0.0],[23.6307,70.6412,51.0638],[23.6255,70.6412,51.7376],[23.6255,70.6401,10.2679],[23.6292,70.6396,0.0]]],
[[[23.3,70.65,39.2249],[23.2943,70.6495,10.373],[23.2922,70.6464,84.7292],[23.2958,70.6458,5.349],[23.3057,70.6484,29.9257],[23.3042,70.65,0.0],[23.3,70.65,39.2249]]],
[[[24.1891,70.6141,0.0],[24.1854,70.6146,0.0],[24.1839,70.613,0.0],[24.1875,70.6104,0.0],[24.1911,70.6109,0.0],[24.1891,70.6141,0.0]]],
[[[24.1333,70.6146,0.0],[24.1349,70.6162,0.0],[24.1297,70.6162,0.0],[24.1297,70.6151,0.0],[24.1333,70.6146,0.0]]],
[[[24.5125,70.6917,0.0],[24.5042,70.6917,0.0],[24.5026,70.6901,0.0],[24.5141,70.6901,0.0],[24.5125,70.6917,0.0]]],
[[[23.4542,70.6521,0.0],[23.4641,70.6547,0.0],[23.4609,70.6578,37.4084],[23.4641,70.6599,0.0],[23.4417,70.6604,219.109],[23.4271,70.6563,266.5348],[23.4188,70.6583,0.2617],[23.413,70.6536,8.8733],[23.4146,70.6521,0.0],[23.4417,70.6521,0.0],[23.4479,70.6542,146.5804],[23.4542,70.6521,0.0]]],
[[[23.6099,70.688,15.3326],[23.6078,70.6911,46.9177],[23.5938,70.6937,0.0],[23.5859,70.6891,0.0],[23.5839,70.6859,5.3273],[23.5896,70.6833,4.8432],[23.5979,70.6833,0.0],[23.6026,70.687,5.0859],[23.6099,70.688,15.3326]]],
[[[24.0453,70.688,0.0],[24.0438,70.6896,0.0],[24.0401,70.6891,0.0],[24.0417,70.6875,0.0],[24.0453,70.688,0.0]]],
[[[22.0917,70.5792,0.0],[22.0932,70.5807,35.7377],[22.088,70.5807,0.9357],[22.088,70.5797,0.0],[22.0917,70.5792,0.0]]],
[[[22.6896,70.55,0.0],[22.6958,70.5521,37.3799],[22.6995,70.5516,0.0],[22.6974,70.5484,29.7704],[22.6901,70.5474,0.0],[22.688,70.5453,0.0],[22.6891,70.5422,0.0],[22.688,70.5401,0.0],[22.6911,70.538,14.375],[22.6792,70.5375,10.0652],[22.6755,70.5339,24.1354],[22.6854,70.5292,0.0],[22.6932,70.5286,0.0],[22.6911,70.5255,0.0],[22.6859,70.5224,19.5079],[22.6891,70.5193,69.3292],[22.6839,70.513,0.0],[22.687,70.512,60.8759],[22.6859,70.5089,55.3663],[22.688,70.5068,12.4287],[22.6938,70.5042,3.677],[22.7036,70.5047,5.9245],[22.7141,70.513,0.0],[22.7109,70.5162,0.0],[22.7161,70.5214,0.0],[22.713,70.5245,30.5078],[22.7182,70.5276,0.0],[22.7151,70.5307,0.0],[22.7182,70.5349,0.0],[22.7151,70.537,32.5431],[22.7182,70.5411,11.011],[22.7151,70.5422,11.8346],[22.713,70.5453,3.6326],[22.7172,70.5495,0.0],[22.7271,70.5521,0.0],[22.7349,70.5495,17.1194],[22.7339,70.5463,27.6533],[22.738,70.5443,0.0],[22.7458,70.5437,25.4374],[22.75,70.5417,13.3426],[22.7604,70.5417,0.0],[22.7661,70.5391,248.9014],[22.7646,70.5375,222.814],[22.7542,70.5375,8.7054],[22.7505,70.5349,0.0],[22.7536,70.5318,4.325],[22.7505,70.5276,0.0],[22.7536,70.5255,51.0351],[22.7505,70.5245,0.0],[22.7443,70.5172,6.9164],[22.7474,70.5162,58.5351],[22.7464,70.513,27.9769],[22.7521,70.5104,0.0],[22.7604,70.5104,0.0],[22.7729,70.5146,1.5342],[22.7771,70.5146,0.0],[22.7854,70.5208,0.0],[22.8,70.5208,0.0],[22.8057,70.5182,0.0],[22.8047,70.5151,3.7864],[22.8188,70.5146,3.4428],[22.825,70.5125,11.5658],[22.8297,70.5162,0.0],[22.837,70.5172,0.0],[22.8391,70.5203,0.0],[22.8359,70.5224,0.0],[22.8479,70.5313,0.0],[22.8557,70.5286,17.4196],[22.8547,70.5255,11.7712],[22.8625,70.5208,0.0],[22.8688,70.5229,6.5008],[22.8792,70.5229,0.0],[22.8833,70.525,5.5042],[22.8958,70.525,0.0],[22.9083,70.5292,0.0],[22.9313,70.5292,0.0],[22.9391,70.5359,0.0],[22.9359,70.5391,0.0],[22.9411,70.5432,0.0],[22.9339,70.5463,63.8669],[22.9349,70.5495,22.5624],[22.9276,70.5526,170.8536],[22.9286,70.5557,0.0],[22.9,70.5583,18.216],[22.8932,70.562,0.0],[22.8854,70.5625,2.7022],[22.8839,70.5641,0.0],[22.8896,70.5687,15.5961],[22.8932,70.5682,0.0],[22.8922,70.5651,0.0],[22.8937,70.5646,0.0],[22.9042,70.5667,0.0],[22.9057,70.5682,0.0],[22.8979,70.5687,0.0],[22.8964,70.5703,0.0],[22.9083,70.5708,0.0],[22.9172,70.5766,0.0],[22.9271,70.5771,24.2764],[22.9286,70.5755,27.5807],[22.9234,70.5724,0.0],[22.9214,70.5693,0.0],[22.9271,70.5667,0.0],[22.9708,70.5646,14.9909],[22.9771,70.5667,249.8128],[22.9828,70.563,44.777],[22.9755,70.562,0.0],[22.9771,70.5604,0.0],[22.9896,70.5604,0.0],[22.9938,70.5583,0.0],[23.0099,70.5589,0.0],[23.0161,70.5661,0.0],[23.013,70.5672,4.1905],[23.0141,70.5745,0.0],[23.0109,70.5755,0.0],[23.0141,70.5807,0.0],[23.0109,70.5818,6.4767],[23.012,70.5849,0.0],[23.0089,70.587,0.0],[23.0167,70.5875,0.0],[23.0182,70.5891,0.0],[23.0089,70.5901,7.9576],[22.9979,70.5958,0.0],[22.9917,70.5938,0.0],[22.9818,70.5943,4.6252],[22.9854,70.5979,0.0],[23.0,70.5979,0.0],[23.0042,70.5958,0.0],[23.0167,70.5958,0.0],[23.0208,70.5938,0.0],[23.0286,70.5932,0.0],[23.037,70.5891,60.1329],[23.0339,70.5859,0.0],[23.0432,70.5849,0.0],[23.0401,70.5797,0.0],[23.0432,70.5787,14.2512],[23.0422,70.5755,0.0],[23.0453,70.5734,8.9419],[23.0401,70.5693,0.0],[23.0438,70.5687,0.0],[23.05,70.5708,0.0],[23.0542,70.5687,0.0],[23.0641,70.5693,0.0],[23.0682,70.5714,0.0],[23.0818,70.5849,0.0],[23.0875,70.5875,5.9444],[23.0932,70.588,0.0],[23.0901,70.5911,14.1693],[23.0922,70.5932,0.0],[23.0995,70.5943,0.0],[23.0964,70.5974,6.2266],[23.1036,70.6026,0.0],[23.1005,70.6057,0.0],[23.1042,70.6083,10.5456],[23.1182,70.6109,0.0],[23.1151,70.6141,39.0646],[23.1182,70.6162,0.0],[23.1104,70.6188,144.2101],[23.0958,70.6146,336.9313],[23.075,70.625,23.1856],[23.0625,70.625,38.7337],[23.0583,70.6271,0.0],[23.0521,70.625,23.5979],[23.0484,70.6255,22.6039],[23.0505,70.6286,0.0],[23.0625,70.6312,0.0],[23.0667,70.6292,0.0],[23.0792,70.6292,0.0],[23.0833,70.6271,0.0],[23.0917,70.6271,0.0],[23.1063,70.6312,0.0],[23.1333,70.6312,0.0],[23.138,70.6276,0.0],[23.1437,70.6271,0.0],[23.1536,70.6297,0.0],[23.1505,70.6318,8.8824],[23.1516,70.6349,3.7246],[23.1484,70.637,2.8495],[23.1526,70.6412,0.0],[23.162,70.6422,0.0],[23.1755,70.6557,0.0],[23.1911,70.6568,0.0],[23.1854,70.6604,3.3202],[23.1792,70.6583,59.5261],[23.1729,70.6604,14.0412],[23.1667,70.6583,48.5325],[23.1583,70.6583,25.616],[23.1542,70.6604,6.6736],[23.1479,70.6583,29.399],[23.1318,70.6589,10.5398],[23.1339,70.662,0.0],[23.1495,70.6651,0.0],[23.1542,70.6687,0.0],[23.1703,70.6713,0.0],[23.1646,70.675,11.6202],[23.1521,70.675,10.2521],[23.1479,70.6771,0.0],[23.1401,70.6776,57.5749],[23.1443,70.6828,0.0],[23.1578,70.6839,0.0],[23.1568,70.687,65.1185],[23.1599,70.6911,0.0],[23.1568,70.6932,47.8244],[23.1589,70.6953,0.0],[23.1641,70.6953,9.964],[23.1766,70.6891,4.0728],[23.1755,70.6859,0.0],[23.1776,70.6839,0.0],[23.1854,70.6833,0.0],[23.1938,70.6792,0.0],[23.2104,70.6771,90.4736],[23.2146,70.675,0.0],[23.2182,70.6755,0.0],[23.2203,70.6776,0.0],[23.2172,70.6807,1.2879],[23.225,70.6813,0.0],[23.2292,70.6833,8.1356],[23.2328,70.6828,11.2094],[23.2297,70.6797,0.0],[23.2339,70.6776,0.0],[23.2417,70.6771,131.9264],[23.2458,70.675,0.0],[23.2542,70.675,0.0],[23.2667,70.6792,0.0],[23.2729,70.6792,0.0],[23.2766,70.6818,0.0],[23.2734,70.6849,125.9281],[23.2792,70.6854,0.0],[23.2807,70.687,0.0],[23.2651,70.688,205.5211],[23.2661,70.6911,0.0],[23.2568,70.6922,6.2083],[23.2464,70.6995,0.0],[23.2563,70.7,0.0],[23.2604,70.6979,0.0],[23.2687,70.6979,0.0],[23.2786,70.7005,0.0],[23.2807,70.7037,0.0],[23.2776,70.7057,56.4712],[23.2828,70.7089,0.0],[23.2797,70.712,0.0],[23.2833,70.7146,0.0],[23.2932,70.7141,0.0],[23.3083,70.7063,9.1597],[23.3229,70.7063,0.0],[23.3328,70.7089,0.0],[23.3349,70.7109,0.0],[23.3214,70.7193,58.6513],[23.3245,70.7234,0.0],[23.3214,70.7266,23.6165],[23.3245,70.7297,0.0],[23.3234,70.7328,17.1281],[23.3245,70.7349,0.0],[23.3172,70.738,36.6527],[23.3182,70.7412,0.0],[23.3151,70.7432,0.0],[23.3271,70.7458,0.0],[23.3354,70.7417,0.0],[23.3432,70.7412,0.0],[23.3516,70.737,20.9233],[23.3505,70.7338,0.0],[23.3536,70.7328,0.0],[23.3526,70.7297,0.0],[23.3542,70.7292,0.0],[23.3625,70.7292,30.1257],[23.3688,70.7333,8.1469],[23.3917,70.7333,0.0],[23.4016,70.7401,12.9212],[23.3984,70.7422,146.9214],[23.4016,70.7474,0.0],[23.3984,70.7495,0.0],[23.4057,70.7547,12.5512],[23.4042,70.7562,6.673],[23.3901,70.7568,319.2545],[23.3917,70.7583,44.3964],[23.3974,70.7589,0.0],[23.3943,70.762,0.0],[23.3984,70.7662,0.0],[23.4188,70.7646,47.0368],[23.4333,70.7604,0.0],[23.4479,70.7604,0.0],[23.4536,70.763,0.0],[23.4578,70.7672,0.0],[23.4521,70.7708,0.0],[23.4333,70.7708,224.9154],[23.4318,70.7714,214.0212],[23.4328,70.7745,42.528],[23.4313,70.775,0.0],[23.4188,70.775,102.9253],[23.4042,70.7792,0.0],[23.3979,70.7792,22.4341],[23.3937,70.7813,0.0],[23.3875,70.7792,26.5447],[23.3792,70.7792,47.6083],[23.3776,70.7807,49.8756],[23.3807,70.7828,0.0],[23.3776,70.7849,0.0],[23.3958,70.7854,0.0],[23.4104,70.7896,0.0],[23.4188,70.7854,0.0],[23.4313,70.7854,0.0],[23.4458,70.7813,0.0],[23.4521,70.7833,0.0],[23.4604,70.7833,0.0],[23.475,70.7792,0.0],[23.5021,70.7792,0.0],[23.5036,70.7807,0.0],[23.5005,70.7828,20.7873],[23.5057,70.787,3.3234],[23.4979,70.7875,103.9802],[23.4922,70.7901,133.7689],[23.4974,70.7974,32.0864],[23.488,70.7984,209.0459],[23.4833,70.8021,0.0],[23.475,70.8,204.7157],[23.4708,70.8021,30.4677],[23.4646,70.8021,36.2433],[23.4562,70.8063,0.0],[23.45,70.8063,18.2813],[23.4417,70.8104,0.0],[23.4339,70.8109,0.0],[23.4354,70.8125,0.0],[23.45,70.8125,0.0],[23.4562,70.8104,0.0],[23.4599,70.8141,122.5445],[23.4458,70.8146,111.3327],[23.4396,70.8187,54.2216],[23.4214,70.8214,106.3102],[23.4229,70.8229,80.7504],[23.4286,70.8234,0.0],[23.4333,70.8271,5.8726],[23.4396,70.825,0.0],[23.4432,70.8255,0.0],[23.4391,70.8287,0.0],[23.3937,70.8292,96.053],[23.3896,70.8313,0.0],[23.3833,70.8292,8.0391],[23.375,70.8292,5.4519],[23.3651,70.8349,59.9207],[23.3745,70.8359,0.0],[23.3807,70.8432,14.315],[23.3646,70.8479,127.6742],[23.3521,70.8479,229.4587],[23.3349,70.8578,58.7684],[23.3271,70.8583,142.5228],[23.3188,70.8625,4.1706],[23.3151,70.862,0.0],[23.3182,70.8588,18.9301],[23.3125,70.8583,0.0],[23.3109,70.8568,0.0],[23.3203,70.8505,214.4306],[23.3083,70.85,38.8258],[23.3047,70.8474,17.7567],[23.3078,70.8453,101.9845],[23.3068,70.8422,0.0],[23.312,70.8391,32.3051],[23.3109,70.8359,0.0],[23.3141,70.8339,34.9084],[23.3,70.8313,12.3262],[23.2943,70.8287,0.0],[23.2958,70.8271,0.0],[23.3021,70.8271,22.332],[23.3078,70.8245,1.8461],[23.3068,70.8214,0.0],[23.3141,70.8182,0.0],[23.312,70.8151,0.0],[23.3089,70.8141,0.0],[23.312,70.8109,42.634],[23.3099,70.8089,80.0098],[23.2958,70.8063,0.0],[23.2943,70.8047,0.0],[23.3047,70.7984,0.0],[23.3188,70.7979,0.0],[23.3203,70.7974,0.0],[23.3193,70.7943,0.0],[23.3271,70.7937,0.0],[23.3286,70.7922,0.0],[23.3266,70.7901,0.0],[23.3167,70.7875,0.0],[23.3083,70.7875,0.0],[23.3042,70.7896,0.0],[23.2859,70.7891,14.8819],[23.2797,70.7818,0.0],[23.2911,70.7766,45.7914],[23.2932,70.7745,0.0],[23.2922,70.7714,0.0],[23.2953,70.7703,0.0],[23.2938,70.7688,0.0],[23.2854,70.7688,69.5823],[23.2839,70.7693,128.732],[23.2849,70.7724,0.0],[23.2651,70.7755,56.9114],[23.263,70.7776,75.4688],[23.2641,70.7807,0.0],[23.2568,70.7839,74.3627],[23.2578,70.787,4.971],[23.2521,70.7896,35.5861],[23.2396,70.7896,67.3738],[23.2339,70.7922,0.0],[23.237,70.7953,15.8803],[23.2255,70.8005,124.1127],[23.2266,70.8037,3.1541],[23.2151,70.8089,115.0969],[23.2182,70.812,0.0],[23.2125,70.8146,6.5391],[23.2047,70.8151,161.708],[23.1979,70.8187,65.5948],[23.1901,70.8193,115.1577],[23.1911,70.8224,32.9591],[23.1813,70.8271,88.5398],[23.1714,70.8266,0.0],[23.1672,70.8214,0.0],[23.1745,70.8182,7.4031],[23.1734,70.8151,0.0],[23.1828,70.8141,29.9363],[23.1849,70.812,0.0],[23.1839,70.8089,0.0],[23.1932,70.8078,82.9914],[23.1922,70.8047,7.2493],[23.1953,70.8026,70.0782],[23.1896,70.8021,0.0],[23.188,70.8005,0.0],[23.1974,70.7943,4.2301],[23.1953,70.7922,67.1175],[23.188,70.7911,0.0],[23.1859,70.788,0.0],[23.1953,70.787,3.4066],[23.1938,70.7854,0.0],[23.1651,70.7859,340.29],[23.1667,70.7875,207.3377],[23.1771,70.7875,45.5804],[23.1786,70.7891,0.0],[23.1589,70.7922,290.2251],[23.1599,70.7953,97.0116],[23.1521,70.7958,97.3234],[23.1422,70.8005,209.5849],[23.1401,70.8026,155.6692],[23.1411,70.8057,0.0],[23.1396,70.8063,0.0],[23.1271,70.8063,97.803],[23.1208,70.8083,68.2683],[23.1146,70.8063,262.8797],[23.1021,70.8125,59.1489],[23.0958,70.8125,183.9352],[23.0917,70.8146,0.0],[23.0854,70.8146,60.1257],[23.0708,70.8187,115.9867],[23.0672,70.8182,57.0988],[23.0703,70.8161,230.3202],[23.0688,70.8146,234.4241],[23.0625,70.8167,55.6285],[23.0542,70.8167,-0.1165],[23.0505,70.813,0.0],[23.0563,70.8104,0.0],[23.0828,70.8099,54.682],[23.0891,70.8057,22.6688],[23.088,70.8026,0.0],[23.0911,70.8016,8.0917],[23.0901,70.7984,0.0],[23.0979,70.7979,0.0],[23.1036,70.7943,0.0],[23.1,70.7917,2.1786],[23.0938,70.7937,0.0],[23.0812,70.7937,189.6601],[23.0797,70.7943,194.193],[23.0807,70.7974,3.5673],[23.0667,70.7979,261.7611],[23.0563,70.8021,63.3144],[23.0547,70.8005,30.7153],[23.0578,70.7984,190.1469],[23.0505,70.7974,0.0],[23.0516,70.7943,137.6558],[23.0479,70.7917,315.6902],[23.0187,70.7917,55.2374],[23.0172,70.7901,93.6846],[23.0229,70.7875,40.0172],[23.0411,70.7849,0.0],[23.05,70.7792,0.0],[23.0667,70.7771,39.5819],[23.075,70.7729,0.0],[23.0828,70.7724,31.2399],[23.0818,70.7693,2.8869],[23.0917,70.7646,0.0],[23.1,70.7646,0.0],[23.1042,70.7667,0.0],[23.1188,70.7667,1.6625],[23.1229,70.7646,0.0],[23.1307,70.7641,0.0],[23.1271,70.7604,30.8146],[23.1068,70.7599,26.1219],[23.1099,70.7568,12.0355],[23.1068,70.7526,0.0],[23.1208,70.7521,36.7848],[23.125,70.75,0.0],[23.1328,70.7495,0.0],[23.137,70.7474,0.0],[23.1339,70.7443,0.0],[23.1396,70.7417,2.1601],[23.1521,70.7417,0.0],[23.1583,70.7396,0.0],[23.1646,70.7417,0.0],[23.1703,70.738,0.0],[23.1667,70.7354,4.4143],[23.1583,70.7354,12.5496],[23.1542,70.7375,0.0],[23.1354,70.7375,54.652],[23.1271,70.7417,27.7883],[23.1188,70.7417,81.1251],[23.1089,70.7391,0.0],[23.1068,70.7359,4.9826],[23.1099,70.7338,33.3205],[23.1078,70.7318,14.1412],[23.1021,70.7292,62.3794],[23.0964,70.7286,4.2711],[23.0922,70.7245,0.0],[23.0979,70.7208,0.0],[23.1057,70.7203,21.2025],[23.1026,70.7182,7.9312],[23.1042,70.7167,-0.5],[23.1104,70.7167,-0.5],[23.1146,70.7146,8.7144],[23.1328,70.712,-0.5],[23.1229,70.7083,310.6547],[23.1146,70.7083,339.4623],[23.113,70.7089,317.1602],[23.1141,70.712,39.105],[23.1063,70.7125,34.9848],[23.0953,70.7182,11.7621],[23.088,70.7193,8.8116],[23.0891,70.7224,0.0],[23.0833,70.725,0.0],[23.0771,70.725,11.9929],[23.0708,70.7271,0.0],[23.0667,70.725,5.1895],[23.0422,70.7245,5.6028],[23.0339,70.7182,20.0951],[23.0354,70.7167,0.0],[23.0417,70.7167,90.6897],[23.0474,70.7141,126.4977],[23.0411,70.7068,2.9849],[23.038,70.7057,0.0],[23.0411,70.7026,3.4427],[23.0375,70.7,25.9784],[23.0271,70.7,0.0],[23.0255,70.6984,5.5232],[23.0313,70.6958,0.0],[23.0375,70.6958,16.5698],[23.0516,70.6901,0.0],[23.0167,70.6896,89.7244],[23.0063,70.6937,0.0],[23.0047,70.6922,11.0414],[23.0078,70.6901,7.2501],[23.0021,70.6854,70.0899],[22.9917,70.6896,1.1568],[22.988,70.6891,14.4067],[22.9859,70.6859,15.5992],[22.9995,70.6787,0.0],[22.9984,70.6755,0.0],[23.0016,70.6734,6.2855],[22.9984,70.6693,0.0],[23.0016,70.6672,0.0],[22.9896,70.6667,7.3055],[22.9854,70.6646,33.5355],[22.9547,70.6651,29.658],[22.9484,70.6703,0.0],[22.9542,70.6708,0.0],[22.9557,70.6724,6.5594],[22.9443,70.6776,0.5903],[22.9495,70.6828,0.0],[22.9354,70.6896,0.0],[22.8896,70.6875,38.4271],[22.8839,70.6901,0.0],[22.8854,70.6917,0.0],[22.8911,70.6922,0.0],[22.8958,70.6958,4.0035],[22.9141,70.6964,0.0],[22.9203,70.7005,0.0],[22.9172,70.7037,0.0],[22.9328,70.7068,0.0],[22.937,70.7109,0.0],[22.9339,70.7141,0.0],[22.9411,70.7193,0.0],[22.938,70.7214,0.0],[22.9391,70.7245,2.1429],[22.9349,70.7266,8.3893],[22.9063,70.7271,30.4987],[22.9,70.7229,242.8482],[22.8917,70.725,131.5782],[22.8771,70.7208,0.659],[22.8729,70.7229,0.0],[22.8651,70.7234,36.5234],[22.8724,70.7266,0.0],[22.8625,70.7271,0.0],[22.8516,70.7193,0.0],[22.8417,70.7188,0.0],[22.838,70.7214,0.0],[22.8401,70.7245,0.0],[22.8474,70.7255,0.0],[22.8521,70.7292,0.0],[22.8661,70.7318,0.0],[22.8682,70.7349,0.0],[22.8646,70.7375,157.4344],[22.8568,70.738,167.335],[22.8578,70.7412,0.0],[22.8521,70.7438,0.2368],[22.8396,70.7438,154.7818],[22.8312,70.7479,110.3747],[22.8104,70.7479,0.0],[22.8089,70.7464,0.0],[22.812,70.7453,0.0],[22.8109,70.7422,0.0],[22.8141,70.7412,8.164],[22.8161,70.738,37.9765],[22.8089,70.737,0.0],[22.8057,70.7338,0.0],[22.8021,70.7333,13.6509],[22.8005,70.7349,0.0],[22.8078,70.7412,0.0],[22.7958,70.7396,105.7377],[22.7839,70.7464,5.51],[22.7854,70.7479,6.5006],[22.7911,70.7484,0.0],[22.7984,70.7557,4.1746],[22.8078,70.7568,0.0],[22.8141,70.763,0.0],[22.8083,70.7667,80.3923],[22.7938,70.7667,153.2757],[22.7896,70.7646,245.7433],[22.7792,70.7646,103.2418],[22.775,70.7625,192.9065],[22.7583,70.7625,37.0938],[22.75,70.7583,202.575],[22.7359,70.7557,13.5637],[22.7313,70.7521,455.5522],[22.7229,70.7521,325.5505],[22.7167,70.7542,108.1588],[22.7109,70.7495,422.8354],[22.712,70.7464,367.0363],[22.7104,70.7458,329.0755],[22.6938,70.7458,225.5255],[22.6922,70.7443,293.9344],[22.6953,70.7422,459.7055],[22.6938,70.7417,288.4509],[22.6875,70.7438,35.2803],[22.6776,70.7432,0.0],[22.6792,70.7417,0.0],[22.687,70.7412,178.8334],[22.6859,70.738,0.0],[22.6953,70.737,253.5341],[22.6901,70.7318,0.0],[22.6995,70.7307,331.8798],[22.6979,70.7292,248.6295],[22.6859,70.7286,0.3571],[22.6932,70.7245,0.0],[22.688,70.7172,26.6044],[22.6938,70.7146,0.0],[22.7021,70.7146,0.0],[22.7104,70.7208,0.0],[22.7271,70.7208,0.0],[22.7318,70.7245,0.0],[22.737,70.7245,0.0],[22.7318,70.7182,21.2711],[22.7349,70.7161,44.8217],[22.7339,70.713,60.3524],[22.7359,70.7109,0.0],[22.7542,70.7083,74.8637],[22.7557,70.7068,179.5825],[22.7458,70.7042,143.9797],[22.7292,70.7042,21.4826],[22.7276,70.7026,0.0],[22.7333,70.7,0.0],[22.7396,70.7021,26.9967],[22.7667,70.7021,0.0],[22.7682,70.7005,29.9973],[22.763,70.6943,0.0],[22.7786,70.6932,62.4125],[22.7755,70.6901,6.7306],[22.7786,70.688,106.7673],[22.7604,70.6875,96.9138],[22.7547,70.6818,0.0],[22.7641,70.6807,6.9549],[22.7714,70.6755,0.0],[22.7911,70.6661,17.6623],[22.7901,70.663,0.0],[22.7995,70.662,75.6273],[22.7984,70.6589,0.0],[22.8005,70.6568,0.0],[22.8271,70.6563,4.907],[22.8328,70.6526,0.0],[22.8307,70.6505,11.2637],[22.8234,70.6495,86.6703],[22.8188,70.6458,100.0421],[22.8125,70.6479,0.0],[22.7917,70.6479,112.7952],[22.7875,70.6458,112.5206],[22.7667,70.6458,3.8984],[22.7542,70.6521,37.2211],[22.7396,70.6521,0.0],[22.738,70.6505,0.0],[22.7411,70.6484,6.0244],[22.737,70.6443,0.0],[22.7276,70.6432,0.0],[22.7208,70.6375,29.3192],[22.7167,70.6375,0.0],[22.7125,70.6354,9.4887],[22.7021,70.6354,3.4412],[22.6984,70.6328,0.0],[22.7042,70.6292,0.0],[22.7203,70.6266,0.0],[22.7125,70.6188,0.0],[22.6964,70.6193,7.3037],[22.6974,70.6224,0.0],[22.6901,70.6255,4.0285],[22.6911,70.6286,10.6719],[22.6901,70.6307,0.0],[22.6932,70.6349,0.0],[22.6901,70.637,0.0],[22.6932,70.6412,0.0],[22.6818,70.6464,29.4098],[22.687,70.6516,0.0],[22.6792,70.6521,180.5868],[22.675,70.6542,172.7516],[22.6714,70.6536,198.0839],[22.6667,70.65,273.523],[22.6563,70.65,11.7171],[22.6479,70.6458,76.3651],[22.6396,70.6458,20.4326],[22.638,70.6474,2.3375],[22.6458,70.6479,0.0],[22.6474,70.6495,0.0],[22.6417,70.6521,0.0],[22.6292,70.6521,9.2039],[22.625,70.6542,0.0],[22.6167,70.6542,0.0],[22.6125,70.6521,16.8038],[22.5979,70.6521,0.0],[22.5917,70.6542,0.0],[22.5859,70.6516,0.0],[22.5891,70.6495,0.0],[22.588,70.6464,0.0],[22.5964,70.6422,0.0],[22.6042,70.6417,0.0],[22.6057,70.6401,0.0],[22.5958,70.6375,58.93],[22.5792,70.6375,0.0],[22.575,70.6354,3.3307],[22.5714,70.6359,0.0],[22.5724,70.6391,0.0],[22.5693,70.6401,0.0],[22.5703,70.6432,0.0],[22.5672,70.6443,0.0],[22.5703,70.6495,0.0],[22.5646,70.6521,0.0],[22.5568,70.6526,25.5731],[22.5547,70.6557,0.0],[22.5703,70.6589,0.0],[22.5792,70.6667,0.0],[22.5833,70.6667,0.0],[22.5875,70.6687,0.0],[22.6078,70.6693,0.0],[22.6047,70.6713,0.0],[22.6063,70.6729,0.0],[22.6292,70.6729,0.0],[22.6333,70.675,18.0749],[22.6437,70.675,0.0],[22.6453,70.6766,0.0],[22.6422,70.6787,0.0],[22.6443,70.6807,49.6954],[22.65,70.6813,0.0],[22.6516,70.6828,0.0],[22.6359,70.6839,0.0],[22.6339,70.687,65.8107],[22.6396,70.6875,0.0],[22.6411,70.6891,0.0],[22.6354,70.6917,180.3741],[22.6125,70.6875,154.9701],[22.6042,70.6917,0.0],[22.5964,70.6922,203.0216],[22.5979,70.6937,172.7991],[22.6036,70.6943,12.1818],[22.6068,70.6974,6.515],[22.6141,70.6984,0.0],[22.6083,70.7021,164.7366],[22.6,70.7021,150.2545],[22.5875,70.6979,155.8839],[22.5729,70.6979,324.9948],[22.5646,70.7021,150.432],[22.5479,70.7042,340.1827],[22.5422,70.7068,285.235],[22.5474,70.712,33.1101],[22.5333,70.7188,89.3189],[22.5214,70.7161,32.6669],[22.5172,70.7109,54.353],[22.5224,70.7068,57.6959],[22.5187,70.7042,157.7971],[22.5068,70.7037,25.6512],[22.5099,70.7005,61.403],[22.4979,70.6979,184.6793],[22.4964,70.6984,189.5925],[22.4974,70.7016,35.1612],[22.4937,70.7021,0.0],[22.4875,70.6979,162.2656],[22.4693,70.6974,5.9299],[22.4849,70.6911,2.6049],[22.4839,70.688,0.0],[22.487,70.687,0.0],[22.4859,70.6839,16.6868],[22.4901,70.6818,0.0],[22.5042,70.6813,50.103],[22.5099,70.6787,7.8845],[22.4958,70.6729,115.4681],[22.4875,70.675,0.0],[22.4792,70.6687,13.0261],[22.4688,70.6729,32.8289],[22.4521,70.675,90.0545],[22.4391,70.6828,0.0],[22.4297,70.6839,95.9175],[22.4333,70.6875,0.0],[22.4453,70.688,8.1289],[22.4396,70.6917,0.0],[22.4333,70.6917,41.245],[22.4292,70.6937,27.1139],[22.4208,70.6937,16.8732],[22.4167,70.6917,0.0],[22.4068,70.6922,0.0],[22.4099,70.6974,42.3737],[22.4068,70.6995,46.6277],[22.4099,70.7005,0.0],[22.412,70.7037,0.0],[22.4026,70.7047,122.1268],[22.4036,70.7078,23.3851],[22.3964,70.7109,2.3721],[22.3995,70.7161,151.1377],[22.3937,70.7188,0.0],[22.3839,70.7182,129.917],[22.3818,70.7151,0.0],[22.3891,70.7109,109.5699],[22.3755,70.7099,58.8813],[22.3641,70.7005,282.453],[22.3568,70.6995,176.228],[22.3599,70.6964,345.362],[22.3484,70.6974,0.0],[22.3557,70.6932,0.0],[22.3526,70.688,0.0],[22.3557,70.6859,106.8702],[22.3464,70.6849,0.0],[22.3495,70.6828,19.3494],[22.3484,70.6797,0.0],[22.3625,70.6792,48.8482],[22.3641,70.6787,0.0],[22.363,70.6755,0.0],[22.3724,70.6745,0.0],[22.3849,70.6682,0.0],[22.3734,70.6641,34.9594],[22.3693,70.6589,11.1317],[22.3724,70.6578,32.2835],[22.3714,70.6547,0.0],[22.3745,70.6536,0.0],[22.3734,70.6505,0.0],[22.3911,70.6453,0.0],[22.388,70.6422,0.0],[22.3953,70.6391,43.4089],[22.3943,70.6359,89.101],[22.3974,70.6349,77.4312],[22.3964,70.6318,11.4647],[22.3995,70.6297,0.0],[22.3922,70.6286,0.0],[22.3875,70.625,12.4392],[22.3729,70.6312,22.2056],[22.3646,70.6292,98.7084],[22.3536,70.6349,22.703],[22.3458,70.6354,93.0694],[22.3375,70.6396,20.0672],[22.3312,70.6396,132.8346],[22.3271,70.6417,68.551],[22.3,70.6458,87.596],[22.2953,70.6495,119.9998],[22.2859,70.6505,129.0005],[22.275,70.6563,0.0],[22.2625,70.6563,219.3465],[22.2609,70.6568,237.2568],[22.262,70.6599,54.3129],[22.2542,70.6604,176.8619],[22.2443,70.6651,92.9298],[22.2453,70.6682,0.0],[22.237,70.6724,160.4741],[22.2208,70.675,201.6662],[22.2167,70.6771,40.8589],[22.2083,70.675,222.3166],[22.2042,70.6771,111.2615],[22.2,70.6771,45.0341],[22.1964,70.6734,0.0],[22.2104,70.6667,0.0],[22.2188,70.6687,0.0],[22.2203,70.6682,0.0],[22.2193,70.6651,0.0],[22.2271,70.6646,0.0],[22.2328,70.662,0.0],[22.2255,70.6526,0.0],[22.2307,70.6495,0.0],[22.2276,70.6443,0.0],[22.2354,70.6438,0.0],[22.237,70.6422,0.0],[22.2349,70.6401,11.5764],[22.2276,70.6391,0.0],[22.2229,70.6354,198.9827],[22.2125,70.6396,0.0],[22.2042,70.6375,204.2009],[22.1979,70.6396,140.7049],[22.1917,70.6375,235.0343],[22.1901,70.638,228.5956],[22.1911,70.6412,116.9043],[22.1875,70.6417,58.8703],[22.1833,70.6396,139.3997],[22.1458,70.6312,4.0028],[22.1417,70.6333,0.0],[22.1234,70.6359,0.0],[22.1266,70.6391,0.0],[22.1234,70.6412,27.3445],[22.1307,70.6422,0.0],[22.1328,70.6453,0.0],[22.1188,70.6458,136.5315],[22.1172,70.6464,120.021],[22.1182,70.6495,71.8893],[22.1167,70.65,0.0],[22.1,70.6458,252.405],[22.0917,70.65,0.0],[22.0833,70.6479,0.0],[22.0688,70.6521,0.0],[22.0583,70.6479,244.7503],[22.0568,70.6484,234.3406],[22.0578,70.6516,83.247],[22.0563,70.6521,29.9884],[22.05,70.65,8.2101],[22.0354,70.65,72.5162],[22.0292,70.6521,10.6934],[22.0245,70.6484,328.9467],[22.0208,70.6479,277.6425],[22.0167,70.65,100.2936],[22.0089,70.6505,41.0125],[21.988,70.6609,14.3671],[21.9891,70.6641,0.0],[21.9818,70.6672,42.4401],[21.9828,70.6703,0.0],[21.9813,70.6708,7.6914],[21.9776,70.6703,5.3903],[21.9714,70.6641,0.0],[21.9745,70.662,262.4625],[21.9724,70.6589,249.5273],[21.9688,70.6583,298.0804],[21.9625,70.6604,122.1038],[21.9609,70.6589,157.094],[21.9641,70.6578,317.1508],[21.9625,70.6563,328.4764],[21.9443,70.6557,76.1813],[21.9458,70.6542,13.7687],[21.9521,70.6542,162.9932],[21.9578,70.6516,101.5537],[21.9568,70.6484,94.7561],[21.9578,70.6464,232.3051],[21.9542,70.6458,317.1942],[21.9479,70.6479,52.8465],[21.9464,70.6464,8.796],[21.9495,70.6443,287.92],[21.9422,70.6432,27.0734],[21.9401,70.6412,35.5083],[21.9443,70.638,56.8202],[21.9521,70.6375,120.1523],[21.9562,70.6354,0.0],[21.9646,70.6375,6.74],[21.9688,70.6354,0.0],[21.9766,70.6349,12.9964],[21.9807,70.6328,10.992],[21.9776,70.6286,10.9795],[21.9792,70.6271,7.7452],[21.9891,70.6276,0.0],[21.9958,70.6333,1.7699],[22.0167,70.6333,0.0],[22.0313,70.6292,0.0],[22.0453,70.6286,5.2029],[22.0401,70.6224,0.0],[22.0432,70.6193,78.9946],[22.0339,70.6182,0.0],[22.0271,70.6125,8.5261],[22.0208,70.6146,0.0],[22.0146,70.6146,2.628],[22.0104,70.6167,0.0],[22.0005,70.6162,0.0],[21.9984,70.613,0.0],[22.0057,70.6088,0.0],[21.9938,70.6083,71.7693],[21.988,70.6036,4.206],[21.9911,70.6016,6.9871],[21.9901,70.5984,2.8804],[21.9995,70.5922,68.036],[21.9833,70.5917,0.7018],[21.9792,70.5938,0.0],[21.9755,70.5932,0.0],[21.9813,70.5896,0.0],[21.9938,70.5896,18.1948],[22.0021,70.5854,0.0],[22.0099,70.5849,73.2121],[22.0089,70.5818,0.0],[22.0104,70.5813,0.0],[22.0187,70.5833,36.8942],[22.0229,70.5813,0.0],[22.0313,70.5813,2.7652],[22.0411,70.5839,0.0],[22.038,70.587,0.0],[22.0453,70.588,0.0],[22.0495,70.5922,0.0],[22.0464,70.5943,31.4546],[22.0479,70.5958,18.3903],[22.0536,70.5953,0.0],[22.0583,70.5917,0.0],[22.0833,70.5917,1.4569],[22.0849,70.5901,0.0],[22.0818,70.5859,0.0],[22.0859,70.5839,0.3579],[22.1021,70.5833,0.0],[22.1078,70.588,0.0],[22.1047,70.5911,0.0],[22.113,70.5974,0.0],[22.125,70.5979,0.0],[22.1292,70.6,0.0],[22.1396,70.6,0.0],[22.1458,70.6042,5.1817],[22.1563,70.6042,0.0],[22.1646,70.6104,0.0],[22.1729,70.6104,0.0],[22.1745,70.6099,0.0],[22.1734,70.6068,3.8734],[22.1833,70.6062,0.0],[22.1958,70.6104,4.4198],[22.2292,70.6104,1.7915],[22.2333,70.6083,0.0],[22.2396,70.6083,9.2451],[22.2438,70.6062,0.0],[22.2563,70.6062,0.0],[22.2604,70.6042,0.0],[22.2938,70.6062,0.0],[22.3099,70.6016,0.0],[22.3057,70.5964,17.0986],[22.2984,70.5953,3.0238],[22.2938,70.5917,0.0],[22.2833,70.5917,0.0],[22.2771,70.5875,40.3785],[22.2396,70.5875,4.6043],[22.238,70.5859,0.0],[22.2458,70.5854,0.0],[22.2474,70.5839,0.0],[22.2354,70.5833,0.0],[22.2271,70.5771,52.3174],[22.2167,70.5771,9.8782],[22.2068,70.5745,0.0],[22.2047,70.5714,0.0],[22.2078,70.5693,53.1341],[22.2,70.5687,0.0],[22.1984,70.5672,0.0],[22.2083,70.5667,19.6603],[22.2146,70.5687,0.0],[22.2188,70.5667,0.0],[22.2229,70.5667,0.0],[22.2271,70.5687,0.0],[22.2354,70.5687,3.7618],[22.2417,70.5646,0.0],[22.2604,70.5646,29.2089],[22.2661,70.5609,192.7471],[22.2526,70.5599,0.0],[22.2557,70.5578,0.0],[22.2536,70.5547,0.0],[22.238,70.5516,0.0],[22.2328,70.5463,0.0],[22.2271,70.5437,5.9546],[22.2042,70.5437,0.0],[22.2,70.5417,14.1025],[22.175,70.5396,0.0],[22.1651,70.537,0.0],[22.163,70.5349,8.4034],[22.1703,70.5297,49.1223],[22.1521,70.5292,0.0],[22.1474,70.5255,48.8936],[22.138,70.5245,40.5441],[22.1328,70.5193,85.8891],[22.1255,70.5182,-1.4737],[22.1286,70.5162,118.7313],[22.1266,70.513,27.3366],[22.1146,70.5125,0.0],[22.1109,70.5099,0.0],[22.1125,70.5083,0.0],[22.1203,70.5078,7.9347],[22.1271,70.5042,0.0],[22.1333,70.5062,6.2211],[22.137,70.5057,9.9704],[22.1286,70.4984,12.8621],[22.1214,70.4974,5.0838],[22.1255,70.4943,0.0],[22.1333,70.4938,0.0],[22.1349,70.4922,0.0],[22.1214,70.4912,0.0],[22.1245,70.488,0.0],[22.1188,70.4833,23.8802],[22.1104,70.4833,24.9196],[22.1042,70.4854,13.2319],[22.0943,70.4828,54.6682],[22.0859,70.4766,0.0],[22.0875,70.475,0.0],[22.0958,70.475,0.0],[22.1005,70.4786,0.0],[22.1042,70.4792,0.0],[22.1083,70.4771,0.0],[22.1161,70.4766,99.5423],[22.1229,70.4729,0.0],[22.1292,70.4729,0.0],[22.1333,70.4708,0.0],[22.1458,70.4708,14.9537],[22.1521,70.4688,0.0],[22.1703,70.4734,0.0],[22.1568,70.4818,1.798],[22.1583,70.4833,0.0],[22.1792,70.4833,0.0],[22.1833,70.4812,0.0],[22.1979,70.4812,0.0],[22.2026,70.4849,4.8323],[22.2062,70.4854,0.0],[22.2151,70.4797,0.0],[22.2229,70.4792,0.0],[22.2271,70.4771,0.0],[22.2307,70.4776,0.0],[22.2354,70.4812,4.7616],[22.2458,70.4812,0.0],[22.2516,70.4849,0.0],[22.2443,70.488,0.0],[22.2453,70.4912,0.0],[22.2422,70.4932,0.0],[22.2484,70.4995,0.0],[22.2557,70.5005,0.0],[22.2578,70.5026,0.0],[22.2568,70.5057,0.0],[22.2589,70.5078,15.8154],[22.2661,70.5089,0.0],[22.2745,70.5172,0.0],[22.2729,70.5188,0.0],[22.2651,70.5193,7.3962],[22.2661,70.5224,0.0],[22.263,70.5245,0.0],[22.2771,70.5292,0.0],[22.2917,70.5292,0.0],[22.2974,70.5266,0.0],[22.2901,70.5203,0.0],[22.2932,70.5182,0.0],[22.288,70.512,0.0],[22.2911,70.5089,32.8666],[22.2854,70.5083,0.0],[22.2839,70.5068,0.0],[22.287,70.5057,0.0],[22.2891,70.5036,0.0],[22.288,70.5005,0.0],[22.2911,70.4995,49.844],[22.288,70.4943,0.0],[22.3021,70.4875,0.0],[22.3146,70.4875,37.5174],[22.3188,70.4854,9.5697],[22.3271,70.4854,0.0],[22.3333,70.4875,26.1482],[22.3396,70.4854,0.0],[22.3464,70.4912,0.0],[22.3536,70.4922,0.0],[22.3578,70.4964,0.0],[22.3547,70.4995,0.0],[22.3682,70.5005,11.4561],[22.363,70.5057,0.0],[22.3729,70.5083,7.6457],[22.3813,70.5062,0.0],[22.3828,70.5078,4.5755],[22.3797,70.5099,0.0],[22.4,70.5146,0.0],[22.4016,70.513,0.0],[22.3964,70.5068,0.0],[22.4016,70.5036,0.0],[22.4005,70.5005,0.0],[22.4036,70.4995,0.0],[22.3984,70.4932,0.0],[22.4016,70.4912,67.9505],[22.4005,70.488,13.4497],[22.4063,70.4854,0.0],[22.4375,70.4854,0.0],[22.4417,70.4875,11.2925],[22.4479,70.4875,0.0],[22.4578,70.4901,0.0],[22.4599,70.4932,0.0],[22.4568,70.4953,13.6862],[22.4641,70.4964,0.0],[22.4625,70.4979,9.036],[22.4547,70.4984,0.0],[22.4505,70.5016,21.5325],[22.4578,70.5068,0.0],[22.4547,70.5089,0.0],[22.4578,70.5141,0.0],[22.4547,70.5162,0.0],[22.4568,70.5182,10.5536],[22.4641,70.5193,0.0],[22.4609,70.5224,0.0],[22.4688,70.5271,0.0],[22.4724,70.5266,0.0],[22.4839,70.5193,0.0],[22.4932,70.5182,0.0],[22.4922,70.5151,0.0],[22.4953,70.5141,0.0],[22.4943,70.5109,0.0],[22.5036,70.5057,0.0],[22.5026,70.5026,0.0],[22.5151,70.4964,0.0],[22.5187,70.4958,0.0],[22.5286,70.4984,0.0],[22.5214,70.5036,1.2419],[22.5313,70.5042,0.0],[22.5505,70.4943,0.0],[22.5604,70.4938,0.0],[22.5651,70.4974,2.0622],[22.5724,70.4984,0.0],[22.5693,70.5016,4.6558],[22.5734,70.5057,28.5459],[22.5828,70.5068,0.0],[22.5797,70.5099,33.2949],[22.5849,70.5162,0.0],[22.5776,70.5193,22.3922],[22.5812,70.5229,0.0],[22.5974,70.5162,0.0],[22.5964,70.513,0.0],[22.6063,70.5083,12.5357],[22.6161,70.5089,12.3619],[22.6203,70.513,2.342],[22.613,70.5182,156.8129],[22.6224,70.5266,0.0],[22.6193,70.5276,23.612],[22.6203,70.5307,0.0],[22.6109,70.5318,0.0],[22.612,70.5349,0.0],[22.6089,70.537,11.7847],[22.6141,70.5422,0.0],[22.613,70.5453,0.0],[22.6141,70.5474,0.0],[22.6068,70.5516,0.0],[22.6229,70.5521,38.5907],[22.6245,70.5516,53.0681],[22.6234,70.5484,0.0],[22.6328,70.5474,33.6365],[22.6318,70.5443,0.0],[22.6333,70.5437,0.0],[22.637,70.5443,18.2244],[22.6411,70.5484,0.0],[22.638,70.5505,2.5325],[22.6401,70.5537,0.0],[22.65,70.5563,0.0],[22.6536,70.5557,0.0],[22.6526,70.5526,0.0],[22.6604,70.5521,0.0],[22.6688,70.5479,0.0],[22.675,70.55,41.8082],[22.6896,70.55,0.0]]],
[[[21.9536,70.6307,0.0],[21.9484,70.6307,11.7381],[21.9464,70.6276,0.0],[21.9516,70.6276,0.0],[21.9536,70.6307,0.0]]],
[[[22.375,70.7167,0.0],[22.3766,70.7182,10.6088],[22.3714,70.7182,0.0],[22.3714,70.7172,0.0],[22.375,70.7167,0.0]]],
[[[22.9562,70.7417,0.0],[22.9599,70.7422,20.3919],[22.9599,70.7432,13.1214],[22.9547,70.7432,0.0],[22.9562,70.7417,0.0]]],
[[[22.9318,70.7495,57.1074],[22.9255,70.7443,0.0],[22.9438,70.7438,0.0],[22.9536,70.7464,0.0],[22.962,70.7547,0.0],[22.9589,70.7578,46.0587],[22.962,70.7589,0.0],[22.9641,70.762,0.0],[22.9609,70.763,60.8589],[22.962,70.7662,0.0],[22.9604,70.7667,0.0],[22.9443,70.7662,93.3176],[22.9391,70.7609,77.2563],[22.9359,70.7599,0.0],[22.9391,70.7568,84.2899],[22.9318,70.7557,28.2127],[22.9349,70.7526,10.7719],[22.9318,70.7495,57.1074]]],
[[[23.0693,70.8359,131.2576],[23.0724,70.8391,22.4264],[23.0651,70.8422,88.5917],[23.0661,70.8453,0.0],[23.0646,70.8458,0.0],[23.0313,70.8458,0.0],[23.0271,70.8438,0.0],[23.0021,70.8438,142.1237],[23.0005,70.8422,185.6258],[23.0036,70.8401,288.1212],[22.9901,70.8391,0.0],[22.9917,70.8375,0.0],[23.0125,70.8375,240.9652],[23.0167,70.8396,111.2859],[23.025,70.8396,52.6949],[23.0266,70.838,66.4496],[23.0245,70.8359,236.8641],[23.0187,70.8354,242.5625],[23.0172,70.8339,99.04],[23.025,70.8333,0.0],[23.0292,70.8313,0.0],[23.0417,70.8313,0.0],[23.0458,70.8292,0.0],[23.0521,70.8313,63.9786],[23.0688,70.8313,0.0],[23.0724,70.8339,7.2067],[23.0693,70.8359,131.2576]]],
[[[23.0568,70.8536,0.0],[23.0599,70.8516,1.0522],[23.0589,70.8484,0.0],[23.0604,70.8479,0.0],[23.0688,70.8479,0.0],[23.0724,70.8505,-0.8754],[23.0604,70.8583,54.8605],[23.0568,70.8578,14.3361],[23.0599,70.8547,17.2445],[23.0568,70.8536,0.0]]],
[[[22.9,70.8708,86.2645],[22.8901,70.8672,0.0],[22.9,70.8667,0.0],[22.9099,70.8693,0.0],[22.9083,70.8708,0.0],[22.9,70.8708,86.2645]]],
[[[23.5833,70.7,0.0],[23.587,70.7005,0.0],[23.587,70.7016,0.0],[23.5818,70.7016,0.0],[23.5833,70.7,0.0]]],
[[[24.0167,70.7146,0.0],[24.0203,70.7151,0.0],[24.0203,70.7161,0.0],[24.0151,70.7161,0.0],[24.0167,70.7146,0.0]]],
[[[23.8333,70.7312,22.7882],[23.8255,70.7307,0.0],[23.8234,70.7276,0.0],[23.8396,70.7271,0.0],[23.8495,70.7297,0.0],[23.8479,70.7312,0.0],[23.8333,70.7312,22.7882]]],
[[[23.7813,70.7521,0.0],[23.7828,70.7536,0.0],[23.7755,70.7536,0.0],[23.7771,70.7521,0.0],[23.7813,70.7521,0.0]]],
[[[24.3578,70.6964,0.0],[24.3563,70.6979,0.0],[24.3526,70.6974,0.0],[24.3542,70.6958,0.0],[24.3578,70.6964,0.0]]],
[[[24.4057,70.7057,0.0],[24.3958,70.7063,0.0],[24.3943,70.7047,0.0],[24.4042,70.7042,0.0],[24.4057,70.7057,0.0]]],
[[[24.3667,70.7063,0.0],[24.3703,70.7068,0.0],[24.3703,70.7078,0.0],[24.3651,70.7078,0.0],[24.3667,70.7063,0.0]]],
[[[24.1828,70.7932,5.5375],[24.1729,70.7937,17.4021],[24.1714,70.7922,24.5849],[24.1812,70.7917,0.0],[24.1828,70.7932,5.5375]]],
[[[23.7562,70.7542,0.0],[23.7599,70.7547,0.0],[23.7599,70.7557,0.0],[23.7547,70.7557,0.0],[23.7562,70.7542,0.0]]],
[[[23.7458,70.7562,0.0],[23.7495,70.7568,0.0],[23.7495,70.7578,0.0],[23.7443,70.7578,0.0],[23.7458,70.7562,0.0]]],
[[[23.3146,70.8646,0.0],[23.3182,70.8651,3.9717],[23.3182,70.8662,36.3563],[23.313,70.8662,0.0],[23.3146,70.8646,0.0]]],
[[[23.7104,70.875,0.0],[23.7208,70.8729,0.0],[23.7224,70.8745,0.0],[23.7193,70.8766,16.9759],[23.7224,70.8786,0.0],[23.7104,70.8792,0.0],[23.7068,70.8755,6.3541],[23.7104,70.875,0.0]]],
[[[24.4813,70.8208,0.0],[24.4849,70.8214,0.0],[24.4849,70.8224,0.0],[24.4797,70.8224,0.0],[24.4813,70.8208,0.0]]],
[[[24.0792,70.8229,115.5822],[24.075,70.8229,7.0552],[24.0734,70.8214,0.0],[24.0792,70.8187,11.7495],[24.0938,70.8187,0.0],[24.0995,70.8214,0.0],[24.0938,70.825,0.0],[24.0875,70.8229,88.2958],[24.0792,70.8229,115.5822]]],
[[[24.4833,70.8271,0.0],[24.487,70.8276,0.0],[24.487,70.8287,0.0],[24.4818,70.8287,0.0],[24.4833,70.8271,0.0]]],
[[[24.4604,70.8375,0.0],[24.4724,70.8359,0.0],[24.4667,70.8396,0.0],[24.4568,70.8391,0.0],[24.4604,70.8375,0.0]]],
[[[24.2068,70.8526,0.0],[24.2104,70.8521,0.0],[24.2167,70.8562,0.0],[24.2313,70.8583,0.0],[24.2375,70.8625,29.8107],[24.25,70.8625,0.0],[24.2542,70.8646,0.0],[24.2583,70.8646,0.0],[24.2646,70.8688,0.0],[24.2807,70.8714,0.0],[24.2839,70.8745,0.0],[24.2911,70.8755,0.0],[24.2958,70.8792,0.0],[24.3083,70.8792,0.0],[24.3099,70.8807,0.0],[24.2979,70.8854,0.0],[24.2932,70.8818,10.8607],[24.2875,70.8792,8.7386],[24.2818,70.8786,0.0],[24.2771,70.875,26.0665],[24.2604,70.875,0.0],[24.2458,70.8708,32.7452],[24.2354,70.8708,5.7966],[24.2229,70.8667,95.0474],[24.2042,70.8667,0.0],[24.2,70.8646,7.0346],[24.1896,70.8646,0.0],[24.1828,70.8588,0.0],[24.1734,70.8578,0.0],[24.175,70.8562,0.0],[24.1891,70.8557,90.8089],[24.188,70.8526,0.0],[24.1896,70.8521,0.0],[24.1979,70.8521,0.0],[24.2021,70.8542,8.9948],[24.2068,70.8526,0.0]]],
[[[24.3828,70.8776,0.0],[24.3818,70.8755,0.0],[24.3859,70.8734,0.0],[24.3958,70.8729,0.0],[24.3974,70.8745,0.0],[24.3943,70.8766,0.0],[24.4016,70.8828,0.0],[24.3875,70.8812,0.0],[24.3828,70.8776,0.0]]],
[[[24.3583,70.8833,0.0],[24.3568,70.8818,0.0],[24.3625,70.8792,0.0],[24.3661,70.8797,0.0],[24.3682,70.8818,0.0],[24.3667,70.8833,0.0],[24.3583,70.8833,0.0]]],
[[[24.2287,70.8811,0.0],[24.2276,70.8797,11.4676],[24.2333,70.8771,13.4414],[24.2479,70.8771,0.0],[24.2516,70.8797,0.0],[24.2484,70.8828,0.0],[24.2578,70.8839,0.0],[24.2599,70.887,0.0],[24.2438,70.8875,25.6858],[24.2349,70.8818,65.0566],[24.2287,70.8811,0.0]]],
[[[23.6828,70.9193,16.3501],[23.6797,70.9182,13.1869],[23.6776,70.9151,0.0],[23.7099,70.9151,0.0],[23.7068,70.9172,31.9329],[23.7078,70.9203,12.0475],[23.7062,70.9208,37.7811],[23.6854,70.9208,0.0],[23.6828,70.9193,16.3501]]],
[[[24.0458,71.0333,1.8006],[24.0333,71.0333,26.5717],[24.0292,71.0354,12.1637],[24.0208,71.0354,45.4144],[24.012,71.0276,5.2509],[24.0063,71.025,0.0],[23.9964,71.0255,0.0],[23.9922,71.0276,11.9284],[23.9953,71.0307,0.0],[23.9896,71.0333,0.0],[23.9813,71.0333,177.2668],[23.9771,71.0313,186.5351],[23.9729,71.0313,288.9864],[23.9667,71.0333,101.4391],[23.9625,71.0313,266.7241],[23.9458,71.0313,23.3312],[23.9333,71.0271,339.1406],[23.8937,71.025,41.2676],[23.8922,71.0234,51.2617],[23.8979,71.0208,3.847],[23.9104,71.0208,32.8608],[23.9146,71.0188,0.0],[23.9292,71.0167,0.0],[23.9432,71.0089,251.1589],[23.9333,71.0083,212.1299],[23.9271,71.0104,53.1678],[23.9229,71.0083,133.116],[23.8917,71.0083,0.0],[23.8859,71.0026,18.9235],[23.8896,71.0021,12.3687],[23.8937,71.0042,0.0],[23.9271,71.0042,0.0],[23.9286,71.0026,0.0],[23.925,71.0,0.0],[23.9083,71.0,26.7485],[23.9021,70.9958,135.498],[23.8979,70.9958,79.6213],[23.8937,70.9979,51.3719],[23.8729,70.9979,124.885],[23.8687,70.9958,169.7967],[23.8583,70.9958,245.6786],[23.8547,70.9922,8.5323],[23.8583,70.9917,0.0],[23.8646,70.9938,102.3874],[23.8687,70.9917,0.0],[23.8813,70.9917,0.0],[23.8828,70.9901,0.0],[23.8776,70.9859,0.0],[23.8917,70.9854,140.7363],[23.8932,70.9849,140.7363],[23.8922,70.9818,0.0],[23.8937,70.9812,0.0],[23.9,70.9833,0.0],[23.9125,70.9833,0.0],[23.9167,70.9854,0.0],[23.925,70.9833,0.0],[23.9292,70.9854,0.0],[23.9583,70.9854,0.0],[23.9625,70.9875,9.489],[23.9708,70.9875,12.3406],[23.975,70.9854,0.0],[24.0,70.9854,0.0],[24.0057,70.9828,0.0],[24.0021,70.9792,3.215],[23.9958,70.9812,8.1714],[23.9562,70.9812,9.722],[23.9521,70.9792,116.6963],[23.9396,70.9792,12.0843],[23.9333,70.975,164.7641],[23.9172,70.9724,0.0],[23.9203,70.9693,4.4887],[23.9141,70.963,224.297],[23.9047,70.962,162.3498],[23.8964,70.9537,141.6668],[23.9,70.95,0.0],[23.9036,70.9505,0.0],[23.9026,70.9537,161.8217],[23.9063,70.9542,253.7719],[23.913,70.9505,0.0],[23.9229,70.9479,0.0],[23.9271,70.9479,0.0],[23.9313,70.95,82.0866],[23.9396,70.95,0.0],[23.9438,70.9479,0.0],[23.95,70.95,7.4462],[23.9536,70.9495,76.8795],[23.9464,70.9422,0.0],[23.9625,70.9437,0.0],[23.9667,70.9417,5.8679],[23.9729,70.9417,65.271],[23.9745,70.9401,239.6361],[23.9646,70.9375,232.1194],[23.9271,70.9375,0.0],[23.9255,70.9359,29.6071],[23.9313,70.9333,60.6068],[23.9391,70.9328,0.0],[23.938,70.9297,0.0],[23.9438,70.9271,0.0],[23.9771,70.9271,0.0],[23.9833,70.9292,0.0],[23.9932,70.9245,140.839],[23.9859,70.9213,0.0],[23.9953,70.9203,115.4863],[23.9922,70.9182,0.0],[23.9938,70.9167,0.0],[24.0229,70.9146,0.0],[24.0271,70.9125,0.0],[24.0562,70.9125,0.0],[24.0604,70.9146,51.8223],[24.0724,70.9151,0.0],[24.0745,70.9182,180.0498],[24.0714,70.9203,168.1088],[24.0807,70.9213,0.0],[24.087,70.9276,24.8829],[24.0839,70.9307,0.0],[24.0979,70.9354,0.0],[24.1063,70.9354,52.6097],[24.1188,70.9292,0.0],[24.1313,70.9292,0.0],[24.1354,70.9271,0.0],[24.1437,70.9271,0.0],[24.1536,70.9297,0.0],[24.1578,70.9349,1.3071],[24.1479,70.9375,0.0],[24.1354,70.9375,3.3022],[24.1339,70.9391,13.1509],[24.1646,70.9396,0.0],[24.1688,70.9417,56.3981],[24.2,70.9417,0.0],[24.2182,70.9464,0.0],[24.2125,70.95,21.075],[24.1875,70.95,71.4088],[24.1818,70.9537,7.8685],[24.1896,70.9542,0.0],[24.1938,70.9563,3.5793],[24.2167,70.9563,0.0],[24.2203,70.9589,13.8116],[24.2182,70.962,0.0],[24.2,70.9646,95.4269],[24.1958,70.9667,69.3054],[24.1833,70.9667,84.6928],[24.1792,70.9688,0.0],[24.1708,70.9667,66.7719],[24.1667,70.9688,13.5904],[24.1417,70.9688,0.0],[24.1375,70.9708,45.9472],[24.1271,70.9708,0.0],[24.1208,70.9688,29.5337],[24.1167,70.9708,0.0],[24.1083,70.9708,21.8317],[24.1042,70.9688,57.0955],[24.0938,70.9688,0.0],[24.0896,70.9667,65.2801],[24.0833,70.9688,0.0],[24.075,70.9688,0.0],[24.0604,70.9646,6.5587],[24.0464,70.9672,0.0],[24.0547,70.9745,0.0],[24.0724,70.9776,0.0],[24.0651,70.9818,6.5288],[24.0661,70.9849,0.0],[24.063,70.9859,0.0],[24.0646,70.9875,0.0],[24.0833,70.9875,0.0],[24.0896,70.9896,13.0471],[24.0958,70.9875,0.0],[24.1005,70.9912,0.0],[24.1078,70.9922,0.0],[24.1146,70.9958,0.0],[24.1208,70.9938,0.0],[24.1292,70.9938,0.0],[24.1339,70.9974,0.0],[24.1437,71.0,0.0],[24.1542,71.0,1.9867],[24.1641,70.9974,35.8464],[24.1568,70.9943,0.0],[24.1646,70.9938,0.0],[24.1688,70.9917,0.0],[24.175,70.9938,15.136],[24.2,70.9938,2.2121],[24.2016,70.9953,26.8345],[24.1958,70.9979,17.4912],[24.1896,70.9979,40.5749],[24.1854,71.0,9.3953],[24.1792,71.0,117.7873],[24.1646,71.0042,0.0],[24.1208,71.0042,9.2803],[24.1167,71.0062,0.0],[24.075,71.0062,29.4593],[24.0708,71.0042,39.2095],[24.0562,71.0042,4.7554],[24.0521,71.0062,0.0],[24.0458,71.0062,1.8004],[24.0401,71.0099,0.0],[24.0438,71.0125,0.0],[24.0516,71.013,0.0],[24.0547,71.0162,0.0],[24.062,71.0172,0.0],[24.0703,71.0245,0.0],[24.0646,71.0271,0.0],[24.0568,71.0276,3.956],[24.0458,71.0333,1.8006]]],
[[[24.1479,71.0729,0.0],[24.1516,71.0745,-0.1296],[24.1443,71.0776,0.6026],[24.1453,71.0807,0.0],[24.1313,71.0875,4.5596],[24.1167,71.0833,-1.4733],[24.1063,71.0833,0.0],[24.1021,71.0813,1.0491],[24.0958,71.0813,0.0],[24.0896,71.0771,1.3369],[24.0708,71.0792,0.0],[24.0651,71.0818,0.0],[24.0661,71.0849,0.0],[24.0583,71.0854,2.5221],[24.0542,71.0875,0.0],[24.0458,71.0875,13.003],[24.0443,71.0859,17.4343],[24.0474,71.0839,17.8853],[24.0354,71.0833,50.4648],[24.0313,71.0813,26.1582],[24.0146,71.0813,4.6528],[24.0104,71.0833,9.1744],[24.0021,71.0833,7.604],[24.0005,71.0818,6.1806],[24.0047,71.0797,0.0],[24.0125,71.0792,3.1789],[24.0234,71.0734,0.0],[24.0313,71.0729,0.0],[24.0411,71.0682,1.4671],[24.0432,71.0651,13.7471],[24.0401,71.0609,0.0],[24.0479,71.0604,3.2772],[24.0495,71.0589,0.7843],[24.0333,71.0583,13.9324],[24.0271,71.0604,15.8261],[24.0214,71.0578,10.2488],[24.0245,71.0547,0.0],[24.0146,71.0542,0.0],[24.0104,71.0563,0.0],[24.0026,71.0568,8.4139],[24.0036,71.0599,0.0],[23.9995,71.062,0.0],[23.9901,71.063,29.9172],[23.9932,71.0661,0.0],[23.9875,71.0687,31.3832],[23.9562,71.0708,251.6428],[23.9505,71.0682,33.8722],[23.9536,71.0651,150.535],[23.9505,71.0609,57.5681],[23.9536,71.0589,106.4904],[23.9505,71.0578,1.9982],[23.9464,71.0526,0.0],[23.9557,71.0516,94.1383],[23.9599,71.0495,22.5734],[23.9589,71.0463,0.0],[23.9667,71.0458,141.2917],[23.9708,71.0437,0.0],[23.9917,71.0437,0.0],[23.9958,71.0458,11.109],[24.0063,71.0458,0.0],[24.0104,71.0479,0.0],[24.025,71.0479,0.0],[24.0318,71.0443,0.0],[24.0396,71.0437,0.0],[24.0438,71.0417,0.0],[24.0667,71.0417,0.0],[24.0708,71.0437,0.0],[24.0812,71.0437,0.0],[24.0938,71.0479,0.0],[24.1,71.0479,0.0],[24.1036,71.0505,1.4452],[24.1021,71.0521,0.0],[24.0818,71.0526,0.0],[24.0776,71.0547,0.0],[24.0786,71.0578,0.0],[24.0755,71.0599,1.181],[24.0917,71.0625,0.0],[24.0958,71.0646,0.0],[24.1125,71.0646,0.0],[24.1167,71.0667,0.0],[24.1229,71.0667,0.0],[24.1437,71.0729,6.7278],[24.1479,71.0729,0.0]]],
[[[23.9958,71.0792,0.0],[23.9974,71.0807,0.0],[23.9922,71.0807,1.4636],[23.9922,71.0797,3.0541],[23.9958,71.0792,0.0]]],
[[[24.2729,70.9563,0.0],[24.2766,70.9578,0.0],[24.2609,70.9599,0.0],[24.2589,70.9578,0.0],[24.2599,70.9547,0.0],[24.2568,70.9505,0.0],[24.262,70.9505,0.0],[24.2651,70.9537,0.0],[24.2729,70.9563,0.0]]],
[[[24.1292,70.9917,0.8176],[24.1208,70.9917,0.0],[24.1193,70.9901,0.0],[24.1307,70.9901,0.0],[24.1292,70.9917,0.8176]]],
[[[24.175,71.0854,22.1528],[24.1714,71.0839,13.77],[24.1771,71.0813,0.0],[24.1807,71.0818,0.0],[24.1807,71.0828,0.0],[24.175,71.0854,22.1528]]],
[[[24.075,71.0854,0.0],[24.0766,71.087,1.1306],[24.0714,71.087,0.0],[24.0714,71.0859,0.879],[24.075,71.0854,0.0]]],
[[[28.2542,71.0062,0.0],[28.2557,71.0078,5.8251],[28.2505,71.0078,0.0],[28.2505,71.0068,0.0],[28.2542,71.0062,0.0]]],
[[[28.0224,71.0787,8.4264],[28.0187,71.0792,0.0],[28.0172,71.0776,0.0],[28.0208,71.0771,0.0],[28.0224,71.0787,8.4264]]],
[[[25.2755,70.9193,6.6481],[25.2854,70.9146,0.0],[25.3078,70.9151,4.1274],[25.2958,70.9229,30.6332],[25.2734,70.9224,0.0],[25.2755,70.9193,6.6481]]],
[[[25.6932,71.1526,68.0442],[25.6896,71.15,131.9569],[25.6776,71.1505,52.9533],[25.6828,71.1547,0.0],[25.6797,71.1578,0.0],[25.6849,71.1609,0.0],[25.687,71.1641,0.0],[25.6734,71.1713,0.0],[25.6786,71.1766,0.0],[25.6755,71.1776,0.0],[25.6766,71.1807,16.3797],[25.6729,71.1813,78.8595],[25.6641,71.1755,170.9026],[25.6568,71.1745,0.0],[25.6599,71.1724,165.4975],[25.6583,71.1708,152.976],[25.6458,71.1708,38.3826],[25.6396,71.1667,268.1807],[25.6271,71.1667,232.0961],[25.6063,71.1604,269.2548],[25.6,71.1604,210.9342],[25.5875,71.1563,161.547],[25.5812,71.1563,0.0],[25.5729,71.15,256.5046],[25.5693,71.1505,238.7417],[25.5703,71.1536,5.0888],[25.563,71.1568,71.3202],[25.5609,71.1589,0.0],[25.562,71.162,0.0],[25.5563,71.1646,0.0],[25.5401,71.1599,91.7123],[25.5297,71.1505,0.0],[25.5438,71.15,0.0],[25.5583,71.1458,0.0],[25.5708,71.1458,119.2511],[25.5792,71.1417,0.0],[25.5917,71.1417,146.562],[25.6005,71.1359,0.0],[25.6099,71.1349,3.426],[25.6083,71.1333,141.2607],[25.5917,71.1333,184.8798],[25.5901,71.1318,31.3379],[25.6005,71.1255,0.0],[25.6099,71.1245,0.0],[25.6089,71.1214,0.0],[25.6125,71.1188,0.0],[25.625,71.1188,115.8494],[25.6396,71.1146,0.0],[25.6458,71.1146,-0.0672],[25.65,71.1125,0.0],[25.6641,71.112,0.0],[25.6932,71.0953,0.0],[25.6922,71.0922,0.0],[25.6964,71.0901,0.0],[25.7042,71.0896,6.4799],[25.7089,71.0859,0.0],[25.7182,71.0849,13.869],[25.7172,71.0818,0.0],[25.7188,71.0813,0.0],[25.737,71.0787,0.0],[25.7391,71.0755,0.0],[25.7307,71.0693,7.7744],[25.7188,71.0687,0.0],[25.7125,71.0667,5.0009],[25.7068,71.0693,0.0],[25.712,71.0745,0.0],[25.7042,71.075,40.9587],[25.6958,71.0792,0.0],[25.6776,71.0818,121.8721],[25.6703,71.087,55.3792],[25.6609,71.088,126.5923],[25.662,71.0911,0.0],[25.6604,71.0917,8.5133],[25.6313,71.0938,180.4732],[25.625,71.0979,101.0815],[25.6125,71.0979,159.4052],[25.6063,71.1,139.3413],[25.5958,71.0938,183.8152],[25.5771,71.0938,0.0],[25.5729,71.0917,98.1],[25.5583,71.0917,31.2624],[25.5568,71.0932,0.0],[25.5589,71.0953,0.0],[25.5682,71.0964,0.0],[25.5651,71.0984,4.3097],[25.5661,71.1016,9.7774],[25.5651,71.1036,12.6383],[25.5682,71.1078,79.7049],[25.5589,71.1088,91.1624],[25.562,71.1109,5.6191],[25.5604,71.1125,0.0],[25.55,71.1104,211.6268],[25.5458,71.1125,150.4919],[25.5125,71.1125,117.532],[25.5083,71.1104,249.2068],[25.4958,71.1104,31.8716],[25.4896,71.1062,34.4618],[25.4813,71.1062,7.364],[25.4797,71.1068,5.6676],[25.4807,71.1099,0.0],[25.4792,71.1104,0.0],[25.4625,71.1125,86.5189],[25.4583,71.1146,35.0947],[25.45,71.1146,4.6005],[25.4464,71.1109,0.0],[25.4536,71.1068,159.0587],[25.4505,71.1057,9.3658],[25.4464,71.1005,0.0],[25.4557,71.0953,50.1658],[25.4547,71.0922,0.0],[25.4599,71.088,19.9609],[25.4438,71.0875,2.258],[25.4333,71.0917,0.0],[25.4271,71.0875,69.8116],[25.4188,71.0875,93.4523],[25.4063,71.0938,23.2529],[25.3813,71.0938,23.4108],[25.3797,71.0953,0.0],[25.3849,71.0995,7.8801],[25.3771,71.1,15.2921],[25.3688,71.1042,6.5622],[25.3589,71.1036,4.1798],[25.3641,71.0995,3.535],[25.3604,71.0958,0.0],[25.3354,71.0958,0.0],[25.3292,71.0938,0.0],[25.325,71.0958,6.5302],[25.3167,71.0958,24.5871],[25.3042,71.0917,160.9671],[25.2979,71.0938,152.2926],[25.2734,71.0932,0.0],[25.2807,71.0891,188.8085],[25.2797,71.0859,5.2967],[25.2818,71.0839,0.0],[25.2896,71.0833,1.4983],[25.2979,71.0792,0.0],[25.3146,71.0771,17.0162],[25.3203,71.0745,8.9488],[25.313,71.0672,122.5432],[25.3208,71.0667,109.2706],[25.3224,71.0651,214.6328],[25.3021,71.0646,205.8796],[25.2979,71.0625,326.0989],[25.2875,71.0625,268.2441],[25.2833,71.0604,295.6216],[25.2734,71.0609,128.0951],[25.2745,71.0641,26.9949],[25.2729,71.0646,2.2308],[25.2651,71.062,27.9401],[25.2682,71.0589,130.1725],[25.2609,71.0578,1.7194],[25.2641,71.0547,62.052],[25.2547,71.0537,0.0],[25.2526,71.0505,4.4636],[25.2729,71.05,0.0],[25.2771,71.0479,0.0],[25.2833,71.0479,0.0],[25.2849,71.0463,0.0],[25.2708,71.0458,0.0],[25.2661,71.0422,66.3682],[25.2589,71.0411,52.1528],[25.2526,71.0359,0.0],[25.2604,71.0354,143.6754],[25.262,71.0339,210.9932],[25.2547,71.0328,21.8547],[25.2578,71.0297,58.0327],[25.2547,71.0277,0.0],[25.2604,71.025,0.0],[25.2682,71.0245,174.7765],[25.2724,71.0224,151.912],[25.2693,71.0193,0.0],[25.2771,71.0188,104.881],[25.2854,71.0146,0.0],[25.2979,71.0146,24.3734],[25.3021,71.0125,0.0],[25.3292,71.0125,0.0],[25.3438,71.0167,39.0866],[25.3708,71.0188,0.0],[25.3833,71.0229,0.0],[25.4083,71.0229,0.0],[25.4266,71.0276,0.0],[25.4245,71.0307,23.7597],[25.4214,71.0318,85.8143],[25.425,71.0354,0.0],[25.4312,71.0333,0.0],[25.4375,71.0333,16.9131],[25.4417,71.0313,35.9232],[25.45,71.0313,7.5961],[25.4542,71.0333,10.3033],[25.462,71.0339,0.0],[25.4667,71.0375,0.0],[25.475,71.0375,0.0],[25.4833,71.0333,0.0],[25.4917,71.0333,0.0],[25.4979,71.0354,0.0],[25.5021,71.0333,0.0],[25.5208,71.0333,0.0],[25.5292,71.0292,0.0],[25.5354,71.0313,0.0],[25.5438,71.0313,0.0],[25.5453,71.0297,13.1409],[25.5401,71.0266,0.0],[25.5432,71.0245,0.0],[25.5417,71.0229,15.7063],[25.5313,71.0229,14.2004],[25.5167,71.0188,70.1382],[25.5083,71.0208,0.0],[25.5036,71.0172,22.869],[25.4964,71.0162,0.0],[25.4911,71.013,2.2149],[25.4771,71.0104,32.3345],[25.4703,71.0068,217.5986],[25.4521,71.0021,275.007],[25.4464,71.0026,177.3329],[25.4417,71.0062,0.0],[25.4354,71.0042,0.0],[25.4292,71.0042,0.0],[25.4276,71.0026,0.0],[25.4349,70.9984,203.2651],[25.425,70.9979,221.4315],[25.4188,71.0,69.4811],[25.4146,70.9979,150.9052],[25.4021,70.9979,48.395],[25.3964,70.9922,79.3224],[25.4036,70.9912,53.0914],[25.4026,70.988,0.0],[25.4042,70.9875,0.0],[25.4167,70.9875,8.0153],[25.4312,70.9833,0.0],[25.4479,70.9812,13.3189],[25.4495,70.9797,10.5489],[25.4464,70.9786,0.0],[25.4479,70.9771,0.0],[25.4604,70.9771,11.6285],[25.4688,70.9729,0.0],[25.4766,70.9724,5.2288],[25.4693,70.9651,0.0],[25.4891,70.962,0.0],[25.4911,70.9599,18.8048],[25.4901,70.9568,48.9019],[25.4932,70.9557,100.2301],[25.4922,70.9526,5.4389],[25.4974,70.9495,29.9324],[25.4964,70.9464,0.0],[25.5104,70.9458,0.0],[25.5172,70.9422,0.0],[25.5245,70.9411,0.0],[25.5234,70.938,0.0],[25.5417,70.9354,0.0],[25.55,70.9313,0.0],[25.5771,70.9313,0.0],[25.5896,70.9354,0.0],[25.6021,70.9354,0.0],[25.6068,70.9391,108.8075],[25.6141,70.9401,60.394],[25.6182,70.9422,20.5394],[25.6151,70.9453,71.1097],[25.6187,70.9479,0.0],[25.6271,70.9479,0.0],[25.6313,70.9458,0.0],[25.6563,70.9458,0.0],[25.6708,70.9417,0.0],[25.7125,70.9417,0.0],[25.7167,70.9437,0.0],[25.7286,70.9443,0.0],[25.7307,70.9474,7.6302],[25.7151,70.9484,159.2489],[25.7193,70.9516,0.0],[25.7266,70.9526,0.0],[25.7208,70.9563,0.0],[25.7146,70.9563,0.0],[25.7104,70.9583,0.0],[25.7021,70.9583,0.0],[25.6979,70.9563,0.0],[25.6833,70.9563,20.3321],[25.6818,70.9578,0.0],[25.6995,70.9609,0.0],[25.7016,70.9641,0.0],[25.6984,70.9661,2.6552],[25.7161,70.9693,0.0],[25.7109,70.9734,0.0],[25.713,70.9766,2.9311],[25.7203,70.9776,3.1277],[25.7297,70.9849,0.0],[25.7391,70.9859,0.0],[25.7438,70.9896,0.0],[25.7516,70.987,0.0],[25.7484,70.9838,0.0],[25.7542,70.9812,0.0],[25.762,70.9807,2.8051],[25.775,70.9729,0.0],[25.7875,70.9729,0.0],[25.7917,70.9708,0.0],[25.8,70.9708,0.0],[25.8016,70.9714,0.0],[25.8005,70.9745,0.0],[25.8021,70.975,0.0],[25.8479,70.975,0.0],[25.8521,70.9729,0.0],[25.8646,70.9729,0.0],[25.8688,70.9708,0.0],[25.8813,70.9708,3.1265],[25.8896,70.9667,0.0],[25.9104,70.9667,11.0505],[25.9161,70.9724,13.5535],[25.9104,70.9729,190.5967],[25.9089,70.9745,117.5551],[25.9161,70.9755,0.0],[25.9208,70.9792,0.0],[25.937,70.9818,0.0],[25.9339,70.9849,80.3044],[25.937,70.987,0.0],[25.9292,70.9875,18.8223],[25.9276,70.9891,0.0],[25.9375,70.9917,0.0],[25.9562,70.9917,0.0],[25.9609,70.9953,0.0],[25.9646,70.9958,0.0],[25.9703,70.9922,7.2412],[25.9682,70.9901,21.7363],[25.9604,70.9896,0.0],[25.9589,70.988,0.0],[25.9682,70.987,20.6556],[25.9672,70.9797,0.0],[25.9745,70.9766,0.0],[25.9776,70.9734,0.0],[26.0083,70.9729,0.0],[26.0125,70.975,86.4619],[26.0245,70.9755,4.623],[26.0193,70.9797,0.0],[26.0203,70.9828,0.0],[26.0172,70.9838,0.0],[26.0187,70.9854,0.0],[26.0286,70.9849,0.0],[26.0276,70.9818,0.0],[26.0292,70.9812,0.0],[26.05,70.9812,0.0],[26.0542,70.9833,14.7826],[26.0667,70.9833,0.0],[26.0708,70.9854,0.0],[26.0875,70.9854,0.0],[26.0958,70.9896,20.6018],[26.1063,70.9896,0.0],[26.1104,70.9917,26.8627],[26.1182,70.9922,0.0],[26.1224,70.9964,17.1868],[26.1193,70.9984,32.096],[26.1224,71.0005,0.0],[26.1193,71.0026,0.0],[26.1208,71.0042,0.0],[26.1396,71.0042,0.0],[26.1437,71.0062,1.9194],[26.1667,71.0062,0.0],[26.1708,71.0083,0.0],[26.1771,71.0083,0.0],[26.1818,71.012,0.0],[26.1875,71.0125,0.0],[26.1932,71.0151,0.0],[26.2068,71.0266,22.9311],[26.2161,71.0276,0.0],[26.2203,71.0318,0.0],[26.2193,71.0349,0.0],[26.2328,71.0359,0.0],[26.2313,71.0375,0.0],[26.2234,71.038,0.0],[26.2214,71.0401,10.4432],[26.2266,71.0474,0.0],[26.2245,71.0495,0.0],[26.2167,71.05,141.8534],[26.2151,71.0516,177.5049],[26.2203,71.0547,60.543],[26.2245,71.0599,1.8197],[26.2224,71.062,23.2277],[26.2167,71.0625,0.0],[26.2125,71.0604,47.788],[26.1958,71.0604,4.111],[26.1896,71.0563,160.7324],[26.1771,71.0563,115.6226],[26.1729,71.0542,247.2505],[26.1646,71.0563,71.2163],[26.1599,71.0526,222.1861],[26.1505,71.0516,120.2403],[26.1458,71.0479,79.4694],[26.1396,71.05,21.9933],[26.1359,71.0495,0.0],[26.138,71.0463,47.4443],[26.1411,71.0453,43.5336],[26.1396,71.0437,190.8219],[26.1313,71.0437,266.7151],[26.125,71.0458,204.1295],[26.1151,71.0432,75.7636],[26.1083,71.0396,221.759],[26.1026,71.0391,181.8982],[26.0953,71.0339,238.9369],[26.0896,71.0333,144.2157],[26.0839,71.0307,64.3859],[26.0786,71.0255,121.3848],[26.0693,71.0245,8.1485],[26.0724,71.0214,80.6853],[26.0651,71.0203,0.0],[26.0661,71.0172,0.0],[26.063,71.0141,0.0],[26.0661,71.0109,86.733],[26.0526,71.012,0.0],[26.0505,71.0099,0.0],[26.0536,71.0078,133.5737],[26.0521,71.0062,193.8351],[26.0401,71.0109,6.7948],[26.0432,71.0141,0.0],[26.0354,71.0146,3.0289],[26.0313,71.0167,3.9753],[26.0187,71.0167,0.7904],[26.0172,71.0172,4.396],[26.0182,71.0203,32.252],[26.0146,71.0208,27.0217],[26.0099,71.0172,0.8613],[26.0005,71.0162,0.0],[25.9953,71.0109,2.394],[25.9896,71.0083,30.2451],[25.925,71.0083,181.0026],[25.9188,71.0104,66.6239],[25.9083,71.0062,199.7067],[25.8953,71.0141,0.0],[25.8875,71.0146,2.6169],[25.8818,71.0182,9.222],[25.8896,71.0229,0.0],[25.8958,71.0208,0.0],[25.9083,71.0208,11.0156],[25.9146,71.0188,0.0],[25.9208,71.0229,0.0],[25.9271,71.0208,0.0],[25.9375,71.0208,0.0],[25.9417,71.0229,0.0],[25.9583,71.0229,5.1669],[25.9661,71.0286,0.0],[25.9464,71.0318,135.4836],[25.9474,71.0349,0.0],[25.9458,71.0354,0.0],[25.9318,71.0359,47.579],[25.937,71.0411,0.0],[25.9313,71.0437,12.5468],[25.9234,71.0443,28.0706],[25.9188,71.0479,0.0],[25.9125,71.0479,0.0],[25.9063,71.05,8.9443],[25.9021,71.0479,25.443],[25.8958,71.0479,11.4513],[25.8896,71.0458,0.0],[25.888,71.0474,6.9695],[25.8911,71.0495,0.0],[25.888,71.0516,34.2913],[25.8901,71.0537,0.0],[25.8979,71.0542,0.0],[25.8995,71.0557,0.0],[25.8937,71.0583,0.0],[25.8792,71.0583,31.7059],[25.875,71.0563,204.8699],[25.8708,71.0563,189.6428],[25.8693,71.0578,117.1948],[25.8724,71.0599,0.0],[25.8682,71.062,121.572],[25.8479,71.0625,49.8341],[25.8464,71.063,7.597],[25.8474,71.0661,0.0],[25.8453,71.0682,0.0],[25.8375,71.0687,6.8873],[25.8359,71.0703,127.1519],[25.8479,71.0708,0.0],[25.8521,71.0729,0.0],[25.8708,71.0729,0.0],[25.875,71.075,0.0],[25.8833,71.075,0.0],[25.8875,71.0729,0.0],[25.9083,71.0729,0.0],[25.9125,71.075,0.0],[25.9203,71.0755,0.0],[25.9172,71.0776,0.0],[25.9188,71.0792,0.0],[25.9438,71.0792,0.0],[25.9562,71.0833,87.0833],[25.9625,71.0813,24.4129],[25.9771,71.0813,0.0],[25.9813,71.0833,164.4263],[25.9875,71.0833,0.0],[25.9974,71.0901,5.7196],[25.9958,71.0917,52.6548],[25.988,71.0922,77.5977],[25.9901,71.0953,3.3195],[25.9938,71.0958,11.8548],[26.0,71.0938,0.0],[26.0042,71.0958,32.6361],[26.0167,71.0958,0.0],[26.0266,71.1026,62.0275],[26.025,71.1042,242.183],[26.0167,71.1042,240.0666],[26.0104,71.1021,300.5622],[26.0063,71.1042,137.7341],[25.9922,71.1047,75.6512],[25.9943,71.1078,15.322],[26.0187,71.1125,1.0],[26.0271,71.1167,4.4019],[26.0307,71.1162,1.0],[26.0354,71.1125,1.0],[26.0391,71.113,2.9865],[26.0432,71.1162,0.0],[26.0359,71.1193,1.7641],[26.0339,71.1214,0.0],[26.0349,71.1245,0.0],[26.0307,71.1266,27.5468],[26.0193,71.1255,260.393],[26.0214,71.1286,41.439],[26.0245,71.1297,0.0],[26.0229,71.1312,0.0],[26.0104,71.1312,15.2162],[26.0089,71.1318,9.3981],[26.0099,71.1349,0.0],[26.0021,71.1354,0.0],[25.9979,71.1375,0.0],[25.9708,71.1375,95.1701],[25.962,71.1318,204.6114],[25.9547,71.1307,0.0],[25.9557,71.1276,102.7554],[25.9484,71.1224,0.0],[25.9516,71.1193,166.7269],[25.9396,71.1104,46.2004],[25.9255,71.113,170.1431],[25.9328,71.1203,0.0],[25.9255,71.1234,96.3652],[25.9234,71.1255,47.2763],[25.9245,71.1286,0.0],[25.9229,71.1292,1.9756],[25.9125,71.125,4.9928],[25.9005,71.1245,4.4765],[25.8922,71.1182,0.0],[25.8953,71.1151,190.0279],[25.8776,71.112,0.0],[25.8688,71.1062,160.5518],[25.8625,71.1083,45.7982],[25.8542,71.1083,0.0],[25.85,71.1062,23.8503],[25.8354,71.1062,31.9567],[25.8255,71.1109,6.7737],[25.8271,71.1125,0.1872],[25.8432,71.1151,0.0],[25.8479,71.1188,17.3235],[25.8641,71.1214,0.0],[25.8661,71.1234,0.0],[25.8651,71.1266,35.3008],[25.8661,71.1286,5.0672],[25.8646,71.1292,1.8839],[25.8609,71.1286,12.9943],[25.8563,71.125,62.7403],[25.85,71.125,23.4298],[25.8104,71.1146,49.4784],[25.8042,71.1146,4.1678],[25.7979,71.1104,26.41],[25.788,71.1109,0.0],[25.7839,71.113,59.3447],[25.7849,71.1162,23.5527],[25.7833,71.1167,0.0],[25.775,71.1167,0.0],[25.7604,71.1125,15.2556],[25.7589,71.1141,0.0],[25.762,71.1182,0.0],[25.7589,71.1203,16.8061],[25.7729,71.125,17.0553],[25.7807,71.1255,0.0],[25.7932,71.1359,0.0],[25.7901,71.1391,84.6464],[25.7932,71.1412,0.0],[25.7901,71.1432,0.0],[25.7974,71.1443,0.0],[25.8036,71.1484,0.0],[25.7943,71.1547,177.1584],[25.7964,71.1578,0.0],[25.8083,71.1583,0.0],[25.8141,71.1609,0.0],[25.8161,71.1641,1.6089],[25.7979,71.1667,297.8016],[25.7917,71.1708,98.6948],[25.7813,71.1708,270.1491],[25.7714,71.1682,91.3232],[25.7667,71.1646,126.6426],[25.7417,71.1646,210.9733],[25.7375,71.1625,180.8667],[25.7313,71.1625,15.361],[25.7297,71.1609,0.0],[25.7328,71.1589,25.4979],[25.7255,71.1578,0.0],[25.7286,71.1557,49.1892],[25.7271,71.1542,151.1799],[25.7104,71.1542,40.2297],[25.7062,71.1563,78.3428],[25.6979,71.1563,17.1692],[25.6932,71.1526,68.0442]]],
[[[25.4417,71.0958,0.0],[25.4354,71.0958,0.0],[25.4297,71.0984,0.0],[25.4307,71.1016,0.0],[25.4292,71.1021,0.0],[25.4208,71.1021,0.0],[25.4146,71.1,21.1629],[25.4083,71.1021,0.0],[25.4047,71.0995,0.0],[25.4063,71.0979,0.0],[25.4125,71.0979,0.0],[25.4271,71.0938,0.0],[25.4432,71.0943,0.0],[25.4417,71.0958,0.0]]],
[[[25.9391,71.0474,1.428],[25.9417,71.0458,0.0],[25.95,71.0458,0.0],[25.9562,71.05,4.2773],[25.9688,71.05,0.0],[25.9703,71.0516,4.4825],[25.9646,71.0542,0.4926],[25.9375,71.0542,0.0],[25.9333,71.0521,11.909],[25.9193,71.0516,0.0],[25.925,71.0479,0.0],[25.9391,71.0474,1.428]]],
[[[25.9146,71.0563,0.0],[25.9083,71.0563,28.1198],[25.9068,71.0547,32.7254],[25.9089,71.0526,0.0],[25.9146,71.0521,0.0],[25.9182,71.0557,0.0],[25.9146,71.0563,0.0]]],
[[[25.7604,71.1667,14.2188],[25.7641,71.1672,0.0],[25.7641,71.1682,0.0],[25.7589,71.1682,0.0],[25.7604,71.1667,14.2188]]],
[[[24.3021,70.8917,0.0],[24.3005,70.8932,0.0],[24.3063,70.8938,0.0],[24.3078,70.8953,0.0],[24.2979,70.9,0.0],[24.2771,70.9,0.0],[24.2755,70.8984,0.0],[24.2813,70.8958,0.0],[24.2875,70.8958,0.0],[24.2891,70.8943,0.0],[24.2693,70.8891,0.0],[24.2672,70.8859,0.0],[24.2729,70.8833,0.0],[24.2813,70.8833,0.0],[24.2875,70.8875,0.0],[24.2917,70.8875,0.0],[24.2958,70.8896,0.0],[24.3042,70.8896,0.0],[24.3125,70.8854,0.0],[24.3208,70.8854,0.0],[24.3276,70.8891,0.0],[24.3349,70.8901,0.0],[24.3333,70.8917,0.0],[24.325,70.8917,0.0],[24.3208,70.8896,0.0],[24.3125,70.8896,0.0],[24.3083,70.8917,0.0],[24.3021,70.8917,0.0]]],
[[[24.5021,70.9187,17.5669],[24.5036,70.9203,13.0198],[24.4984,70.9203,7.5741],[24.4984,70.9193,11.7002],[24.5021,70.9187,17.5669]]],
[[[24.4907,70.9205,44.6464],[24.4771,70.9208,10.651],[24.4708,70.9229,0.0],[24.4672,70.9193,0.0],[24.4953,70.9172,0.0],[24.4907,70.9205,44.6464]]],
[[[24.4339,70.9245,65.1301],[24.4349,70.9266,22.9624],[24.4333,70.9271,30.2005],[24.4193,70.9287,17.5468],[24.4292,70.9229,19.5463],[24.4339,70.9245,65.1301]]],
[[[25.1193,70.9273,6.8415],[25.1203,70.9287,0.0],[25.1151,70.9287,19.988],[25.1167,70.9271,39.9112],[25.1193,70.9273,6.8415]]],
[[[24.9551,71.0,9.8229],[24.9578,71.0005,60.3482],[24.9578,71.0016,54.4546],[24.9526,71.0016,0.0],[24.9551,71.0,9.8229]]],
[[[24.9818,71.0401,152.7098],[24.9734,71.0422,125.9279],[24.9745,71.0453,3.4852],[24.9688,71.0479,78.9395],[24.9604,71.0458,45.5102],[24.9542,71.0479,51.0854],[24.9464,71.0422,0.0],[24.9542,71.0417,175.8631],[24.9557,71.0401,192.7231],[24.9484,71.0391,142.6811],[24.9339,71.0286,0.0],[24.9318,71.0255,75.4574],[24.9375,71.0229,0.0],[24.9453,71.0224,23.573],[24.9536,71.0182,75.661],[24.9505,71.0151,0.0],[24.9599,71.0141,33.9625],[24.9589,71.0109,0.0],[24.9604,71.0104,0.0],[24.9667,71.0104,11.0435],[24.9708,71.0083,0.0],[24.9911,71.0078,0.0],[24.9875,71.0042,19.6727],[24.975,71.0042,0.5498],[24.9609,70.9995,13.3071],[24.9667,70.9958,0.0],[24.9833,70.9958,0.0],[24.9875,70.9979,0.0],[24.9979,70.9979,0.0],[25.0026,71.0016,13.7516],[25.0104,71.0021,10.3249],[25.0141,71.0047,8.3982],[25.0125,71.0062,0.0],[25.0047,71.0068,3.2538],[25.0063,71.0083,0.0],[25.0146,71.0083,0.0],[25.0187,71.0062,0.0],[25.0286,71.0068,0.0],[25.0234,71.0109,0.0],[25.0245,71.0141,0.0],[25.0214,71.0162,0.0],[25.025,71.0188,0.0],[25.0391,71.0193,0.0],[25.0359,71.0224,0.0],[25.0432,71.0276,6.3339],[25.0401,71.0307,65.0128],[25.0474,71.0359,55.6026],[25.0417,71.0396,3.9109],[25.0271,71.0396,0.0],[25.0167,71.0333,150.4464],[24.9958,71.0333,0.0],[24.9943,71.0339,0.0],[24.9953,71.037,6.6598],[24.9911,71.0391,13.4975],[24.9818,71.0401,152.7098]]],
[[[24.742,71.1124,0.0],[24.7167,71.1146,0.0],[24.7125,71.1125,41.8215],[24.7005,71.112,112.9824],[24.7016,71.1088,113.8678],[24.7005,71.1068,0.0],[24.7099,71.1057,39.1567],[24.7078,71.1026,4.8755],[24.7005,71.1016,10.4865],[24.7026,71.0984,0.0],[24.7104,71.0979,0.0],[24.7214,71.0922,0.0],[24.7292,71.0917,8.2131],[24.7375,71.0875,0.0],[24.7453,71.087,0.0],[24.7474,71.0849,0.0],[24.7432,71.0797,0.0],[24.7359,71.0787,0.0],[24.738,71.0755,0.0],[24.7411,71.0745,0.0],[24.737,71.0693,22.9505],[24.7172,71.0693,210.0917],[24.7109,71.0734,153.3869],[24.712,71.0766,0.0],[24.7047,71.0797,0.0],[24.7078,71.0828,4.118],[24.7021,71.0854,110.7243],[24.6958,71.0854,165.1402],[24.6917,71.0875,97.0296],[24.6792,71.0875,268.856],[24.675,71.0896,219.2512],[24.6604,71.0896,140.3029],[24.6563,71.0875,235.1226],[24.6484,71.087,109.4174],[24.6464,71.0839,0.0],[24.6495,71.0818,84.5562],[24.637,71.0714,255.2642],[24.6125,71.0667,130.8023],[24.6068,71.063,0.0],[24.6125,71.0604,0.0],[24.6203,71.0599,-0.3943],[24.6193,71.0568,0.0],[24.625,71.0542,0.0],[24.6313,71.0542,0.0],[24.6542,71.0479,0.0],[24.6729,71.0479,0.0],[24.6771,71.0458,0.0],[24.6849,71.0453,55.5059],[24.6839,71.0422,0.0],[24.6896,71.0396,0.0],[24.7021,71.0396,14.7926],[24.7062,71.0375,0.0],[24.7125,71.0375,25.0971],[24.7141,71.037,18.0266],[24.713,71.0339,0.0],[24.7167,71.0313,0.0],[24.7333,71.0292,0.0],[24.7375,71.0271,0.0],[24.7438,71.0292,0.0],[24.7583,71.0292,37.435],[24.7625,71.0271,0.0],[24.7667,71.0271,0.0],[24.7766,71.0297,0.0],[24.7807,71.0339,0.0],[24.7786,71.037,0.0],[24.7693,71.038,105.2542],[24.7708,71.0396,6.8119],[24.7766,71.0401,0.0],[24.7734,71.0422,21.5416],[24.7755,71.0453,48.1089],[24.7911,71.0463,0.0],[24.8016,71.0557,3.7171],[24.7875,71.0563,3.702],[24.7859,71.0568,12.4621],[24.787,71.0599,0.0],[24.7854,71.0604,0.0],[24.7729,71.0604,19.9061],[24.7672,71.063,4.1882],[24.7651,71.0661,2.8683],[24.775,71.0687,0.0],[24.7854,71.0687,0.0],[24.7943,71.0745,0.0],[24.8042,71.0771,0.0],[24.8125,71.0771,0.0],[24.8167,71.075,0.0],[24.8266,71.0755,0.0],[24.8307,71.0787,27.3058],[24.825,71.0813,0.0],[24.8063,71.0813,42.8681],[24.8047,71.0828,3.3328],[24.8104,71.0875,0.0],[24.8245,71.088,0.0],[24.8266,71.0911,0.0],[24.8234,71.0932,40.3129],[24.8312,71.0938,0.0],[24.8359,71.0974,0.0],[24.8417,71.0979,0.0],[24.8474,71.1005,0.0],[24.8458,71.1021,53.4391],[24.8354,71.1021,159.7839],[24.8312,71.1,181.2629],[24.8146,71.1,130.3161],[24.8104,71.0979,250.5426],[24.8021,71.1,9.6714],[24.7875,71.0958,0.0],[24.7792,71.0958,0.0],[24.7776,71.0964,0.0],[24.7786,71.0995,7.9687],[24.7771,71.1,0.0],[24.763,71.1005,1.0756],[24.7661,71.1026,0.0],[24.763,71.1047,0.0],[24.7641,71.1078,0.0],[24.7557,71.112,8.2472],[24.7521,71.1125,0.0],[24.7458,71.1104,9.5884],[24.742,71.1124,0.0]]],
[[[25.3917,71.1021,0.0],[25.3953,71.1026,0.0],[25.3953,71.1036,0.0],[25.3901,71.1036,0.0],[25.3917,71.1021,0.0]]],
[[[25.3557,71.1078,8.0244],[25.3458,71.1083,5.5694],[25.3443,71.1068,7.48],[25.3542,71.1062,0.0],[25.3557,71.1078,8.0244]]],
[[[25.3693,71.1318,19.6623],[25.3724,71.1349,6.8065],[25.3583,71.1375,0.0],[25.3526,71.1349,12.8364],[25.3542,71.1333,0.9637],[25.362,71.1328,0.0],[25.3729,71.1271,0.0],[25.3828,71.1276,0.0],[25.3771,71.1312,42.0743],[25.3693,71.1318,19.6623]]],
[[[25.3438,71.1375,4.4425],[25.3516,71.138,0.0],[25.3484,71.1401,18.7277],[25.3495,71.1432,0.0],[25.3271,71.1438,47.1062],[25.3234,71.1412,33.6957],[25.3271,71.1396,85.2582],[25.3312,71.1417,253.0414],[25.3396,71.1417,245.6199],[25.3411,71.1401,201.2099],[25.3354,71.1396,145.7752],[25.3339,71.138,11.6171],[25.3438,71.1375,4.4425]]],
[[[25.1896,70.1021,0.0],[25.1839,70.0964,0.0],[25.1891,70.0964,0.0],[25.1932,70.1005,0.0],[25.1896,70.1021,0.0]]],
[[[25.1693,70.1505,19.2357],[25.1724,70.1495,21.7161],[25.1693,70.1474,3.1517],[25.1708,70.1458,4.9964],[25.1786,70.1484,0.0],[25.1729,70.1521,13.4897],[25.1693,70.1505,19.2357]]],
[[[25.1854,70.1604,18.9953],[25.187,70.162,16.0113],[25.1818,70.162,26.4448],[25.1818,70.1609,17.8488],[25.1854,70.1604,18.9953]]],
[[[25.1557,70.0953,0.0],[25.1505,70.0953,0.0],[25.1484,70.0922,0.0],[25.1516,70.0922,0.0],[25.1557,70.0953,0.0]]],
[[[25.1276,70.1016,0.0],[25.1234,70.0995,0.0],[25.1214,70.0964,0.0],[25.1266,70.0964,0.0],[25.1328,70.1005,0.0],[25.137,70.1057,0.0],[25.1318,70.1057,0.0],[25.1276,70.1016,0.0]]],
[[[24.9568,70.1172,0.0],[24.9667,70.1167,0.0],[24.9703,70.1203,0.0],[24.9667,70.1208,0.0],[24.9604,70.1188,0.0],[24.9562,70.1208,0.0],[24.9526,70.1203,0.0],[24.9568,70.1172,0.0]]],
[[[24.9417,70.1312,0.0],[24.9432,70.1328,0.0],[24.938,70.1328,0.0],[24.938,70.1318,0.0],[24.9417,70.1312,0.0]]],
[[[24.9875,70.1438,0.0],[24.9891,70.1453,0.0],[24.9839,70.1453,0.0],[24.9839,70.1443,0.0],[24.9875,70.1438,0.0]]],
[[[24.9479,70.1396,0.0],[24.9542,70.1375,0.0],[24.9578,70.138,0.0],[24.9547,70.1412,0.0],[24.9568,70.1432,0.0],[24.9641,70.1443,0.0],[24.9661,70.1464,0.0],[24.9651,70.1495,0.0],[24.9682,70.1536,0.0],[24.9568,70.1536,0.0],[24.9599,70.1505,0.0],[24.9542,70.15,0.0],[24.9484,70.1474,0.0],[24.9401,70.138,0.0],[24.9438,70.1375,0.0],[24.9479,70.1396,0.0]]],
[[[25.0974,70.1422,0.0],[25.0859,70.1484,16.0546],[25.0911,70.1526,0.0],[25.0896,70.1542,0.0],[25.075,70.1542,7.5036],[25.0693,70.1495,33.56],[25.0708,70.1479,16.0355],[25.0766,70.1474,0.0],[25.0755,70.1443,0.0],[25.0854,70.1396,7.3442],[25.0917,70.1396,0.0],[25.0974,70.1422,0.0]]],
[[[24.9938,70.1625,0.0],[24.9922,70.162,5.0856],[24.9932,70.1589,17.9325],[24.9922,70.1568,13.3212],[24.9958,70.1563,10.9341],[24.9995,70.1589,6.3344],[24.9974,70.162,0.0],[24.9938,70.1625,0.0]]],
[[[25.0182,70.1703,0.0],[25.013,70.1703,0.0],[25.0109,70.1672,0.0],[25.0161,70.1672,0.0],[25.0182,70.1703,0.0]]],
[[[25.0818,70.1703,5.8589],[25.0797,70.1672,8.638],[25.0833,70.1646,1.8725],[25.0917,70.1646,0.0],[25.1042,70.1687,24.7772],[25.112,70.1693,0.0],[25.1089,70.1713,-1.0709],[25.1099,70.1745,-0.2635],[25.1047,70.1776,13.6577],[25.1057,70.1807,1.6706],[25.1042,70.1813,-0.5517],[25.1005,70.1807,25.4812],[25.0891,70.1713,29.2137],[25.0818,70.1703,5.8589]]],
[[[24.9854,70.175,21.1447],[24.9771,70.175,0.0],[24.9755,70.1734,0.0],[24.987,70.1734,0.0],[24.9854,70.175,21.1447]]],
[[[25.0604,70.1729,0.0],[25.062,70.1745,0.0],[25.0568,70.1745,0.0],[25.0568,70.1734,0.0],[25.0604,70.1729,0.0]]],
[[[25.0333,70.1813,0.0],[25.0292,70.1813,0.0],[25.0276,70.1797,0.0],[25.0297,70.1776,0.0],[25.0333,70.1771,0.0],[25.037,70.1807,0.0],[25.0333,70.1813,0.0]]],
[[[25.1063,70.1854,0.0],[25.1078,70.187,0.0],[25.1026,70.187,0.0],[25.1026,70.1859,0.0],[25.1063,70.1854,0.0]]],
[[[25.1151,70.1974,0.0],[25.1109,70.1953,0.0],[25.1089,70.1922,0.0],[25.1141,70.1922,0.0],[25.1224,70.1995,0.0],[25.1188,70.2,0.0],[25.1151,70.1974,0.0]]],
[[[24.9625,70.2042,0.0],[24.9641,70.2057,0.0],[24.9589,70.2057,0.0],[24.9589,70.2047,0.0],[24.9625,70.2042,0.0]]],
[[[25.1813,70.1937,0.0],[25.1776,70.1922,0.0],[25.1813,70.1896,17.4284],[25.1958,70.1896,0.0],[25.2016,70.1922,0.0],[25.1958,70.1958,27.553],[25.1875,70.1958,0.0],[25.1813,70.1937,0.0]]],
[[[25.2,70.2083,0.0],[25.2016,70.2099,0.0],[25.1964,70.2099,0.0],[25.1964,70.2089,0.0],[25.2,70.2083,0.0]]],
[[[25.1854,70.2208,0.0],[25.187,70.2224,17.978],[25.1729,70.225,7.782],[25.1651,70.2172,16.7673],[25.175,70.2167,0.0],[25.1797,70.2203,11.7953],[25.1854,70.2208,0.0]]],
[[[25.1875,70.2271,0.0],[25.1859,70.2255,23.7316],[25.1917,70.2229,25.0643],[25.1953,70.2234,29.8979],[25.1911,70.2266,26.6275],[25.1875,70.2271,0.0]]],
[[[25.0104,70.2104,25.0794],[24.9979,70.2104,46.8527],[24.9917,70.2125,14.2808],[24.9839,70.2047,0.0],[25.0,70.2042,24.1251],[25.0016,70.2057,0.0],[24.9984,70.2078,57.9717],[25.012,70.2089,13.1448],[25.0104,70.2104,25.0794]]],
[[[25.0214,70.2151,0.0],[25.0245,70.2151,0.0],[25.0245,70.2161,0.0],[25.0214,70.2161,0.0],[25.0214,70.2151,0.0]]],
[[[25.0625,70.2167,0.0],[25.0641,70.2182,0.0965],[25.0589,70.2182,0.0],[25.0589,70.2172,1.1452],[25.0625,70.2167,0.0]]],
[[[25.0104,70.2229,0.0],[25.0203,70.2255,0.0],[25.0266,70.2328,8.7611],[25.0104,70.2333,32.6946],[24.9979,70.2292,0.0],[24.9797,70.2286,0.0],[24.9651,70.2161,0.0],[24.9682,70.213,0.0],[24.9651,70.2109,0.0],[24.9688,70.2104,0.0],[24.9745,70.213,0.0],[24.9828,70.2214,0.0],[24.9818,70.2245,0.0],[24.9833,70.225,0.0],[24.9938,70.2271,0.0],[24.9953,70.2266,28.5967],[24.9943,70.2234,3.2679],[24.9958,70.2229,11.3589],[25.0104,70.2229,0.0]]],
[[[25.075,70.2208,0.0],[25.0932,70.2255,0.0],[25.0995,70.2297,0.0],[25.1036,70.2349,-0.0954],[25.0938,70.2354,21.3731],[25.0807,70.2255,59.3422],[25.0771,70.225,45.3958],[25.0708,70.2271,8.351],[25.0672,70.2245,9.8589],[25.0714,70.2214,0.0],[25.075,70.2208,0.0]]],
[[[25.1276,70.2432,20.2669],[25.1255,70.2401,1.1785],[25.1276,70.238,4.5451],[25.1312,70.2375,3.9144],[25.137,70.2401,7.071],[25.1411,70.2453,0.0],[25.1312,70.2458,15.9688],[25.1276,70.2432,20.2669]]],
[[[25.0313,70.2438,0.0],[25.0276,70.2422,0.0],[25.0333,70.2396,0.0],[25.037,70.2401,0.0],[25.037,70.2412,0.0],[25.0313,70.2438,0.0]]],
[[[25.2062,70.2292,9.5459],[25.2026,70.2286,5.1573],[25.1984,70.2255,23.3659],[25.2021,70.225,7.1415],[25.2078,70.2276,0.0],[25.2062,70.2292,9.5459]]],
[[[25.3292,70.2875,8.5659],[25.3146,70.2875,34.5702],[25.3063,70.2917,9.6134],[25.2917,70.2917,27.1897],[25.2818,70.2891,32.7354],[25.2776,70.2849,14.9096],[25.2786,70.2818,43.1179],[25.2766,70.2797,56.876],[25.2609,70.2766,0.9861],[25.2526,70.2703,6.6323],[25.2557,70.2682,6.4448],[25.2547,70.2651,22.5512],[25.2557,70.263,18.2292],[25.2526,70.2589,17.3374],[25.2578,70.2557,88.6369],[25.2536,70.2505,68.9553],[25.2417,70.25,56.2263],[25.2339,70.2443,20.2941],[25.2396,70.2417,0.0],[25.2542,70.2417,0.0],[25.2641,70.2443,0.0],[25.2687,70.2479,0.0],[25.275,70.2479,0.0],[25.3099,70.2568,0.0],[25.3089,70.2599,51.0841],[25.3104,70.2604,17.0326],[25.3208,70.2604,0.0],[25.3307,70.263,0.0],[25.3349,70.2672,2.9942],[25.3339,70.2703,9.7273],[25.3453,70.2807,0.0],[25.338,70.2839,0.0],[25.3349,70.287,9.9538],[25.3292,70.2875,8.5659]]],
[[[25.3995,70.2693,0.3336],[25.4016,70.2724,15.5096],[25.3896,70.275,0.6338],[25.3849,70.2714,46.7272],[25.3755,70.2703,2.303],[25.3734,70.2672,1.8417],[25.3896,70.2667,0.0],[25.3995,70.2693,0.3336]]],
[[[25.4375,70.2708,0.0],[25.4391,70.2724,0.0],[25.4339,70.2724,0.0],[25.4339,70.2714,0.0],[25.4375,70.2708,0.0]]],
[[[25.1896,70.3063,3.3168],[25.1859,70.3047,10.3885],[25.1896,70.3021,8.5698],[25.2042,70.3021,1.7442],[25.2099,70.3047,0.0],[25.212,70.3078,0.0],[25.2042,70.3104,19.2054],[25.1896,70.3063,3.3168]]],
[[[25.2807,70.3245,30.2405],[25.2734,70.3214,0.0],[25.2833,70.3208,0.0],[25.287,70.3234,7.0613],[25.2833,70.3271,6.2445],[25.2797,70.3266,12.918],[25.2807,70.3245,30.2405]]],
[[[25.2849,70.3974,0.0],[25.2797,70.3974,0.0],[25.2776,70.3943,0.0],[25.2828,70.3943,0.0],[25.2849,70.3974,0.0]]],
[[[25.2724,70.4828,9.4598],[25.2693,70.4776,8.6499],[25.2792,70.4771,2.6187],[25.2828,70.4797,0.0],[25.2797,70.4818,7.0042],[25.2818,70.4849,0.0],[25.2932,70.4891,0.0],[25.2833,70.4896,4.862],[25.2786,70.4859,13.3264],[25.2693,70.4849,0.0],[25.2724,70.4828,9.4598]]],
[[[25.125,70.3562,1.5635],[25.1214,70.3526,1.207],[25.125,70.35,1.3174],[25.137,70.3526,0.0],[25.1333,70.3562,19.235],[25.125,70.3562,1.5635]]],
[[[24.5776,70.8026,0.0],[24.5807,70.8016,0.0],[24.5776,70.7995,0.0],[24.5792,70.7979,0.0],[24.5958,70.7979,0.0],[24.5995,70.8005,0.0],[24.5896,70.8063,0.0],[24.5812,70.8063,0.0],[24.5776,70.8026,0.0]]],
[[[25.0042,70.9021,0.0],[25.0057,70.9036,0.0],[25.0005,70.9036,0.0],[25.0005,70.9026,0.0],[25.0042,70.9021,0.0]]],
[[[24.4771,70.8479,0.0],[24.4734,70.8474,0.0],[24.4693,70.8443,0.0],[24.4813,70.8438,0.0],[24.4849,70.8464,0.0],[24.4833,70.8479,0.0],[24.4771,70.8479,0.0]]],
[[[24.238,70.8536,0.0],[24.2297,70.8505,0.0],[24.2474,70.8505,0.0],[24.2453,70.8536,0.0],[24.238,70.8536,0.0]]],
[[[24.4682,70.8557,0.0],[24.463,70.8557,0.0],[24.4609,70.8526,0.0],[24.4661,70.8526,0.0],[24.4682,70.8557,0.0]]],
[[[24.4167,70.8646,0.0],[24.4182,70.8662,0.0],[24.413,70.8662,0.0],[24.413,70.8651,0.0],[24.4167,70.8646,0.0]]],
[[[25.3391,70.4943,0.0],[25.3411,70.4974,0.6275],[25.3333,70.4979,14.0054],[25.3292,70.5,0.0],[25.3172,70.4974,0.0],[25.3203,70.4953,2.1185],[25.3172,70.4932,0.0],[25.3187,70.4917,0.0],[25.3333,70.4917,0.0],[25.3391,70.4943,0.0]]],
[[[25.7422,70.7536,12.179],[25.7339,70.7505,0.0],[25.7516,70.7505,0.0],[25.7474,70.7536,11.4398],[25.7422,70.7536,12.179]]],
[[[25.2693,70.8339,0.0],[25.2813,70.8292,0.0],[25.2911,70.8318,0.0],[25.2974,70.837,0.0],[25.2651,70.837,0.0],[25.2693,70.8339,0.0]]],
[[[25.8828,70.6859,0.0],[25.8849,70.6891,0.0],[25.8651,70.7005,0.8541],[25.8682,70.7057,0.0],[25.8651,70.7078,9.9713],[25.8682,70.7099,4.903],[25.8625,70.7125,2.703],[25.8589,70.712,6.0525],[25.8542,70.7083,14.7],[25.8354,70.7083,6.4745],[25.8229,70.7042,7.2759],[25.8188,70.7042,0.0],[25.8104,70.7,9.0911],[25.7964,70.6974,21.2031],[25.7917,70.6937,28.4901],[25.7714,70.6932,0.0],[25.7729,70.6917,0.0],[25.7807,70.6911,11.0886],[25.7797,70.688,4.603],[25.7807,70.6859,7.1257],[25.7755,70.6797,1.4953],[25.7813,70.6792,19.829],[25.7828,70.6776,17.0389],[25.7755,70.6766,0.0],[25.7786,70.6734,2.4587],[25.7755,70.6713,0.0],[25.7813,70.6687,0.0],[25.7875,70.6687,0.0],[25.8021,70.6646,0.3915],[25.8167,70.6646,0.0],[25.8208,70.6667,3.4091],[25.8292,70.6667,1.3575],[25.8354,70.6646,0.0],[25.8401,70.6682,0.0],[25.8458,70.6687,0.0],[25.8516,70.6713,0.0],[25.8547,70.6745,2.1729],[25.8745,70.6797,0.0],[25.8714,70.6828,4.1646],[25.8771,70.6833,1.0291],[25.8828,70.6859,0.0]]],
[[[25.8458,70.7562,0.0],[25.8536,70.762,12.2871],[25.8438,70.7667,0.0],[25.8401,70.7662,2.7844],[25.8354,70.7625,11.8491],[25.8271,70.7646,0.0],[25.8229,70.7625,0.0],[25.8104,70.7625,0.0],[25.8068,70.7599,0.0],[25.8167,70.7542,0.0],[25.8375,70.7542,0.0],[25.8417,70.7562,0.0],[25.8458,70.7562,0.0]]],
[[[26.7292,70.775,11.6061],[26.7328,70.7766,0.0],[26.725,70.7771,0.0],[26.7208,70.7792,0.5089],[26.7109,70.7786,0.0],[26.7167,70.775,2.8745],[26.7292,70.775,11.6061]]],
[[[27.2091,70.7955,3.8587],[27.212,70.7995,0.0],[27.2021,70.8021,23.0079],[27.1875,70.8021,54.5503],[27.1786,70.7963,103.051],[27.1693,70.7953,31.4655],[27.1651,70.7911,42.5293],[27.1661,70.788,74.4192],[27.163,70.7839,138.2366],[27.1708,70.7792,0.0],[27.1833,70.7792,59.0529],[27.1875,70.7771,0.0],[27.1958,70.7771,0.0],[27.2,70.7792,3.8444],[27.2042,70.7792,0.0],[27.2057,70.7797,0.0],[27.2047,70.7828,0.0],[27.2141,70.7901,0.0],[27.2089,70.7943,6.3782],[27.2091,70.7955,3.8587]]],
[[[25.8271,70.8146,3.6724],[25.8125,70.8146,0.0],[25.8109,70.8152,22.5776],[25.812,70.8182,0.0],[25.8104,70.8187,11.1785],[25.7964,70.8161,0.0],[25.8021,70.8125,0.0],[25.8271,70.8125,0.0],[25.8312,70.8104,0.0],[25.8349,70.8109,0.0],[25.8307,70.8141,12.1486],[25.8271,70.8146,3.6724]]],
[[[26.7734,70.8391,0.0],[26.7693,70.837,4.2049],[26.7672,70.8339,4.0805],[26.7833,70.8333,0.0],[26.7911,70.838,0.0],[26.7854,70.8417,4.7396],[26.7771,70.8417,0.0],[26.7734,70.8391,0.0]]],
[[[25.8641,70.9557,33.6539],[25.8479,70.9604,2.4063],[25.8333,70.9604,12.2057],[25.8297,70.9578,0.0],[25.8438,70.9521,0.0],[25.8661,70.9526,7.6044],[25.8641,70.9557,33.6539]]],
[[[27.8266,70.7609,35.3908],[27.825,70.7625,0.0],[27.8193,70.762,0.0],[27.8208,70.7604,64.191],[27.8266,70.7609,35.3908]]],
[[[27.825,70.7708,0.0],[27.8266,70.7724,0.0],[27.8214,70.7724,0.0],[27.8214,70.7714,0.0],[27.825,70.7708,0.0]]],
[[[27.5,70.8604,0.0],[27.5016,70.862,18.2666],[27.4964,70.862,13.1414],[27.4964,70.8609,5.7255],[27.5,70.8604,0.0]]],
[[[28.5438,70.9417,0.0],[28.5453,70.9432,0.0],[28.5401,70.9432,0.0],[28.5401,70.9422,0.0],[28.5438,70.9417,0.0]]],
[[[30.4458,69.7396,0.0],[30.4495,69.7401,0.0],[30.4516,69.7432,0.0],[30.4417,69.7458,0.0],[30.4318,69.7453,0.0],[30.4359,69.7422,0.0],[30.4458,69.7396,0.0]]],
[[[30.7438,69.7875,20.8836],[30.7474,69.788,10.2202],[30.7474,69.7891,0.0],[30.7422,69.7891,2.7083],[30.7438,69.7875,20.8836]]],
[[[30.4125,69.7875,0.0],[30.4161,69.788,0.0],[30.4161,69.7891,0.0],[30.4109,69.7891,0.0],[30.4125,69.7875,0.0]]],
[[[30.7563,69.7917,0.0],[30.7667,69.7896,0.0],[30.7682,69.7901,0.0],[30.7672,69.7932,0.0],[30.7682,69.7953,0.0],[30.7646,69.7958,0.0],[30.7547,69.7932,0.0],[30.7563,69.7917,0.0]]],
[[[30.1224,69.8068,0.0],[30.1167,69.8063,0.0],[30.1151,69.8047,0.0],[30.1172,69.8026,0.0],[30.1208,69.8021,0.0],[30.1266,69.8047,0.0],[30.1286,69.8078,0.0],[30.125,69.8083,0.0],[30.1224,69.8068,0.0]]],
[[[30.6422,69.8151,0.0],[30.6375,69.8167,0.0],[30.6339,69.813,0.0],[30.6453,69.813,0.0],[30.6422,69.8151,0.0]]],
[[[30.0479,69.8833,0.0],[30.0417,69.8833,3.7584],[30.0292,69.8875,0.0],[30.0172,69.8849,0.0],[30.0193,69.8818,0.0],[30.0224,69.8807,0.0],[30.0193,69.8776,0.0],[30.0286,69.8766,0.0],[30.0255,69.8734,0.0],[30.0349,69.8682,0.0],[30.0255,69.8609,0.0],[30.0349,69.8599,0.0],[30.037,69.8578,0.0],[30.0359,69.8547,0.0],[30.0479,69.8542,0.0],[30.0521,69.8521,0.0],[30.0604,69.8521,0.0],[30.0667,69.8542,0.0],[30.0729,69.8521,0.0],[30.0938,69.8583,0.0],[30.1016,69.8588,0.0],[30.0953,69.8641,0.0],[30.0812,69.8646,0.0],[30.0776,69.8672,0.0],[30.0797,69.8703,0.0],[30.0828,69.8714,0.0],[30.0797,69.8745,0.0],[30.0849,69.8776,0.0],[30.0839,69.8807,0.0],[30.087,69.8849,3.8811],[30.0792,69.8854,0.0],[30.0708,69.8812,3.6617],[30.0646,69.8833,0.0],[30.0583,69.8833,0.0],[30.0521,69.8812,0.0],[30.0479,69.8833,0.0]]],
[[[29.4432,69.8828,0.0],[29.4333,69.8833,0.0],[29.4318,69.8818,0.0],[29.4417,69.8812,0.0],[29.4432,69.8828,0.0]]],
[[[29.6188,69.9229,0.0],[29.6224,69.9234,2.938],[29.6224,69.9245,0.0],[29.6172,69.9245,0.0],[29.6188,69.9229,0.0]]],
[[[29.7583,70.0667,4.8771],[29.7542,70.0667,3.0138],[29.7526,70.0651,7.1185],[29.7547,70.063,0.0],[29.7583,70.0625,0.0],[29.7625,70.0646,2.3854],[29.7703,70.0651,2.7166],[29.7687,70.0667,2.5454],[29.7583,70.0667,4.8771]]],
[[[30.1,70.0667,0.0],[30.1036,70.0672,0.0],[30.1036,70.0682,8.4369],[30.0984,70.0682,0.0],[30.1,70.0667,0.0]]],
[[[29.2563,70.0188,0.0],[29.2599,70.0193,0.0],[29.2599,70.0203,0.0],[29.2547,70.0203,0.0],[29.2563,70.0188,0.0]]],
[[[29.3229,70.0229,11.9737],[29.3266,70.0234,0.0],[29.3266,70.0245,8.6322],[29.3214,70.0245,19.4899],[29.3229,70.0229,11.9737]]],
[[[29.1891,70.0568,0.0],[29.1818,70.0505,0.0],[29.187,70.0505,0.0],[29.1953,70.0578,0.0],[29.1917,70.0583,0.0],[29.1891,70.0568,0.0]]],
[[[29.1188,70.0563,0.0],[29.1224,70.0568,0.0],[29.1224,70.0578,0.0],[29.1172,70.0578,0.0],[29.1188,70.0563,0.0]]],
[[[28.1292,70.4792,0.0],[28.1328,70.4797,0.0],[28.1328,70.4807,0.0],[28.1276,70.4807,0.0],[28.1292,70.4792,0.0]]],
[[[27.9938,70.4938,0.0],[27.9833,70.4938,0.0],[27.9818,70.4922,2.2307],[28.0057,70.4922,0.0],[28.0042,70.4938,0.0],[27.9938,70.4938,0.0]]],
[[[28.5182,70.4922,68.5383],[28.5167,70.4938,0.0],[28.513,70.4932,0.0],[28.5146,70.4917,76.3111],[28.5182,70.4922,68.5383]]],
[[[25.4354,70.2896,3.7011],[25.4391,70.2901,4.5974],[25.4391,70.2911,14.1024],[25.4339,70.2911,0.0],[25.4354,70.2896,3.7011]]],
[[[25.4438,70.2917,2.0917],[25.4474,70.2922,0.517],[25.4474,70.2932,3.7105],[25.4422,70.2932,23.9075],[25.4438,70.2917,2.0917]]],
[[[25.3771,70.2958,0.0],[25.3672,70.2922,0.0],[25.3896,70.2917,0.0],[25.3932,70.2943,17.7312],[25.3917,70.2958,27.0884],[25.3771,70.2958,0.0]]],
[[[25.3271,70.3021,11.3335],[25.3307,70.3026,7.5481],[25.3307,70.3037,15.2865],[25.3255,70.3037,7.5776],[25.3271,70.3021,11.3335]]],
[[[26.6245,70.4432,12.7056],[26.6083,70.4479,0.0],[26.6,70.4479,0.0],[26.5901,70.4453,12.2651],[26.5771,70.4354,59.3193],[26.5589,70.4349,20.8638],[26.5599,70.4318,16.2299],[26.5589,70.4297,0.0],[26.562,70.4276,126.1786],[26.5526,70.4266,29.1154],[26.5484,70.4224,7.4498],[26.5495,70.4193,8.2475],[26.5484,70.4172,0.0],[26.5708,70.4167,0.0],[26.5833,70.4208,19.2459],[26.5911,70.4213,0.0],[26.5854,70.425,0.0],[26.5776,70.4255,67.7595],[26.5792,70.4271,29.4941],[26.587,70.4276,0.0],[26.5911,70.4318,0.0],[26.5839,70.4349,0.0],[26.5938,70.4375,19.0608],[26.6042,70.4375,0.0],[26.6104,70.4417,30.7474],[26.6167,70.4396,0.0],[26.6266,70.4401,0.0],[26.6245,70.4432,12.7056]]],
[[[26.5625,70.4396,0.0],[26.5661,70.4401,0.0],[26.5661,70.4411,0.0],[26.5609,70.4411,0.0],[26.5625,70.4396,0.0]]],
[[[26.5833,70.4521,0.0],[26.587,70.4526,0.0],[26.587,70.4537,0.0],[26.5818,70.4537,0.0],[26.5833,70.4521,0.0]]],
[[[26.987,70.4724,0.0],[26.9818,70.4724,0.0],[26.9776,70.4693,0.0],[26.9828,70.4693,0.0],[26.987,70.4724,0.0]]],
[[[26.8833,70.4854,0.0],[26.887,70.4859,0.0],[26.887,70.487,0.0],[26.8818,70.487,0.0],[26.8833,70.4854,0.0]]],
[[[26.962,70.4912,0.0],[26.9568,70.4912,0.0],[26.9526,70.488,0.0],[26.9578,70.488,0.0],[26.962,70.4912,0.0]]],
[[[26.7708,70.5,48.0279],[26.7667,70.5021,0.0],[26.7563,70.5021,33.0864],[26.7521,70.5042,20.8019],[26.7438,70.5042,55.8968],[26.738,70.5016,7.4113],[26.7396,70.5,4.0344],[26.7536,70.4995,0.0],[26.7667,70.4917,0.0],[26.7786,70.4943,0.0],[26.7776,70.4974,4.9951],[26.7786,70.4995,4.5216],[26.7708,70.5,48.0279]]],
[[[26.9016,70.5151,0.0],[26.9,70.5167,0.0],[26.8875,70.5167,38.4437],[26.8812,70.5188,0.0],[26.8688,70.5146,9.5509],[26.8625,70.5146,0.0],[26.8583,70.5125,0.0],[26.8458,70.5104,0.0],[26.8443,70.5089,3.4454],[26.8479,70.5062,0.0],[26.8563,70.5062,0.0],[26.8604,70.5083,6.6466],[26.8854,70.5083,0.0],[26.8953,70.5109,9.4504],[26.9016,70.5151,0.0]]],
[[[28.7583,70.1292,0.0],[28.7708,70.1292,0.0],[28.7745,70.1328,6.7692],[28.7708,70.1333,8.1112],[28.7667,70.1312,9.4188],[28.7521,70.1312,8.0343],[28.7479,70.1333,0.0],[28.738,70.1328,3.7943],[28.7437,70.1292,0.0],[28.7583,70.1292,0.0]]],
[[[28.7938,70.1333,0.0],[28.8,70.1333,0.0],[28.8016,70.1349,14.6665],[28.7917,70.1375,5.027],[28.788,70.137,8.9542],[28.7901,70.1339,4.731],[28.7938,70.1333,0.0]]],
[[[28.8312,70.1396,0.0],[28.8349,70.1401,0.0],[28.8349,70.1412,0.0],[28.8297,70.1412,0.0],[28.8312,70.1396,0.0]]],
[[[30.15,70.0771,0.0],[30.1333,70.0771,5.4112],[30.1271,70.0792,0.0],[30.1208,70.0771,0.0],[30.1167,70.0792,0.0],[30.1083,70.0792,0.0],[30.1068,70.0787,0.0],[30.1078,70.0755,16.5266],[30.1005,70.0745,0.0],[30.0984,70.0714,0.0],[30.1083,70.0687,0.0],[30.1417,70.0687,0.0],[30.1458,70.0708,14.9439],[30.1521,70.0687,0.0],[30.1661,70.0693,4.4961],[30.1646,70.0708,4.6144],[30.1589,70.0714,11.9629],[30.15,70.0771,0.0]]],
[[[30.2453,70.087,0.0],[30.2479,70.0854,0.0],[30.2578,70.0859,0.0],[30.2542,70.0896,0.0],[30.238,70.0891,2.3138],[30.2396,70.0875,0.0],[30.2453,70.087,0.0]]],
[[[31.087,70.3912,4.8329],[31.0818,70.3943,0.0],[31.0849,70.3974,1.9243],[31.0818,70.3984,0.0],[31.0766,70.4036,15.0403],[31.0667,70.4042,7.6724],[31.0609,70.4016,0.0],[31.063,70.3984,0.0],[31.0724,70.3974,17.4965],[31.0672,70.3922,0.0],[31.0786,70.3849,0.0],[31.0755,70.3818,0.0],[31.0807,70.3786,6.7323],[31.0797,70.3755,0.0],[31.087,70.3745,7.8908],[31.0891,70.3724,0.0],[31.088,70.3651,0.0],[31.0979,70.3646,5.7269],[31.1021,70.3667,8.0725],[31.1104,70.3667,0.0],[31.1146,70.3646,10.3864],[31.1328,70.363,0.0],[31.1307,70.3662,0.0],[31.1276,70.3672,48.8339],[31.1307,70.3703,0.0],[31.1229,70.3708,30.1687],[31.1188,70.3729,26.9726],[31.1083,70.3729,5.1335],[31.1026,70.3755,0.0],[31.0922,70.3839,0.0],[31.0932,70.387,0.0],[31.087,70.3912,4.8329]]],
[[[31.1604,70.3854,0.0],[31.162,70.387,13.139099999999999],[31.1599,70.3891,18.183],[31.1505,70.3901,0.0],[31.1484,70.3922,9.7448],[31.1495,70.3953,2.1062],[31.1479,70.3958,4.107],[31.1333,70.3958,38.0054],[31.1286,70.3922,56.7888],[31.1193,70.3912,13.7145],[31.1234,70.388,0.0],[31.1333,70.3854,0.0],[31.15,70.3854,10.72],[31.1562,70.3833,0.0],[31.1604,70.3854,0.0]]],
[[[29.5417,70.7125,0.0],[29.5359,70.712,0.0],[29.5318,70.7089,0.0],[29.5438,70.7083,0.0],[29.5536,70.7109,0.0],[29.5479,70.7146,0.0],[29.5417,70.7125,0.0]]],
[[[27.8016,70.6255,12.5822],[27.8,70.6271,0.0],[27.7964,70.6266,0.0],[27.7979,70.625,28.8891],[27.8016,70.6255,12.5822]]],
[[[28.1521,70.7,0.0],[28.1464,70.6974,0.0],[28.1443,70.6943,0.0],[28.1495,70.6943,0.0],[28.1557,70.6984,0.0],[28.1521,70.7,0.0]]],
[[[28.2146,70.7312,0.0],[28.2089,70.7286,0.0],[28.2068,70.7255,0.0],[28.212,70.7255,0.0],[28.2182,70.7297,0.0],[28.2146,70.7312,0.0]]],
[[[26.9474,70.5557,29.8366],[26.95,70.5542,0.0],[26.9599,70.5547,5.6427],[26.9568,70.5578,23.5466],[26.9599,70.5599,0.0],[26.9318,70.5578,5.897],[26.9333,70.5563,8.6113],[26.9474,70.5557,29.8366]]],
[[[26.65,70.5813,0.0],[26.6401,70.5776,0.0],[26.6516,70.5776,0.0],[26.6536,70.5807,0.0],[26.65,70.5813,0.0]]],
[[[26.9349,70.5839,51.7114],[26.9313,70.5854,18.6867],[26.9276,70.5818,10.573],[26.9313,70.5813,12.3947],[26.9349,70.5839,51.7114]]],
[[[28.0667,70.5062,0.0],[28.0625,70.5062,0.0],[28.0609,70.5047,0.0],[28.0688,70.5021,0.0],[28.0766,70.5068,0.0],[28.0786,70.5099,0.0],[28.075,70.5104,0.0],[28.0703,70.5068,0.0],[28.0667,70.5062,0.0]]],
[[[28.087,70.5151,0.0],[28.0833,70.5167,0.0],[28.0797,70.513,0.0],[28.0833,70.5125,0.0],[28.087,70.5151,0.0]]],
[[[28.4271,70.5896,0.0],[28.4307,70.5901,0.0],[28.4307,70.5911,0.0],[28.4255,70.5911,0.0],[28.4271,70.5896,0.0]]],
[[[26.8954,70.586,41.4348],[26.8922,70.5839,13.9889],[26.9,70.5813,0.0],[26.9089,70.587,0.0],[26.9161,70.588,0.0],[26.9224,70.5932,0.0],[26.9151,70.5964,6.8383],[26.912,70.5995,3.2356],[26.9021,70.6,8.7396],[26.8964,70.5964,0.0],[26.9036,70.5932,0.0],[26.9057,70.5901,9.8289],[26.9036,70.588,11.5984],[26.8954,70.586,41.4348]]],
[[[26.9547,70.6078,7.7445],[26.9646,70.6021,0.0],[26.9745,70.6026,0.0],[26.9786,70.6068,0.0],[26.9766,70.6099,0.0],[26.9708,70.6125,14.931],[26.9672,70.612,63.7229],[26.9625,70.6083,47.5132],[26.9547,70.6078,7.7445]]],
[[[26.4833,70.6667,0.0],[26.475,70.6667,0.0],[26.4734,70.6651,19.3182],[26.4849,70.6651,42.6688],[26.4833,70.6667,0.0]]],
[[[26.4229,70.6687,0.0],[26.4193,70.6682,0.0],[26.4172,70.6651,0.0],[26.4193,70.663,0.0],[26.4229,70.6625,0.0],[26.4286,70.6651,0.0],[26.4286,70.6661,0.0],[26.4229,70.6687,0.0]]],
[[[26.4078,70.6703,0.0],[26.3979,70.6708,0.0],[26.3964,70.6693,0.0],[26.4063,70.6687,0.0],[26.4078,70.6703,0.0]]],
[[[26.5708,70.6708,0.0],[26.5745,70.6713,0.0],[26.5745,70.6724,0.6334],[26.5693,70.6724,4.2371],[26.5708,70.6708,0.0]]],
[[[26.4724,70.6755,0.0],[26.4688,70.6771,0.0],[26.4651,70.6734,0.0],[26.4688,70.6729,0.0],[26.4724,70.6755,0.0]]],
[[[26.6083,70.6708,3.2521],[26.6146,70.6687,0.0],[26.6245,70.6713,0.0],[26.6234,70.6745,0.0],[26.6245,70.6766,0.0],[26.6214,70.6787,40.3299],[26.6245,70.6797,1.74],[26.6286,70.6849,0.0],[26.625,70.6875,9.8391],[26.6146,70.6875,0.0],[26.6099,70.6839,0.0],[26.6042,70.6833,0.0],[26.5984,70.6807,0.0],[26.5943,70.6766,0.0],[26.5974,70.6734,5.9075],[26.5833,70.6729,0.7318],[26.5797,70.6693,0.0],[26.5958,70.6687,0.0],[26.6,70.6708,0.0],[26.6083,70.6708,3.2521]]],
[[[29.6004,70.7125,74.2274],[29.5984,70.7109,117.0943],[29.6036,70.7109,153.6503],[29.6036,70.712,110.2703],[29.6004,70.7125,74.2274]]],
[[[29.5125,70.7167,12.3195],[29.5109,70.7151,16.8252],[29.513,70.713,0.0],[29.5182,70.713,0.0],[29.5161,70.7161,7.8692],[29.5125,70.7167,12.3195]]],
[[[29.462,70.7141,0.0],[29.4667,70.7125,0.0],[29.4724,70.7161,0.0],[29.4646,70.7188,0.0],[29.4604,70.7167,88.21],[29.4464,70.7161,0.0],[29.4479,70.7146,5.5152],[29.462,70.7141,0.0]]],
[[[29.4521,70.725,8.1836],[29.4479,70.725,0.0],[29.4464,70.7234,1.9848],[29.4562,70.7229,0.0],[29.462,70.7266,5.6947],[29.4583,70.7271,0.0],[29.4521,70.725,8.1836]]],
[[[29.375,70.7229,0.0],[29.3797,70.7266,7.2017],[29.3875,70.7271,8.18],[29.3891,70.7286,39.1714],[29.3729,70.7292,39.5354],[29.3667,70.7271,59.6346],[29.3625,70.7292,48.4299],[29.3542,70.7292,2.6981],[29.3464,70.7245,3.2456],[29.3479,70.7229,3.4774],[29.375,70.7229,0.0]]],
[[[29.4161,70.7307,0.0],[29.4125,70.7312,8.7275],[29.4109,70.7297,0.0],[29.4146,70.7292,0.0],[29.4161,70.7307,0.0]]],
[[[29.4078,70.7328,5.4168],[29.4042,70.7333,0.0],[29.4026,70.7318,9.6883],[29.4063,70.7312,16.7267],[29.4078,70.7328,5.4168]]],
[[[28.2797,70.7286,0.0],[28.2807,70.7307,0.0],[28.2729,70.7312,0.0],[28.2714,70.7328,0.0],[28.2828,70.737,0.0],[28.2729,70.7375,0.0],[28.2651,70.7328,0.0],[28.2609,70.7276,0.0],[28.2729,70.725,0.0],[28.2797,70.7286,0.0]]],
[[[28.3099,70.7318,0.0],[28.3083,70.7333,0.0],[28.3047,70.7328,0.0],[28.3063,70.7312,0.0],[28.3099,70.7318,0.0]]],
[[[29.337,70.7401,0.0],[29.3354,70.7417,12.3419],[29.3318,70.7412,0.0],[29.3333,70.7396,0.0],[29.337,70.7401,0.0]]],
[[[27.3146,70.7562,0.0],[27.3083,70.7562,0.0],[27.3068,70.7547,0.0],[27.3182,70.7547,0.0],[27.3146,70.7562,0.0]]]]}}